####
#
# OBJ File Generated by Meshlab
#
####
# Object r_link_1_0.obj
#
# Vertices: 1287
# Faces: 2596
#
####
mtllib ./r_link_1_0.obj.mtl

vn 0.4272435829564200 3.1001754871320082 2.9674539973884779
v 0.0003620000000000 0.0027260000000000 -0.0184000000000000
vn -0.1336592397100531 3.1272972443788776 2.9792514699127488
v -0.0001170000000000 0.0027480000000000 -0.0184000000000000
vn -2.3907567581571652 5.7335816188788611 0.2880748920752808
v -0.0011284230769231 0.0024989615384615 -0.0197130000000000
vn -3.5488085659962816 5.1280230975100878 -0.1910356419621263
v -0.0016412352941176 0.0022031176470588 -0.0203690000000000
vn 1.3106397655766511 5.9801234196263318 -0.0100242883169554
v 0.0002708000000000 0.0014646000000000 -0.0150350800000000
vn -1.1613327548484595 6.0048938314089941 0.4343687113637685
v -0.0003038260869565 0.0014596086956522 -0.0143170000000000
vn -2.8689911396717238 5.4816691291012498 0.0017600169712593
v -0.0006520000000000 0.0013510000000000 -0.0151330000000000
vn 0.0000000000000085 0.0000000000000055 6.2831853071795862
v 0.0019990000000000 0.0001310000000000 -0.0184000000000000
vn 3.1021393931338386 -0.3262868416772829 2.8968493162598694
v 0.0027260000000000 -0.0003620000000000 -0.0184000000000000
vn 5.9650327096358229 -1.8364431980544504 -0.1765411040049597
v 0.0026163333333333 -0.0008363333333333 -0.0203690000000000
vn 5.5833709468252462 -2.8205994060098663 -0.0128233704615129
v 0.0024760909090909 -0.0011940909090909 -0.0197130000000000
vn 5.0051036234102924 -3.7296895279732256 -0.2605156330074345
v 0.0021797857142857 -0.0016627142857143 -0.0203690000000000
vn 6.0714900398160729 1.1437788182455852 0.0033355529158804
v 0.0014405862068966 0.0003664827586207 -0.0151330000000000
vn 6.0700791034530486 -1.0618167750821730 0.1435461690171284
v 0.0014428571428571 -0.0003515000000000 -0.0143170000000000
vn 3.0388597547881586 -2.0645036418808793 2.6943853296534499
v 0.0012585000000000 -0.0007695000000000 -0.0134750000000000
vn 0.5210074286118910 -3.0264297588329718 2.7133116459206574
v 0.0001170000000000 -0.0027480000000000 -0.0184000000000000
vn -1.2753463611344995 2.2325471926871385 4.6010254410570219
v -0.0018200000000000 0.0016903750000000 -0.0184000000000000
vn -2.9544644814599441 -0.7490745603887313 2.7612594729322892
v -0.0027186000000000 -0.0003386666666667 -0.0184000000000000
vn -0.4945927648946386 -3.0833676978970583 2.9425930772741360
v -0.0003620000000000 -0.0027260000000000 -0.0184000000000000
vn -5.8153201210748566 -2.1778823564362870 -0.2526905665310015
v -0.0025593448275862 -0.0009826896551724 -0.0203690000000000
vn -5.0358831040986605 -3.6296426905167243 0.2569045071689035
v -0.0022385714285714 -0.0015885714285714 -0.0197130000000000
vn -3.6172296514537257 -5.1034520543753796 0.0015452155032380
v -0.0016546875000000 -0.0021927500000000 -0.0197130000000000
vn -2.4597955761013952 -5.7103402948908801 -0.2971843477619241
v -0.0011210000000000 -0.0025014285714286 -0.0203690000000000
vn -2.0704566183810846 2.3087907106426302 3.4611299678184615
v -0.0010889000000000 0.0009867000000000 -0.0184000000000000
vn -5.5059088181369162 2.8220890982392830 0.3648736181043635
v -0.0013895454545455 0.0005601818181818 -0.0175830000000000
vn -6.1836193136871023 0.7372638625008100 0.0010609678496270
v -0.0014816666666667 0.0001993333333333 -0.0167670000000000
vn -6.1404136066893509 -1.0737578483542394 0.2243851129885552
v -0.0014783333333333 -0.0002271333333333 -0.0175830000000000
vn -5.4852465536775661 -2.8460486408035943 -0.0041740148410499
v -0.0013510000000000 -0.0006520000000000 -0.0167670000000000
vn -2.8815904583040535 -5.4847211270517731 -0.0020805931496220
v -0.0006360000000000 -0.0013590000000000 -0.0167670000000000
vn -1.6575371941309309 -6.0325355112259818 -0.0141304023372840
v -0.0004230000000000 -0.0014370000000000 -0.0175830000000000
vn 2.1239200961119074 2.2867799749566524 -3.2375411424796612
v -0.0009530000000000 -0.0008440000000000 -0.0214000000000000
vn -1.9904511220870407 -2.4276199002354488 -3.1727923717342801
v 0.0009530000000000 0.0008440000000000 -0.0214000000000000
vn -0.3500730246173032 -2.6643163448161324 -2.0525200543982183
v 0.0001900000000000 0.0014310000000000 -0.0201000000000000
vn 1.5555440158857015 -4.0561595417466698 -2.9318547476943637
v -0.0003785625000000 0.0011812500000000 -0.0201000000000000
vn -1.2835551804189360 0.5444720007203758 0.3293198351673954
v 0.0011540000000000 -0.0004800000000000 -0.0201000000000000
vn -3.7704824371507231 -1.0866564634158296 -2.5574900647452141
v 0.0012908181818182 0.0003741818181818 -0.0201000000000000
vn 0.0000000000000000 0.0000000000000000 0.0000000000000000
v 0.0001100000000000 0.0008260000000000 -0.0198590000000000
vn -2.8289654609871842 -0.8834560377208696 -5.4466726090037243
v 0.0006145000000000 0.0000985000000000 -0.0197390000000000
vn -1.4453706709120522 -1.0213027210373118 -5.6453792397456670
v -0.0017056875000000 -0.0016420625000000 -0.0214000000000000
vn 1.3431371685497284 -2.2569958821791332 4.4196135772645562
v 0.0018168888888889 -0.0016611111111111 -0.0184000000000000
vn 2.1449903442404690 -2.2705427818091124 3.3609429141755731
v 0.0009644615384615 -0.0011346153846154 -0.0184000000000000
vn 1.0662148226329924 1.0659754147641747 -5.8518952831498092
v 0.0016226666666667 0.0017151428571429 -0.0214000000000000
vn 1.2431888276421750 -6.0184065221592924 -0.0289017232116168
v 0.0002400333333333 -0.0014671333333333 -0.0167670000000000
vn -3.0784708236746283 0.4257410299763152 2.8390838452897915
v -0.0027260000000000 0.0003620000000000 -0.0184000000000000
vn -0.8973257592696099 -6.2139423172025818 -0.0041907819571676
v -0.0003620000000000 -0.0027260000000000 -0.0192750000000000
vn -5.8199745106172589 -2.2126962562544015 0.1453630650007490
v -0.0025590370370370 -0.0009825925925926 -0.0197130000000000
vn -5.1799639393434385 -3.4833724899324832 -0.1057584246591279
v -0.0022365000000000 -0.0015911363636364 -0.0203690000000000
vn -3.6371984546578018 -5.0774515874006703 -0.1171528597731872
v -0.0016552352941176 -0.0021925294117647 -0.0203690000000000
vn -2.6141854372996693 -5.6822928590572168 0.0067139927115780
v -0.0011205769230769 -0.0025016153846154 -0.0197130000000000
vn -5.5840208358727601 2.6311700295787572 -0.0014861536827908
v -0.0013870000000000 0.0005665000000000 -0.0167670000000000
vn -6.1737221064699517 0.7048066890465892 0.6742754793418255
v -0.0014820000000000 0.0001991875000000 -0.0175830000000000
vn -6.1483390943057064 -0.9578990325083453 -0.0068919432799739
v -0.0014750000000000 -0.0002442105263158 -0.0167670000000000
vn -5.4927697403950813 -2.8373752713888876 0.0320665760224195
v -0.0013510000000000 -0.0006520000000000 -0.0175830000000000
vn -2.9488655265708377 -5.4628621508695492 -0.0278943480506067
v -0.0006360000000000 -0.0013590000000000 -0.0175830000000000
vn -1.0567155921849143 -6.1260368321009082 -0.0390679909931197
v -0.0003394444444444 -0.0014561111111111 -0.0169030000000000
vn -4.5437274903722775 0.7925671332570824 -2.7212946814082910
v 0.0012390000000000 -0.0001640000000000 -0.0201000000000000
vn -0.2818781637728117 -1.2105235738392350 -6.0157264445756216
v 0.0003363636363636 0.0011926363636364 -0.0201000000000000
vn -1.1450926883367556 -1.1721044423331006 -5.8154940771145540
v 0.0011550000000000 0.0004770000000000 -0.0201000000000000
vn -2.8191042338540333 1.0854422416151486 -5.4157245531419420
v 0.0006066666666667 -0.0001375555555556 -0.0197390000000000
vn -0.3620378038534646 -0.5156186075641201 -6.2029690496108127
v -0.0011018846153846 -0.0017508076923077 -0.0214000000000000
vn -0.6974899608313235 -0.5599104828895778 -6.1391283502017924
v -0.0018760000000000 -0.0009717142857143 -0.0214000000000000
vn -3.0632516192533852 -2.8834701541479837 -3.5205652143757673
v -0.0018677500000000 -0.0018276250000000 -0.0212707500000000
vn 2.7108756064828468 -1.4678747772099279 3.5127609073427024
v 0.0013200000000000 -0.0007120000000000 -0.0184000000000000
vn -0.0000000000000071 0.0000000000000217 -6.2831853071795862
v 0.0009440000000000 0.0017634814814815 -0.0214000000000000
vn 0.0000000000001876 -0.0000000000001356 -6.2831853071795862
v 0.0018160000000000 0.0007860000000000 -0.0214000000000000
vn 0.9024922229073686 -6.0753201699864556 0.5220599348323646
v 0.0002299259259259 -0.0014677777777778 -0.0175830000000000
vn 1.8352480514279610 2.4868934049190021 -4.2368186907942311
v 0.0017415000000000 0.0019022500000000 -0.0213290000000000
vn 0.9304101660618941 -2.9849638797073990 3.3998571505125343
v 0.0008480869565217 -0.0024578260869565 -0.0184000000000000
vn 0.2691895958726717 -2.5911458940091325 4.5984309475828429
v 0.0002634400000000 -0.0016676400000000 -0.0184000000000000
vn -2.8862135124052526 1.1841959987613140 2.9048219993417508
v -0.0025300000000000 0.0010510000000000 -0.0184000000000000
vn -4.4602200497425839 -4.3635797993665975 -0.2530448092648876
v -0.0019505000000000 -0.0019370000000000 -0.0203690000000000
vn -2.6246933479942829 0.6561156470955617 4.3942563389588134
v -0.0016424347826087 0.0003573043478261 -0.0184000000000000
vn -2.7040881090805242 -1.5202898185356559 3.4593360869651333
v -0.0013360000000000 -0.0006820000000000 -0.0184000000000000
vn -4.4432169561954993 4.3454877652106436 -0.0039224806045826
v -0.0010220645161290 0.0010698064516129 -0.0167670000000000
vn 2.9199707274650692 3.3570155076532773 -2.8692782122923930
v -0.0008504615384615 -0.0009021538461538 -0.0201000000000000
vn -2.9793332396305328 0.9200091457256032 -3.2208774746244946
v 0.0012070000000000 -0.0004030000000000 -0.0214000000000000
vn -2.2610718622595316 -0.1373858344499271 -4.9932357253008135
v 0.0015259090909091 0.0002999545454545 -0.0214000000000000
vn -0.4420347488773975 -1.4675846612584409 -5.5937435359147685
v 0.0003121250000000 0.0017060000000000 -0.0214000000000000
vn 1.3362171053229261 -2.8342998794522716 -3.1208661314751929
v -0.0004940769230769 0.0011484615384615 -0.0214000000000000
vn -2.9476638371341974 -3.3064674733583677 -2.8826566803420737
v 0.0008504615384615 0.0009021538461538 -0.0201000000000000
vn -1.0596697535664548 2.6009701987706202 -5.4700243562290147
v 0.0002580000000000 -0.0004959705882353 -0.0197248823529412
vn -2.7345942578368927 -0.9397720716847437 -3.6564703132753675
v -0.0010640000000000 -0.0021205000000000 -0.0214000000000000
vn -1.4637777187330092 -1.4847641114938548 -5.2964357225419194
v -0.0021800000000000 -0.0008653333333333 -0.0214000000000000
vn -3.0441723776802192 -4.2422416981164117 -2.1272193049145778
v -0.0015827105263158 -0.0022100526315789 -0.0211151052631579
vn -4.3073689744195072 -2.9351906846302285 -2.1257401722118132
v -0.0022460526315789 -0.0015320000000000 -0.0211151052631579
vn 4.2904132771154906 4.5113172839844564 -0.2567841296659342
v 0.0018970000000000 0.0019910000000000 -0.0203690000000000
vn 5.2372115794872736 -3.2436860072720508 0.0277999271586069
v 0.0012890000000000 -0.0007680000000000 -0.0175830000000000
vn 3.5179340967949195 -5.0443261681559584 0.0196362229186744
v 0.0008987741935484 -0.0011826451612903 -0.0167670000000000
vn 1.9374588190450208 -1.6981756581847245 -5.4908268494973784
v -0.0004308484848485 0.0003850000000000 -0.0197390000000000
vn -1.6224191333986295 2.3090445140185252 2.3961458823121355
v -0.0021800000000000 0.0016760000000000 -0.0184000000000000
vn -4.5722335812891020 -4.1946383589130063 0.3971820188393855
v -0.0019456363636364 -0.0019419090909091 -0.0197130000000000
vn -2.9997981360844692 -0.9186679873059118 3.2619989892618921
v -0.0014600000000000 -0.0003430000000000 -0.0184000000000000
vn -1.0461154038116172 -2.9299020223028411 3.4182644071454158
v -0.0003854615384615 -0.0014385384615385 -0.0184000000000000
vn -4.3629260906086076 4.4023117682381727 -0.1477038484473683
v -0.0010261071428571 0.0010614285714286 -0.0175830000000000
vn -4.9437562099211165 -2.2263464627298597 -0.4322621949980412
v 0.0013340000000000 0.0005510000000000 -0.0207500000000000
vn -2.2211522671604680 -2.1484669261565017 -2.9875239349335154
v 0.0005710000000000 0.0011380000000000 -0.0214000000000000
vn -0.6961658201215388 -5.3597995355388024 -0.5870733911746052
v 0.0001900000000000 0.0014310000000000 -0.0207500000000000
vn -1.1308279579449720 -2.6246345521783256 -5.4251775800655109
v 0.0002783235294118 0.0004798235294118 -0.0197248823529412
vn -1.8763849078583061 -4.2385522519401011 -2.9826497347980458
v -0.0010750000000000 -0.0024174193548387 -0.0212114032258065
vn -4.0928240568275083 -1.6733771370899662 -3.1184361236767884
v -0.0024443064516129 -0.0010131774193548 -0.0212114032258065
vn 1.7022036477256828 -2.2746529823961485 2.2533338232391826
v 0.0014750000000000 -0.0023210000000000 -0.0184000000000000
vn 0.0000000000000222 0.0000000000000271 -6.2831853071795871
v -0.0002810000000000 0.0017485000000000 -0.0214000000000000
vn 0.0000000000000688 -0.0000000000000068 -6.2831853071795862
v 0.0016615454545455 -0.0003761818181818 -0.0214000000000000
vn 4.3026851628012324 4.5319844150926274 0.0420818391828734
v 0.0018970000000000 0.0019910000000000 -0.0197130000000000
vn 5.2381013488851114 -3.2345657394557992 -0.0023555463949786
v 0.0012890000000000 -0.0007680000000000 -0.0167670000000000
vn 3.6349169641951495 -4.9903216512998423 0.2359106309756058
v 0.0008833846153846 -0.0011961153846154 -0.0175830000000000
vn 2.1242996890668859 1.4941674678164940 -5.5057577579676780
v -0.0004594705882353 -0.0003500882352941 -0.0197390000000000
vn -2.2240910205136801 -1.2011320587872456 4.6474179020066044
v -0.0016748823529412 -0.0018183529411765 -0.0184000000000000
vn -5.1901981165296380 3.4841303844327602 -0.0154526034852192
v -0.0022332857142857 0.0015957142857143 -0.0197130000000000
vn -5.8078749753105958 2.1776923411877567 -0.2814642594585436
v -0.0025607931034483 0.0009768965517241 -0.0203690000000000
vn -2.0378753236605434 -2.3213635203312069 3.4882584628467010
v -0.0010089333333333 -0.0010954000000000 -0.0184000000000000
vn 1.3343982100466467 5.9684656394745419 -0.0094638843264475
v 0.0002769565217391 0.0014654347826087 -0.0168734347826087
vn -0.9489362888622339 6.1369108492079256 -0.0171764315402542
v -0.0003104761904762 0.0014588571428571 -0.0175830000000000
vn -2.8355646547587559 5.4999824592663691 0.0049865574535374
v -0.0006520000000000 0.0013510000000000 -0.0167670000000000
vn -1.8070963854825606 2.4186993450780259 -3.5063568000610865
v 0.0008844166666667 -0.0009873333333333 -0.0214000000000000
vn 3.9059507627423575 1.0822283115924558 -2.8005894921062167
v -0.0012428823529412 -0.0004104705882353 -0.0201000000000000
vn 2.1569687395178931 -1.6574921004136343 -4.1893538201792468
v -0.0011440000000000 0.0008800000000000 -0.0214000000000000
vn 0.3221450113574442 1.2181471985181767 -6.0056204029033662
v -0.0003363636363636 -0.0011926363636364 -0.0201000000000000
vn -0.3202321036436910 -1.8462007269767016 -5.6464270236050034
v -0.0005606250000000 -0.0023011250000000 -0.0214000000000000
vn -1.6308066723210901 -0.2080498482005462 -5.8166634350264186
v -0.0022796086956522 -0.0002976521739130 -0.0214000000000000
vn -1.4325984177961593 1.1556029390094504 -5.5739752609955096
v -0.0017411250000000 0.0016048750000000 -0.0214000000000000
vn -4.6497729161625827 0.5256117749682698 -2.8269725766247600
v -0.0026298289473684 0.0003347105263158 -0.0212090394736842
vn 2.0298290523335809 2.2929899989494240 3.5583204326548037
v 0.0010000000000000 0.0011035000000000 -0.0184000000000000
vn 0.0000000000000110 0.0000000000000032 6.2831853071795853
v 0.0014270000000000 0.0017920000000000 -0.0184000000000000
vn 1.1703466087268317 -0.7793221056037297 -5.9185077269976576
v 0.0016596666666667 -0.0016799047619048 -0.0214000000000000
vn 3.3831952710476330 -5.1882744820598043 0.3853840665306241
v 0.0015164444444444 -0.0022840000000000 -0.0197130000000000
vn 2.1443068110604955 -5.8226733344034853 -0.3541146506813070
v 0.0009093043478261 -0.0025896956521739 -0.0203690000000000
vn 0.6810069454414920 -4.0050083711208035 -3.7539043127829288
v 0.0002680178571429 -0.0026082500000000 -0.0212570178571428
vn -0.6795216228386577 -5.6437951146964060 -1.4293380098855271
v -0.0001350000000000 -0.0027470000000000 -0.0210250000000000
vn 6.0831639402127271 1.0925504209788885 -0.0017191644681760
v 0.0014452400000000 0.0003420800000000 -0.0167670000000000
vn 6.0918240418943421 -1.0955214639170745 0.0531890708274727
v 0.0014443333333333 -0.0003464444444444 -0.0175830000000000
vn -2.3344776405419685 -1.4788510920783775 2.3130493925284412
v -0.0023210000000000 -0.0014750000000000 -0.0184000000000000
vn -2.3155236501443133 -1.5644233500165596 2.3621459651608472
v -0.0016760000000000 -0.0021800000000000 -0.0184000000000000
vn -4.2803673948414573 4.4992669325787045 0.3702823707351658
v -0.0019419090909091 0.0019456363636364 -0.0197130000000000
vn -6.1478715877339667 0.7216021348936050 -0.3432929130729521
v -0.0027291818181818 0.0002948181818182 -0.0203690000000000
vn -6.1877582055950313 -0.7707626930968101 0.0124493456007098
v -0.0027266190476190 -0.0003155238095238 -0.0197130000000000
vn -1.6038825877876897 -6.0555591665007817 -0.0092349794961291
v -0.0006060000000000 -0.0026810000000000 -0.0197130000000000
vn -0.7691410434366908 2.9356244136964573 3.5939278909486081
v -0.0003282666666667 0.0014522666666667 -0.0184000000000000
vn -4.4068084278422592 -4.4087426448705651 0.0419476377659883
v -0.0010479687500000 -0.0010438750000000 -0.0175830000000000
vn 0.3969680951147320 1.1693004223794576 -5.7876077932198955
v -0.0003705000000000 -0.0017594000000000 -0.0214000000000000
vn -1.4488589131246172 2.7672820444038120 -3.0713431518133008
v 0.0002550000000000 -0.0012470000000000 -0.0214000000000000
vn 4.9173279627445083 2.0519664031637777 -0.1301447638236884
v -0.0013340000000000 -0.0005510000000000 -0.0207500000000000
vn 3.1142949656375296 -0.4132387536105233 -3.1397055629373987
v -0.0012070000000000 0.0004030000000000 -0.0214000000000000
vn -4.2042269627063060 1.8840842474873838 -2.8154768127262990
v -0.0024539636363636 0.0010409636363636 -0.0211912181818182
vn 3.0719139855094002 -0.2976728088855831 3.5229569792555591
v 0.0014760000000000 -0.0001960000000000 -0.0184000000000000
vn -0.0000000000000723 0.0000000000000089 -6.2831853071795862
v -0.0018695555555556 -0.0001892222222222 -0.0214000000000000
vn 4.1782828326064214 -4.4869972589590059 0.6799808043878535
v 0.0018830000000000 -0.0020040000000000 -0.0197130000000000
vn 1.2708704247678766 -6.0920956516966971 -0.3287873229387347
v 0.0004651818181818 -0.0027091818181818 -0.0203690000000000
vn 0.4108805398384995 -6.2425167149860643 0.1593492604518353
v 0.0000956875000000 -0.0027452500000000 -0.0197130000000000
vn -0.6446873849788032 -6.2205874246745791 -0.1480619870336300
v -0.0002190000000000 -0.0027410000000000 -0.0203690000000000
vn 1.6686201614556309 -4.5238497007493503 -2.6447103192771682
v 0.0009435901639344 -0.0024956229508197 -0.0211888360655738
vn 3.6360163853322414 5.0059877856881654 0.0483148532942564
v 0.0009270312500000 0.0011524375000000 -0.0175830000000000
vn 5.2242581253641678 3.2617099704002777 0.0002068725330124
v 0.0012810000000000 0.0007800000000000 -0.0167670000000000
vn -2.7286360240722001 -0.7305376593073600 4.3239137403667032
v -0.0022975555555556 -0.0009722222222222 -0.0184000000000000
vn -1.2207070944328600 -2.8736984239131136 2.9328330827008910
v -0.0010657333333333 -0.0025238666666667 -0.0184000000000000
vn -4.4833824358865941 4.3226732776896721 -0.3168568460280261
v -0.0019370000000000 0.0019505000000000 -0.0203690000000000
vn -6.1884402402909702 0.7547609039824899 0.0144247744831599
v -0.0027279545454545 0.0003022272727273 -0.0197130000000000
vn -6.1537935323443991 -0.7320528141175493 -0.3125360013746923
v -0.0027273478260870 -0.0003090869565217 -0.0203690000000000
vn -1.4313265523873897 -6.0704620270556306 -0.3111363074520460
v -0.0005246470588235 -0.0026958235294118 -0.0202917058823529
vn 0.7844555310620861 2.9549581354797056 3.6015174387628672
v 0.0003720000000000 0.0014420000000000 -0.0184000000000000
vn -4.3822337339723987 -4.4281148142859248 -0.0018775980827943
v -0.0010416666666667 -0.0010503333333333 -0.0167670000000000
vn 2.2755468327557629 2.0495363099426935 -2.9484765977120961
v -0.0005710000000000 -0.0011380000000000 -0.0214000000000000
vn 0.6314148137659457 5.3404708958366385 -0.5943089927383388
v -0.0001900000000000 -0.0014310000000000 -0.0207500000000000
vn 2.9494567634037341 -2.8412716635493234 -2.7653208082966225
v -0.0009761875000000 0.0008781250000000 -0.0201000000000000
vn 2.9476921717380096 0.4881528460586569 -3.5863117081280631
v -0.0013053636363636 -0.0003341818181818 -0.0214000000000000
vn -2.9665041182290519 2.7932989133106760 -2.7558018707156577
v 0.0009761875000000 -0.0008781250000000 -0.0201000000000000
vn -1.5148190941926438 1.8042696862682763 -5.0409725843235602
v -0.0021726363636364 0.0009526363636364 -0.0214000000000000
vn -3.6995718215546765 2.3962156498707152 -2.7884078232921019
v -0.0022188108108108 0.0015085675675676 -0.0211734864864865
vn 2.9058035515556977 0.9852690934173194 3.5223161969153640
v 0.0014083333333333 0.0004842500000000 -0.0184000000000000
vn -0.0000000000000111 -0.0000000000000025 -6.2831853071795871
v -0.0018415000000000 0.0004155833333333 -0.0214000000000000
vn -0.0000000000000576 -0.0000000000000801 -6.2831853071795871
v 0.0002810000000000 -0.0017485000000000 -0.0214000000000000
vn 0.8705137960350725 -1.6413243487724420 -5.6115726936939287
v 0.0007988125000000 -0.0022297500000000 -0.0214000000000000
vn 4.2692209547031048 -4.5260503027880592 -0.2826778369145657
v 0.0018830000000000 -0.0020040000000000 -0.0203690000000000
vn 1.0702741848362496 -6.1159956269006441 0.4327365258883690
v 0.0004720000000000 -0.0027080000000000 -0.0197130000000000
vn 0.2616182415150966 -6.2685550284120790 0.0180618325596546
v 0.0000951176470588 -0.0027454705882353 -0.0203690000000000
vn -0.4530627194793568 -6.2560640099824703 -0.0202059584585419
v -0.0002190000000000 -0.0027410000000000 -0.0197130000000000
vn 2.4810995377870113 -4.0265440887249788 -2.6604727579417689
v 0.0015220600000000 -0.0022117200000000 -0.0211664400000000
vn 3.6530239015309958 4.9852949409207810 0.0049002015752660
v 0.0009341666666667 0.0011468333333333 -0.0167670000000000
vn 5.2241629738624233 3.2685587878051217 -0.0122660937748672
v 0.0012810000000000 0.0007800000000000 -0.0175830000000000
vn -0.0000000000000038 -0.0000000000000016 6.2831853071795845
v 0.0006480000000000 0.0018960000000000 -0.0184000000000000
vn -5.1186038950291115 3.5221416373202699 -0.2969787315503512
v -0.0022312727272727 0.0015988181818182 -0.0203690000000000
vn -5.8244810174157786 2.2270254768664488 0.0066035501512021
v -0.0025570000000000 0.0009876923076923 -0.0197130000000000
vn 1.3159988333377819 5.9870667157010535 0.0051895528044015
v 0.0002838750000000 0.0014602500000000 -0.0175830000000000
vn -0.9494408192134612 6.1424946578776956 -0.0029101708591260
v -0.0002984400000000 0.0014607600000000 -0.0167670000000000
vn -2.9597314092541360 5.3826443709622049 -0.2839672294079771
v -0.0006520000000000 0.0013510000000000 -0.0175830000000000
vn 0.3500730246173032 2.6643163448161324 -2.0525200543982183
v -0.0001900000000000 -0.0014310000000000 -0.0201000000000000
vn -4.2112968533186770 3.2381071682971063 -0.0660500836080133
v 0.0011440000000000 -0.0008800000000000 -0.0207500000000000
vn 4.2946136993595747 -0.7910249083527563 -2.9004621644372444
v -0.0012025714285714 0.0002994285714286 -0.0201000000000000
vn 4.2475588936777902 -3.2663109217424884 -0.3016746724281281
v -0.0011440000000000 0.0008800000000000 -0.0207500000000000
vn -0.3103250426342814 3.0695881633212916 -4.9817838432919297
v -0.0001100000000000 -0.0008260000000000 -0.0198590000000000
vn -1.5671712923637806 4.1348770974153179 -2.8913389688571192
v 0.0003785625000000 -0.0011812500000000 -0.0201000000000000
vn 0.1938035346157774 -0.0027827686884048 -4.1881590020252437
v 0.0000000000000000 0.0000000000000000 -0.0193780000000000
vn -1.8910375926823324 0.2752542631632105 -5.6210760650462994
v -0.0023323125000000 0.0004087500000000 -0.0214000000000000
vn -0.7597897521221045 0.4365456797621129 -6.1371129774964377
v -0.0017619090909091 0.0011198787878788 -0.0214000000000000
vn -0.7597615601482104 0.9473967233028894 -6.0299087172425265
v -0.0010740555555556 0.0019082222222222 -0.0214000000000000
vn -0.9978469298119600 -4.4989077335731960 -2.9981226649486117
v -0.0004735200000000 -0.0026157400000000 -0.0212085000000000
vn -4.5366223462346893 -0.6604948655020877 -2.8192299625927277
v -0.0026352592592593 -0.0003919074074074 -0.0211916666666667
vn -3.1866427724136073 3.1577225765460897 -3.2686791337417880
v -0.0018821000000000 0.0018341200000000 -0.0212362600000000
vn -0.0387555523401351 -1.2194741352032064 -6.0356546588237681
v 0.0001716666666667 -0.0022442666666667 -0.0214000000000000
vn 0.5238554974263732 -0.5764168294850300 -6.1712220041063297
v 0.0009490769230769 -0.0019036923076923 -0.0214000000000000
vn 0.0000000000000472 -0.0000000000000212 -6.2831853071795880
v 0.0016284000000000 -0.0011402000000000 -0.0214000000000000
vn 3.2956108646051607 -5.2903066920072845 -0.2330801960214070
v 0.0015167857142857 -0.0022841428571429 -0.0203690000000000
vn 2.2092348000382325 -5.8044589516388543 0.3411049420445020
v 0.0009021904761905 -0.0025921904761905 -0.0197130000000000
vn 1.7445562874233838 -5.1108689850676807 -1.4136823475162896
v 0.0002152727272727 -0.0027387272727273 -0.0210250000000000
vn 6.0877820628596986 1.1575804513340753 0.0362835052372008
v 0.0014378181818182 0.0003623181818182 -0.0175830000000000
vn 6.0906884571399704 -1.0872817181330099 0.0046833564088101
v 0.0014438000000000 -0.0003464000000000 -0.0167670000000000
vn 2.1551141606653035 -2.4688131788056142 -4.4621931680797591
v 0.0017127894736842 -0.0018989473684211 -0.0213441052631579
vn -5.4275469174556275 2.7647770487498584 0.4548026941932836
v -0.0013844545454545 0.0005728181818182 -0.0143170000000000
vn -6.1838378636707434 0.7459854774050907 -0.0034486247675572
v -0.0014816666666667 0.0001993333333333 -0.0151330000000000
vn -6.1631249371317667 -0.8626628059228840 0.0684336425890400
v -0.0014778235294118 -0.0002282352941176 -0.0143170000000000
vn -5.5815829909335690 -2.6646603902758952 0.0176725175004457
v -0.0013820909090909 -0.0005789090909091 -0.0151330000000000
vn -2.8891440136996751 -5.4827033419425595 -0.0088301559862067
v -0.0006360000000000 -0.0013590000000000 -0.0151330000000000
vn -0.8980489612247233 -6.0666733273971785 0.1461821710571777
v -0.0004162727272727 -0.0014390000000000 -0.0143170000000000
vn -0.1129851228492750 0.0783497152363538 6.2790869519593944
v -0.0006689090909091 0.0002812727272727 -0.0134000000000000
vn 2.2218854521910929 4.3430533542483163 -0.6742633708093519
v 0.0001350000000000 0.0027470000000000 -0.0210250000000000
vn 0.1722353651900308 1.4049833121889526 -5.9417064656122838
v 0.0002023043478261 0.0022734347826087 -0.0214000000000000
vn -1.0775462501885185 4.1366404161341901 -3.4041589990885748
v -0.0004330227272727 0.0026065454545455 -0.0212373863636364
vn 0.4164890897551294 0.1432053504888510 -6.2485477890729042
v 0.0022290666666667 0.0002443000000000 -0.0214000000000000
vn 2.2584400479163236 5.8319092740827978 0.0070071661220520
v 0.0009030454545455 0.0025913636363636 -0.0197130000000000
vn 3.2972443483364930 5.2859984729130751 -0.2429013186532095
v 0.0015285714285714 0.0022757857142857 -0.0203690000000000
vn 5.0254489990491793 3.7155015066242170 -0.2100367445136431
v 0.0021866785714286 0.0016536785714286 -0.0203690000000000
vn 5.6144049186047855 2.6694076532907456 0.3168010588196458
v 0.0024730000000000 0.0012012727272727 -0.0197130000000000
vn 6.0034392649627391 1.7584803892687122 -0.0690938846682195
v 0.0026181764705882 0.0008328235294118 -0.0203690000000000
vn 5.3849970867350949 0.6215009248012100 -2.1098894007139077
v 0.0026776190476190 0.0003895952380952 -0.0211407142857143
vn 1.2696208418880408 -5.9960345825780408 0.0474009463353311
v 0.0002303666666667 -0.0014672666666667 -0.0151330000000000
vn 1.4304761892240894 3.6884334566064418 1.9792530578059593
v 0.0006080000000000 0.0013710000000000 -0.0135000000000000
vn 3.4041261279017947 2.2806133719570658 2.4569796266367443
v 0.0012530000000000 0.0008250000000000 -0.0135000000000000
vn 2.7704685922716163 -0.3969831845686611 -4.9987935091984381
v 0.0024927894736842 -0.0003181052631579 -0.0213700000000000
vn 1.0609460861920252 6.1457924537802882 -0.3185071101632699
v 0.0004360909090909 0.0027137272727273 -0.0202495454545455
vn -1.4415737015663892 2.3753702978976472 2.3266679747907206
v -0.0014750000000000 0.0023210000000000 -0.0184000000000000
vn 0.1900603258380842 6.2723505415635286 -0.0172740885741092
v 0.0000786875000000 0.0027460000000000 -0.0197130000000000
vn -0.5615190166911004 6.2436878983680053 -0.0139945347604670
v -0.0002460000000000 0.0027390000000000 -0.0203690000000000
vn -1.6351866738727998 6.0157651915950021 0.1962088553756811
v -0.0005560000000000 0.0026903750000000 -0.0197130000000000
vn -0.5301964409385629 -6.2048977855086083 0.0048142560144777
v -0.0001970000000000 -0.0014870000000000 -0.0159500000000000
vn -4.4749352150353294 4.3108392547244536 -0.0028326063627364
v -0.0010435142857143 0.0010494857142857 -0.0151330000000000
vn 3.3027229090250199 -0.6396852418805526 2.9605434391236747
v 0.0013918297872340 -0.0003829787234043 -0.0134531914893617
vn 0.4537319788390892 0.2271008325498828 6.2254873061118357
v 0.0009893214285714 0.0004288214285714 -0.0134000000000000
vn 0.1617573282211794 0.4250666870999965 6.2322159409110309
v 0.0002840000000000 0.0010180000000000 -0.0134000000000000
vn -1.6078197296726475 2.6778001427006801 2.0718011161470513
v -0.0003299166666667 0.0014266666666667 -0.0134666666666667
vn 1.2525094321545187 -2.4095023897805206 2.0731467034461737
v 0.0021800000000000 -0.0016760000000000 -0.0184000000000000
vn 2.9867322941707264 -0.9329534824459227 2.9590134757308437
v 0.0026220000000000 -0.0008300000000000 -0.0184000000000000
vn 6.2158568276051076 0.6459392154939947 0.0165674923342534
v 0.0027266190476190 0.0003155238095238 -0.0197130000000000
vn 6.1997568134565224 -0.6147191765111196 -0.1920122713573661
v 0.0027291818181818 -0.0002948181818182 -0.0203690000000000
vn 1.5239085438834648 4.4695055416777549 -2.7775634814699286
v 0.0009068987341772 0.0024990506329114 -0.0211933164556962
vn 3.6140185899051320 2.0590787569940816 -3.6505105201318524
v 0.0023779069767442 0.0010739069767442 -0.0212706511627907
vn 5.2424598830309321 -3.2071047205386698 0.1031050083654873
v 0.0012890000000000 -0.0007680000000000 -0.0143170000000000
vn 3.6164020062373048 -4.9920328351237835 0.0083110660726743
v 0.0009441666666667 -0.0011388333333333 -0.0151330000000000
vn -0.9152693069205748 2.6753457570611028 4.2000761508779716
v -0.0009758823529412 0.0023090588235294 -0.0184000000000000
vn 0.3753705611190462 6.2423747769254083 -0.1765795800133517
v 0.0000690000000000 0.0027461764705882 -0.0203690000000000
vn -0.5597220241719493 6.2443838035462838 -0.0043869131274761
v -0.0002460000000000 0.0027390000000000 -0.0197130000000000
vn -1.5506373378413592 6.0424857568588912 -0.2542076546791843
v -0.0005466470588235 0.0026921764705882 -0.0203690000000000
vn -4.5460418980195847 4.1417596604167448 0.3546332278987117
v -0.0010564117647059 0.0010357352941176 -0.0143170000000000
vn 3.4318366668560585 0.4925863649821653 2.9794588337790433
v 0.0014028870967742 0.0003207741935484 -0.0134564516129032
vn 0.3511085763750886 -0.1204644202319256 6.2603367364202125
v 0.0008644000000000 -0.0002982000000000 -0.0134000000000000
vn 0.4313649523426798 3.4849861189336333 2.9145910198157123
v 0.0001796666666667 0.0014324666666667 -0.0134588888888889
vn -1.4498361033902896 2.3880157751880500 4.5004600292259491
v -0.0004935208333333 0.0011114583333333 -0.0134197916666667
vn 2.7693068288008824 -1.4577185113352638 2.9636199383808921
v 0.0024380000000000 -0.0012720000000000 -0.0184000000000000
vn 1.4914275814376965 0.6407083474881200 -5.8063462909301364
v 0.0021423076923077 0.0009500769230769 -0.0214000000000000
vn 0.7597576618609836 1.8326048342770660 -5.5572921206133907
v 0.0009470000000000 0.0021701875000000 -0.0214000000000000
vn 1.3890697070530340 6.1162283622726843 0.0128061216065972
v 0.0005250000000000 0.0026990000000000 -0.0197130000000000
vn 6.2038022529159473 0.6225047624861862 -0.1708987506550733
v 0.0027273478260870 0.0003090869565217 -0.0203690000000000
vn 6.2173625825347365 -0.6257391412860402 0.0071564958010902
v 0.0027279545454545 -0.0003022272727273 -0.0197130000000000
vn 2.6820988161461585 4.1354561052222127 -2.5238882128670603
v 0.0015499333333333 0.0021955777777778 -0.0211547555555556
vn 3.9610669526427147 2.7989495099232164 -2.5932424200986515
v 0.0021484838709677 0.0016175483870968 -0.0211528064516129
vn 5.0334554480390628 2.0604197117036800 -1.7084562365821709
v 0.0025945789473684 0.0008757368421053 -0.0210773157894737
vn 5.2493743862562230 -3.2230681921365472 -0.0011470622778640
v 0.0012890000000000 -0.0007680000000000 -0.0151330000000000
vn 3.5433589005646060 -5.0004600995694766 0.2459847321321199
v 0.0009440000000000 -0.0011386176470588 -0.0143170000000000
vn 0.7339025836679324 6.2331938790545216 -0.0042015972448371
v 0.0003620000000000 0.0027260000000000 -0.0192750000000000
vn -1.3229701238470095 2.6670947741359274 2.4805804413312473
v -0.0005920000000000 0.0026850000000000 -0.0184000000000000
vn -2.5325550793834113 5.6721003158349621 -0.3279526938912888
v -0.0011181071428571 0.0025035714285714 -0.0203690000000000
vn -3.7686358963343358 4.9435831635794045 0.2664699478312574
v -0.0016484375000000 0.0021978125000000 -0.0197130000000000
vn 1.4551430540726500 5.9132983896428248 0.1996924105643977
v 0.0003024375000000 0.0014577500000000 -0.0143170000000000
vn -0.9938759156454368 6.1350590134073499 -0.0014564136975674
v -0.0003163043478261 0.0014576086956522 -0.0151330000000000
vn -2.6235871656852430 5.4290490452611886 0.6717467263533083
v -0.0006520000000000 0.0013510000000000 -0.0143170000000000
vn 1.9221795910125308 -2.8207203268932881 3.2588898126162493
v 0.0008771518987342 -0.0010663417721519 -0.0134443037974683
vn -2.3386020059787063 2.2254043866165278 2.5774710292708658
v -0.0010339850746269 0.0009814776119403 -0.0134514925373134
vn 2.9504242745303726 0.7686962170667497 2.7517652768343797
v 0.0027144000000000 0.0003703333333333 -0.0184000000000000
vn 5.9996563880190275 -1.7916741477802995 -0.0103109101034651
v 0.0026163333333333 -0.0008363333333333 -0.0197130000000000
vn 5.5448041519802960 -2.8205153231527715 -0.3073034386174625
v 0.0024699090909091 -0.0012069090909091 -0.0203690000000000
vn 4.8671708120052344 -3.8823723249297371 0.2733389122067709
v 0.0021794444444444 -0.0016626666666667 -0.0197130000000000
vn 6.0642622877057022 1.1336006411897421 0.1098770781536445
v 0.0014371379310345 0.0003758620689655 -0.0143170000000000
vn 6.0909894692703697 -1.0640210971786708 0.0027391373761917
v 0.0014438000000000 -0.0003464000000000 -0.0151330000000000
vn -5.6011536081337470 2.6074526558148046 -0.0084507585652233
v -0.0013870000000000 0.0005665000000000 -0.0151330000000000
vn -6.1765238713573716 0.7727839571309623 0.0510460061491109
v -0.0014806470588235 0.0002080000000000 -0.0143170000000000
vn -6.1700210545413281 -0.8747690786566932 -0.0004964640141065
v -0.0014763333333333 -0.0002366666666667 -0.0151330000000000
vn -5.5139877986668431 -2.7032671975132758 0.2939918411244122
v -0.0013795000000000 -0.0005850000000000 -0.0143170000000000
vn -3.0252739913844291 -5.3729578267222431 0.3184146590438434
v -0.0006360000000000 -0.0013590000000000 -0.0143170000000000
vn -1.0673702235323865 -6.1292382037079527 0.0410634546060372
v -0.0003558888888889 -0.0014512222222222 -0.0149970000000000
vn -0.1613537820621409 -0.1006395268498477 6.2770644054266098
v -0.0005895000000000 -0.0004515000000000 -0.0134000000000000
vn 2.1252955941522926 2.5159751629306921 3.4714590680067507
v 0.0009478524590164 0.0010487213114754 -0.0134418032786885
vn 0.0104317054732045 0.0542276370850556 6.2824618212732588
v 0.0001463333333333 0.0002160000000000 -0.0134000000000000
vn -0.9212853378341326 5.6755849551769790 -1.4072851601800764
v -0.0002152727272727 0.0027387272727273 -0.0210250000000000
vn -0.2340390361488819 1.4576190204392312 -5.9096658140057290
v -0.0003759090909091 0.0022658636363636 -0.0214000000000000
vn 0.7804164416369685 4.1181129309339237 -3.4841225125142143
v 0.0002185681818182 0.0026307045454545 -0.0212413636363636
vn -2.4298887276108085 -2.2636359265665784 2.8668558489296752
v -0.0010051129032258 -0.0010097903225806 -0.0134508064516129
vn 0.3298080968745442 -0.0510648356215060 -6.2653707511962349
v 0.0021805517241379 -0.0004267586206897 -0.0214000000000000
vn 2.1561025766026845 5.8165674398366889 -0.3561271678026827
v 0.0009064782608696 0.0025899565217391 -0.0203690000000000
vn 3.3541188267628419 5.2788790574271118 0.0040558499749108
v 0.0015332692307692 0.0022728461538462 -0.0197130000000000
vn 5.0451072488771036 3.7160294811101950 0.0045094884147810
v 0.0021934615384615 0.0016451923076923 -0.0197130000000000
vn 5.5379870227039918 2.8614788165847762 -0.2408957520085322
v 0.0024760000000000 0.0011950000000000 -0.0203690000000000
vn 5.9172290951831688 1.9356397782349166 0.2994370191275224
v 0.0026181875000000 0.0008322500000000 -0.0197130000000000
vn 5.3418548625855156 -0.5477975815135064 -2.2146976407247077
v 0.0026755087719298 -0.0003402456140351 -0.0211553859649123
vn 1.2455422421411142 -5.9360603316647813 0.1821584313400016
v 0.0002402857142857 -0.0014666428571429 -0.0143170000000000
vn 2.5509305952581722 0.6449971789218407 -4.9371456325513616
v 0.0024870000000000 0.0004000000000000 -0.0213700000000000
vn 0.0000000000000000 0.0000000000000000 0.0000000000000000
v 0.0001970000000000 0.0014870000000000 -0.0159500000000000
vn -4.3605816153110029 -4.3745425448720292 0.2556424186637642
v -0.0010357352941176 -0.0010564117647059 -0.0143170000000000
vn 0.7531806290300916 -3.4202642774416967 2.6890674481117087
v 0.0002147073170732 -0.0014358292682927 -0.0134597560975610
vn -1.0921722612904197 1.8351967836484984 -5.3071166888435695
v -0.0008960000000000 0.0021969090909091 -0.0214000000000000
vn -2.8351660957470211 3.9562322276666526 -2.3601212527910449
v -0.0016165806451613 0.0021804193548387 -0.0211354516129032
vn -3.3860506130602284 1.3686130555022979 2.4637007355448381
v -0.0014553684210526 0.0002724736842105 -0.0134842105263158
vn -2.6396093572512109 -1.5110836599641246 4.0778972086598886
v -0.0012443793103448 -0.0004343620689655 -0.0134215517241379
vn -0.2512384045511832 -0.6193183645316781 6.2045662180380017
v -0.0003391724137931 -0.0010602413793103 -0.0134000000000000
vn 2.7918213386508821 1.1191972527442358 3.9421961459368533
v 0.0023220000000000 0.0009800000000000 -0.0184000000000000
vn 1.0070611612582065 2.9531421289635436 2.9000251760869435
v 0.0008300000000000 0.0026220000000000 -0.0184000000000000
vn 1.3727327073073603 -0.8242144815572219 -5.8428645160143882
v 0.0020614166666667 -0.0010265833333333 -0.0214000000000000
vn 5.3136983510756632 -1.8926548172574855 -1.1653280848631979
v 0.0026290000000000 -0.0008060000000000 -0.0210250000000000
vn 3.8842389221964932 -2.8237641273686815 -2.7144790321497281
v 0.0021126176470588 -0.0016388676470588 -0.0211719705882353
vn 3.6199190903438168 5.0019510074667934 0.0588304075877394
v 0.0009321714285714 0.0011477714285714 -0.0143170000000000
vn 5.2140469480618545 3.2876145302478479 -0.0025125284427647
v 0.0012810000000000 0.0007800000000000 -0.0151330000000000
vn -4.4441406763275415 -4.3464267226251998 0.0152549725108212
v -0.0010416666666667 -0.0010503333333333 -0.0151330000000000
vn 0.2431545414063654 -0.6178655197898025 6.2071796199559417
v 0.0003570416666667 -0.0010680833333333 -0.0134000000000000
vn -1.8959495504596853 4.1719223382249533 -2.9202623484748464
v -0.0010816756756757 0.0024225945945946 -0.0211978378378379
vn -2.4027184589974961 1.6985942928530529 4.2553606159253352
v -0.0012384761904762 0.0004091428571429 -0.0134214285714286
vn -3.7048340623768508 -0.9685303344662093 2.6085339457901364
v -0.0014640769230769 -0.0001989230769231 -0.0134865384615385
vn -1.0075015503660325 -3.4659496047726295 2.7438551098096560
v -0.0003639393939394 -0.0014147575757576 -0.0134696969696970
vn 1.7105788924473762 2.6014737687976219 2.9010130985756426
v 0.0014487500000000 0.0023251250000000 -0.0184000000000000
vn 2.5888745836455342 1.5793759809560881 2.7417828187394546
v 0.0021847333333333 0.0016528000000000 -0.0184000000000000
vn 4.0494447245565244 -2.1559465397668229 -3.0845302303817079
v 0.0024364600000000 -0.0010644600000000 -0.0212078400000000
vn 3.6465943899996898 4.9880642703111526 -0.0059473347952556
v 0.0009341666666667 0.0011468333333333 -0.0151330000000000
vn 5.2230374483953685 3.2731143956837476 -0.0000612175908251
v 0.0012810000000000 0.0007800000000000 -0.0143170000000000
vn -4.4631760689258702 -4.3373732031065186 -0.0587836780526130
v -0.0010485312500000 -0.0010440312500000 0.0175830000000000
vn -6.1673331131472571 -0.8138221176977527 -0.1668017103780197
v -0.0027235909090909 -0.0003349545454545 0.0197130000000000
vn -6.1548463507779321 0.7344673536610973 0.2497001110401527
v -0.0027298260869565 0.0002805652173913 0.0203690000000000
vn -4.4379333729609414 4.3132063246167593 -0.5331155218029703
v -0.0019530000000000 0.0019345000000000 0.0197130000000000
vn 3.6072622516585477 4.9998590434154107 -0.0758080924229199
v 0.0009491562500000 0.0011348125000000 0.0175830000000000
vn 5.2358094740644292 3.2460170393527328 -0.0012208784785932
v 0.0012860000000000 0.0007720000000000 0.0167670000000000
vn 0.5289663746779347 -3.0089078356753984 -3.6113038742457091
v 0.0001605000000000 -0.0014805000000000 0.0184000000000000
vn -1.0398512861766083 -6.1916645930318248 0.0022159408697517
v -0.0004490000000000 -0.0027115000000000 0.0197130000000000
vn -0.4827783422510621 -6.2501201782444769 0.0012838338817249
v -0.0002110000000000 -0.0027420000000000 0.0203690000000000
vn 0.2770834708468506 -6.2673584151220352 0.0087420264438979
v 0.0000918750000000 -0.0027452500000000 0.0197130000000000
vn 1.1488544893470427 -6.1124387328774823 0.3682534613080400
v 0.0004970000000000 -0.0027037272727273 0.0203690000000000
vn 4.2780379358724909 -4.5501139825391217 -0.0755768241676612
v 0.0018990000000000 -0.0019890000000000 0.0197130000000000
vn 1.1599539418089575 -2.8571824612851437 -3.6529885861276430
v 0.0008268333333333 -0.0024135416666667 0.0184000000000000
vn -1.5743943063093768 -2.6719335835259286 -3.4699159169143479
v -0.0007140000000000 -0.0013190000000000 0.0184000000000000
vn -2.8742440908698539 -1.1670552641518797 -3.4521339716587214
v -0.0014090000000000 -0.0005140000000000 0.0184000000000000
vn -3.0900763505905848 0.4045763371146185 -3.4086984089409995
v -0.0014870000000000 0.0002000000000000 0.0184000000000000
vn -2.9382844212778787 1.0528467410248086 -2.9191836513535145
v -0.0025748461538462 0.0009353846153846 0.0184000000000000
vn -2.5516829588628309 -3.4665591406202099 2.8413709060536254
v -0.0015840263157895 -0.0021673157894737 0.0211695789473684
vn -4.0957072751411561 -3.0586391402387285 1.9771515713408863
v -0.0022045200000000 -0.0015869200000000 0.0211222000000000
vn 1.0760924260433775 -2.9277382581124414 3.0749371180008964
v -0.0003325000000000 0.0012050000000000 0.0214000000000000
vn -0.2531468048804897 -1.6530621374295846 5.5164269693145460
v 0.0003537916666667 0.0016976666666667 0.0214000000000000
vn -2.2280306262733984 1.6615737156835546 1.7966134826772422
v 0.0011490000000000 -0.0005470000000000 0.0214000000000000
vn -1.6454941556939189 -0.5530747329291847 5.5323623896146490
v 0.0017530000000000 0.0004228571428571 0.0214000000000000
vn -1.1849961845274728 -1.6253597487953400 5.4637673737162080
v -0.0009006666666667 -0.0021947500000000 0.0214000000000000
vn -1.8208875338002590 -0.5790985519893573 5.6240203065751349
v -0.0021740000000000 -0.0009495000000000 0.0214000000000000
vn -0.1899974621666410 0.0066194911211457 -4.2105033661949474
v 0.0450000000000000 0.0000000000000000 -0.0124780000000000
vn -4.3332347448837032 1.0779882350220458 -2.8792500760669135
v 0.0461572857142857 -0.0004444285714286 -0.0132000000000000
vn 1.1070353808050559 -4.2715486802919083 -2.9043919566017933
v 0.0447689375000000 0.0012190625000000 -0.0132000000000000
vn -0.7272209655251017 -3.0567545632412485 -2.0354792229464400
v 0.0453630000000000 0.0013970000000000 -0.0132000000000000
vn -5.1590425405796863 -1.3979835412742685 -0.3699510522819204
v 0.0463910000000000 0.0003840000000000 -0.0138500000000000
vn -3.2888538084773549 5.2950136978257678 0.1959746589028500
v 0.0434409545454545 0.0022586818181818 -0.0128130000000000
vn -2.1935467856228317 5.7943230922934648 -0.4204604275695645
v 0.0440420714285714 0.0025690714285714 -0.0134690000000000
vn 2.3474803969953202 2.0267197560307300 3.4730688062029316
v 0.0461270000000000 0.0009730000000000 -0.0115000000000000
vn 2.0134295072792470 2.0470274123630485 4.0829536775582715
v 0.0467726666666667 0.0017696666666667 -0.0115000000000000
vn 1.0543666891689831 -3.3792883088515389 -4.0560109172061241
v 0.0454257916666667 -0.0025050000000000 -0.0143717638888889
vn 0.9478951612795716 -0.3840509945046681 -6.1089389935662801
v 0.0467426333333334 -0.0010311333333333 -0.0145000000000000
vn 0.5486435460827066 -0.7722464945451316 -6.1282668218506968
v 0.0463726666666667 -0.0015936666666667 -0.0145000000000000
vn 3.3878617298085434 -0.7753834300772731 -3.8115146070320045
v 0.0475571772151899 -0.0003172151898734 -0.0143719620253164
vn 5.7987789958792346 -2.1587539238049516 -0.4106635123448719
v 0.0475498275862069 -0.0010034827586207 -0.0134690000000000
vn 5.2349255067475999 -3.4129876199497762 -0.0033422829452189
v 0.0472681250000000 -0.0015492500000000 -0.0128130000000000
vn -2.2202677409310243 -3.7411546868161785 -1.1178285784633306
v 0.0448788181818182 -0.0027450000000000 -0.0141250000000000
vn -4.5496655287288164 1.8007006951117355 2.6169614502163556
v -0.0024672686567164 0.0010259104477612 0.0211741641791045
vn -1.0248753165792619 2.9553950585380542 3.0899405656559740
v 0.0003325000000000 -0.0012050000000000 0.0214000000000000
vn 0.4709880434006154 1.5428037778182131 5.5357051852288661
v -0.0004340333333333 -0.0016693333333333 0.0214000000000000
vn 5.1592811895572011 1.4025293692844512 0.3700396326258336
v -0.0013910000000000 -0.0003840000000000 0.0207500000000000
vn 3.0406213253205197 -0.7900799644962444 3.1416674651313206
v -0.0012195833333333 0.0002757500000000 0.0214000000000000
vn 1.5761034430784073 -4.5776698520891026 2.7336572172991644
v 0.0008991272727273 -0.0025096909090909 0.0211886363636364
vn -0.0000000000000596 0.0000000000000294 6.2831853071795871
v -0.0018661250000000 -0.0004350000000000 0.0214000000000000
vn -1.2802089790829081 4.2152883201311608 -2.8991377517628498
v 0.0454260625000000 -0.0011653125000000 -0.0132000000000000
vn -2.2037052473742103 -2.2390213978413036 -3.1493368041146357
v 0.0460490000000000 0.0007220000000000 -0.0145000000000000
vn 0.8413408318548790 3.0231344190331177 -2.0066477001561367
v 0.0446370000000000 -0.0013970000000000 -0.0132000000000000
vn -0.3265412809251754 -3.1059440978909190 2.9410583526198697
v 0.0447810000000000 -0.0027410000000000 -0.0115000000000000
vn 0.7868502883763486 -2.7979353558089879 4.0489894758724345
v 0.0456913333333333 -0.0024396000000000 -0.0115000000000000
vn 2.9683723922082241 0.2743410655150852 2.4648892333665255
v 0.0477410000000000 -0.0002190000000000 -0.0115000000000000
vn 2.7224941800898352 2.9168204196924599 -3.6801550756816992
v 0.0468369230769231 0.0017945538461538 -0.0143740461538462
vn 5.1267256877933365 3.4798362488611598 -0.4058372180486106
v 0.0472535217391304 0.0015675217391304 -0.0134690000000000
vn 5.8026819240503063 2.2845003919004667 0.0119381098973228
v 0.0475480476190476 0.0010214761904762 -0.0128130000000000
vn 3.7531941185213356 -4.9452326277632981 0.2609274521336316
v 0.0466303125000000 -0.0022113125000000 -0.0128130000000000
vn 2.3199896536484048 -5.7335079980392445 -0.4441337906768430
v 0.0460934827586207 -0.0025139310344828 -0.0134690000000000
vn -4.0047828534105001 2.9532085125781675 2.1399780317519408
v -0.0022207600000000 0.0015638800000000 0.0211222000000000
vn 2.4158698181769180 1.9606596366760927 3.0241339060410954
v -0.0007060000000000 -0.0010590000000000 0.0214000000000000
vn 1.3806475991580944 5.2412982963329329 0.5733831703947989
v -0.0003630000000000 -0.0013970000000000 0.0207500000000000
vn 2.6244864062841144 0.7222249515793661 4.1870731494872047
v -0.0013910000000000 -0.0003840000000000 0.0214000000000000
vn 2.7013175145894142 -3.8214890429154975 2.6017042368675130
v 0.0014508800000000 -0.0022593400000000 0.0211664400000000
vn 0.8753849510287262 -1.7252748316140685 5.5976099526551888
v 0.0009611875000000 -0.0021638125000000 0.0214000000000000
vn -0.0000000000000263 -0.0000000000000699 6.2831853071795862
v 0.0004318461538462 -0.0018653076923077 0.0214000000000000
vn -0.0000000000000300 0.0000000000000107 6.2831853071795862
v -0.0018624583333333 0.0003090416666667 0.0214000000000000
vn -1.6944973939306609 0.9230694551108446 5.5757737868819639
v -0.0021829411764706 0.0009158235294118 0.0214000000000000
vn 0.1756609814554399 2.1985684240514782 -5.8464705700100694
v 0.0448280000000000 -0.0010890000000000 -0.0131196666666667
vn 1.4113836909585245 5.2267326905186469 -0.6796656606263177
v 0.0446370000000000 -0.0013970000000000 -0.0138500000000000
vn 0.8377586618287581 -2.9053768167704006 2.6643942106668650
v 0.0452600000000000 -0.0027380000000000 -0.0115000000000000
vn 1.8719268788790031 -1.9403392674415232 4.4149541022654981
v 0.0467420555555555 -0.0017497222222222 -0.0115000000000000
vn 2.2861796337314058 -2.0958218123805112 3.4669630367797231
v 0.0461020000000000 -0.0010015000000000 -0.0115000000000000
vn 2.9302264570547210 0.0818448058213105 4.0790193025404884
v 0.0474680000000000 0.0004530000000000 -0.0115000000000000
vn 0.3264500586573785 0.9703950022834291 -6.1023072161223304
v 0.0461963243243243 0.0017267567567568 -0.0145000000000000
vn 1.7613364881805817 0.8968590835492454 -5.4991626549207560
v 0.0470190000000000 0.0012510000000000 -0.0145000000000000
vn 5.0946607443223142 3.5735290983344359 0.2340783780344355
v 0.0472586818181818 0.0015590454545455 -0.0128130000000000
vn 5.7501657390988496 2.1820488141120942 -0.5260876657397442
v 0.0475475652173913 0.0010216086956522 -0.0134690000000000
vn 3.7091911656085470 -4.9689470295781408 -0.3293686069462515
v 0.0466299411764706 -0.0022117647058824 -0.0134690000000000
vn 2.3532910135601384 -5.7619322335910841 0.1855823424868990
v 0.0460987037037037 -0.0025118148148148 -0.0128130000000000
vn -4.5354429818894078 -0.8534345994028598 2.8813012002426559
v -0.0026401785714286 -0.0003768392857143 0.0211882500000000
vn -5.4722349364845666 -0.1884586131846396 0.9290028838286066
v -0.0027500000000000 0.0000180000000000 0.0210250000000000
vn -2.8864365194769164 2.9309927838266621 3.4058953408125046
v -0.0018745322580645 0.0018330161290323 0.0212447903225806
vn 3.8371409337184632 -3.7802008831838521 0.2249022056112642
v -0.0010280000000000 0.0010130000000000 0.0207500000000000
vn -3.7532340611375012 3.9441258928376026 0.4248814223048700
v 0.0010280000000000 -0.0010130000000000 0.0207500000000000
vn 2.4756444460820437 -3.0786500909522965 3.5168336805874905
v 0.0017664324324324 -0.0019158108108108 0.0212678378378378
vn -1.1435313186401674 -4.4064937897507308 3.1111540747421551
v -0.0005470000000000 -0.0026013600000000 0.0212085000000000
vn 0.0973106045186581 -1.3265582644151146 5.9862242793543405
v 0.0002446521739130 -0.0022766521739130 0.0214000000000000
vn 1.4708248147307907 -5.2543953689127143 1.0807946519278724
v 0.0000872307692308 -0.0027463076923077 0.0210250000000000
vn 0.0000000000000525 -0.0000000000000130 6.2831853071795862
v 0.0016991600000000 -0.0009608000000000 0.0214000000000000
vn -0.2585108560325083 0.3136922248509496 6.2503328445085264
v -0.0017454666666667 0.0010201666666667 0.0214000000000000
vn -0.4127593473701823 0.8092782589572250 6.1339933429213236
v -0.0013717142857143 0.0016066428571429 0.0214000000000000
vn -1.8413676729950761 0.0298211634857071 5.6713664215435635
v -0.0023543750000000 0.0002499375000000 0.0214000000000000
vn -2.8690122878494657 3.2025815705929754 -2.4059319924252853
v 0.0435332200000000 0.0022437000000000 -0.0142733400000000
vn 0.9384135477822440 -2.9099715757744149 -3.1081594222550999
v 0.0446496923076923 0.0012000769230769 -0.0145000000000000
vn -0.3822513455826124 -1.0373802691342973 -5.4887340326264660
v 0.0454340333333333 0.0016693333333333 -0.0145000000000000
vn -3.0406213253205836 0.7900799644962806 -3.1415178420482293
v 0.0461994166666667 -0.0003532500000000 -0.0145000000000000
vn -3.8277327392467901 3.7845893824328893 -0.2084086247504963
v 0.0460280000000000 -0.0010130000000000 -0.0138500000000000
vn -0.2948807651788045 -2.5657941826306829 4.5906420902058773
v 0.0448460434782609 -0.0017048695652174 -0.0115000000000000
vn 1.5140120782224602 -2.7052153989200329 3.4670502804615881
v 0.0456800000000000 -0.0013370000000000 -0.0115000000000000
vn 2.2831481418398969 -1.8326542297058346 2.4076506011738781
v 0.0465940000000000 -0.0022410000000000 -0.0115000000000000
vn 2.9558320918754153 0.5972191186553467 2.7076594176210054
v 0.0475675000000000 0.0009560000000000 -0.0115000000000000
vn 0.7270354374550536 0.0261846603853595 -6.1965937773252122
v 0.0468676428571429 0.0004408571428571 -0.0145000000000000
vn 6.0911918659732178 1.0314185842546262 -0.3851308101049875
v 0.0477180714285714 0.0003592500000000 -0.0134690000000000
vn 6.1691117889517919 -0.5806624670279243 0.1738867102543744
v 0.0477249090909091 -0.0003253181818182 -0.0128130000000000
vn 4.3624135532020656 -4.3933257910987429 -0.5016858628686217
v 0.0469743529411765 -0.0019105882352941 -0.0134690000000000
vn 1.5313095600426341 -6.0450867788895977 0.2303694257460748
v 0.0455063125000000 -0.0027000625000000 -0.0128130000000000
vn 0.4832179416196034 -6.2511748166001162 -0.0012383573203256
v 0.0452140000000000 -0.0027420000000000 -0.0134690000000000
vn -0.2721398186048680 -6.2670596992820480 -0.0047365226278712
v 0.0449071875000000 -0.0027458750000000 -0.0128130000000000
vn -1.3228945109635051 -5.9694275102565229 -0.6783228036726359
v 0.0445125454545455 -0.0027053636363636 -0.0134690000000000
vn 3.4075021893346307 -2.4865293921299632 -2.8145068619776570
v 0.0471847631578947 -0.0015604210526316 -0.0142695789473684
vn -1.8876081970042105 4.2747497046746989 2.8752116718732417
v -0.0010809253731343 0.0024341641791045 0.0211977164179104
vn 4.1217922721054485 -2.2914517011551720 3.0320154410035487
v 0.0024034583333333 -0.0011271666666667 0.0212154583333333
vn -0.6961956761614503 3.2307790898184843 -4.1823847815968191
v 0.0447366235294117 0.0025266235294118 -0.0143910235294118
vn -2.0299590886713137 0.4060955507075957 -5.5726470549251452
v 0.0426585454545454 0.0003564363636364 -0.0144774181818182
vn -4.8381238380316223 -0.5853622254891350 -2.5879337078142761
v 0.0423246818181818 -0.0004147727272727 -0.0142386818181818
vn 1.6846311514859937 4.6268975404848689 -1.5162144556922121
v 0.0452450000000000 0.0027390000000000 -0.0141250000000000
vn -1.8671821834733069 -2.4868177427714739 3.4930057906547658
v 0.0441385000000000 -0.0012145000000000 -0.0115000000000000
vn -2.2707666262680815 -5.8191240279585559 -0.0863863537665782
v 0.0440845652173913 -0.0025867391304348 -0.0129270000000000
vn -3.7750989476100174 -4.8357058884049380 -0.4403971561411799
v 0.0434415000000000 -0.0022549642857143 -0.0134690000000000
vn -4.6554348470021347 -3.9699640969942571 -0.5863692472925338
v 0.0428389705882353 -0.0016815588235294 -0.0134690000000000
vn -5.5659149334821745 -2.8602467962819973 -0.0035843412586338
v 0.0425105000000000 -0.0011660000000000 -0.0128130000000000
vn -5.8981975512690550 -1.9774611192520277 -0.2954114350820954
v 0.0423965000000000 -0.0008835000000000 -0.0134690000000000
vn 0.0000000000000016 -0.0000000000000054 6.2831853071795853
v 0.0433650000000000 -0.0016040000000000 -0.0115000000000000
vn -0.4614214177467572 0.4163410466947144 -6.2136188819395972
v 0.0433042400000000 0.0009739600000000 -0.0145000000000000
vn -3.0910710039673681 4.0568386571528006 2.1544240322494184
v -0.0015831538461538 0.0022086538461538 0.0211184615384615
vn 3.8783834081510662 -2.9584723190189539 2.5457228682739648
v 0.0021276400000000 -0.0016371800000000 0.0211664400000000
vn 5.3229899942552965 -1.6166242568834739 1.6602187671653936
v 0.0026284736842105 -0.0007701052631579 0.0210698421052632
vn 1.5028655433400364 -0.8965441187051505 5.7434678546121516
v 0.0021361363636364 -0.0010070000000000 0.0214000000000000
vn -1.7163968024940748 1.6254401529438594 5.0997483254282194
v -0.0010617272727273 0.0021214545454545 0.0214000000000000
vn 1.0536617808062858 3.3096712436774380 -3.9168628615168783
v 0.0454640821917808 0.0024994794520548 -0.0143684246575342
vn -2.0534523311524429 2.2833651124798022 -4.3909199754929338
v 0.0433418208955224 0.0017685671641791 -0.0144245522388060
vn -4.7423067351272863 0.3220914429144878 -2.6707584971622187
v 0.0423035116279070 0.0002307906976744 -0.0142413255813954
vn -1.8636138240191846 -0.3928399019962539 -5.5646020985718572
v 0.0426648536585366 -0.0003711463414634 -0.0144904878048780
vn -1.1270577565086946 5.0374388603258780 -1.8575180396615361
v 0.0448952307692308 0.0027456923076923 -0.0141250000000000
vn 1.8886264123910430 -1.6588222065381895 -4.1785708535306725
v 0.0439720000000000 0.0010130000000000 -0.0145000000000000
vn -2.5617131218514051 -1.7067390498210631 3.5415392724397758
v 0.0437550000000000 -0.0008360000000000 -0.0115000000000000
vn -0.9583652239079496 -5.7627590244572335 -0.3842168978112351
v 0.0439880588235294 -0.0025535882352941 -0.0134690000000000
vn -3.5937844685504809 -5.0784727568825021 -0.0144187179916655
v 0.0434465925925926 -0.0022574814814815 -0.0128130000000000
vn -4.8315246261513645 -3.9475250847469323 -0.0141592185849207
v 0.0428307500000000 -0.0016702812500000 -0.0128130000000000
vn -5.4785833545718923 -2.8278069658717602 -0.5920287645515783
v 0.0425134545454545 -0.0011722727272727 -0.0134690000000000
vn -5.9767455740174622 -1.8684458156184407 -0.0148105861904368
v 0.0423987272727273 -0.0008900909090909 -0.0128130000000000
vn -0.9588641717571049 4.2803022921758602 3.3114783038880731
v -0.0004387500000000 0.0026000000000000 0.0212313750000000
vn 0.7703978081661429 5.6463695227278281 1.4305209316727352
v 0.0001125833333333 0.0027454166666667 0.0210250000000000
vn 3.0317520020662148 -0.5886919109103904 4.8426799228573651
v 0.0025015200000000 -0.0004478000000000 0.0213503200000000
vn 5.3902865523693091 0.6879269235286474 2.1151047797540077
v 0.0026793636363636 0.0003883863636364 0.0211386818181818
vn 0.6445950675243021 0.2912750796552537 6.1937594590991960
v 0.0022678214285714 0.0003604642857143 0.0214000000000000
vn 0.0967652531326168 1.4584140960717260 5.9188684127782389
v 0.0001699130434783 0.0022824347826087 0.0214000000000000
vn -4.4753023644867591 -2.2233921460327082 -1.7686169213552505
v 0.0424040000000000 -0.0008650000000000 -0.0141960000000000
vn -2.8569736611531722 -3.2010143124812629 -1.9639099794837966
v 0.0428884545454546 -0.0016580545454545 -0.0142690727272727
vn -2.7907584697942012 -3.0196600580879744 -2.3818693060333920
v 0.0435142352941176 -0.0022458431372549 -0.0142522156862745
vn 2.8396348942850320 -2.6631940305651285 -2.4737869097556366
v 0.0441385625000000 0.0009908125000000 -0.0132000000000000
vn -2.8992406918844305 0.8323708444777980 3.7163488143033847
v 0.0435520000000000 0.0003500000000000 -0.0115000000000000
vn -6.1998277848021122 -0.7041412259674071 -0.1280973374385297
v 0.0422819285714286 -0.0003592500000000 -0.0134690000000000
vn -6.2256356659959380 0.5796661309539999 -0.0250897282729173
v 0.0422750909090909 0.0003253181818182 -0.0128130000000000
vn -4.2331256461595625 4.5947016674114654 0.0991510349870274
v 0.0431400000000000 0.0020260000000000 -0.0128130000000000
vn -1.2523455620947872 6.0732365605068193 -0.4166642990586755
v 0.0445590000000000 0.0027135000000000 -0.0134690000000000
vn -0.1771436115306301 6.2715976133767040 -0.0079806400591102
v 0.0449475000000000 0.0027468125000000 -0.0128130000000000
vn 0.7388447991133109 6.1884996202525020 -0.2968641546064567
v 0.0452510000000000 0.0027390000000000 -0.0134690000000000
vn 1.4813937464555127 6.0788980240374224 -0.1515727543342290
v 0.0455596470588235 0.0026897058823529 -0.0129672352941177
vn -2.8035327364699492 1.3729000149240260 2.9208575911485375
v 0.0424990000000000 0.0011440000000000 -0.0115000000000000
vn 2.1981268918812789 2.0169677911464499 2.5207555702496021
v 0.0465610000000000 0.0022640000000000 -0.0115000000000000
vn -2.9465788245582560 -3.2453395625196371 3.2580488664235152
v -0.0018936250000000 -0.0018225000000000 0.0212378750000000
vn 2.6132932683633863 2.8894875445718293 3.4660698772105221
v 0.0017815000000000 0.0019030000000000 0.0212632500000000
vn 0.4846645509510908 0.7139200889659517 6.1493046334508286
v 0.0010122666666667 0.0017416666666667 0.0214000000000000
vn -0.5695152294092044 -0.8452854750896134 6.1018355929950694
v -0.0011940270270270 -0.0017178918918919 0.0214000000000000
vn -1.7345706580411240 -1.2666702102740905 5.4305533936794586
v -0.0020190000000000 -0.0012510000000000 0.0214000000000000
vn -2.0508925097679827 1.5474860691741803 -5.5058285675932899
v 0.0454625454545455 -0.0003466666666667 -0.0128390000000000
vn -0.4645297421659723 3.0338822218562451 3.5207172416529899
v 0.0448514666666667 0.0014818000000000 -0.0115000000000000
vn -1.1404110297986381 2.8907879927329403 3.5381631586330426
v 0.0441556000000000 0.0024344800000000 -0.0115000000000000
vn 2.1062369369405647 -0.1099210225495013 5.0511611680672734
v 0.0467755625000000 -0.0001516250000000 -0.0115000000000000
vn 2.9297942939660473 -1.0746317056827692 2.9137262865463733
v 0.0475650000000000 -0.0009632000000000 -0.0115000000000000
vn 1.5810297974707859 2.6671733126922748 3.4716064715841233
v 0.0457140000000000 0.0013190000000000 -0.0115000000000000
vn 2.8726967984711189 1.1666243747076366 3.4677006581741785
v 0.0464090000000000 0.0005140000000000 -0.0115000000000000
vn 0.1402567705103668 -0.6753520037226796 -6.2040043510985683
v 0.0454174285714286 -0.0018615714285714 -0.0145000000000000
vn 1.2153383721274111 -3.6547772894456667 -3.3344464177347097
v 0.0460919882352941 -0.0023783764705882 -0.0143336705882353
vn 4.4026402731108334 4.3085149168822490 -0.6093224044516355
v 0.0469676363636364 0.0019200000000000 -0.0134690000000000
vn 3.7585899707242660 2.9117776860290974 -2.0220962943037541
v 0.0472191333333333 0.0015611000000000 -0.0142391333333333
vn 1.0116895651624651 -2.6539830321129694 -5.4610608902277580
v 0.0447262941176471 0.0005089411764706 -0.0128390000000000
vn 5.0215676808188086 1.8256505223851713 1.9001774827708551
v 0.0026042307692308 0.0008423076923077 0.0210905384615385
vn 3.5369477253674848 2.9181299858183380 2.5272014808779644
v 0.0021071632653061 0.0016628775510204 0.0211664285714286
vn 2.3305658310312580 3.5620863528199505 2.6973684775050444
v 0.0014866250000000 0.0022363214285714 0.0211665000000000
vn 1.8231114080527207 1.5863766329529607 4.8439415016931964
v 0.0008250000000000 0.0022208125000000 0.0214000000000000
vn 1.6290034061490668 0.9852648729850522 5.6052121442282772
v 0.0021223333333333 0.0010500000000000 0.0214000000000000
vn -1.9453491254545801 -2.2828519612818168 -4.3948058085505810
v 0.0433362264150944 -0.0017534716981132 -0.0144375094339623
vn 3.9592024576644649 -1.2959348327690141 -3.9729816358503580
v 0.0440688750000000 0.0002998750000000 -0.0130495833333333
vn 3.4216124089660576 -0.2360426675109208 -1.8419193374284304
v 0.0436730909090909 -0.0002135454545455 -0.0132000000000000
vn 2.0611732636961637 2.1887418626974533 -3.0489174972712907
v 0.0441225000000000 -0.0008905000000000 -0.0145000000000000
vn -6.0180652882189740 1.7284825804278920 -0.0093484078726647
v 0.0423640909090909 0.0007787272727273 -0.0128130000000000
vn -5.5444588731899502 2.8179058720688048 -0.3175390882471607
v 0.0425053333333333 0.0011496666666667 -0.0134690000000000
vn -5.0297549981498939 3.7283490539071340 -0.0043695598755480
v 0.0428302222222222 0.0016747777777778 -0.0128130000000000
vn -3.1152074454950274 -0.2831414235893726 2.9418963179308375
v 0.0422620000000000 -0.0002600000000000 -0.0115000000000000
vn 0.2535890636326097 3.1202701319955981 2.9815798725315403
v 0.0452190000000000 0.0027410000000000 -0.0115000000000000
vn 1.7224232642942325 6.0285659315177078 -0.0226570471663870
v 0.0456920000000000 0.0026610000000000 -0.0123750000000000
vn 0.0000000000000151 0.0000000000000033 6.2831853071795862
v 0.0431980000000000 0.0008750000000000 -0.0115000000000000
vn 2.5305225091054107 5.7185100889676317 -0.0390970945515298
v 0.0460716956521739 0.0025259565217391 -0.0128130000000000
vn 3.5840740854176838 5.0532031748358834 -0.4089920509277208
v 0.0466166521739130 0.0022173478260870 -0.0134690000000000
vn -3.4773921747507326 1.0520159934082021 -2.4520849191647036
v -0.0014634761904762 0.0001903333333333 0.0134809523809524
vn -4.4611463648323735 4.3308444408789857 0.0028578066081192
v -0.0010449142857143 0.0010464857142857 0.0151330000000000
vn 5.1744121837693724 -3.3276886490995472 -0.0656466661389938
v 0.0012820000000000 -0.0007780000000000 0.0143170000000000
vn 3.5789863991626087 -5.0182390792777181 0.0007338359156815
v 0.0009355428571429 -0.0011454000000000 0.0151330000000000
vn -2.0648900343098311 -1.5993564070451192 -4.7237118060394607
v -0.0011739056603774 -0.0003546603773585 0.0134169811320755
vn 0.6102062474486690 -3.3723147169524021 -2.8337214270081788
v 0.0001703428571429 -0.0014376000000000 0.0134600000000000
vn -0.6202256231571539 -1.3170262663078196 -5.9260984502223133
v -0.0005174864864865 -0.0011676216216216 0.0134094594594595
vn 6.2069909724882457 -0.5744051246263421 0.1555560590942694
v 0.0027298260869565 -0.0002805652173913 0.0203690000000000
vn 6.2234932115951604 0.6358294462323658 0.0218462304363642
v 0.0027235909090909 0.0003349545454545 0.0197130000000000
vn 2.7839171460061687 1.4114486257157213 -2.9183990595276268
v 0.0024840000000000 0.0011810000000000 0.0184000000000000
vn 1.0709672523460554 2.9326754917175739 -2.9404914128680577
v 0.0009330666666667 0.0025756666666667 0.0184000000000000
vn 1.2409522962192459 6.1145220557411779 0.2772551084328317
v 0.0004415454545455 0.0027127272727273 0.0203690000000000
vn 0.2944282937952293 6.2659694101920991 -0.0014105086694725
v 0.0001259090909091 0.0027458181818182 0.0197130000000000
vn -0.5823937979802293 6.2267131691687290 0.1466184400089351
v -0.0001800000000000 0.0027430000000000 0.0203690000000000
vn -1.6080673251087638 6.0079847243739319 -0.2793861957001573
v -0.0005654375000000 0.0026885000000000 0.0197130000000000
vn -2.9867322472510702 -1.5905080584032500 -2.3593085819097142
v -0.0014556666666667 -0.0002655000000000 0.0134875000000000
vn -4.2889202786329665 4.4074112259558369 -0.3714097399144026
v -0.0010436470588235 0.0010481470588235 0.0143170000000000
vn 5.2197904101987556 -3.2778282001677361 -0.0001568227697472
v 0.0012820000000000 -0.0007780000000000 0.0151330000000000
vn 3.5557365954241900 -4.9948589570863122 -0.2065817578645537
v 0.0009310588235294 -0.0011499705882353 0.0143170000000000
vn -2.7862182723282403 1.3943474602252048 -3.8783158473144108
v -0.0012430816326531 0.0004476530612245 0.0134255102040816
vn -0.8710108796134063 -3.6547432096553845 -2.7127359433573370
v -0.0003169166666667 -0.0014350833333333 0.0134791666666667
vn 0.2142646071422936 -0.6612225944531201 -6.2096021866743882
v 0.0003507567567568 -0.0011127837837838 0.0134108108108108
vn 6.2210351738976968 -0.6155055078202958 0.0304629695069042
v 0.0027270476190476 -0.0003024285714286 0.0197130000000000
vn 6.2097692675306817 0.6342752438309942 0.1520505052773020
v 0.0027231363636364 0.0003420454545455 0.0203690000000000
vn 3.0175509371802036 0.8309429933912448 -2.9679131699063972
v 0.0026510000000000 0.0007310000000000 0.0184000000000000
vn 2.3624880970020765 2.0390362892559355 -2.9259168612884654
v 0.0020855000000000 0.0017765000000000 0.0184000000000000
vn 1.7757495201411744 2.5495357726313101 -2.8317334589578342
v 0.0015610000000000 0.0022640000000000 0.0184000000000000
vn 1.1870906059465578 6.1067763680433487 -0.2310052095340707
v 0.0006920000000000 0.0026610000000000 0.0192750000000000
vn 1.0706610279365558 6.1778233068798487 0.0158428938748351
v 0.0004490000000000 0.0027115000000000 0.0197130000000000
vn 0.3214163714183522 6.2645431064612787 0.0060721485584929
v 0.0001400909090909 0.0027451818181818 0.0203690000000000
vn -0.4617923108532983 6.2526428878008202 0.0030012480743662
v -0.0001800000000000 0.0027430000000000 0.0197130000000000
vn -1.4273535270156139 6.0487498061492548 0.3560656310768887
v -0.0005742941176471 0.0026865294117647 0.0203690000000000
vn -1.2648069160963706 5.3453187673341294 1.2461939829656565
v -0.0002100000000000 0.0027420000000000 0.0210250000000000
vn 0.8044804081715093 4.2004643275873441 3.4453551381081922
v 0.0002701860465116 0.0026347441860465 0.0212295813953488
vn 5.4048659873876428 -0.3645171740207940 2.1009712396937301
v 0.0026950697674419 -0.0002457674418605 0.0211413255813953
vn 2.7464095603194840 0.5184100573541482 4.9448681987833716
v 0.0024965000000000 0.0003345000000000 0.0213700000000000
vn 0.4894006647480583 -0.0476691948204510 6.2444650666696653
v 0.0022028275862069 -0.0002882413793103 0.0214000000000000
vn -0.1721279793458412 1.3980487797449863 5.9487270834902963
v -0.0003894347826087 0.0022512173913043 0.0214000000000000
vn -3.1112185684061386 -1.8037122006189286 -3.7813597603414717
v 0.0426731944444445 -0.0010985416666667 -0.0143721666666667
vn -1.0512613984961596 -3.5287598628567483 -3.4523948807704783
v 0.0441240240963855 -0.0024391927710843 -0.0143517831325301
vn 3.8300165347039519 -3.5058472986601776 -0.5603655685989534
v 0.0439720000000000 0.0010130000000000 -0.0138500000000000
vn -3.0251258039434492 -0.5598559772228560 3.5687634947762099
v 0.0435462727272727 -0.0003220000000000 -0.0115000000000000
vn -6.2104783905933303 -0.7185695017447848 -0.0364767783834491
v 0.0422824615384615 -0.0003646538461538 -0.0128130000000000
vn -6.2200626807383657 0.5430145392586762 -0.1023054925329027
v 0.0422744782608696 0.0003220869565217 -0.0134690000000000
vn -4.1198628890151516 4.4073941037761788 -0.9890552232791738
v 0.0431400000000000 0.0020260000000000 -0.0134690000000000
vn -1.2189846983894892 6.1174844918920250 0.1632909666198938
v 0.0445658181818182 0.0027146363636364 -0.0128130000000000
vn -0.1816149517664624 6.2709513449592365 0.0048203939135840
v 0.0449469411764706 0.0027469411764706 -0.0134690000000000
vn 0.5788109665823622 6.2425258580581291 0.0092588672065276
v 0.0452510000000000 0.0027390000000000 -0.0128130000000000
vn 3.0559474014988939 4.3923727397655989 -0.6858710693137149
v 0.0454874545454545 0.0027053636363636 -0.0134690000000000
vn -3.0306794050045638 0.7835431413698027 2.9747328081285156
v 0.0423390000000000 0.0006920000000000 -0.0115000000000000
vn -2.4031450836232469 1.9906611005363783 2.9225920638379876
v 0.0428783333333333 0.0017332000000000 -0.0115000000000000
vn 1.3091216607756826 2.8412015081647395 2.9469046898550588
v 0.0461440000000000 0.0025010000000000 -0.0115000000000000
vn -2.9634884762685627 -5.4487546571187933 -0.0003259571422760
v -0.0006500000000000 -0.0013520000000000 0.0151330000000000
vn -5.5876876250978755 -2.6464122348424093 0.0023298261335291
v -0.0013830000000000 -0.0005770000000000 0.0151330000000000
vn -6.1688545233230458 -0.8083455959895193 -0.0515274696817352
v -0.0014783333333333 -0.0002240000000000 0.0143170000000000
vn -6.1717531721498879 0.8379334519727064 -0.0131216349241137
v -0.0014776666666667 0.0002256666666667 0.0151330000000000
vn -5.5443176999825887 2.5546162986531367 -0.4330869837650050
v -0.0013774545454545 0.0005890909090909 0.0143170000000000
vn -1.1059927571910495 -6.1135159236128320 -0.0850594294881442
v -0.0003578181818182 -0.0014489090909091 0.0143170000000000
vn 1.1487495695164613 -6.0090991171082706 0.0009160210839089
v 0.0002122903225806 -0.0014697419354839 0.0151330000000000
vn -2.2191288914764469 2.3398973022584975 -2.6755350410772953
v -0.0010444067796610 0.0009717966101695 0.0134533898305085
vn 1.9756696869213988 -2.7428382036655403 -3.0489921118965562
v 0.0009326027397260 -0.0010674520547945 0.0134479452054794
vn 6.0224998517359651 1.6940880637729416 0.0791070403049763
v 0.0026350000000000 0.0007828181818182 0.0203690000000000
vn 5.6231146844901456 2.7443004315125505 0.0064386305216439
v 0.0025008750000000 0.0011366250000000 0.0197130000000000
vn 4.9956209349387404 3.6978124375312253 0.3719633498079029
v 0.0021797586206897 0.0016624137931034 0.0203690000000000
vn 3.3149470922598194 5.2496410019418969 0.3629117058876578
v 0.0015180344827586 0.0022827586206897 0.0203690000000000
vn 2.4423410725325669 5.7621903363342613 0.0169821142345267
v 0.0009615625000000 0.0025735625000000 0.0197130000000000
vn 3.1153284531951204 0.2849682730152450 -2.9472806842431440
v 0.0027380000000000 0.0002600000000000 0.0184000000000000
vn 0.0000000000000000 0.0000000000000000 -6.2831853071795871
v 0.0020000000000000 -0.0001140000000000 0.0184000000000000
vn -0.7944033495021352 2.7146739555167714 -4.1877082416530982
v -0.0006856666666667 0.0024094000000000 0.0184000000000000
vn 0.3315838070427259 3.1048173942252801 -2.9376449908815290
v 0.0002190000000000 0.0027410000000000 0.0184000000000000
vn -4.5459180366458716 -4.1038046129920671 -0.4417566401838487
v -0.0010481470588235 -0.0010436470588235 0.0143170000000000
vn 3.6757217907396176 4.9203530520619925 -0.1095940884210194
v 0.0009359117647059 0.0011460000000000 0.0143170000000000
vn 5.2422480213642375 3.2491669107410743 0.0015234257203997
v 0.0012860000000000 0.0007720000000000 0.0151330000000000
vn -1.3623039576484905 3.2388017016007975 -2.5763901861386649
v -0.0003451176470588 0.0014262941176471 0.0134705882352941
vn 0.4057967589140398 0.1743157162300756 -6.2435919922358671
v 0.0009704800000000 0.0002827200000000 0.0134000000000000
vn 3.3519376841504478 -0.5126490870212808 -3.0451850490900219
v 0.0013935000000000 -0.0003546964285714 0.0134526785714286
vn 0.2690783472100224 0.8237066635738877 -6.1255949581718649
v 0.0002496800000000 0.0011754000000000 0.0134000000000000
vn 2.3904526731676579 -2.0048636921595429 -2.9180086013028390
v 0.0021013333333333 -0.0017578000000000 0.0184000000000000
vn 3.0312487902393142 -0.7811704425743888 -2.9725326962058434
v 0.0026610000000000 -0.0006920000000000 0.0184000000000000
vn -2.2272234225767154 1.9876996673904919 -2.5325114879624904
v -0.0015940000000000 0.0022410000000000 0.0184000000000000
vn 3.9219227182510212 2.2000214304818653 3.2680921064173671
v 0.0023921774193548 0.0011045967741935 0.0212368548387097
vn 1.6715498775059898 4.1349910604598135 2.9825592691686333
v 0.0008726825396825 0.0024943174603175 0.0212144444444444
vn -0.4302537341440483 -0.8207125548890171 -6.1098620587888846
v 0.0439849000000000 -0.0017526000000000 -0.0145000000000000
vn 5.0048532632998963 1.4509748303279060 -1.4698255472242678
v 0.0436090000000000 -0.0003840000000000 -0.0138500000000000
vn -2.0396037086523768 2.2618512034181242 3.5019315254915480
v 0.0440399500000000 0.0011122500000000 -0.0115000000000000
vn -6.0225983461049859 1.7003829913828743 -0.0443989348372689
v 0.0423599090909091 0.0007642727272727 -0.0134690000000000
vn -5.6064312848439926 2.7737160861936871 -0.0094938704848949
v 0.0425053333333333 0.0011496666666667 -0.0128130000000000
vn -4.8009469501676127 3.8645771245665275 -0.5573274734609863
v 0.0428403928571429 0.0016881785714286 -0.0134690000000000
vn -3.1195839594752064 0.2379859639565767 2.9488219384747696
v 0.0422590000000000 0.0002190000000000 -0.0115000000000000
vn -0.6988214230251221 2.9841974441107975 2.7405125014173617
v 0.0447400000000000 0.0027380000000000 -0.0115000000000000
vn 0.7907096732590211 3.0286936620695171 2.9746204507848675
v 0.0456920000000000 0.0026610000000000 -0.0115000000000000
vn 0.0000000000000008 0.0000000000000010 6.2831853071795853
v 0.0428020000000000 -0.0006460000000000 -0.0115000000000000
vn 0.0000000000000051 -0.0000000000000004 6.2831853071795871
v 0.0433960000000000 0.0016350000000000 -0.0115000000000000
vn 2.5927341817359690 1.1671861966219452 -5.5372278443368135
v 0.0440958500000000 -0.0003188000000000 -0.0130375500000000
vn 2.1784641503662767 5.7182503940111165 -0.5755978914508323
v 0.0460753636363636 0.0025250454545455 -0.0134690000000000
vn 3.7277603127397638 4.9824082313309264 0.2302157633960113
v 0.0466283809523810 0.0022087619047619 -0.0128130000000000
vn -2.9405795131553836 -5.4195055888314707 -0.2344193294125651
v -0.0006500000000000 -0.0013520000000000 0.0143170000000000
vn -5.3187884943270785 -2.8438128064590131 -0.6359260323262756
v -0.0013804545454545 -0.0005830909090909 0.0143170000000000
vn -6.1753037977775858 -0.8196655252521401 -0.0122175437500501
v -0.0014780588235294 -0.0002239411764706 0.0151330000000000
vn -6.0969845123475528 1.0129721066686694 -0.2757551600586280
v -0.0014764705882353 0.0002346470588235 0.0143170000000000
vn -5.5767393439353707 2.6677508405576758 -0.0005767666854383
v -0.0013800000000000 0.0005830000000000 0.0151330000000000
vn 1.2142529598836682 -5.9738591320893129 -0.1265408298534889
v 0.0002220357142857 -0.0014698214285714 0.0143170000000000
vn -1.1888853660326970 -6.1021033406696983 0.0025381635783620
v -0.0003894444444444 -0.0014435000000000 0.0149970000000000
vn 3.4114249142143098 -2.2123887420895527 -2.4010770996896693
v 0.0012870000000000 -0.0007710000000000 0.0135000000000000
vn 6.0149317426951878 1.7398961346404764 0.0008753367883025
v 0.0026330000000000 0.0007895000000000 0.0197130000000000
vn 5.5458482857037454 2.8358407475356664 0.2584313508734383
v 0.0025008235294118 0.0011372352941176 0.0203690000000000
vn 5.0538378974644358 3.6966277629251598 0.0075047174173848
v 0.0021832962962963 0.0016580370370370 0.0197130000000000
vn 3.3649987909653238 5.2719444584883535 -0.0356162786412269
v 0.0015134074074074 0.0022859629629630 0.0197130000000000
vn 2.1893481751713191 5.8138688248871189 0.3501202905295868
v 0.0008979130434783 0.0025937826086957 0.0203118695652174
vn 3.1194236566998668 -0.2413791985857559 -2.9504489349866638
v 0.0027410000000000 -0.0002190000000000 0.0184000000000000
vn 0.0000000000000000 0.0000000000000000 -6.2831853071795880
v 0.0021980000000000 0.0006460000000000 0.0184000000000000
vn -0.8815947423798211 2.8750844326309131 -2.6477192319902736
v -0.0002600000000000 0.0027380000000000 0.0184000000000000
vn -4.4744590598145759 -4.3166560543615455 0.0010493748693160
v -0.0010483333333333 -0.0010438333333333 0.0151330000000000
vn 3.6251400401693266 4.9831800758322977 0.0052168191941895
v 0.0009506857142857 0.0011346285714286 0.0151330000000000
vn 5.1731983766233078 3.2629135688784192 -0.3091907897378249
v 0.0012860000000000 0.0007720000000000 0.0143170000000000
vn 0.2950320598091791 -0.1694664320304310 -6.2617430613423881
v 0.0008210800000000 -0.0004015600000000 0.0134000000000000
vn -1.8351619571221007 2.3871585187405664 -4.1864819073048869
v -0.0005328400000000 0.0011731800000000 0.0134270000000000
vn 3.2845321838234645 0.8680870073966798 -2.7893368420651159
v 0.0014017500000000 0.0003480961538462 0.0134576923076923
vn 0.2055534752707623 3.7179010222199551 -2.9919670180375078
v 0.0001246216216216 0.0014485405405405 0.0134621621621622
vn 2.7980145164878101 -1.3819391638698335 -2.9175144807631082
v 0.0025010000000000 -0.0011440000000000 0.0184000000000000
vn -0.5782634092488046 2.9035708614461488 -2.4579668740724379
v -0.0011810000000000 0.0024840000000000 0.0184000000000000
vn -3.0420754721745631 5.2969702895918633 -0.4761330836559884
v -0.0006440000000000 0.0013550000000000 0.0143170000000000
vn -1.1157629688652129 6.1121808443051373 0.0101206289434931
v -0.0003683333333333 0.0014493333333333 0.0151330000000000
vn 6.0606225549400810 1.0832467662282794 -0.1466801285337397
v 0.0014412068965517 0.0003602068965517 0.0143170000000000
vn 6.0758795354922146 -1.1198380784714645 0.0006824498798454
v 0.0014386000000000 -0.0003686000000000 0.0151330000000000
vn -0.1179334620717938 0.0934270126686649 -6.2751724218648457
v -0.0006290000000000 0.0003609090909091 0.0134000000000000
vn 0.0000000000000000 0.0000000000000000 0.0000000000000000
v 0.0012430000000000 0.0007470000000000 0.0134500000000000
vn 1.6768470748287938 3.5447146862832870 -2.4353806134961702
v 0.0005800000000000 0.0013830000000000 0.0135000000000000
vn 0.9852893605698754 6.0603822590053271 0.0247549920599789
v 0.0001745000000000 0.0014734545454545 0.0143170000000000
vn 5.0598661852233651 -3.6932158235148496 -0.0187681267633983
v 0.0021958461538462 -0.0016423846153846 0.0197130000000000
vn 5.5343105381692599 -2.8636040339034072 0.2557959576884731
v 0.0024790000000000 -0.0011875000000000 0.0203690000000000
vn 6.0003401113385060 -1.7852447060474739 0.0209295491250989
v 0.0026195000000000 -0.0008293750000000 0.0197130000000000
vn -2.5511862110818919 5.6819253591154704 0.2226655035238431
v -0.0011432500000000 0.0024925357142857 0.0203690000000000
vn -3.7903223400850905 4.9394263868106725 -0.2265861178833692
v -0.0016735000000000 0.0021785000000000 0.0197130000000000
vn -2.9332748502738935 5.4616971007066484 0.0005299359216708
v -0.0006440000000000 0.0013550000000000 0.0151330000000000
vn -1.1423531907215354 6.1020614003931826 -0.0935882809475366
v -0.0003600000000000 0.0014515882352941 0.0143170000000000
vn 6.0778271247565554 1.1143788879082333 0.0022802535295716
v 0.0014387241379310 0.0003700344827586 0.0151330000000000
vn 6.0700998825317338 -1.0935580872059321 -0.0993053575542385
v 0.0014375714285714 -0.0003738928571429 0.0143170000000000
vn -2.7967815311713555 -1.8608515029969532 -2.5300854284806920
v -0.0010414029850746 -0.0009712238805970 0.0134522388059701
vn -0.0488652917854416 -0.0325232402724317 -6.2813662154514347
v -0.0003609090909091 -0.0006290000000000 0.0134000000000000
vn 0.0121234245471202 0.0565906666690099 -6.2818115694651961
v 0.0001726086956522 0.0003008260869565 0.0134000000000000
vn 2.4675641549046876 2.2136756820975605 -3.3306894719291287
v 0.0009298734177215 0.0010302278481013 0.0134443037974683
vn 1.2326899980898469 5.9967577818821036 0.0030989075508370
v 0.0002277096774194 0.0014663548387097 0.0150540322580645
vn 5.0602450823879952 -3.6517507560625715 0.2647926727087008
v 0.0021989642857143 -0.0016379642857143 0.0203690000000000
vn 5.5784511581128990 -2.8310545087372705 -0.0099028766954351
v 0.0024758181818182 -0.0011940909090909 0.0197130000000000
vn 6.0085548133323536 -1.7282118972694001 0.0761273823727668
v 0.0026219411764706 -0.0008212941176471 0.0203690000000000
vn -2.4459643367404746 5.7187717710623538 -0.2070988632761253
v -0.0011480370370370 0.0024895185185185 0.0197130000000000
vn -3.7271024514284647 4.9916045652176457 0.2437455080407092
v -0.0016658823529412 0.0021841764705882 0.0203690000000000
vn -4.4841302147888644 0.8304067669182409 3.1785082089434948
v -0.0026117096774194 0.0003492741935484 0.0212368548387097
vn 1.9383024208514579 -1.9092282105091281 4.1887983163863112
v -0.0010280000000000 0.0010130000000000 0.0214000000000000
vn -1.9383784282803471 1.9089356034404479 4.1889907778479003
v 0.0010280000000000 -0.0010130000000000 0.0214000000000000
vn 0.6428785083731048 -4.1920560226895285 3.4883416096589714
v 0.0002303968253968 -0.0026211587301587 0.0212492698412698
vn 0.7666007219324441 -0.9563896775506361 6.0304045421794523
v 0.0015648857142857 -0.0016164285714286 0.0214000000000000
vn -0.1533560441791360 -1.4544178572648216 5.9216932029243470
v -0.0003031818181818 -0.0022646363636364 0.0214000000000000
vn -0.8374945033622969 -5.6386052898540244 1.4958134834904615
v -0.0002450000000000 -0.0027390000000000 0.0210250000000000
vn -1.6064759510478452 -0.2610013488658804 5.8277443531344471
v -0.0022678214285714 -0.0003604642857143 0.0214000000000000
vn -1.2993844546147781 1.4722140918500355 5.1125985362883783
v -0.0016936666666667 0.0016229523809524 0.0214000000000000
vn -1.1607250609301663 3.6606058662733436 -3.4492956321184995
v 0.0440623428571428 0.0024261428571429 -0.0143339285714286
vn -2.7924337034643387 2.7724649993651287 -2.5356612874714974
v 0.0459652727272727 -0.0009511818181818 -0.0132000000000000
vn -2.4165288876049700 -1.9600111302908407 -3.0244862616399617
v 0.0457060000000000 0.0010590000000000 -0.0145000000000000
vn -2.6244710634502066 -0.7221659046539177 -4.1871119882083763
v 0.0463910000000000 0.0003840000000000 -0.0145000000000000
vn 1.2426535845372784 -2.8800409274539103 3.0255390443969907
v 0.0453400000000000 -0.0014610000000000 -0.0115000000000000
vn 0.6929423962686097 -2.9131189980109986 2.5376158509253299
v 0.0461810000000000 -0.0024840000000000 -0.0115000000000000
vn 1.9310289013851414 2.1930014288809430 2.3702755021845947
v 0.0472410000000000 0.0015940000000000 -0.0115000000000000
vn -0.2140040371678752 0.6051741299991060 -6.2001431586584577
v 0.0445825714285714 0.0018615714285714 -0.0145000000000000
vn 0.6830269927104563 -0.1118887857790644 -6.2043417998444035
v 0.0468570400000000 -0.0003006400000000 -0.0145000000000000
vn 3.6721523528396571 -1.3260310254984637 -3.3527660187076607
v 0.0474168674698795 -0.0009952650602410 -0.0143176987951807
vn 6.1493662804193985 0.6435569826798817 0.3728196567675642
v 0.0477175384615385 0.0003646538461538 -0.0128130000000000
vn 6.1195951008241565 -0.9241587391688136 -0.2828747322864903
v 0.0477255217391304 -0.0003220869565217 -0.0134690000000000
vn 4.3292910877924884 -4.4517418176456953 0.3770879258902927
v 0.0469746250000000 -0.0019100625000000 -0.0128130000000000
vn 1.5839283211866115 -5.9902778005057371 -0.4556181056356757
v 0.0455068823529412 -0.0027001176470588 -0.0134690000000000
vn 0.4809822141641792 -6.2514000908815728 0.0008077436149483
v 0.0452140000000000 -0.0027420000000000 -0.0128130000000000
vn -0.5089173357780870 -6.2066274383801687 -0.3202573745113759
v 0.0449070000000000 -0.0027456666666667 -0.0134690000000000
vn -1.1360011580753926 -6.1597597894635099 -0.0220362546565885
v 0.0445125454545455 -0.0027053636363636 -0.0128130000000000
vn 2.2047405468953700 2.2380110392798902 3.1460020002326541
v -0.0010490000000000 -0.0007220000000000 0.0214000000000000
vn -2.1340618756199943 -2.2586569059586066 3.0648417958424883
v 0.0008906923076923 0.0008775384615385 0.0214000000000000
vn 0.8601776205166307 1.1284332231890510 5.9143245725231699
v 0.0015874482758621 0.0016033448275862 0.0214000000000000
vn -1.0513535276514445 -1.6664825745957401 5.5042616872175998
v -0.0017309375000000 -0.0016155625000000 0.0214000000000000
vn -2.0026746813595904 -1.6605235487568497 -5.4738222306776931
v 0.0454320606060606 0.0003547272727273 -0.0128244545454545
vn 0.9344028189292032 2.7331500007858738 -5.4202223966140028
v 0.0447540571428571 -0.0004950285714286 -0.0128252857142857
vn -3.2546582138747744 -3.0444640026176408 -2.8054591280384606
v 0.0458770000000000 0.0008900000000000 -0.0132000000000000
vn -1.0673921314586441 2.9321481492915891 -3.0958379095535991
v 0.0453503076923077 -0.0012000769230769 -0.0145000000000000
vn 0.1829515627453192 1.2000571652949283 -5.4791918960041572
v 0.0446462083333333 -0.0016976666666667 -0.0145000000000000
vn 0.6685346212644301 3.0267184551551516 3.4783003058532844
v 0.0453780000000000 0.0014520000000000 -0.0115000000000000
vn -1.4942221297396587 2.6450319379124076 2.6238170952516247
v 0.0434060000000000 0.0022410000000000 -0.0115000000000000
vn 2.0900281883487040 -2.1085095680410380 2.6028980276609266
v 0.0472640000000000 -0.0015610000000000 -0.0115000000000000
vn 2.5686766187880004 -1.7880709541513720 3.1792715342070146
v 0.0463960000000000 -0.0005500000000000 -0.0115000000000000
vn 2.7158588119351967 1.3908077487682993 2.7045222521527030
v 0.0464910000000000 0.0001620000000000 -0.0115000000000000
vn 4.0035367274493732 1.1537893535915615 -3.1884388957095693
v 0.0473918974358974 0.0010508846153846 -0.0143352307692308
vn 4.4294329918825159 4.2952437158557117 0.5696907498483881
v 0.0469725000000000 0.0019150000000000 -0.0128130000000000
vn 3.2237806157154019 -3.6200842695361675 -2.0462348587408425
v 0.0466045000000000 -0.0021895000000000 -0.0142262500000000
vn -1.2411914014522751 2.5009719592605708 5.4938232471923829
v 0.0002937058823529 -0.0004973823529412 0.0197390000000000
vn -4.4575084163768723 4.3429546234278931 0.0010577932583387
v -0.0010362903225806 0.0010509032258065 0.0167670000000000
vn -4.4168894194631543 -4.3651062178649855 0.4293630304374542
v -0.0019394545454545 -0.0019480909090909 0.0203690000000000
vn 5.1909080475578016 -3.2989772377113042 0.1009086998782941
v 0.0012820000000000 -0.0007780000000000 0.0175830000000000
vn 3.5559033738967156 -5.0414398708923631 -0.0198411061011062
v 0.0009128064516129 -0.0011625806451613 0.0167670000000000
vn -3.1161471836839629 -3.1259017784157574 2.8793162962225551
v 0.0007957500000000 0.0009515625000000 0.0201000000000000
vn 1.8939356537750398 -1.7223088663320851 5.5026776618766471
v -0.0004120263157895 0.0003867368421053 0.0197390000000000
vn 3.2231295864814102 3.0488561029503045 2.8094644230460859
v -0.0008770000000000 -0.0008900000000000 0.0201000000000000
vn 2.9168760183424283 -0.8497202958427124 -3.5942303976378183
v 0.0014350000000000 -0.0004000000000000 0.0184000000000000
vn 4.2261444814402260 4.5091162879533311 0.4890075543833535
v 0.0018800000000000 0.0020070000000000 0.0203690000000000
vn -2.1607084384080579 -2.0953434123443646 -2.5831510397611908
v -0.0015610000000000 -0.0022640000000000 0.0184000000000000
vn -2.0408504286467126 -2.1448536487050660 -2.4559837111898317
v -0.0022410000000000 -0.0015940000000000 0.0184000000000000
vn -1.0080113086486673 2.9598218740406055 -3.3207924270273850
v -0.0003400000000000 0.0014610000000000 0.0184000000000000
vn -2.7490345220834018 -1.1248805895193277 5.4621552828492144
v 0.0006030000000000 0.0001535000000000 0.0197390000000000
vn -2.9382758569690655 -5.4575847979117462 0.0030505733183145
v -0.0006500000000000 -0.0013520000000000 0.0167670000000000
vn -5.6045588039660919 -2.5912819779524980 0.0014178708118989
v -0.0013851538461538 -0.0005718461538462 0.0167670000000000
vn -6.1832513600175991 -0.6870605667589309 -0.0160274562973264
v -0.0014892500000000 -0.0001633333333333 0.0175830000000000
vn -6.1701727691195236 0.9336868069535315 0.0030667445457407
v -0.0014776666666667 0.0002256666666667 0.0167670000000000
vn -5.5522227720551456 2.7051322241202200 0.0023120491822096
v -0.0013800000000000 0.0005830000000000 0.0175830000000000
vn -2.4965358420043100 -5.6940721267828938 0.2862177348903804
v -0.0011180689655172 -0.0025027931034483 0.0203690000000000
vn -3.7193879754488073 -4.9943658728999125 -0.2083725613264291
v -0.0016457500000000 -0.0022001250000000 0.0197130000000000
vn -5.0642989663283799 -3.6150683263171062 -0.2076453517013095
v -0.0022274545454545 -0.0016032727272727 0.0197130000000000
vn -5.7731277731435640 -2.2611499123117582 0.3075119030341139
v -0.0025535357142857 -0.0009980000000000 0.0203690000000000
vn 1.1979260580356039 -6.0091082057648055 -0.0110190495622913
v 0.0002319655172414 -0.0014677931034483 0.0167670000000000
vn -1.1820892795112576 -6.1086656339087497 0.0058767787316962
v -0.0003841818181818 -0.0014420909090909 0.0175830000000000
vn -0.6793498384189591 -2.6003229520136504 2.0529918370105111
v 0.0003630000000000 0.0013970000000000 0.0201000000000000
vn -4.0287526210122717 -0.5005143911702588 2.4724392735624003
v 0.0013205000000000 0.0001965000000000 0.0201000000000000
vn -4.2458573793441579 1.5332280057342320 2.8312117461594868
v 0.0011626923076923 -0.0004311538461538 0.0201000000000000
vn 0.2282478443831715 0.0094229223670855 4.1692868357699862
v 0.0000000000000000 0.0000000000000000 0.0193780000000000
vn 0.0000000000000000 0.0000000000000000 0.0000000000000000
v 0.0002100000000000 0.0008070000000000 0.0198590000000000
vn 1.2485173494151982 -4.2064030628665110 2.9319460924559193
v -0.0004477692307692 0.0011561538461538 0.0201000000000000
vn 2.5582554333065524 1.7104125573912081 -3.5435068734957786
v 0.0012450000000000 0.0008360000000000 0.0184000000000000
vn -0.0000000000000180 0.0000000000000110 -6.2831853071795862
v -0.0008750000000000 -0.0018020000000000 0.0184000000000000
vn -4.4453957165556934 4.3541292287602227 -0.0205761619536603
v -0.0010270000000000 0.0010611071428571 0.0175830000000000
vn -4.4025800453018542 -4.3589510383198977 -0.4999661810945366
v -0.0019345000000000 -0.0019530000000000 0.0197130000000000
vn 5.2029269628735193 -3.2947666976330372 0.0051632280000419
v 0.0012820000000000 -0.0007780000000000 0.0167670000000000
vn 3.4895863334219950 -5.0607703836913505 0.0580591004151189
v 0.0008994074074074 -0.0011784444444444 0.0175830000000000
vn -1.1350011239801026 -2.6517600284503615 5.4017837926796544
v 0.0002966206896552 0.0004791724137931 0.0197224482758621
vn 2.0464100437215089 1.5152223419253756 5.5034379798694610
v -0.0004259411764706 -0.0003620882352941 0.0197248823529412
vn 0.0000000000000000 0.0000000000000000 0.0000000000000000
v -0.0003780000000000 -0.0014520000000000 0.0159500000000000
vn 3.0246701451222897 0.5564490770128691 -3.5629361371137609
v 0.0014531538461538 0.0003244615384615 0.0184000000000000
vn 0.1406613845849897 2.3570912631508727 -4.9288767037922154
v 0.0001600909090909 0.0017141818181818 0.0184000000000000
vn 4.2357115769144382 4.5881369647131383 -0.0770620701209116
v 0.0018800000000000 0.0020070000000000 0.0197130000000000
vn -1.3040683802772568 -2.8432311025423167 -2.9427542258714610
v -0.0011440000000000 -0.0025010000000000 0.0184000000000000
vn -2.9273371278492917 -0.4521188127108863 -2.6388819191629831
v -0.0025675000000000 -0.0009560000000000 0.0184000000000000
vn -1.5236702472338961 2.6988024598130749 -3.4710295041595769
v -0.0006800000000000 0.0013370000000000 0.0184000000000000
vn -4.4789674067264764 -4.3105348613902814 0.0002163381803357
v -0.0010483333333333 -0.0010438333333333 0.0167670000000000
vn -6.1481260436994747 -0.8010365892095326 0.2865159583890182
v -0.0027231363636364 -0.0003420454545455 0.0203690000000000
vn -6.1918162914359272 0.7461476057799211 0.0204970888121888
v -0.0027270476190476 0.0003024285714286 0.0197130000000000
vn 3.5692856383033571 5.0213648065748480 0.0108741958948015
v 0.0009344324324324 0.0011463783783784 0.0167670000000000
vn 5.2679004114688430 3.1923339377406053 0.0112261521051567
v 0.0012860000000000 0.0007720000000000 0.0175830000000000
vn -2.5915699133264525 3.1575741559090558 2.7873113005153454
v 0.0008631176470588 -0.0009841176470588 0.0201000000000000
vn 2.8242699350617460 -2.7883734763498778 2.6034624577950543
v -0.0009590000000000 0.0009450000000000 0.0201000000000000
vn -0.6573218361667033 -3.0264708715882342 -3.4973597950332684
v -0.0003780000000000 -0.0014520000000000 0.0184000000000000
vn 0.0000000000000000 0.0000000000000000 0.0000000000000000
v 0.0003780000000000 0.0014520000000000 0.0159500000000000
vn -1.5089436212862144 -6.0653190363492122 0.1896920183980378
v -0.0005299411764706 -0.0026944705882353 0.0202917058823529
vn -0.4313505441574808 -6.2575405728171587 0.0001030271138484
v -0.0002110000000000 -0.0027420000000000 0.0197130000000000
vn 0.4321484392618521 -6.2413537320244821 0.1742503875770394
v 0.0001108823529412 -0.0027447647058824 0.0203690000000000
vn 1.3102262204336197 -6.0970325135646135 -0.2048387073921227
v 0.0004970000000000 -0.0027037272727273 0.0197130000000000
vn 4.2254329218494053 -4.5399241596745092 0.3863908005547676
v 0.0018990000000000 -0.0019890000000000 0.0203690000000000
vn 1.4466150898469214 -2.6587471348150666 -2.5954748123870934
v 0.0015940000000000 -0.0022410000000000 0.0184000000000000
vn -3.0999542910619429 -0.3298529854413951 -3.3981035221411089
v -0.0014910000000000 -0.0001620000000000 0.0184000000000000
vn -2.8249120947268880 1.2673916244978769 -3.4984834625896299
v -0.0013960000000000 0.0005500000000000 0.0184000000000000
vn -2.0691026185093548 2.1260268949493866 -2.4796401411626108
v -0.0022640000000000 0.0015610000000000 0.0184000000000000
vn -4.4370982317812455 4.3391007942295206 0.4482653060130460
v -0.0019480909090909 0.0019394545454545 0.0203690000000000
vn -2.8188191287336601 0.9680465114491590 5.4413154314579684
v 0.0006134444444444 -0.0001005555555556 0.0197390000000000
vn -2.9044917952455709 -5.4746573433659655 -0.0022706564202759
v -0.0006500000000000 -0.0013520000000000 0.0175830000000000
vn -5.5872747095391890 -2.6432536634661892 -0.0405129298012872
v -0.0013774000000000 -0.0005904000000000 0.0175830000000000
vn -6.1886063179636377 -0.6482508482229334 0.0030400722247624
v -0.0014905000000000 -0.0001510000000000 0.0167670000000000
vn -6.1732065788165045 0.9172036121354364 -0.0176979665933363
v -0.0014773529411765 0.0002256470588235 0.0175830000000000
vn -5.5639355982599144 2.6857476252250851 0.0037059301369051
v -0.0013800000000000 0.0005830000000000 0.0167670000000000
vn -2.5752089823417412 -5.7023909891008033 0.0482892161061300
v -0.0011079629629630 -0.0025072592592593 0.0197130000000000
vn -3.6506181472944257 -5.0350635527348695 0.3150077674012965
v -0.0016528823529412 -0.0021947058823529 0.0203690000000000
vn -5.1274838665844209 -3.5124881603388807 0.2832116520229238
v -0.0022295217391304 -0.0016006956521739 0.0203690000000000
vn -5.8027516599728033 -2.2846965198304847 -0.0071509751047978
v -0.0025516923076923 -0.0010031153846154 0.0197130000000000
vn -1.0984985452685296 -6.1136608183685999 0.0127228862124103
v -0.0003572222222222 -0.0014518333333333 0.0169030000000000
vn 1.1647314533655413 -6.0140000870603370 0.0290351336883834
v 0.0002271111111111 -0.0014677407407407 0.0175830000000000
vn -0.1013676202211552 -1.1887025982811261 6.0373064729516708
v 0.0001382727272727 0.0012318181818182 0.0201000000000000
vn 1.8375896330105661 2.5021233253882231 -3.5224328338298969
v 0.0008516666666667 0.0012214666666667 0.0184000000000000
vn -0.0000000000000004 -0.0000000000000006 -6.2831853071795862
v 0.0016350000000000 0.0016040000000000 0.0184000000000000
vn -2.0527567270263325 -2.0912917540602942 -3.9836518567912154
v -0.0017923333333333 -0.0017933333333333 0.0184000000000000
vn -2.3352747208909541 -2.0434114150957874 -3.4589052019252131
v -0.0011191333333333 -0.0009821333333333 0.0184000000000000
vn -1.2461605373249676 -0.8616280563474181 -0.3899218603954068
v 0.0011415000000000 0.0004825000000000 0.0201000000000000
vn -2.9217070244642978 5.4705232584984254 -0.0046734891247545
v -0.0006440000000000 0.0013550000000000 0.0175830000000000
vn -1.1199569427812461 6.1122897348924710 0.0008983636074437
v -0.0003683333333333 0.0014493333333333 0.0167670000000000
vn -5.8326027596345567 2.2096406738098593 0.0129728510092361
v -0.0025609629629630 0.0009779629629630 0.0197130000000000
vn -5.1383281999993153 3.4975000736067248 0.2697185767419960
v -0.0022406956521739 0.0015853478260870 0.0203690000000000
vn 6.0843441915116072 1.1258662611588253 -0.0099530031689944
v 0.0014384090909091 0.0003574545454545 0.0175830000000000
vn 6.0752714839850768 -1.1148419858842440 -0.0026645698491015
v 0.0014386000000000 -0.0003686000000000 0.0167670000000000
vn -1.0998957780027541 4.3203141051142087 2.9246922968991207
v 0.0001935714285714 -0.0012242857142857 0.0201000000000000
vn 0.6375332193582673 2.6185320931032239 2.0621543918355618
v -0.0003630000000000 -0.0013970000000000 0.0201000000000000
vn 4.2625700682194365 -1.0724163280073602 2.8978532179997187
v -0.0011626923076923 0.0004311538461538 0.0201000000000000
vn 0.6401328291619297 2.6152088008011951 5.5301669631785781
v -0.0002100000000000 -0.0008070000000000 0.0198590000000000
vn 1.0954413239930318 6.0136995537408078 -0.4025020837150217
v 0.0001876818181818 0.0014700454545455 0.0175830000000000
vn 1.8980153788836351 -2.3898134438015877 -3.5364262463827929
v 0.0009304210526316 -0.0011357368421053 0.0184000000000000
vn 2.2780457087499721 -5.7525015554546224 -0.4548556008727216
v 0.0009364761904762 -0.0025801904761905 0.0197130000000000
vn 3.4220398485969556 -5.1947232396525704 0.3114554835706438
v 0.0015392142857143 -0.0022681428571429 0.0203690000000000
vn -0.7972272638792890 -3.0268524258953282 -2.9728847868071715
v -0.0006920000000000 -0.0026610000000000 0.0184000000000000
vn 0.7358805559185599 -2.9642764297023456 -2.7262829442465111
v 0.0002600000000000 -0.0027380000000000 0.0184000000000000
vn 0.0000000000000403 0.0000000000000005 -6.2831853071795862
v 0.0016040000000000 -0.0016350000000000 0.0184000000000000
vn -2.6863055100958180 -0.0598078174126107 -4.5495516086272358
v -0.0024080000000000 -0.0004958888888889 0.0184000000000000
vn -2.1042991979191248 1.9857034839045924 -4.0567980036147615
v -0.0017815000000000 0.0017825000000000 0.0184000000000000
vn -2.3379921355361200 2.0258364267233331 -3.5313072238910452
v -0.0011217500000000 0.0009792500000000 0.0184000000000000
vn -2.9398057701004849 5.4569228561695002 -0.0030141420192223
v -0.0006440000000000 0.0013550000000000 0.0167670000000000
vn -1.1718678920652355 6.1061724294144337 -0.0177355262411458
v -0.0003771875000000 0.0014469375000000 0.0175830000000000
vn -5.8137323838956885 2.1506016409901547 0.2872820640825053
v -0.0025627931034483 0.0009728275862069 0.0203690000000000
vn -5.0797395408864041 3.5872865126952949 -0.2057033986022379
v -0.0022408095238095 0.0015858095238095 0.0197130000000000
vn 6.0862803759379922 1.1101924730845834 -0.0004098469009956
v 0.0014357200000000 0.0003698400000000 0.0167670000000000
vn 6.0827852290419049 -1.1014364707862734 -0.0321617621729834
v 0.0014412962962963 -0.0003580000000000 0.0175830000000000
vn 4.0220381473625828 0.9048242382555222 3.0132824137126315
v -0.0012391363636364 -0.0003265000000000 0.0201000000000000
vn 0.5045135399265067 1.2704396740365760 5.9602430337633701
v -0.0004660000000000 -0.0011485000000000 0.0201000000000000
vn 1.1978762525414286 5.9954127459279496 0.0274169809334942
v 0.0002183793103448 0.0014693448275862 0.0168514137931034
vn 2.2581836515644000 -5.7994627834378045 0.2659403763947669
v 0.0009360434782609 -0.0025799565217391 0.0203690000000000
vn 3.2782103477083360 -5.2980032273453741 -0.2081552996021638
v 0.0015439629629630 -0.0022651111111111 0.0197130000000000
vn -0.2498677104373641 -3.1207126291020102 -2.9841083229792376
v -0.0002190000000000 -0.0027410000000000 0.0184000000000000
vn -1.7324060383370241 -6.0209432852095590 0.0201045877489747
v -0.0006920000000000 -0.0026610000000000 0.0192750000000000
vn 0.0000000000000010 0.0000000000000031 -6.2831853071795862
v -0.0018020000000000 0.0008750000000000 0.0184000000000000
vn -3.0079807058219878 -0.1641317521931785 -2.6762348637375624
v -0.0027410000000000 0.0002190000000000 0.0184000000000000
vn -2.0688544100002932 -4.0802478768405219 2.8912176406021035
v -0.0011029454545455 -0.0024222727272727 0.0211949090909091
vn -4.3907869235467887 -1.7524794777750632 2.8623605707225375
v -0.0024289333333333 -0.0010591333333333 0.0212114933333333
vn -1.4202915844262054 -5.2245528011588620 0.6752460827526456
v 0.0003630000000000 0.0013970000000000 0.0207500000000000
vn -5.0973290281413117 -1.8184699635522028 1.3929609068075073
v 0.0013910000000000 0.0003840000000000 0.0207500000000000
vn -2.6134226893291816 1.1071295962479912 4.4026522016207368
v 0.0015209444444444 -0.0002017222222222 0.0214000000000000
vn 0.0000000000000561 0.0000000000000854 6.2831853071795862
v -0.0004318461538462 0.0018653076923077 0.0214000000000000
vn -0.7713898865937308 -2.0098936417772642 -5.8700062192117688
v 0.0453954375000000 0.0010379375000000 -0.0131246875000000
vn -4.0295161426514818 -0.9563514711456527 -2.9878368609621502
v 0.0462370909090909 0.0003411818181818 -0.0132000000000000
vn -1.3748081119440561 -5.2393138104479391 -0.5718459513548066
v 0.0453630000000000 0.0013970000000000 -0.0138500000000000
vn -1.9383030682175730 1.9091732203435292 -4.1888468604604974
v 0.0460280000000000 -0.0010130000000000 -0.0145000000000000
vn -3.5168811756861422 5.0532307663554894 -0.5521593422923645
v 0.0434381304347826 0.0022569565217391 -0.0134690000000000
vn -2.2660696720551359 5.7707747860259930 0.3923209957401599
v 0.0440470769230769 0.0025711153846154 -0.0128130000000000
vn 0.0000000000000045 -0.0000000000000079 6.2831853071795862
v 0.0458750000000000 0.0018020000000000 -0.0115000000000000
vn -0.7181477364992455 -3.1949687894888759 -4.2347407814850797
v 0.0447801044776119 -0.0025101641791045 -0.0143932089552239
vn 2.6189451600928400 -2.5010765540809143 -3.9621219795956266
v 0.0468046857142857 -0.0017964714285714 -0.0143834714285714
vn 3.5303048209459922 0.8940974338425078 -3.8792343812299261
v 0.0475112352941177 0.0003937294117647 -0.0143601411764706
vn 5.8357115630023175 -2.2177907388871363 -0.0030198797285225
v 0.0475544230769231 -0.0009927307692308 -0.0128130000000000
vn 5.2063360538398102 -3.4094128800496653 -0.2442512490282202
v 0.0472628125000000 -0.0015574375000000 -0.0134690000000000
vn 5.1587823924718794 -0.0305042777480473 -1.6431842099643812
v 0.0477500000000000 -0.0000180000000000 -0.0141250000000000
vn 1.2397073723245098 -5.0260801982481418 -1.8562899620691302
v 0.0452100000000000 -0.0027420000000000 -0.0141250000000000
vn -2.5078583047748180 -2.2078454256143534 3.3610255669431592
v 0.0440592837837838 -0.0010094594594595 -0.0065418918918919
vn -6.0959702541403882 -1.0706191669442908 -0.0112982706527708
v 0.0435615652173913 -0.0003566086956522 -0.0106830000000000
vn -4.0549095712175820 4.7472132753076668 -0.0018310810168101
v 0.0440525200000000 0.0011435600000000 -0.0098670000000000
vn -0.2703873810277205 -0.8464073928677550 6.1240266835517705
v 0.0447503200000000 -0.0011754000000000 -0.0065000000000000
vn 1.5295232620880648 -2.9484704211478623 2.3546712724230670
v 0.0453390000000000 -0.0014163750000000 -0.0065609375000000
vn 1.2627862813778263 6.0957140485358483 0.0131357574384275
v 0.0454041666666667 0.0014366666666667 -0.0098670000000000
vn 6.1956026030562779 0.5774563638015031 0.0075506965282758
v 0.0464925384615385 0.0001325384615385 -0.0098670000000000
vn 5.5912560386685790 -2.6642033954699511 0.0008916011055138
v 0.0463745000000000 -0.0005955000000000 -0.0098670000000000
vn 4.6581167764374110 -4.0469850581746556 0.3441080333488575
v 0.0460829310344828 -0.0010167241379310 -0.0074170000000000
vn 0.0000000000000000 0.0000000000000000 0.0000000000000000
v 0.0437420000000000 -0.0007220000000000 -0.0065500000000000
vn -1.6822228925474154 -3.5157854185196777 2.4535151320850321
v 0.0444200000000000 -0.0013830000000000 -0.0066000000000000
vn -5.9870994548293828 1.3589620149946129 -0.1494001977804638
v 0.0435670000000000 0.0003895925925926 -0.0106830000000000
vn -5.2192243323673964 3.2959504851629076 0.0001912024349485
v 0.0437290000000000 0.0007970000000000 -0.0098670000000000
vn -2.5188291721813458 5.6507572861554420 0.0037671618940538
v 0.0443830000000000 0.0013670000000000 -0.0098670000000000
vn -0.1841876914690619 -3.7470355487796700 2.9302434722267563
v 0.0448763055555556 -0.0014485833333333 -0.0065625000000000
vn 1.5386701874507691 -2.4486885157405194 4.3741614443508778
v 0.0455381190476191 -0.0011205952380952 -0.0065226190476190
vn -0.5769456861300470 6.1863626641004430 0.0085330338023889
v 0.0448119032258065 0.0014733870967742 -0.0098670000000000
vn 0.0000000000000000 0.0000000000000000 0.0000000000000000
v 0.0453780000000000 0.0014520000000000 -0.0090500000000000
vn 3.0051854636199216 5.4191469786405086 0.0012968221680491
v 0.0456660000000000 0.0013440000000000 -0.0098670000000000
vn 4.5330642470837770 4.2579307053721962 0.0488014423393964
v 0.0460609375000000 0.0010305937500000 -0.0106830000000000
vn 5.6439993350196929 2.5103049877803141 -0.0052962752643696
v 0.0463935000000000 0.0005495000000000 -0.0098670000000000
vn 6.1615221742355244 -0.9830575979493233 0.0077521966259202
v 0.0464766666666667 -0.0002346666666667 -0.0098670000000000
vn 4.6016594638521120 -4.1973910782793782 -0.0005621560034151
v 0.0460759655172414 -0.0010241034482759 -0.0082330000000000
vn -3.3143162652214397 -0.8520495461885113 2.7891294463253433
v 0.0435928490566038 -0.0003317735849057 -0.0065594339622641
vn -0.3197113947727134 0.1621639937188205 6.2622496062277273
v 0.0441789200000000 0.0004015600000000 -0.0065000000000000
vn -3.7067613242426551 -4.9353922103134025 0.1021103047432079
v 0.0440382812500000 -0.0011238750000000 -0.0106830000000000
vn -4.0843984972967942 4.7181136993694839 -0.0000866234979196
v 0.0440324482758621 0.0011283793103448 -0.0082330000000000
vn -5.2528234333598647 3.2306929822188990 0.0648605191065698
v 0.0437290000000000 0.0007970000000000 -0.0074170000000000
vn -2.3729886145498984 5.5920585311204292 0.5415199211114721
v 0.0443830000000000 0.0013670000000000 -0.0074170000000000
vn -3.3406821886052089 0.5966144842181261 3.0036196526006465
v 0.0436102500000000 0.0003690000000000 -0.0065526785714286
vn -0.4645125181985008 -0.1419225444882298 6.2409830146963197
v 0.0440105833333333 -0.0002699583333333 -0.0065000000000000
vn -5.3225511679416622 -3.1003174451436339 -0.0187879956048497
v 0.0436990000000000 -0.0007470000000000 -0.0106830000000000
vn -5.2378838504871004 3.2755860324372956 -0.0031653018239852
v 0.0437290000000000 0.0007970000000000 -0.0082330000000000
vn -4.0432808327154719 4.7366376559273977 0.1637086650812473
v 0.0440254827586207 0.0011210000000000 -0.0074170000000000
vn -2.5463065274456400 5.6397549172973269 0.0003396913795295
v 0.0443830000000000 0.0013670000000000 -0.0082330000000000
vn -1.9310132923032723 2.7769296046516083 3.1405282017920313
v 0.0440747361111111 0.0010762222222222 -0.0065479166666667
vn -3.6616712847136643 -4.9435470018881373 0.0034042125050673
v 0.0440300571428572 -0.0011173714285714 -0.0098670000000000
vn -6.1013479810899973 -1.0010170709652724 -0.0045599978345846
v 0.0435524827586207 -0.0003340689655172 -0.0082330000000000
vn -6.0418428071658186 1.1949968931359101 0.1598656338586033
v 0.0435625357142857 0.0003738928571429 -0.0074170000000000
vn -3.5038452527114226 2.0913937647403218 2.4042189949832502
v 0.0437130000000000 0.0007710000000000 -0.0066000000000000
vn -5.3075117615278105 -3.1285875134686574 0.0053942946817245
v 0.0436990000000000 -0.0007470000000000 -0.0098670000000000
vn -6.0813276766220712 -1.0007137922149469 0.1427570141711293
v 0.0435520000000000 -0.0003340714285714 -0.0074170000000000
vn -6.0636535969242615 1.2050968911033619 -0.0012618370827584
v 0.0435642000000000 0.0003790000000000 -0.0082330000000000
vn -0.1526816926918027 0.5219404089754955 6.2315685648489270
v 0.0446857931034483 0.0010163448275862 -0.0065000000000000
vn 0.9193459700796680 3.5936013327532716 2.6781338807966182
v 0.0453341250000000 0.0014305833333333 -0.0065791666666667
vn 2.6877991584571976 -1.5897837940124639 3.9397613745662703
v 0.0462479803921569 -0.0004479803921569 -0.0065274509803922
vn 0.0000000000000000 0.0000000000000000 0.0000000000000000
v 0.0446220000000000 -0.0014520000000000 -0.0090500000000000
vn 4.5459942861112186 4.0730253597171142 0.5096715212738520
v 0.0460654571428571 0.0010253428571429 -0.0074170000000000
vn 1.3242312827534153 -6.0602134434186485 -0.0059579843602624
v 0.0454100000000000 -0.0014335000000000 -0.0098670000000000
vn 3.0730326072919674 1.5240505998911824 2.3541313210205486
v 0.0464602000000000 0.0002424800000000 -0.0065880000000000
vn -0.7154999319518741 3.3336138889818492 2.7931086557479281
v 0.0447813200000000 0.0014287400000000 -0.0065580000000000
vn 0.6865274543698072 1.3116814996323716 5.8987986913105992
v 0.0455237631578947 0.0011696052631579 -0.0065105263157895
vn 2.1422552554657446 1.5962246489179401 4.6409841170093245
v 0.0461889423076923 0.0003461730769231 -0.0065182692307692
vn -1.1214834853526676 -5.9940347641513867 0.0043916635804867
v 0.0447937200000000 -0.0014685200000000 -0.0098670000000000
vn 4.5435822836488926 4.2412109624734873 0.0007225575327719
v 0.0460673333333333 0.0010241666666667 -0.0082330000000000
vn 4.5981485428092403 -4.2108670785697999 0.0006396303576252
v 0.0460816363636364 -0.0010130909090909 -0.0106830000000000
vn 3.1868514723425574 -5.3148522384317820 -0.0032126770242582
v 0.0457470000000000 -0.0013010000000000 -0.0098670000000000
vn 3.5865653514313554 -0.9190626648867591 2.6495195086813443
v 0.0464624736842105 -0.0002045263157895 -0.0065815789473684
vn -2.9767283411841627 3.1100789578886112 -2.4016210026595739
v 0.0428778392857143 0.0016153571428571 -0.0142882500000000
vn -4.7597640042985851 1.7181970154555590 -2.1348671894520681
v 0.0423715263157895 0.0007701052631579 -0.0141698421052632
vn 2.8645025483292543 -1.1297973623732152 -3.0609990108507388
v 0.0438510000000000 0.0005470000000000 -0.0145000000000000
vn 1.5773963719801301 0.4493450429667409 -5.3949988159970932
v 0.0432753500000000 -0.0004238000000000 -0.0145000000000000
vn 3.1458676243835746 3.1105938372762285 -2.9311106527386990
v 0.0442344285714286 -0.0009744285714286 -0.0132000000000000
vn -1.0696077327609030 -2.9326663718756434 2.9321319027980102
v 0.0440820000000000 -0.0025810000000000 -0.0115000000000000
vn -2.7799123562197505 -1.4200534747183235 2.9241435075238860
v 0.0425160000000000 -0.0011810000000000 -0.0115000000000000
vn 1.2353785901907399 3.6197816714421203 -3.3332125784656572
v 0.0460865479452055 0.0023682191780822 -0.0143355068493151
vn -3.2775807946045021 1.7402959892090399 -3.9081542769920938
v 0.0426733478260870 0.0010805797101449 -0.0143716231884058
vn 1.6250979546978686 -1.2734459098589754 -5.3973940361103878
v 0.0434374117647059 0.0002097647058824 -0.0145000000000000
vn -1.1574740397334593 -6.1026002982298753 0.2208742639602989
v 0.0443080000000000 -0.0026610000000000 -0.0123750000000000
vn -1.7631914317597648 -2.5573224593173407 2.8278807089466516
v 0.0434390000000000 -0.0022640000000000 -0.0115000000000000
vn -2.3643691234783573 -2.0362273925368628 2.9043214537021003
v 0.0429145000000000 -0.0017765000000000 -0.0115000000000000
vn -3.0197613864015018 -0.8245959079960983 2.9730602095274441
v 0.0423490000000000 -0.0007310000000000 -0.0115000000000000
vn 2.9007524184758280 3.7560402531810584 -2.0185499476619668
v 0.0465933870967742 0.0021974838709677 -0.0142354516129032
vn 0.1393294179588356 0.0479251130761760 6.2790554686077247
v 0.0453609090909091 0.0006290000000000 -0.0065000000000000
vn 2.6789516826805970 1.7334411187361254 2.5047837309202046
v 0.0460700983606557 0.0009338688524590 -0.0065500000000000
vn -0.0584220592700568 -0.0920888998583446 6.2792750773486148
v 0.0446390909090909 -0.0006290000000000 -0.0065000000000000
vn -1.3658684242619767 -5.9466965626859984 0.5529587459001784
v 0.0447598888888889 -0.0014667777777778 -0.0105923333333333
vn -0.6577930069138370 6.1823093915113319 -0.0009669329361073
v 0.0447926551724138 0.0014717586206897 -0.0082330000000000
vn 1.2237121437593901 6.0892019179203345 0.0629999004036528
v 0.0453878235294118 0.0014439411764706 -0.0075610000000000
vn 2.9770609053911645 5.4285257125521493 -0.0058707020796516
v 0.0456660000000000 0.0013440000000000 -0.0082330000000000
vn 5.6270377410853918 2.5656111557444614 -0.0004837108419506
v 0.0463910909090909 0.0005556363636364 -0.0082330000000000
vn 6.1860265130213161 0.7058029881959290 0.0629829792549885
v 0.0464817058823529 0.0001986470588235 -0.0074170000000000
vn 6.1640380776729904 -0.8944697523227925 0.0010248786438094
v 0.0464766666666667 -0.0002346666666667 -0.0082330000000000
vn 5.4719514474131934 -2.7397367791100167 0.4334917689938348
v 0.0463772727272727 -0.0005890909090909 -0.0074170000000000
vn 4.6067281168688119 -4.2009281106082854 -0.0018167190903546
v 0.0460732400000000 -0.0010226000000000 -0.0098670000000000
vn 3.2172993897720406 -5.2909760162963018 -0.0191688279956447
v 0.0457470000000000 -0.0013010000000000 -0.0106830000000000
vn 0.0312590333339458 -0.0212450463806890 6.2828689423083084
v 0.0450000000000000 0.0000000000000000 -0.0065000000000000
vn 0.0919726275478840 -0.0864261250299643 6.2768482907127447
v 0.0456290000000000 -0.0003609090909091 -0.0065000000000000
vn -0.7717531124609573 6.1175135883968865 0.2767557835276486
v 0.0448026551724138 0.0014721034482759 -0.0074170000000000
vn 1.1271829175129995 6.1169044460225894 -0.0058875937469270
v 0.0453558333333333 0.0014493333333333 -0.0082330000000000
vn 3.0711678196210088 5.3116108798620711 0.3659229068050460
v 0.0456660000000000 0.0013440000000000 -0.0074170000000000
vn 5.4059517355052948 2.7117934561372161 0.5968055898459979
v 0.0463959090909091 0.0005433636363636 -0.0074170000000000
vn 6.1863371503489484 0.7342245095013357 0.0000559965224027
v 0.0464820000000000 0.0001986666666667 -0.0082330000000000
vn 6.1589716125743514 -0.8849804159303331 0.0764562092031612
v 0.0464764117647059 -0.0002346470588235 -0.0074170000000000
vn 5.5986879521159016 -2.6541320373549042 0.0001581561666273
v 0.0463745000000000 -0.0005955000000000 -0.0082330000000000
vn 1.5884916576445434 -6.0153054359289460 0.2984967061313489
v 0.0454098181818182 -0.0014329090909091 -0.0106830000000000
vn 2.3349419004148610 -2.2928161811880039 2.6466010798370285
v 0.0460359122807018 -0.0009828771929825 -0.0065526315789474
vn -1.0641532729384306 -6.0068500953129114 -0.0203678252552245
v 0.0448089130434782 -0.0014726521739130 -0.0082330000000000
vn -0.6578902333715637 6.1837486174964083 0.0158202485782154
v 0.0448025384615385 0.0014731538461538 -0.0106830000000000
vn 2.9731548278872384 5.4363776580069789 -0.0009134803665446
v 0.0456660000000000 0.0013440000000000 -0.0106830000000000
vn 4.5490607262044955 4.2339175681423216 -0.0007371491494450
v 0.0460673333333333 0.0010241666666667 -0.0098670000000000
vn 5.6619319656663798 2.4720782031838811 0.0316929009832614
v 0.0463955384615385 0.0005443076923077 -0.0106830000000000
vn 6.0457239751012590 -1.3568216887558413 0.6283235970677802
v 0.0464751250000000 -0.0002436250000000 -0.0106830000000000
vn 3.1736018899298362 -5.3263819578881302 0.0015299726449145
v 0.0457470000000000 -0.0013010000000000 -0.0082330000000000
vn 1.5171623519141375 -5.9191179445657527 0.4270736432654952
v 0.0454101818181818 -0.0014340909090909 -0.0074170000000000
vn -3.6240291170610135 -4.9744293609390118 -0.0143630743459313
v 0.0440464864864865 -0.0011296216216216 -0.0082330000000000
vn -5.2280318849736789 -3.1713589729692595 0.3147999193147015
v 0.0436990000000000 -0.0007470000000000 -0.0074170000000000
vn -6.1094129871729947 -0.9861675997893017 -0.0087224847218844
v 0.0435550000000000 -0.0003326800000000 -0.0098670000000000
vn -4.0865026702476976 4.7208400945216464 -0.0591389554120598
v 0.0440374545454546 0.0011276363636364 -0.0106830000000000
vn -1.1214698017504274 -6.0022328424995024 -0.0405150957959872
v 0.0447652068965517 -0.0014663103448276 -0.0075014137931035
vn 1.1941061355046609 6.0988086163982578 0.0172962929912021
v 0.0453707647058824 0.0014484117647059 -0.0105390000000000
vn 6.1472717940245722 0.8580705708306937 0.4717787527640567
v 0.0464942000000000 0.0001126000000000 -0.0106830000000000
vn 5.5873810167208422 -2.6847207245871618 0.0268421707197209
v 0.0463717272727273 -0.0006019090909091 -0.0106830000000000
vn 2.9671563476686300 -5.3059281946851646 0.5876101086602281
v 0.0457470000000000 -0.0013010000000000 -0.0074170000000000
vn 1.3514423636792685 -6.0588319345924333 -0.0052570012926218
v 0.0454100000000000 -0.0014335000000000 -0.0082330000000000
vn -3.8173642703225683 -4.8146346618977107 0.1266131531378581
v 0.0440348529411765 -0.0011213235294118 -0.0074170000000000
vn -5.2891928594045901 -3.1585622581844510 -0.0060576661736516
v 0.0436990000000000 -0.0007470000000000 -0.0082330000000000
vn -6.0640404443977651 1.1909366354809621 -0.0061535662204737
v 0.0435642000000000 0.0003790000000000 -0.0098670000000000
vn -5.2354830048740677 3.1154897667670824 -0.4327534877110404
v 0.0437290000000000 0.0007970000000000 -0.0106830000000000
vn -2.5593732870078463 5.6166005302054032 -0.1378925908164482
v 0.0443830000000000 0.0013670000000000 -0.0106830000000000
vn 3.5369579909705102 -1.3273821231126373 -2.3494337246208810
v 0.0464512777777778 -0.0002810555555556 0.0065805555555556
vn 4.5904683412170249 -4.1862854893997463 -0.1623232180755255
v 0.0460843214285714 -0.0010162500000000 0.0074170000000000
vn -1.2885387168168205 -5.9454890198122525 0.0118221204035969
v 0.0447322903225806 -0.0014611290322581 0.0098670000000000
vn 2.3547768883145559 1.6694922847906688 -4.3563665735589865
v 0.0462683061224490 0.0003303673469388 0.0065204081632653
vn 0.3468498585701730 0.7451865683413459 -6.1682410994975054
v 0.0455046829268293 0.0010718048780488 0.0065073170731707
vn -0.6210672487392728 3.3315894023196577 -2.8534311977853273
v 0.0448038571428572 0.0014383095238095 0.0065595238095238
vn 4.2381084912397462 -4.4703172867708467 0.0511489537710274
v 0.0460738709677419 -0.0010262580645161 0.0098670000000000
vn 2.9101007392541076 -5.3169896647727288 -0.6335886386413825
v 0.0457480000000000 -0.0013000000000000 0.0074170000000000
vn 1.2613691343129918 -6.0663873987737453 0.0015823957645897
v 0.0453944347826087 -0.0014379565217391 0.0082330000000000
vn -1.1215650910289985 -6.0029503693138251 0.0431413046258014
v 0.0447464285714286 -0.0014643571428571 0.0074170000000000
vn 2.5676579029601756 2.0854162101373999 -2.7695802007655193
v 0.0460039117647059 0.0010076617647059 0.0065514705882353
vn 0.1357298686597052 0.0851778066434527 -6.2783716222307326
v 0.0456961818181818 0.0002039090909091 0.0065000000000000
vn 4.5975342549332066 -4.2047332545950864 0.0015059740453354
v 0.0460806000000000 -0.0010198000000000 0.0082330000000000
vn 1.7168204498135569 -5.8431989109593658 0.0554306779361481
v 0.0454037500000000 -0.0014350000000000 0.0098670000000000
vn 3.6931167043727284 1.2707617140128460 -2.3698233505078443
v 0.0464755263157895 0.0002070526315789 0.0066000000000000
vn 0.8663815886642328 3.4479761848442561 -2.7977943156740150
v 0.0453306562500000 0.0014239375000000 0.0065703125000000
vn -0.0976928347082809 0.4482809935341941 -6.2464409458216714
v 0.0447579000000000 0.0009641333333333 0.0065000000000000
vn 2.7717132201127592 -1.4928869803708238 -3.7976855137566652
v 0.0462595365853659 -0.0004804634146341 0.0065243902439024
vn -3.8322259198534940 -4.8203850164337227 0.0074473893560489
v 0.0439804000000000 -0.0010806000000000 0.0098670000000000
vn -1.9703078143229864 2.7788114011344569 -3.3265341260777115
v 0.0441093058823530 0.0010547176470588 0.0065447058823529
vn -5.3290754787644889 -3.0725778870034635 -0.0472935639831443
v 0.0437000000000000 -0.0007480000000000 0.0074170000000000
vn -3.7094526961577285 -4.9280317829605425 -0.0043434956186422
v 0.0440335428571429 -0.0011196857142857 0.0082330000000000
vn -3.3740256742041943 0.6195330711768310 -3.0511021285783264
v 0.0436158085106383 0.0004052765957447 0.0065521276595745
vn -0.4225651175291040 -0.1358017856867919 -6.2488707993924608
v 0.0440505333333333 -0.0002756000000000 0.0065000000000000
vn -3.7325624051328767 -4.9165576877634694 -0.0018410995259647
v 0.0440445000000000 -0.0011294411764706 0.0074170000000000
vn -5.2718610214033159 -3.2294571400458492 -0.0350705752618869
v 0.0437000000000000 -0.0007480000000000 0.0082330000000000
vn -3.4173094311064398 -0.5043974831693069 -2.9004064436012547
v 0.0435845714285714 -0.0002876938775510 0.0065591836734694
vn -0.4301533663367350 0.2024699727262793 -6.2440507154618681
v 0.0440583888888889 0.0004295555555556 0.0065000000000000
vn -5.3278613903205327 -3.1659252143265344 0.0058358150085794
v 0.0437000000000000 -0.0007480000000000 0.0098670000000000
vn -3.2299356883460213 2.3616484738991548 -2.3486496316812846
v 0.0437230000000000 0.0007870000000000 0.0066000000000000
vn -0.0000000000000035 -0.0000000000000018 -6.2831853071795871
v 0.0438590000000000 -0.0019860000000000 0.0115000000000000
vn -2.7074402301275042 -1.4762226830254059 -3.5215827454749822
v 0.0436850000000000 -0.0007220000000000 0.0115000000000000
vn -6.0332231463007018 1.6551231005098772 0.0787555275894672
v 0.0423605454545455 0.0007673636363636 0.0134690000000000
vn -5.5276307531236109 2.8584833492966388 -0.2573791020648304
v 0.0424925000000000 0.0011219375000000 0.0128130000000000
vn -4.9596299329025939 3.6703474964850202 0.5562035717237318
v 0.0428106206896552 0.0016496206896552 0.0134690000000000
vn 2.4510023661526006 5.6926305184175181 0.4108491361749453
v 0.0461332142857143 0.0024965000000000 0.0134690000000000
vn 3.6076422095459404 5.1119260901263619 0.0019996113669607
v 0.0466456875000000 0.0021996875000000 0.0128130000000000
vn -4.7612949214253133 0.5269752923300296 2.6559346054424720
v 0.0423250238095238 0.0004076190476190 0.0142407142857143
vn -2.2276794369940585 2.4723500543344223 4.0635372959041387
v 0.0432638666666667 0.0017930666666667 0.0144264000000000
vn 1.0887077763913993 3.5268997840254896 3.8012453078638178
v 0.0454557187500000 0.0025419843750000 0.0143615937500000
vn -1.6502897887055870 -0.3983189147558450 5.7042959187791560
v 0.0426837659574468 -0.0002725106382979 0.0144886595744681
vn -1.8761511886464888 4.5953646754484936 1.6857552393528081
v 0.0448257692307692 0.0027424615384615 0.0141250000000000
vn 3.4514046530294960 1.7344889023922287 4.0868350725759868
v 0.0440426666666667 -0.0003343750000000 0.0130745833333333
vn 2.2584336049133187 -1.9133481947062523 3.7876106018230855
v 0.0441190833333333 0.0009904166666667 0.0145000000000000
vn 4.8255286971310323 -0.2674923620479170 0.9918384231432616
v 0.0435570000000000 -0.0000280000000000 0.0138500000000000
vn -0.5033868807848020 0.3320781027471112 6.2239290615048484
v 0.0432840000000000 0.0009850000000000 0.0145000000000000
vn -2.2129870863221779 -2.2090745304026931 -3.3452714694459917
v 0.0440021538461538 -0.0011063846153846 0.0115000000000000
vn -6.0306677057856684 1.6827030412182120 -0.0074595653790314
v 0.0423625000000000 0.0007740000000000 0.0128130000000000
vn -5.5122945610153185 2.8511214743768845 0.3716481189426872
v 0.0424925882352941 0.0011225294117647 0.0134690000000000
vn -5.1068616299764358 3.5610659369053783 -0.2719333543350529
v 0.0428138888888889 0.0016541851851852 0.0128130000000000
vn 2.5586521717351722 5.7033204411471550 -0.0062501944496130
v 0.0461229230769231 0.0025011538461538 0.0128130000000000
vn 3.6334746931019177 5.0823358587710139 0.1194527161354769
v 0.0466532352941176 0.0021938823529412 0.0134690000000000
vn -1.8091652279175037 0.3331086589310503 5.6979687396128753
v 0.0427061860465116 0.0004187209302326 0.0144909302325581
vn -0.7284244509987721 3.2212289800018215 4.2547198693343011
v 0.0447999482758621 0.0025540517241379 0.0143895689655172
vn -4.6499055571294496 -0.4217659703929124 2.7783696013086683
v 0.0423231785714286 -0.0003168571428571 0.0142607142857143
vn -0.3960599244613129 1.0019501588233679 6.0836765746864838
v 0.0440492424242424 0.0018572727272727 0.0145000000000000
vn 0.9127383895637552 5.3850452979055898 1.7374597651502555
v 0.0451750000000000 0.0027440000000000 0.0141250000000000
vn 2.9187820794461095 0.1062623462357806 1.6128824634534229
v 0.0436447272727273 -0.0000261818181818 0.0132000000000000
vn 3.6980201138461544 -1.6931956860638895 3.7983678561588050
v 0.0440850370370370 0.0003675185185185 0.0130529259259259
vn -5.3422027083533994 -3.1041713497378369 0.0148732119861857
v 0.0437000000000000 -0.0007480000000000 0.0106830000000000
vn -6.1788282298266424 -0.2862643199570340 0.1356614145241082
v 0.0422808823529412 -0.0003888235294118 0.0134690000000000
vn -0.0504364198554560 -0.0048196138864858 6.2827753804764397
v 0.0432940000000000 0.0004765000000000 0.0145000000000000
vn -1.7802722907664221 -2.5543062060477664 -2.9019214342122064
v 0.0434720000000000 -0.0022735000000000 0.0115000000000000
vn -2.6414649228761298 -1.4435602397068834 -2.7051938190315283
v 0.0427860000000000 -0.0016140000000000 0.0115000000000000
vn -6.2235479359779449 0.6629415365362819 0.0174880391361437
v 0.0422744545454545 0.0003188181818182 0.0128130000000000
vn -4.3309198489313188 4.4980484601236030 -0.0894575902279862
v 0.0431080000000000 0.0019950000000000 0.0128130000000000
vn -1.2381698735513029 6.0845030253810419 0.3958735917168542
v 0.0445400000000000 0.0027100000000000 0.0134690000000000
vn -0.2082906329716408 6.2690840113011497 -0.0215223043848186
v 0.0449398823529412 0.0027461176470588 0.0128130000000000
vn 0.5615666090814746 6.2446087390787515 0.0074929113069284
v 0.0452350000000000 0.0027400000000000 0.0134690000000000
vn 1.4741546678425359 6.0847855652110550 0.0001560413880165
v 0.0455498750000000 0.0026918125000000 0.0128130000000000
vn -3.2261589009072003 1.8723294916438684 3.8949581530509381
v 0.0426723076923077 0.0010781384615385 0.0143766923076923
vn 3.0940540498403593 3.9677934324694051 2.1551019944639984
v 0.0466194473684211 0.0021843157894737 0.0142113684210526
vn 2.8235340125488264 -2.6183671863007900 2.2385386155435505
v 0.0442371875000000 0.0010688125000000 0.0132000000000000
vn 2.4409674896549882 1.9188365972467185 3.0131074254417349
v 0.0438050000000000 -0.0004400000000000 0.0145000000000000
vn -3.9546741647151458 -4.7481625068474402 -0.1924054363940221
v 0.0439921034482759 -0.0010900000000000 0.0106830000000000
vn -1.0997864876357744 -2.9201149996189932 -2.9080532681768148
v 0.0441090000000000 -0.0026020000000000 0.0115000000000000
vn -2.8614890318478965 -0.8594154618259009 -4.0033197870397217
v 0.0427281176470588 -0.0010963529411765 0.0115000000000000
vn -6.2301417779148309 -0.5704563642748560 0.0658500781835704
v 0.0422711739130435 -0.0002870869565217 0.0129270000000000
vn -6.2122949215478416 0.5354113290627802 0.1743182600736391
v 0.0422746086956522 0.0003221304347826 0.0134690000000000
vn -4.1919461182226962 4.4285534945486340 0.7876822572598525
v 0.0431080000000000 0.0019950000000000 0.0134690000000000
vn -1.0865437659993424 6.1651821986664732 0.0024670747265560
v 0.0445400000000000 0.0027100000000000 0.0128130000000000
vn -0.1995498902056666 6.2708017503679470 -0.0162022503658674
v 0.0449496470588235 0.0027466470588235 0.0134690000000000
vn 0.5224054656332775 6.2471360244223666 -0.0194793506022251
v 0.0452350000000000 0.0027400000000000 0.0128130000000000
vn 1.6017925511714712 6.0035192286626931 0.3887909511925666
v 0.0455496666666667 0.0026916666666667 0.0134690000000000
vn -4.6482725596328489 2.0972482834324935 1.9741937423183384
v 0.0424013846153846 0.0008600769230769 0.0141905384615385
vn -3.4684155590401677 3.0827880061476529 2.0101599887922785
v 0.0428582321428571 0.0016207857142857 0.0142665000000000
vn 1.3099569168324512 3.6661361019777896 3.5380861096675496
v 0.0460645176470589 0.0023587294117647 0.0143501176470588
vn 2.9640139396024692 -3.9726492008323504 0.1740402452445475
v 0.0442550000000000 0.0012360000000000 0.0138500000000000
vn 2.5832988983168712 -1.7413390499513155 3.5016618844567899
v 0.0437890000000000 0.0003940000000000 0.0145000000000000
vn 1.7249348201622050 0.3155689023106799 5.2556686156550345
v 0.0433954117647059 -0.0001505882352941 0.0145000000000000
vn 3.9193467241165343 -2.8048885922463587 1.9539713154198037
v 0.0472453548387097 -0.0015268064516129 0.0142308709677419
vn -0.6673776452805271 -0.4742689006002231 -0.2624143827103000
v 0.0458670000000000 0.0009010000000000 0.0132000000000000
vn 0.1361707707603876 0.6989138422691225 6.2006424172872157
v 0.0454660800000000 0.0018957200000000 0.0145000000000000
vn -0.4243333775675393 -2.5797924899154201 -4.5892702603177566
v 0.0446611304347826 -0.0016550869565217 0.0115000000000000
vn 1.9895451335685175 -2.4067771857255233 -2.9366982457590316
v 0.0468080000000000 -0.0020720000000000 0.0115000000000000
vn 2.9180010921112451 1.1271598505295202 -2.9427734178641205
v 0.0475660000000000 0.0009900000000000 0.0115000000000000
vn 4.4490218441022922 4.4083646854555729 0.0169456675489438
v 0.0469360909090909 0.0019509090909091 0.0128130000000000
vn -2.7277033841260061 3.2390205429236141 2.2967269612550112
v 0.0434622857142857 0.0022003877551020 0.0142664285714286
vn 1.4853008872318183 2.1384881748229776 5.4713878837340877
v 0.0446803947368421 -0.0004378421052632 0.0128263684210526
vn -1.9725948016271915 -1.6977261998382853 5.4603547892934907
v 0.0454014473684211 0.0003738947368421 0.0128263684210526
vn 0.4051244429156644 -3.0853895915051366 3.2565140781281605
v 0.0447360000000000 0.0012450000000000 0.0145000000000000
vn -2.5866304211999287 1.7516566421722575 3.0755404507079458
v 0.0462110000000000 -0.0003940000000000 0.0145000000000000
vn -0.6482609019483379 -0.2742745301187260 5.7363332179918434
v 0.0467899000000000 0.0001700333333333 0.0145000000000000
vn 0.9902551981987804 -2.6772135516542876 5.4458164361101113
v 0.0447104642857143 0.0005154642857143 0.0128390000000000
vn 4.2750211024991032 -4.4350089173344998 -0.0595658633371694
v 0.0460890000000000 -0.0010124615384615 0.0106830000000000
vn 3.7343974386949967 -1.2947866953626510 3.3422350229718205
v 0.0473969589041096 -0.0010278082191781 0.0143350958904110
vn 0.8063912347409290 -0.0360768995646890 6.1761030695325516
v 0.0468824000000000 -0.0004799200000000 0.0145000000000000
vn -0.0914711391176810 0.5770911572103542 6.2275839541408944
v 0.0447945000000000 0.0018766250000000 0.0145000000000000
vn 1.3698628100229098 -2.8060442695108700 -2.9347025396031405
v 0.0462050000000000 -0.0024605000000000 0.0115000000000000
vn 1.0341432786281723 -2.9227583201823211 -3.5102466513798878
v 0.0453705384615385 -0.0014420769230769 0.0115000000000000
vn 2.6863637070515960 1.6052698785433965 -2.9552738803845311
v 0.0473550000000000 0.0014200000000000 0.0115000000000000
vn 4.5315654262077478 4.2288734130552292 0.4738840447877889
v 0.0469459090909091 0.0019410909090909 0.0134690000000000
vn -1.2523384304502925 3.6281489298167444 3.3520193838241013
v 0.0441054130434783 0.0024411304347826 0.0143441195652174
vn -1.9066035652230693 1.6293653436832229 5.4842415576438741
v 0.0454309411764706 -0.0003847647058824 0.0128390000000000
vn -0.8180939885335983 -2.8740979276735126 3.5835539636451865
v 0.0454793636363636 0.0012594545454545 0.0145000000000000
vn -2.2939569755812612 -2.0294359247781104 2.9499859804045014
v 0.0461950000000000 0.0004400000000000 0.0145000000000000
vn -0.9857010497166562 -6.0162161829544711 -0.5508633485559364
v 0.0447577692307692 -0.0014663846153846 0.0106830000000000
vn 5.7629162481573681 -2.1925454830322151 0.4704148683294348
v 0.0475592857142857 -0.0009830000000000 0.0134690000000000
vn 5.1979241730637673 -3.4742026215280983 0.0193611554186409
v 0.0472392857142857 -0.0015876666666667 0.0128130000000000
vn 0.0566306139022855 -3.1305326459216714 -2.9867469029789886
v 0.0450520000000000 -0.0027490000000000 0.0115000000000000
vn 0.6863625284901653 -3.0451957830643734 -2.9238582484217206
v 0.0455290000000000 -0.0026990000000000 0.0115000000000000
vn -0.0000000000000051 -0.0000000000000024 -6.2831853071795853
v 0.0462160000000000 -0.0019410000000000 0.0115000000000000
vn 0.0000000000000204 0.0000000000000169 -6.2831853071795862
v 0.0469860000000000 -0.0011410000000000 0.0115000000000000
vn 3.0614889998463513 -0.5921582740435816 -2.8808884418921759
v 0.0477170000000000 -0.0004260000000000 0.0115000000000000
vn 3.1294580266260987 0.0554342290662365 -2.9730413377927354
v 0.0477500000000000 0.0000520000000000 0.0115000000000000
vn -3.3442083888535286 5.2875579924024265 0.0144598798586652
v 0.0434737777777778 0.0022772222222222 0.0128130000000000
vn -2.1963087090709341 5.7720705869225961 0.5027467655066961
v 0.0440941818181818 0.0025905909090909 0.0134690000000000
vn 2.6182040733446663 2.2939273883956894 3.9782363587686165
v 0.0468153793103448 0.0017823620689655 0.0144070689655172
vn -3.8311203719997189 2.0364622527490628 2.9059698444694479
v 0.0461311875000000 -0.0005090000000000 0.0132000000000000
vn -2.6525289438902937 -4.5013254250855992 0.2973102848887425
v 0.0456980000000000 0.0012640000000000 0.0138500000000000
vn 0.2866225828037001 -4.3820625098658148 2.8882808945900544
v 0.0448375714285714 0.0012290000000000 0.0132000000000000
vn -2.5767518578967086 -0.4264829656566125 1.7089971805023301
v 0.0464430000000000 0.0000280000000000 0.0132000000000000
vn -2.5110149291838360 -1.8537568089090393 3.2340207387349036
v 0.0459460000000000 0.0008520000000000 0.0145000000000000
vn 6.1207881562804234 -1.1079466757924641 0.3213375393181313
v 0.0477253913043478 -0.0003221304347826 0.0134690000000000
vn 4.4797334712390473 -4.3771532700690248 0.0205691847756525
v 0.0469509090909091 -0.0019360909090909 0.0128130000000000
vn 1.5867130588541911 -6.0162728440775073 0.3172636638064124
v 0.0455366666666667 -0.0026940000000000 0.0134690000000000
vn 0.5086290434361641 -6.2494975547349227 0.0072915892808092
v 0.0452180000000000 -0.0027410000000000 0.0128130000000000
vn -0.2477083877304950 -6.2677098801909370 0.0070504371855222
v 0.0449171176470588 -0.0027460000000000 0.0134690000000000
vn -1.1461320852431340 -6.1555897194166214 0.0143740512189935
v 0.0445188181818182 -0.0027067272727273 0.0128130000000000
vn 1.3599263406012596 -3.7720172371758220 3.4088367472016867
v 0.0460785068493151 -0.0023747671232877 0.0143350958904110
vn 0.0958635079102158 -0.7401265807269988 6.1921695161363468
v 0.0455516400000000 -0.0018762000000000 0.0145000000000000
vn 2.8617579135792162 -1.2424404197325125 -2.9077981584931814
v 0.0475045000000000 -0.0011100000000000 0.0115000000000000
vn 2.1430582138030032 -0.3542093019231153 -5.0445435743077711
v 0.0467618235294118 -0.0003451176470588 0.0115000000000000
vn -1.2006357435205683 2.8810744703825284 -2.9137566198707208
v 0.0440100000000000 0.0025660000000000 0.0115000000000000
vn 6.1682559908551440 1.0739597968466530 0.0173975080757591
v 0.0477217058823529 0.0003700588235294 0.0128130000000000
vn 3.4540344609676334 2.5467116964042518 2.4978732623334885
v 0.0471937027027027 0.0015458918918919 0.0142696486486486
vn -1.0615267495657936 0.8922024365812998 -0.3255329581691591
v 0.0459010000000000 -0.0008670000000000 0.0132000000000000
vn 0.2503955438616622 3.1079848142796389 3.2404908857600279
v 0.0447830000000000 -0.0012540000000000 0.0145000000000000
vn -0.5698402224109713 2.5413373076142363 -4.5657466276705829
v 0.0445892272727273 0.0016480909090909 0.0115000000000000
vn 2.9101205783785495 -3.6438268828241052 2.3866053793311588
v 0.0465948648648649 -0.0021821891891892 0.0142563513513514
vn 6.1787933999245999 -0.9832832053294074 -0.0100647234660952
v 0.0477255454545455 -0.0003188181818182 0.0128130000000000
vn 4.4114482183185464 -4.3148109089407862 0.6053140924285858
v 0.0469509090909091 -0.0019360909090909 0.0134690000000000
vn 1.4458554071645195 -6.0908556030093468 0.0093704927807463
v 0.0455366666666667 -0.0026940000000000 0.0128130000000000
vn 0.4981180578763144 -6.2500573519910327 0.0006351452855184
v 0.0452180000000000 -0.0027410000000000 0.0134690000000000
vn -0.2662232965627711 -6.2674195507647212 0.0103930885464956
v 0.0449086875000000 -0.0027458125000000 0.0128130000000000
vn -1.2765892490022306 -6.0680564002811685 0.4484126269813856
v 0.0445260000000000 -0.0027080000000000 0.0134690000000000
vn 0.0262579198301376 -0.5393236791332969 6.2360443536457231
v 0.0448593600000000 -0.0018759200000000 0.0145000000000000
vn 2.4830155419375943 -1.8929525285704250 -2.9308771449388367
v 0.0471400000000000 -0.0017270000000000 0.0115000000000000
vn 2.2445862197705857 -2.1676557985264124 -2.9559249298204091
v 0.0463410000000000 -0.0006720000000000 0.0115000000000000
vn -1.8548521083422183 2.5085959443233206 -2.9183610780952547
v 0.0433860000000000 0.0022140000000000 0.0115000000000000
vn 6.2635496240941393 0.0774344669817998 0.0018972201404780
v 0.0477500000000000 0.0000520000000000 0.0132500000000000
vn 6.0916815898299328 1.2497342169590551 0.3427241025441001
v 0.0477191176470588 0.0003888235294118 0.0134690000000000
vn 3.7596754166729034 1.5231399982219929 3.2734640504026009
v 0.0474052051282051 0.0010173076923077 0.0143187435897436
vn -0.8124962430635534 2.9111453632130537 3.4876252005241382
v 0.0454644166666667 -0.0012412500000000 0.0145000000000000
vn 4.0586608977708636 4.6222960254142924 0.0311477820100470
v 0.0460510000000000 0.0010397058823529 0.0106830000000000
vn 2.8974508735850688 1.1628311322503739 -3.3870225698949965
v 0.0464725384615385 0.0002217692307692 0.0115000000000000
vn 1.0515770848085593 2.9038751597501427 -3.5473184336855894
v 0.0453032857142857 0.0014577142857143 0.0115000000000000
vn 6.1426295874750760 -0.5012997083054567 -0.7330196235308094
v 0.0464737500000000 -0.0002513750000000 0.0106830000000000
vn 1.2712757734992266 -5.1771780708614212 1.7120244700935430
v 0.0452790000000000 -0.0027360000000000 0.0141250000000000
vn 3.7393969341407640 -4.9575137666713367 0.3364364431141944
v 0.0466655294117647 -0.0021846470588235 0.0134690000000000
vn 2.5548978165075975 -5.7038995367848271 0.0086428297100831
v 0.0461227037037037 -0.0025006296296296 0.0128130000000000
vn -0.6897556489217614 -3.2891276273339001 4.0506085956452269
v 0.0447538888888889 -0.0025479444444444 0.0143959722222222
vn 2.7584721605408227 -2.6389074720162595 3.7378841264830931
v 0.0468675230769231 -0.0017627846153846 0.0143762307692308
vn -0.0000000000000120 -0.0000000000000067 -6.2831853071795853
v 0.0469410000000000 0.0012160000000000 0.0115000000000000
vn -0.0000000000000041 0.0000000000000034 -6.2831853071795862
v 0.0461410000000000 0.0019860000000000 0.0115000000000000
vn 5.1807683988989268 3.4991083182665745 0.0390626549030686
v 0.0472312857142857 0.0015985714285714 0.0128130000000000
vn 5.7452089230488665 2.2568547108695758 0.4633720331746252
v 0.0475563571428572 0.0009898571428571 0.0134690000000000
vn 3.4696982733385737 0.7708438287563686 3.7801522197725261
v 0.0475696666666667 0.0003297500000000 0.0143609166666667
vn 0.1409204631133205 4.3465743012375881 2.9024644627323992
v 0.0448993846153846 -0.0012357692307692 0.0132000000000000
vn -2.7795740518181002 4.5072617750500790 0.1159398438899123
v 0.0457450000000000 -0.0012360000000000 0.0138500000000000
vn -2.5429526124001915 1.7913569374093812 3.2797600387880395
v 0.0459780000000000 -0.0008150000000000 0.0145000000000000
vn 5.5630620129281665 2.4011277543957696 0.5036857225337535
v 0.0463670000000000 0.0006180000000000 0.0106830000000000
vn -0.5241077752698409 6.1825293508053969 -0.5029223726281037
v 0.0447502727272727 0.0014694090909091 0.0106830000000000
vn 1.8174534266294378 -5.8152651406996068 -0.0356046503775343
v 0.0454193913043478 -0.0014302608695652 0.0106830000000000
vn 5.8285852378599925 -2.2168837897849309 -0.0154480811221164
v 0.0475575000000000 -0.0009881153846154 0.0128130000000000
vn 5.1152747921203918 -3.4855111150442730 0.4023115016210476
v 0.0472387826086956 -0.0015876956521739 0.0134690000000000
vn -0.4842979280086412 -3.0924098786445016 -2.9751793960017929
v 0.0445740000000000 -0.0027170000000000 0.0115000000000000
vn 1.9955758471667426 -2.3461564916831468 -3.5439589891791226
v 0.0460192307692308 -0.0010860769230769 0.0115000000000000
vn 6.2640185423416721 0.0716416366215143 0.0000000000000286
v 0.0477500000000000 0.0000520000000000 0.0123750000000000
vn 3.0684865019419059 0.6139382896951314 -2.9577101156105883
v 0.0476990000000000 0.0005290000000000 0.0115000000000000
vn -3.3776348790976738 5.1640591123216506 0.5120161560302006
v 0.0434691724137931 0.0022739655172414 0.0134690000000000
vn -2.2277482732150635 5.8406583095393803 0.0264093148795936
v 0.0440909523809524 0.0025897142857143 0.0128130000000000
vn 0.3850239501872763 0.8941102631990322 6.1218599822125439
v 0.0461117857142857 0.0018035000000000 0.0145000000000000
vn 0.9632435771053779 0.4028354092323521 6.0984791337775768
v 0.0468412307692308 0.0009346538461538 0.0145000000000000
vn -3.6002307974740235 -1.9243994924203633 3.7067328474190200
v 0.0460908750000000 0.0003104166666667 0.0131497916666667
vn -1.7405923131051120 -3.5400506540869312 2.6146654089575661
v 0.0455477647058824 0.0011890000000000 0.0132000000000000
vn -5.2697449440551853 -0.1718922843612801 0.8056381743092162
v 0.0464430000000000 0.0000280000000000 0.0138500000000000
vn 5.4512812706797824 -2.9525395617470549 -0.4716443683834282
v 0.0463721818181818 -0.0006010000000000 0.0106830000000000
vn -0.9100046173713160 -5.2938922163480138 1.7591193148636137
v 0.0449297692307692 -0.0027463076923077 0.0141250000000000
vn 3.6323100964996939 -5.0930990904179430 0.0107102138611801
v 0.0466584375000000 -0.0021901250000000 0.0128130000000000
vn 2.4845747934432270 -5.6831379012251713 0.3684194241443582
v 0.0461381428571429 -0.0024938214285714 0.0134690000000000
vn 1.0684829415225559 -3.4483972588008602 3.8783269604177493
v 0.0454839375000000 -0.0025368281250000 0.0143615937500000
vn 3.6232615209117802 -0.8429988135279156 3.6164446096645859
v 0.0475610416666667 -0.0004005555555556 0.0143433333333333
vn 0.5320982945771945 -1.1516859870521066 5.9977422481105851
v 0.0461664000000000 -0.0018631200000000 0.0145000000000000
vn 1.0048316270437239 -0.4088995318069104 6.0819159348343925
v 0.0468336923076923 -0.0010853846153846 0.0145000000000000
vn 2.3605587743100398 2.0554689466341314 -2.9747165566709852
v 0.0470730000000000 0.0018080000000000 0.0115000000000000
vn 5.0884675214979609 3.5077660795268737 0.4551182530761656
v 0.0472311739130435 0.0015980869565217 0.0134690000000000
vn 5.8143589091203722 2.2818904007895791 0.0446909359001152
v 0.0475575925925926 0.0009843703703704 0.0128130000000000
vn 5.3205487601652024 0.2371246380576209 1.6282264529247010
v 0.0477500000000000 0.0000520000000000 0.0141250000000000
vn -0.1231554506856166 0.0980190453094448 4.0649722450769579
v 0.0450000000000000 0.0000000000000000 0.0124780000000000
vn -1.6619562228465505 3.6872090254029004 2.7463901434632461
v 0.0455754117647059 -0.0011748235294118 0.0132000000000000
vn 6.1391300427437319 0.9571850129144841 0.1631407973707030
v 0.0464675909090909 0.0002562727272727 0.0105717272727273
vn 1.6346247769213982 5.8637612879387602 0.0144676787482237
v 0.0453236000000000 0.0014563000000000 0.0106830000000000
vn 2.2388771421200344 2.0385376959063404 -3.6104881395049366
v 0.0461088500000000 0.0009718500000000 0.0115000000000000
vn -4.2933042555535987 -4.5425501649628108 -0.0350009029967945
v 0.0431130000000000 -0.0020000000000000 0.0128130000000000
vn -1.2186455389942128 -3.7855126275644526 3.4906477566229626
v 0.0440774761904762 -0.0024142023809524 0.0143418333333333
vn -3.0977266545509190 -1.6673315242015891 4.0779017550364429
v 0.0426976282051282 -0.0010379743589744 0.0143812435897436
vn -2.5829289615668083 1.5249785555140902 -2.6082167493829229
v 0.0423980000000000 0.0008910000000000 0.0115000000000000
vn -2.6160045109020977 1.3324842089545850 -2.4241319559000951
v 0.0428600000000000 0.0017270000000000 0.0115000000000000
vn 1.2752345343434197 2.8499311351774255 -2.9303766978534962
v 0.0461246000000000 0.0024980000000000 0.0115000000000000
vn 2.6506372358247492 2.8284489207494392 2.3643926503890205
v 0.0442854705882353 -0.0010972352941176 0.0132000000000000
vn -2.8797277603362081 5.4884267121587920 -0.3939465823936574
v 0.0443820000000000 0.0013670000000000 0.0106830000000000
vn -5.2216383640996238 3.2939569964580566 0.2053770922884705
v 0.0437310000000000 0.0008000000000000 0.0106830000000000
vn -3.0675864521011373 -0.3154888763781411 -3.5294782400249347
v 0.0435255000000000 -0.0002080000000000 0.0115000000000000
vn -2.2653953425816744 -5.8266544246922161 0.0092993534702827
v 0.0440787619047619 -0.0025854761904762 0.0128130000000000
vn -3.3287240527224427 -5.2734242305617895 0.2156916275833084
v 0.0434692142857143 -0.0022747142857143 0.0134690000000000
vn -5.0422443133358312 -3.5889893804326736 0.4881663465198461
v 0.0428176896551724 -0.0016588965517241 0.0134690000000000
vn -5.6550645468839500 -2.5742501586989515 -0.3348301000429356
v 0.0425007500000000 -0.0011398750000000 0.0128130000000000
vn -6.0197040517300300 -1.7272346274425219 -0.0054859862102154
v 0.0423614545454545 -0.0007718181818182 0.0134690000000000
vn -1.5870466273500723 -1.7831398061257513 5.2587278843579055
v 0.0433415897435897 -0.0018074871794872 0.0144735384615385
vn 0.0000000000000083 -0.0000000000000040 -6.2831853071795862
v 0.0437840000000000 0.0019410000000000 0.0115000000000000
vn -2.9958825732903742 -0.6382492392883505 -2.7946353624625764
v 0.0422740769230769 -0.0002721538461538 0.0115000000000000
vn -0.6002768909214073 3.0713751437617476 -2.9639199282191022
v 0.0444710000000000 0.0026990000000000 0.0115000000000000
vn 2.0392793195449359 2.2020389968685699 3.5472135613735478
v 0.0441780000000000 -0.0010580000000000 0.0145000000000000
vn -6.1136297996847162 -0.9751731800732855 0.0123737242314882
v 0.0435510370370370 -0.0003232592592593 0.0105923333333333
vn -2.7090448671172913 -4.1882314717568816 2.4347710687462065
v 0.0434743392857143 -0.0022145357142857 0.0142487500000000
vn -3.9620029437607567 -2.5749388411258529 2.4955663116532767
v 0.0428937540983607 -0.0016375081967213 0.0142888360655738
vn -4.7771095980041416 -2.2299930828463563 1.7638773741503071
v 0.0423798461538461 -0.0008256923076923 0.0141250000000000
vn -4.3238664760349668 -4.4407041873611428 0.4124207864779669
v 0.0431130000000000 -0.0020000000000000 0.0134690000000000
vn -2.4763509051277079 1.3765676283398414 -4.1784841709320766
v 0.0428158823529412 0.0012294705882353 0.0115000000000000
vn 1.8919349936961514 2.4841750884862313 -2.9311304274522669
v 0.0467270000000000 0.0021400000000000 0.0115000000000000
vn 2.6340195982196719 4.4881108313727456 0.2682655911994526
v 0.0443020000000000 -0.0012640000000000 0.0138500000000000
vn -4.2852999696167018 4.5054085987095362 0.1059741103906549
v 0.0439538571428571 0.0010630476190476 0.0106830000000000
vn -2.8903492097295311 1.0089939473611180 -3.5505606870940625
v 0.0435939333333333 0.0004901333333333 0.0115000000000000
vn -2.0387943424594632 -2.5153550040481485 -3.7905218207029314
v 0.0440888987341772 -0.0010254177215190 0.0065367088607595
vn -4.1872216114482796 4.6185074622091680 -0.0089090303886607
v 0.0439729600000000 0.0010805600000000 0.0098670000000000
vn -6.0482130684327933 1.3923064259384617 -0.0915324968719576
v 0.0435682000000000 0.0003942000000000 0.0082330000000000
vn -6.0909212432669149 -0.9807458137614853 -0.1521361417438098
v 0.0435524827586207 -0.0003285862068966 0.0075014137931035
vn 5.5765648521979987 -2.7126732271409471 0.0069735549735689
v 0.0463695000000000 -0.0006070000000000 0.0098670000000000
vn -0.1574872251487330 -0.5559648349605889 -6.2295833453454712
v 0.0447416666666667 -0.0010360277777778 0.0065083333333333
vn 1.3765753393925815 -2.9226968098711605 -2.3710664747376589
v 0.0453104400000000 -0.0014283600000000 0.0065640000000000
vn 6.1111626426989965 1.3606380850180479 0.0110547115442760
v 0.0464591666666667 0.0003238888888889 0.0098670000000000
vn 4.5027134873304169 4.3040396412593580 0.0005586519335751
v 0.0460741142857143 0.0010182000000000 0.0082330000000000
vn 1.6377644991462359 5.8731357001230036 0.0567952336563456
v 0.0453389200000000 0.0014518000000000 0.0098670000000000
vn 3.1667303521665628 -5.3286389323904135 0.0183072422367404
v 0.0457480000000000 -0.0013000000000000 0.0082330000000000
vn 1.5325449841286309 -5.9015039070116968 -0.4527825900993938
v 0.0454067391304348 -0.0014338260869565 0.0074170000000000
vn -1.2458759294253574 -5.9677576626110147 0.0059528632881358
v 0.0447414000000000 -0.0014632000000000 0.0082330000000000
vn 0.0088784307483964 -0.0237580387359501 -6.2829734311273535
v 0.0450000000000000 0.0000000000000000 0.0065000000000000
vn 0.1071207970308523 -0.0968259224815105 -6.2780283721370758
v 0.0457070000000000 -0.0003370000000000 0.0065000000000000
vn 6.1474078630709688 -0.9949899695631745 0.0572176024826749
v 0.0464713333333333 -0.0002683333333333 0.0098670000000000
vn 1.3067662508515840 -2.4678127957282032 -4.5113706519720003
v 0.0455641458333333 -0.0010731458333333 0.0065187500000000
vn -0.2386346840006510 -3.4163769593861057 -3.0245604138912228
v 0.0448589285714286 -0.0014436666666667 0.0065583333333333
vn 5.5226827268912917 2.8095930683476595 0.0065576636870661
v 0.0463670000000000 0.0006180000000000 0.0098670000000000
vn 4.5593520508173491 4.1396778849505598 -0.4001851717445754
v 0.0460663235294118 0.0010249705882353 0.0074170000000000
vn -0.7633939346537346 6.1656298253787458 -0.0007255863737945
v 0.0447435000000000 0.0014682500000000 0.0098670000000000
vn 6.2383242323222916 0.1336537595378050 0.0009994514302013
v 0.0465000000000000 0.0000290000000000 0.0090500000000000
vn 6.0891344999984911 -1.0493421878963638 -0.2051245496725858
v 0.0464710000000000 -0.0002687647058824 0.0074170000000000
vn 5.5895022420455840 -2.6834290703813313 -0.0017632198366395
v 0.0463695000000000 -0.0006070000000000 0.0082330000000000
vn 2.1688062256689875 -2.5480877708404908 -2.6923856580939440
v 0.0460385245901639 -0.0009989508196721 0.0065573770491803
vn 6.0948065079918994 1.4195947545446774 -0.0358113410693240
v 0.0464561666666667 0.0003407777777778 0.0082330000000000
vn 5.3438834845908492 2.8533057380890434 -0.5659888861077005
v 0.0463670000000000 0.0006180000000000 0.0074170000000000
vn 4.1610904355144696 4.5461042929812443 0.0553869350117565
v 0.0460665000000000 0.0010251666666667 0.0098670000000000
vn 1.0687553378227757 6.1215851647519877 0.0014349756447407
v 0.0453305000000000 0.0014540000000000 0.0082330000000000
vn 2.9706584710636048 5.3952296458432691 -0.2127909059246197
v 0.0456730000000000 0.0013400000000000 0.0074170000000000
vn -0.7802241611613117 6.1496227688105076 -0.1365729394563736
v 0.0447469130434783 0.0014685217391304 0.0074170000000000
vn 6.1552825945448051 -0.9606878584329951 -0.0572396083754716
v 0.0464733333333333 -0.0002523333333333 0.0082330000000000
vn 5.5627909018443304 -2.6053405874194602 -0.3799896231345779
v 0.0463668181818182 -0.0006130000000000 0.0074170000000000
vn 6.1673748754629933 0.8710188374384741 -0.0209256782819533
v 0.0464685217391304 0.0002530869565217 0.0075234347826087
vn 5.5309576795913635 2.7996258907679237 -0.0214013485973907
v 0.0463670000000000 0.0006180000000000 0.0082330000000000
vn 2.9579818993837526 5.4307886133737968 0.0218494759455953
v 0.0456730000000000 0.0013400000000000 0.0082330000000000
vn 1.0685186092791230 6.1075424969632888 -0.1083545654525740
v 0.0453306363636364 0.0014546363636364 0.0074170000000000
vn -0.7725714279491227 6.1656421451985803 -0.0002615432198824
v 0.0447435000000000 0.0014682500000000 0.0082330000000000
vn -6.0241475083309268 -1.6731294420934977 0.0113775419202714
v 0.0435638750000000 -0.0003974166666667 0.0098670000000000
vn -2.6302927674416074 5.6114852652570084 -0.0009173831355541
v 0.0443820000000000 0.0013670000000000 0.0082330000000000
vn -4.0648928394782224 4.6726760205973896 -0.3705785647694648
v 0.0440273214285714 0.0011233928571429 0.0074170000000000
vn -5.2327345142568573 3.2920473786335851 -0.0024028384199807
v 0.0437310000000000 0.0008000000000000 0.0082330000000000
vn -2.6539116294583485 5.5467487237752531 -0.3274896903636939
v 0.0443820000000000 0.0013670000000000 0.0074170000000000
vn -4.1017247101678951 4.7065999115148083 -0.0012637897258668
v 0.0440236000000000 0.0011198000000000 0.0082330000000000
vn -5.1440991633292628 3.3854389619018561 -0.1303583344527768
v 0.0437310000000000 0.0008000000000000 0.0074170000000000
vn -6.0393321495574455 1.4209089112390454 0.0892086813686380
v 0.0435694000000000 0.0004038000000000 0.0098670000000000
vn -6.1947447863476768 -0.0320609021505204 -0.0007106678719460
v 0.0435000000000000 -0.0000290000000000 0.0090500000000000
vn -1.6373533346973779 -3.3279993710855997 -2.4903546203384193
v 0.0444030000000000 -0.0013760000000000 0.0066000000000000
vn -3.1708287572506788 -2.3032181202231090 -2.4368741625044272
v 0.0437540000000000 -0.0008350000000000 0.0066000000000000
vn -6.0075405178144869 -1.7124274850459074 -0.0408854607490930
v 0.0435661250000000 -0.0004100833333333 0.0082330000000000
vn -2.6478406993099557 5.5995973540262973 0.0024818738109240
v 0.0443820000000000 0.0013670000000000 0.0098670000000000
vn -5.2838969104534277 3.2417430252338604 -0.0073938235742364
v 0.0437310000000000 0.0008000000000000 0.0098670000000000
vn -6.0485569068544995 1.2203025412552220 -0.0872736849208290
v 0.0435699285714286 0.0004040000000000 0.0074170000000000
vn -2.1471305816033421 -5.7995615402759100 0.4805892250852933
v 0.0440791739130435 -0.0025852173913043 0.0134690000000000
vn -3.3395255132078732 -5.2894956315653836 -0.0056804532939824
v 0.0434736153846154 -0.0022778846153846 0.0128130000000000
vn -5.0553831265051326 -3.6935034956221791 -0.0011070650631945
v 0.0428141538461538 -0.0016550000000000 0.0128130000000000
vn -5.4637402489164568 -2.8988643195339736 0.4690549500976460
v 0.0424968235294118 -0.0011309411764706 0.0134690000000000
vn -5.9529111962502572 -1.8089211979848543 -0.3014455189078368
v 0.0423575454545455 -0.0007581818181818 0.0128130000000000
vn -0.1873441603842284 -0.6963423648956751 6.1978202888617258
v 0.0442107142857143 -0.0018250000000000 0.0145000000000000
vn -0.6301319678855898 -0.0358365026382710 6.2170696190913244
v 0.0433206923076923 -0.0009196153846154 0.0145000000000000
vn -0.0000000000000071 -0.0000000000000072 -6.2831853071795862
v 0.0430440000000000 -0.0004300000000000 0.0115000000000000
vn -6.2347095952598330 0.1407428606956650 -0.1204410795685294
v 0.0422510000000000 -0.0000520000000000 0.0123750000000000
vn -3.0921076454350169 0.4154685384146035 -2.8981351811291542
v 0.0422830000000000 0.0004260000000000 0.0115000000000000
vn -0.0577108579597379 3.1284723833670514 -2.9572571216986230
v 0.0449480000000000 0.0027500000000000 0.0115000000000000
vn 0.5658721267248353 3.0690049727230750 -2.9191802907499209
v 0.0454260000000000 0.0027170000000000 0.0115000000000000
vn -6.0594321492423173 1.2613335813125168 -0.0399316202572820
v 0.0435676296296296 0.0003938148148148 0.0106830000000000
vn -2.3209950784346636 2.0667980982900036 -3.4576810457152556
v 0.0439807692307692 0.0010860769230769 0.0115000000000000
# 1287 vertices, 0 vertices normals


usemtl material_0
vt 0.3861939907073975 0.8668469786643982
vt 0.3671459853649139 0.8628050088882446
vt 0.3816739916801453 0.8628050088882446
f 980/1/980 977/2/977 994/3/994
vt 0.3962019979953766 0.8628050088882446
f 1268/1/1268 1221/3/1221 1226/4/1226
vt 0.4227679967880249 0.8668469786643982
f 1003/5/1003 1221/1/1221 1269/4/1269
vt 0.4107300043106079 0.8628050088882446
f 1193/4/1193 1031/6/1031 1214/5/1214
vt 0.4406999945640564 0.8668469786643982
vt 0.4252580106258392 0.8628050088882446
f 1192/7/1192 1206/5/1206 1212/8/1212
vt 0.4397870004177094 0.8628050088882446
f 1180/8/1180 1116/9/1116 1149/7/1149
f 1193/6/1193 1017/8/1017 1031/5/1031
vt 0.4067679941654205 0.8708879947662354
f 1149/1/1149 1116/5/1116 1126/10/1126
vt 0.3935610055923462 0.8708879947662354
f 1019/10/1019 1035/11/1035 1034/1/1034
vt 0.3671459853649139 0.8708879947662354
f 1080/12/1080 1107/2/1107 1049/1/1049
vt 0.4543150067329407 0.8628050088882446
vt 0.4586319923400879 0.8668469786643982
f 1080/9/1080 1049/13/1049 1035/14/1035
f 1075/14/1075 1186/7/1186 1035/9/1035
vt 0.4688430130481720 0.8628050088882446
vt 0.4833709895610809 0.8628050088882446
vt 0.4765639901161194 0.8668469786643982
f 1076/15/1076 1172/16/1172 1107/17/1107
f 1080/14/1080 1076/13/1076 1107/15/1107
vt 0.4978989958763123 0.8628050088882446
vt 0.4944950044155121 0.8668469786643982
f 1068/16/1068 1076/18/1076 1171/19/1171
f 1068/19/1068 1172/17/1172 1076/16/1076
vt 0.5124269723892212 0.8628050088882446
vt 0.5124269723892212 0.8668469786643982
f 1080/18/1080 1186/20/1186 1076/21/1076
f 1142/21/1142 1144/19/1144 1188/18/1188
vt 0.4331830143928528 0.8708879947662354
f 1081/5/1081 1174/7/1174 1135/22/1135
vt 0.4199759960174561 0.8708879947662354
f 1174/22/1174 1119/23/1119 1135/5/1135
vt 0.3803530037403107 0.8708879947662354
f 1242/24/1242 1252/12/1252 1254/1/1254
f 1081/11/1081 1135/24/1135 1164/1/1164
f 1160/23/1160 1081/10/1081 1164/5/1164
vt 0.4463900029659271 0.8708879947662354
f 1160/25/1160 983/22/983 1081/7/1081
vt 0.4728049933910370 0.8708879947662354
f 990/14/990 983/17/983 1160/26/1160
vt 0.4595980048179626 0.8708879947662354
f 991/26/991 1254/27/1254 1243/14/1243
f 1252/15/1252 1243/17/1243 1254/14/1254
vt 0.5124269723892212 0.8708879947662354
f 1243/19/1243 994/21/994 977/28/977
vt 0.4992200136184692 0.8708879947662354
f 1253/28/1253 1245/29/1245 994/19/994
vt 0.4860120117664337 0.8708879947662354
f 984/17/984 1245/19/1245 978/30/978
f 1232/30/1232 1227/26/1227 1237/17/1237
f 984/19/984 1237/29/1237 1245/30/1245
f 1070/27/1070 1023/25/1023 1051/7/1051
f 1070/7/1070 1051/14/1051 1093/27/1093
vt 0.5269550085067749 0.8628050088882446
vt 0.5314750075340271 0.8668469786643982
f 1051/20/1051 979/31/979 1093/32/1093
f 1008/32/1008 1211/21/1211 1036/20/1036
vt 0.5414829850196838 0.8628050088882446
f 1224/32/1224 1270/31/1270 1267/33/1267
vt 0.5499110221862793 0.8668469786643982
vt 0.5560110211372375 0.8628050088882446
f 1267/34/1267 1259/33/1259 1211/35/1211
vt 0.5520489811897278 0.8708879947662354
f 1001/32/1001 1268/34/1268 986/36/986
vt 0.5388420224189758 0.8708879947662354
f 986/36/986 1268/37/1268 1238/32/1238
f 1001/34/1001 1221/32/1221 1268/33/1268
vt 0.5859810113906860 0.8668469786643982
vt 0.5680490136146545 0.8668469786643982
vt 0.5705400109291077 0.8628050088882446
f 997/38/997 1269/39/1269 1001/40/1001
vt 0.5850679874420166 0.8628050088882446
f 1001/40/1001 1269/41/1269 1221/38/1221
f 1003/39/1003 1269/34/1269 997/35/997
f 1225/35/1225 1144/40/1144 1174/39/1174
vt 0.5652570128440857 0.8708879947662354
f 1244/34/1244 1236/39/1236 1225/42/1225
f 1253/42/1253 1243/36/1243 1252/34/1252
vt 0.5256339907646179 0.8708879947662354
f 1244/21/1244 1253/32/1253 1252/43/1252
f 983/43/983 1225/28/1225 1174/21/1174
vt 0.5995960235595703 0.8628050088882446
vt 0.6039130091667175 0.8668469786643982
f 989/41/989 1225/44/1225 983/45/983
f 978/45/978 1253/38/1253 1244/41/1244
vt 0.6141240000724792 0.8628050088882446
vt 0.6286519765853882 0.8628050088882446
vt 0.6218450069427490 0.8668469786643982
f 985/46/985 1231/47/1231 990/48/990
f 989/45/989 983/44/983 1231/46/1231
vt 0.6431800127029419 0.8628050088882446
vt 0.6397759914398193 0.8668469786643982
f 985/47/985 1232/49/1232 1231/50/1231
f 989/50/989 1231/48/1231 984/47/984
vt 0.6577079892158508 0.8628050088882446
f 979/51/979 990/50/990 1160/49/1160
vt 0.5784639716148376 0.8708879947662354
f 979/39/979 1160/38/1160 1093/52/1093
f 1233/52/1233 990/42/990 979/39/979
f 986/37/986 1232/43/1232 985/32/985
vt 0.5916709899902344 0.8708879947662354
f 998/53/998 979/52/979 995/38/995
vt 0.6048790216445923 0.8708879947662354
f 998/54/998 1233/53/1233 979/38/979
f 998/38/998 1001/45/1001 1233/54/1233
vt 0.6180859804153442 0.8708879947662354
f 1005/55/1005 995/54/995 1051/45/1051
f 1259/45/1259 1005/48/1005 1036/55/1036
f 1259/48/1259 1036/45/1036 1211/46/1211
vt 0.6312929987907410 0.8708879947662354
f 1002/48/1002 995/50/995 1005/56/1005
f 998/56/998 995/55/995 1002/48/1002
vt 0.6577079892158508 0.8708879947662354
vt 0.6445009708404541 0.8708879947662354
f 1259/50/1259 1270/57/1270 1005/58/1005
f 1224/58/1224 1002/56/1002 1270/50/1270
f 998/57/998 997/50/997 1001/51/1001
vt 0.0536449998617172 0.0399499982595444
vt 0.0536449998617172 0.0205400008708239
vt 0.0623180009424686 0.0205400008708239
f 998/59/998 1002/60/1002 997/61/997
vt 0.0623180009424686 0.0399499982595444
f 1185/61/1185 1110/62/1110 1137/59/1137
vt 0.0450210012495518 0.0399499982595444
vt 0.0450210012495518 0.0205400008708239
f 1179/63/1179 1110/64/1110 1185/60/1185
f 1179/60/1179 1082/59/1082 1094/63/1094
vt 0.0536449998617172 0.0593609996140003
f 1179/65/1179 1094/59/1094 1110/62/1110
vt 0.0623180009424686 0.0593609996140003
f 1082/62/1082 1162/66/1162 1094/65/1094
vt 0.0450210012495518 0.0593609996140003
f 1149/67/1149 1162/63/1162 1067/59/1067
f 1178/59/1178 1145/65/1145 1112/67/1112
vt 0.0536449998617172 0.0787720009684563
f 1116/68/1116 1112/65/1112 1177/66/1177
vt 0.0623180009424686 0.0787720009684563
f 1116/66/1116 1178/69/1178 1112/68/1112
vt 0.0450210012495518 0.0787720009684563
f 1137/70/1137 1110/67/1110 1127/65/1127
f 1118/65/1118 1161/68/1161 1095/70/1095
vt 0.0536449998617172 0.0977680012583733
f 1118/71/1118 1095/68/1095 1134/69/1134
vt 0.0623180009424686 0.0977680012583733
f 1118/69/1118 1100/72/1100 1127/71/1127
vt 0.0450210012495518 0.0977680012583733
f 1134/73/1134 1095/70/1095 1111/68/1111
f 1134/68/1134 1111/71/1111 1071/73/1071
vt 0.0536449998617172 0.1166480034589767
f 1097/74/1097 1113/71/1113 1096/72/1096
vt 0.0623180009424686 0.1166480034589767
f 1114/72/1114 1145/75/1145 1175/74/1175
vt 0.0450210012495518 0.1166480034589767
f 1114/76/1114 1130/73/1130 1145/71/1145
f 1085/71/1085 1071/74/1071 1176/76/1176
vt 0.0536449998617172 0.1355279982089996
f 1097/77/1097 1129/74/1129 1113/75/1113
vt 0.0623180009424686 0.1355279982089996
f 1132/75/1132 1114/78/1114 1175/77/1175
vt 0.0450210012495518 0.1355279982089996
f 1202/79/1202 1274/76/1274 1212/74/1212
f 1192/74/1192 1132/77/1132 1148/79/1148
vt 0.0536449998617172 0.1544090062379837
f 1203/80/1203 1215/77/1215 1212/78/1212
vt 0.0623180009424686 0.1544090062379837
f 1203/78/1203 1212/81/1212 1213/80/1213
vt 0.0450210012495518 0.1544090062379837
f 1037/82/1037 1205/79/1205 1214/77/1214
f 1160/77/1160 1164/80/1164 1086/82/1086
vt 0.0536449998617172 0.1732890009880066
f 1037/83/1037 1214/80/1214 1031/81/1031
vt 0.0623180009424686 0.1732890009880066
f 1096/81/1096 1113/84/1113 1131/83/1131
vt 0.0450210012495518 0.1732890009880066
f 1039/85/1039 1201/82/1201 1275/80/1275
f 1096/80/1096 1131/83/1131 1163/85/1163
vt 0.0536449998617172 0.1921699941158295
f 1052/86/1052 1115/83/1115 1201/84/1201
vt 0.0623180009424686 0.1921699941158295
f 1052/84/1052 1163/87/1163 1115/86/1115
vt 0.0450210012495518 0.1921699941158295
f 1040/88/1040 1191/85/1191 1276/83/1276
f 1040/83/1040 1039/86/1039 1191/88/1191
vt 0.0536449998617172 0.2110500037670135
f 1040/89/1040 1276/86/1276 1204/87/1204
vt 0.0623180009424686 0.2110500037670135
f 1037/87/1037 1031/90/1031 1054/89/1054
vt 0.0450210012495518 0.2110500037670135
f 1053/91/1053 1040/88/1040 1204/86/1204
f 1278/86/1278 1054/89/1054 1208/91/1208
vt 0.0536449998617172 0.2299309968948364
f 1053/92/1053 1204/89/1204 1278/90/1278
vt 0.0623180009424686 0.2299309968948364
f 1208/90/1208 1054/93/1054 1282/92/1282
vt 0.0450210012495518 0.2299309968948364
f 1094/94/1094 1161/91/1161 1110/89/1110
f 1095/89/1095 1161/92/1161 1094/94/1094
vt 0.0536449998617172 0.2498629987239838
f 1162/95/1162 1095/92/1095 1094/93/1094
vt 0.0623180009424686 0.2498629987239838
f 1176/93/1176 1111/96/1111 1128/95/1128
vt 0.0450210012495518 0.2498629987239838
f 1177/97/1177 1147/94/1147 1146/92/1146
f 1112/92/1112 1129/95/1129 1177/97/1177
vt 0.0536449998617172 0.2676909863948822
f 1113/98/1113 1129/95/1129 1112/96/1112
vt 0.0623180009424686 0.2676909863948822
f 1131/96/1131 1113/99/1113 1130/98/1130
vt 0.0450210012495518 0.2676909863948822
f 1114/100/1114 1131/97/1131 1130/95/1130
f 1132/95/1132 1115/98/1115 1114/100/1114
vt 0.0536449998617172 0.2882309854030609
f 1274/101/1274 1201/98/1201 1132/99/1132
vt 0.0623180009424686 0.2882309854030609
f 1275/99/1275 1201/102/1201 1274/101/1274
vt 0.0450210012495518 0.2882309854030609
f 1085/103/1085 1147/100/1147 1097/98/1097
f 1202/98/1202 1275/101/1275 1274/103/1274
vt 0.0536449998617172 0.3076420128345490
f 1215/104/1215 1191/101/1191 1202/102/1202
vt 0.0623180009424686 0.3076420128345490
f 1276/102/1276 1191/105/1191 1215/104/1215
vt 0.0450210012495518 0.3076420128345490
f 1203/106/1203 1276/103/1276 1215/101/1215
f 1204/101/1204 1276/104/1276 1203/106/1203
vt 0.0536449998617172 0.3270530104637146
f 991/107/991 1243/104/1243 977/105/977
vt 0.0623180009424686 0.3270530104637146
f 1277/105/1277 1204/108/1204 1203/107/1203
vt 0.0450210012495518 0.3270530104637146
f 1205/109/1205 1278/106/1278 1277/104/1277
f 1037/104/1037 1054/107/1054 1205/109/1205
vt 0.0536449998617172 0.3464629948139191
f 1068/110/1068 1171/107/1171 1172/108/1172
vt 0.0623180009424686 0.3464629948139191
f 1133/108/1133 1148/111/1148 1178/110/1178
vt 0.0450210012495518 0.3464629948139191
f 1133/112/1133 1279/109/1279 1148/107/1148
f 1133/107/1133 1124/110/1124 1210/112/1210
vt 0.0536449998617172 0.3654589951038361
f 1280/113/1280 1210/110/1210 1050/111/1050
vt 0.0623180009424686 0.3654589951038361
f 1280/111/1280 1050/114/1050 1066/113/1066
vt 0.0450210012495518 0.3654589951038361
f 1117/115/1117 1133/112/1133 1178/110/1178
f 1117/110/1117 1116/113/1116 1180/115/1180
vt 0.0536449998617172 0.3843390047550201
f 1117/116/1117 1180/113/1180 1140/114/1140
vt 0.0623180009424686 0.3843390047550201
f 1179/114/1179 1154/117/1154 1079/116/1079
vt 0.0450210012495518 0.3843390047550201
f 57/118/57 34/115/34 33/113/33
f 339/113/339 775/116/775 776/118/776
vt 0.0536449998617172 0.4032199978828430
f 320/119/320 211/116/211 28/117/28
vt 0.0623180009424686 0.4032199978828430
f 56/117/56 166/120/166 35/119/35
vt 0.0450210012495518 0.4032199978828430
f 1242/121/1242 1236/118/1236 1252/116/1252
f 186/116/186 118/119/118 191/121/191
vt 0.0536449998617172 0.4221000075340271
f 899/122/899 869/119/869 974/120/974
vt 0.0623180009424686 0.4221000075340271
f 42/120/42 65/123/65 64/122/64
vt 0.0450210012495518 0.4221000075340271
f 42/124/42 258/121/258 65/119/65
f 140/119/140 199/122/199 119/124/119
vt 0.0536449998617172 0.4409810006618500
f 115/125/115 200/122/200 171/123/171
vt 0.0623180009424686 0.4409810006618500
f 582/123/582 528/126/528 543/125/543
vt 0.0450210012495518 0.4409810006618500
f 439/127/439 401/124/401 382/122/382
f 76/122/76 201/125/201 115/127/115
vt 0.0536449998617172 0.4598610103130341
f 983/128/983 1174/125/1174 1081/126/1081
vt 0.0623180009424686 0.4598610103130341
f 293/126/293 195/129/195 308/128/308
vt 0.0450210012495518 0.4598610103130341
f 962/130/962 893/127/893 910/125/910
f 480/125/480 515/128/515 481/130/481
vt 0.0536449998617172 0.4787409901618958
f 480/131/480 481/128/481 515/129/515
vt 0.0623180009424686 0.4787409901618958
f 465/129/465 447/132/447 461/131/461
vt 0.0450210012495518 0.4787409901618958
f 146/133/146 170/130/170 165/128/165
f 1192/128/1192 1274/131/1274 1132/133/1132
vt 0.0536449998617172 0.4976220130920410
f 31/134/31 162/131/162 60/132/60
vt 0.0623180009424686 0.4976220130920410
f 677/132/677 421/135/421 376/134/376
vt 0.0450210012495518 0.4976220130920410
f 32/136/32 65/133/65 77/131/77
f 1010/131/1010 1194/134/1194 1024/136/1024
vt 0.0536449998617172 0.5175539851188660
f 140/137/140 119/134/119 60/135/60
vt 0.0623180009424686 0.5175539851188660
f 146/135/146 193/138/193 170/137/170
vt 0.0450210012495518 0.5175539851188660
f 1234/139/1234 1235/136/1235 1237/134/1237
f 77/134/77 65/137/65 258/139/258
vt 0.0625969991087914 0.0000000000000000
vt 0.0713310018181801 0.0000000000000000
vt 0.0713310018181801 0.0162240006029606
f 608/140/608 704/141/704 514/142/514
vt 0.0713310018181801 0.0324469991028309
vt 0.0713310018181801 0.0486709997057915
f 740/62/740 799/143/799 753/144/753
f 1101/142/1101 1127/143/1127 1100/62/1100
f 254/62/254 275/61/275 236/142/236
vt 0.0713310018181801 0.0648949965834618
vt 0.0713310018181801 0.0811190009117126
f 77/145/77 218/146/218 103/69/103
f 78/69/78 102/66/102 216/145/216
vt 0.0713310018181801 0.0973419994115829
vt 0.0713310018181801 0.1135659962892532
f 1034/147/1034 1035/148/1035 1021/75/1021
f 102/75/102 293/72/293 216/147/216
f 489/146/489 575/147/575 576/72/576
f 124/72/124 327/69/327 326/146/326
f 251/66/251 233/144/233 232/145/232
vt 0.0538639985024929 0.0000000000000000
f 123/149/123 124/140/124 180/61/180
f 124/61/124 326/60/326 180/149/180
f 871/61/871 867/140/867 966/142/966
f 1021/66/1021 1065/62/1065 1066/144/1066
vt 0.0713310018181801 0.1297899931669235
f 8/148/8 313/150/313 169/78/169
f 8/78/8 241/75/241 9/148/9
vt 0.0713310018181801 0.1460130065679550
f 1085/78/1085 1097/150/1097 1098/151/1098
vt 0.0713310018181801 0.1622370034456253
vt 0.0713310018181801 0.1784610003232956
f 1115/152/1115 1131/153/1131 1114/84/1114
f 40/84/40 257/81/257 241/152/241
f 600/81/600 336/151/336 664/152/664
vt 0.0713310018181801 0.1946849972009659
vt 0.0713310018181801 0.2109079957008362
f 146/154/146 120/155/120 193/90/193
f 16/90/16 69/87/69 19/154/19
vt 0.0713310018181801 0.2271319925785065
vt 0.0713310018181801 0.2433560043573380
f 138/156/138 180/157/180 248/96/248
f 375/96/375 702/93/702 726/156/726
f 491/155/491 525/156/525 578/93/578
f 248/93/248 180/90/180 2/155/2
f 248/153/248 2/154/2 269/87/269
f 24/87/24 248/84/248 17/153/17
f 24/81/24 138/78/138 248/151/248
f 72/99/72 44/96/44 18/157/18
vt 0.0713310018181801 0.2595790028572083
f 1010/157/1010 1024/158/1024 1009/99/1009
vt 0.0713310018181801 0.2758029997348785
f 881/99/881 900/158/900 892/159/892
vt 0.0451310016214848 0.0000000000000000
f 1189/60/1189 1143/64/1143 1141/160/1141
f 111/160/111 73/149/73 154/60/154
vt 0.0363980010151863 0.0422669984400272
f 857/64/857 887/63/887 880/161/880
vt 0.0363980010151863 0.0281780008226633
f 1205/161/1205 1277/162/1277 1214/64/1214
vt 0.0363980010151863 0.0140890004113317
f 1059/163/1059 1285/160/1285 1044/64/1044
vt 0.0363980010151863 0.0704450011253357
f 1082/67/1082 1067/70/1067 1162/164/1162
vt 0.0363980010151863 0.0563560016453266
f 155/164/155 108/165/108 133/67/133
vt 0.0363980010151863 0.1127120032906532
f 72/73/72 18/76/18 154/166/154
vt 0.0363980010151863 0.0986230000853539
f 409/166/409 388/167/388 389/73/389
f 73/70/73 92/73/92 154/167/154
vt 0.0363980010151863 0.0845339968800545
f 556/167/556 555/168/555 538/70/538
f 1226/63/1226 1227/67/1227 1238/165/1238
f 313/165/313 327/161/327 124/63/124
vt 0.0363980010151863 0.0000000000000000
f 1148/160/1148 1132/163/1132 1175/169/1175
f 3/162/3 233/163/233 251/64/251
f 532/168/532 534/164/534 666/70/666
vt 0.0363980010151863 0.1268009990453720
f 949/166/949 938/76/938 939/170/939
vt 0.0363980010151863 0.1408900022506714
f 294/171/294 215/170/215 249/79/249
vt 0.0363980010151863 0.1690679937601089
f 707/82/707 919/85/919 621/172/621
vt 0.0363980010151863 0.1549790054559708
f 249/172/249 215/173/215 292/82/292
f 1070/79/1070 1093/82/1093 1086/173/1086
f 217/173/217 251/171/251 292/79/292
f 1133/76/1133 1140/79/1140 1124/170/1124
vt 0.0363980010151863 0.1831569969654083
f 21/85/21 132/88/132 46/174/46
f 484/174/484 571/172/571 463/85/463
vt 0.0363980010151863 0.2254240065813065
f 1218/91/1218 1140/94/1140 1156/175/1156
vt 0.0363980010151863 0.2113350033760071
f 251/175/251 232/176/232 292/91/292
f 679/88/679 395/91/395 418/176/418
vt 0.0363980010151863 0.1972460001707077
f 1063/176/1063 1012/177/1012 1060/88/1060
vt 0.0363980010151863 0.2536019980907440
f 50/94/50 94/97/94 25/178/25
vt 0.0363980010151863 0.2395129948854446
f 688/178/688 693/179/693 427/94/427
f 322/94/322 4/179/4 270/175/270
f 23/177/23 48/174/48 84/88/84
vt 0.0363980010151863 0.2676909863948822
f 60/97/60 82/100/82 99/180/99
f 1064/180/1064 1106/178/1106 1077/97/1077
vt 0.0713310018181801 0.2920269966125488
f 198/102/198 181/159/181 156/181/156
vt 0.0713310018181801 0.3082509934902191
vt 0.0713310018181801 0.3244740068912506
f 168/182/168 110/183/110 181/108/181
f 272/108/272 318/105/318 329/182/329
f 229/181/229 249/182/249 231/105/231
f 613/105/613 520/102/520 916/181/916
vt 0.0713310018181801 0.3406980037689209
vt 0.0713310018181801 0.3569220006465912
f 1232/111/1232 1237/184/1237 984/185/984
vt 0.0713310018181801 0.3731450140476227
vt 0.0713310018181801 0.3893690109252930
f 1183/186/1183 1152/187/1152 1088/117/1088
f 1/117/1 268/114/268 231/186/231
f 571/114/571 485/185/485 613/186/613
f 716/183/716 386/184/386 408/111/408
f 269/111/269 250/108/250 233/183/233
vt 0.0713310018181801 0.4055930078029633
f 911/123/911 937/120/937 877/188/877
vt 0.0713310018181801 0.4218170046806335
f 1118/188/1118 1127/189/1127 1161/123/1161
f 1044/120/1044 1284/117/1284 1209/187/1209
f 1024/187/1024 1194/188/1194 1041/120/1041
f 1190/185/1190 1143/114/1143 1151/111/1151
vt 0.0713310018181801 0.4380399882793427
vt 0.0713310018181801 0.4542639851570129
f 269/190/269 2/191/2 250/129/250
f 900/129/900 908/126/908 901/190/901
vt 0.0713310018181801 0.4867120087146759
vt 0.0713310018181801 0.4704880118370056
f 462/192/462 455/132/455 923/193/923
f 426/193/426 405/129/405 687/191/687
vt 0.0713310018181801 0.5029349923133850
vt 0.0713310018181801 0.5191590189933777
f 187/194/187 56/195/56 95/138/95
f 749/138/749 725/135/725 796/194/796
vt 0.0713310018181801 0.5353829860687256
vt 0.0625969991087914 0.5353829860687256
f 348/195/348 738/196/738 837/197/837
f 85/192/85 62/194/62 71/135/71
f 682/135/682 774/132/774 339/192/339
f 959/195/959 714/197/714 501/138/501
f 21/126/21 91/123/91 108/189/108
f 159/189/159 23/190/23 99/126/99
f 49/193/49 155/132/155 22/129/22
vt 0.0538639985024929 0.5353829860687256
vt 0.0451310016214848 0.5353829860687256
f 23/198/23 84/199/84 99/139/99
f 159/139/159 137/137/137 23/198/23
f 1001/137/1001 986/138/986 1233/197/1233
f 571/197/571 613/198/613 916/137/916
vt 0.0363980010151863 0.2817800045013428
f 137/200/137 45/180/45 19/100/19
f 646/100/646 644/103/644 601/200/601
vt 0.0363980010151863 0.3099580109119415
f 646/103/646 601/106/601 644/201/644
vt 0.0363980010151863 0.2958689928054810
f 1261/201/1261 1265/202/1265 1262/103/1262
vt 0.0363980010151863 0.3240469992160797
f 49/106/49 22/109/22 48/203/48
f 296/203/296 315/201/315 201/106/201
vt 0.0363980010151863 0.3663139939308167
f 112/112/112 184/115/184 5/204/5
vt 0.0363980010151863 0.3522250056266785
f 942/204/942 952/205/952 430/112/430
vt 0.0363980010151863 0.3381359875202179
f 112/109/112 5/112/5 305/206/305
f 112/206/112 305/203/305 5/109/5
vt 0.0363980010151863 0.3804030120372772
f 1118/115/1118 1134/118/1134 1099/207/1099
f 138/207/138 94/204/94 185/115/185
f 1142/103/1142 1119/202/1119 1144/200/1144
f 217/112/217 216/205/216 293/206/293
vt 0.0363980010151863 0.3944920003414154
f 51/118/51 25/208/25 72/207/72
f 223/208/223 224/118/224 265/121/265
vt 0.0363980010151863 0.4226709902286530
f 239/121/239 255/124/255 6/209/6
vt 0.0363980010151863 0.4085809886455536
f 1089/209/1089 1030/210/1030 1043/121/1043
vt 0.0363980010151863 0.4367600083351135
f 496/124/496 497/127/497 705/211/705
f 282/211/282 206/209/206 13/124/13
f 306/208/306 295/121/295 286/210/286
vt 0.0363980010151863 0.4508489966392517
f 597/127/597 538/130/538 760/212/760
f 1033/212/1033 1045/211/1045 1058/127/1058
vt 0.0363980010151863 0.4931159913539886
f 111/133/111 54/136/54 139/213/139
vt 0.0363980010151863 0.4790270030498505
f 93/213/93 30/214/30 54/133/54
f 794/130/794 630/133/630 758/214/758
vt 0.0363980010151863 0.4649380147457123
f 794/214/794 758/215/758 630/130/630
vt 0.0363980010151863 0.5212939977645874
f 844/136/844 360/139/360 357/216/357
vt 0.0363980010151863 0.5072050094604492
f 93/216/93 55/217/55 30/136/30
f 210/130/210 286/215/286 324/212/324
f 443/199/443 475/216/475 459/139/459
f 572/217/572 486/213/486 847/136/847
vt 0.0363980010151863 0.5353829860687256
f 284/216/284 324/199/324 310/218/310
f 1101/159/1101 1119/102/1119 1166/99/1166
vt 0.1175170019268990 0.2681039869785309
vt 0.1622390002012253 0.2526629865169525
vt 0.1175170019268990 0.2526629865169525
f 1119/219/1119 1100/220/1100 1118/221/1118
vt 0.1175170019268990 0.2832950055599213
vt 0.1622390002012253 0.2681039869785309
f 53/222/53 73/223/73 139/219/139
vt 0.1175170019268990 0.2983129918575287
vt 0.1622390002012253 0.2832950055599213
f 1224/224/1224 997/225/997 1002/222/1002
vt 0.1175170019268990 0.3133319914340973
vt 0.1622390002012253 0.2983129918575287
f 286/226/286 295/227/295 311/224/311
vt 0.1175170019268990 0.3283500075340271
vt 0.1622390002012253 0.3133319914340973
f 1089/228/1089 1030/229/1030 1018/226/1018
vt 0.1175170019268990 0.3433690071105957
vt 0.1622390002012253 0.3283500075340271
f 1089/230/1089 1018/231/1018 1030/228/1030
vt 0.1175170019268990 0.3583869934082031
vt 0.1622390002012253 0.3433690071105957
f 1014/232/1014 1009/233/1009 1055/230/1055
vt 0.1175170019268990 0.3743410110473633
vt 0.1622390002012253 0.3583869934082031
f 287/234/287 325/235/325 306/232/306
vt 0.1175170019268990 0.3897809982299805
vt 0.1622390002012253 0.3743410110473633
f 114/236/114 184/237/184 113/234/113
vt 0.1175170019268990 0.4049730002880096
vt 0.1622390002012253 0.3897809982299805
f 114/238/114 113/239/113 185/236/185
vt 0.1175170019268990 0.4199909865856171
vt 0.1622390002012253 0.4049730002880096
f 473/240/473 541/241/541 559/238/559
vt 0.1175170019268990 0.4350099861621857
vt 0.1622390002012253 0.4199909865856171
f 633/242/633 591/243/591 608/240/608
vt 0.1175170019268990 0.4500280022621155
vt 0.1622390002012253 0.4350099861621857
f 276/244/276 256/245/256 274/242/274
vt 0.1175170019268990 0.4650470018386841
vt 0.1622390002012253 0.4500280022621155
f 274/246/274 6/247/6 273/244/273
vt 0.1026099994778633 0.2367099970579147
vt 0.1324249953031540 0.2367099970579147
f 252/248/252 274/221/274 7/249/7
f 296/220/296 103/249/103 218/221/218
vt 0.0727950036525726 0.2772690057754517
f 329/250/329 318/222/318 319/219/319
vt 0.0727950036525726 0.2975479960441589
vt 0.0727950036525726 0.3178279995918274
f 283/224/283 208/251/208 235/252/235
f 372/252/372 676/226/676 398/224/398
f 209/252/209 283/228/283 50/226/50
f 52/222/52 28/250/28 211/251/211
f 435/251/435 695/224/695 404/222/404
vt 0.0727950036525726 0.2569890022277832
f 1253/253/1253 994/219/994 1243/221/1243
vt 0.0727950036525726 0.2367099970579147
f 285/253/285 52/248/52 211/254/211
f 248/221/248 233/248/233 3/253/3
f 449/219/449 920/253/920 469/250/469
vt 0.0727950036525726 0.3583869934082031
f 220/255/220 298/232/298 86/230/86
vt 0.0727950036525726 0.3381080031394958
f 816/230/816 834/256/834 790/255/790
f 911/256/911 904/228/904 937/252/937
f 74/256/74 114/230/114 185/228/185
vt 0.0727950036525726 0.3786669969558716
f 283/257/283 74/236/74 50/234/50
vt 0.0727950036525726 0.3989470005035400
vt 0.0727950036525726 0.4192259907722473
f 1016/238/1016 1063/258/1063 1060/259/1060
f 209/259/209 50/240/50 26/238/26
f 306/258/306 286/238/286 211/236/211
vt 0.1324249953031540 0.4800649881362915
vt 0.1622390002012253 0.4650470018386841
f 1179/260/1179 1185/261/1185 1154/246/1154
vt 0.0727950036525726 0.4395059943199158
f 109/262/109 90/244/90 134/242/134
f 212/240/212 161/259/161 29/262/29
f 15/262/15 275/242/275 267/240/267
f 111/257/111 139/234/139 73/232/73
f 320/232/320 161/255/161 212/257/212
f 533/257/533 548/258/548 549/236/549
vt 0.0727950036525726 0.4800649881362915
vt 0.1026099994778633 0.4800649881362915
f 271/263/271 17/264/17 230/246/230
f 1101/260/1101 1121/246/1121 1165/264/1165
vt 0.0727950036525726 0.4597859978675842
f 306/265/306 325/244/325 295/262/295
f 320/246/320 287/265/287 306/263/306
f 264/244/264 245/265/245 258/246/258
vt 0.5921199917793274 0.7570340037345886
vt 0.5623059868812561 0.7167549729347229
vt 0.5921199917793274 0.7167549729347229
f 312/266/312 307/267/307 321/268/321
vt 0.5026760101318359 0.7570340037345886
vt 0.5026760101318359 0.7167549729347229
vt 0.5324910283088684 0.7167549729347229
f 626/269/626 787/270/787 583/271/583
f 414/271/414 810/267/810 771/269/771
vt 0.5473979711532593 0.7973139882087708
vt 0.5921199917793274 0.7973139882087708
f 903/272/903 910/266/910 933/273/933
vt 0.5026760101318359 0.7973139882087708
f 903/274/903 966/269/966 954/272/954
f 903/266/903 954/272/954 966/269/966
f 903/267/903 933/266/933 910/269/910
vt 0.5473979711532593 0.6289809942245483
vt 0.5921199917793274 0.6289809942245483
vt 0.5921199917793274 0.6692600250244141
f 831/275/831 815/276/815 394/277/394
vt 0.5026760101318359 0.6692600250244141
vt 0.5026760101318359 0.6289809942245483
f 325/275/325 307/278/307 312/279/312
vt 0.5623059868812561 0.7095400094985962
f 291/280/291 321/275/321 254/277/254
vt 0.5324910283088684 0.7095400094985962
f 1139/280/1139 1170/281/1170 1154/275/1154
vt 0.5026760101318359 0.7095400094985962
f 312/282/312 321/278/321 291/281/291
f 254/281/254 321/278/321 275/275/275
vt 0.5921199917793274 0.7095400094985962
f 182/283/182 70/280/70 109/277/109
vt 0.2725079953670502 0.4623349905014038
vt 0.2725079953670502 0.4325200021266937
vt 0.3127880096435547 0.4027059972286224
f 357/284/357 360/285/360 428/286/428
vt 0.2725079953670502 0.4027059972286224
f 311/286/311 289/285/289 214/287/214
vt 0.3530670106410980 0.4474279880523682
vt 0.3530670106410980 0.4027059972286224
f 1195/288/1195 1207/286/1207 1216/289/1216
vt 0.3127880096435547 0.4921500086784363
vt 0.3530670106410980 0.4921500086784363
f 256/290/256 291/288/291 238/291/238
vt 0.2725079953670502 0.4921500086784363
f 323/292/323 214/284/214 256/290/256
f 291/290/291 254/284/254 237/286/237
f 58/288/58 38/290/38 98/286/98
vt 0.2181500047445297 0.2367099970579147
vt 0.2584300041198730 0.2367099970579147
vt 0.2584300041198730 0.2665239870548248
f 296/293/296 201/294/201 103/295/103
vt 0.1778710037469864 0.2814309895038605
vt 0.1778710037469864 0.2367099970579147
f 323/293/323 276/296/276 252/297/252
vt 0.2584300041198730 0.2963390052318573
f 873/298/873 891/293/891 934/295/934
vt 0.2181500047445297 0.3261530101299286
vt 0.2584300041198730 0.3261530101299286
f 163/299/163 142/298/142 75/300/75
vt 0.1778710037469864 0.3261530101299286
f 259/301/259 216/296/216 244/299/244
f 1044/299/1044 1209/296/1209 1057/293/1057
f 163/298/163 140/299/140 162/293/162
vt 0.1778710037469864 0.4474279880523682
vt 0.1778710037469864 0.4027059972286224
vt 0.2181500047445297 0.4027059972286224
f 31/302/31 165/303/165 142/304/142
vt 0.2181500047445297 0.4921500086784363
vt 0.1778710037469864 0.4921500086784363
f 1182/302/1182 1150/305/1150 1217/306/1217
vt 0.2584300041198730 0.4325200021266937
f 163/307/163 141/302/141 140/304/140
vt 0.2584300041198730 0.4623349905014038
f 860/307/860 872/308/872 932/302/932
vt 0.2584300041198730 0.4921500086784363
f 115/309/115 141/305/141 191/308/191
f 1190/308/1190 1141/305/1141 1143/302/1143
vt 0.2584300041198730 0.4027059972286224
f 93/310/93 54/307/54 111/304/111
vt 0.3127880096435547 0.2367099970579147
vt 0.2725079953670502 0.2665239870548248
vt 0.2725079953670502 0.2367099970579147
f 718/311/718 409/312/409 389/313/389
vt 0.3127880096435547 0.3261530101299286
vt 0.2725079953670502 0.3261530101299286
vt 0.2725079953670502 0.2963390052318573
f 163/314/163 186/315/186 191/316/191
f 221/316/221 299/312/299 300/311/300
vt 0.3530670106410980 0.2814309895038605
vt 0.3530670106410980 0.2367099970579147
f 187/317/187 191/311/191 166/318/166
vt 0.3530670106410980 0.3261530101299286
f 816/319/816 338/314/338 834/317/834
f 76/311/76 95/317/95 77/314/77
f 56/316/56 36/311/36 95/314/95
vt 0.0944840013980865 0.1084450036287308
vt 0.0944840013980865 0.0867559984326363
vt 0.1161729991436005 0.0867559984326363
f 343/320/343 814/321/814 777/322/777
vt 0.1161729991436005 0.1084450036287308
f 87/322/87 88/323/88 106/320/106
vt 0.0944840013980865 0.1301340013742447
f 97/324/97 78/320/78 96/323/96
vt 0.1161729991436005 0.1301340013742447
f 134/323/134 271/325/271 4/324/4
vt 0.1378619968891144 0.1301340013742447
f 227/326/227 253/325/253 281/323/281
vt 0.1595509946346283 0.0867559984326363
f 32/323/32 77/322/77 95/327/95
vt 0.1595509946346283 0.1301340013742447
f 189/327/189 117/328/117 79/326/79
f 805/326/805 825/323/825 824/327/824
vt 0.1161729991436005 0.1518229991197586
f 34/329/34 79/325/79 97/326/97
vt 0.1378619968891144 0.1518229991197586
f 757/326/757 719/330/719 747/329/747
f 718/330/718 389/326/389 506/328/506
vt 0.1595509946346283 0.1518229991197586
f 232/328/232 250/331/250 249/330/249
vt 0.0944840013980865 0.0650670006871223
vt 0.0944840013980865 0.0433779992163181
vt 0.1161729991436005 0.0433779992163181
f 183/332/183 138/333/138 113/334/113
vt 0.1161729991436005 0.0650670006871223
f 97/334/97 79/335/79 78/332/78
f 594/321/594 552/332/552 536/335/536
f 1220/335/1220 1281/322/1281 1216/321/1216
vt 0.1161729991436005 0.0216889996081591
vt 0.1378619968891144 0.0216889996081591
f 189/334/189 79/336/79 34/337/34
vt 0.1378619968891144 0.0433779992163181
f 592/337/592 609/338/609 512/334/512
vt 0.1595509946346283 0.0216889996081591
f 189/338/189 142/337/142 143/339/143
vt 0.1595509946346283 0.0433779992163181
f 142/339/142 188/340/188 116/338/116
f 189/335/189 143/334/143 117/338/117
f 157/338/157 182/340/182 110/327/110
f 191/327/191 118/322/118 81/335/81
f 118/335/118 190/338/190 81/327/81
vt 0.1812400072813034 0.0433779992163181
vt 0.2029290050268173 0.0433779992163181
vt 0.2029290050268173 0.0650670006871223
f 701/341/701 925/342/925 449/343/449
vt 0.2029290050268173 0.0867559984326363
f 56/343/56 35/344/35 59/327/59
f 300/327/300 223/340/223 265/341/265
f 245/341/245 218/343/218 258/327/258
vt 0.1812400072813034 0.0216889996081591
f 60/340/60 119/339/119 82/345/82
f 39/345/39 99/341/99 62/340/62
vt 0.2029290050268173 0.0216889996081591
f 945/341/945 892/345/892 907/346/907
f 183/346/183 184/342/184 112/341/112
vt 0.2246180027723312 0.0650670006871223
f 1014/344/1014 1055/343/1055 1031/347/1031
vt 0.2246180027723312 0.0867559984326363
f 39/347/39 60/348/60 99/344/99
vt 0.2246180027723312 0.0433779992163181
f 61/343/61 39/342/39 62/349/62
f 818/349/818 343/347/343 813/343/813
vt 0.1812400072813034 0.1301340013742447
f 100/331/100 61/328/61 62/350/62
vt 0.1812400072813034 0.1518229991197586
f 546/350/546 588/351/588 530/331/530
vt 0.2029290050268173 0.1301340013742447
f 1117/351/1117 1178/350/1178 1116/352/1116
vt 0.2029290050268173 0.1518229991197586
f 61/352/61 60/353/60 39/351/39
vt 0.2029290050268173 0.1084450036287308
f 197/354/197 120/352/120 100/350/100
f 1022/350/1022 1015/328/1015 1047/327/1047
f 298/327/298 104/344/104 86/354/86
f 100/354/100 83/350/83 61/327/61
vt 0.2246180027723312 0.1084450036287308
f 294/352/294 292/354/292 215/355/215
vt 0.2246180027723312 0.1301340013742447
f 16/355/16 68/356/68 69/352/69
f 217/354/217 292/344/292 294/348/294
f 144/348/144 167/355/167 122/354/122
vt 0.1989379972219467 0.0094560002908111
vt 0.2105450034141541 0.0165689997375011
f 143/357/143 194/358/194 117/346/117
vt 0.2208970040082932 0.0254100002348423
f 168/359/168 194/346/194 144/358/144
f 1014/342/1014 1047/346/1047 1061/359/1061
vt 0.1731230020523071 0.0010679999832064
vt 0.1863609999418259 0.0042460002005100
f 144/345/144 194/360/194 167/361/167
f 596/361/596 674/357/674 542/345/542
f 282/346/282 105/345/105 206/357/206
f 336/339/336 826/360/826 664/345/664
vt 0.2297379970550537 0.0357620008289814
f 322/362/322 195/349/195 198/359/198
vt 0.2420610040426254 0.0599469989538193
vt 0.2368520051240921 0.0473700016736984
f 217/363/217 293/347/293 322/364/322
vt 0.2452390044927597 0.0731839984655380
f 217/365/217 294/347/294 216/363/216
vt 0.2463070005178452 0.0867559984326363
f 848/366/848 573/348/573 487/365/487
f 86/359/86 104/349/104 221/342/221
f 241/365/241 278/348/278 262/347/262
f 1125/347/1125 1287/349/1287 1207/364/1207
vt 0.2452390044927597 0.1003279983997345
f 1149/348/1149 1126/366/1126 1146/367/1146
f 404/362/404 432/364/432 364/349/364
vt 0.1459800004959106 0.0010679999832064
vt 0.1595509946346283 0.0000000000000000
f 1130/339/1130 1112/368/1112 1145/369/1145
f 666/368/666 534/339/534 548/337/548
f 300/339/300 222/369/222 223/360/223
vt 0.1327420026063919 0.0042460002005100
f 619/370/619 921/368/921 454/337/454
vt 0.1201649978756905 0.0094560002908111
f 473/371/473 442/370/442 460/337/460
vt 0.0982059985399246 0.0254100002348423
vt 0.1085579991340637 0.0165689997375011
f 74/372/74 185/373/185 94/336/94
f 473/371/473 561/336/561 474/373/474
f 473/371/473 565/337/565 478/336/478
f 226/333/226 255/372/255 290/334/290
f 523/336/523 490/334/490 575/372/575
vt 0.0822509974241257 0.0473700016736984
f 92/374/92 72/333/72 154/332/154
vt 0.0893639996647835 0.0357620008289814
f 1029/375/1029 1031/372/1031 1017/333/1017
f 999/374/999 1004/375/1004 1000/333/1000
vt 0.0770419985055923 0.0599469989538193
f 413/376/413 372/374/372 398/332/398
vt 0.0738639980554581 0.0731839984655380
f 496/376/496 374/332/374 391/377/391
f 413/321/413 398/377/398 421/332/421
vt 0.2420610040426254 0.1135649979114532
f 272/378/272 255/355/255 5/367/5
vt 0.2368520051240921 0.1261419951915741
f 272/355/272 5/378/5 255/379/255
vt 0.2297379970550537 0.1377499997615814
f 676/379/676 423/380/423 398/356/398
f 411/379/411 838/356/838 683/355/683
vt 0.2208970040082932 0.1481020003557205
f 800/353/800 819/352/819 345/381/345
f 676/356/676 411/381/411 683/352/683
f 163/381/163 75/356/75 186/380/186
vt 0.1989379972219467 0.1640560030937195
vt 0.2105450034141541 0.1569429934024811
f 731/382/731 596/353/596 760/383/760
f 838/381/838 355/383/355 683/353/683
f 1246/351/1246 1239/353/1239 1228/382/1228
vt 0.1863609999418259 0.1692660003900528
f 612/384/612 499/351/499 500/382/500
vt 0.1731230020523071 0.1724440008401871
f 496/385/496 348/331/348 837/351/837
vt 0.1595509946346283 0.1735119968652725
f 880/331/880 887/385/887 886/386/886
f 442/385/442 413/351/413 422/384/422
vt 0.1459800004959106 0.1724440008401871
f 607/387/607 596/331/596 820/386/820
vt 0.0738639980554581 0.1003279983997345
f 496/388/496 493/321/493 348/320/348
vt 0.0982059985399246 0.1481020003557205
f 423/389/423 683/324/683 397/325/397
vt 0.0822509974241257 0.1261419951915741
f 496/390/496 705/320/705 493/324/493
vt 0.0727950036525726 0.0867559984326363
f 70/388/70 17/391/17 90/321/90
vt 0.0770419985055923 0.1135649979114532
f 222/392/222 301/388/301 223/320/223
f 1097/392/1097 1147/320/1147 1129/390/1129
vt 0.0893639996647835 0.1377499997615814
f 363/390/363 504/324/504 404/393/404
f 442/377/442 456/321/456 413/391/413
vt 0.1201649978756905 0.1640560030937195
f 349/329/349 493/330/493 838/394/838
vt 0.1327420026063919 0.1692660003900528
f 532/395/532 528/394/528 547/330/547
f 20/330/20 46/387/46 158/395/158
f 256/387/256 255/330/255 239/331/239
f 756/389/756 801/393/801 724/324/724
vt 0.1085579991340637 0.1569429934024811
f 719/389/719 808/329/808 770/396/770
f 757/394/757 811/396/811 719/329/719
f 756/325/756 747/329/747 732/389/732
f 754/367/754 807/355/807 827/348/827
vt 0.7027170062065125 0.4260619878768921
vt 0.6931449770927429 0.4260619878768921
vt 0.6931449770927429 0.3756980001926422
f 450/397/450 451/398/451 515/399/515
vt 0.7027170062065125 0.3756980001926422
f 1171/399/1171 1173/400/1173 1106/397/1106
vt 0.7027170062065125 0.5771520137786865
vt 0.6931449770927429 0.5771520137786865
vt 0.6931449770927429 0.5267890095710754
f 331/401/331 785/402/785 344/403/344
vt 0.7027170062065125 0.5267890095710754
f 743/403/743 772/404/772 344/401/344
vt 0.7212460041046143 0.4260619878768921
vt 0.7119820117950439 0.4260619878768921
vt 0.7119820117950439 0.3756980001926422
f 451/405/451 480/406/480 515/407/515
vt 0.7212460041046143 0.3756980001926422
f 1155/407/1155 1218/408/1218 1156/405/1156
f 957/406/957 958/397/958 876/400/876
f 331/400/331 344/407/344 800/406/800
vt 0.7119820117950439 0.5267890095710754
f 210/409/210 284/404/284 209/397/209
f 285/397/285 211/406/211 286/409/286
vt 0.7212460041046143 0.5267890095710754
f 529/406/529 720/405/720 662/410/662
f 784/410/784 745/409/745 732/406/732
vt 0.7119820117950439 0.5771520137786865
f 40/411/40 126/401/126 147/404/147
f 630/404/630 733/409/733 580/411/580
vt 0.7212460041046143 0.5771520137786865
f 876/412/876 958/411/958 363/409/363
f 351/409/351 495/410/495 513/412/513
vt 0.7394750118255615 0.4260619878768921
vt 0.7303609848022461 0.4260619878768921
vt 0.7303609848022461 0.3756980001926422
f 794/413/794 733/414/733 630/415/630
vt 0.7394750118255615 0.3756980001926422
f 1015/415/1015 1056/416/1056 1011/413/1011
f 786/414/786 800/405/800 345/408/345
f 546/408/546 629/415/629 533/414/533
vt 0.7303609848022461 0.5267890095710754
f 1286/417/1286 1200/410/1200 1220/405/1220
f 291/405/291 214/414/214 289/417/289
vt 0.7394750118255615 0.5267890095710754
f 1149/414/1149 1146/413/1146 1128/418/1128
f 786/418/786 331/417/331 800/414/800
vt 0.7303609848022461 0.5771520137786865
f 735/419/735 345/412/345 780/410/780
f 883/410/883 859/417/859 889/419/889
vt 0.7394750118255615 0.5771520137786865
f 85/420/85 47/419/47 20/417/20
f 735/417/735 786/418/786 345/420/345
vt 0.7574980258941650 0.4260619878768921
vt 0.7484869956970215 0.4260619878768921
vt 0.7484869956970215 0.3756980001926422
f 780/421/780 346/422/346 788/423/788
vt 0.7574980258941650 0.3756980001926422
f 666/423/666 548/424/548 624/421/624
f 1193/422/1193 1203/413/1203 1213/416/1213
f 1193/416/1193 1214/423/1214 1277/422/1277
vt 0.7484869956970215 0.5267890095710754
f 135/425/135 157/418/157 110/413/110
f 98/413/98 38/422/38 192/425/192
vt 0.7574980258941650 0.5267890095710754
f 532/422/532 666/421/666 598/426/598
f 150/426/150 159/425/159 196/422/196
vt 0.7484869956970215 0.5771520137786865
f 582/427/582 543/420/543 625/418/625
f 397/418/397 683/425/683 378/427/378
vt 0.7574980258941650 0.5771520137786865
f 764/428/764 752/427/752 821/425/821
f 823/425/823 802/426/802 764/428/764
vt 0.7755200266838074 0.4260619878768921
vt 0.7665089964866638 0.4260619878768921
vt 0.7665089964866638 0.3756980001926422
f 392/429/392 726/430/726 391/431/391
vt 0.7755200266838074 0.3756980001926422
f 1026/431/1026 1216/432/1216 1010/429/1010
f 731/430/731 760/421/760 812/424/812
f 288/424/288 225/431/225 303/430/303
vt 0.7665089964866638 0.5267890095710754
f 663/433/663 601/426/601 649/421/649
f 1174/421/1174 1144/430/1144 1119/433/1119
vt 0.7755200266838074 0.5267890095710754
f 722/430/722 754/429/754 827/434/827
f 1053/434/1053 1278/433/1278 1208/430/1208
vt 0.7665089964866638 0.5771520137786865
f 696/435/696 368/428/368 855/426/855
f 175/426/175 149/433/149 150/435/150
vt 0.7755200266838074 0.5771520137786865
f 52/436/52 51/435/51 27/433/27
f 1105/433/1105 1156/434/1156 1157/436/1157
vt 0.7935420274734497 0.4260619878768921
vt 0.7845309972763062 0.4260619878768921
vt 0.7845309972763062 0.3756980001926422
f 640/437/640 580/438/580 733/439/733
vt 0.7935420274734497 0.3756980001926422
f 158/439/158 136/440/136 135/437/135
f 150/438/150 176/429/176 159/432/159
f 581/432/581 640/439/640 765/438/765
vt 0.7935420274734497 0.5267890095710754
f 314/438/314 180/437/180 326/441/326
f 625/434/625 598/429/598 640/438/640
f 765/441/765 785/434/785 331/438/331
vt 0.8115640282630920 0.4260619878768921
vt 0.8025529980659485 0.4260619878768921
vt 0.8025529980659485 0.3756980001926422
f 626/442/626 734/443/734 787/444/787
vt 0.8115640282630920 0.3756980001926422
f 192/444/192 59/445/59 81/442/81
f 1278/443/1278 1204/437/1204 1277/440/1277
f 719/440/719 811/444/811 808/443/808
vt 0.8025529980659485 0.5267890095710754
f 1060/446/1060 1046/441/1046 1045/437/1045
f 739/437/739 790/443/790 738/446/738
vt 0.8115640282630920 0.5267890095710754
f 1216/443/1216 1283/442/1283 1194/447/1194
f 582/447/582 625/446/625 581/443/581
vt 0.8025529980659485 0.5771520137786865
vt 0.7935420274734497 0.5771520137786865
f 1201/448/1201 1115/449/1115 1132/441/1132
f 40/441/40 145/446/145 63/448/63
vt 0.8115640282630920 0.5771520137786865
f 141/450/141 171/448/171 140/446/140
f 168/446/168 121/447/121 194/450/194
vt 0.8295869827270508 0.4260619878768921
vt 0.8205749988555908 0.4260619878768921
vt 0.8205749988555908 0.3756980001926422
f 442/451/442 660/452/660 456/453/456
vt 0.8295869827270508 0.3756980001926422
f 793/453/793 763/454/763 740/451/740
f 626/452/626 582/442/582 581/445/581
f 865/445/865 953/453/953 970/452/970
vt 0.8205749988555908 0.5267890095710754
f 183/455/183 113/447/113 184/442/184
f 995/442/995 979/452/979 1051/455/1051
vt 0.8295869827270508 0.5267890095710754
f 414/452/414 749/451/749 839/456/839
f 870/456/870 859/455/859 883/452/883
vt 0.8205749988555908 0.5771520137786865
f 787/457/787 736/450/736 583/447/583
f 100/447/100 62/455/62 85/457/85
vt 0.8295869827270508 0.5771520137786865
f 697/458/697 713/457/713 402/455/402
f 789/455/789 736/456/736 788/458/788
vt 0.8487309813499451 0.4260619878768921
vt 0.8391590118408203 0.4260619878768921
vt 0.8391590118408203 0.3756980001926422
f 259/459/259 64/460/64 216/461/216
vt 0.8487309813499451 0.3756980001926422
f 473/461/473 478/462/478 561/459/561
f 271/460/271 230/451/230 3/454/3
f 789/454/789 788/461/788 737/460/737
vt 0.8391590118408203 0.5267890095710754
f 789/463/789 628/456/628 736/451/736
f 746/451/746 415/460/415 840/463/840
vt 0.8487309813499451 0.5267890095710754
f 259/460/259 244/459/244 263/464/263
f 473/464/473 460/463/460 565/460/565
vt 0.8391590118408203 0.5771520137786865
f 529/465/529 649/458/649 544/456/544
f 1048/456/1048 1088/463/1088 1028/465/1028
vt 0.8487309813499451 0.5771520137786865
f 584/466/584 583/465/583 628/463/628
f 341/463/341 777/464/777 831/466/831
vt 0.8672590255737305 0.4260619878768921
vt 0.8579949736595154 0.4260619878768921
vt 0.8579949736595154 0.3756980001926422
f 776/467/776 340/468/340 341/469/341
vt 0.8672590255737305 0.3756980001926422
f 23/469/23 49/470/49 48/467/48
f 552/468/552 537/459/537 590/462/590
f 442/462/442 422/469/422 460/468/460
vt 0.8579949736595154 0.5267890095710754
f 402/471/402 690/464/690 431/459/431
f 779/459/779 605/468/605 832/471/832
vt 0.8672590255737305 0.5267890095710754
f 906/468/906 914/467/914 950/472/950
f 226/472/226 290/471/290 318/468/318
vt 0.8579949736595154 0.5771520137786865
f 955/473/955 967/466/967 499/464/499
f 605/464/605 647/471/647 672/473/672
vt 0.8672590255737305 0.5771520137786865
f 687/474/687 380/473/380 360/471/360
f 708/471/708 360/472/360 844/474/844
vt 0.8854889869689941 0.4260619878768921
vt 0.8763740062713623 0.4260619878768921
vt 0.8763740062713623 0.3756980001926422
f 93/475/93 111/476/111 108/477/108
vt 0.8854889869689941 0.3756980001926422
f 137/477/137 19/478/19 155/475/155
f 25/476/25 24/467/24 72/470/72
f 413/470/413 684/477/684 422/476/422
vt 0.8854889869689941 0.5267890095710754
f 1168/476/1168 1102/475/1102 1167/479/1167
f 1018/472/1018 1033/467/1033 1058/476/1058
f 759/479/759 827/472/827 806/476/806
vt 0.9035109877586365 0.4260619878768921
vt 0.8945000171661377 0.4260619878768921
vt 0.8945000171661377 0.3756980001926422
f 75/480/75 142/481/142 116/482/116
vt 0.9035109877586365 0.3756980001926422
f 609/482/609 513/483/513 495/480/495
f 650/481/650 670/475/670 656/478/656
f 894/478/894 974/482/974 964/481/964
vt 0.8945000171661377 0.5267890095710754
f 634/484/634 761/479/761 728/475/728
f 380/475/380 405/481/405 433/484/433
vt 0.9035109877586365 0.5267890095710754
f 590/481/590 634/480/634 591/485/591
f 77/485/77 258/484/258 218/481/218
vt 0.8945000171661377 0.5771520137786865
vt 0.8854889869689941 0.5771520137786865
f 7/486/7 274/487/274 273/479/273
f 605/479/605 342/484/342 832/486/832
vt 0.9035109877586365 0.5771520137786865
f 586/488/586 630/486/630 585/484/585
f 228/484/228 224/485/224 302/488/302
vt 0.9215329885482788 0.4260619878768921
vt 0.9125220179557800 0.4260619878768921
vt 0.9125220179557800 0.3756980001926422
f 633/489/633 590/490/590 591/491/591
vt 0.9215329885482788 0.3756980001926422
f 535/491/535 550/492/550 551/489/551
f 728/490/728 761/480/761 592/483/592
f 963/483/963 898/491/898 894/490/894
vt 0.9125220179557800 0.5267890095710754
f 686/493/686 428/485/428 379/480/379
f 846/480/846 366/490/366 367/493/367
vt 0.9215329885482788 0.5267890095710754
f 642/490/642 599/489/599 641/494/641
f 137/494/137 49/493/49 23/490/23
vt 0.9125220179557800 0.5771520137786865
f 130/495/130 206/488/206 131/485/131
f 659/485/659 606/493/606 550/495/550
vt 0.9215329885482788 0.5771520137786865
f 789/496/789 737/495/737 720/493/720
f 673/493/673 659/494/659 535/496/535
vt 0.9395560026168823 0.4260619878768921
vt 0.9305440187454224 0.4260619878768921
vt 0.9305440187454224 0.3756980001926422
f 459/497/459 680/498/680 416/499/416
vt 0.9395560026168823 0.3756980001926422
f 1152/499/1152 1073/500/1073 1088/497/1088
f 21/498/21 20/489/20 47/492/47
f 562/492/562 458/499/458 673/498/673
vt 0.9305440187454224 0.5267890095710754
f 673/501/673 658/494/658 672/489/672
f 778/489/778 832/498/832 342/501/342
vt 0.9395560026168823 0.5267890095710754
f 318/498/318 330/497/330 319/502/319
f 170/502/170 167/501/167 194/498/194
vt 0.9305440187454224 0.5771520137786865
f 146/503/146 83/496/83 120/494/120
f 8/494/8 9/501/9 277/503/277
vt 0.9395560026168823 0.5771520137786865
f 782/504/782 825/503/825 820/501/820
f 778/501/778 815/502/815 832/504/832
vt 0.9575780034065247 0.4260619878768921
vt 0.9485669732093811 0.4260619878768921
vt 0.9485669732093811 0.3756980001926422
f 911/505/911 877/506/877 957/507/957
vt 0.9575780034065247 0.3756980001926422
f 25/507/25 94/508/94 24/505/24
f 125/506/125 201/497/201 315/500/315
f 461/500/461 622/507/622 922/506/922
vt 0.9485669732093811 0.5267890095710754
f 777/509/777 814/502/814 831/497/831
f 123/497/123 180/506/180 160/509/160
vt 0.9575780034065247 0.5267890095710754
f 632/506/632 590/505/590 633/510/633
f 1046/510/1046 1196/509/1196 1285/506/1285
vt 0.9485669732093811 0.5771520137786865
f 40/511/40 68/504/68 101/502/101
f 273/502/273 6/509/6 5/511/5
vt 0.9575780034065247 0.5771520137786865
f 320/512/320 212/511/212 287/509/287
f 86/509/86 221/510/221 264/512/264
vt 0.9665889739990234 0.4260619878768921
f 1255/513/1255 1248/505/1248 1239/508/1239
vt 0.9665889739990234 0.3756980001926422
f 1229/508/1229 1256/514/1256 1248/513/1248
vt 0.9665889739990234 0.5771520137786865
f 1258/515/1258 1241/512/1241 1249/510/1249
vt 0.9665889739990234 0.5267890095710754
f 338/510/338 775/516/775 339/515/339
vt 0.6835730075836182 0.3253349959850311
vt 0.6968470215797424 0.3253349959850311
f 1226/399/1226 1234/517/1234 1237/518/1237
f 553/518/553 798/400/798 554/399/554
vt 0.6835730075836182 0.4008800089359283
f 519/519/519 577/517/577 491/399/491
vt 0.7101209759712219 0.3253349959850311
f 429/518/429 382/520/382 401/407/401
f 812/407/812 760/400/760 797/518/797
vt 0.7233949899673462 0.3253349959850311
vt 0.7366690039634705 0.3253349959850311
f 894/521/894 898/522/898 899/415/899
f 163/415/163 162/408/162 142/521/142
f 968/520/968 501/521/501 715/408/715
f 1063/408/1063 1104/407/1104 1048/520/1048
vt 0.7499430179595947 0.3253349959850311
f 812/522/812 797/523/797 335/423/335
f 232/423/232 249/416/249 292/522/292
f 722/519/722 727/399/727 813/398/813
f 706/416/706 844/415/844 498/522/498
f 837/423/837 417/523/417 354/424/354
vt 0.7632169723510742 0.3253349959850311
f 670/524/670 768/431/768 641/424/641
f 650/523/650 803/524/803 670/424/670
vt 0.7764909863471985 0.3253349959850311
f 670/524/670 830/525/830 768/432/768
f 332/432/332 793/431/793 741/524/741
vt 0.7897650003433228 0.3253349959850311
f 27/525/27 51/526/51 72/439/72
f 769/439/769 335/432/335 750/525/750
vt 0.8030390143394470 0.3253349959850311
vt 0.8163130283355713 0.3253349959850311
f 615/527/615 462/528/462 915/445/915
f 383/445/383 690/444/690 402/527/402
f 759/526/759 806/527/806 750/444/750
f 567/444/567 850/440/850 440/526/440
vt 0.8295869827270508 0.3253349959850311
f 646/528/646 656/529/656 670/454/670
f 646/454/646 670/453/670 656/528/656
f 588/528/588 631/453/631 530/445/530
f 1104/440/1104 1170/439/1170 1122/526/1122
vt 0.6835730075836182 0.5519710183143616
vt 0.6835730075836182 0.4764249920845032
f 312/403/312 289/530/289 295/531/295
f 234/519/234 288/398/288 55/531/55
f 676/398/676 824/403/824 333/531/333
f 712/397/712 620/404/620 500/403/500
f 473/403/473 474/398/474 560/397/560
f 656/530/656 599/403/599 655/402/655
vt 0.6835730075836182 0.6275159716606140
f 419/532/419 682/530/682 339/402/339
vt 0.7060369849205017 0.6275159716606140
f 16/533/16 19/532/19 176/402/176
f 757/402/757 725/401/725 828/533/828
f 213/411/213 287/533/287 212/401/212
vt 0.7285000085830688 0.6275159716606140
f 864/534/864 878/533/878 939/411/939
f 110/411/110 182/412/182 181/534/181
f 302/420/302 243/534/243 10/419/10
f 1232/412/1232 984/419/984 1231/534/1231
vt 0.7509639859199524 0.6275159716606140
f 342/535/342 657/420/657 671/427/671
f 80/535/80 33/427/33 97/428/97
f 803/436/803 822/434/822 802/441/802
f 681/441/681 418/449/418 374/436/374
vt 0.7734270095825195 0.6275159716606140
f 540/536/540 558/435/558 541/436/541
f 109/535/109 70/428/70 90/435/90
f 646/535/646 656/435/656 655/536/655
vt 0.7958909869194031 0.6275159716606140
f 134/436/134 90/449/90 17/537/17
f 652/537/652 826/536/826 807/436/807
f 791/537/791 739/449/739 738/448/738
vt 0.8183550238609314 0.6275159716606140
f 80/538/80 98/537/98 57/448/57
f 291/448/291 237/450/237 290/538/290
f 833/458/833 751/538/751 343/457/343
f 1042/450/1042 1136/457/1136 1026/538/1026
f 419/534/419 679/420/679 682/535/682
f 845/461/845 426/454/426 687/529/687
vt 0.8428599834442139 0.3253349959850311
f 177/529/177 151/539/151 172/461/172
f 143/539/143 142/462/142 165/461/165
vt 0.8561339974403381 0.3253349959850311
f 857/539/857 880/540/880 963/469/963
f 931/469/931 901/462/901 908/539/908
vt 0.8694080114364624 0.3253349959850311
vt 0.8826820254325867 0.3253349959850311
f 629/541/629 548/542/548 533/477/533
f 146/477/146 61/470/61 83/541/83
f 93/540/93 108/541/108 69/470/69
f 458/470/458 658/469/658 673/540/673
vt 0.8959559798240662 0.3253349959850311
f 320/542/320 306/543/306 211/482/211
f 140/482/140 171/478/171 199/542/199
f 413/542/413 805/478/805 390/477/390
f 882/543/882 933/483/933 910/482/910
vt 0.9092299938201904 0.3253349959850311
f 962/483/962 910/543/910 954/544/954
vt 0.9225040078163147 0.3253349959850311
f 992/544/992 1251/545/1251 1257/492/1257
f 765/492/765 733/491/733 785/544/785
f 1102/483/1102 1120/544/1120 1136/491/1136
vt 0.9357780218124390 0.3253349959850311
f 1074/545/1074 1032/546/1032 1089/499/1089
f 351/499/351 565/492/565 842/545/842
vt 0.9490519762039185 0.3253349959850311
vt 0.9623259902000427 0.3253349959850311
f 568/547/568 425/548/425 358/508/358
f 1038/508/1038 1065/507/1065 1020/547/1020
f 309/546/309 198/547/198 156/507/156
f 761/507/761 635/500/635 592/546/592
vt 0.9756000041961670 0.3253349959850311
f 375/549/375 393/514/393 702/548/702
f 812/500/812 335/499/335 768/546/768
f 588/548/588 603/514/603 631/508/631
vt 0.9756000041961670 0.4008800089359283
f 860/550/860 861/513/861 872/514/872
f 336/550/336 768/514/768 335/549/335
vt 0.8408179879188538 0.6275159716606140
f 1077/551/1077 1106/458/1106 1091/465/1091
f 1042/551/1042 1026/465/1026 1011/466/1011
f 719/474/719 784/472/784 747/479/747
f 949/479/949 878/487/878 863/474/863
vt 0.8632820248603821 0.6275159716606140
f 79/552/79 195/473/195 102/474/102
f 53/552/53 27/466/27 92/473/92
f 636/551/636 556/466/556 539/552/539
vt 0.8857460021972656 0.6275159716606140
f 600/474/600 641/487/641 768/553/768
f 453/553/453 484/552/484 446/474/446
vt 0.9082090258598328 0.6275159716606140
f 1075/554/1075 1035/486/1035 1019/488/1019
f 1064/486/1064 1020/554/1020 1035/553/1035
f 600/554/600 768/488/768 336/495/336
f 707/487/707 399/486/399 919/553/919
f 512/538/512 609/458/609 495/551/495
vt 0.9306730031967163 0.6275159716606140
f 413/555/413 675/554/675 783/495/783
f 22/495/22 155/496/155 133/555/133
vt 0.9756000041961670 0.4764249920845032
f 282/516/282 281/513/281 14/556/14
f 219/550/219 298/556/298 220/513/220
vt 0.9756000041961670 0.5519710183143616
f 350/556/350 414/557/414 839/516/839
f 1122/513/1122 1170/516/1170 1139/510/1139
f 585/510/585 624/505/624 548/513/548
f 343/516/343 779/557/779 832/515/832
f 532/555/532 598/503/598 625/504/625
vt 0.9531360268592834 0.6275159716606140
f 207/511/207 317/558/317 177/504/177
f 410/555/410 431/504/431 690/558/690
f 743/496/743 733/503/733 794/555/794
f 734/558/734 765/512/765 331/515/331
vt 0.9756000041961670 0.6275159716606140
f 603/515/603 645/559/645 651/558/651
f 1232/559/1232 1238/515/1238 1227/557/1227
f 207/511/207 177/512/177 200/558/200
vt 0.3876860141754150 0.2835690081119537
vt 0.3774160146713257 0.2835690081119537
vt 0.3774160146713257 0.2432689964771271
f 230/560/230 248/561/248 3/562/3
vt 0.3876860141754150 0.2432689964771271
f 79/562/79 102/563/102 78/560/78
vt 0.3973909914493561 0.2835690081119537
f 376/564/376 397/560/397 378/563/378
vt 0.3973909914493561 0.2432689964771271
f 122/563/122 120/565/120 197/564/197
vt 0.4070970118045807 0.2835690081119537
f 600/566/600 651/564/651 642/565/642
vt 0.4070970118045807 0.2432689964771271
f 46/565/46 154/567/154 18/566/18
vt 0.4168019890785217 0.2835690081119537
f 29/568/29 139/566/139 54/567/54
vt 0.4168019890785217 0.2432689964771271
f 53/567/53 92/569/92 73/568/73
vt 0.4265069961547852 0.2835690081119537
f 623/570/623 717/568/717 507/569/507
vt 0.4265069961547852 0.2432689964771271
f 600/569/600 664/571/664 651/570/651
vt 0.4362129867076874 0.2835690081119537
f 100/572/100 85/570/85 20/571/20
vt 0.4362129867076874 0.2432689964771271
f 539/571/539 556/573/556 557/572/557
vt 0.4459179937839508 0.2835690081119537
f 1129/574/1129 1147/572/1147 1177/573/1177
vt 0.4459179937839508 0.2432689964771271
f 1041/573/1041 1194/575/1194 1283/574/1283
vt 0.4554159939289093 0.2835690081119537
f 420/576/420 680/574/680 459/575/459
vt 0.4554159939289093 0.2432689964771271
f 897/575/897 893/577/893 962/576/962
vt 0.4649139940738678 0.2835690081119537
f 417/578/417 738/576/738 774/577/774
vt 0.4649139940738678 0.2432689964771271
f 1105/577/1105 1173/579/1173 1108/578/1108
vt 0.4743539988994598 0.2835690081119537
f 857/580/857 880/578/880 866/579/866
vt 0.4743539988994598 0.2432689964771271
f 857/579/857 866/581/866 880/580/880
vt 0.4837940037250519 0.2835690081119537
f 344/582/344 772/580/772 751/581/751
vt 0.4837940037250519 0.2432689964771271
f 666/581/666 624/583/624 598/582/598
vt 0.4932340085506439 0.2835690081119537
f 609/584/609 539/582/539 561/583/561
vt 0.4932340085506439 0.2432689964771271
f 1249/583/1249 1250/585/1250 1257/584/1257
vt 0.5026749968528748 0.2835690081119537
f 659/586/659 672/584/672 647/585/647
vt 0.5026749968528748 0.2432689964771271
f 680/585/680 395/587/395 394/586/394
vt 0.5121150016784668 0.2835690081119537
f 930/588/930 908/586/908 900/587/900
vt 0.5121150016784668 0.2432689964771271
f 1254/587/1254 1247/589/1247 1255/588/1255
vt 0.5215550065040588 0.2835690081119537
f 288/590/288 29/588/29 55/589/55
vt 0.5215550065040588 0.2432689964771271
f 531/589/531 754/591/754 723/590/723
vt 0.5309950113296509 0.2835690081119537
f 186/592/186 75/590/75 118/591/118
vt 0.5309950113296509 0.2432689964771271
f 208/591/208 323/593/323 252/592/252
vt 0.5404350161552429 0.2835690081119537
f 595/594/595 727/592/727 759/593/759
vt 0.5404350161552429 0.2432689964771271
f 886/593/886 892/595/892 896/594/896
vt 0.5498759746551514 0.2835690081119537
f 630/596/630 580/594/580 624/595/624
vt 0.5498759746551514 0.2432689964771271
f 414/595/414 771/597/771 749/596/749
vt 0.5593159794807434 0.2835690081119537
f 31/598/31 61/596/61 165/597/165
vt 0.5593159794807434 0.2432689964771271
f 722/597/722 723/599/723 754/598/754
vt 0.5687559843063354 0.2835690081119537
f 722/600/722 755/598/755 723/599/723
vt 0.5687559843063354 0.2432689964771271
f 650/599/650 662/601/662 822/600/822
vt 0.5781959891319275 0.2835690081119537
f 787/602/787 734/600/734 735/601/735
vt 0.5781959891319275 0.2432689964771271
f 626/601/626 581/603/581 734/602/734
vt 0.5876359939575195 0.2835690081119537
f 782/604/782 820/602/820 835/603/835
vt 0.5876359939575195 0.2432689964771271
f 40/603/40 241/605/241 8/604/8
vt 0.5970770120620728 0.2835690081119537
f 670/606/670 599/604/599 656/605/656
vt 0.5970770120620728 0.2432689964771271
f 1008/605/1008 1051/607/1051 1023/606/1023
vt 0.6070430278778076 0.2835690081119537
f 778/608/778 342/606/342 671/607/671
vt 0.6070430278778076 0.2432689964771271
f 197/607/197 20/609/20 158/608/158
vt 0.6170089840888977 0.2835690081119537
f 85/610/85 71/608/71 47/609/47
vt 0.6170089840888977 0.2432689964771271
f 987/609/987 992/611/992 1250/610/1250
vt 0.6259229779243469 0.2835690081119537
f 557/612/557 540/610/540 541/611/541
vt 0.6259229779243469 0.2432689964771271
f 652/611/652 807/613/807 545/612/545
vt 0.6348369717597961 0.2835690081119537
f 721/614/721 753/612/753 791/613/791
vt 0.6348369717597961 0.2432689964771271
f 782/613/782 804/615/804 825/614/825
vt 0.6451069712638855 0.2835690081119537
f 597/616/597 639/614/639 540/615/540
vt 0.6451069712638855 0.2432689964771271
f 929/615/929 527/617/527 385/616/385
vt 0.6553769707679749 0.2835690081119537
f 557/618/557 541/616/541 474/617/474
vt 0.6553769707679749 0.2432689964771271
f 329/617/329 153/619/153 178/618/178
vt 0.6650819778442383 0.2835690081119537
f 1057/620/1057 1209/618/1209 1168/619/1168
vt 0.6650819778442383 0.2432689964771271
f 531/619/531 545/621/545 754/620/754
vt 0.6747879981994629 0.2835690081119537
f 1022/622/1022 1029/620/1029 1038/621/1038
vt 0.6747879981994629 0.2432689964771271
f 122/621/122 197/623/197 158/622/158
vt 0.6844930052757263 0.2835690081119537
f 46/624/46 18/622/18 136/623/136
vt 0.6844930052757263 0.2432689964771271
f 597/623/597 556/625/556 538/624/538
vt 0.6941990256309509 0.2835690081119537
f 1082/626/1082 1149/624/1149 1067/625/1067
vt 0.6941990256309509 0.2432689964771271
f 795/625/795 755/627/755 813/626/813
vt 0.7039039731025696 0.2835690081119537
f 719/628/719 770/626/770 746/627/746
vt 0.7039039731025696 0.2432689964771271
f 493/627/493 791/629/791 348/628/348
vt 0.7136099934577942 0.2835690081119537
f 316/630/316 10/628/10 328/629/328
vt 0.7136099934577942 0.2432689964771271
f 1267/629/1267 1270/631/1270 1259/630/1259
vt 0.7231069803237915 0.2835690081119537
f 546/632/546 530/630/530 545/631/545
vt 0.7231069803237915 0.2432689964771271
f 967/631/967 711/633/711 499/632/499
vt 0.7326049804687500 0.2835690081119537
f 483/634/483 525/632/525 619/633/619
vt 0.7326049804687500 0.2432689964771271
f 546/633/546 533/635/533 588/634/588
vt 0.7420449852943420 0.2835690081119537
f 592/636/592 512/634/512 494/635/494
vt 0.7420449852943420 0.2432689964771271
f 766/635/766 767/637/767 332/636/332
vt 0.7514849901199341 0.2835690081119537
f 564/638/564 475/636/475 477/637/477
vt 0.7514849901199341 0.2432689964771271
f 130/637/130 153/639/153 319/638/319
vt 0.7609260082244873 0.2835690081119537
f 602/640/602 643/638/643 668/639/668
vt 0.7609260082244873 0.2432689964771271
f 688/639/688 433/641/433 693/640/693
vt 0.7703660130500793 0.2835690081119537
f 735/642/735 780/640/780 788/641/788
vt 0.7703660130500793 0.2432689964771271
f 818/641/818 605/643/605 779/642/779
vt 0.7798060178756714 0.2835690081119537
f 260/644/260 229/642/229 268/643/268
vt 0.7798060178756714 0.2432689964771271
f 876/643/876 363/645/363 503/644/503
vt 0.7892460227012634 0.2835690081119537
f 56/646/56 38/644/38 36/645/36
vt 0.7892460227012634 0.2432689964771271
f 1069/645/1069 1016/647/1016 1030/646/1030
vt 0.7986869812011719 0.2835690081119537
f 840/648/840 841/646/841 353/647/353
vt 0.7986869812011719 0.2432689964771271
f 514/647/514 353/649/353 477/648/477
vt 0.8081269860267639 0.2835690081119537
f 493/650/493 792/648/792 721/649/721
vt 0.8081269860267639 0.2432689964771271
f 823/649/823 731/651/731 812/650/812
vt 0.8175669908523560 0.2835690081119537
f 336/652/336 769/650/769 826/651/826
vt 0.8175669908523560 0.2432689964771271
f 659/651/659 550/653/550 535/652/535
vt 0.8270069956779480 0.2835690081119537
f 591/654/591 494/652/494 511/653/511
vt 0.8270069956779480 0.2432689964771271
f 189/653/189 164/655/164 188/654/188
vt 0.8364470005035400 0.2835690081119537
f 724/656/724 839/654/839 744/655/744
vt 0.8364470005035400 0.2432689964771271
f 1018/655/1018 1058/657/1058 1043/656/1043
vt 0.8458870053291321 0.2835690081119537
f 602/658/602 668/656/668 669/657/669
vt 0.8458870053291321 0.2432689964771271
f 600/657/600 642/659/642 641/658/641
vt 0.8553280234336853 0.2835690081119537
f 40/660/40 8/658/8 145/659/145
vt 0.8553280234336853 0.2432689964771271
f 40/659/40 240/661/240 257/660/257
vt 0.8647680282592773 0.2835690081119537
f 136/662/136 157/660/157 135/661/135
vt 0.8647680282592773 0.2432689964771271
f 1249/661/1249 1256/663/1256 1250/662/1250
vt 0.8747339844703674 0.2835690081119537
f 1258/664/1258 1257/662/1257 1251/663/1251
vt 0.8747339844703674 0.2432689964771271
f 1180/663/1180 1157/665/1157 1140/664/1140
vt 0.8847010135650635 0.2835690081119537
f 80/666/80 57/664/57 33/665/33
vt 0.8847010135650635 0.2432689964771271
f 667/665/667 532/667/532 668/666/668
vt 0.8936150074005127 0.2835690081119537
f 467/668/467 569/666/569 619/667/619
vt 0.8936150074005127 0.2432689964771271
f 821/667/821 752/669/752 781/668/781
vt 0.3671459853649139 0.1626670062541962
vt 0.3968900144100189 0.1626670062541962
f 145/670/145 8/671/8 169/563/169
f 608/563/608 476/562/476 510/670/510
vt 0.3671459853649139 0.2164019942283630
f 590/672/590 537/670/537 634/562/634
vt 0.3671459853649139 0.2701359987258911
f 456/673/456 675/672/675 413/562/413
f 332/562/332 836/561/836 819/673/819
f 157/563/157 18/671/18 44/565/44
vt 0.4266330003738403 0.1626670062541962
f 906/571/906 909/569/909 931/674/931
f 906/567/906 931/565/931 909/671/909
f 1138/674/1138 1121/569/1121 1153/567/1153
vt 0.4563769996166229 0.1626670062541962
f 749/674/749 796/675/796 744/575/744
f 1262/575/1262 1223/573/1223 1266/674/1266
f 757/674/757 828/567/828 726/671/726
vt 0.3812350034713745 0.3238700032234192
f 681/676/681 374/561/374 354/560/354
vt 0.3953239917755127 0.3238700032234192
f 496/677/496 391/560/391 702/564/702
vt 0.3671459853649139 0.3238700032234192
f 322/678/322 309/673/309 4/561/4
f 329/675/329 319/577/319 153/575/153
f 680/675/680 394/581/394 416/579/416
vt 0.4861199855804443 0.1626670062541962
f 360/581/360 688/679/688 427/583/427
f 26/579/26 25/577/25 51/675/51
f 57/573/57 98/571/98 34/674/34
f 363/679/363 404/581/404 364/675/364
vt 0.5158630013465881 0.1626670062541962
f 405/679/405 406/680/406 433/587/433
f 746/587/746 770/585/770 415/679/415
f 170/680/170 193/589/193 167/587/167
f 299/589/299 327/680/327 222/591/222
f 447/583/447 489/679/489 461/585/461
vt 0.5456069707870483 0.1626670062541962
f 757/595/757 726/593/726 829/681/829
vt 0.5753499865531921 0.1626670062541962
f 833/681/833 340/682/340 775/601/775
f 602/601/602 645/599/645 603/681/603
f 414/680/414 375/593/375 810/591/810
vt 0.6050940155982971 0.1626670062541962
f 303/682/303 275/683/275 307/607/307
f 567/607/567 440/605/440 449/682/449
vt 0.6348369717597961 0.1626670062541962
f 493/683/493 721/684/721 791/613/791
f 297/613/297 260/611/260 219/683/219
f 220/681/220 263/593/263 244/680/244
f 1070/681/1070 1098/597/1098 1097/595/1097
f 156/682/156 134/603/134 4/601/4
f 53/599/53 28/597/28 52/681/52
f 501/683/501 502/609/502 384/607/384
f 702/684/702 391/615/391 726/613/726
f 528/611/528 627/609/627 547/683/547
f 1075/605/1075 1155/603/1155 1187/682/1187
f 532/615/532 543/684/543 528/617/528
vt 0.4094130098819733 0.3238700032234192
f 375/685/375 828/566/828 810/568/810
vt 0.4375909864902496 0.3238700032234192
f 1255/570/1255 1229/572/1229 1248/686/1248
vt 0.4235019981861115 0.3238700032234192
f 187/686/187 166/687/166 56/570/56
f 496/686/496 354/572/354 374/574/374
f 645/687/645 654/568/654 669/570/669
vt 0.4657689929008484 0.3238700032234192
f 645/576/645 669/578/669 654/688/654
vt 0.4516800045967102 0.3238700032234192
f 591/688/591 728/689/728 494/576/494
vt 0.4798580110073090 0.3238700032234192
f 989/690/989 984/580/984 978/582/978
vt 0.4939469993114471 0.3238700032234192
f 643/582/643 588/584/588 549/691/549
f 208/691/208 310/690/310 323/582/323
f 1138/688/1138 1137/578/1137 1121/580/1121
f 679/689/679 776/574/776 341/576/341
f 700/678/700 440/561/440 850/676/850
f 824/685/824 804/677/804 333/564/333
f 58/564/58 36/566/36 38/685/38
f 640/687/640 733/685/733 765/568/765
f 578/560/578 361/677/361 486/676/486
f 635/686/635 553/574/553 554/689/554
f 117/690/117 194/688/194 79/580/79
vt 0.5080360174179077 0.3238700032234192
f 2/692/2 180/691/180 1/584/1
f 817/584/817 343/586/343 777/692/777
vt 0.5221250057220459 0.3238700032234192
f 298/588/298 326/590/326 104/693/104
f 472/693/472 928/692/928 570/588/570
vt 0.5362139940261841 0.3238700032234192
f 332/694/332 767/592/767 836/594/836
vt 0.5503029823303223 0.3238700032234192
f 8/594/8 277/596/277 313/695/313
f 443/695/443 458/694/458 475/594/475
f 681/693/681 679/590/679 418/592/418
vt 0.5643919706344604 0.3238700032234192
f 909/696/909 943/598/943 944/600/944
vt 0.5784810185432434 0.3238700032234192
f 709/600/709 367/602/367 505/697/505
f 72/697/72 70/696/70 44/600/44
vt 0.5925700068473816 0.3238700032234192
f 740/698/740 730/604/730 799/606/799
vt 0.6066589951515198 0.3238700032234192
f 589/606/589 551/608/551 536/699/536
f 991/699/991 1247/698/1247 1254/606/1254
f 834/697/834 338/602/338 774/604/774
f 727/695/727 827/596/827 759/598/759
f 595/696/595 759/695/759 638/598/638
f 819/693/819 836/592/836 835/694/835
f 420/698/420 678/697/678 680/604/680
vt 0.6207479834556580 0.3238700032234192
f 563/612/563 476/700/476 608/610/608
f 610/700/610 518/699/518 710/608/710
f 643/608/643 603/610/603 588/700/588
vt 0.6348369717597961 0.3238700032234192
f 56/701/56 59/700/59 38/612/38
f 737/612/737 781/614/781 752/701/752
f 610/586/610 515/588/515 518/692/518
vt 0.6645810008049011 0.1626670062541962
f 608/619/608 514/617/514 477/702/477
f 563/702/563 608/621/608 477/619/477
f 1099/702/1099 1164/623/1164 1135/621/1135
vt 0.6943240165710449 0.1626670062541962
f 299/702/299 222/703/222 300/625/300
f 340/625/340 777/623/777 341/702/341
f 1198/629/1198 1219/627/1219 1287/703/1287
f 123/625/123 152/703/152 179/627/179
vt 0.7240679860115051 0.1626670062541962
f 639/703/639 558/704/558 540/631/540
f 1044/631/1044 1057/629/1057 1043/703/1043
vt 0.7538110017776489 0.1626670062541962
f 1237/704/1237 994/705/994 1245/637/1245
f 532/637/532 547/635/547 653/704/653
vt 0.6489260196685791 0.3238700032234192
f 570/614/570 485/616/485 571/706/571
f 644/706/644 653/701/653 587/614/587
vt 0.6630150079727173 0.3238700032234192
f 392/707/392 373/618/373 415/620/415
vt 0.6771039962768555 0.3238700032234192
f 634/620/634 553/622/553 761/708/761
f 123/708/123 179/707/179 169/620/169
f 729/706/729 799/616/799 751/618/751
f 584/704/584 544/633/544 587/631/587
f 807/705/807 826/639/826 806/637/806
f 594/635/594 595/633/595 638/704/638
f 856/639/856 700/705/700 371/641/371
f 563/702/563 477/617/477 475/684/475
f 288/641/288 213/705/213 212/643/212
vt 0.7835549712181091 0.1626670062541962
f 675/709/675 661/643/661 783/705/783
f 105/709/105 247/645/247 88/643/88
f 364/709/364 691/647/691 407/645/407
f 404/647/404 504/709/504 715/649/715
vt 0.8132979869842529 0.1626670062541962
f 387/651/387 695/649/695 434/710/434
vt 0.8430420160293579 0.1626670062541962
vt 0.8727849721908569 0.1626670062541962
f 696/711/696 695/712/695 435/663/435
f 746/663/746 840/661/840 745/711/745
f 473/710/473 559/711/559 442/657/442
f 182/657/182 109/655/109 181/710/181
vt 0.9025290012359619 0.1626670062541962
f 69/712/69 155/713/155 19/669/19
f 1171/669/1171 1108/667/1108 1173/712/1173
vt 0.9025290012359619 0.2164019942283630
f 332/669/332 819/713/819 763/714/763
f 295/709/295 289/710/289 311/649/311
f 183/710/183 160/653/160 138/651/138
f 604/711/604 668/659/668 644/657/644
f 1266/655/1266 1211/653/1211 1286/710/1286
f 589/712/589 536/665/536 632/663/632
vt 0.9025290012359619 0.2701359987258911
f 531/714/531 546/715/546 545/669/545
f 650/667/650 656/665/656 663/712/663
f 562/661/562 475/659/475 458/711/458
f 443/669/443 457/715/457 671/668/671
vt 0.6911929845809937 0.3238700032234192
f 210/716/210 324/624/324 284/626/284
vt 0.7052819728851318 0.3238700032234192
f 405/717/405 385/628/385 406/630/406
vt 0.7193710207939148 0.3238700032234192
f 375/718/375 726/630/726 828/632/828
f 392/626/392 374/628/374 373/717/373
f 782/717/782 835/716/835 347/626/347
vt 0.7334610223770142 0.3238700032234192
f 753/719/753 799/634/799 739/636/739
vt 0.7616389989852905 0.3238700032234192
f 897/638/897 964/640/964 858/720/858
vt 0.7475500106811523 0.3238700032234192
f 351/720/351 513/721/513 478/638/478
f 79/720/79 194/640/194 195/642/195
f 468/721/468 449/636/449 450/638/450
f 542/632/542 674/634/674 660/719/660
f 674/719/674 661/718/661 675/632/675
f 670/716/670 641/708/641 599/622/599
f 370/622/370 697/624/697 436/716/436
f 22/706/22 133/618/133 91/707/91
f 1171/630/1171 1106/718/1106 1172/717/1172
vt 0.7757279872894287 0.3238700032234192
f 419/642/419 339/722/339 776/720/776
f 821/721/821 781/719/781 835/636/835
f 552/722/552 638/642/638 537/644/537
vt 0.7898169755935669 0.3238700032234192
f 511/644/511 494/646/494 704/723/704
f 21/723/21 46/722/46 20/644/20
vt 0.8039060235023499 0.3238700032234192
f 21/724/21 47/648/47 91/650/91
vt 0.8179950118064880 0.3238700032234192
f 840/650/840 415/652/415 841/725/841
f 357/725/357 428/724/428 686/650/686
f 630/723/630 585/646/585 548/648/548
vt 0.8320840001106262 0.3238700032234192
f 630/726/630 548/654/548 585/656/585
vt 0.8461729884147644 0.3238700032234192
f 451/656/451 471/658/471 566/727/566
f 107/727/107 192/726/192 81/656/81
vt 0.8602619767189026 0.3238700032234192
f 1264/728/1264 1262/660/1262 1272/662/1272
vt 0.8743510246276855 0.3238700032234192
f 741/662/741 792/664/792 838/729/838
f 383/729/383 402/728/402 430/662/430
f 493/727/493 705/658/705 838/660/838
f 865/725/865 970/652/970 960/654/960
f 398/724/398 397/723/397 421/648/421
f 630/726/630 624/725/624 585/654/585
f 886/660/886 884/728/884 895/727/895
vt 0.8884400129318237 0.3238700032234192
f 523/668/523 575/730/575 488/666/488
f 500/730/500 523/729/523 617/664/617
f 592/664/592 635/666/635 636/730/636
vt 0.9025290012359619 0.3238700032234192
f 879/668/879 941/731/941 951/730/951
f 808/731/808 811/668/811 829/715/829
vt 0.6988710165023804 0.6895930171012878
vt 0.7076529860496521 0.7259410023689270
vt 0.6819059848785400 0.7138209939002991
f 563/732/563 562/733/562 476/734/476
vt 0.7561339735984802 0.6774610280990601
f 637/735/637 594/733/594 536/732/536
vt 0.7197849750518799 0.6686789989471436
f 1002/735/1002 1005/732/1005 1270/736/1270
vt 0.6617509722709656 0.7691969871520996
vt 0.6694059967994690 0.7406280040740967
f 130/733/130 319/737/319 13/738/13
vt 0.7369760274887085 0.7875059843063354
vt 0.7076529860496521 0.8229020237922668
f 179/739/179 152/740/152 178/733/178
vt 0.7526839971542358 0.7460860013961792
vt 0.7423149943351746 0.7658420205116272
f 564/733/564 353/741/353 841/742/841
f 1230/742/1230 1248/739/1248 1256/733/1256
f 322/733/322 293/738/293 308/734/308
f 396/737/396 680/733/680 373/740/373
vt 0.7440130114555359 0.6517140269279480
f 1026/743/1026 1136/735/1136 1195/736/1195
vt 0.7993890047073364 0.6315590143203735
vt 0.7708200216293335 0.6392139792442322
f 372/744/372 805/735/805 824/745/824
f 443/743/443 459/745/459 457/735/457
vt 0.8530939817428589 0.6774610280990601
f 1230/744/1230 1159/746/1159 1189/735/1189
vt 0.8288540244102478 0.7061089873313904
vt 0.8067049980163574 0.7087979912757874
f 32/747/32 64/748/64 65/746/65
vt 0.7674800157546997 0.7293850183486938
f 819/749/819 730/741/730 763/733/763
vt 0.7858420014381409 0.7167099714279175
f 449/735/449 469/748/469 450/750/450
f 745/748/745 840/735/840 724/746/724
f 935/750/935 901/749/901 947/735/947
vt 0.8288540244102478 0.6289809942245483
f 532/746/532 653/744/653 668/751/668
f 805/735/805 334/749/334 825/733/825
vt 0.6617509722709656 0.8281270265579224
vt 0.6591730117797852 0.7986620068550110
f 414/740/414 677/752/677 376/753/376
vt 0.7423149943351746 0.8314819931983948
vt 0.7076529860496521 0.8713819980621338
f 816/754/816 751/755/751 833/740/833
f 729/737/729 751/740/751 762/753/762
vt 0.7369760274887085 0.8098180294036865
f 800/740/800 344/739/344 751/756/751
vt 0.6694059967994690 0.8566960096359253
f 766/757/766 411/752/411 333/740/333
vt 0.6819059848785400 0.8835020065307617
f 604/755/604 644/758/644 601/757/601
vt 0.7197849750518799 0.9286450147628784
vt 0.6988710165023804 0.9077309966087341
f 671/759/671 657/760/657 658/755/658
f 890/758/890 896/755/896 892/760/892
vt 0.7561339735984802 0.9198629856109619
f 836/755/836 767/761/767 347/759/347
f 781/755/781 788/757/788 346/740/346
f 789/756/789 720/754/720 529/740/529
vt 0.7674800157546997 0.8679389953613281
vt 0.7526839971542358 0.8512380123138428
f 973/762/973 972/755/972 963/763/963
vt 0.7858420014381409 0.8806139826774597
vt 0.8067049980163574 0.8885260224342346
f 971/761/971 910/764/910 905/765/905
f 1226/761/1226 1237/762/1237 1227/764/1227
f 392/755/392 391/762/391 374/761/374
vt 0.7708200216293335 0.9581099748611450
vt 0.7440130114555359 0.9456099867820740
f 1028/766/1028 1088/767/1088 1073/761/1073
f 756/761/756 796/767/796 748/759/748
vt 0.7993890047073364 0.9657649993896484
f 756/766/756 748/761/748 796/768/796
vt 0.8288540244102478 0.8912150263786316
vt 0.8530939817428589 0.9198629856109619
f 183/765/183 112/769/112 160/770/160
f 183/768/183 160/761/160 112/770/112
f 831/770/831 814/761/814 815/765/815
f 351/754/351 839/763/839 703/755/703
vt 0.8868880271911621 0.6392139792442322
vt 0.8583189845085144 0.6315590143203735
f 377/771/377 679/746/679 341/772/341
f 260/751/260 268/772/268 1/746/1
vt 0.9015750288963318 0.6774610280990601
f 1260/773/1260 1263/746/1263 1264/771/1264
vt 0.9136949777603149 0.6517140269279480
f 725/774/725 810/773/810 828/771/828
vt 0.8718659877777100 0.7167099714279175
vt 0.8510040044784546 0.7087979912757874
f 529/775/529 662/776/662 649/746/649
vt 0.9500550031661987 0.7259410023689270
vt 0.9050239920616150 0.7460860013961792
vt 0.8902279734611511 0.7293850183486938
f 605/777/605 672/778/672 657/779/657
f 820/775/820 825/773/825 334/779/334
f 271/779/271 3/773/3 270/777/270
f 203/775/203 68/746/68 174/773/174
vt 0.9379230141639709 0.6686789989471436
f 589/780/589 632/773/632 633/774/633
vt 0.9153929948806763 0.7658420205116272
f 914/778/914 940/777/940 950/781/950
vt 0.9588369727134705 0.6895930171012878
f 749/782/749 771/777/771 725/780/725
vt 0.9758020043373108 0.7138209939002991
f 1159/777/1159 1125/782/1125 1143/783/1143
vt 0.9883019924163818 0.7406280040740967
f 681/784/681 417/777/417 679/783/679
vt 0.9207329750061035 0.7875059843063354
f 668/785/668 653/781/653 644/777/644
vt 0.9500550031661987 0.8229020237922668
f 351/785/351 350/777/350 839/786/839
vt 0.9959570169448853 0.7691969871520996
f 743/777/743 794/787/794 772/786/772
f 743/787/743 772/777/772 794/784/794
vt 0.9985349774360657 0.7986620068550110
f 1119/788/1119 1099/786/1099 1135/787/1135
f 291/780/291 290/777/290 238/773/238
vt 0.8510040044784546 0.8885260224342346
vt 0.8718659877777100 0.8806139826774597
f 163/770/163 191/789/191 141/790/141
vt 0.9500550031661987 0.8713819980621338
vt 0.9015750288963318 0.9198629856109619
vt 0.8902279734611511 0.8679389953613281
f 722/791/722 813/792/813 755/793/755
f 312/792/312 291/790/291 289/793/289
vt 0.8583189845085144 0.9657649993896484
vt 0.8288540244102478 0.9683430194854736
f 782/794/782 347/795/347 804/770/804
f 725/770/725 771/795/771 810/768/810
vt 0.8868880271911621 0.9581099748611450
f 462/794/462 923/770/923 915/796/915
f 13/792/13 319/796/319 330/770/330
vt 0.9136949777603149 0.9456099867820740
f 138/797/138 185/796/185 113/792/113
f 414/792/414 376/770/376 375/790/375
vt 0.9050239920616150 0.8512380123138428
f 377/791/377 341/793/341 831/798/831
f 1101/770/1101 1100/769/1100 1119/789/1119
vt 0.9153929948806763 0.8314819931983948
vt 0.9207329750061035 0.8098180294036865
f 642/786/642 669/799/669 599/800/599
vt 0.9883019924163818 0.8566960096359253
vt 0.9959570169448853 0.8281270265579224
f 377/801/377 831/786/831 394/802/394
f 696/785/696 369/786/369 694/800/694
f 657/791/657 672/799/672 658/786/658
f 376/786/376 421/788/421 397/802/397
f 154/801/154 132/791/132 108/786/108
vt 0.9379230141639709 0.9286450147628784
f 1063/803/1063 1169/797/1169 1104/792/1104
vt 0.9588369727134705 0.9077309966087341
vt 0.9758020043373108 0.8835020065307617
f 351/804/351 842/791/842 350/805/350
f 125/801/125 200/805/200 201/791/201
f 146/792/146 165/804/165 61/803/61
f 349/791/349 838/804/838 792/792/792
f 168/799/168 144/791/144 110/798/110
f 558/746/558 542/776/542 559/747/559
vt 0.2401590049266815 0.6105849742889404
vt 0.2610790133476257 0.6105849742889404
vt 0.2610790133476257 0.5895599722862244
f 392/806/392 809/807/809 726/808/726
vt 0.2401590049266815 0.5895599722862244
f 396/808/396 374/809/374 418/806/418
vt 0.2820000052452087 0.6105849742889404
vt 0.2820000052452087 0.5895599722862244
f 21/807/21 108/810/108 132/811/132
f 1075/811/1075 1186/808/1186 1019/807/1019
vt 0.1983180046081543 0.6105849742889404
vt 0.2192379981279373 0.6105849742889404
vt 0.2192379981279373 0.5895599722862244
f 1075/812/1075 1019/813/1019 1186/814/1186
vt 0.1983180046081543 0.5895599722862244
f 1111/814/1111 1095/815/1095 1162/812/1162
f 663/813/663 649/806/649 662/809/662
f 392/809/392 808/814/808 809/813/809
vt 0.1564770042896271 0.6105849742889404
vt 0.1773979961872101 0.6105849742889404
vt 0.1773979961872101 0.5895599722862244
f 104/816/104 299/817/299 221/818/221
vt 0.1564770042896271 0.5895599722862244
f 1075/818/1075 1197/819/1197 1155/816/1155
f 812/817/812 760/812/760 830/815/830
f 812/815/812 830/818/830 760/817/760
vt 0.3238399922847748 0.6946849822998047
vt 0.3447610139846802 0.6946849822998047
vt 0.3447610139846802 0.6736599802970886
f 370/820/370 713/821/713 697/822/697
vt 0.3238399922847748 0.6736599802970886
f 256/822/256 6/823/6 274/820/274
vt 0.3238399922847748 0.6526349782943726
f 638/822/638 750/824/750 798/823/798
vt 0.1146359965205193 0.6526349782943726
vt 0.0937160030007362 0.6736599802970886
vt 0.1146359965205193 0.6736599802970886
f 1177/825/1177 1146/826/1146 1126/827/1126
vt 0.0937160030007362 0.6946849822998047
vt 0.1146359965205193 0.6946849822998047
f 794/828/794 586/829/586 742/827/742
f 652/827/652 530/826/530 665/828/665
vt 0.3238399922847748 0.7367349863052368
vt 0.3447610139846802 0.7367349863052368
vt 0.3447610139846802 0.7157099843025208
f 128/830/128 196/831/196 199/832/199
vt 0.3238399922847748 0.7157099843025208
f 323/832/323 310/833/310 311/830/311
f 856/833/856 365/832/365 698/821/698
f 286/821/286 311/820/311 324/833/324
vt 0.0937160030007362 0.7157099843025208
vt 0.1146359965205193 0.7157099843025208
f 643/834/643 549/835/549 668/829/668
f 451/829/451 470/828/470 471/834/471
vt 0.0937160030007362 0.7367349863052368
vt 0.1146359965205193 0.7367349863052368
f 80/836/80 58/837/58 98/835/98
f 957/835/957 877/834/877 958/836/958
vt 0.3238399922847748 0.7787860035896301
vt 0.3447610139846802 0.7577610015869141
vt 0.3238399922847748 0.7577610015869141
f 1083/838/1083 1078/839/1078 1157/840/1157
f 421/840/421 422/839/422 684/831/684
f 550/831/550 536/830/536 551/840/551
vt 0.0937160030007362 0.7577610015869141
vt 0.1146359965205193 0.7577610015869141
f 102/841/102 195/842/195 293/837/293
f 511/837/511 704/836/704 608/841/608
vt 0.1146359965205193 0.7787860035896301
f 728/841/728 592/843/592 494/842/494
vt 0.2401590049266815 0.8418610095977783
vt 0.2610790133476257 0.8418610095977783
vt 0.2610790133476257 0.8208360075950623
f 759/844/759 750/845/750 638/846/638
vt 0.2401590049266815 0.8208360075950623
f 512/846/512 704/847/704 494/844/494
vt 0.2820000052452087 0.8418610095977783
vt 0.2820000052452087 0.8208360075950623
f 48/845/48 71/848/71 84/849/84
f 993/849/993 1234/846/1234 1004/845/1004
vt 0.1983180046081543 0.8418610095977783
vt 0.2192379981279373 0.8418610095977783
vt 0.2192379981279373 0.8208360075950623
f 582/850/582 627/851/627 528/852/528
vt 0.1983180046081543 0.8208360075950623
f 699/852/699 439/853/439 700/850/700
f 636/851/636 555/844/555 556/847/556
f 138/847/138 160/852/160 180/851/180
vt 0.1564770042896271 0.8418610095977783
vt 0.1773979961872101 0.8418610095977783
vt 0.1773979961872101 0.8208360075950623
f 685/854/685 362/855/362 487/856/487
vt 0.1564770042896271 0.8208360075950623
f 1085/856/1085 1176/857/1176 1147/854/1147
f 743/855/743 785/850/785 733/853/733
f 233/853/233 250/856/250 232/855/232
vt 0.2924599945545197 0.5882530212402344
f 1064/810/1064 1077/858/1077 1020/811/1020
vt 0.2800729870796204 0.5818349719047546
f 1022/811/1022 1038/859/1038 1020/808/1020
f 22/858/22 91/859/91 71/811/71
vt 0.3041839897632599 0.5958250164985657
f 413/810/413 783/860/783 805/858/805
vt 0.3252240121364594 0.6141480207443237
f 277/824/277 262/861/262 242/810/242
vt 0.3151380121707916 0.6044830083847046
f 2/860/2 231/810/231 250/862/250
f 441/861/441 851/862/851 366/810/366
vt 0.2637380063533783 0.6382499933242798
f 757/807/757 829/863/829 811/810/811
vt 0.2537640035152435 0.5726839900016785
vt 0.2400790005922318 0.5700330138206482
f 757/809/757 747/864/747 725/865/725
vt 0.2262060046195984 0.5687019824981689
f 350/865/350 677/866/677 414/809/414
vt 0.2671349942684174 0.5766299962997437
f 1071/867/1071 1111/864/1111 1176/808/1176
f 523/859/523 849/867/849 618/808/618
f 1069/866/1069 1091/814/1091 1169/809/1169
vt 0.2340710014104843 0.6382499933242798
f 31/806/31 142/868/142 162/863/162
f 266/863/266 246/807/246 247/806/247
f 816/864/816 833/809/833 338/808/338
vt 0.2122700065374374 0.5687019824981689
f 929/869/929 922/814/922 527/866/527
vt 0.3343499898910522 0.6247329711914062
f 982/861/982 996/824/996 1263/870/1263
vt 0.3597489893436432 0.6742460131645203
vt 0.3551909923553467 0.6610109806060791
f 548/822/548 534/871/534 549/872/549
vt 0.3494020104408264 0.6482710242271423
f 798/824/798 750/822/750 797/873/797
f 4/872/4 271/873/271 270/822/270
vt 0.3630349934101105 0.6878569722175598
f 426/822/426 461/874/461 922/871/922
vt 0.3650180101394653 0.7017210125923157
f 646/821/646 604/875/604 601/874/601
f 512/875/512 495/821/495 704/832/704
vt 0.3656809926033020 0.7157099843025208
f 495/832/495 703/876/703 704/875/704
f 637/822/637 606/821/606 595/874/595
vt 0.2785710096359253 0.6640700101852417
f 442/824/442 559/810/559 660/877/660
vt 0.3424339890480042 0.6361410021781921
f 256/824/256 239/873/239 6/878/6
f 857/863/857 963/877/963 972/810/972
f 348/824/348 791/878/791 738/870/738
vt 0.2934040129184723 0.6898900270462036
f 1217/879/1217 1151/820/1151 1196/823/1196
f 742/877/742 586/879/586 723/823/723
vt 0.3082369863986969 0.7157099843025208
f 667/820/667 534/879/534 532/880/532
f 483/824/483 858/877/858 868/823/868
f 449/868/449 925/806/925 920/813/920
vt 0.1983969956636429 0.5700330138206482
f 924/815/924 445/869/445 455/881/455
vt 0.1847130060195923 0.5726839900016785
f 1225/818/1225 1236/815/1236 1144/882/1144
f 973/881/973 963/882/963 894/815/894
f 853/869/853 370/815/370 854/814/854
vt 0.1747390031814575 0.6382499933242798
vt 0.2044049948453903 0.6382499933242798
f 840/817/840 353/883/353 703/884/703
f 659/884/659 647/812/647 606/817/606
f 417/883/417 774/817/774 682/816/682
vt 0.1713420003652573 0.5766299962997437
f 803/885/803 830/818/830 670/882/670
vt 0.1584039926528931 0.5818349719047546
f 592/886/592 636/818/636 609/885/609
vt 0.1460170000791550 0.5882530212402344
f 900/816/900 901/819/901 907/887/907
f 646/886/646 655/887/655 669/819/669
f 457/818/457 416/886/416 778/819/778
vt 0.1233389973640442 0.6044830083847046
vt 0.1342930048704147 0.5958250164985657
f 1139/888/1139 1154/816/1154 1138/889/1138
f 443/887/443 671/889/671 658/816/658
vt 0.1132529973983765 0.6141480207443237
f 794/888/794 630/890/630 586/816/586
vt 0.1041259989142418 0.6247329711914062
f 795/825/795 743/890/743 794/891/794
f 562/816/562 673/890/673 535/825/535
f 332/884/332 763/813/763 793/812/793
vt 0.1599059998989105 0.6640700101852417
f 825/892/825 804/883/804 824/816/824
f 125/827/125 315/892/315 317/825/317
f 637/892/637 550/816/550 606/825/606
vt 0.0960429981350899 0.6361410021781921
f 1103/891/1103 1168/893/1168 1167/825/1167
vt 0.1450729966163635 0.6898900270462036
f 2/829/2 1/894/1 231/827/231
f 635/892/635 554/827/554 538/894/538
vt 0.1302399933338165 0.7157099843025208
f 336/829/336 335/835/335 769/895/769
f 589/894/589 476/829/476 551/895/551
vt 0.0890749990940094 0.6482710242271423
f 1217/893/1217 1150/896/1150 1151/825/1151
f 80/896/80 97/826/97 95/825/95
vt 0.0832849964499474 0.6610109806060791
f 276/826/276 274/896/274 252/897/252
vt 0.0787269994616508 0.6742460131645203
f 556/897/556 540/898/540 557/826/557
vt 0.0734589993953705 0.7017210125923157
f 452/899/452 921/834/921 472/828/472
vt 0.0754420012235641 0.6878569722175598
f 838/826/838 705/898/705 497/900/497
f 636/899/636 593/828/593 555/900/555
vt 0.0727950036525726 0.7157099843025208
f 53/899/53 139/901/139 161/834/161
f 115/828/115 201/826/201 200/900/200
f 749/884/749 744/868/744 839/813/839
f 589/833/589 510/820/510 476/880/476
vt 0.3650180101394653 0.7297000288963318
f 818/832/818 727/831/727 595/902/595
vt 0.3630349934101105 0.7435640096664429
f 562/839/562 535/903/535 476/831/476
f 602/902/602 603/831/603 643/903/643
vt 0.3551909923553467 0.7704100012779236
vt 0.3597489893436432 0.7571740150451660
f 599/839/599 669/904/669 655/905/655
vt 0.3494020104408264 0.7831500172615051
f 611/838/611 517/906/517 919/839/919
f 535/904/535 551/839/551 476/906/476
f 735/903/735 734/839/734 786/905/786
vt 0.2934040129184723 0.7415310144424438
f 237/907/237 254/840/254 253/830/253
f 473/830/473 560/880/560 541/907/541
vt 0.2785710096359253 0.7673509716987610
f 40/907/40 41/908/41 68/840/68
f 796/830/796 724/833/724 744/880/744
f 633/838/633 608/908/608 510/849/510
vt 0.2637380063533783 0.7931709885597229
f 1057/908/1057 1168/909/1168 1103/849/1103
vt 0.2340710014104843 0.7931709885597229
f 584/910/584 587/847/587 547/846/547
f 860/846/860 871/909/871 861/910/861
vt 0.3424339890480042 0.7952790260314941
vt 0.3343499898910522 0.8066880106925964
f 1271/911/1271 1222/838/1222 1198/912/1198
f 766/840/766 333/908/333 767/838/767
f 795/906/795 813/838/813 337/911/337
f 1070/902/1070 1052/876/1052 1007/832/1007
vt 0.3252240121364594 0.8172730207443237
f 818/838/818 779/849/779 343/913/343
vt 0.3041839897632599 0.8355960249900818
vt 0.3151380121707916 0.8269379734992981
f 804/914/804 767/915/767 333/849/333
f 594/913/594 638/849/638 552/915/552
f 818/909/818 647/846/647 605/849/605
vt 0.2924599945545197 0.8431680202484131
f 396/849/396 395/848/395 680/916/680
vt 0.2800729870796204 0.8495860099792480
f 731/916/731 764/848/764 596/917/596
f 496/914/496 837/849/837 354/916/354
f 468/917/468 450/848/450 481/845/481
f 43/847/43 225/910/225 234/852/234
vt 0.2537640035152435 0.8587369918823242
f 109/845/109 134/844/134 156/918/156
vt 0.2262060046195984 0.8627189993858337
vt 0.2400790005922318 0.8613880276679993
f 1064/919/1064 1049/920/1049 1107/844/1107
f 192/918/192 38/844/38 59/920/59
vt 0.2671349942684174 0.8547909855842590
f 335/921/335 797/845/797 750/918/750
f 313/845/313 277/921/277 301/917/301
f 1098/919/1098 1134/844/1134 1071/851/1071
f 636/912/636 539/838/539 609/913/609
vt 0.2044049948453903 0.7931709885597229
f 35/922/35 81/853/81 59/852/59
f 818/852/818 813/910/813 727/922/727
vt 0.1450729966163635 0.7415310144424438
f 389/837/389 698/923/698 365/895/365
f 818/923/818 595/837/595 647/842/647
vt 0.1599059998989105 0.7673509716987610
f 541/842/541 558/924/558 559/923/559
vt 0.1747390031814575 0.7931709885597229
f 322/924/322 270/857/270 251/925/251
f 660/842/660 674/843/674 675/924/675
f 1104/924/1104 1183/843/1183 1088/857/1088
vt 0.0960429981350899 0.7952790260314941
vt 0.1041259989142418 0.8066880106925964
f 989/926/989 1244/927/1244 1225/843/1225
vt 0.0734589993953705 0.7297000288963318
vt 0.0754420012235641 0.7435640096664429
f 670/928/670 830/929/830 773/836/773
f 670/841/670 773/836/773 830/929/830
f 603/928/603 651/834/651 665/901/665
f 946/928/946 935/836/935 936/834/936
vt 0.0890749990940094 0.7831500172615051
f 343/841/343 751/930/751 337/843/337
vt 0.0787269994616508 0.7571740150451660
vt 0.0832849964499474 0.7704100012779236
f 144/931/144 122/932/122 110/841/110
f 754/930/754 545/841/545 807/932/807
f 595/929/595 606/931/606 647/841/647
f 886/843/886 887/930/887 881/926/881
f 537/925/537 638/856/638 553/853/553
f 189/853/189 34/922/34 164/925/164
f 309/837/309 156/895/156 4/835/4
vt 0.2122700065374374 0.8627189993858337
f 202/850/202 127/933/127 151/851/151
f 1030/856/1030 1018/925/1018 1043/857/1043
vt 0.1983969956636429 0.8613880276679993
vt 0.1847130060195923 0.8587369918823242
f 1099/934/1099 1098/850/1098 1164/935/1164
vt 0.1713420003652573 0.8547909855842590
f 554/936/554 798/935/798 538/855/538
f 86/935/86 264/850/264 263/855/263
f 388/933/388 402/850/402 431/934/431
f 420/933/420 841/919/841 352/851/352
vt 0.1132529973983765 0.8172730207443237
vt 0.1233389973640442 0.8269379734992981
f 1210/937/1210 1124/938/1124 1218/857/1218
vt 0.1342930048704147 0.8355960249900818
f 816/939/816 762/857/762 751/938/751
f 652/937/652 545/843/545 530/927/530
f 820/937/820 334/857/334 661/843/661
vt 0.1584039926528931 0.8495860099792480
f 845/855/845 687/854/687 360/940/360
vt 0.1460170000791550 0.8431680202484131
f 323/939/323 311/941/311 214/857/214
f 134/854/134 17/857/17 271/941/271
f 1083/940/1083 1157/854/1157 1181/941/1181
f 774/855/774 338/940/338 339/936/339
vt 0.3858279883861542 0.8191519975662231
vt 0.4058760106563568 0.8045290112495422
vt 0.3671459853649139 0.8268899917602539
f 799/942/799 819/943/819 800/944/800
vt 0.4058760106563568 0.8165119886398315
f 322/945/322 308/943/308 195/942/195
vt 0.4259249866008759 0.8191519975662231
f 89/943/89 164/945/164 34/946/34
vt 0.4446069896221161 0.8268899917602539
f 584/943/584 627/946/627 583/947/583
vt 0.4058760106563568 0.6513419747352600
vt 0.3671459853649139 0.6289809942245483
vt 0.3831889927387238 0.6412910223007202
f 1089/948/1089 1043/949/1043 1103/950/1103
vt 0.3954989910125732 0.6573330163955688
f 769/948/769 750/950/750 806/951/806
vt 0.4058760106563568 0.6960639953613281
vt 0.4032369852066040 0.6760150194168091
f 343/952/343 832/948/832 814/953/814
f 808/951/808 415/953/415 770/948/770
vt 0.4736419916152954 0.7614769935607910
vt 0.4632639884948730 0.7554849982261658
vt 0.4509539902210236 0.7715280055999756
f 97/954/97 96/955/96 95/956/95
vt 0.4349110126495361 0.7838379740715027
f 80/954/80 95/956/95 36/957/36
vt 0.4736419916152954 0.7167549729347229
vt 0.4710020124912262 0.7368029952049255
f 579/954/579 492/958/492 526/959/526
f 601/955/601 644/954/644 649/959/649
vt 0.4058760106563568 0.8512539863586426
vt 0.4058760106563568 0.8392699956893921
vt 0.3858279883861542 0.8366310000419617
f 585/960/585 548/961/548 629/962/629
vt 0.3671459853649139 0.8288930058479309
f 676/960/676 333/962/333 412/963/412
vt 0.4446069896221161 0.8288930058479309
vt 0.4259249866008759 0.8366310000419617
f 1265/964/1265 1273/965/1273 1223/960/1223
f 835/961/835 836/960/836 347/965/347
vt 0.4349110126495361 0.6737030148506165
vt 0.4375509917736053 0.6490290164947510
vt 0.4349110126495361 0.6289809942245483
f 574/966/574 488/967/488 489/968/489
vt 0.4452889859676361 0.6677110195159912
f 799/969/799 730/967/730 819/966/819
vt 0.4736419916152954 0.6960639953613281
vt 0.4575990140438080 0.6837540268898010
f 820/966/820 596/970/596 764/971/764
f 497/966/497 378/971/378 355/969/355
vt 0.3671459853649139 0.7838379740715027
vt 0.3697850108146667 0.7637889981269836
vt 0.3671459853649139 0.7391160130500793
f 197/972/197 100/973/100 20/974/20
vt 0.3775239884853363 0.7451069951057434
f 457/975/457 459/974/459 416/973/416
vt 0.3898339867591858 0.7290650010108948
f 597/974/597 760/975/760 639/976/639
vt 0.4058760106563568 0.7167549729347229
f 596/974/596 639/976/639 760/977/760
vt 0.3876860141754150 0.1209020018577576
vt 0.3774160146713257 0.1209020018577576
vt 0.3774160146713257 0.0806009992957115
f 294/978/294 229/979/229 244/980/244
vt 0.3876860141754150 0.0806009992957115
f 159/980/159 99/981/99 196/978/196
vt 0.3973909914493561 0.1209020018577576
f 1230/982/1230 1241/978/1241 1159/981/1159
vt 0.3973909914493561 0.0806009992957115
f 1230/981/1230 1141/983/1141 1248/982/1248
vt 0.4070970118045807 0.1209020018577576
f 781/984/781 346/982/346 835/983/835
vt 0.4070970118045807 0.0806009992957115
f 1031/983/1031 1055/985/1055 1054/984/1054
vt 0.4168019890785217 0.1209020018577576
f 737/986/737 752/984/752 720/985/720
vt 0.4168019890785217 0.0806009992957115
f 213/985/213 325/987/325 287/986/287
vt 0.4265069961547852 0.1209020018577576
f 820/988/820 821/986/821 835/987/835
vt 0.4265069961547852 0.0806009992957115
f 377/987/377 395/989/395 679/988/679
vt 0.4362129867076874 0.1209020018577576
f 648/990/648 596/988/596 607/989/607
vt 0.4362129867076874 0.0806009992957115
f 123/989/123 160/991/160 152/990/152
vt 0.4459179937839508 0.1209020018577576
f 1058/992/1058 1044/990/1044 1043/991/1043
vt 0.4459179937839508 0.0806009992957115
f 637/991/637 595/993/595 594/992/594
vt 0.4554159939289093 0.1209020018577576
f 441/994/441 436/992/436 851/993/851
vt 0.4554159939289093 0.0806009992957115
f 552/993/552 632/995/632 536/994/536
vt 0.4649139940738678 0.1209020018577576
f 420/996/420 564/994/564 841/995/841
vt 0.4649139940738678 0.0806009992957115
f 814/995/814 832/997/832 815/996/815
vt 0.4743539988994598 0.1209020018577576
f 40/998/40 63/996/63 41/997/41
vt 0.4743539988994598 0.0806009992957115
f 588/997/588 533/999/533 549/998/549
vt 0.4837940037250519 0.1209020018577576
f 564/1000/564 477/998/477 353/999/353
vt 0.4837940037250519 0.0806009992957115
f 392/999/392 415/1001/415 808/1000/808
vt 0.4932340085506439 0.1209020018577576
f 1019/1002/1019 1218/1000/1218 1197/1001/1197
vt 0.4932340085506439 0.0806009992957115
f 1236/1001/1236 1188/1003/1188 1144/1002/1144
vt 0.5026749968528748 0.1209020018577576
f 1228/1004/1228 1239/1002/1239 1158/1003/1158
vt 0.5026749968528748 0.0806009992957115
f 1008/1003/1008 1281/1005/1281 1200/1004/1200
vt 0.5121150016784668 0.1209020018577576
f 351/1006/351 478/1004/478 565/1005/565
vt 0.5121150016784668 0.0806009992957115
f 443/1005/443 658/1007/658 458/1006/458
vt 0.5215550065040588 0.1209020018577576
f 648/1008/648 674/1006/674 596/1007/596
vt 0.5215550065040588 0.0806009992957115
f 529/1007/529 544/1009/544 628/1008/628
vt 0.5309950113296509 0.1209020018577576
f 420/1010/420 459/1008/459 564/1009/564
vt 0.5309950113296509 0.0806009992957115
f 1220/1009/1220 1200/1011/1200 1281/1010/1281
vt 0.5404350161552429 0.1209020018577576
f 560/1012/560 474/1010/474 541/1011/541
vt 0.5404350161552429 0.0806009992957115
f 396/1011/396 418/1013/418 395/1012/395
vt 0.5498759746551514 0.1209020018577576
f 974/1014/974 869/1012/869 975/1013/975
vt 0.5498759746551514 0.0806009992957115
f 436/1013/436 697/1015/697 409/1014/409
vt 0.5593159794807434 0.1209020018577576
f 352/1016/352 415/1014/415 678/1015/678
vt 0.5593159794807434 0.0806009992957115
f 284/1015/284 208/1017/208 283/1016/283
vt 0.5687559843063354 0.1209020018577576
f 496/1018/496 378/1016/378 497/1017/497
vt 0.5687559843063354 0.0806009992957115
f 691/1017/691 432/1019/432 407/1018/407
vt 0.5781959891319275 0.1209020018577576
f 680/1020/680 678/1018/678 373/1019/373
vt 0.5781959891319275 0.0806009992957115
f 176/1019/176 45/1021/45 159/1020/159
vt 0.5876359939575195 0.1209020018577576
f 819/1022/819 835/1020/835 346/1021/346
vt 0.5876359939575195 0.0806009992957115
f 704/1021/704 353/1023/353 514/1022/514
vt 0.5970770120620728 0.1209020018577576
f 704/1024/704 703/1022/703 353/1023/353
vt 0.5970770120620728 0.0806009992957115
f 351/1023/351 703/1025/703 495/1024/495
vt 0.6070430278778076 0.1209020018577576
f 803/1026/803 823/1024/823 830/1025/830
vt 0.6070430278778076 0.0806009992957115
f 564/1025/564 459/1027/459 475/1026/475
vt 0.6170089840888977 0.1209020018577576
f 1000/1028/1000 1004/1026/1004 1234/1027/1234
vt 0.6170089840888977 0.0806009992957115
f 823/1027/823 764/1029/764 731/1028/731
vt 0.6259229779243469 0.1209020018577576
f 737/1030/737 788/1028/788 781/1029/781
vt 0.6259229779243469 0.0806009992957115
f 980/1029/980 991/1031/991 977/1030/977
vt 0.6348369717597961 0.1209020018577576
f 665/1032/665 651/1030/651 664/1031/664
vt 0.6348369717597961 0.0806009992957115
f 1089/1031/1089 1103/1033/1103 1167/1032/1167
vt 0.6451069712638855 0.1209020018577576
f 563/1034/563 475/1032/475 562/1033/562
vt 0.6451069712638855 0.0806009992957115
f 871/1033/871 966/1035/966 861/1034/861
vt 0.6553769707679749 0.1209020018577576
f 792/1036/792 740/1034/740 721/1035/721
vt 0.6553769707679749 0.0806009992957115
f 741/1035/741 838/1037/838 411/1036/411
vt 0.6650819778442383 0.1209020018577576
f 635/1038/635 538/1036/538 593/1037/593
vt 0.6650819778442383 0.0806009992957115
f 111/1037/111 154/1039/154 108/1038/108
vt 0.6747879981994629 0.1209020018577576
f 413/1040/413 421/1038/421 684/1039/684
vt 0.6747879981994629 0.0806009992957115
f 413/1039/413 390/1041/390 372/1040/372
vt 0.6844930052757263 0.1209020018577576
f 803/1042/803 802/1040/802 823/1041/823
vt 0.6844930052757263 0.0806009992957115
f 634/1041/634 537/1043/537 553/1042/553
vt 0.6941990256309509 0.1209020018577576
f 852/1044/852 716/1042/716 408/1043/408
vt 0.6941990256309509 0.0806009992957115
f 393/1043/393 378/1045/378 702/1044/702
vt 0.7039039731025696 0.1209020018577576
f 122/1046/122 158/1044/158 135/1045/135
vt 0.7039039731025696 0.0806009992957115
f 559/1045/559 542/1047/542 660/1046/660
vt 0.7136099934577942 0.1209020018577576
f 637/1048/637 536/1046/536 550/1047/550
vt 0.7136099934577942 0.0806009992957115
f 453/1047/453 446/1049/446 479/1048/479
vt 0.7231069803237915 0.1209020018577576
f 355/1050/355 378/1048/378 683/1049/683
vt 0.7231069803237915 0.0806009992957115
f 136/1049/136 18/1051/18 157/1050/157
vt 0.7326049804687500 0.1209020018577576
f 1043/1052/1043 1057/1050/1057 1103/1051/1103
vt 0.7326049804687500 0.0806009992957115
f 41/1051/41 69/1053/69 68/1052/68
vt 0.7420449852943420 0.1209020018577576
f 488/1054/488 575/1052/575 489/1053/489
vt 0.7420449852943420 0.0806009992957115
f 123/1053/123 169/1055/169 313/1054/313
vt 0.7514849901199341 0.1209020018577576
f 71/1056/71 91/1054/91 47/1055/47
vt 0.7514849901199341 0.0806009992957115
f 1090/1055/1090 1105/1057/1105 1171/1056/1171
vt 0.7609260082244873 0.1209020018577576
f 598/1058/598 624/1056/624 580/1057/580
vt 0.7609260082244873 0.0806009992957115
f 586/1057/586 585/1059/585 629/1058/629
vt 0.7703660130500793 0.1209020018577576
f 1007/1060/1007 1053/1058/1053 1023/1059/1023
vt 0.7703660130500793 0.0806009992957115
f 722/1059/722 827/1061/827 727/1060/727
vt 0.7798060178756714 0.1209020018577576
f 460/1062/460 842/1060/842 565/1061/565
vt 0.7798060178756714 0.0806009992957115
f 996/1061/996 999/1063/999 1006/1062/1006
vt 0.7892460227012634 0.1209020018577576
f 609/1064/609 561/1062/561 478/1063/478
vt 0.7892460227012634 0.0806009992957115
f 614/1063/614 491/1065/491 521/1064/521
vt 0.7986869812011719 0.1209020018577576
f 254/1066/254 236/1064/236 253/1065/253
vt 0.7986869812011719 0.0806009992957115
f 460/1065/460 422/1067/422 842/1066/842
vt 0.8081269860267639 0.1209020018577576
f 784/1068/784 732/1066/732 747/1067/747
vt 0.8081269860267639 0.0806009992957115
f 166/1067/166 191/1069/191 81/1068/81
vt 0.8175669908523560 0.1209020018577576
f 809/1070/809 829/1068/829 726/1069/726
vt 0.8175669908523560 0.0806009992957115
f 735/1069/735 788/1071/788 736/1070/736
vt 0.8270069956779480 0.1209020018577576
f 78/1072/78 216/1070/216 64/1071/64
vt 0.8270069956779480 0.0806009992957115
f 72/1071/72 17/1073/17 70/1072/70
vt 0.8364470005035400 0.1209020018577576
f 834/1074/834 774/1072/774 790/1073/790
vt 0.8364470005035400 0.0806009992957115
f 520/1073/520 915/1075/915 923/1074/923
vt 0.8458870053291321 0.1209020018577576
f 82/1076/82 119/1074/119 99/1075/99
vt 0.8458870053291321 0.0806009992957115
f 981/1075/981 993/1077/993 992/1076/992
vt 0.8553280234336853 0.1209020018577576
f 661/1078/661 334/1076/334 783/1077/783
vt 0.8553280234336853 0.0806009992957115
f 612/1077/612 975/1079/975 965/1078/965
vt 0.8647680282592773 0.1209020018577576
f 793/1080/793 740/1078/740 792/1079/792
vt 0.8647680282592773 0.0806009992957115
f 880/1079/880 898/1081/898 963/1080/963
vt 0.8747339844703674 0.1209020018577576
f 784/1082/784 746/1080/746 745/1081/745
vt 0.8747339844703674 0.0806009992957115
f 16/1081/16 149/1083/149 68/1082/68
vt 0.8847010135650635 0.1209020018577576
f 377/1084/377 394/1082/394 395/1083/395
vt 0.8847010135650635 0.0806009992957115
f 772/1083/772 337/1085/337 751/1084/751
vt 0.8936150074005127 0.1209020018577576
f 581/1086/581 765/1084/765 734/1085/734
vt 0.8936150074005127 0.0806009992957115
f 396/1085/396 373/1087/373 374/1086/374
vt 0.3671459853649139 0.0000000000000000
vt 0.3968900144100189 0.0000000000000000
f 457/1088/457 778/1089/778 671/981/671
f 685/981/685 424/980/424 362/1088/362
vt 0.3671459853649139 0.0537340007722378
f 980/1090/980 994/1088/994 1235/980/1235
vt 0.3671459853649139 0.1074680015444756
f 581/1091/581 625/1090/625 640/980/640
f 978/980/978 1245/979/1245 1253/1091/1253
f 740/981/740 753/1089/753 721/983/721
vt 0.4266330003738403 0.0000000000000000
f 753/989/753 739/987/739 791/1092/791
f 80/985/80 36/983/36 58/1089/58
f 642/1092/642 651/987/651 645/985/645
vt 0.4563769996166229 0.0000000000000000
f 597/1092/597 540/1093/540 556/993/556
f 122/993/122 135/991/135 110/1092/110
f 596/1092/596 542/985/542 639/1089/639
vt 0.3812350034713745 0.1612029969692230
f 539/1094/539 557/979/557 474/978/474
vt 0.3953239917755127 0.1612029969692230
f 838/1095/838 497/978/497 355/982/355
vt 0.3671459853649139 0.1612029969692230
f 864/1096/864 912/1091/912 969/979/969
f 589/1093/589 633/995/633 510/993/510
f 648/1093/648 607/999/607 674/997/674
vt 0.4861199855804443 0.0000000000000000
f 729/999/729 790/1097/790 739/1001/739
f 1193/997/1193 1277/995/1277 1203/1093/1203
f 140/991/140 60/989/60 162/1092/162
f 607/1097/607 661/999/661 674/1093/674
vt 0.5158630013465881 0.0000000000000000
f 857/1097/857 860/1098/860 932/1005/932
f 17/1005/17 248/1003/248 230/1097/230
f 607/1098/607 820/1007/820 661/1005/661
f 507/1007/507 717/1098/717 386/1009/386
f 347/1001/347 767/1097/767 804/1003/804
vt 0.5456069707870483 0.0000000000000000
f 544/1013/544 644/1011/644 587/1099/587
vt 0.5753499865531921 0.0000000000000000
f 297/1099/297 229/1100/229 260/1019/260
f 778/1019/778 416/1017/416 815/1099/815
f 322/1098/322 198/1011/198 309/1009/309
vt 0.6050940155982971 0.0000000000000000
f 958/1100/958 715/1101/715 504/1025/504
f 646/1025/646 601/1023/601 663/1100/663
vt 0.6348369717597961 0.0000000000000000
f 799/1101/799 800/1102/800 751/1031/751
f 320/1031/320 28/1029/28 161/1101/161
f 30/1099/30 55/1011/55 54/1098/54
f 352/1099/352 841/1015/841 415/1013/415
f 390/1100/390 805/1021/805 372/1019/372
f 882/1017/882 910/1015/910 893/1099/893
f 1125/1101/1125 1209/1027/1209 1284/1025/1284
f 456/1102/456 660/1033/660 675/1031/675
f 199/1029/199 200/1027/200 172/1101/172
f 626/1023/626 583/1021/583 627/1100/627
f 584/1033/584 628/1102/628 544/1035/544
vt 0.4094130098819733 0.1612029969692230
f 465/1103/465 574/984/574 447/986/447
vt 0.4375909864902496 0.1612029969692230
f 812/988/812 768/990/768 830/1104/830
vt 0.4235019981861115 0.1612029969692230
f 372/1104/372 824/1105/824 676/988/676
f 729/1104/729 762/990/762 790/992/790
f 729/1105/729 739/986/739 799/988/799
vt 0.4657689929008484 0.1612029969692230
f 837/994/837 738/996/738 417/1106/417
vt 0.4516800045967102 0.1612029969692230
f 962/1106/962 966/1107/966 972/994/972
vt 0.4798580110073090 0.1612029969692230
f 640/1108/640 598/998/598 580/1000/580
vt 0.4939469993114471 0.1612029969692230
f 673/1000/673 672/1002/672 659/1109/659
f 845/1109/845 425/1108/425 426/1000/426
f 235/1106/235 252/996/252 7/998/7
f 604/1107/604 669/992/669 668/994/668
f 815/1096/815 416/979/416 394/1094/394
f 471/1103/471 452/1095/452 453/982/453
f 774/982/774 738/984/738 790/1103/790
f 469/1105/469 927/1103/927 470/986/470
f 766/978/766 741/1095/741 411/1094/411
f 1005/1104/1005 1051/992/1051 1036/1107/1036
f 412/1108/412 333/1106/333 411/998/411
vt 0.5080360174179077 0.1612029969692230
f 807/1110/807 806/1109/806 827/1002/827
f 743/1002/743 344/1004/344 785/1110/785
vt 0.5221250057220459 0.1612029969692230
f 1166/1006/1166 1184/1008/1184 1121/1111/1121
f 419/1111/419 776/1110/776 679/1006/679
vt 0.5362139940261841 0.1612029969692230
f 980/1112/980 987/1010/987 1240/1012/1240
vt 0.5503029823303223 0.1612029969692230
f 805/1012/805 783/1014/783 334/1113/334
f 646/1113/646 669/1112/669 604/1012/604
f 441/1111/441 694/1008/694 369/1010/369
vt 0.5643919706344604 0.1612029969692230
f 937/1114/937 948/1016/948 949/1018/949
vt 0.5784810185432434 0.1612029969692230
f 877/1018/877 863/1020/863 958/1115/958
f 823/1115/823 812/1114/812 830/1018/830
vt 0.5925700068473816 0.1612029969692230
f 635/1116/635 593/1022/593 636/1024/636
vt 0.6066589951515198 0.1612029969692230
f 650/1024/650 663/1026/663 662/1117/662
f 817/1117/817 777/1116/777 340/1024/340
f 364/1115/364 432/1020/432 691/1022/691
f 285/1113/285 210/1014/210 209/1016/209
f 423/1114/423 397/1113/397 398/1016/398
f 593/1111/593 538/1010/538 555/1112/555
f 650/1116/650 822/1115/822 803/1022/803
vt 0.6207479834556580 0.1612029969692230
f 649/1030/649 644/1118/644 544/1028/544
f 976/1118/976 612/1117/612 965/1026/965
f 628/1026/628 583/1028/583 736/1118/736
vt 0.6348369717597961 0.1612029969692230
f 662/1119/662 720/1118/720 822/1030/822
f 822/1030/822 752/1032/752 802/1119/802
f 385/1004/385 716/1006/716 406/1110/406
vt 0.6645810008049011 0.0000000000000000
f 769/1037/769 806/1035/806 826/1120/826
f 756/1120/756 725/1039/725 747/1037/747
f 677/1120/677 422/1041/422 421/1039/421
vt 0.6943240165710449 0.0000000000000000
f 591/1120/591 511/1121/511 608/1043/608
f 822/1043/822 720/1041/720 752/1120/752
f 350/1047/350 842/1045/842 422/1121/422
f 119/1043/119 196/1121/196 99/1045/99
vt 0.7240679860115051 0.0000000000000000
f 789/1121/789 529/1122/529 628/1049/628
f 847/1049/847 361/1047/361 362/1121/362
vt 0.7538110017776489 0.0000000000000000
f 223/1122/223 301/1123/301 261/1055/261
f 35/1055/35 166/1053/166 81/1122/81
vt 0.6489260196685791 0.1612029969692230
f 863/1032/863 959/1034/959 968/1124/968
f 301/1124/301 242/1119/242 261/1032/261
vt 0.6630150079727173 0.1612029969692230
f 1080/1125/1080 1035/1036/1035 1186/1038/1186
vt 0.6771039962768555 0.1612029969692230
f 732/1038/732 745/1040/745 801/1126/801
f 261/1126/261 242/1125/242 243/1038/243
f 242/1124/242 262/1034/262 243/1036/243
f 958/1122/958 968/1051/968 715/1049/715
f 181/1123/181 109/1057/109 156/1055/156
f 1038/1053/1038 1029/1051/1029 1017/1122/1017
f 1192/1057/1192 1279/1123/1279 1206/1059/1206
f 1193/1120/1193 1206/1035/1206 1280/1102/1280
f 243/1059/243 262/1123/262 10/1061/10
vt 0.7835549712181091 0.0000000000000000
f 262/1127/262 278/1061/278 10/1123/10
f 820/1127/820 764/1063/764 821/1061/821
f 279/1127/279 10/1065/10 278/1063/278
f 279/1065/279 278/1127/278 11/1067/11
vt 0.8132979869842529 0.0000000000000000
f 279/1069/279 11/1067/11 12/1128/12
vt 0.8430420160293579 0.0000000000000000
vt 0.8727849721908569 0.0000000000000000
f 11/1129/11 280/1130/280 12/1081/12
f 12/1081/12 280/1079/280 173/1129/173
f 996/1128/996 1006/1129/1006 1265/1075/1265
f 280/1075/280 147/1073/147 173/1128/173
vt 0.9025290012359619 0.0000000000000000
f 173/1130/173 147/1131/147 202/1087/202
f 202/1087/202 126/1085/126 127/1130/127
vt 0.9025290012359619 0.0537340007722378
f 425/1087/425 692/1131/692 426/1132/426
f 1022/1127/1022 1032/1128/1032 1015/1067/1015
f 126/1128/126 203/1071/203 127/1069/127
f 127/1129/127 203/1077/203 148/1075/148
f 1008/1073/1008 1200/1071/1200 1211/1128/1211
f 100/1130/100 120/1083/120 83/1081/83
vt 0.9025290012359619 0.1074680015444756
f 1053/1132/1053 1039/1133/1039 1040/1087/1040
f 203/1085/203 174/1083/174 148/1130/148
f 1181/1079/1181 1149/1077/1149 1082/1129/1082
f 159/1087/159 45/1133/45 137/1086/137
vt 0.6911929845809937 0.1612029969692230
f 709/1134/709 505/1042/505 710/1044/710
vt 0.7052819728851318 0.1612029969692230
f 78/1135/78 64/1046/64 96/1048/96
vt 0.7193710207939148 0.1612029969692230
f 148/1136/148 174/1048/174 175/1050/175
f 917/1044/917 924/1046/924 455/1135/455
f 174/1135/174 149/1134/149 175/1044/175
vt 0.7334610223770142 0.1612029969692230
f 149/1137/149 176/1052/176 150/1054/150
vt 0.7616389989852905 0.1612029969692230
f 1147/1056/1147 1176/1058/1176 1146/1138/1146
vt 0.7475500106811523 0.1612029969692230
f 219/1138/219 326/1139/326 298/1056/298
f 219/1138/219 314/1058/314 326/1060/326
f 175/1139/175 150/1054/150 129/1056/129
f 297/1050/297 244/1052/244 229/1137/229
f 693/1137/693 852/1136/852 368/1050/368
f 104/1134/104 326/1126/326 327/1040/327
f 9/1040/9 262/1042/262 277/1134/277
f 222/1124/222 313/1036/313 301/1125/301
f 277/1048/277 242/1136/242 301/1135/301
vt 0.7757279872894287 0.1612029969692230
f 126/1060/126 101/1140/101 68/1138/68
f 526/1139/526 623/1137/623 527/1054/527
f 297/1140/297 220/1060/220 244/1062/244
vt 0.7898169755935669 0.1612029969692230
f 538/1062/538 798/1064/798 760/1141/760
f 46/1141/46 132/1140/132 154/1062/154
vt 0.8039060235023499 0.1612029969692230
f 220/1142/220 86/1066/86 263/1068/263
vt 0.8179950118064880 0.1612029969692230
f 1136/1068/1136 1207/1070/1207 1195/1143/1195
f 1119/1143/1119 1118/1142/1118 1099/1068/1099
f 219/1141/219 1/1064/1 314/1066/314
vt 0.8320840001106262 0.1612029969692230
f 300/1144/300 265/1072/265 245/1074/245
vt 0.8461729884147644 0.1612029969692230
f 1128/1074/1128 1111/1076/1111 1162/1145/1162
f 40/1145/40 147/1144/147 280/1074/280
vt 0.8602619767189026 0.1612029969692230
f 24/1146/24 94/1078/94 138/1080/138
vt 0.8743510246276855 0.1612029969692230
f 1222/1080/1222 1199/1082/1199 1219/1147/1219
f 766/1147/766 332/1146/332 741/1080/741
f 222/1145/222 327/1076/327 313/1078/313
f 221/1143/221 300/1070/300 264/1072/264
f 1182/1142/1182 1217/1141/1217 1073/1066/1073
f 223/1144/223 261/1143/261 224/1072/224
f 300/1078/300 245/1146/245 264/1145/264
vt 0.8884400129318237 0.1612029969692230
f 966/1086/966 867/1148/867 972/1084/972
f 224/1148/224 261/1147/261 302/1082/302
f 819/1082/819 780/1084/780 345/1148/345
vt 0.9025290012359619 0.1612029969692230
f 756/1086/756 796/1149/796 725/1148/725
f 241/1149/241 257/1086/257 11/1133/11
vt 0.3862900137901306 0.4260619878768921
vt 0.3767180144786835 0.4260619878768921
vt 0.3767180144786835 0.3756980001926422
f 483/1150/483 868/1151/868 612/1152/612
vt 0.3862900137901306 0.3756980001926422
f 987/1152/987 988/1153/988 981/1150/981
vt 0.3862900137901306 0.5771520137786865
vt 0.3767180144786835 0.5771520137786865
vt 0.3767180144786835 0.5267890095710754
f 676/1154/676 412/1155/412 411/1156/411
vt 0.3862900137901306 0.5267890095710754
f 280/1156/280 257/1157/257 240/1154/240
vt 0.4048190116882324 0.4260619878768921
vt 0.3955549895763397 0.4260619878768921
vt 0.3955549895763397 0.3756980001926422
f 40/1158/40 280/1159/280 240/1160/240
vt 0.4048190116882324 0.3756980001926422
f 241/1160/241 262/1161/262 9/1158/9
f 40/1159/40 101/1150/101 126/1153/126
f 126/1153/126 68/1160/68 203/1159/203
vt 0.3955549895763397 0.5267890095710754
f 1198/1162/1198 1222/1157/1222 1219/1150/1219
f 174/1150/174 68/1159/68 149/1162/149
vt 0.4048190116882324 0.5267890095710754
f 1044/1159/1044 1285/1158/1285 1284/1163/1284
f 16/1163/16 176/1162/176 149/1159/149
vt 0.3955549895763397 0.5771520137786865
f 42/1164/42 64/1154/64 259/1157/259
f 96/1157/96 64/1162/64 32/1164/32
vt 0.4048190116882324 0.5771520137786865
f 176/1165/176 19/1164/19 45/1162/45
f 279/1162/279 12/1163/12 317/1165/317
vt 0.4230479896068573 0.4260619878768921
vt 0.4139339923858643 0.4260619878768921
vt 0.4139339923858643 0.3756980001926422
f 127/1166/127 148/1167/148 128/1168/128
vt 0.4230479896068573 0.3756980001926422
f 1090/1168/1090 1171/1169/1171 1076/1166/1076
f 328/1167/328 279/1158/279 317/1161/317
f 173/1161/173 202/1168/202 177/1167/177
vt 0.4139339923858643 0.5267890095710754
f 173/1170/173 177/1163/177 317/1158/317
f 12/1158/12 173/1167/173 317/1170/317
vt 0.4230479896068573 0.5267890095710754
f 833/1167/833 817/1166/817 340/1171/340
f 1106/1171/1106 1109/1170/1109 1091/1167/1091
vt 0.4139339923858643 0.5771520137786865
f 1192/1172/1192 1148/1165/1148 1279/1163/1279
f 302/1163/302 10/1170/10 316/1172/316
vt 0.4230479896068573 0.5771520137786865
f 764/1173/764 802/1172/802 752/1170/752
f 127/1170/127 128/1171/128 151/1173/151
vt 0.4410710036754608 0.4260619878768921
vt 0.4320600032806396 0.4260619878768921
vt 0.4320600032806396 0.3756980001926422
f 228/1174/228 315/1175/315 296/1176/296
vt 0.4410710036754608 0.3756980001926422
f 148/1176/148 175/1177/175 204/1174/204
f 202/1175/202 151/1166/151 177/1169/177
f 148/1169/148 204/1176/204 128/1175/128
vt 0.4320600032806396 0.5267890095710754
f 718/1178/718 851/1171/851 409/1166/409
f 376/1166/376 393/1175/393 375/1178/375
vt 0.4410710036754608 0.5267890095710754
f 175/1175/175 129/1174/129 204/1179/204
f 150/1179/150 196/1178/196 129/1175/129
vt 0.4320600032806396 0.5771520137786865
f 137/1180/137 155/1173/155 49/1171/49
f 958/1171/958 504/1178/504 363/1180/363
vt 0.4410710036754608 0.5771520137786865
f 745/1181/745 724/1180/724 801/1178/801
f 112/1178/112 5/1179/5 178/1181/178
vt 0.4590930044651031 0.4260619878768921
vt 0.4500820040702820 0.4260619878768921
vt 0.4500820040702820 0.3756980001926422
f 115/1182/115 171/1183/171 141/1184/141
vt 0.4590930044651031 0.3756980001926422
f 112/1184/112 178/1185/178 152/1182/152
f 969/1183/969 714/1174/714 959/1177/959
f 187/1177/187 115/1184/115 191/1183/191
vt 0.4500820040702820 0.5267890095710754
f 179/1186/179 178/1179/178 153/1174/153
f 1193/1174/1193 1213/1183/1213 1206/1186/1206
vt 0.4590930044651031 0.5267890095710754
f 179/1183/179 153/1182/153 205/1187/205
f 42/1187/42 263/1186/263 67/1183/67
vt 0.4500820040702820 0.5771520137786865
f 130/1188/130 205/1181/205 153/1179/153
f 130/1179/130 13/1186/13 206/1188/206
vt 0.4590930044651031 0.5771520137786865
f 183/1189/183 112/1188/112 152/1186/152
f 734/1186/734 331/1187/331 786/1189/786
vt 0.4771150052547455 0.4260619878768921
vt 0.4681040048599243 0.4260619878768921
vt 0.4681040048599243 0.3756980001926422
f 130/1190/130 131/1191/131 205/1192/205
vt 0.4771150052547455 0.3756980001926422
f 389/1192/389 365/1193/365 506/1190/506
f 14/1191/14 246/1182/246 266/1185/266
f 282/1185/282 266/1192/266 105/1191/105
vt 0.4771150052547455 0.5267890095710754
f 1219/1191/1219 1220/1190/1220 1287/1194/1287
f 13/1187/13 330/1182/330 281/1191/281
f 206/1194/206 87/1187/87 131/1191/131
vt 0.4951370060443878 0.4260619878768921
vt 0.4861260056495667 0.4260619878768921
vt 0.4861260056495667 0.3756980001926422
f 1215/1195/1215 1202/1196/1202 1212/1197/1212
vt 0.4951370060443878 0.3756980001926422
f 206/1197/206 105/1198/105 87/1195/87
f 246/1196/246 267/1190/267 247/1193/247
f 266/1193/266 247/1197/247 105/1196/105
vt 0.4861260056495667 0.5267890095710754
f 446/1199/446 464/1194/464 566/1190/566
f 247/1190/247 267/1196/267 225/1199/225
vt 0.4951370060443878 0.5267890095710754
f 267/1196/267 303/1195/303 225/1200/225
f 43/1200/43 88/1199/88 247/1196/247
vt 0.4861260056495667 0.5771520137786865
vt 0.4771150052547455 0.5771520137786865
f 43/1201/43 247/1202/247 225/1194/225
f 105/1194/105 88/1199/88 87/1201/87
vt 0.4951370060443878 0.5771520137786865
f 66/1203/66 106/1201/106 88/1199/88
f 43/1199/43 66/1200/66 88/1203/88
vt 0.5131599903106689 0.4260619878768921
vt 0.5041480064392090 0.4260619878768921
vt 0.5041480064392090 0.3756980001926422
f 226/1204/226 318/1205/318 255/1206/255
vt 0.5131599903106689 0.3756980001926422
f 1052/1206/1052 1201/1207/1201 1039/1204/1039
f 272/1205/272 255/1195/255 318/1198/318
f 1244/1198/1244 1252/1206/1252 1236/1205/1236
vt 0.5041480064392090 0.5267890095710754
f 888/1208/888 882/1200/882 893/1195/893
f 227/1195/227 330/1205/330 318/1208/318
vt 0.5131599903106689 0.5267890095710754
f 227/1205/227 318/1204/318 290/1209/290
f 1286/1209/1286 1211/1208/1211 1200/1205/1200
vt 0.5041480064392090 0.5771520137786865
f 227/1210/227 281/1203/281 330/1200/330
f 521/1200/521 491/1208/491 578/1210/578
vt 0.5131599903106689 0.5771520137786865
f 14/1211/14 253/1210/253 236/1208/236
f 553/1208/553 638/1209/638 798/1211/798
vt 0.5323039889335632 0.4260619878768921
vt 0.5227320194244385 0.4260619878768921
vt 0.5227320194244385 0.3756980001926422
f 14/1212/14 281/1213/281 253/1214/253
vt 0.5323039889335632 0.3756980001926422
f 183/1214/183 152/1215/152 160/1212/160
f 169/1213/169 179/1204/179 205/1207/205
f 531/1207/531 629/1214/629 546/1213/546
vt 0.5227320194244385 0.5267890095710754
f 145/1216/145 169/1209/169 205/1204/205
f 992/1204/992 982/1213/982 1251/1216/1251
vt 0.5323039889335632 0.5267890095710754
f 170/1213/170 194/1212/194 143/1217/143
f 145/1217/145 205/1216/205 131/1213/131
vt 0.5227320194244385 0.5771520137786865
f 15/1218/15 246/1211/246 236/1209/236
f 605/1209/605 657/1216/657 342/1218/342
vt 0.5323039889335632 0.5771520137786865
f 445/1219/445 464/1218/464 446/1216/446
f 14/1216/14 236/1217/236 246/1219/246
vt 0.5508319735527039 0.4260619878768921
vt 0.5415679812431335 0.4260619878768921
vt 0.5415679812431335 0.3756980001926422
f 461/1220/461 490/1221/490 622/1222/622
vt 0.5508319735527039 0.3756980001926422
f 267/1222/267 275/1223/275 303/1220/303
f 303/1221/303 307/1212/307 325/1215/325
f 37/1215/37 57/1222/57 98/1221/98
vt 0.5415679812431335 0.5267890095710754
f 37/1224/37 98/1217/98 57/1212/57
f 288/1212/288 303/1221/303 325/1224/325
vt 0.5508319735527039 0.5267890095710754
f 131/1221/131 87/1220/87 63/1225/63
f 145/1225/145 131/1224/131 63/1221/63
vt 0.5415679812431335 0.5771520137786865
f 87/1226/87 106/1219/106 41/1217/41
f 646/1217/646 663/1224/663 656/1226/656
vt 0.5508319735527039 0.5771520137786865
f 1047/1227/1047 1011/1226/1011 1025/1224/1025
f 87/1224/87 41/1225/41 63/1227/63
vt 0.5690619945526123 0.4260619878768921
vt 0.5599470138549805 0.4260619878768921
vt 0.5599470138549805 0.3756980001926422
f 1075/1228/1075 1090/1229/1090 1186/1230/1186
vt 0.5690619945526123 0.3756980001926422
f 1090/1230/1090 1187/1231/1187 1123/1228/1123
f 1098/1229/1098 1086/1220/1086 1164/1223/1164
f 106/1223/106 69/1230/69 41/1229/41
vt 0.5690619945526123 0.5267890095710754
f 427/1229/427 846/1228/846 428/1232/428
f 234/1225/234 225/1220/225 288/1229/288
f 43/1232/43 234/1225/234 55/1229/55
vt 0.5870839953422546 0.4260619878768921
vt 0.5780730247497559 0.4260619878768921
vt 0.5780730247497559 0.3756980001926422
f 1230/1233/1230 1249/1234/1249 1241/1235/1241
vt 0.5870839953422546 0.3756980001926422
f 1230/1235/1230 1189/1236/1189 1141/1233/1141
f 43/1234/43 55/1228/55 66/1231/66
f 1062/1231/1062 1015/1235/1015 1074/1234/1074
vt 0.5780730247497559 0.5267890095710754
f 1062/1237/1062 1074/1232/1074 1015/1228/1015
f 350/1228/350 422/1234/422 677/1237/677
vt 0.5870839953422546 0.5267890095710754
f 66/1234/66 69/1233/69 106/1238/106
f 1028/1238/1028 1073/1237/1073 1013/1234/1013
vt 0.5780730247497559 0.5771520137786865
vt 0.5690619945526123 0.5771520137786865
f 66/1239/66 93/1240/93 69/1232/69
f 66/1232/66 55/1237/55 93/1239/93
vt 0.5870839953422546 0.5771520137786865
f 107/1241/107 89/1239/89 192/1237/192
f 756/1237/756 724/1238/724 796/1241/796
vt 0.6051059961318970 0.4260619878768921
vt 0.5960950255393982 0.4260619878768921
vt 0.5960950255393982 0.3756980001926422
f 107/1242/107 81/1243/81 190/1244/190
vt 0.6051059961318970 0.3756980001926422
f 107/1244/107 75/1245/75 116/1242/116
f 922/1243/922 622/1233/622 527/1236/527
f 107/1236/107 190/1244/190 118/1243/118
vt 0.5960950255393982 0.5267890095710754
f 399/1246/399 381/1238/381 919/1233/919
f 107/1233/107 118/1243/118 75/1246/75
vt 0.6051059961318970 0.5267890095710754
f 107/1243/107 188/1242/188 89/1247/89
f 107/1247/107 116/1246/116 188/1243/188
vt 0.5960950255393982 0.5771520137786865
f 1222/1248/1222 1272/1241/1272 1199/1238/1199
f 89/1238/89 188/1246/188 164/1248/164
vt 0.6051059961318970 0.5771520137786865
f 228/1249/228 302/1248/302 328/1246/328
f 724/1246/724 703/1247/703 839/1249/839
vt 0.6231290102005005 0.4260619878768921
vt 0.6141170263290405 0.4260619878768921
vt 0.6141170263290405 0.3756980001926422
f 846/1250/846 367/1251/367 709/1252/709
vt 0.6231290102005005 0.3756980001926422
f 228/1252/228 304/1253/304 224/1250/224
f 1165/1251/1165 1137/1242/1137 1127/1245/1127
f 1161/1245/1161 1127/1252/1127 1110/1251/1110
vt 0.6141170263290405 0.5267890095710754
f 304/1254/304 245/1247/245 224/1242/224
f 245/1242/245 265/1251/265 224/1254/224
vt 0.6231290102005005 0.5267890095710754
f 67/1251/67 263/1250/263 264/1255/264
f 199/1255/199 196/1254/196 119/1251/119
vt 0.6141170263290405 0.5771520137786865
f 147/1256/147 126/1249/126 202/1247/202
f 151/1247/151 128/1254/128 172/1256/172
vt 0.6231290102005005 0.5771520137786865
f 1140/1257/1140 1157/1256/1157 1156/1254/1156
f 177/1254/177 172/1255/172 200/1257/200
vt 0.6411510109901428 0.4260619878768921
vt 0.6321399807929993 0.4260619878768921
vt 0.6321399807929993 0.3756980001926422
f 128/1258/128 199/1259/199 172/1260/172
vt 0.6411510109901428 0.3756980001926422
f 125/1260/125 207/1261/207 200/1258/200
f 125/1259/125 317/1250/317 207/1253/207
f 1233/1253/1233 986/1260/986 985/1259/985
vt 0.6321399807929993 0.5267890095710754
f 328/1262/328 317/1255/317 315/1250/315
f 228/1250/228 328/1259/328 315/1262/315
vt 0.6411510109901428 0.5267890095710754
f 128/1259/128 129/1258/129 196/1263/196
f 128/1263/128 204/1262/204 129/1259/129
vt 0.6321399807929993 0.5771520137786865
f 302/1264/302 316/1257/316 328/1255/328
f 904/1255/904 909/1262/909 948/1264/948
vt 0.6411510109901428 0.5771520137786865
f 228/1265/228 296/1264/296 218/1262/218
f 228/1262/228 218/1263/218 304/1265/304
vt 0.6501619815826416 0.4260619878768921
f 272/1266/272 6/1258/6 255/1261/255
vt 0.6501619815826416 0.3756980001926422
f 304/1261/304 218/1267/218 245/1266/245
vt 0.6501619815826416 0.5771520137786865
f 1149/1268/1149 1128/1265/1128 1162/1263/1162
vt 0.6501619815826416 0.5267890095710754
f 42/1263/42 67/1269/67 264/1268/264
vt 0.3671459853649139 0.3253349959850311
vt 0.3804199993610382 0.3253349959850311
f 864/1152/864 969/1270/969 878/1271/878
f 42/1271/42 264/1153/264 258/1152/258
vt 0.3671459853649139 0.4008800089359283
f 170/1272/170 143/1270/143 165/1152/165
vt 0.3936940133571625 0.3253349959850311
f 795/1271/795 337/1273/337 743/1160/743
f 1072/1160/1072 1150/1153/1150 1087/1271/1087
vt 0.4069679975509644 0.3253349959850311
vt 0.4202420115470886 0.3253349959850311
f 613/1274/613 519/1275/519 520/1168/520
f 639/1168/639 542/1161/542 558/1274/558
f 290/1273/290 237/1274/237 253/1161/253
f 227/1161/227 290/1160/290 253/1273/253
vt 0.4335159957408905 0.3253349959850311
f 15/1275/15 236/1276/236 275/1176/275
f 1106/1176/1106 1092/1169/1092 1109/1275/1109
f 275/1272/275 321/1152/321 307/1151/307
f 1105/1169/1105 1157/1168/1157 1078/1275/1078
f 857/1176/857 871/1276/871 860/1177/860
vt 0.4467900097370148 0.3253349959850311
f 918/1277/918 518/1184/518 515/1177/515
f 857/1276/857 867/1277/867 871/1177/871
vt 0.4600639939308167 0.3253349959850311
f 484/1277/484 570/1278/570 571/1185/571
f 892/1185/892 900/1184/900 907/1277/907
vt 0.4733380079269409 0.3253349959850311
f 441/1278/441 369/1279/369 854/1192/854
f 923/1192/923 445/1185/445 916/1278/916
vt 0.4866119921207428 0.3253349959850311
vt 0.4998860061168671 0.3253349959850311
f 445/1280/445 463/1281/463 916/1198/916
f 445/1198/445 446/1197/446 463/1280/463
f 533/1279/533 548/1280/548 534/1197/534
f 533/1197/533 534/1193/534 548/1279/548
vt 0.5131599903106689 0.3253349959850311
f 446/1281/446 566/1282/566 479/1207/479
f 787/1207/787 735/1206/735 736/1281/736
f 1258/1281/1258 1251/1206/1251 1260/1198/1260
f 685/1193/685 462/1192/462 424/1279/424
vt 0.3671459853649139 0.5519710183143616
vt 0.3671459853649139 0.4764249920845032
f 310/1156/310 324/1283/324 311/1284/311
f 465/1272/465 461/1151/461 444/1284/444
f 990/1151/990 1231/1156/1231 983/1284/983
f 1233/1150/1233 985/1157/985 990/1156/990
f 566/1156/566 515/1151/515 480/1150/480
f 775/1283/775 340/1156/340 776/1155/776
vt 0.3671459853649139 0.6275159716606140
f 1251/1285/1251 1263/1283/1263 1260/1155/1260
vt 0.3896099925041199 0.6275159716606140
f 610/1286/610 481/1285/481 515/1155/515
f 567/1155/567 481/1154/481 610/1286/610
f 1116/1164/1116 1177/1286/1177 1126/1154/1126
vt 0.4120729863643646 0.6275159716606140
f 706/1287/706 498/1286/498 356/1164/356
f 706/1164/706 843/1165/843 708/1287/708
f 498/1173/498 686/1287/686 379/1172/379
f 706/1165/706 708/1172/708 844/1287/844
vt 0.4345369935035706 0.6275159716606140
f 498/1288/498 844/1173/844 357/1180/357
f 122/1288/122 167/1180/167 193/1181/193
f 1166/1189/1166 1072/1187/1072 1184/1194/1184
f 498/1194/498 379/1202/379 707/1189/707
vt 0.4570010006427765 0.6275159716606140
f 961/1289/961 966/1188/966 954/1189/954
f 914/1288/914 909/1181/909 902/1188/902
f 1192/1288/1192 1212/1188/1212 1274/1289/1274
vt 0.4794639945030212 0.6275159716606140
f 568/1189/568 917/1202/917 466/1290/466
f 268/1290/268 229/1289/229 231/1189/231
f 568/1290/568 482/1202/482 516/1201/516
vt 0.5019279718399048 0.6275159716606140
f 1101/1291/1101 1166/1290/1166 1121/1201/1121
f 611/1201/611 516/1203/516 517/1291/517
f 568/1211/568 516/1291/516 611/1210/611
f 568/1203/568 611/1210/611 917/1291/917
f 379/1287/379 709/1173/709 400/1288/400
f 568/1214/568 358/1207/358 482/1282/482
vt 0.5264329910278320 0.3253349959850311
f 379/1282/379 400/1292/400 381/1214/381
f 439/1292/439 382/1215/382 701/1214/701
vt 0.5397070050239563 0.3253349959850311
f 1191/1292/1191 1275/1293/1275 1202/1222/1202
f 358/1222/358 845/1215/845 359/1292/359
vt 0.5529810190200806 0.3253349959850311
vt 0.5662549734115601 0.3253349959850311
f 358/1294/358 425/1295/425 845/1230/845
f 568/1230/568 466/1223/466 425/1294/425
f 380/1293/380 688/1294/688 360/1223/360
f 699/1223/699 401/1222/401 439/1293/439
vt 0.5795289874076843 0.3253349959850311
f 708/1295/708 845/1296/845 360/1235/360
f 209/1235/209 284/1231/284 283/1295/283
f 905/1295/905 910/1231/910 933/1230/933
f 1125/1296/1125 1285/1236/1285 1151/1235/1151
vt 0.5928030014038086 0.3253349959850311
f 360/1236/360 427/1296/427 428/1297/428
vt 0.6060770153999329 0.3253349959850311
f 400/1297/400 709/1298/709 710/1245/710
f 428/1245/428 846/1244/846 709/1297/709
f 611/1236/611 518/1297/518 918/1244/918
vt 0.6193510293960571 0.3253349959850311
f 400/1298/400 710/1299/710 518/1252/518
f 1258/1252/1258 1249/1245/1249 1257/1298/1257
vt 0.6326249837875366 0.3253349959850311
vt 0.6458989977836609 0.3253349959850311
f 435/1300/435 853/1301/853 369/1261/369
f 400/1261/400 919/1260/919 381/1300/381
f 701/1299/701 920/1300/920 925/1260/925
f 611/1260/611 919/1253/919 400/1299/400
vt 0.6591730117797852 0.3253349959850311
f 930/1302/930 931/1267/931 908/1301/908
f 930/1253/930 909/1252/909 931/1299/931
f 930/1301/930 943/1267/943 909/1261/909
vt 0.6591730117797852 0.4008800089359283
f 849/1303/849 492/1266/492 579/1267/579
f 71/1303/71 62/1267/62 84/1302/84
vt 0.5243909955024719 0.6275159716606140
f 909/1304/909 944/1211/944 902/1218/902
f 898/1304/898 895/1218/895 899/1219/899
f 930/1227/930 900/1225/900 943/1232/943
f 943/1232/943 900/1240/900 881/1227/881
vt 0.5468549728393555 0.6275159716606140
f 943/1305/943 881/1226/881 887/1227/887
f 943/1305/943 887/1219/887 932/1226/932
f 76/1304/76 187/1219/187 95/1305/95
vt 0.5693190097808838 0.6275159716606140
f 857/1227/857 932/1240/932 887/1306/887
f 944/1306/944 872/1305/872 902/1227/902
vt 0.5917819738388062 0.6275159716606140
f 980/1307/980 1240/1239/1240 1247/1241/1247
f 902/1239/902 872/1307/872 953/1306/953
f 943/1307/943 872/1241/872 944/1248/944
f 886/1240/886 881/1239/881 892/1306/892
f 1075/1291/1075 1187/1211/1187 1090/1304/1090
vt 0.6142460107803345 0.6275159716606140
f 962/1308/962 954/1307/954 966/1248/966
f 973/1248/973 962/1249/962 972/1308/972
vt 0.6591730117797852 0.4764249920845032
f 973/1269/973 897/1266/897 962/1309/962
f 989/1303/989 978/1309/978 1244/1266/1244
vt 0.6591730117797852 0.5519710183143616
f 973/1309/973 964/1310/964 897/1269/897
f 973/1266/973 894/1269/894 964/1263/964
f 897/1263/897 858/1258/858 888/1266/888
f 894/1269/894 899/1310/899 974/1268/974
f 964/1308/964 868/1256/868 858/1257/858
vt 0.6367089748382568 0.6275159716606140
f 89/1264/89 34/1311/34 98/1257/98
f 964/1308/964 974/1257/974 868/1311/868
f 996/1249/996 1261/1256/1261 1263/1308/1263
f 883/1311/883 889/1265/889 884/1268/884
vt 0.6591730117797852 0.6275159716606140
f 438/1268/438 699/1312/699 700/1311/700
f 883/1312/883 884/1268/884 890/1310/890
f 899/1264/899 895/1265/895 889/1311/889
vt 0.3985399901866913 0.9170749783515930
vt 0.3831000030040741 0.8723530173301697
vt 0.3831000030040741 0.9170749783515930
f 410/1313/410 690/1314/690 383/1315/383
vt 0.4137310087680817 0.9170749783515930
vt 0.3985399901866913 0.8723530173301697
f 356/1316/356 621/1317/621 516/1313/516
vt 0.4287500083446503 0.9170749783515930
vt 0.4137310087680817 0.8723530173301697
f 198/1318/198 121/1319/121 168/1316/168
vt 0.4437679946422577 0.9170749783515930
vt 0.4287500083446503 0.8723530173301697
f 895/1320/895 884/1321/884 889/1318/889
vt 0.4587869942188263 0.9170749783515930
vt 0.4437679946422577 0.8723530173301697
f 426/1322/426 922/1323/922 405/1320/405
vt 0.4738050103187561 0.9170749783515930
vt 0.4587869942188263 0.8723530173301697
f 899/1324/899 889/1325/889 869/1322/869
vt 0.4888240098953247 0.9170749783515930
vt 0.4738050103187561 0.8723530173301697
f 1003/1326/1003 1000/1327/1000 1221/1324/1221
vt 0.5047770142555237 0.9170749783515930
vt 0.4888240098953247 0.8723530173301697
f 1061/1328/1061 1025/1329/1025 1009/1326/1009
vt 0.5202180147171021 0.9170749783515930
vt 0.5047770142555237 0.8723530173301697
f 889/1330/889 859/1331/859 869/1328/869
vt 0.5354089736938477 0.9170749783515930
vt 0.5202180147171021 0.8723530173301697
f 982/1332/982 1263/1333/1263 1251/1330/1251
vt 0.5504279732704163 0.9170749783515930
vt 0.5354089736938477 0.8723530173301697
f 974/1334/974 975/1335/975 868/1332/868
vt 0.5654460191726685 0.9170749783515930
vt 0.5504279732704163 0.8723530173301697
f 869/1336/869 965/1337/965 975/1334/975
vt 0.5804650187492371 0.9170749783515930
vt 0.5654460191726685 0.8723530173301697
f 873/1338/873 934/1339/934 946/1336/946
vt 0.5954830050468445 0.9170749783515930
vt 0.5804650187492371 0.8723530173301697
f 869/1340/869 859/1341/859 965/1338/965
vt 0.3671459853649139 0.9319829940795898
vt 0.3671459853649139 0.9021679759025574
f 885/1342/885 934/1315/934 891/1343/891
f 885/1314/885 945/1343/945 934/1315/934
vt 0.4077050089836121 0.9617969989776611
f 712/1344/712 500/1316/500 361/1313/361
vt 0.4279850125312805 0.9617969989776611
vt 0.4482649862766266 0.9617969989776611
f 883/1318/883 890/1345/890 891/1346/891
f 885/1346/885 891/1320/891 890/1318/890
f 195/1346/195 194/1322/194 121/1320/121
f 1016/1316/1016 1060/1344/1060 1033/1345/1033
f 294/1345/294 249/1318/249 229/1316/229
vt 0.3874259889125824 0.9617969989776611
f 870/1347/870 891/1313/891 873/1315/873
vt 0.3671459853649139 0.9617969989776611
f 976/1347/976 965/1342/965 859/1348/859
f 862/1315/862 936/1342/936 875/1347/875
f 870/1313/870 976/1347/976 859/1344/859
vt 0.4888240098953247 0.9617969989776611
f 578/1349/578 712/1326/712 361/1324/361
vt 0.4685440063476562 0.9617969989776611
f 288/1324/288 325/1350/325 213/1349/213
f 325/1350/325 312/1322/312 295/1346/295
f 870/1350/870 955/1324/955 976/1322/976
vt 0.5091040134429932 0.9617969989776611
f 970/1351/970 953/1330/953 872/1328/872
vt 0.5293830037117004 0.9617969989776611
vt 0.5496630072593689 0.9617969989776611
f 870/1332/870 873/1352/873 955/1353/955
f 945/1353/945 946/1334/946 934/1332/934
f 945/1352/945 935/1332/935 946/1330/946
vt 0.6105020046234131 0.9021679759025574
vt 0.5954830050468445 0.8723530173301697
f 904/1354/904 901/1355/901 931/1340/931
vt 0.5699430108070374 0.9617969989776611
f 946/1356/946 874/1338/874 862/1336/862
f 946/1334/946 862/1353/862 874/1356/874
f 873/1356/873 967/1336/967 955/1334/955
f 873/1351/873 862/1328/862 967/1326/967
f 857/1326/857 972/1349/972 867/1351/867
f 880/1351/880 886/1352/886 895/1330/895
vt 0.6105020046234131 0.9617969989776611
vt 0.6105020046234131 0.9319829940795898
f 880/1357/880 895/1358/895 898/1340/898
f 7/1354/7 273/1340/273 184/1358/184
vt 0.5902220010757446 0.9617969989776611
f 329/1359/329 178/1338/178 5/1356/5
f 483/1340/483 612/1359/612 525/1357/525
f 903/1338/903 954/1359/954 910/1340/910
vt 0.0172470007091761 0.0399499982595444
vt 0.0172470007091761 0.0205400008708239
vt 0.0259199999272823 0.0205400008708239
f 862/1360/862 875/1361/875 956/1362/956
vt 0.0259199999272823 0.0399499982595444
f 903/1362/903 910/1363/910 954/1360/954
vt 0.0086230002343655 0.0399499982595444
vt 0.0086230002343655 0.0205400008708239
f 429/1364/429 933/1365/933 448/1361/448
f 617/1361/617 523/1360/523 488/1364/488
vt 0.0172470007091761 0.0593609996140003
f 1105/1366/1105 1108/1360/1108 1171/1363/1171
vt 0.0259199999272823 0.0593609996140003
f 448/1363/448 933/1367/933 882/1366/882
vt 0.0086230002343655 0.0593609996140003
f 467/1368/467 882/1364/882 888/1360/888
f 467/1360/467 888/1366/888 858/1368/858
vt 0.0172470007091761 0.0787720009684563
f 467/1369/467 858/1366/858 569/1367/569
vt 0.0259199999272823 0.0787720009684563
f 62/1367/62 99/1370/99 84/1369/84
vt 0.0086230002343655 0.0787720009684563
f 569/1371/569 858/1368/858 483/1366/483
f 886/1366/886 896/1369/896 884/1371/884
vt 0.0172470007091761 0.0977680012583733
f 707/1372/707 379/1369/379 399/1370/399
vt 0.0259199999272823 0.0977680012583733
f 1223/1370/1223 1273/1373/1273 1224/1372/1224
vt 0.0086230002343655 0.0977680012583733
f 884/1374/884 896/1371/896 890/1369/890
f 885/1369/885 892/1372/892 945/1374/945
vt 0.0172470007091761 0.1166480034589767
f 950/1375/950 940/1372/940 951/1373/951
vt 0.0259199999272823 0.1166480034589767
f 885/1373/885 890/1376/890 892/1375/892
vt 0.0086230002343655 0.1166480034589767
f 945/1377/945 907/1374/907 901/1372/901
f 945/1372/945 901/1375/901 935/1377/935
vt 0.0172470007091761 0.1355279982089996
f 612/1378/612 868/1375/868 975/1376/975
vt 0.0259199999272823 0.1355279982089996
f 1242/1376/1242 1188/1379/1188 1236/1378/1236
vt 0.0086230002343655 0.1355279982089996
f 976/1380/976 499/1377/499 612/1375/612
f 976/1375/976 955/1378/955 499/1380/499
vt 0.0172470007091761 0.1544090062379837
f 967/1381/967 862/1378/862 874/1379/874
vt 0.0259199999272823 0.1544090062379837
f 967/1379/967 874/1382/874 862/1381/862
vt 0.0086230002343655 0.1544090062379837
f 873/1383/873 946/1380/946 862/1378/862
f 450/1378/450 469/1381/469 451/1383/451
vt 0.0172470007091761 0.1732890009880066
f 469/1384/469 470/1381/470 451/1382/451
vt 0.0259199999272823 0.1732890009880066
f 470/1382/470 452/1385/452 471/1384/471
vt 0.0086230002343655 0.1732890009880066
f 410/1386/410 383/1383/383 437/1381/437
f 452/1381/452 472/1384/472 453/1386/453
vt 0.0172470007091761 0.1921699941158295
f 383/1387/383 430/1384/430 689/1385/689
vt 0.0259199999272823 0.1921699941158295
f 453/1385/453 472/1388/472 484/1387/484
vt 0.0086230002343655 0.1921699941158295
f 567/1389/567 449/1386/449 468/1384/468
f 1190/1384/1190 1158/1387/1158 1141/1389/1141
vt 0.0172470007091761 0.2110500037670135
f 679/1390/679 417/1387/417 682/1388/682
vt 0.0259199999272823 0.2110500037670135
f 472/1388/472 570/1391/570 484/1390/484
vt 0.0086230002343655 0.2110500037670135
f 1142/1392/1142 1150/1389/1150 1119/1387/1119
f 485/1387/485 519/1390/519 613/1392/613
vt 0.0172470007091761 0.2299309968948364
f 907/1393/907 901/1390/901 908/1391/908
vt 0.0259199999272823 0.2299309968948364
f 907/1391/907 908/1394/908 901/1393/901
vt 0.0086230002343655 0.2299309968948364
f 519/1395/519 614/1392/614 520/1390/520
f 520/1390/520 614/1393/614 615/1395/615
vt 0.0172470007091761 0.2498629987239838
f 521/1396/521 578/1393/578 486/1394/486
vt 0.0259199999272823 0.2498629987239838
f 615/1394/615 521/1397/521 572/1396/572
vt 0.0086230002343655 0.2498629987239838
f 521/1398/521 486/1395/486 572/1393/572
f 486/1393/486 361/1396/361 847/1398/847
vt 0.0172470007091761 0.2676909863948822
f 361/1399/361 848/1396/848 362/1397/362
vt 0.0259199999272823 0.2676909863948822
f 1015/1397/1015 1032/1400/1032 1074/1399/1074
vt 0.0086230002343655 0.2676909863948822
f 362/1401/362 848/1398/848 487/1396/487
f 1170/1396/1170 1092/1399/1092 1079/1401/1079
vt 0.0172470007091761 0.2882309854030609
f 487/1402/487 573/1399/573 574/1400/574
vt 0.0259199999272823 0.2882309854030609
f 500/1400/500 617/1403/617 573/1402/573
vt 0.0086230002343655 0.2882309854030609
f 573/1404/573 488/1401/488 574/1399/574
f 235/1399/235 7/1402/7 114/1404/114
vt 0.0172470007091761 0.3076420128345490
f 1000/1405/1000 1226/1402/1226 1221/1403/1221
vt 0.0259199999272823 0.3076420128345490
f 999/1403/999 1000/1406/1000 1003/1405/1003
vt 0.0086230002343655 0.3076420128345490
f 575/1407/575 490/1404/490 576/1402/576
f 53/1402/53 161/1405/161 28/1407/28
vt 0.0172470007091761 0.3270530104637146
f 981/1408/981 1234/1405/1234 993/1406/993
vt 0.0259199999272823 0.3270530104637146
f 819/1406/819 346/1409/346 780/1408/780
vt 0.0086230002343655 0.3270530104637146
f 469/1410/469 926/1407/926 927/1405/927
f 469/1405/469 920/1408/920 926/1410/926
vt 0.0172470007091761 0.3464629948139191
f 470/1411/470 927/1408/927 921/1409/921
vt 0.0259199999272823 0.3464629948139191
f 470/1409/470 921/1412/921 452/1411/452
vt 0.0086230002343655 0.3464629948139191
f 570/1413/570 928/1410/928 522/1408/522
f 241/1408/241 11/1411/11 278/1413/278
vt 0.0172470007091761 0.3654589951038361
f 485/1414/485 522/1411/522 616/1412/616
vt 0.0259199999272823 0.3654589951038361
f 485/1412/485 616/1415/616 577/1414/577
vt 0.0086230002343655 0.3654589951038361
f 512/1416/512 494/1413/494 511/1411/511
f 512/1411/512 511/1414/511 494/1416/494
vt 0.0172470007091761 0.3843390047550201
f 472/1417/472 921/1414/921 928/1415/928
vt 0.0259199999272823 0.3843390047550201
f 809/1415/809 808/1418/808 829/1417/829
vt 0.0086230002343655 0.3843390047550201
f 485/1419/485 577/1416/577 519/1414/519
f 1039/1414/1039 1275/1417/1275 1191/1419/1191
vt 0.0172470007091761 0.4032199978828430
f 1153/1420/1153 1184/1417/1184 1183/1418/1183
vt 0.0259199999272823 0.4032199978828430
f 1087/1418/1087 1182/1421/1182 1152/1420/1152
vt 0.0086230002343655 0.4032199978828430
f 567/1422/567 468/1419/468 481/1417/481
f 450/1417/450 515/1420/515 481/1422/481
vt 0.0172470007091761 0.4221000075340271
f 451/1423/451 566/1420/566 480/1421/480
vt 0.0259199999272823 0.4221000075340271
f 471/1421/471 453/1424/453 566/1423/566
vt 0.0086230002343655 0.4221000075340271
f 453/1425/453 479/1422/479 566/1420/566
f 484/1420/484 463/1423/463 446/1425/446
vt 0.0172470007091761 0.4409810006618500
f 653/1426/653 547/1423/547 587/1424/587
vt 0.0259199999272823 0.4409810006618500
f 852/1424/852 433/1427/433 716/1426/716
vt 0.0086230002343655 0.4409810006618500
f 571/1428/571 916/1425/916 463/1423/463
f 171/1423/171 200/1426/200 199/1428/199
vt 0.0172470007091761 0.4598610103130341
f 519/1429/519 491/1426/491 614/1427/614
vt 0.0259199999272823 0.4598610103130341
f 405/1427/405 922/1430/922 385/1429/385
vt 0.0086230002343655 0.4598610103130341
f 500/1431/500 848/1428/848 361/1426/361
f 523/1426/523 618/1429/618 490/1431/490
vt 0.0172470007091761 0.4787409901618958
f 1246/1432/1246 1255/1429/1255 1239/1430/1239
vt 0.0259199999272823 0.4787409901618958
f 618/1430/618 524/1433/524 490/1432/490
vt 0.0086230002343655 0.4787409901618958
f 69/1434/69 108/1431/108 155/1429/155
f 617/1429/617 488/1432/488 573/1434/573
vt 0.0172470007091761 0.4976220130920410
f 1003/1435/1003 997/1432/997 1224/1433/1224
vt 0.0259199999272823 0.4976220130920410
f 366/1433/366 693/1436/693 694/1435/694
vt 0.0086230002343655 0.4976220130920410
f 500/1437/500 573/1434/573 848/1432/848
f 572/1432/572 847/1435/847 462/1437/462
vt 0.0172470007091761 0.5175539851188660
f 1168/1438/1168 1209/1435/1209 1120/1436/1120
vt 0.0259199999272823 0.5175539851188660
f 615/1436/615 572/1439/572 462/1438/462
vt 0.0086230002343655 0.5175539851188660
f 424/1440/424 847/1437/847 362/1435/362
f 420/1435/420 352/1438/352 678/1440/678
vt 0.0262000001966953 0.0000000000000000
vt 0.0349330008029938 0.0000000000000000
vt 0.0349330008029938 0.0162240006029606
f 520/1441/520 615/1442/615 915/1443/915
vt 0.0349330008029938 0.0324469991028309
vt 0.0349330008029938 0.0486709997057915
f 1260/1363/1260 1264/1444/1264 1271/1445/1271
f 520/1443/520 923/1444/923 916/1363/916
f 516/1363/516 621/1362/621 517/1443/517
vt 0.0349330008029938 0.0648949965834618
vt 0.0349330008029938 0.0811190009117126
f 424/1446/424 462/1447/462 847/1370/847
f 465/1370/465 487/1367/487 574/1446/574
vt 0.0349330008029938 0.0973419994115829
vt 0.0349330008029938 0.1135659962892532
f 465/1448/465 444/1449/444 487/1376/487
f 447/1376/447 574/1373/574 489/1448/489
f 444/1447/444 685/1448/685 487/1373/487
f 461/1373/461 489/1370/489 576/1447/576
f 614/1367/614 521/1445/521 615/1446/615
vt 0.0174659993499517 0.0000000000000000
f 461/1450/461 576/1441/576 490/1362/490
f 619/1362/619 928/1361/928 921/1450/921
f 569/1362/569 483/1441/483 619/1443/619
f 1093/1367/1093 1160/1363/1160 1086/1445/1086
vt 0.0349330008029938 0.1297899931669235
f 454/1449/454 921/1451/921 927/1379/927
f 619/1379/619 616/1376/616 522/1449/522
vt 0.0349330008029938 0.1460130065679550
f 525/1379/525 577/1451/577 616/1452/616
vt 0.0349330008029938 0.1622370034456253
vt 0.0349330008029938 0.1784610003232956
f 619/1453/619 522/1454/522 928/1385/928
f 302/1385/302 261/1382/261 243/1453/243
f 619/1382/619 525/1452/525 616/1453/616
vt 0.0349330008029938 0.1946849972009659
vt 0.0349330008029938 0.2109079957008362
f 454/1455/454 926/1456/926 920/1391/920
f 454/1391/454 927/1388/927 926/1455/926
vt 0.0349330008029938 0.2271319925785065
vt 0.0349330008029938 0.2433560043573380
f 429/1457/429 454/1458/454 920/1397/920
f 429/1397/429 448/1394/448 454/1457/454
f 448/1456/448 467/1457/467 454/1394/454
f 467/1394/467 619/1391/619 454/1456/454
f 491/1454/491 577/1455/577 525/1388/525
f 612/1388/612 620/1385/620 525/1454/525
f 578/1382/578 620/1379/620 712/1452/712
f 578/1400/578 525/1397/525 620/1458/620
vt 0.0349330008029938 0.2595790028572083
f 612/1458/612 500/1459/500 620/1400/620
vt 0.0349330008029938 0.2758029997348785
f 499/1400/499 711/1459/711 849/1460/849
vt 0.0087329996749759 0.0000000000000000
f 500/1361/500 849/1365/849 523/1461/523
f 499/1461/499 849/1450/849 500/1361/500
vt 0.0000000000000000 0.0422669984400272
f 429/1365/429 920/1364/920 382/1462/382
vt 0.0000000000000000 0.0281780008226633
f 272/1462/272 5/1463/5 6/1365/6
vt 0.0000000000000000 0.0140890004113317
f 1125/1464/1125 1207/1461/1207 1120/1365/1120
vt 0.0000000000000000 0.0704450011253357
f 34/1368/34 97/1371/97 33/1465/33
vt 0.0000000000000000 0.0563560016453266
f 429/1465/429 401/1466/401 383/1368/383
vt 0.0000000000000000 0.1127120032906532
f 1013/1374/1013 1196/1377/1196 1027/1467/1027
vt 0.0000000000000000 0.0986230000853539
f 1120/1467/1120 1207/1468/1207 1136/1374/1136
f 29/1371/29 161/1374/161 139/1468/139
vt 0.0000000000000000 0.0845339968800545
f 879/1468/879 913/1469/913 941/1371/941
f 402/1364/402 403/1368/403 430/1466/430
f 157/1466/157 70/1462/70 182/1364/182
vt 0.0000000000000000 0.0000000000000000
f 946/1461/946 935/1464/935 874/1470/874
f 946/1463/946 874/1464/874 935/1365/935
f 429/1469/429 383/1465/383 689/1371/689
vt 0.0000000000000000 0.1268009990453720
f 402/1467/402 714/1377/714 403/1471/403
vt 0.0000000000000000 0.1408900022506714
f 284/1472/284 310/1471/310 208/1380/208
vt 0.0000000000000000 0.1690679937601089
f 756/1383/756 732/1386/732 801/1473/801
vt 0.0000000000000000 0.1549790054559708
f 970/1473/970 961/1474/961 971/1383/971
f 402/1380/402 502/1383/502 501/1474/501
f 52/1474/52 26/1472/26 51/1380/51
f 402/1377/402 713/1380/713 502/1471/502
vt 0.0000000000000000 0.1831569969654083
f 912/1386/912 942/1389/942 430/1475/430
f 849/1475/849 503/1473/503 363/1386/363
vt 0.0000000000000000 0.2254240065813065
f 864/1392/864 941/1395/941 912/1476/912
vt 0.0000000000000000 0.2113350033760071
f 618/1476/618 849/1477/849 579/1392/579
f 849/1389/849 364/1392/364 492/1477/492
vt 0.0000000000000000 0.1972460001707077
f 1041/1477/1041 1283/1478/1283 1208/1389/1208
vt 0.0000000000000000 0.2536019980907440
f 104/1395/104 327/1398/327 299/1479/299
vt 0.0000000000000000 0.2395129948854446
f 711/1479/711 503/1480/503 849/1395/849
f 1139/1395/1139 1138/1480/1138 1153/1476/1153
f 1163/1478/1163 1131/1475/1131 1115/1389/1115
vt 0.0000000000000000 0.2676909863948822
f 917/1398/917 611/1401/611 924/1481/924
f 501/1481/501 384/1479/384 404/1398/404
vt 0.0349330008029938 0.2920269966125488
f 850/1403/850 505/1460/505 365/1482/365
vt 0.0349330008029938 0.3082509934902191
vt 0.0349330008029938 0.3244740068912506
f 918/1483/918 464/1484/464 924/1409/924
f 863/1409/863 878/1406/878 959/1483/959
f 924/1482/924 464/1483/464 445/1406/445
f 11/1406/11 257/1403/257 280/1482/280
vt 0.0349330008029938 0.3406980037689209
vt 0.0349330008029938 0.3569220006465912
f 1026/1412/1026 1195/1485/1195 1216/1486/1216
vt 0.0349330008029938 0.3731450140476227
vt 0.0349330008029938 0.3893690109252930
f 282/1487/282 13/1488/13 281/1418/281
f 426/1418/426 692/1415/692 461/1487/461
f 710/1415/710 505/1486/505 850/1487/850
f 693/1484/693 433/1485/433 852/1412/852
f 918/1412/918 566/1409/566 464/1484/464
vt 0.0349330008029938 0.4055930078029633
f 496/1424/496 702/1421/702 378/1489/378
vt 0.0349330008029938 0.4218170046806335
f 918/1489/918 515/1490/515 566/1424/566
f 567/1421/567 610/1418/610 710/1488/710
f 923/1488/923 455/1489/455 445/1421/445
f 917/1486/917 455/1415/455 466/1412/466
vt 0.0349330008029938 0.4380399882793427
vt 0.0349330008029938 0.4542639851570129
f 466/1491/466 455/1492/455 462/1430/462
f 685/1430/685 692/1427/692 462/1491/462
vt 0.0349330008029938 0.4867120087146759
vt 0.0349330008029938 0.4704880118370056
f 466/1493/466 462/1433/462 425/1494/425
f 425/1494/425 462/1430/462 692/1492/692
vt 0.0349330008029938 0.5029349923133850
vt 0.0349330008029938 0.5191590189933777
f 1083/1495/1083 1082/1496/1082 1179/1439/1179
f 427/1439/427 366/1436/366 846/1495/846
vt 0.0349330008029938 0.5353829860687256
vt 0.0262000001966953 0.5353829860687256
f 505/1496/505 506/1497/506 365/1498/365
f 851/1493/851 506/1495/506 367/1436/367
f 986/1436/986 1238/1433/1238 1232/1493/1232
f 7/1496/7 184/1498/184 114/1439/114
f 1272/1427/1272 1286/1424/1286 1199/1490/1199
f 795/1490/795 794/1491/794 742/1427/742
f 366/1494/366 851/1433/851 367/1430/367
vt 0.0174659993499517 0.5353829860687256
vt 0.0087329996749759 0.5353829860687256
f 567/1499/567 710/1500/710 850/1440/850
f 505/1440/505 367/1438/367 506/1499/506
f 833/1438/833 343/1439/343 817/1498/817
f 524/1498/524 526/1499/526 490/1438/490
vt 0.0000000000000000 0.2817800045013428
f 870/1501/870 883/1481/883 891/1401/891
f 967/1401/967 956/1404/956 503/1501/503
vt 0.0000000000000000 0.3099580109119415
f 427/1404/427 693/1407/693 366/1502/366
vt 0.0000000000000000 0.2958689928054810
f 122/1502/122 193/1503/193 120/1404/120
vt 0.0000000000000000 0.3240469992160797
f 380/1407/380 433/1410/433 688/1504/688
f 693/1504/693 368/1502/368 694/1407/694
vt 0.0000000000000000 0.3663139939308167
f 433/1413/433 406/1416/406 716/1505/716
vt 0.0000000000000000 0.3522250056266785
f 532/1505/532 625/1506/625 543/1413/543
vt 0.0000000000000000 0.3381359875202179
f 379/1410/379 381/1413/381 399/1507/399
f 843/1507/843 358/1504/358 359/1410/359
vt 0.0000000000000000 0.3804030120372772
f 843/1416/843 359/1419/359 708/1508/708
f 517/1508/517 621/1505/621 919/1416/919
f 622/1404/622 526/1503/526 527/1501/527
f 272/1413/272 329/1506/329 5/1507/5
vt 0.0000000000000000 0.3944920003414154
f 527/1419/527 623/1509/623 507/1508/507
f 618/1509/618 526/1419/526 524/1422/524
vt 0.0000000000000000 0.4226709902286530
f 717/1422/717 407/1425/407 386/1510/386
vt 0.0000000000000000 0.4085809886455536
f 853/1510/853 502/1511/502 370/1422/370
vt 0.0000000000000000 0.4367600083351135
f 386/1425/386 407/1428/407 408/1512/408
f 407/1512/407 387/1510/387 408/1425/408
f 408/1509/408 387/1422/387 434/1511/434
vt 0.0000000000000000 0.4508489966392517
f 570/1428/570 522/1431/522 485/1513/485
f 696/1513/696 434/1512/434 695/1428/695
vt 0.0000000000000000 0.4931159913539886
f 696/1434/696 435/1437/435 369/1514/369
vt 0.0000000000000000 0.4790270030498505
f 369/1514/369 853/1515/853 854/1434/854
f 1181/1431/1181 1157/1434/1157 1180/1515/1180
vt 0.0000000000000000 0.4649380147457123
f 854/1515/854 370/1516/370 436/1431/436
vt 0.0000000000000000 0.5212939977645874
f 697/1437/697 388/1440/388 409/1517/409
vt 0.0000000000000000 0.5072050094604492
f 388/1517/388 410/1518/410 389/1437/389
f 376/1431/376 378/1516/378 393/1513/393
f 389/1500/389 410/1517/410 698/1440/698
f 410/1518/410 437/1514/437 698/1437/698
vt 0.0000000000000000 0.5353829860687256
f 584/1517/584 547/1500/547 627/1519/627
f 698/1460/698 437/1403/437 438/1400/438
vt 0.3861939907073975 0.8572980165481567
vt 0.3671459853649139 0.8532559871673584
vt 0.3816739916801453 0.8532559871673584
f 437/1520/437 699/1521/699 438/1522/438
vt 0.3962019979953766 0.8532559871673584
f 700/1520/700 439/1522/439 440/1523/440
vt 0.4227679967880249 0.8572980165481567
f 439/1524/439 701/1520/701 440/1523/440
vt 0.4107300043106079 0.8532559871673584
f 618/1523/618 579/1525/579 526/1524/526
vt 0.4406999945640564 0.8572980165481567
vt 0.4252580106258392 0.8532559871673584
f 622/1526/622 490/1524/490 526/1527/526
vt 0.4397870004177094 0.8532559871673584
f 652/1527/652 665/1528/665 664/1526/664
f 492/1525/492 623/1527/623 526/1524/526
vt 0.4067679941654205 0.8613399863243103
f 1084/1520/1084 1089/1524/1089 1032/1529/1032
vt 0.3935610055923462 0.8613399863243103
f 432/1529/432 387/1530/387 407/1520/407
vt 0.3671459853649139 0.8613399863243103
f 404/1531/404 695/1521/695 432/1520/432
vt 0.4543150067329407 0.8532559871673584
vt 0.4586319923400879 0.8572980165481567
f 435/1528/435 404/1532/404 384/1533/384
f 435/1533/435 384/1526/384 502/1528/502
vt 0.4688430130481720 0.8532559871673584
vt 0.4833709895610809 0.8532559871673584
vt 0.4765639901161194 0.8572980165481567
f 856/1534/856 698/1535/698 438/1536/438
f 379/1533/379 428/1532/428 709/1534/709
vt 0.4978989958763123 0.8532559871673584
vt 0.4944950044155121 0.8572980165481567
f 432/1535/432 695/1537/695 387/1538/387
f 435/1538/435 502/1536/502 853/1535/853
vt 0.5124269723892212 0.8532559871673584
vt 0.5124269723892212 0.8572980165481567
f 385/1537/385 507/1539/507 386/1540/386
f 531/1540/531 723/1538/723 586/1537/586
vt 0.4331830143928528 0.8613399863243103
f 385/1524/385 527/1526/527 507/1541/507
vt 0.4199759960174561 0.8613399863243103
f 508/1541/508 385/1542/385 386/1524/386
vt 0.3803530037403107 0.8613399863243103
f 1072/1543/1072 1087/1531/1087 1184/1520/1184
f 508/1530/508 386/1543/386 716/1520/716
f 852/1542/852 408/1529/408 434/1524/434
vt 0.4463900029659271 0.8613399863243103
f 696/1544/696 855/1541/855 434/1526/434
vt 0.4728049933910370 0.8613399863243103
f 855/1533/855 852/1536/852 434/1545/434
vt 0.4595980048179626 0.8613399863243103
f 696/1545/696 694/1546/694 368/1533/368
f 370/1534/370 502/1536/502 713/1533/713
vt 0.5124269723892212 0.8613399863243103
f 1190/1538/1190 1188/1540/1188 1158/1547/1158
vt 0.4992200136184692 0.8613399863243103
f 273/1547/273 5/1548/5 184/1538/184
vt 0.4860120117664337 0.8613399863243103
f 697/1536/697 402/1538/402 388/1549/388
f 283/1549/283 235/1545/235 74/1536/74
f 388/1538/388 431/1548/431 410/1549/410
f 968/1546/968 959/1544/959 501/1526/501
f 437/1526/437 383/1533/383 401/1546/401
vt 0.5269550085067749 0.8532559871673584
vt 0.5314750075340271 0.8572980165481567
f 250/1539/250 231/1550/231 249/1551/249
f 531/1551/531 586/1540/586 629/1539/629
vt 0.5414829850196838 0.8532559871673584
f 1122/1551/1122 1139/1550/1139 1183/1552/1183
vt 0.5499110221862793 0.8572980165481567
vt 0.5560110211372375 0.8532559871673584
f 1022/1553/1022 1047/1552/1047 1029/1554/1029
vt 0.5520489811897278 0.8613399863243103
f 798/1551/798 797/1553/797 760/1555/760
vt 0.5388420224189758 0.8613399863243103
f 260/1555/260 1/1556/1 219/1551/219
f 255/1553/255 238/1551/238 290/1552/290
vt 0.5859810113906860 0.8572980165481567
vt 0.5680490136146545 0.8572980165481567
vt 0.5705400109291077 0.8532559871673584
f 701/1557/701 382/1558/382 920/1559/920
vt 0.5850679874420166 0.8532559871673584
f 437/1559/437 401/1560/401 699/1557/699
f 440/1558/440 701/1553/701 449/1554/449
f 667/1554/667 549/1559/549 534/1558/534
vt 0.5652570128440857 0.8613399863243103
f 436/1553/436 409/1558/409 851/1561/851
f 297/1561/297 219/1555/219 220/1553/220
vt 0.5256339907646179 0.8613399863243103
f 328/1540/328 10/1551/10 279/1562/279
f 371/1562/371 700/1547/700 850/1540/850
vt 0.5995960235595703 0.8532559871673584
vt 0.6039130091667175 0.8572980165481567
f 967/1560/967 862/1563/862 956/1564/956
f 946/1564/946 936/1557/936 862/1560/862
vt 0.6141240000724792 0.8532559871673584
vt 0.6286519765853882 0.8532559871673584
vt 0.6218450069427490 0.8572980165481567
f 1239/1565/1239 1141/1566/1141 1158/1567/1158
f 1229/1564/1229 1240/1563/1240 1256/1565/1256
vt 0.6431800127029419 0.8532559871673584
vt 0.6397759914398193 0.8572980165481567
f 1099/1566/1099 1134/1568/1134 1098/1569/1098
f 270/1569/270 3/1567/3 251/1566/251
vt 0.6577079892158508 0.8532559871673584
f 1121/1570/1121 1184/1569/1184 1153/1568/1153
vt 0.5784639716148376 0.8613399863243103
f 936/1558/936 947/1557/947 911/1571/911
f 936/1571/936 957/1561/957 875/1558/875
f 743/1556/743 337/1562/337 772/1551/772
vt 0.5916709899902344 0.8613399863243103
f 947/1572/947 904/1571/904 911/1557/911
vt 0.6048790216445923 0.8613399863243103
f 936/1573/936 911/1572/911 957/1557/957
f 956/1557/956 875/1564/875 876/1573/876
vt 0.6180859804153442 0.8613399863243103
f 875/1574/875 957/1573/957 876/1564/876
f 904/1564/904 948/1567/948 937/1574/937
f 652/1567/652 664/1564/664 826/1565/826
vt 0.6312929987907410 0.8613399863243103
f 948/1567/948 938/1569/938 949/1575/949
f 937/1575/937 949/1574/949 877/1567/877
vt 0.6577079892158508 0.8613399863243103
vt 0.6445009708404541 0.8613399863243103
f 877/1569/877 949/1576/949 863/1577/863
f 591/1577/591 634/1575/634 728/1569/728
f 938/1576/938 950/1569/950 939/1570/939
f 949/1/949 939/2/939 878/3/878
f 429/1/429 952/3/952 933/4/933
f 1178/5/1178 1175/1/1175 1145/4/1145
f 939/4/939 950/6/950 951/5/951
f 864/7/864 939/5/939 951/8/951
f 602/8/602 669/9/669 645/7/645
f 969/6/969 959/8/959 878/5/878
f 1159/1/1159 1198/5/1198 1125/10/1125
f 879/10/879 951/11/951 940/1/940
f 1206/12/1206 1213/2/1213 1212/1/1212
f 373/9/373 678/13/678 415/14/415
f 1083/14/1083 1181/7/1181 1082/9/1082
f 879/15/879 940/16/940 865/17/865
f 864/14/864 951/13/951 941/15/941
f 55/16/55 29/18/29 54/19/54
f 256/19/256 214/17/214 291/16/291
f 879/18/879 865/20/865 960/21/960
f 53/21/53 52/19/52 27/18/27
f 941/5/941 942/7/942 912/22/912
f 941/22/941 913/23/913 942/5/942
f 157/24/157 44/12/44 70/1/70
f 960/11/960 970/24/970 971/1/971
f 498/23/498 357/10/357 686/5/686
f 960/25/960 905/22/905 913/7/913
f 952/14/952 689/17/689 430/26/430
f 1125/26/1125 1120/27/1120 1209/14/1209
f 960/15/960 971/17/971 905/14/905
f 913/19/913 952/21/952 942/28/942
f 285/28/285 286/29/286 210/19/210
f 27/17/27 72/19/72 92/30/92
f 15/30/15 267/26/267 246/17/246
f 913/19/913 905/29/905 952/30/952
f 971/27/971 961/25/961 954/7/954
f 980/7/980 1235/14/1235 988/27/988
f 208/20/208 252/31/252 235/32/235
f 285/32/285 209/21/209 26/20/26
f 840/32/840 703/31/703 724/33/724
f 971/34/971 954/33/954 910/35/910
f 947/32/947 901/34/901 904/36/904
f 1178/36/1178 1148/37/1148 1175/32/1175
f 906/34/906 948/32/948 909/33/909
f 906/38/906 938/39/938 948/40/948
f 198/40/198 168/41/168 181/38/181
f 611/39/611 400/34/400 518/35/518
f 906/35/906 950/40/950 938/39/938
f 967/34/967 503/39/503 711/42/711
f 1280/42/1280 1206/36/1206 1279/34/1279
f 958/21/958 863/32/863 968/43/968
f 1146/43/1146 1176/28/1176 1128/21/1128
f 189/41/189 188/44/188 142/45/142
f 914/45/914 902/38/902 940/41/940
f 444/46/444 692/47/692 685/48/685
f 956/45/956 876/44/876 503/46/503
f 865/47/865 902/49/902 953/50/953
f 865/50/865 940/48/940 902/47/902
f 46/51/46 136/50/136 158/49/158
f 356/39/356 498/38/498 707/52/707
f 961/52/961 872/42/872 861/39/861
f 76/37/76 77/43/77 103/32/103
f 1030/53/1030 1033/52/1033 1018/38/1018
f 970/54/970 872/53/872 961/38/961
f 969/38/969 912/45/912 403/54/403
f 31/55/31 60/54/60 61/45/61
f 912/45/912 430/48/430 403/55/403
f 429/48/429 689/45/689 952/46/952
f 356/48/356 707/50/707 621/56/621
f 356/56/356 516/55/516 509/48/509
f 482/50/482 358/57/358 509/58/509
f 1266/58/1266 1267/56/1267 1211/50/1211
f 516/57/516 482/50/482 509/51/509
f 364/59/364 623/60/623 492/61/492
f 706/61/706 509/62/509 843/59/843
f 1033/63/1033 1060/64/1060 1045/60/1045
f 843/60/843 509/59/509 358/63/358
f 718/65/718 506/59/506 851/62/851
f 849/62/849 363/66/363 364/65/364
f 1008/67/1008 1053/63/1053 1281/59/1281
f 508/59/508 716/65/716 385/67/385
f 929/68/929 385/65/385 922/66/922
f 441/66/441 366/69/366 694/68/694
f 856/70/856 850/67/850 365/65/365
f 740/65/740 763/68/763 730/70/730
f 1142/71/1142 1190/68/1190 1150/69/1150
f 856/69/856 371/72/371 850/71/850
f 855/73/855 368/70/368 852/68/852
f 906/68/906 909/71/909 914/73/914
f 987/74/987 981/71/981 992/72/992
f 982/72/982 993/75/993 996/74/996
f 1014/76/1014 1029/73/1029 1047/71/1047
f 1047/71/1047 1015/74/1015 1062/76/1062
f 1014/77/1014 1031/74/1031 1029/75/1029
f 676/75/676 683/78/683 423/77/423
f 1030/79/1030 1016/76/1016 1033/74/1033
f 1075/74/1075 1019/77/1019 1197/79/1197
f 448/80/448 882/77/882 467/78/467
f 1186/78/1186 1090/81/1090 1076/80/1076
f 943/82/943 932/79/932 872/77/872
f 905/77/905 933/80/933 952/82/952
f 1090/83/1090 1123/80/1123 1105/81/1105
f 609/81/609 478/84/478 513/83/513
f 897/85/897 888/82/888 893/80/893
f 1106/80/1106 1107/83/1107 1172/85/1172
f 1064/86/1064 1035/83/1035 1049/84/1049
f 1069/84/1069 1084/87/1084 1091/86/1091
f 1064/88/1064 1107/85/1107 1106/83/1106
f 1187/83/1187 1105/86/1105 1123/88/1123
f 96/89/96 32/86/32 95/87/95
f 1020/87/1020 1065/90/1065 1035/89/1035
f 1035/91/1035 1065/88/1065 1021/86/1021
f 1133/86/1133 1210/89/1210 1279/91/1279
f 1050/92/1050 1210/89/1210 1218/90/1218
f 1019/90/1019 1034/93/1034 1021/92/1021
f 1198/94/1198 1287/91/1287 1125/89/1125
f 1021/89/1021 1066/92/1066 1050/94/1050
f 1021/95/1021 1050/92/1050 1218/93/1218
f 1019/93/1019 1021/96/1021 1218/95/1218
f 1197/97/1197 1218/94/1218 1155/92/1155
f 1218/92/1218 1124/95/1124 1140/97/1140
f 1117/98/1117 1140/95/1140 1133/96/1133
f 1155/96/1155 1156/99/1156 1187/98/1187
f 935/100/935 947/97/947 936/95/936
f 1187/95/1187 1156/98/1156 1105/100/1105
f 1173/101/1173 1078/98/1078 1079/99/1079
f 1105/99/1105 1078/102/1078 1173/101/1173
f 1173/103/1173 1079/100/1079 1092/98/1092
f 1106/98/1106 1173/101/1173 1092/103/1092
f 1000/104/1000 1234/101/1234 1226/102/1226
f 1287/102/1287 1220/105/1220 1216/104/1216
f 741/106/741 793/103/793 792/101/792
f 349/101/349 792/104/792 493/106/493
f 993/107/993 1004/104/1004 996/105/996
f 981/105/981 988/108/988 1234/107/1234
f 552/109/552 590/106/590 632/104/632
f 980/104/980 988/107/988 987/109/987
f 1234/110/1234 988/107/988 1235/108/1235
f 1154/108/1154 1170/111/1170 1079/110/1079
f 294/112/294 244/109/244 216/107/216
f 1237/107/1237 1235/110/1235 994/112/994
f 1006/113/1006 1273/110/1273 1265/111/1265
f 1015/111/1015 1167/114/1167 1056/113/1056
f 992/115/992 993/112/993 982/110/982
f 996/110/996 1004/113/1004 999/115/999
f 1047/116/1047 1062/113/1062 1011/114/1011
f 1246/114/1246 1254/117/1254 1255/116/1255
f 1239/118/1239 1248/115/1248 1141/113/1141
f 1142/113/1142 1188/116/1188 1190/118/1190
f 1255/119/1255 1247/116/1247 1229/117/1229
f 1247/117/1247 1240/120/1240 1229/119/1229
f 1170/121/1170 1109/118/1109 1092/116/1092
f 1230/116/1230 1256/119/1256 1249/121/1249
f 1258/122/1258 1260/119/1260 1271/120/1271
f 1258/120/1258 1271/123/1271 1241/122/1241
f 1241/124/1241 1271/121/1271 1198/119/1198
f 1263/119/1263 1261/122/1261 1264/124/1264
f 42/125/42 259/122/259 263/123/263
f 1271/123/1271 1264/126/1264 1222/125/1222
f 89/127/89 98/124/98 192/122/192
f 1264/122/1264 1261/125/1261 1262/127/1262
f 626/128/626 627/125/627 582/126/582
f 1264/126/1264 1272/129/1272 1222/128/1222
f 1262/130/1262 1265/127/1265 1223/125/1223
f 288/125/288 212/128/212 29/130/29
f 603/131/603 665/128/665 631/129/631
f 1262/129/1262 1266/132/1266 1272/131/1272
f 1272/133/1272 1266/130/1266 1286/128/1286
f 76/128/76 115/131/115 187/133/187
f 879/134/879 960/131/960 913/132/913
f 980/132/980 1247/135/1247 991/134/991
f 1196/136/1196 1151/133/1151 1285/131/1285
f 987/131/987 1250/134/1250 1240/136/1240
f 992/137/992 1257/134/1257 1250/135/1250
f 76/135/76 103/138/103 201/137/201
f 1242/139/1242 1228/136/1228 1188/134/1188
f 1242/134/1242 1254/137/1254 1246/139/1246
f 969/140/969 403/141/403 714/142/714
f 1242/62/1242 1246/143/1246 1228/144/1228
f 1189/142/1189 1159/143/1159 1143/62/1143
f 996/62/996 1265/61/1265 1261/142/1261
f 26/145/26 50/146/50 25/69/25
f 708/69/708 359/66/359 845/145/845
f 1169/147/1169 1091/148/1091 1109/75/1109
f 50/75/50 74/72/74 94/147/94
f 999/146/999 1273/147/1273 1006/72/1006
f 235/72/235 114/69/114 74/146/74
f 999/66/999 1003/144/1003 1273/145/1273
f 1003/149/1003 1224/140/1224 1273/61/1273
f 285/61/285 26/60/26 52/149/52
f 256/61/256 238/140/238 255/142/255
f 1219/66/1219 1199/62/1199 1220/144/1220
f 323/148/323 256/150/256 276/78/276
f 667/78/667 668/75/668 549/148/549
f 1223/78/1223 1267/150/1267 1266/151/1266
f 1223/152/1223 1224/153/1224 1267/84/1267
f 631/84/631 665/81/665 530/152/530
f 961/81/961 861/151/861 966/152/966
f 1199/154/1199 1286/155/1286 1220/90/1220
f 217/90/217 322/87/322 251/154/251
f 742/156/742 723/157/723 755/96/755
f 501/96/501 404/93/404 715/156/715
f 687/155/687 405/156/405 380/93/380
f 1184/93/1184 1152/90/1152 1183/155/1183
f 1205/153/1205 1054/154/1054 1278/87/1278
f 1055/87/1055 1041/84/1041 1054/153/1054
f 1028/81/1028 1013/78/1013 1012/151/1012
f 1013/99/1013 1027/96/1027 1012/157/1012
f 1012/157/1012 1027/158/1027 1060/99/1060
f 1027/99/1027 1046/158/1046 1060/159/1060
f 1046/60/1046 1059/64/1059 1045/160/1045
f 1045/160/1045 1059/149/1059 1058/60/1058
f 1059/64/1059 1044/63/1044 1058/161/1058
f 314/161/314 1/162/1 180/64/180
f 1167/163/1167 1102/160/1102 1056/64/1056
f 1102/67/1102 1042/70/1042 1056/164/1056
f 1056/164/1056 1042/165/1042 1011/67/1011
f 1011/73/1011 1026/76/1026 1025/166/1025
f 1026/166/1026 1010/167/1010 1025/73/1025
f 1025/70/1025 1010/73/1010 1009/167/1009
f 123/167/123 313/168/313 124/70/124
f 1009/63/1009 1024/67/1024 1055/165/1055
f 1024/165/1024 1041/161/1041 1055/63/1055
f 1165/160/1165 1121/163/1121 1137/169/1137
f 1104/162/1104 1169/163/1169 1170/64/1170
f 1185/168/1185 1137/164/1137 1138/70/1138
f 1087/166/1087 1152/76/1152 1184/170/1184
f 198/171/198 195/170/195 121/79/121
f 1013/82/1013 1073/85/1073 1217/172/1217
f 1182/172/1182 1073/173/1073 1152/82/1152
f 91/79/91 133/82/133 108/173/108
f 48/173/48 22/171/22 71/79/71
f 1013/76/1013 1217/79/1217 1196/170/1196
f 282/85/282 14/88/14 266/174/266
f 1046/174/1046 1285/172/1285 1059/85/1059
f 1101/91/1101 1165/94/1165 1127/175/1127
f 1027/175/1027 1196/176/1196 1046/91/1046
f 706/88/706 356/91/356 509/176/509
f 1104/176/1104 1122/177/1122 1183/88/1183
f 343/94/343 337/97/337 813/178/813
f 1139/178/1139 1153/179/1153 1183/94/1183
f 72/94/72 24/179/24 17/175/17
f 1154/177/1154 1185/174/1185 1138/88/1138
f 1048/97/1048 1104/100/1104 1088/180/1088
f 1048/180/1048 1028/178/1028 1012/97/1012
f 1063/102/1063 1048/159/1048 1012/181/1012
f 1168/182/1168 1120/183/1120 1102/108/1102
f 1102/108/1102 1136/105/1136 1042/182/1042
f 681/181/681 354/182/354 417/105/417
f 1010/105/1010 1216/102/1216 1194/181/1194
f 1130/111/1130 1113/184/1113 1112/185/1112
f 1041/186/1041 1208/187/1208 1282/117/1282
f 1041/117/1041 1282/114/1282 1054/186/1054
f 1268/114/1268 1226/185/1226 1238/186/1238
f 1015/183/1015 1074/184/1074 1167/111/1167
f 1074/111/1074 1089/108/1089 1167/183/1167
f 1062/123/1062 1015/120/1015 1011/188/1011
f 1047/188/1047 1025/189/1025 1061/123/1061
f 1014/120/1014 1061/117/1061 1009/187/1009
f 761/187/761 553/188/553 635/120/635
f 1143/185/1143 1125/114/1125 1151/111/1151
f 1087/190/1087 1150/191/1150 1182/129/1182
f 1166/129/1166 1150/126/1150 1072/190/1072
f 1166/192/1166 1119/132/1119 1150/193/1150
f 1190/193/1190 1151/129/1151 1150/191/1150
f 642/194/642 645/195/645 669/138/669
f 402/138/402 501/135/501 714/194/714
f 1188/195/1188 1228/196/1228 1158/197/1158
f 1125/192/1125 1284/194/1284 1285/135/1285
f 856/135/856 438/132/438 700/192/700
f 1287/195/1287 1216/197/1216 1207/138/1207
f 1216/126/1216 1281/123/1281 1283/189/1283
f 539/189/539 474/190/474 561/126/561
f 364/193/364 407/132/407 717/129/717
f 1085/198/1085 1098/199/1098 1071/139/1071
f 1070/139/1070 1086/137/1086 1098/198/1098
f 1070/137/1070 1097/138/1097 1096/197/1096
f 1181/197/1181 1180/198/1180 1149/137/1149
f 441/200/441 854/180/854 436/100/436
f 1008/100/1008 1023/103/1023 1053/200/1053
f 1283/103/1283 1281/106/1281 1208/201/1208
f 795/201/795 742/202/742 755/103/755
f 1053/106/1053 1208/109/1208 1281/203/1281
f 1070/203/1070 1163/201/1163 1052/106/1052
f 1070/112/1070 1096/115/1096 1163/204/1163
f 816/204/816 790/205/790 762/112/762
f 1007/109/1007 1052/112/1052 1039/206/1039
f 611/206/611 918/203/918 924/109/924
f 248/115/248 269/118/269 233/207/233
f 1007/207/1007 1039/204/1039 1053/115/1053
f 719/103/719 746/202/746 784/200/784
f 1240/112/1240 1250/205/1250 1256/206/1256
f 364/118/364 717/208/717 623/207/623
f 1070/208/1070 1007/118/1007 1023/121/1023
f 1008/121/1008 1036/124/1036 1051/209/1051
f 444/209/444 461/210/461 692/121/692
f 1069/124/1069 1169/127/1169 1063/211/1063
f 1038/211/1038 1017/209/1017 1066/124/1066
f 1280/208/1280 1279/121/1279 1210/210/1210
f 1193/127/1193 1280/130/1280 1066/212/1066
f 1193/212/1193 1066/211/1066 1017/127/1017
f 1069/133/1069 1063/136/1063 1016/213/1016
f 833/213/833 775/214/775 338/133/338
f 1069/130/1069 1030/133/1030 1084/214/1084
f 1241/214/1241 1198/215/1198 1159/130/1159
f 1169/136/1169 1109/139/1109 1170/216/1170
f 1084/216/1084 1030/217/1030 1089/136/1089
f 1032/130/1032 1020/215/1020 1077/212/1077
f 1084/199/1084 1032/216/1032 1077/139/1077
f 1022/217/1022 1020/213/1020 1032/136/1032
f 904/216/904 931/199/931 909/218/909
f 1038/159/1038 1066/102/1066 1065/99/1065
f 1084/219/1084 1077/220/1077 1091/221/1091
f 1083/222/1083 1179/223/1179 1079/219/1079
f 1083/224/1083 1079/225/1079 1078/222/1078
# 2596 faces, 1577 coords texture

# End of File
