####
#
# OBJ File Generated by Meshlab
#
####
# Object flange_link.obj
#
# Vertices: 2015
# Faces: 4124
#
####
mtllib ./flange_link.obj.mtl

vn -3.3336826639404942 -1.4926977834668920 -2.7546464750146753
v -0.0031500000000000 0.0138380000000000 0.0277400000000000
vn -2.1515377245274037 -2.6558928312938206 -4.7800764292607321
v -0.0041500000000000 0.0145840000000000 0.0273550000000000
vn -2.2517596233453330 -4.8105984377568571 -2.4462529456124766
v -0.0041500000000000 0.0275970000000000 0.0141200000000000
vn 2.1916442184254201 3.0553007379704402 4.3451870936232124
v 0.0023500000000000 0.0183010000000000 0.0262500000000000
vn 2.1983854494133306 -3.1412732657156788 4.2799082360869773
v 0.0023500000000000 -0.0189350000000000 0.0257970000000000
vn 5.3082033023217008 1.2653838866127827 1.8893061964577913
v 0.0028500000000000 0.0177450000000000 0.0260270000000000
vn 5.3223895500920300 1.8654728678412174 1.2764774914853734
v 0.0028500000000000 0.0260270000000000 0.0177450000000000
vn 5.3249819902717146 2.1032731231356423 0.8214627696625416
v 0.0028500000000000 0.0293230000000000 0.0115080000000000
vn 5.2943786471114809 0.8105490956309357 2.1385524971986625
v 0.0028500000000000 0.0115080000000000 0.0293230000000000
vn 5.3053465040456720 1.1198711301936732 1.9821561592091437
v 0.0028500000000000 0.0157500000000000 0.0272800000000000
vn 2.1471603893863969 2.0440512682173257 4.8865471164882228
v 0.0023500000000000 0.0121560000000000 0.0296010000000000
vn 5.3253162947012491 1.9548812354121787 1.1292571665335771
v 0.0028500000000000 0.0272800000000000 0.0157500000000000
vn 5.3149472594249385 2.0387966262062704 -0.9936392742349340
v 0.0028500000000000 0.0283810000000000 -0.0136670000000000
vn -2.6306592470292767 1.4947397345661553 -5.1480448091826778
v -0.0042846000000000 -0.0084612000000000 0.0299622000000000
vn -2.7730656844175336 -5.0987474752703790 1.5506452566555966
v -0.0042864000000000 0.0298565000000000 -0.0088346000000000
vn 5.2080187143867640 -1.0705274829413798 2.1092993339404340
v 0.0028500000000000 -0.0136670000000000 0.0283810000000000
vn -5.4050469207796343 -2.1016634549502844 0.5728106329227141
v -0.0046500000000000 0.0303230000000000 -0.0085310000000000
vn 5.2267636125009602 -0.7363024441709862 2.2304957312466485
v 0.0028500000000000 -0.0092850000000000 0.0301010000000000
vn -2.2039590203482757 -4.8075703715712255 2.4369878321443035
v -0.0041500000000000 0.0273550000000000 -0.0145840000000000
vn 5.3156556446734742 2.1632295106711341 -0.6790513972215464
v 0.0028500000000000 0.0301010000000000 -0.0092850000000000
vn -4.4466424327561640 -4.0609959461134189 1.7866149468786090
v -0.0044000000000000 0.0285320000000000 -0.0127480000000000
vn -4.4508275666759873 1.7690236203942831 -4.0636634360326784
v -0.0044000000000000 -0.0126050000000000 0.0285950000000000
vn 2.1792548489595953 5.1093697671275056 -1.4703523776641638
v 0.0023500000000000 0.0307530000000000 -0.0088450000000000
vn 6.2831853071795862 -0.0000000000000018 0.0000000000000003
v 0.0028500000000000 -0.0044160000000000 0.0265490000000000
vn -2.2269616081455572 2.4261681304518858 -4.8488631733494030
v -0.0041500000000000 -0.0141200000000000 0.0275970000000000
vn -3.0864842745716463 1.4659209478246258 -2.7770165874533062
v -0.0031500000000000 -0.0145090000000000 0.0273950000000000
vn -4.4337170478342767 -3.9318375013081379 2.0844754474837788
v -0.0044000000000000 0.0276290000000000 -0.0146020000000000
vn 2.2487203824359558 -1.3487680109423983 5.0658493250668046
v 0.0023500000000000 -0.0084700000000000 0.0308590000000000
vn -3.0848845712980140 1.2675419841448612 -2.8729158623434738
v -0.0031500000000000 -0.0124710000000000 0.0283810000000000
vn -2.2403722931611072 -5.3292680644516475 -0.9015354556350639
v -0.0041500000000000 0.0305590000000000 0.0052110000000000
vn -6.2831853071795845 0.0000000000000000 0.0000000000000000
v -0.0031500000000000 0.0094930000000000 0.0269580000000000
vn -2.9810816788209351 3.0554546681287937 0.6648330220328745
v -0.0046500000000000 0.0312490000000000 0.0068930000000000
vn 3.5266465098006115 -2.6602970792413463 -1.5366351264911682
v 0.0028500000000000 0.0277480000000000 0.0018750000000000
vn -6.2831853071795871 0.0000000000000000 0.0000000000000000
v -0.0031500000000000 0.0156930000000000 0.0162190000000000
vn 6.2831853071795862 0.0000000000000013 -0.0000000000000022
v 0.0028500000000000 0.0229770000000000 0.0169030000000000
vn 2.1669399358954031 4.8780826002359010 2.3881124563976317
v 0.0023500000000000 -0.0180520000000000 -0.0086100000000000
vn -6.2831853071795871 0.0000000000000000 0.0000000000000000
v -0.0031500000000000 -0.0156930000000000 -0.0162190000000000
vn -2.9188665269772063 3.2963874004854308 2.7653570209759675
v -0.0029500000000000 -0.0142398000000000 -0.0141795000000000
vn -0.1609058098102155 -5.2999408550970548 -3.3480307746957134
v -0.0015500000000000 0.0165810000000000 0.0111830000000000
vn -3.6503720879322081 -2.1931062443050555 -2.1149082270393493
v -0.0031500000000000 -0.0187860000000000 -0.0188330000000000
vn -2.5811735712912078 -3.3351891319748357 -3.4446574670297361
v -0.0029029000000000 0.0142283000000000 0.0141249000000000
vn 6.2831853071795871 -0.0000000000000017 -0.0000000000000003
v 0.0028500000000000 0.0221890000000000 0.0182670000000000
vn 3.8486206721259566 -0.1060424922560188 2.9540697633297919
v -0.0011500000000000 0.0122191000000000 0.0178332000000000
vn -3.6990133800488136 2.1537459269088566 2.0871944961456483
v -0.0031500000000000 0.0188205000000000 0.0188660000000000
vn 3.8954303330662237 0.1115598774535295 -2.9291188079561898
v -0.0011500000000000 -0.0122174000000000 -0.0178532000000000
vn -3.6491770801134011 -2.2006828509211029 -2.1102902825374619
v -0.0031500000000000 0.0211660000000000 0.0211190000000000
vn -2.2412021616849391 2.2388219111506746 -4.9149134974144104
v -0.0041500000000000 -0.0127040000000000 0.0282770000000000
vn -3.0883022342254280 -2.8579562006028718 1.3011400262008437
v -0.0031500000000000 0.0282270000000000 -0.0128150000000000
vn -5.4402734488162814 0.8013725822021500 -1.9855273804771105
v -0.0046500000000000 -0.0122360000000000 0.0290270000000000
vn 6.2831853071795862 0.0000000000000007 -0.0000000000000008
v 0.0028500000000000 0.0258180000000000 -0.0069180000000000
vn -6.2831853071795862 0.0000000000000000 0.0000000000000000
v -0.0031500000000000 -0.0112650000000000 0.0257120000000000
vn -2.1548495102145258 2.0402818252210322 -5.0983540946059271
v -0.0041500000000000 -0.0112560000000000 0.0288840000000000
vn -2.2158227401528783 -5.0339391825403750 2.0585773300027777
v -0.0041500000000000 0.0286900000000000 -0.0117420000000000
vn 2.2654724083316786 -1.7187777096881192 4.9457210756454000
v 0.0023500000000000 -0.0107000000000000 0.0301580000000000
vn -3.2352358638455798 -0.2014908740712695 -3.1320792833053277
v -0.0031500000000000 0.0030150000000000 0.0308530000000000
vn -4.1956889489193152 -2.7303320647174560 0.5399438141930689
v -0.0031500000000000 0.0268089000000000 -0.0004364000000000
vn 3.4541226547956314 -2.8929173261269039 -1.1041145458679811
v -0.0011500000000000 0.0264810000000000 0.0006980000000000
vn -2.9008885456029643 1.9321680328239299 0.1510472401891648
v -0.0046500000000000 0.0317482000000000 0.0021534000000000
vn -2.2035833479845337 -5.4375194568729093 -0.0963864248254795
v -0.0041500000000000 0.0309960000000000 0.0005240000000000
vn -3.4354213630865869 -2.2242074359712229 2.1733733876342534
v -0.0031500000000000 0.0261270000000000 -0.0013280000000000
vn 2.9308552861338129 -2.7060234545558561 -1.5613675179255830
v -0.0011500000000000 0.0277480000000000 0.0018750000000000
vn 3.9596637286627328 1.3728190053081881 -2.5350871491661353
v 0.0028500000000000 -0.0206035000000000 -0.0185020000000000
vn -3.6013840968061195 -3.0003999677713331 0.5869290319161180
v -0.0031500000000000 0.0143080000000000 0.0207980000000000
vn 3.6635521590789031 -1.2143065292596293 2.7916596171379955
v 0.0028500000000000 0.0206230000000000 0.0184580000000000
vn 3.2527666037056253 -1.5924346532107230 -2.6650514470408280
v -0.0011500000000000 0.0132430000000000 0.0230680000000000
vn 2.9175692922591683 0.6340321107114835 -3.0582639643237419
v -0.0011500000000000 0.0114700000000000 0.0248860000000000
vn -2.3884546958343940 2.7579331103516749 4.6228398326063802
v -0.0029318000000000 -0.0107400000000000 -0.0169685000000000
vn 6.2831853071795862 0.0000000000000000 0.0000000000000000
v -0.0011500000000000 0.0123030000000000 0.0243410000000000
vn -3.4325801374109086 3.0082521401396392 1.9251015458572209
v -0.0030000000000000 -0.0177844000000000 -0.0094646000000000
vn 3.6695221016596684 2.7451223542549061 -1.3123620310756423
v 0.0028500000000000 0.0184850000000000 0.0206830000000000
vn -3.4742082527408207 1.8281417038542200 2.9229669614123437
v -0.0030158000000000 -0.0094741000000000 -0.0178008000000000
vn 3.7145646533072787 -2.9853629126916505 0.5489928859274970
v 0.0028500000000000 -0.0183590000000000 -0.0203060000000000
vn 3.6614965063383011 0.4670337651766752 -3.0073842976373997
v 0.0028500000000000 0.0197110000000000 0.0216040000000000
vn -3.2779223467168377 1.3768030053646103 2.6532044509764976
v -0.0031500000000000 0.0111280000000000 0.0194430000000000
vn 3.8913567095373987 2.7826976518780029 -0.7989827008766929
v 0.0028500000000000 -0.0215511000000000 -0.0196848000000000
vn 3.5782389108637025 -2.4217684976368101 -1.8666262817167341
v -0.0011500000000000 0.0138450000000000 0.0225840000000000
vn 3.7142351787653620 -0.9749941972079674 2.8317980952672435
v 0.0028500000000000 -0.0193290000000000 -0.0214940000000000
vn 3.6263150825294934 -2.9911359105416753 0.5988430568240214
v 0.0028500000000000 0.0215920000000000 0.0196460000000000
vn 2.8801861334233063 -3.0997281446070897 0.3602963483794951
v -0.0011500000000000 0.0159790000000000 0.0208260000000000
vn 6.2831853071795862 0.0000000000000000 0.0000000000000000
v -0.0011500000000000 0.0153730000000000 0.0211650000000000
vn -3.4797934330217291 2.9593739003508124 1.9356015430461651
v -0.0030000000000000 -0.0169767000000000 -0.0108543000000000
vn -3.5866365693988129 0.2056838868228299 3.0008736960081377
v -0.0031500000000000 0.0120810000000000 0.0191240000000000
vn 6.2831853071795880 0.0000000000000001 0.0000000000000004
v 0.0028500000000000 -0.0192090000000000 0.0143710000000000
vn -3.8293429811039741 2.5674103710708791 -1.4895917216292025
v -0.0031500000000000 -0.0214660000000000 0.0206830000000000
vn 2.0320159843888037 5.0264620333430079 -2.1681863423485361
v 0.0023500000000000 -0.0182710000000000 0.0081350000000000
vn -4.4508275666759767 -1.7690236203942828 4.0636634360326873
v -0.0044000000000000 0.0126050000000000 -0.0285950000000000
vn -3.7353596389219890 -0.9830026689488045 2.8266266258812438
v -0.0031500000000000 -0.0193290000000000 0.0184580000000000
vn -4.4466424327561640 4.0609959461134189 -1.7866149468786086
v -0.0044000000000000 -0.0285320000000000 0.0127480000000000
vn -3.7514513270055545 2.9157136528734777 -0.6392138897602150
v -0.0031500000000000 0.0184121000000000 -0.0196252000000000
vn 3.5497403095052089 -2.0877566604173401 2.2509346975049183
v 0.0028500000000000 0.0148010000000000 -0.0239670000000000
vn -3.6438737260550464 -2.9900056269309259 0.5854305966921491
v -0.0031500000000000 -0.0183590000000000 0.0196460000000000
vn -3.6053717297954013 -2.9916149682413495 0.6193809254549789
v -0.0031500000000000 0.0215920000000000 -0.0203060000000000
vn -3.6483133397394587 0.5104290752432367 -3.0026107675635254
v -0.0031500000000000 0.0197110000000000 -0.0183470000000000
vn -3.7046839544508439 -1.2367142993276641 2.7718100914933292
v -0.0031500000000000 0.0206230000000000 -0.0214940000000000
vn -2.2095306456071895 4.8021352287070949 -2.4478542290451886
v -0.0041500000000000 -0.0273550000000000 0.0145840000000000
vn -3.7809574352326694 1.1601678201226291 -2.7445986029639249
v -0.0031500000000000 -0.0205705000000000 0.0214635000000000
vn -5.3909206952663284 -2.0873810646848900 -0.6644695826336272
v -0.0046500000000000 0.0298600000000000 0.0100320000000000
vn -2.0420936589096517 -1.6776208532823564 -5.1627063458273739
v -0.0041500000000000 0.0102740000000000 0.0292480000000000
vn -3.0856862496581057 -0.7521710947368490 -3.0487029714645297
v -0.0031500000000000 0.0074750000000000 0.0300850000000000
vn -6.2831853071795862 0.0000000000000000 0.0000000000000000
v -0.0031500000000000 0.0261270000000000 0.0043460000000000
vn -5.4309692949079587 -0.6206154947358246 -2.0597539357481325
v -0.0046500000000000 0.0092850000000000 0.0301010000000000
vn -3.4451736710616356 0.8242789926071664 -3.0151870388245765
v -0.0031500000000000 -0.0082060000000000 0.0298940000000000
vn -4.4397958610273474 -4.1663305611694517 1.5458770827996975
v -0.0044000000000000 0.0293100000000000 -0.0108380000000000
vn -3.0010053492237629 -1.0634286938354267 2.9443643663198822
v -0.0046500000000000 -0.0104310000000000 0.0302520000000000
vn -5.4262985824219561 -2.0442505207428709 0.6857590065182534
v -0.0046500000000000 0.0298600000000000 -0.0100320000000000
vn -6.2831853071795853 0.0000000000000000 0.0000000000000000
v -0.0031500000000000 -0.0043460000000000 0.0261270000000000
vn -4.4607814831548902 1.5101150792731646 -4.1568425017217576
v -0.0044000000000000 -0.0106370000000000 0.0293840000000000
vn -5.4268821356056502 0.6511742369749399 -2.0548044668136978
v -0.0046500000000000 -0.0092850000000000 0.0301010000000000
vn -5.3493863266378048 1.3062415413992063 -1.8110979562235499
v -0.0046500000000000 -0.0164250000000000 0.0268790000000000
vn -3.2904824466250302 -2.5675060455388916 1.8001276647905402
v -0.0031500000000000 0.0260600000000000 -0.0167890000000000
vn -5.4586551398132457 -1.9614772453009202 0.8077260477527266
v -0.0046500000000000 0.0293230000000000 -0.0115080000000000
vn -5.4150712856637018 -1.8817650479626113 1.0766608287503110
v -0.0046500000000000 0.0272800000000000 -0.0157500000000000
vn 2.2528627840649826 -0.9864239571498039 5.1537738044119870
v 0.0023500000000000 -0.0061950000000000 0.0313950000000000
vn -2.2389248442709402 2.6994326943675921 -4.6970266209409708
v -0.0041500000000000 -0.0155000000000000 0.0268470000000000
vn -3.0877614739882437 1.6703237467202843 -2.6591442876541898
v -0.0031500000000000 -0.0164700000000000 0.0262630000000000
vn -5.4983122812134777 -0.7456056363571717 -1.9387648072676307
v -0.0046500000000000 0.0107740000000000 0.0296000000000000
vn -4.4382054284288204 -1.4049217629580792 -4.2174029720045274
v -0.0044000000000000 0.0098650000000000 0.0296520000000000
vn 2.2239621107437095 0.1694842769779358 5.2648225898701160
v 0.0023500000000000 0.0007790000000000 0.0319910000000000
vn -2.6428706332831320 -5.1105376582726647 -1.5907025369091747
v -0.0042750000000000 0.0295725000000000 0.0097060000000000
vn -6.2831853071795862 0.0000000000000000 0.0000000000000000
v -0.0031500000000000 0.0288120000000000 0.0058960000000000
vn 5.2633495145750580 -0.0382843119743733 2.3155330724744858
v 0.0028500000000000 0.0000000000000000 0.0315000000000000
vn 2.1294015948734164 5.3173530012647587 0.0915524847594399
v 0.0023500000000000 0.0319980000000000 0.0003900000000000
vn 5.3236156258564877 2.2594875006162680 -0.0112240541723058
v 0.0028500000000000 0.0315000000000000 0.0000000000000000
vn 3.5342727871941491 -0.9071190206130586 2.9341655598926448
v 0.0028500000000000 0.0256050000000000 -0.0035830000000000
vn 2.2211380805099568 0.5325744494749004 5.2494433605265707
v 0.0023500000000000 0.0031120000000000 0.0318480000000000
vn 5.2686513164119821 0.1362947811202486 2.3069512955665243
v 0.0028500000000000 0.0023540000000000 0.0314120000000000
vn 3.5448172005890153 -2.8609100679606536 1.1123418987819227
v 0.0028500000000000 0.0279910000000000 -0.0013700000000000
vn -6.2831853071795871 0.0000000000000000 0.0000000000000000
v -0.0031500000000000 0.0052580000000000 0.0280930000000000
vn 6.2831853071795862 -0.0000000000000004 0.0000000000000002
v 0.0028500000000000 -0.0016880000000000 0.0281240000000000
vn -5.3982141651929361 -0.5211714980288547 -2.1222498096180193
v -0.0046500000000000 0.0077730000000000 0.0305260000000000
vn 5.3241724233516043 2.2533566692492890 0.1586713096691865
v 0.0028500000000000 0.0314120000000000 0.0023540000000000
vn -2.2146270946666387 -1.5352782634377991 -5.2187343073989858
v -0.0041500000000000 0.0087790000000000 0.0297310000000000
vn -3.3206657856237252 -3.0147041300600548 -0.8571269385980724
v -0.0031500000000000 0.0295750000000000 0.0092920000000000
vn -2.1746984007996333 -5.2747699371378731 -1.4150726109848273
v -0.0041500000000000 0.0298750000000000 0.0082760000000000
vn -5.4321835052245513 -2.0679132404517095 -0.5882512492101220
v -0.0046500000000000 0.0303230000000000 0.0085310000000000
vn -4.4401449166602847 -4.3095201899986151 -1.0808710923372871
v -0.0044000000000000 0.0303130000000000 0.0075970000000000
vn -3.1105831765413572 -0.9421490549238236 -2.9963227268044887
v -0.0031500000000000 0.0096510000000000 0.0294590000000000
vn -3.0001094728358630 0.9079298602682448 2.9959225094391626
v -0.0046500000000000 0.0088730000000000 0.0307450000000000
vn -4.4575611240335533 -1.1255972684392339 -4.2807315900492924
v -0.0044000000000000 0.0078880000000000 0.0302380000000000
vn 2.1035998057938152 5.2977859195198729 0.4696338088341543
v 0.0023500000000000 0.0318840000000000 0.0027240000000000
vn 3.5355720652836915 -2.0865732470283658 2.2530041535875402
v 0.0028500000000000 0.0270510000000000 -0.0027490000000000
vn -4.4414828445670285 3.6375098928964240 -2.5481109960540937
v -0.0044000000000000 -0.0254670000000000 0.0181110000000000
vn -6.2831853071795862 0.0000000000000000 0.0000000000000000
v -0.0031500000000000 0.0143100000000000 -0.0185850000000000
vn 3.7899262561184894 1.9708761768760614 -2.2361912567025017
v 0.0028500000000000 0.0189850000000000 -0.0186570000000000
vn 3.6776431128629543 -2.3778118124144632 1.8972091099338397
v 0.0028500000000000 -0.0186980000000000 0.0189320000000000
vn 3.6660392784084079 -2.3416893968084693 1.9468579786546751
v 0.0028500000000000 0.0212540000000000 -0.0210190000000000
vn -3.5986602686397093 -0.9240435315065914 -2.9090763184755613
v -0.0031500000000000 0.0129150000000000 -0.0192260000000000
vn -6.2831853071795862 0.0000000000000000 0.0000000000000000
v -0.0031500000000000 -0.0189040000000000 0.0141430000000000
vn 2.9316047442213504 -2.7067154311793322 -1.5604151123092067
v -0.0011500000000000 0.0154980000000000 -0.0193430000000000
vn -2.8678046204287515 -2.9507812329957073 4.4191270094890829
v -0.0043167000000000 0.0180703000000000 -0.0253930000000000
vn 2.1813836217837412 -4.8462625155286565 2.1770667682363496
v 0.0023500000000000 -0.0291380000000000 0.0132290000000000
vn 2.8492308290690507 -0.7430714631271695 3.0185287045940226
v -0.0011500000000000 0.0130300000000000 -0.0248860000000000
vn 3.3192801505061773 0.6326585600049346 3.0682366632172959
v -0.0011500000000000 0.0116130000000000 -0.0232190000000000
vn 2.8278671258759243 -1.6640022554578204 2.6129010641742814
v -0.0011500000000000 0.0141824000000000 -0.0244078000000000
vn -5.5036246606886303 -1.0799553008700276 1.5343994270395060
v -0.0031500000000000 0.0104200000000000 -0.0174220000000000
vn 2.8797467530126228 -3.0996080518625524 0.3607928898444948
v -0.0011500000000000 0.0159790000000000 -0.0216100000000000
vn -3.5394723795689540 -3.0719603422233703 0.3742797201227279
v -0.0031500000000000 0.0143080000000000 -0.0216380000000000
vn 3.6832782595597187 1.6709879595785826 2.5425167403595177
v 0.0028500000000000 0.0190940000000000 -0.0213700000000000
vn 4.3788202262567140 -1.9035278469069805 -1.8030350668852686
v 0.0028500000000000 0.0213869000000000 -0.0186312000000000
vn 3.6137554080282115 -2.2133240873436337 -2.1027786796787740
v 0.0028500000000000 -0.0187860000000000 0.0211190000000000
vn 6.2831853071795862 0.0000000000000000 0.0000000000000000
v -0.0011500000000000 0.0148380000000000 -0.0203420000000000
vn 4.3888387042189905 2.0168932154960291 1.7059246778028867
v 0.0028500000000000 -0.0214805000000000 0.0188383000000000
vn 2.9130929831282404 -0.0167422041172843 3.1232636486449170
v -0.0011500000000000 0.0122500000000000 -0.0249680000000000
vn -1.7901354520159540 4.6307054142547210 -2.7813142247893214
v -0.0028500000000000 -0.0173210000000000 0.0100000000000000
vn 5.5570990874994637 -1.3151393369503019 -1.5176852673694716
v 0.0028500000000000 0.0138340000000000 0.0151290000000000
vn 5.6673275463629817 1.4910983879808812 1.1250312043560613
v 0.0028500000000000 -0.0159810000000000 -0.0128400000000000
vn 2.3900659467919070 3.5794613200090453 4.0230080048881378
v 0.0024750000000000 -0.0134200000000000 -0.0149975000000000
vn 2.5001044358302646 -4.4903987169165793 -2.9807162190243264
v 0.0024750000000000 0.0167115000000000 0.0112115000000000
vn 2.1219652123333188 3.6505916655725859 3.8600503961280013
v 0.0023500000000000 0.0219280000000000 0.0233060000000000
vn 5.4279072087523428 1.5469212661843912 1.4986741384479076
v 0.0028500000000000 -0.0149510000000000 -0.0140260000000000
vn 4.4497628002189371 3.2984447615919712 2.9582745398195067
v 0.0026000000000000 -0.0149630000000000 -0.0136450000000000
vn 1.5693803961562909 -3.8230688829351518 -4.3004500340193097
v 0.0023500000000000 0.0133830000000000 0.0148630000000000
vn -6.2831853071795853 0.0000000000000000 0.0000000000000000
v -0.0031500000000000 0.0218370000000000 0.0179770000000000
vn 3.5077280236582138 -2.2044209046867991 2.1640076589319235
v -0.0011500000000000 0.0137580000000000 0.0197560000000000
vn 2.1452306398004652 -4.1587265591016589 -3.3160030023953002
v 0.0023500000000000 -0.0250880000000000 -0.0198650000000000
vn 5.3224128021325434 1.7630675799017868 1.4144734981788547
v 0.0028500000000000 0.0246280000000000 0.0196400000000000
vn 3.6653858461963180 0.3660225955082336 3.0277855797710238
v 0.0028500000000000 0.0116910000000000 0.0175100000000000
vn 4.4366592019049831 2.5819214326318423 3.6157453060187699
v 0.0026000000000000 -0.0118040000000000 -0.0164540000000000
vn 5.3139807820152818 1.4024218314623544 1.7829426433286371
v 0.0028500000000000 0.0196400000000000 0.0246280000000000
vn 3.6728015406691643 -0.3611075430441145 -3.0268933404744001
v 0.0028500000000000 -0.0116910000000000 -0.0175100000000000
vn -6.2831853071795871 0.0000000000000000 0.0000000000000000
v -0.0031500000000000 0.0168270000000000 0.0204540000000000
vn 2.1812599489253981 -3.6453986094562971 -3.8680416154166259
v 0.0023500000000000 -0.0219280000000000 -0.0233060000000000
vn -3.4769199614979480 0.7837272317789150 -3.0085792483501286
v -0.0031500000000000 0.0119130000000000 0.0232900000000000
vn 5.4159505665157477 -1.7039722407474929 -1.3378630188274485
v 0.0028500000000000 0.0159810000000000 0.0128400000000000
vn 5.4307063772786970 -1.5811551988211412 -1.4585074408420153
v 0.0028500000000000 0.0149510000000000 0.0140260000000000
vn 5.4130717445946726 1.4811635097730456 1.5849071082020569
v 0.0028500000000000 -0.0138340000000000 -0.0151290000000000
vn 2.1676459728622128 -3.9354578488959993 -3.5748353990534962
v 0.0023500000000000 -0.0235710000000000 -0.0216430000000000
vn 6.2831853071795871 0.0000000000000000 0.0000000000000000
v -0.0011500000000000 0.0131250000000000 0.0186300000000000
vn 5.3139807820152845 -1.4024218314623527 -1.7829426433286317
v 0.0028500000000000 -0.0196400000000000 -0.0246280000000000
vn 2.2217417739861745 4.4413176046118510 3.0975042982033756
v 0.0023500000000000 -0.0164830000000000 -0.0113280000000000
vn -6.2831853071795871 0.0000000000000000 0.0000000000000000
v -0.0031500000000000 0.0204950000000000 0.0172020000000000
vn 2.1474498522338146 3.9035977149343228 3.6088774120779297
v 0.0023500000000000 0.0235710000000000 0.0216430000000000
vn 2.1867076780818220 4.1751940526710820 3.2972744283929267
v 0.0023500000000000 0.0250880000000000 0.0198650000000000
vn 5.3224128021325265 -1.7630675799017934 -1.4144734981788658
v 0.0028500000000000 -0.0246280000000000 -0.0196400000000000
vn 4.4507207643476461 -3.4070602476773475 -2.8324414387083432
v 0.0026000000000000 0.0156550000000000 0.0128440000000000
vn -6.2831853071795862 0.0000000000000000 0.0000000000000000
v -0.0031500000000000 0.0191520000000000 0.0164270000000000
vn -6.2831853071795862 0.0000000000000000 0.0000000000000000
v -0.0031500000000000 0.0145020000000000 0.0244810000000000
vn 5.3215472515233122 1.6510666058382113 1.5449496277760750
v 0.0028500000000000 0.0230910000000000 0.0214250000000000
vn -6.2831853071795862 0.0000000000000000 0.0000000000000000
v -0.0031500000000000 0.0241620000000000 0.0139500000000000
vn 5.5194532999316674 1.0926203459536776 1.7376707139603869
v 0.0028500000000000 -0.0113620000000000 -0.0170630000000000
vn 5.3215472515233131 -1.6510666058382100 -1.5449496277760764
v 0.0028500000000000 -0.0230910000000000 -0.0214250000000000
vn -6.2831853071795853 0.0000000000000000 0.0000000000000000
v -0.0031500000000000 0.0154850000000000 0.0196790000000000
vn 5.3188276739926534 1.5309141502995103 1.6676283967881709
v 0.0028500000000000 0.0214250000000000 0.0230910000000000
vn -6.2831853071795862 0.0000000000000000 0.0000000000000000
v -0.0031500000000000 0.0199270000000000 0.0150850000000000
vn 5.3188276739926508 -1.5309141502995138 -1.6676283967881753
v 0.0028500000000000 -0.0214250000000000 -0.0230910000000000
vn 5.4175050629297647 -1.7862790814647691 -1.2217911755174986
v 0.0028500000000000 0.0169170000000000 0.0115790000000000
vn -3.6055672333204303 1.8283546779695747 -2.4508049615309373
v -0.0031500000000000 0.0109880000000000 0.0228960000000000
vn 5.4090780714332842 -1.2191076288628822 -1.7996041648532455
v 0.0028500000000000 0.0113620000000000 0.0170630000000000
vn 5.4139900842727666 1.7731847958932143 1.2466204765107483
v 0.0028500000000000 -0.0169170000000000 -0.0115790000000000
vn 3.5583750484838133 -1.2622033542611497 2.8096344194285532
v -0.0011500000000000 0.0131280000000000 0.0193100000000000
vn 5.3649051104931980 2.1957058572428423 -0.3240030997270475
v 0.0028500000000000 -0.0204180000000000 0.0018300000000000
vn 2.3525109456720221 2.8398654278546918 -0.5458619216147851
v -0.0011500000000000 -0.0282290000000000 -0.0003920000000000
vn 2.1777226260466875 -5.2019389229809567 1.0935859625364737
v 0.0023500000000000 -0.0313170000000000 0.0065770000000000
vn -4.4434776228324688 4.4359993974539114 0.1914713968548521
v -0.0044000000000000 -0.0312220000000000 -0.0013120000000000
vn -2.2211083538919243 5.4265750143378764 0.3539934047681099
v -0.0041500000000000 -0.0309290000000000 -0.0020930000000000
vn -2.1214954612546615 0.3425207255176878 5.4588083656561919
v -0.0041500000000000 -0.0026150000000000 -0.0308900000000000
vn -6.2812571806934905 0.0861672756037248 -0.0304548243865236
v -0.0031500000000000 -0.0200390000000000 0.0099080000000000
vn 3.9907931007981334 -0.9086062610765848 -2.7306539503642964
v -0.0011500000000000 -0.0107308000000000 0.0241969000000000
vn -6.1539737444213909 0.5421135270151547 -0.7040224059269312
v -0.0031500000000000 -0.0141020000000000 0.0151250000000000
vn -6.2831853071795862 0.0000000000000000 0.0000000000000000
v -0.0031500000000000 -0.0278850000000000 0.0017980000000000
vn 3.4666089177064481 -2.0008747565708229 2.3644987787555252
v 0.0028500000000000 -0.0219490000000000 -0.0027490000000000
vn -6.2831853071795862 0.0000000000000000 0.0000000000000000
v -0.0031500000000000 -0.0265430000000000 0.0025730000000000
vn -5.4417324988320495 2.1394995112220170 0.0204345022631680
v -0.0046500000000000 -0.0314900000000000 -0.0007850000000000
vn -6.2818285566975431 -0.0744632400308036 0.0178723662748091
v -0.0031500000000000 0.0200390000000000 -0.0099080000000000
vn -6.2683209726154860 -0.2218676811006818 0.1977492156147235
v -0.0031500000000000 0.0186960000000000 -0.0106830000000000
vn -6.2670488818848762 0.2154423214596244 -0.2243590473412412
v -0.0031500000000000 -0.0186960000000000 0.0106830000000000
vn 5.4199928967062920 -0.2351937530173136 2.1488616611160127
v 0.0028500000000000 0.0020910000000000 -0.0203930000000000
vn 2.9301085033448215 1.8411392554903108 2.5241009858558900
v -0.0011500000000000 -0.0267040000000000 -0.0030340000000000
vn 6.2831853071795862 0.0000000000000000 0.0000000000000000
v -0.0011500000000000 -0.0260160000000000 -0.0027310000000000
vn -6.1893420683804656 -0.4861712048101748 0.5738640244865845
v -0.0031500000000000 0.0152247000000000 -0.0141685000000000
vn -6.2831853071795853 0.0000000000000000 0.0000000000000000
v -0.0031500000000000 -0.0219480000000000 0.0070160000000000
vn -5.0785764913555340 0.3565340762165428 3.5475603387387902
v -0.0044000000000000 -0.0017860000000000 -0.0311990000000000
vn 2.1583308976812434 5.4738694633921963 -0.1489508561969035
v 0.0023500000000000 -0.0199930000000000 0.0005240000000000
vn -6.1297141353528426 -0.7371751372720776 0.3845276556875635
v -0.0031500000000000 0.0141020000000000 -0.0151250000000000
vn -6.2831853071795862 0.0000000000000000 0.0000000000000000
v -0.0031500000000000 0.0219480000000000 -0.0070160000000000
vn -0.1318079169289570 5.3464130889841712 3.0873712521201044
v 0.0008500000000000 -0.0277480000000000 -0.0018750000000000
vn 6.2831853071795862 0.0000000000000005 0.0000000000000018
v 0.0028500000000000 0.0207840000000000 -0.0170990000000000
vn -1.0505830657072961 1.9601508901626790 -0.9078418617640502
v -0.0031500000000000 -0.0155420000000000 0.0130590000000000
vn -6.1504998810238893 0.6720738408497227 -0.5899129167797391
v -0.0031500000000000 -0.0152232000000000 0.0141092000000000
vn -6.2831853071795862 0.0000000000000000 0.0000000000000000
v -0.0031500000000000 0.0016610000000000 -0.0276770000000000
vn 3.8955278745089528 0.9682782858724128 2.7680643410924830
v -0.0011500000000000 0.0107302000000000 -0.0242382000000000
vn -5.4263020672000843 1.4384106354109580 -1.4137854823531173
v -0.0031500000000000 -0.0128400000000000 0.0157240000000000
vn 2.5984815735063740 2.9788861592057216 0.3633620410444819
v -0.0011500000000000 0.0086840000000000 -0.0223760000000000
vn 2.6438191538296696 -2.9906970462378375 -0.4308109263311775
v -0.0011500000000000 -0.0086840000000000 0.0223760000000000
vn 5.1170462180273404 -1.6594690313593441 -0.8479847707164928
v -0.0001500000000000 0.0183470000000000 -0.0053140000000000
vn -6.2703266150902195 0.1150986062238205 -0.2575008074652597
v -0.0031500000000000 -0.0081650000000000 0.0203430000000000
vn -5.9625460512210164 1.1096587251239334 -0.6694294932085012
v -0.0031500000000000 -0.0169586000000000 0.0115126000000000
vn 2.3532426018886148 -0.9467325107476622 -2.7331425529371423
v -0.0011500000000000 -0.0100460000000000 0.0242510000000000
vn 5.4332754352671389 -0.3507626129252024 2.1193561950354378
v 0.0028500000000000 0.0036460000000000 -0.0201730000000000
vn -6.2831853071795862 0.0000000000000000 0.0000000000000000
v -0.0031500000000000 0.0089400000000000 -0.0216850000000000
vn -3.5621041532030437 -2.2902562823183397 1.7825919185619274
v -0.0031500000000000 -0.0106230000000000 0.0198890000000000
vn 3.0727062289714580 -3.1453149387124602 0.9275487651474520
v -0.0001500000000000 0.0195100000000000 -0.0044010000000000
vn -6.2749086514099259 -0.1535109050806861 0.1550499381388823
v -0.0031500000000000 0.0081650000000000 -0.0203430000000000
vn -2.9169545986180871 2.7625150295239296 -3.5549167211206991
v -0.0030000000000000 -0.0132121000000000 0.0152121000000000
vn 3.5384599295155161 0.9075488602350231 -2.9339438777893267
v 0.0028500000000000 -0.0133550000000000 0.0248010000000000
vn 2.9303377889139535 2.7063532127091392 1.5606245254076470
v -0.0011500000000000 0.0090020000000000 -0.0230930000000000
vn 6.2831853071795853 -0.0000000000000000 0.0000000000000010
v 0.0028500000000000 -0.0174790000000000 0.0208250000000000
vn 3.5057081124837608 -2.6310102291634241 -1.6102157983496435
v 0.0028500000000000 -0.0212520000000000 0.0018750000000000
vn -6.2831853071795862 0.0000000000000000 0.0000000000000000
v -0.0031500000000000 -0.0292270000000000 0.0010230000000000
vn 3.5903395719331610 2.6522636955053596 1.5318335561146406
v 0.0028500000000000 -0.0154980000000000 0.0193430000000000
vn -3.2275695696882587 -2.6196089925352766 2.5089258783335202
v -0.0030000000000000 0.0151899000000000 -0.0132372000000000
vn -5.4227340792120780 -1.1702597788969114 2.0061673704775904
v -0.0030750000000000 0.0111070000000000 -0.0169020000000000
vn -6.2831853071795871 0.0000000000000000 0.0000000000000000
v -0.0031500000000000 -0.0238580000000000 0.0041230000000000
vn -6.2831853071795871 0.0000000000000000 0.0000000000000000
v -0.0031500000000000 0.0238580000000000 -0.0041230000000000
vn -2.9124514030376178 3.2135633192245381 -2.7863906243878649
v -0.0029250000000000 -0.0149875000000000 0.0133525000000000
vn -5.8441083595576409 -1.4304080757017259 0.8807282630907156
v -0.0030844000000000 0.0167874000000000 -0.0115144000000000
vn 4.4327922398675037 -0.3597336616633693 4.4307793045854504
v 0.0026000000000000 0.0018470000000000 -0.0201660000000000
vn -6.2831853071795862 0.0000000000000000 0.0000000000000000
v -0.0031500000000000 -0.0089400000000000 0.0216850000000000
vn 2.9160933026555886 1.2612890453029932 2.8577014698532999
v -0.0011500000000000 -0.0260250000000000 -0.0034260000000000
vn -4.9434917832953680 3.7957737074876032 0.2171465257996261
v -0.0044000000000000 -0.0310620000000000 -0.0034260000000000
vn -6.2831853071795862 0.0000000000000000 0.0000000000000000
v -0.0031500000000000 -0.0213810000000000 0.0091330000000000
vn 3.5342727871941517 -0.9071190206130632 2.9341655598926462
v 0.0028500000000000 -0.0233950000000000 -0.0035830000000000
vn -6.2804433150649155 0.1027203752274979 -0.0206357103765143
v -0.0031500000000000 -0.0206060000000000 0.0077910000000000
vn -3.2971797635730313 -2.3884795831296239 2.5050205697322188
v -0.0030150000000000 0.0132423000000000 -0.0152061000000000
vn -6.2831853071795862 0.0000000000000000 0.0000000000000000
v -0.0031500000000000 0.0213810000000000 -0.0091330000000000
vn -6.2800222742628495 -0.1140692775924365 0.0257848663283768
v -0.0031500000000000 0.0206060000000000 -0.0077910000000000
vn 2.9090302212891097 2.3193582565846471 2.0923397384140570
v -0.0011500000000000 -0.0272870000000000 -0.0025090000000000
vn -3.0870617616486742 0.0789421957589461 3.1392031992881586
v -0.0031500000000000 -0.0007550000000000 -0.0309910000000000
vn 5.4624812149525832 2.0922861184655686 -0.3171427952265825
v 0.0028500000000000 -0.0202180000000000 0.0033880000000000
vn -2.8897910969176266 0.0082775328049883 -1.9802246668391585
v -0.0046500000000000 -0.0016127000000000 -0.0317923000000000
vn -3.0834145383961982 3.1396969047686070 0.0451206856959789
v -0.0031500000000000 -0.0309980000000000 -0.0003770000000000
vn 2.4112919039331908 1.0397646585058378 2.7366756096482217
v -0.0011500000000000 0.0100460000000000 -0.0242510000000000
vn 2.9101392623331930 2.9720049201479073 0.9618888163004380
v -0.0011500000000000 -0.0280660000000000 -0.0011590000000000
vn 2.0311371808378884 -0.2047738750216271 5.5749896263222096
v 0.0023500000000000 0.0010470000000000 -0.0199730000000000
vn -5.4199558246873387 1.1229871597974408 -1.8182095299770134
v -0.0031500000000000 -0.0113140000000000 0.0168550000000000
vn 2.1702825414823144 0.9710775720308236 -5.1537496467240524
v 0.0023500000000000 0.0061950000000000 -0.0313950000000000
vn 2.9303377889139521 -2.7063532127091392 -1.5606245254076470
v -0.0011500000000000 -0.0090020000000000 0.0230930000000000
vn 2.4202607388660415 2.6694486569716260 4.6733768398878848
v 0.0024750000000000 -0.0097930000000000 -0.0175800000000000
vn 5.4069850929732732 1.8884746590704564 1.0799231677264347
v 0.0028500000000000 -0.0177540000000000 -0.0102500000000000
vn 2.3381969349847305 -0.0153189403544356 -2.9136298044238367
v -0.0011500000000000 -0.0130300000000000 -0.0175500000000000
vn -3.6250273414733623 1.8487162214294934 -2.4267243437038868
v -0.0031500000000000 0.0189850000000000 0.0212950000000000
vn 3.5269627396421712 -1.7293985210855392 -2.5392303236466440
v 0.0028500000000000 -0.0101380000000000 -0.0181190000000000
vn 6.2831853071795862 -0.0000000000000011 -0.0000000000000006
v 0.0028500000000000 0.0190960000000000 0.0110250000000000
vn -6.2831853071795862 0.0000000000000000 0.0000000000000000
v -0.0031500000000000 0.0149180000000000 0.0175620000000000
vn -4.3839117951042246 3.1360712846646668 3.2222628217378473
v -0.0044000000000000 -0.0220480000000000 -0.0221460000000000
vn 1.9934989224947668 3.0944690234381920 4.6031040474228320
v 0.0023500000000000 -0.0108930000000000 -0.0167730000000000
vn -6.2831853071795862 0.0000000000000000 0.0000000000000000
v -0.0031500000000000 -0.0149180000000000 -0.0175620000000000
vn -4.3839117951042237 -3.1360712846646672 -3.2222628217378482
v -0.0044000000000000 0.0220480000000000 0.0221460000000000
vn 2.3539961928824811 -0.0289390178422949 2.9215784566023890
v -0.0011500000000000 0.0130300000000000 0.0175500000000000
vn -3.6266524994689355 -2.3554167047115642 1.9374143378419022
v -0.0031500000000000 0.0212540000000000 0.0189320000000000
vn -3.7078402465908162 -2.3156388555983649 1.9653034383184553
v -0.0031500000000000 -0.0186980000000000 -0.0210190000000000
vn 4.9224290212531709 -3.8474314424279705 0.1935737440093876
v 0.0026000000000000 0.0202370000000000 -0.0007250000000000
vn -4.5611891686322057 -0.7748699536625313 2.4809999055775580
v -0.0031500000000000 0.0148990000000000 0.0035320000000000
vn -6.2445476508289364 0.4386549352920687 0.2077283155728527
v -0.0031500000000000 -0.0205500000000000 -0.0047060000000000
vn 2.8599518437042284 -3.1668820757084033 1.2420118146803927
v -0.0002917000000000 0.0123969000000000 0.0013179000000000
vn -2.8519084154424390 -3.1642738804355046 -1.2687890123109664
v -0.0030083000000000 0.0124051000000000 -0.0013428000000000
vn 2.9186316349786483 0.6323141979353036 -3.0588176293301990
v -0.0011500000000000 0.0237200000000000 0.0036680000000000
vn -5.4121909920105136 -0.5896195023946207 -2.0964969708876935
v -0.0030625000000000 0.0060093000000000 0.0192984000000000
vn 3.5751529220165907 -2.9119253976447101 -0.9947017667053552
v -0.0011500000000000 -0.0102690000000000 -0.0205200000000000
vn -3.6168391909503352 0.5830137845856501 -2.8133472871733103
v -0.0031500000000000 0.0155990000000000 0.0024680000000000
vn -6.2831853071795871 0.0000000000000000 0.0000000000000000
v -0.0031500000000000 -0.0097000000000000 -0.0234980000000000
vn -3.3012994363699404 1.1405750907155776 3.3417028164342724
v -0.0030115000000000 -0.0067566000000000 -0.0189950000000000
vn 3.0206350873042287 -2.8647715469177073 1.8506953324946713
v -0.0002727000000000 0.0129445000000000 0.0022759000000000
vn -5.3925832744375430 0.9489986239096568 1.9748282644132213
v -0.0046500000000000 -0.0136670000000000 -0.0283810000000000
vn -6.2831853071795862 0.0000000000000000 0.0000000000000000
v -0.0031500000000000 0.0230270000000000 0.0097150000000000
vn -6.2831853071795862 0.0000000000000000 0.0000000000000000
v -0.0031500000000000 -0.0137270000000000 -0.0258230000000000
vn 6.2831853071795862 0.0000000000000002 0.0000000000000009
v 0.0028500000000000 -0.0190960000000000 -0.0110250000000000
vn -3.3784399014319391 2.8828982024166967 1.2183970242326243
v -0.0031500000000000 -0.0288180000000000 -0.0114260000000000
vn 3.1734907806058672 -2.0202610359985425 3.1097090240312206
v -0.0003000000000000 0.0142707000000000 0.0034304000000000
vn -5.8996851638418146 1.3906026379880092 0.5453842155904201
v -0.0031500000000000 -0.0196016000000000 -0.0058350000000000
vn 3.6071586882649198 0.2020169248562053 2.7168568889027696
v -0.0001500000000000 0.0157990000000000 -0.0024920000000000
vn 5.1939637998932993 -0.8956404393939640 -2.3240018210190008
v -0.0002464000000000 0.0147441000000000 -0.0035815000000000
vn -3.2751868601050163 -0.8955986952464897 -3.1805313206689276
v -0.0030000000000000 0.0068931000000000 0.0189324000000000
vn 2.0504985163872931 -2.5763128051709527 -4.8399589263366032
v 0.0023500000000000 0.0095430000000000 0.0175760000000000
vn 5.5690903364946749 -1.6978771256278873 -1.0451592713278188
v 0.0028500000000000 0.0177540000000000 0.0102500000000000
vn 4.4387152893868578 -3.9345509156223373 -2.0593678492275287
v 0.0026000000000000 0.0179650000000000 0.0093450000000000
vn 3.5434616725138173 1.7420169281328901 2.5259706328264704
v 0.0028500000000000 0.0101380000000000 0.0181190000000000
vn -3.0480137527440352 -2.7932396186019588 -1.8933275665169533
v -0.0030273000000000 0.0129845000000000 -0.0023278000000000
vn -3.1413451193769140 -1.9209134141795321 -3.0580328640219099
v -0.0029864000000000 0.0141003000000000 -0.0033637000000000
vn -5.4403966555810799 1.8967975073784236 0.9932993968257389
v -0.0046500000000000 -0.0280310000000000 -0.0143710000000000
vn 2.3712385673453813 -2.8420172345268533 -4.5820563104275660
v 0.0024654000000000 0.0109092000000000 0.0168999000000000
vn 2.2053541208012915 -1.3120935704067362 -5.1204758904282910
v 0.0023500000000000 -0.0077160000000000 -0.0310560000000000
vn 2.9186316349786479 -0.6323141979353036 3.0588176293301990
v -0.0011500000000000 -0.0237200000000000 -0.0036680000000000
vn -3.6997790265514761 -2.3231018570272246 1.9579916495028420
v -0.0031500000000000 -0.0106230000000000 -0.0225460000000000
vn 4.4344306473788251 0.1816763641354959 -4.4435439781929844
v 0.0026000000000000 -0.0008200000000000 0.0202330000000000
vn -6.2831853071795862 0.0000000000000000 0.0000000000000000
v -0.0031500000000000 -0.0230270000000000 -0.0097150000000000
vn -1.8634146813203918 5.1917495595284207 1.8111248950613246
v -0.0028500000000000 -0.0189000000000000 -0.0065410000000000
vn 3.3103509945342831 3.1030578622527552 0.4165226491417149
v -0.0011500000000000 0.0103146000000000 0.0204989000000000
vn -3.6770485170069138 2.7873361609323322 -1.1820175350228896
v -0.0031500000000000 0.0103530000000000 0.0221180000000000
vn -5.4902062215284673 1.9167866371386797 0.8238753315586507
v -0.0046500000000000 -0.0287120000000000 -0.0129560000000000
vn 2.5277329221272136 -5.3142132590592395 0.6999394594300116
v 0.0024846000000000 0.0198772000000000 -0.0031771000000000
vn -6.2831853071795871 0.0000000000000000 0.0000000000000000
v -0.0031500000000000 0.0205500000000000 0.0047060000000000
vn -6.2831853071795853 0.0000000000000000 0.0000000000000000
v -0.0031500000000000 0.0097000000000000 0.0234980000000000
vn -3.4338893907625594 1.1732229059521830 2.8985394071824206
v -0.0031500000000000 -0.0117760000000000 -0.0286760000000000
vn -2.7004765261644512 2.3795141956796231 4.7841253855641686
v -0.0042958000000000 -0.0134728000000000 -0.0280806000000000
vn -6.2715378540760502 -0.1958265415687794 0.1511960500463028
v -0.0031500000000000 0.0197750000000000 0.0060480000000000
vn 4.4390394006554770 0.6704141507107340 -4.3885334410295460
v 0.0026000000000000 -0.0028700000000000 0.0200460000000000
vn -4.4424231454365142 3.9998052716650778 1.9286493473847635
v -0.0044000000000000 -0.0281310000000000 -0.0136100000000000
vn -3.1736224039639431 1.1025700149955366 3.6819576980016970
v -0.0030000000000000 -0.0058340000000000 -0.0192860000000000
vn -3.5650980210693399 -3.5520426181209253 0.8355365064649244
v -0.0029864000000000 0.0186115000000000 0.0065877000000000
vn 0.0294873314626746 -6.0408762219519110 -1.6084949115570502
v -0.0004069000000000 0.0185025000000000 0.0074750000000000
vn 2.9262787800807626 0.6608210727237283 3.0533163329081536
v -0.0011500000000000 -0.0252800000000000 -0.0036680000000000
vn -2.1515377245274032 2.6558928312938206 4.7800764292607321
v -0.0041500000000000 -0.0145840000000000 -0.0273550000000000
vn 3.5342727871941517 0.9071190206130632 -2.9341655598926462
v 0.0028500000000000 0.0233950000000000 0.0035830000000000
vn 2.2914099575199551 -2.8202934051242901 0.4390175986755941
v -0.0011500000000000 -0.0085210000000000 -0.0208260000000000
vn 1.9143518802573909 -2.3744312158177614 -5.0232277769475715
v 0.0023500000000000 0.0081350000000000 0.0182710000000000
vn 2.1820862414037259 -5.0759622506481055 -1.6056959135819122
v 0.0023500000000000 -0.0305290000000000 -0.0095920000000000
vn 5.3256670393294243 -2.1589683727329576 -0.6591965359565346
v 0.0028500000000000 -0.0301010000000000 -0.0092850000000000
vn 2.2897794993406908 2.8165744163701603 -0.4545727008765201
v -0.0011500000000000 0.0085210000000000 0.0208260000000000
vn 5.2891473572954268 -0.6470078280992291 -2.1986857891251721
v 0.0028500000000000 -0.0092850000000000 -0.0301010000000000
vn 5.5274561162298941 0.4166178153829956 -2.0004279311478532
v 0.0028500000000000 -0.0036460000000000 0.0201730000000000
vn -3.5939922775005888 2.6172173337780795 0.1487441690045176
v -0.0031500000000000 0.0135020000000000 -0.0001010000000000
vn -6.2820825642629599 -0.0114136782630879 -0.0734808382516357
v -0.0031500000000000 0.0083580000000000 0.0227230000000000
vn -6.2751888123090760 0.0652954807367749 -0.2062004283698662
v -0.0031500000000000 0.0056730000000000 0.0211730000000000
vn 2.9262787800807630 -0.6608210727237283 -3.0533163329081536
v -0.0011500000000000 0.0252800000000000 0.0036680000000000
vn 6.2831853071795853 0.0000000000000007 -0.0000000000000010
v 0.0028500000000000 -0.0218240000000000 -0.0126000000000000
vn 3.5395526824158043 2.6261550855821740 1.6085012416949220
v 0.0028500000000000 0.0212520000000000 -0.0018750000000000
vn 5.4179637659717201 -2.1324488673022608 0.3696065606736824
v 0.0028500000000000 0.0202180000000000 -0.0033880000000000
vn 2.1990340776074198 -1.6575848882959929 -5.0252907774074984
v 0.0023500000000000 -0.0099630000000000 -0.0304100000000000
vn -3.1363991133780766 0.7424677291970462 3.8103263288296625
v -0.0029906000000000 -0.0038767000000000 -0.0197628000000000
vn 2.2015138961052347 0.3038069025308818 -5.4166383962819218
v 0.0023500000000000 -0.0010470000000000 0.0199730000000000
vn 6.2831853071795862 0.0000000000000000 0.0000000000000000
v -0.0011500000000000 0.0107340000000000 0.0184870000000000
vn -6.2799012648867905 0.0354212799355975 0.1137665311493512
v -0.0031500000000000 -0.0056730000000000 -0.0211730000000000
vn 3.4366231714082041 2.6288683315183397 -0.8844437159645102
v -0.0001500000000000 0.0137410000000000 0.0010720000000000
vn 6.2831853071795862 0.0000000000000000 0.0000000000000000
v -0.0011500000000000 -0.0107340000000000 -0.0184870000000000
vn -3.3336826639404946 1.4926977834668920 2.7546464750146753
v -0.0031500000000000 -0.0138380000000000 -0.0277400000000000
vn -6.2807925742624251 -0.0634293302699897 0.0543049758766128
v -0.0031500000000000 0.0192080000000000 0.0039310000000000
vn -3.2295172040189484 3.4409530210738195 0.7261745844899490
v -0.0030088000000000 -0.0197932000000000 -0.0038221000000000
vn -3.0404259320176972 -0.7610931073882147 -3.8360038712656683
v -0.0029833000000000 0.0039361000000000 0.0197448000000000
vn -3.6054202108549722 2.3373272553959863 1.3670158425595074
v -0.0031500000000000 0.0138350000000000 -0.0012500000000000
vn -6.2831853071795871 0.0000000000000000 0.0000000000000000
v -0.0031500000000000 -0.0083580000000000 -0.0227230000000000
vn 3.6558997454969058 -2.1371191686526609 2.1739866397436329
v 0.0028500000000000 0.0148010000000000 0.0184690000000000
vn -3.0843253624061600 2.4576902428582468 1.9544092685103660
v -0.0031500000000000 -0.0243040000000000 -0.0192440000000000
vn -6.2358652659712810 0.4368791709648395 0.3086664529192846
v -0.0031500000000000 -0.0143500000000000 -0.0154440000000000
vn -5.4324123502019077 1.4187826230166263 1.4182654169175788
v -0.0031500000000000 -0.0148210000000000 -0.0138720000000000
vn -3.2080452266498862 2.0524933845591140 2.3756800924110246
v -0.0031500000000000 -0.0195380000000000 -0.0240680000000000
vn 3.6884305085440325 -2.8035722082176182 1.1896125206271166
v 0.0028500000000000 0.0157410000000000 0.0198480000000000
vn -5.9582039455474245 -0.7775787528138208 -1.0093233519747959
v -0.0031500000000000 0.0149532000000000 0.0140329000000000
vn -6.2152914453984467 -0.5582814504760945 -0.3268392087633674
v -0.0031500000000000 0.0142264000000000 0.0150717000000000
vn -3.0843253624061600 -2.4576902428582468 -1.9544092685103662
v -0.0031500000000000 0.0243040000000000 0.0192440000000000
vn -3.2080452266498853 -2.0524933845591145 -2.3756800924110242
v -0.0031500000000000 0.0195380000000000 0.0240680000000000
vn -0.0087007814042212 -4.5753038360983727 -4.0133057790551296
v -0.0001500000000000 -0.0187475000000000 -0.0189251000000000
vn -3.0876232344579799 -2.1499318057083876 -2.2888203033341830
v -0.0031500000000000 0.0212430000000000 0.0225770000000000
vn -0.0546580540605928 4.9215291943068040 3.4352175999452563
v -0.0001500000000000 0.0185470000000000 0.0191510000000000
vn -3.0876232344579702 2.1499318057083863 2.2888203033341838
v -0.0031500000000000 -0.0212430000000000 -0.0225770000000000
vn -5.4791605821607590 -1.2020133107008710 -1.5096794982729120
v -0.0031500000000000 0.0118920000000000 0.0164520000000000
vn -4.4426850360001495 -3.8442226970636106 -2.2248609972279279
v -0.0044000000000000 0.0270630000000000 0.0156250000000000
vn -3.2845477259850990 -2.5656923670605805 -1.8002460380651564
v -0.0031500000000000 0.0256440000000000 0.0174180000000000
vn -2.0753456349944788 -2.6975589737338574 -4.7314836495389567
v -0.0041500000000000 0.0159510000000000 0.0265810000000000
vn -2.9499312314971839 0.0463253573326952 -4.5981960181890074
v -0.0029318000000000 -0.0011767000000000 0.0200463000000000
vn 3.6848568994250677 -1.4149165465222273 2.6863875008737068
v -0.0011500000000000 -0.0113720000000000 -0.0231250000000000
vn 2.1552931204892753 -1.4869456611423826 4.5091902048707748
v -0.0004500000000000 0.0148730000000000 0.0038380000000000
vn 2.1656723888023715 -5.3553016598333425 -1.1543909405121204
v 0.0023500000000000 0.0195630000000000 0.0041580000000000
vn 3.5359006732697185 -2.0863892818432386 2.2531166194135235
v 0.0028500000000000 -0.0096990000000000 -0.0239670000000000
vn -2.0183801079407178 -5.0560635298937919 -1.9565791508437942
v -0.0028500000000000 0.0182350000000000 0.0082140000000000
vn -5.3982141651929387 0.5211714980288591 2.1222498096180202
v -0.0046500000000000 -0.0077730000000000 -0.0305260000000000
vn 3.8490168417116974 2.5057495526865745 -1.5675701965822761
v -0.0011500000000000 -0.0151964000000000 -0.0195518000000000
vn -3.6240393623598863 -2.9891476130919932 0.6093887229543257
v -0.0031500000000000 0.0184490000000000 -0.0005000000000000
vn -6.2831853071795862 0.0000000000000000 0.0000000000000000
v -0.0031500000000000 -0.0141430000000000 -0.0189040000000000
vn 2.6151910257509585 1.0742945249929712 2.8446545355541710
v -0.0011500000000000 -0.0130300000000000 -0.0248860000000000
vn -2.1550043301552719 4.3980162687344029 3.2563725564831447
v -0.0041500000000000 -0.0251410000000000 -0.0181370000000000
vn 2.9160933026555891 1.2612890453029899 2.8577014698533008
v -0.0011500000000000 0.0229750000000000 -0.0034260000000000
vn 0.0256121143732780 -1.1332976110706867 6.1658017144234689
v -0.0016500000000000 0.0157140000000000 0.0039900000000000
vn -3.5860373016725751 1.8229157754887448 -2.4542907127353293
v -0.0031500000000000 -0.0135120000000000 -0.0195390000000000
vn -5.3529632378749401 0.2013267409884004 -2.1133338751553223
v -0.0031500000000000 -0.0024920000000000 0.0201460000000000
vn 3.5359006732697171 2.0863892818432412 -2.2531166194135230
v 0.0028500000000000 0.0096990000000000 0.0239670000000000
vn 2.9593820404674109 2.4959142708023423 -1.8703137166873698
v -0.0011500000000000 0.0214825000000000 0.0021920000000000
vn -6.2760404233550853 -0.0199220273326020 -0.1798614486700365
v -0.0031500000000000 -0.0033630000000000 0.0213250000000000
vn 4.4396043353937404 0.9874748053864271 4.3287485905470566
v 0.0026000000000000 -0.0042960000000000 -0.0197890000000000
vn 3.6249815277380488 -2.9299590066825911 -0.8482566050204829
v -0.0001500000000000 0.0184010000000000 0.0006960000000000
vn -6.2831853071795853 0.0000000000000000 0.0000000000000000
v -0.0031500000000000 -0.0052580000000000 -0.0280930000000000
vn 2.3436006793021118 5.2689229485469014 1.1466453530577421
v 0.0024654000000000 -0.0196581000000000 -0.0042646000000000
vn 3.2757584900018202 1.6455515447975357 2.6710164984062539
v -0.0011500000000000 -0.0139710000000000 -0.0242419000000000
vn -2.7528446640136348 -1.1258616172682538 -5.2346064379899158
v -0.0042864000000000 0.0058083000000000 0.0305898000000000
vn -6.2831853071795862 0.0000000000000000 0.0000000000000000
v -0.0031500000000000 0.0272620000000000 0.0085810000000000
vn -5.4065295415251278 -2.1430700869644035 -0.3725991952380502
v -0.0046500000000000 0.0312560000000000 0.0039170000000000
vn -4.4367768321587775 -4.3721637050299229 -0.8112692894401496
v -0.0044000000000000 0.0307580000000000 0.0055240000000000
vn -5.4592094458420979 -2.0752102870901270 -0.4368270284415653
v -0.0046500000000000 0.0307100000000000 0.0070090000000000
vn -2.1995557046774064 -1.2719281188926075 -5.2846184741894264
v -0.0041500000000000 0.0072620000000000 0.0301370000000000
vn -3.4234451614215651 -0.5812513265733458 -3.0719343786605942
v -0.0031500000000000 0.0052590000000000 0.0305510000000000
vn 5.2535263109861159 -0.2143977429450034 2.3149168356034169
v 0.0028500000000000 -0.0023540000000000 0.0314120000000000
vn -3.0892081376131180 -3.1004390240708712 -0.4982712130792764
v -0.0031500000000000 0.0306120000000000 0.0048870000000000
vn 5.3216527562996765 2.2541875982943340 -0.1809828580543729
v 0.0028500000000000 0.0314120000000000 -0.0023540000000000
vn -3.0179784320483889 0.4001779382654629 3.1082735082592237
v -0.0046500000000000 0.0040760000000000 0.0317390000000000
vn -2.1490517990380980 -0.1568818057062529 -5.4809957240454068
v -0.0041500000000000 0.0010470000000000 0.0309820000000000
vn 3.6289819919176329 -2.2081223328666950 -2.1007632081773040
v -0.0011500000000000 0.0260950000000000 0.0013660000000000
vn -5.4286146855652930 -0.2037545211984074 -2.1440665783244466
v -0.0046500000000000 0.0031360000000000 0.0313430000000000
vn 2.2072654526900770 1.2869531972806012 5.1267828622420746
v 0.0023500000000000 0.0077160000000000 0.0310560000000000
vn 6.2831853071795862 0.0000000000000000 0.0000000000000000
v -0.0011500000000000 0.0270880000000000 0.0008750000000000
vn -3.0883372762191694 -3.1292436886763411 -0.2622275154131878
v -0.0031500000000000 0.0308870000000000 0.0026390000000000
vn -6.2831853071795871 0.0000000000000000 0.0000000000000000
v -0.0031500000000000 -0.0234430000000000 -0.0027960000000000
vn 5.4270671945415758 1.4140124436010428 -1.6263971521926559
v 0.0028500000000000 -0.0134430000000000 0.0154770000000000
vn 3.6230386736633271 1.5554627702474590 2.5921871412837207
v -0.0011500000000000 -0.0132270000000000 0.0193990000000000
vn 3.5301746462764987 0.4564248913022980 3.0375543922987234
v 0.0028500000000000 0.0239410000000000 -0.0037080000000000
vn -3.9363001684583740 -0.7669620318516657 -2.8293292514895780
v -0.0031500000000000 -0.0116883000000000 0.0233704000000000
vn 3.5301746462764991 -0.4564248913022989 -3.0375543922987234
v 0.0028500000000000 -0.0239410000000000 0.0037080000000000
vn -5.4154675319113661 -0.3831952647280996 2.1323096939215582
v -0.0046500000000000 0.0062420000000000 -0.0308750000000000
vn -0.0860581931002154 -5.6889662859038790 2.6631675491215452
v -0.0016500000000000 0.0182350000000000 -0.0082140000000000
vn 5.0772496950155279 -0.9578330570041210 -1.7906556508760951
v -0.0011500000000000 -0.0231708000000000 0.0024164000000000
vn 2.8679322031827632 -1.9097420580564481 -2.4581494631819956
v -0.0011500000000000 -0.0222960000000000 0.0030340000000000
vn -5.4001319848744833 -0.4645960133550244 2.1303786412083090
v -0.0046500000000000 0.0046950000000000 -0.0311480000000000
vn -2.5929862157454853 -1.1177206862700437 5.2773667951787777
v -0.0042750000000000 0.0066580000000000 -0.0304045000000000
vn 3.5870551128740495 3.0565527036731259 0.2461273113648901
v 0.0028500000000000 0.0085100000000000 -0.0214980000000000
vn 6.2831853071795862 0.0000000000000009 0.0000000000000003
v 0.0028500000000000 0.0055690000000000 -0.0222460000000000
vn -6.2822452637388784 0.0474092256654001 0.0470541728261680
v -0.0031500000000000 -0.0221000000000000 -0.0020210000000000
vn -4.4489337409494203 4.3303239952570820 -0.9559840737180191
v -0.0044000000000000 -0.0304820000000000 0.0068860000000000
vn -3.3074558855538791 -0.6503971528547684 -3.6757237588133642
v -0.0029559000000000 0.0159709000000000 -0.0039328000000000
vn 2.1309273252982441 -5.2982470291123134 -0.4798788296554947
v 0.0023500000000000 -0.0318840000000000 -0.0027240000000000
vn 3.5355720652836946 2.0865732470283684 -2.2530041535875363
v 0.0028500000000000 -0.0270510000000000 0.0027490000000000
vn -3.0172887766476668 -3.0906675267193129 0.5186191198079141
v -0.0046500000000000 -0.0315600000000000 0.0052880000000000
vn -5.4356171072708612 2.0458419648011144 -0.1464761989301859
v -0.0031500000000000 -0.0201100000000000 0.0027740000000000
vn -6.2831853071795862 0.0000000000000000 0.0000000000000000
v -0.0031500000000000 -0.0027810000000000 -0.0230830000000000
vn 6.2831853071795862 0.0000000000000000 0.0000000000000000
v -0.0011500000000000 -0.0137660000000000 0.0184870000000000
vn 3.5571753573806708 -2.0976810077603898 2.2377428085596094
v 0.0028500000000000 -0.0096990000000000 0.0184690000000000
vn 3.5554823624079650 2.0968501621394462 -2.2389515968363392
v 0.0028500000000000 0.0096990000000000 -0.0184690000000000
vn -6.2831853071795862 0.0000000000000000 0.0000000000000000
v -0.0031500000000000 -0.0164270000000000 0.0191520000000000
vn -2.2408934917235266 5.3897735958034154 -0.0097733074391399
v -0.0028500000000000 -0.0200000000000000 0.0000000000000000
vn 5.4090799853943752 -1.4181289618777586 1.6466174790915085
v 0.0028500000000000 0.0134430000000000 -0.0154770000000000
vn -3.3299460250190571 -0.3609846429345431 3.1103600530950635
v -0.0031500000000000 0.0037650000000000 -0.0307700000000000
vn -6.2831853071795862 0.0000000000000000 0.0000000000000000
v -0.0031500000000000 -0.0150850000000000 0.0199270000000000
vn -3.0767322273003037 3.1132851894814353 -0.4074528294126272
v -0.0031500000000000 -0.0307220000000000 0.0041400000000000
vn -2.2130490929381947 -0.0319091815564620 5.4154367659927498
v -0.0028500000000000 0.0000490000000000 -0.0200000000000000
vn 4.4333939111103753 -3.2426812282707322 3.0438245142800406
v 0.0026000000000000 0.0147750000000000 -0.0138480000000000
vn 6.2831853071795862 -0.0000000000000001 0.0000000000000001
v 0.0028500000000000 -0.0055690000000000 0.0222460000000000
vn 3.5992854150817908 -3.0575734071467551 -0.1972076116847084
v 0.0028500000000000 -0.0085100000000000 0.0214980000000000
vn -2.2063281249140934 5.3149849020348006 1.1554642863667355
v -0.0041500000000000 -0.0302560000000000 -0.0067520000000000
vn -5.4058767500568408 0.4435135016911949 2.1315923016981055
v -0.0046500000000000 -0.0062420000000000 -0.0308750000000000
vn 6.2831853071795871 -0.0000000000000012 0.0000000000000002
v 0.0028500000000000 0.0222460000000000 0.0055690000000000
vn -6.2831853071795862 0.0000000000000000 0.0000000000000000
v -0.0031500000000000 0.0230830000000000 -0.0027810000000000
vn -0.0725923915163380 -5.7304406993746788 -2.5719069967976118
v -0.0016500000000000 0.0182350000000000 0.0082140000000000
vn 2.1842592859632948 -4.4055718918285658 -2.9889907235347271
v 0.0023500000000000 -0.0264710000000000 -0.0179800000000000
vn -0.0942337292704969 5.3187704850403730 3.1188184492771880
v 0.0008500000000000 -0.0154980000000000 -0.0230930000000000
vn -6.2831853071795862 0.0000000000000000 0.0000000000000000
v -0.0031500000000000 -0.0020210000000000 0.0221000000000000
vn 6.2831853071795862 0.0000000000000006 -0.0000000000000003
v 0.0028500000000000 -0.0041900000000000 -0.0242430000000000
vn -6.2831853071795871 0.0000000000000000 0.0000000000000000
v -0.0031500000000000 -0.0199270000000000 -0.0150850000000000
vn -6.2831853071795862 0.0000000000000000 0.0000000000000000
v -0.0031500000000000 -0.0191520000000000 -0.0164270000000000
vn 3.0701937661278054 -3.1383422896827096 0.0949389741036458
v -0.0001500000000000 0.0199900000000000 -0.0006340000000000
vn -6.2831853071795862 0.0000000000000000 0.0000000000000000
v -0.0031500000000000 -0.0145020000000000 -0.0244810000000000
vn -0.0343615954659371 -5.6937054133164571 -2.6483399829179466
v -0.0002500000000000 0.0180471000000000 0.0086143000000000
vn -5.4358266546962373 0.3496338942223203 2.1172220220934275
v -0.0046500000000000 -0.0046950000000000 -0.0311480000000000
vn -6.2831853071795862 0.0000000000000000 0.0000000000000000
v -0.0031500000000000 -0.0154850000000000 -0.0196790000000000
vn -2.0241703443874868 -5.0803956308872564 2.0696544418053229
v -0.0028500000000000 0.0182620000000000 0.0058120000000000
vn 6.2831853071795871 0.0000000000000012 -0.0000000000000002
v 0.0028500000000000 -0.0222460000000000 -0.0055690000000000
vn 2.8503063485663738 1.8899399070231995 -2.4699072763136454
v -0.0011500000000000 0.0222960000000000 0.0030340000000000
vn -2.1600579210134807 -0.1096568890594684 -5.4236315926052736
v -0.0028500000000000 0.0000000000000000 0.0200000000000000
vn -3.8440811790969192 -0.3870474987796180 3.3475288802440306
v -0.0030250000000000 0.0157268000000000 0.0038156000000000
vn 3.5811435693919798 1.6420087638176506 -2.5805356521764455
v -0.0011500000000000 -0.0134630000000000 -0.0195040000000000
vn 6.2831853071795862 0.0000000000000000 0.0000000000000000
v -0.0011500000000000 -0.0140530000000000 -0.0191660000000000
vn -3.6813862002830047 -1.2198236522423727 2.7820497167186335
v -0.0031500000000000 -0.0114270000000000 -0.0231500000000000
vn -6.2831853071795871 0.0000000000000000 0.0000000000000000
v -0.0031500000000000 -0.0027960000000000 0.0234430000000000
vn -6.2831853071795871 0.0000000000000000 0.0000000000000000
v -0.0031500000000000 -0.0241620000000000 -0.0139500000000000
vn 6.2831853071795871 -0.0000000000000006 0.0000000000000003
v 0.0028500000000000 0.0041900000000000 0.0242430000000000
vn 2.1950011445949587 -2.7309757059872646 -4.5499579042625875
v 0.0023500000000000 -0.0163360000000000 -0.0275160000000000
vn 2.1737557272148433 -4.6097514673417335 -2.6620598550118708
v 0.0023500000000000 -0.0277130000000000 -0.0160000000000000
vn -3.0177002589591742 2.8917741316794348 -1.2079012629456143
v -0.0046500000000000 0.0295250000000000 -0.0123400000000000
vn -2.7120768224803844 -4.5450301531095088 2.8143115399780734
v -0.0043038000000000 0.0265964000000000 -0.0162224000000000
vn -4.5867784990061473 2.3862857568756866 -3.5616225232522889
v -0.0044000000000000 -0.0161840000000000 0.0267330000000000
vn 2.1804731643550230 5.2070854594520402 -1.0694104623551610
v 0.0023500000000000 0.0313170000000000 -0.0065770000000000
vn 5.3198175064919813 2.2038539714822836 -0.5152535234403721
v 0.0028500000000000 0.0307100000000000 -0.0070090000000000
vn -5.0705483721474014 1.5420939899672399 -3.2239984238576431
v -0.0044000000000000 -0.0146270000000000 0.0276150000000000
vn -3.1984347193700851 -2.8033278463542626 1.4144385880347123
v -0.0031500000000000 0.0272160000000000 -0.0148420000000000
vn -5.4393265575418734 1.1807906005875206 -1.7873341598129773
v -0.0046500000000000 -0.0177450000000000 0.0260270000000000
vn -2.1592160534810945 -4.4548899108546181 3.1524087191782160
v -0.0041500000000000 0.0257390000000000 -0.0172770000000000
vn -3.0192598713731811 2.6735251075144659 -1.6353013936564507
v -0.0046500000000000 0.0272950000000000 -0.0167030000000000
vn 5.2394343272209509 -0.5624782635829506 2.2688920978018787
v 0.0028500000000000 -0.0070090000000000 0.0307100000000000
vn -2.1632466204332177 2.9477388150196191 -4.6068070639004546
v -0.0041500000000000 -0.0168400000000000 0.0260270000000000
vn -3.3845264417249892 2.9929836480063980 -1.8976742725547180
v -0.0029912000000000 -0.0177426000000000 0.0095288000000000
vn 2.4867328744341020 1.2244279964766775 2.7239936232015904
v -0.0011500000000000 0.0114700000000000 -0.0248860000000000
vn 3.5453321568640663 -2.5203813165346602 1.7233425325608973
v -0.0011500000000000 0.0139710000000000 -0.0223580000000000
vn 6.2831853071795871 0.0000000000000000 0.0000000000000000
v -0.0011500000000000 0.0153730000000000 -0.0212700000000000
vn 3.3973957628766529 -3.1055256836431990 -0.3383741534059800
v 0.0028500000000000 0.0215610000000000 -0.0195170000000000
vn 3.6441006681565673 -2.9286950197219435 -0.8437292913262633
v 0.0028500000000000 -0.0183910000000000 0.0204350000000000
vn 3.3734808499148743 -0.4956529851617233 -3.0874093041473856
v 0.0028500000000000 0.0204980000000000 -0.0184110000000000
vn 3.8236335500077199 2.6591079411778642 1.3290339926093508
v 0.0028500000000000 0.0185470000000000 -0.0208010000000000
vn -2.0743111336471411 -2.9726285862246944 4.5326742599187870
v -0.0028500000000000 0.0105518000000000 -0.0169836000000000
vn -3.3665562836052318 -1.8199530029045796 3.0582056723216562
v -0.0029921000000000 0.0095897000000000 -0.0177104000000000
vn 3.6848568994250712 -1.4149165465222286 2.6863875008737050
v -0.0011500000000000 0.0131280000000000 -0.0231250000000000
vn -3.6305475817432136 -2.9366898992210118 -0.8224143011538960
v -0.0031500000000000 0.0142670000000000 -0.0206330000000000
vn 3.7452583045014589 -0.7173178947041191 -2.9015762180327505
v 0.0028500000000000 -0.0194530000000000 0.0215410000000000
vn 3.4902117607238350 3.0940728856598625 -0.1184410470954327
v 0.0028500000000000 -0.0216240000000000 0.0199090000000000
vn 6.2831853071795862 0.0000000000000000 0.0000000000000000
v -0.0011500000000000 0.0121970000000000 -0.0243410000000000
vn -6.2831853071795862 0.0000000000000000 0.0000000000000000
v -0.0031500000000000 -0.0231390000000000 0.0152770000000000
vn -6.2831853071795862 0.0000000000000000 0.0000000000000000
v -0.0031500000000000 0.0152920000000000 -0.0233870000000000
vn -3.5803897968370939 1.6567825420934759 -2.3922855736740902
v -0.0031500000000000 0.0109880000000000 -0.0195390000000000
vn -3.6512496573165407 0.4527287219733174 -2.9653346184929865
v -0.0031500000000000 0.0119130000000000 -0.0191450000000000
vn 3.6086054696922139 0.2321587952821286 3.0450843092881597
v 0.0028500000000000 0.0198430000000000 -0.0216200000000000
vn 2.9315139545905793 -3.1066265233903554 -0.3322859784553081
v -0.0011500000000000 0.0159790000000000 -0.0208260000000000
vn 3.5812410297253807 0.6906415554863941 2.9943884653668436
v 0.0028500000000000 -0.0204835000000000 0.0184560000000000
vn -3.4947473649383656 3.1000308572332687 -1.9707030537670125
v -0.0030088000000000 -0.0170664000000000 0.0107283000000000
vn -6.2831853071795862 0.0000000000000000 0.0000000000000000
v -0.0031500000000000 0.0174100000000000 -0.0239540000000000
vn -3.8724073298572543 2.9122860427045172 -0.0801691080377117
v -0.0031500000000000 0.0101520000000000 0.0211330000000000
vn -3.3682890098577429 -1.5322458312877130 -2.9078740378337917
v -0.0030000000000000 0.0075930000000000 0.0186640000000000
vn 3.5996484744049084 1.5726518453413860 -1.2494517043894242
v 0.0028500000000000 0.0207547000000000 0.0013414000000000
vn 4.4118971946251246 -0.6817572387311812 2.3662524327761005
v -0.0001500000000000 0.0148990000000000 0.0035320000000000
vn 2.7541062669327849 -3.2468306089627870 -1.3504171450128362
v -0.0003167000000000 0.0123797000000000 -0.0013413000000000
vn 3.1906947569456481 -2.8196143823732758 -1.7673281475869234
v -0.0002609000000000 0.0130030000000000 -0.0023298000000000
vn -3.3684114841988211 3.4712591305030585 1.2611384341889929
v -0.0029912000000000 -0.0187014000000000 -0.0074777000000000
vn -3.6074116573194956 0.2248758739965310 2.7153015770465561
v -0.0031500000000000 0.0157990000000000 -0.0024920000000000
vn -5.3965243452878466 1.8353679897695161 1.1889358870360549
v -0.0046500000000000 -0.0264610000000000 -0.0170900000000000
vn 5.2770946254729720 -0.3095859127584455 -2.2822693235952589
v 0.0028500000000000 -0.0046950000000000 -0.0311480000000000
vn -3.1961958571303022 1.5583851394459720 3.4816023499495659
v -0.0029824000000000 -0.0074905000000000 -0.0186859000000000
vn -6.2831853071795871 0.0000000000000000 0.0000000000000000
v -0.0031500000000000 0.0068080000000000 0.0254080000000000
vn -6.2831853071795871 0.0000000000000000 0.0000000000000000
v -0.0031500000000000 -0.0068080000000000 -0.0254080000000000
vn 6.2831853071795862 0.0000000000000000 0.0000000000000000
v -0.0011500000000000 0.0095190000000000 0.0227340000000000
vn 3.5346114373986284 -0.9073089233575858 2.9340624581864225
v 0.0028500000000000 -0.0111450000000000 -0.0248010000000000
vn -6.2612302472890509 0.1375244112695738 0.2378924268371721
v -0.0031500000000000 -0.0085660000000000 -0.0192640000000000
vn -3.6515366396064275 -3.3760667263054476 -0.8661370771322141
v -0.0030000000000000 0.0186155000000000 0.0074485000000000
vn -5.4281312408573186 1.0156403594258501 1.8997773471294583
v -0.0046500000000000 -0.0150650000000000 -0.0276640000000000
vn -2.7762512515354163 -3.2010305692403742 1.2661479639823663
v -0.0029833000000000 0.0123677000000000 0.0013009000000000
vn 3.5781314139966067 0.3881096653479241 -3.0491247704006934
v -0.0001500000000000 0.0155990000000000 0.0024680000000000
vn -3.1447429354721481 1.5434471360951618 2.7354607706348997
v -0.0031500000000000 -0.0158260000000000 -0.0266560000000000
vn 6.2831853071795871 -0.0000000000000017 -0.0000000000000004
v 0.0028500000000000 -0.0194610000000000 -0.0166920000000000
vn -5.2061480100635684 -0.8679590435410137 -2.3007181268959744
v -0.0030625000000000 0.0147502000000000 -0.0035734000000000
vn 4.4431779538597844 -4.3727492546252380 -0.7522264146863978
v 0.0026000000000000 0.0199660000000000 0.0033780000000000
vn 6.2831853071795862 0.0000000000000000 0.0000000000000000
v -0.0011500000000000 0.0104470000000000 0.0232690000000000
vn 6.2831853071795862 0.0000000000000000 0.0000000000000000
v -0.0011500000000000 -0.0095190000000000 -0.0227340000000000
vn 6.2831853071795862 0.0000000000000008 -0.0000000000000013
v 0.0028500000000000 -0.0186740000000000 -0.0180560000000000
vn -3.6453387919204738 -2.9877644414258047 0.5983781073616199
v -0.0031500000000000 -0.0101920000000000 -0.0216380000000000
vn 5.3253331670713937 -2.2338954877342472 -0.3275004844253477
v 0.0028500000000000 -0.0311480000000000 -0.0046950000000000
vn 2.3494259833862126 -0.7940260680525030 -5.3381135780114057
v 0.0024929000000000 0.0034393000000000 0.0198461000000000
vn 5.4205606476230708 -0.1004276629423174 -2.1586542058393525
v 0.0028500000000000 0.0010470000000000 0.0204730000000000
vn -6.2831853071795862 0.0000000000000000 0.0000000000000000
v -0.0031500000000000 -0.0226680000000000 -0.0041380000000000
vn -0.1905231077584959 -2.9072629142935793 2.2972910263321138
v -0.0030563000000000 0.0130368000000000 0.0023408000000000
vn 0.7248441729610540 -6.1160681555003737 -0.2007550198737059
v -0.0003136000000000 0.0186219000000000 0.0067086000000000
vn 2.9715135731958329 -1.0413600378941210 -0.8868857763757401
v -0.0003167000000000 0.0140999000000000 -0.0033670000000000
vn -3.1683108650707879 -2.1046233923319533 3.2286804676759933
v -0.0029917000000000 0.0143394000000000 0.0034725000000000
vn -2.9162977778779418 -1.0017977250858368 1.7070334852771345
v -0.0046500000000000 -0.0149763000000000 0.0280761000000000
vn 2.2363947662190871 -0.5976650838506435 5.2217241374827212
v 0.0023500000000000 -0.0038870000000000 0.0317630000000000
vn 5.2457010531504142 -0.3896238743321890 2.2991373400174204
v 0.0028500000000000 -0.0046950000000000 0.0311480000000000
vn -5.4577372884231838 -1.7642091746141093 1.1796672166273268
v -0.0046500000000000 0.0264610000000000 -0.0170900000000000
vn 5.3199294957983332 2.2361135226502826 -0.3487504038834177
v 0.0028500000000000 0.0311480000000000 -0.0046950000000000
vn 2.1763216362738067 5.2711647719415762 -0.7100706250125195
v 0.0023500000000000 0.0317130000000000 -0.0042730000000000
vn 2.5617937476633599 -1.1384381594561612 -2.7967897571689901
v -0.0011500000000000 0.0130300000000000 0.0248860000000000
vn 3.6615910072467055 -2.1859434652226040 -2.1192391750269186
v 0.0028500000000000 -0.0187860000000000 -0.0188330000000000
vn 3.8961092642502995 -2.4812416747368533 1.5597754630951473
v -0.0011500000000000 0.0151798000000000 0.0195633000000000
vn 3.6491770801134016 -2.2006828509211052 -2.1102902825374641
v 0.0028500000000000 0.0211660000000000 0.0211190000000000
vn -6.2831853071795862 0.0000000000000000 0.0000000000000000
v -0.0031500000000000 0.0141430000000000 0.0189040000000000
vn 3.7260853419626794 2.1851732904151948 2.0446642300140407
v 0.0028500000000000 0.0187956000000000 0.0188919000000000
vn 3.3859185906101916 -1.6358779657777127 -2.6650223065944996
v -0.0011500000000000 0.0139214000000000 0.0242089000000000
vn -2.1550043301552710 -4.3980162687344029 -3.2563725564831447
v -0.0041500000000000 0.0251410000000000 0.0181370000000000
vn 3.5229727729526030 1.2438180757135808 -2.8004427741917484
v -0.0011500000000000 0.0114194000000000 0.0231076000000000
vn -3.6122492564768032 -1.1746972408608793 2.8180464590533498
v -0.0031500000000000 0.0130730000000000 0.0192860000000000
vn 3.6914412637985641 2.9551021618587132 -0.7151670651188520
v -0.0011500000000000 -0.0265510000000000 0.0004490000000000
vn -5.3570490285841554 -0.5119657977077166 1.7948245260028226
v -0.0031500000000000 0.0060960000000000 -0.0193630000000000
vn -2.8187074801255014 0.2189585372876884 -1.8239184747653940
v -0.0046500000000000 0.0032183000000000 -0.0316580000000000
vn -3.2014921159173149 -3.7094507297940509 -0.1734769892485938
v -0.0029700000000000 0.0186150000000000 -0.0068032000000000
vn -5.3696682493560548 2.3255671684269328 -0.9188034654433622
v -0.0030643000000000 -0.0193390000000000 0.0058759000000000
vn 2.4054347078604694 -0.0282022437459013 -2.9216901140496017
v -0.0011500000000000 0.0130300000000000 -0.0175500000000000
vn 3.7353456276145809 -1.8622600711726518 1.2538279196657311
v 0.0028500000000000 -0.0207585000000000 -0.0013418000000000
vn 2.9262787800807679 0.6608210727237245 3.0533163329081554
v -0.0011500000000000 0.0237200000000000 -0.0036680000000000
vn 5.0331836737877298 3.6779758302638283 0.0089848795829941
v 0.0026000000000000 -0.0202480000000000 -0.0003050000000000
vn -5.3473193617527830 0.3871831776383711 -1.7804866279506952
v -0.0031500000000000 -0.0061980000000000 0.0193310000000000
vn 4.4276036072261888 2.3025353510808939 -3.8091347477557966
v 0.0026000000000000 -0.0106140000000000 0.0172450000000000
vn -3.3614083029014026 2.7611775109211965 1.3635421484644772
v -0.0031500000000000 0.0104310000000000 -0.0222680000000000
vn 2.9262787800807675 -0.6608210727237245 -3.0533163329081554
v -0.0011500000000000 -0.0237200000000000 0.0036680000000000
vn -2.0181459650181259 5.2803909111107616 -1.4510331390360569
v -0.0029250000000000 -0.0188430000000000 0.0069145000000000
vn -6.2831853071795871 0.0000000000000000 0.0000000000000000
v -0.0031500000000000 0.0175620000000000 -0.0149180000000000
vn 1.2271826950577192 0.5926792221449070 -0.5873237529645728
v -0.0030000000000000 0.0067990000000000 -0.0189680000000000
vn -6.2831853071795871 0.0000000000000000 0.0000000000000000
v -0.0031500000000000 -0.0175620000000000 0.0149180000000000
vn -3.5342140035150011 -2.2864577764379339 -2.0601047463308406
v -0.0031500000000000 -0.0107350000000000 0.0226720000000000
vn 5.4190112525134202 -1.8478415635928873 1.1239827915417837
v 0.0028500000000000 0.0174860000000000 -0.0107000000000000
vn 2.4113737638744630 -4.6211853604926629 2.7685754626679602
v 0.0024958000000000 0.0170938000000000 -0.0106556000000000
vn -2.2476095185036349 5.4004777925040761 -0.1967591837851306
v -0.0041500000000000 -0.0309820000000000 0.0010470000000000
vn -3.0848443736298758 3.1338786328419439 -0.1974338096176099
v -0.0031500000000000 -0.0309430000000000 0.0018860000000000
vn 3.5850149562508942 2.1648316162892773 -2.1491287249360442
v -0.0011500000000000 -0.0260065000000000 0.0014118000000000
vn -6.2831853071795862 0.0000000000000000 0.0000000000000000
v -0.0031500000000000 -0.0097150000000000 0.0230270000000000
vn -6.2363820257982461 -0.0410930781279923 0.5221190179721004
v -0.0031500000000000 0.0047060000000000 -0.0205500000000000
vn 4.4581370617831082 -0.0031326873934735 4.4189629929954108
v 0.0026000000000000 -0.0002100000000000 -0.0202490000000000
vn 1.5365450418505500 -0.5318034537451245 0.2626250436084319
v -0.0029864000000000 -0.0067933000000000 0.0189541000000000
vn 5.4671213089496344 0.1209691472240780 2.1085016034628619
v 0.0028500000000000 -0.0010470000000000 -0.0204730000000000
vn 2.4217213139969611 0.0705181304264546 2.9310443113430442
v -0.0011500000000000 -0.0130300000000000 0.0175500000000000
vn -6.2831853071795862 0.0000000000000000 0.0000000000000000
v -0.0031500000000000 0.0097150000000000 -0.0230270000000000
vn 3.6129866409801172 3.0208232843527520 -0.5761083382004040
v -0.0011500000000000 0.0101990000000000 -0.0207680000000000
vn -6.2373279285901644 0.0478028712791784 -0.5165361291004935
v -0.0031500000000000 -0.0047060000000000 0.0205500000000000
vn -4.9203269647768870 -0.0663394672574636 3.8427849549355555
v -0.0044000000000000 0.0023700000000000 -0.0311600000000000
vn 1.9427127163396021 -4.9726813589085817 2.4819919987249977
v 0.0023500000000000 0.0175760000000000 -0.0095430000000000
vn 2.0925431168657456 0.9674500301258555 5.3772155701961193
v 0.0023500000000000 -0.0036450000000000 -0.0196650000000000
vn 3.5725258742739991 -2.8747115254963393 1.0456003284831223
v -0.0011500000000000 -0.0103160000000000 0.0203990000000000
vn 0.0587698327633231 -5.9983317591018608 1.8053465940884599
v -0.0004058000000000 0.0184958000000000 -0.0075215000000000
vn 3.6129866409801261 3.0208232843527512 -0.5761083382004037
v -0.0011500000000000 -0.0143010000000000 -0.0207680000000000
vn -5.7052765090068203 -1.1543084688455896 1.2795321200052108
v -0.0031500000000000 0.0174200000000000 0.0042980000000000
vn -6.2831853071795862 0.0000000000000000 0.0000000000000000
v -0.0031500000000000 -0.0147100000000000 -0.0210210000000000
vn 6.2831853071795862 -0.0000000000000001 -0.0000000000000004
v 0.0028500000000000 0.0249740000000000 0.0071440000000000
vn -6.2805527112049084 0.0440382041858682 -0.1037916567034841
v -0.0031500000000000 0.0000960000000000 0.0215330000000000
vn 2.9317290073008424 1.8400644236232493 2.5251331966312716
v -0.0011500000000000 0.0100460000000000 0.0181840000000000
vn 4.3647074551376672 4.1376064150889107 1.7948691817849571
v 0.0026000000000000 -0.0184240000000000 -0.0084030000000000
vn -4.4390361399331750 1.1587411637580900 2.4153158034432995
v -0.0031500000000000 -0.0132756000000000 -0.0233171000000000
vn 3.0036562504983273 3.1104939716266382 0.3336092707126866
v -0.0011500000000000 0.0207710000000000 -0.0003920000000000
vn -3.3590767460258144 1.2557463566026283 2.8640633314015531
v -0.0031500000000000 0.0233780000000000 -0.0017750000000000
vn 3.5867462220973692 -1.2944582516687426 -2.7671134321371320
v -0.0011500000000000 -0.0112570000000000 -0.0193670000000000
vn 0.0000000000000000 -5.4363059782590302 -3.1486011440493291
v -0.0002500000000000 0.0173210000000000 0.0100000000000000
vn 5.6013547068934688 1.8000732255860070 0.7598753346136602
v 0.0028500000000000 -0.0191100000000000 -0.0074200000000000
vn -0.2132767011378973 -5.3752342945662601 -3.2367020814304959
v -0.0015500000000000 0.0169610000000000 0.0105980000000000
vn -6.2831853071795853 0.0000000000000000 0.0000000000000000
v -0.0031500000000000 -0.0183770000000000 -0.0177690000000000
vn -3.0160228827837248 -0.2029132393058453 -4.2629116083464229
v -0.0029375000000000 0.0021851000000000 0.0199667000000000
vn 2.1994467548143675 -2.0429067186835823 -4.8888105504351911
v 0.0023500000000000 -0.0121560000000000 -0.0296010000000000
vn 5.2943786471114809 -0.8105490956309366 -2.1385524971986625
v 0.0028500000000000 -0.0115080000000000 -0.0293230000000000
vn -3.0013923251782124 -0.5988671502848095 -3.0730107132888027
v -0.0046500000000000 -0.0064930000000000 -0.0313340000000000
vn -6.2831853071795862 0.0000000000000000 0.0000000000000000
v -0.0031500000000000 0.0252000000000000 -0.0033480000000000
vn -6.2831853071795862 0.0000000000000000 0.0000000000000000
v -0.0031500000000000 -0.0094930000000000 -0.0269580000000000
vn -5.3942234232121224 -0.0736924391438949 -2.3614976972251531
v -0.0030808000000000 0.0012300000000000 0.0201929000000000
vn 3.5903395719331632 2.6522636955053613 1.5318335561146361
v 0.0028500000000000 0.0090020000000000 0.0193430000000000
vn -2.2403722931611072 5.3292680644516475 0.9015354556350639
v -0.0041500000000000 -0.0305590000000000 -0.0052110000000000
vn 3.5372889620710426 0.2167089496949722 -3.0544948357424007
v -0.0011500000000000 -0.0124120000000000 -0.0191596000000000
vn -6.2831853071795862 0.0000000000000000 0.0000000000000000
v -0.0031500000000000 -0.0176020000000000 -0.0191120000000000
vn 6.2831853071795853 0.0000000000000000 0.0000000000000000
v -0.0011500000000000 0.0245530000000000 0.0031230000000000
vn -3.4181991926709880 0.4320626781797349 3.0501467847517501
v -0.0031500000000000 0.0243310000000000 -0.0020930000000000
vn 3.5434913758214424 -2.6637956675158811 -1.5268727129298882
v 0.0028500000000000 -0.0090020000000000 -0.0193430000000000
vn 3.0766861680913933 -3.1260641806286520 0.2952106426270075
v -0.0001500000000000 0.0199100000000000 -0.0018990000000000
vn 6.2831853071795871 0.0000000000000001 0.0000000000000004
v 0.0028500000000000 -0.0249740000000000 -0.0071440000000000
vn -3.4881338434516134 3.0976329892251289 -0.2351067966103547
v -0.0031500000000000 0.0224020000000000 -0.0000850000000000
vn -0.3174375281760457 -5.5412605284081433 -2.9336740014981451
v -0.0015500000000000 0.0176200000000000 0.0094630000000000
vn 3.4545401773057272 -0.9697449408907584 -2.9057513432673261
v -0.0011500000000000 0.0251255000000000 0.0019670000000000
vn 2.8709974260943736 2.9331526541781026 1.0427889945619242
v -0.0011500000000000 -0.0158160000000000 -0.0223760000000000
vn 5.4069126942985992 -2.0328112342361861 -0.7748312710775009
v 0.0028500000000000 0.0191100000000000 0.0074200000000000
vn 3.4950981126843752 2.5703958122643544 -1.7169778384773784
v -0.0011500000000000 0.0227490000000000 0.0011600000000000
vn -6.2831853071795889 0.0000000000000000 0.0000000000000000
v -0.0031500000000000 0.0207580000000000 0.0012460000000000
vn 5.3253162947012491 -1.9548812354121807 -1.1292571665335778
v 0.0028500000000000 -0.0272800000000000 -0.0157500000000000
vn 5.3249819902717075 -2.1032731231356472 -0.8214627696625448
v 0.0028500000000000 -0.0293230000000000 -0.0115080000000000
vn 2.7392051628069103 2.2578104523273761 2.0623490220537564
v -0.0011500000000000 -0.0152419000000000 -0.0234452000000000
vn 5.3053465040456720 -1.1198711301936739 -1.9821561592091443
v 0.0028500000000000 -0.0157500000000000 -0.0272800000000000
vn -3.6178187991913258 2.7010786020236615 1.4558296884593418
v -0.0031500000000000 -0.0140690000000000 -0.0222680000000000
vn 2.2579223791458851 4.6776362342283964 2.7001894869141303
v 0.0023500000000000 -0.0173210000000000 -0.0100000000000000
vn 6.2831853071795871 0.0000000000000015 -0.0000000000000013
v 0.0028500000000000 0.0243410000000000 0.0176900000000000
vn 2.8848556850891707 1.5562022712907608 -2.6970736214988560
v -0.0011500000000000 -0.0141145000000000 -0.0179880000000000
vn -3.6625260601858955 2.7521993839882031 -1.3007396703976530
v -0.0031500000000000 0.0184850000000000 0.0206830000000000
vn -5.4297432042315688 -1.5692329472762869 -1.4722685294813502
v -0.0046500000000000 0.0225500000000000 0.0219940000000000
vn 3.5433868499732064 -2.6542763664099174 -1.5432823551330102
v 0.0028500000000000 0.0154980000000000 0.0230930000000000
vn 5.4131606361985067 1.0791184666728375 1.8813386976218580
v 0.0028500000000000 -0.0100220000000000 -0.0178830000000000
vn -6.2805621943705932 0.0349951415270842 0.1000095923754757
v -0.0031500000000000 -0.0164680000000000 -0.0148770000000000
vn 2.1840832179475282 -3.0428944299976104 -4.3537072312960436
v 0.0023500000000000 -0.0183010000000000 -0.0262500000000000
vn -3.6024138718661529 0.4822513856323992 -3.0159488241534573
v -0.0031500000000000 0.0197110000000000 0.0216040000000000
vn -3.6409950610958628 -2.9909847602781472 0.5855145372731612
v -0.0031500000000000 0.0215920000000000 0.0196460000000000
vn 2.8834906462053675 -1.5824113457828615 2.6814740373741435
v -0.0011500000000000 0.0141824000000000 0.0180272000000000
vn 4.4373107681492154 3.8554360779208299 2.2116013078305174
v 0.0026000000000000 -0.0175370000000000 -0.0101250000000000
vn -3.6401000261099865 -1.2008103728407409 2.8022609349512977
v -0.0031500000000000 0.0206230000000000 0.0184580000000000
vn -3.6079882294424914 -2.9907836332425544 0.6189187772819406
v -0.0031500000000000 -0.0183590000000000 -0.0203060000000000
vn -6.2803764381732501 -0.0392400569461379 -0.1036253825516730
v -0.0031500000000000 0.0164680000000000 0.0148770000000000
vn -3.8184455620721818 1.3307768195834790 -2.6060518444066285
v -0.0031500000000000 -0.0206365000000000 -0.0185161000000000
vn -3.8069454417827560 2.8231212618754533 -0.7773144721298886
v -0.0031500000000000 -0.0215389000000000 -0.0196252000000000
vn -5.4303761084231548 1.5558631578560715 1.4860316061384364
v -0.0046500000000000 -0.0225500000000000 -0.0219940000000000
vn -3.7827484023262743 -1.0393251744939040 2.7921535816848957
v -0.0031500000000000 -0.0193290000000000 -0.0214940000000000
vn 2.1190705187953847 3.4450192544632250 -4.0337364321670854
v 0.0023500000000000 0.0207680000000000 -0.0243460000000000
vn 6.2831853071795862 0.0000000000000000 0.0000000000000000
v -0.0011500000000000 0.0149810000000000 -0.0227340000000000
vn 2.9088412264199075 1.2911330262191654 -2.8433713699092018
v -0.0011500000000000 0.0107250000000000 -0.0177920000000000
vn 2.1554112830632861 -3.4656302105039010 4.0181150311374223
v 0.0023500000000000 -0.0207680000000000 0.0243460000000000
vn 6.2831853071795871 0.0000000000000004 0.0000000000000004
v 0.0028500000000000 -0.0190540000000000 0.0235530000000000
vn 6.2831853071795871 -0.0000000000000005 -0.0000000000000002
v 0.0028500000000000 -0.0223590000000000 0.0198270000000000
vn -6.2831853071795853 0.0000000000000000 0.0000000000000000
v -0.0031500000000000 -0.0242730000000000 0.0110430000000000
vn -6.2831853071795862 0.0000000000000000 0.0000000000000000
v -0.0031500000000000 0.0158600000000000 -0.0212700000000000
vn -6.2831853071795862 0.0000000000000000 0.0000000000000000
v -0.0031500000000000 0.0126080000000000 -0.0249370000000000
vn 3.5954737440568265 0.7209224186142648 -2.9874710196724918
v -0.0011500000000000 0.0117380000000000 -0.0191810000000000
vn 3.6603021863435035 -3.0371199615994100 0.1967428363615252
v -0.0011500000000000 0.0143490000000000 -0.0212820000000000
vn 6.2831853071795862 -0.0000000000000000 0.0000000000000008
v 0.0028500000000000 0.0223590000000000 -0.0198270000000000
vn 2.1823852083852402 -4.9881554123077798 1.8380710748576246
v 0.0023500000000000 -0.0300250000000000 0.0110670000000000
vn -1.7914463421747084 -3.7608898806355979 3.6408252059401134
v -0.0003300000000000 0.0178502000000000 0.0049358000000000
vn 2.9175692922591692 -0.6340321107114835 3.0582639643237419
v -0.0011500000000000 -0.0114700000000000 -0.0248860000000000
vn 3.0428236094490746 2.9365463136810819 -1.0596682139117659
v -0.0011500000000000 0.0209340000000000 0.0011590000000000
vn 2.1076051111539922 5.1351063236566725 1.9564752367033507
v 0.0023500000000000 -0.0186720000000000 -0.0071670000000000
vn 2.3216230741560366 -1.9743328833164573 -5.0175092329072069
v 0.0024750000000000 0.0069650000000000 0.0188795000000000
vn -5.4983122812134511 0.7456056363571735 1.9387648072676584
v -0.0046500000000000 -0.0107740000000000 -0.0296000000000000
vn 3.2018808759015109 -2.2850477485169707 4.1172074190504855
v -0.0003052000000000 0.0169059000000000 0.0041885000000000
vn 3.0844877613470008 -3.1005812842791056 -0.4975001554631924
v -0.0001500000000000 0.0197490000000000 0.0031560000000000
vn 5.4675409466022247 0.7501090296498232 1.9737876406454964
v 0.0028500000000000 -0.0071750000000000 -0.0192030000000000
vn -6.2826082398255352 -0.0119713458961892 -0.0473021368347492
v -0.0031500000000000 0.0014390000000000 0.0223080000000000
vn -6.2831853071795862 0.0000000000000000 0.0000000000000000
v -0.0031500000000000 -0.0239540000000000 -0.0174100000000000
vn -6.2831853071795871 0.0000000000000000 0.0000000000000000
v -0.0031500000000000 0.0196230000000000 -0.0029890000000000
vn 3.4761402254515765 1.4710371075724111 2.6744602000935016
v -0.0011500000000000 -0.0132270000000000 -0.0230365000000000
vn 3.0611515786372756 1.0602081973137776 2.9505834725328572
v -0.0011500000000000 0.0231830000000000 -0.0016360000000000
vn -5.3746385197040896 -0.0356366336393877 -2.5283276488349609
v -0.0030692000000000 -0.0003294000000000 0.0202151000000000
vn 2.9171142460052666 3.1055678183548432 -0.3365371322046576
v -0.0011500000000000 -0.0159790000000000 -0.0208260000000000
vn 6.2831853071795862 0.0000000000000000 0.0000000000000000
v -0.0011500000000000 -0.0153730000000000 -0.0211650000000000
vn 5.4146701480671009 -0.7808557159624177 -2.0217480153851830
v 0.0028500000000000 0.0071750000000000 0.0192030000000000
vn 2.4186906427373560 -5.0791813812606028 -1.8284255992050711
v 0.0023500000000000 0.0186720000000000 0.0071670000000000
vn 4.4297191185208389 1.3734851770562679 4.2329197825968352
v 0.0026000000000000 -0.0062830000000000 -0.0192510000000000
vn 2.0796941821969197 1.8868379348350068 5.1481918512411049
v 0.0023500000000000 -0.0066760000000000 -0.0188530000000000
vn 4.4426780083171113 4.2054514433186325 1.4160745588662735
v 0.0026000000000000 -0.0192210000000000 -0.0063730000000000
vn 3.2321473942385950 0.9333889782352778 2.9938725063756011
v -0.0011500000000000 0.0242112000000000 -0.0020442000000000
vn -3.6083147357377596 -0.9398631085254013 -2.9077364749594503
v -0.0031500000000000 -0.0115850000000000 -0.0192260000000000
vn 6.2831853071795862 0.0000000000000000 0.0000000000000000
v -0.0011500000000000 -0.0123030000000000 -0.0243410000000000
vn -2.6437335953972996 5.1090375424112153 1.5943685995642709
v -0.0042750000000000 -0.0295725000000000 -0.0097060000000000
vn 6.2831853071795853 0.0000000000000000 0.0000000000000000
v -0.0011500000000000 0.0213770000000000 0.0000530000000000
vn -2.3692768383617331 -2.8395757012002578 -4.6142677476897820
v -0.0029375000000000 0.0106695000000000 0.0170187000000000
vn 0.9838923533228801 0.4044653950938777 0.4585300044789563
v -0.0030136000000000 0.0169674000000000 0.0108943000000000
vn -3.5283377994671663 -1.7348284612219655 -2.9317509993855317
v -0.0030083000000000 0.0093925000000000 0.0178360000000000
vn -6.2831853071795862 0.0000000000000000 0.0000000000000000
v -0.0031500000000000 -0.0288120000000000 -0.0058960000000000
vn -3.6357438146706014 0.4851112757570931 -3.0121332217847514
v -0.0031500000000000 -0.0125870000000000 -0.0191450000000000
vn -4.4382054284288106 1.4049217629580837 4.2174029720045354
v -0.0044000000000000 -0.0098650000000000 -0.0296520000000000
vn 1.3739713786874863 -0.4762575664883826 0.3728413963189794
v -0.0030000000000000 -0.0031390000000000 0.0199020000000000
vn 3.3361715401631491 3.1282757745010024 0.0588291288968331
v -0.0011500000000000 0.0224250000000000 -0.0003220000000000
vn -3.5755936691344417 -2.8850937715309004 -1.9873952135546780
v -0.0030000000000000 0.0177775000000000 0.0094855000000000
vn -4.1371638232484722 -1.0983538887869058 -2.6354888012297129
v -0.0031500000000000 0.0253296000000000 0.0020908000000000
vn -2.9974173785966389 -3.0100632222739656 -0.8591025797901487
v -0.0046500000000000 -0.0306290000000000 -0.0092650000000000
vn -3.6080587340334667 2.7761133297376044 -1.2624489026963144
v -0.0031500000000000 -0.0141470000000000 -0.0203170000000000
vn 3.6660974551986980 2.5492023433385538 1.6561382614421551
v -0.0011500000000000 -0.0140690000000000 -0.0222680000000000
vn -5.4062752319181095 1.2324345074828995 1.7942413127192527
v -0.0046500000000000 -0.0177450000000000 -0.0260270000000000
vn 5.1013207267531024 -3.5317178609658093 -0.3883906565860648
v 0.0026000000000000 0.0202060000000000 0.0013340000000000
vn -6.2831853071795862 0.0000000000000000 0.0000000000000000
v -0.0031500000000000 -0.0048980000000000 -0.0225160000000000
vn -3.0780552279658493 2.7137149295816103 1.5793896872825428
v -0.0031500000000000 -0.0268470000000000 -0.0155000000000000
vn 2.9980234805702528 -3.3364373709412165 -0.4845209304588967
v -0.0002864000000000 0.0122186000000000 -0.0006187000000000
vn 6.2831853071795853 -0.0000000000000002 -0.0000000000000005
v 0.0028500000000000 -0.0028410000000000 0.0238210000000000
vn -3.3293732575296962 2.6182430305548703 1.2781658927097985
v -0.0031500000000000 0.0104310000000000 0.0201680000000000
vn -5.3870433488097538 1.8599051982362300 0.8907674953495130
v -0.0031500000000000 -0.0184970000000000 -0.0083640000000000
vn 6.1898297214028917 -0.3085279644875891 0.6904270649922581
v -0.0001500000000000 0.0161020000000000 0.0033250000000000
vn -3.6305475817432038 -2.9366898992210149 -0.8224143011538968
v -0.0031500000000000 -0.0102330000000000 -0.0206330000000000
vn 2.9187991191633458 -2.3315016473761578 2.0784591844771994
v -0.0011500000000000 -0.0094630000000000 -0.0237270000000000
vn 5.2849124917936283 -0.4798578436606342 -2.2451875829863903
v 0.0028500000000000 -0.0070090000000000 -0.0307100000000000
vn 4.4274357860753453 -0.3329887145499268 -4.4379335491829579
v 0.0026000000000000 0.0012390000000000 0.0202120000000000
vn 1.9729349071219231 -0.4296597922684059 -5.5057897093290080
v 0.0023500000000000 0.0020910000000000 0.0198900000000000
vn 2.1005711339643218 -5.2498138785919135 -0.8561342174835714
v 0.0023500000000000 -0.0316000000000000 -0.0050440000000000
vn 2.0782442841074324 -2.9982776687662689 -3.3537472560899202
v -0.0004500000000000 0.0133800000000000 -0.0030230000000000
vn -5.3910039830723271 -1.8950329593235153 -0.6274481297679236
v -0.0031500000000000 0.0185090000000000 0.0083370000000000
vn 2.2138971862296652 -0.9115422599053720 -5.2020652474611468
v 0.0023500000000000 -0.0054290000000000 -0.0315360000000000
vn -2.7988369938286457 -3.5206980459539876 0.3703523770965705
v -0.0029559000000000 0.0121415000000000 0.0004004000000000
vn 6.2584660187229284 -0.2441592841495954 0.2613725107314223
v -0.0001500000000000 0.0149220000000000 0.0026430000000000
vn -5.3411311715457668 0.5241703915881082 1.6652277470066723
v -0.0031500000000000 -0.0087200000000000 -0.0183320000000000
vn -3.6257179930958419 -2.3631421057484472 1.9282292623566124
v -0.0031500000000000 0.0179370000000000 -0.0015810000000000
vn -6.2831853071795862 0.0000000000000000 0.0000000000000000
v -0.0031500000000000 -0.0245770000000000 -0.0070310000000000
vn -2.8014308333322209 4.4881833471034129 2.8745311590609157
v -0.0042864000000000 -0.0260739000000000 -0.0170178000000000
vn -3.0145567723970217 -2.5814153634901635 -1.7764683058531059
v -0.0046500000000000 -0.0264070000000000 -0.0180740000000000
vn -6.2831853071795853 0.0000000000000000 0.0000000000000000
v -0.0031500000000000 0.0245770000000000 0.0070310000000000
vn 6.2831853071795862 -0.0000000000000027 0.0000000000000007
v 0.0028500000000000 -0.0202490000000000 -0.0153280000000000
vn 6.2831853071795853 0.0000000000000007 -0.0000000000000004
v 0.0028500000000000 -0.0216130000000000 -0.0161150000000000
vn 2.0646790266591055 -5.5225926607854259 -0.6576979740572411
v 0.0023500000000000 0.0198290000000000 0.0026110000000000
vn -5.3823140824788354 -0.9832265107162127 -1.9069049931813700
v -0.0030682000000000 0.0084835000000000 0.0183518000000000
vn 3.5686564817670852 2.4532547549686119 -1.8256976670270921
v -0.0011500000000000 0.0104990000000000 0.0223780000000000
vn -2.5949934471374543 2.9196366224348043 4.5168332020287707
v -0.0042750000000000 -0.0172690000000000 -0.0258945000000000
vn 3.5787791353264673 -2.5228485983163771 1.7201297377001579
v -0.0011500000000000 -0.0105290000000000 -0.0223580000000000
vn 2.9187991191633484 2.3315016473761618 -2.0784591844771958
v -0.0011500000000000 0.0094630000000000 0.0237270000000000
vn 5.3259051363547458 -2.2023762540887013 -0.4944210677546280
v 0.0028500000000000 -0.0307100000000000 -0.0070090000000000
vn -3.5535675615425695 1.6146220981629891 -2.2391402660397919
v -0.0031500000000000 0.0144980000000000 0.0019990000000000
vn 3.5440674971492592 3.0584817330858276 0.2459090599248457
v 0.0028500000000000 -0.0159900000000000 -0.0214980000000000
vn 3.4660803745973636 -3.9805403872599596 -0.5938606108788105
v -0.0002132000000000 0.0187827000000000 0.0058613000000000
vn -3.0188987454693907 -1.5315756469389581 -2.7342466017217477
v -0.0046500000000000 -0.0156450000000000 -0.0279150000000000
vn 3.6252367339875518 -2.1996651156821758 -2.1130752333799192
v -0.0001500000000000 0.0178030000000000 0.0017320000000000
vn -6.2831853071795871 0.0000000000000000 0.0000000000000000
v -0.0031500000000000 0.0048980000000000 0.0225160000000000
vn -2.1473406990810529 -2.9388621283431458 3.1410641491025348
v -0.0028500000000000 0.0133800000000000 0.0030230000000000
vn -3.6057354593859037 1.4187055698565549 2.3099674212820096
v -0.0031500000000000 0.0146640000000000 -0.0021130000000000
vn 2.6410533357268680 -4.4166746659472054 1.9812792810054654
v -0.0004500000000000 0.0182620000000000 0.0058120000000000
vn 3.6498844786705895 -0.0719477814049363 3.0437924290478824
v -0.0011500000000000 -0.0121210000000000 -0.0233140000000000
vn 6.2831853071795862 0.0000000000000000 0.0000000000000000
v -0.0011500000000000 0.0229840000000000 -0.0027310000000000
vn 3.7067985719848076 -0.6493071228111128 3.6664543566097425
v -0.0002885000000000 0.0157258000000000 0.0038290000000000
vn -6.2831853071795862 0.0000000000000000 0.0000000000000000
v -0.0031500000000000 0.0234430000000000 0.0027960000000000
vn 5.6000558041156507 -1.8965159863918870 -0.4767119081478938
v 0.0028500000000000 0.0200190000000000 0.0044160000000000
vn -6.2831853071795862 0.0000000000000000 0.0000000000000000
v -0.0031500000000000 -0.0226120000000000 -0.0166350000000000
vn 2.4982366870192996 2.5549295635521188 -1.5159953660120244
v -0.0011500000000000 -0.0158160000000000 -0.0200590000000000
vn 4.3357265490312473 -4.3931619827745321 -1.1247023142517794
v 0.0026000000000000 0.0195200000000000 0.0053880000000000
vn 6.2831853071795862 -0.0000000000000019 -0.0000000000000005
v 0.0028500000000000 0.0057650000000000 0.0215150000000000
vn -6.2831853071795862 0.0000000000000000 0.0000000000000000
v -0.0031500000000000 0.0221000000000000 0.0020210000000000
vn 5.3001819224646169 -0.9681513290629772 -2.0659248078874475
v 0.0028500000000000 -0.0136670000000000 -0.0283810000000000
vn 2.1832856922973032 -4.7914563901215574 -2.3219238006271055
v 0.0023500000000000 -0.0288070000000000 -0.0139340000000000
vn 2.3594833139818867 2.5252934694873419 -1.4768646561580421
v -0.0011500000000000 -0.0150370000000000 -0.0187080000000000
vn -3.1105831765413576 0.9421490549238236 2.9963227268044887
v -0.0031500000000000 -0.0096510000000000 -0.0294590000000000
vn -5.4321835052245548 2.0679132404517104 0.5882512492101214
v -0.0046500000000000 -0.0303230000000000 -0.0085310000000000
vn 2.8631228096522854 1.9148806912867202 2.4528759574936645
v -0.0011500000000000 0.0222960000000000 -0.0030340000000000
vn -6.2831853071795871 0.0000000000000000 0.0000000000000000
v -0.0031500000000000 0.0188480000000000 -0.0016460000000000
vn -1.9332579061937709 -2.2880017541886315 -4.8475305337689418
v -0.0028500000000000 0.0083080000000000 0.0181930000000000
vn -2.2146270946666382 1.5352782634377988 5.2187343073989867
v -0.0041500000000000 -0.0087790000000000 -0.0297310000000000
vn 3.6592207266757786 2.8705706170893124 -1.0230897174085538
v 0.0028500000000000 0.0087590000000000 0.0225880000000000
vn -4.4401449166602962 4.3095201899986035 1.0808710923372862
v -0.0044000000000000 -0.0303130000000000 -0.0075970000000000
vn 6.2831853071795871 0.0000000000000014 0.0000000000000002
v 0.0028500000000000 -0.0057650000000000 -0.0215150000000000
vn 3.5449733595464248 -2.8609371054504327 1.1121715440948754
v 0.0028500000000000 -0.0087590000000000 -0.0225880000000000
vn -6.2831853071795880 0.0000000000000000 0.0000000000000000
v -0.0031500000000000 -0.0214770000000000 -0.0124000000000000
vn -3.5466532427415385 -3.4624092668646731 -1.1533827419825502
v -0.0029864000000000 0.0180727000000000 0.0088800000000000
vn -6.2831853071795862 0.0000000000000000 0.0000000000000000
v -0.0031500000000000 0.0027810000000000 0.0230830000000000
vn -2.1746984007996333 5.2747699371378722 1.4150726109848275
v -0.0041500000000000 -0.0298750000000000 -0.0082760000000000
vn -3.3206657856237252 3.0147041300600548 0.8571269385980724
v -0.0031500000000000 -0.0295750000000000 -0.0092920000000000
vn 5.4209607293227204 0.4264860775042981 2.1181562413877213
v 0.0028500000000000 -0.0041600000000000 -0.0200740000000000
vn 2.1915658021303459 -2.3748614267635046 -4.7408720696300222
v 0.0023500000000000 -0.0142840000000000 -0.0286350000000000
vn 2.2377535844115850 -1.4169005941552908 -5.2154474850604693
v 0.0024654000000000 0.0052318000000000 0.0194233000000000
vn 5.4268443943051281 -0.4472894152946316 -2.1083953390824406
v 0.0028500000000000 0.0041600000000000 0.0200740000000000
vn 2.0747683782652957 1.4249389651599258 5.2940236211141212
v 0.0023500000000000 -0.0051760000000000 -0.0193190000000000
vn 3.0717628255309330 -3.1386382844802005 -0.0888009147327614
v -0.0001500000000000 0.0199900000000000 0.0006340000000000
vn 5.3252207752773320 -2.0349310796217259 -0.9779430073958321
v 0.0028500000000000 -0.0283810000000000 -0.0136670000000000
vn -4.4575611240335524 1.1255972684392348 4.2807315900492924
v -0.0044000000000000 -0.0078880000000000 -0.0302380000000000
vn 5.4075217491835188 2.1247075549510503 0.4641628142962116
v 0.0028500000000000 -0.0200190000000000 -0.0044160000000000
vn 2.9081331808275186 -1.2910918050300750 2.8433323641826718
v -0.0011500000000000 -0.0229750000000000 -0.0034260000000000
vn -6.1466928870986308 -0.0031086468705527 0.8439721156201028
v -0.0031500000000000 -0.0022785000000000 -0.0206010000000000
vn 4.3369414859670172 4.4416863353493161 -0.9175039568905230
v 0.0026000000000000 -0.0198920000000000 0.0037920000000000
vn -0.0187341692563407 0.0208378473459648 -6.1715400897194819
v -0.0016500000000000 0.0157140000000000 -0.0039900000000000
vn -6.2805454505105160 0.0189131056672634 0.0988977826273487
v -0.0031500000000000 -0.0035560000000000 -0.0217410000000000
vn 5.4110900595537448 -2.1084877656743473 0.5179313774755293
v 0.0028500000000000 0.0198990000000000 -0.0049260000000000
vn 3.5909238059287238 2.6519099505008308 1.5320374746724601
v 0.0028500000000000 0.0090020000000000 -0.0230930000000000
vn 5.4577717643707677 1.5390446961778221 -1.4605868013792944
v 0.0028500000000000 -0.0145880000000000 0.0144030000000000
vn 2.9316047442213522 2.7067154311793313 1.5604151123092094
v -0.0011500000000000 -0.0154980000000000 0.0193430000000000
vn 2.3391027416835342 -1.0740695623702570 5.2845702358509463
v 0.0024654000000000 0.0040320000000000 -0.0197065000000000
vn 5.4387744814689851 -0.5362701001299974 2.0745225670068139
v 0.0028500000000000 0.0051790000000000 -0.0198350000000000
vn -2.8754264605900381 0.5416548100059031 -1.9100975704597967
v -0.0046500000000000 0.0079890000000000 -0.0308278000000000
vn 2.0061108988437666 1.0862270959410478 -5.4359164753017559
v 0.0023500000000000 -0.0041580000000000 0.0195630000000000
vn -6.2831853071795862 0.0000000000000000 0.0000000000000000
v -0.0031500000000000 0.0189040000000000 -0.0141430000000000
vn -2.0857089512388662 -4.9093623380973588 2.3215216884290495
v -0.0028500000000000 0.0182350000000000 -0.0082140000000000
vn 5.2535263109861150 0.2143977429450034 -2.3149168356034173
v 0.0028500000000000 0.0023540000000000 -0.0314120000000000
vn -2.2101696964717137 5.3917278045683164 0.1888024707153282
v -0.0028500000000000 -0.0199770000000000 -0.0009520000000000
vn 5.4228311723742628 0.5613817328619095 -2.0844341575629710
v 0.0028500000000000 -0.0051790000000000 0.0198350000000000
vn 3.4852489352275700 -1.3605526735674771 -2.7490023574691853
v -0.0011500000000000 -0.0112570000000000 0.0230680000000000
vn 2.8705195116531499 -2.4882764723826152 -1.8686879624012045
v -0.0011500000000000 -0.0215286000000000 0.0022554000000000
vn -2.8678046204287515 2.9507812329957068 -4.4191270094890820
v -0.0043167000000000 -0.0180703000000000 0.0253930000000000
vn -3.6874328149008315 1.6537274246368827 2.5514575382588474
v -0.0031500000000000 -0.0133720000000000 0.0194430000000000
vn -6.2831853071795862 0.0000000000000000 0.0000000000000000
v -0.0031500000000000 -0.0143100000000000 0.0185850000000000
vn -4.4421777022250470 -3.6361902377592203 2.5488866720693100
v -0.0044000000000000 0.0254670000000000 -0.0181110000000000
vn 5.3216527562996774 -2.2541875982943345 0.1809828580543733
v 0.0028500000000000 -0.0314120000000000 0.0023540000000000
vn 6.2831853071795862 0.0000000000000005 -0.0000000000000004
v 0.0028500000000000 0.0230900000000000 -0.0084930000000000
vn 2.8568552623419299 0.7310592183569627 -3.0233602569646552
v -0.0011500000000000 -0.0130300000000000 0.0248860000000000
vn -6.2831853071795871 0.0000000000000000 0.0000000000000000
v -0.0031500000000000 0.0001110000000000 -0.0249930000000000
vn 5.4533797052151556 -1.4913171021346152 1.5163314101678931
v 0.0028500000000000 0.0145880000000000 -0.0144030000000000
vn 5.5849204660738812 1.9293078813523588 -0.4194650935742353
v 0.0028500000000000 -0.0198990000000000 0.0049260000000000
vn -6.2831853071795880 0.0000000000000000 0.0000000000000000
v -0.0031500000000000 -0.0280930000000000 0.0052580000000000
vn 6.2831853071795871 -0.0000000000000005 0.0000000000000004
v 0.0028500000000000 -0.0230900000000000 0.0084930000000000
vn -6.2729774113539118 0.2300442505963692 -0.0030922693438733
v -0.0031500000000000 -0.0213250000000000 -0.0033630000000000
vn 2.8358641653998604 1.6305861690395589 -2.6363300988520724
v -0.0011500000000000 -0.0141145000000000 0.0244470000000000
vn -5.4149097347523654 2.0347736323489976 0.2015496154113780
v -0.0031500000000000 -0.0202050000000000 -0.0019660000000000
vn 1.9809878986242722 -1.5659737266141494 -4.8677564710325001
v -0.0004500000000000 0.0148730000000000 -0.0038380000000000
vn 3.5267533580936146 -2.6603209452518533 -1.5365656455881074
v 0.0028500000000000 -0.0090020000000000 0.0230930000000000
vn -5.3903754456748523 -2.1387417205499926 0.4858051906209190
v -0.0046500000000000 0.0307100000000000 -0.0070090000000000
vn 2.1983632021070769 -2.3997316709719354 4.6339772289761552
v 0.0023500000000000 -0.0149770000000000 0.0282790000000000
vn 5.3089347933599527 -1.2794093489142335 1.8797967586152931
v 0.0028500000000000 -0.0177450000000000 0.0260270000000000
vn -2.2133559777826983 -5.3436435222385521 0.9960302045695859
v -0.0041500000000000 0.0304660000000000 -0.0057270000000000
vn -3.1122970628052857 1.0936345829018232 -2.9443778544558401
v -0.0031500000000000 -0.0103660000000000 0.0292160000000000
vn -6.2831853071795871 0.0000000000000000 0.0000000000000000
v -0.0031500000000000 -0.0085810000000000 0.0272620000000000
vn -5.4369434533084702 -2.1285209341202180 0.2644461456795440
v -0.0046500000000000 0.0312560000000000 -0.0039170000000000
vn -3.0887489162294255 -2.9469263761072968 1.0848368930145615
v -0.0031500000000000 0.0290870000000000 -0.0107210000000000
vn -2.2231032456962905 -5.2740013432056365 1.2483518388294723
v -0.0041500000000000 0.0301370000000000 -0.0072620000000000
vn 2.2207760377629508 -2.0878468408419302 4.7889738856832302
v 0.0023500000000000 -0.0128730000000000 0.0292970000000000
vn 5.3114398223896018 1.8722249092402663 -1.2861578008052690
v 0.0028500000000000 0.0260270000000000 -0.0177450000000000
vn 2.1822765847228371 4.6740367578275608 -2.5272756217401362
v 0.0023500000000000 0.0280940000000000 -0.0153200000000000
vn -6.2831853071795871 0.0000000000000000 0.0000000000000000
v -0.0031500000000000 -0.0168270000000000 -0.0204540000000000
vn -6.2831853071795862 0.0000000000000000 0.0000000000000000
v -0.0031500000000000 -0.0218370000000000 -0.0179770000000000
vn -6.2831853071795862 0.0000000000000000 0.0000000000000000
v -0.0031500000000000 -0.0204950000000000 -0.0172020000000000
vn -0.4708010470711364 -5.7816776971377735 -2.3147189215805346
v -0.0004500000000000 0.0182350000000000 0.0082140000000000
vn 2.9081331808275181 1.2910918050300750 -2.8433323641826718
v -0.0011500000000000 0.0229750000000000 0.0034260000000000
vn -0.1744035869237549 -5.6847098291500577 -2.6614982611525879
v -0.0015500000000000 0.0180350000000000 0.0086395000000000
vn -3.4751691002546856 -0.1332280507062456 3.1102131421331776
v -0.0031500000000000 -0.0124190000000000 -0.0233110000000000
vn 3.7019107705289422 3.0381290281603670 0.1460659681943662
v 0.0028500000000000 0.0085100000000000 0.0209370000000000
vn 6.2831853071795862 0.0000000000000011 0.0000000000000013
v 0.0028500000000000 -0.0206710000000000 -0.0082970000000000
vn -6.1546368626551047 0.0011835319070688 -0.8287851624914578
v -0.0031500000000000 0.0022299000000000 0.0206065000000000
vn -2.1512677505498958 -0.1352651897456619 -5.4080844679617535
v -0.0028500000000000 0.0009520000000000 0.0199770000000000
vn 3.5301746462764996 -0.4564248913022971 -3.0375543922987243
v 0.0028500000000000 0.0250590000000000 0.0037080000000000
vn 2.8838528128728438 2.4893268887527737 1.8701444010646808
v -0.0011500000000000 0.0215081000000000 -0.0022272000000000
vn -4.5093811400680872 4.2577709392458285 0.9687130444948544
v -0.0044000000000000 -0.0307580000000000 -0.0055240000000000
vn -2.1202174395092608 -1.4874412239165000 4.5458097031251761
v -0.0028500000000000 0.0148730000000000 0.0038380000000000
vn -2.9003051577435230 -1.9153556347664786 -0.2753169822926642
v -0.0046500000000000 -0.0315318000000000 -0.0042796000000000
vn -3.0892081376131180 3.1004390240708708 0.4982712130792763
v -0.0031500000000000 -0.0306120000000000 -0.0048870000000000
vn 6.2831853071795853 0.0000000000000000 0.0000000000000000
v -0.0011500000000000 0.0226970000000000 0.0020520000000000
vn 3.5918201577643414 -3.0577765232035978 -0.2224787753167755
v 0.0028500000000000 -0.0085100000000000 -0.0209370000000000
vn -5.4592094458421148 2.0752102870901092 0.4368270284415567
v -0.0046500000000000 -0.0307100000000000 -0.0070090000000000
vn -6.2831853071795871 0.0000000000000000 0.0000000000000000
v -0.0031500000000000 -0.0272620000000000 -0.0085810000000000
vn -6.2831853071795871 0.0000000000000000 0.0000000000000000
v -0.0031500000000000 -0.0001110000000000 0.0249930000000000
vn 3.5301746462764991 0.4564248913022971 3.0375543922987243
v 0.0028500000000000 -0.0250590000000000 -0.0037080000000000
vn 5.3223895500920371 -1.8654728678412151 -1.2764774914853656
v 0.0028500000000000 -0.0260270000000000 -0.0177450000000000
vn 3.6240393623598868 -2.9891476130919923 0.6093887229543254
v -0.0001500000000000 0.0184490000000000 -0.0005000000000000
vn 6.2831853071795862 -0.0000000000000011 -0.0000000000000013
v 0.0028500000000000 0.0206710000000000 0.0082970000000000
vn -3.6249815277380488 -2.9299590066825907 -0.8482566050204829
v -0.0031500000000000 0.0184010000000000 0.0006960000000000
vn -3.4234451614215651 0.5812513265733458 3.0719343786605946
v -0.0031500000000000 -0.0052590000000000 -0.0305510000000000
vn -2.7528446640136379 1.1258616172682534 5.2346064379899140
v -0.0042864000000000 -0.0058083000000000 -0.0305898000000000
vn -6.2803421325082329 -0.0177990104867279 -0.1036449960901098
v -0.0031500000000000 0.0035560000000000 0.0217410000000000
vn 5.3082033023216946 -1.2653838866127849 -1.8893061964577975
v 0.0028500000000000 -0.0177450000000000 -0.0260270000000000
vn -2.1995557046774064 1.2719281188926073 5.2846184741894273
v -0.0041500000000000 -0.0072620000000000 -0.0301370000000000
vn 3.4942971716652007 2.5700372666959579 -1.7178107760820605
v -0.0011500000000000 -0.0140010000000000 -0.0200580000000000
vn 3.4942971716651963 2.5700372666959574 -1.7178107760820622
v -0.0011500000000000 0.0104990000000000 -0.0200580000000000
vn -6.2793490163908654 -0.0188133778677588 0.1376712466502912
v -0.0031500000000000 0.0068230000000000 -0.0211180000000000
vn 2.9130929831282462 -0.0167422041172825 3.1232636486449188
v -0.0011500000000000 0.0245000000000000 -0.0037500000000000
vn -6.2788793688552307 0.0180857745944082 -0.1460457092990703
v -0.0031500000000000 -0.0068230000000000 0.0211180000000000
vn -3.2931549764232857 1.0028247018864815 -3.4063521107050874
v -0.0030000000000000 -0.0050570000000000 0.0195037000000000
vn -6.2831853071795871 0.0000000000000000 0.0000000000000000
v -0.0031500000000000 -0.0162190000000000 0.0156930000000000
vn -3.2619322061466480 -1.0132652836058955 3.4127937945756193
v -0.0030000000000000 0.0049870000000000 -0.0195227000000000
vn 6.2831853071795871 -0.0000000000000007 0.0000000000000008
v 0.0028500000000000 -0.0258180000000000 0.0069180000000000
vn 2.8381238801319908 2.3956200058496973 -1.9811081123234637
v -0.0011500000000000 0.0094630000000000 -0.0187080000000000
vn 2.9130929831282462 0.0167422041172831 -3.1232636486449188
v -0.0011500000000000 -0.0245000000000000 0.0037500000000000
vn -5.3901679214432932 2.1929064751468705 -0.0483179690662805
v -0.0046500000000000 -0.0314900000000000 0.0007850000000000
vn 3.5388372810522370 -1.7364572064263237 -2.5325860440887844
v 0.0028500000000000 -0.0223880000000000 0.0030980000000000
vn -2.2841435434123758 5.3783326372482545 -0.4791143191604377
v -0.0041500000000000 -0.0308900000000000 0.0026150000000000
vn -3.0480358947441872 2.8893573154985854 -2.8817942336219318
v -0.0029674000000000 -0.0141443000000000 0.0143010000000000
vn 2.9084650312929234 1.8166123504823828 -2.5399792802894177
v -0.0011500000000000 -0.0267040000000000 0.0030340000000000
vn 6.2831853071795862 0.0000000000000000 0.0000000000000000
v -0.0011500000000000 -0.0263030000000000 0.0020520000000000
vn 2.2970349382571329 2.4419678260420579 -4.8223704196321888
v 0.0024750000000000 -0.0087445000000000 0.0181260000000000
vn 6.2831853071795862 0.0000000000000000 0.0000000000000000
v 0.0028500000000000 -0.0182670000000000 0.0221890000000000
vn -6.2831853071795871 0.0000000000000000 0.0000000000000000
v -0.0031500000000000 0.0162190000000000 -0.0156930000000000
vn -6.2576696932158731 -0.2978755431907759 -0.2472675692509260
v -0.0031500000000000 0.0182810000000000 -0.0037640000000000
vn 2.1963176471798440 0.1636334142397692 5.4375340933152465
v 0.0023500000000000 -0.0005240000000000 -0.0199930000000000
vn -6.2831853071795871 0.0000000000000000 0.0000000000000000
v -0.0031500000000000 -0.0276770000000000 -0.0016610000000000
vn -3.3691392054090747 3.4220714944073118 -0.9940987382901593
v -0.0030000000000000 -0.0195800000000000 0.0047563000000000
vn -6.2831853071795871 0.0000000000000000 0.0000000000000000
v -0.0031500000000000 -0.0025730000000000 -0.0265430000000000
vn 3.8486206721259570 -0.1060424922560168 2.9540697633297919
v -0.0011500000000000 -0.0122809000000000 0.0178332000000000
vn 2.2219034062133627 1.6921684389463654 -4.9536740448165668
v 0.0023500000000000 0.0107000000000000 -0.0301580000000000
vn 3.8954303330662254 0.1115598774535360 -2.9291188079561881
v -0.0011500000000000 0.0122826000000000 -0.0178532000000000
vn 2.8335001281135539 -2.3991004293742897 1.9753458217578803
v -0.0011500000000000 -0.0094630000000000 0.0187080000000000
vn 6.2831853071795871 -0.0000000000000015 0.0000000000000009
v 0.0028500000000000 0.0001130000000000 -0.0253960000000000
vn -3.0862088372201071 -2.8485295996775806 2.8899847926122240
v -0.0029674000000000 0.0141695000000000 -0.0142754000000000
vn 6.2831853071795853 -0.0000000000000015 0.0000000000000005
v 0.0028500000000000 -0.0169030000000000 0.0229770000000000
vn 4.4104758278170193 2.5966805492069502 0.6630985822423089
v -0.0011500000000000 0.0089405000000000 -0.0213019000000000
vn -2.2400521119791081 -0.3295736575399398 5.3939780268895072
v -0.0041500000000000 0.0020930000000000 -0.0309290000000000
vn -6.2831853071795862 0.0000000000000000 0.0000000000000000
v -0.0031500000000000 -0.0284520000000000 -0.0003190000000000
vn 5.4291887761002071 0.3068145471314451 2.1305651624308264
v 0.0028500000000000 -0.0026110000000000 -0.0203330000000000
vn -5.0717206429150705 -0.3541849260928459 2.4503916282891445
v -0.0046500000000000 0.0000000000000000 -0.0315000000000000
vn 4.1921859752947555 -2.7672811331447251 -0.5864279854704777
v -0.0011500000000000 -0.0088745000000000 0.0213504000000000
vn 3.9911246615957352 2.8188769073940976 -0.5796564830497288
v -0.0011500000000000 -0.0278394000000000 0.0001741000000000
vn -3.0898479086457709 -0.1543575586809460 3.1365184352355673
v -0.0031500000000000 0.0015090000000000 -0.0309630000000000
vn 3.5077280236582271 -2.2044209046868000 2.1640076589319190
v -0.0011500000000000 -0.0107420000000000 0.0197560000000000
vn -4.0238202796421287 2.4447849405285167 1.4931148915378061
v -0.0031500000000000 -0.0214050000000000 -0.0208010000000000
vn 2.1190725954482295 2.1155621556688544 4.9806299440903388
v 0.0023500000000000 -0.0081350000000000 -0.0182710000000000
vn 0.0260194967016651 -5.2276795180720690 -3.4811446779219652
v -0.0002500000000000 0.0165810000000000 0.0111830000000000
vn 6.2831853071795862 0.0000000000000004 0.0000000000000013
v 0.0028500000000000 0.0218240000000000 0.0126000000000000
vn 2.4755697308104332 0.0699805133594686 -2.9578096629274535
v -0.0011500000000000 -0.0114700000000000 -0.0175500000000000
vn -3.6162868103973804 -2.9268050171508322 -0.8664573661043096
v -0.0031500000000000 -0.0183910000000000 -0.0195170000000000
vn -3.7955743618512359 0.9934651561906771 2.8019004331487909
v -0.0031500000000000 -0.0204495000000000 -0.0215064000000000
vn -3.7486772544734528 0.4490843641901982 2.9549736650172260
v -0.0031500000000000 0.0198430000000000 0.0183310000000000
vn -3.6613851527535393 -2.9290057947652062 -0.8298987813497453
v -0.0031500000000000 0.0215610000000000 0.0204350000000000
vn -3.7824670971563945 -0.7293186773691661 -2.8878595317544855
v -0.0031500000000000 -0.0194530000000000 -0.0184110000000000
vn 2.4977505691684625 -0.0358052354904931 2.9704975980666442
v -0.0011500000000000 0.0114700000000000 0.0175500000000000
vn -3.7517272024660913 2.9723149406124434 0.3053173962306373
v -0.0031500000000000 0.0183270000000000 0.0199090000000000
vn -3.6258814307102516 -0.9665696282317000 -2.8938946415669689
v -0.0031500000000000 0.0204980000000000 0.0215410000000000
vn 5.2166591572958909 -0.9057512846308389 2.1769188427550650
v 0.0028500000000000 -0.0115080000000000 0.0293230000000000
vn -6.2831853071795871 0.0000000000000000 0.0000000000000000
v -0.0031500000000000 0.0269580000000000 -0.0094930000000000
vn -3.0887336653588666 -3.0733504387885331 0.6450099634289896
v -0.0031500000000000 0.0303380000000000 -0.0063710000000000
vn 5.3153574090862303 2.1070490094729379 -0.8381437693993273
v 0.0028500000000000 0.0293230000000000 -0.0115080000000000
vn -4.4437515731727721 -4.3855839323042574 0.6890932429759604
v -0.0044000000000000 0.0308700000000000 -0.0048610000000000
vn -1.9981704626802668 0.9441293343277632 -5.5095885530140523
v -0.0041500000000000 -0.0052110000000000 0.0305590000000000
vn -3.2838379091919405 0.5141696925489557 -3.0939419098395864
v -0.0031500000000000 -0.0060020000000000 0.0304140000000000
vn -2.2084962771584968 -5.1234223637340577 1.8017357594642549
v -0.0041500000000000 0.0292480000000000 -0.0102740000000000
vn 5.3082211905324481 -1.1296250406534776 1.9739553618602730
v 0.0028500000000000 -0.0157500000000000 0.0272800000000000
vn 5.3129862761361339 1.9613154180492942 -1.1427587952375360
v 0.0028500000000000 0.0272800000000000 -0.0157500000000000
vn -5.4568385079725736 1.5471810167461872 1.1628034796286535
v -0.0031500000000000 -0.0166170000000000 -0.0116610000000000
vn -5.4088537138660087 -1.3083073000681698 -1.7319815892519848
v -0.0046500000000000 0.0202480000000000 0.0241300000000000
vn -3.3067360865212319 2.4812259239175218 2.4132619853172437
v -0.0030083000000000 -0.0153325000000000 -0.0130867000000000
vn 0.0127937519513167 -5.5058742131665577 -2.3239321586784829
v -0.0001500000000000 0.0214986000000000 0.0205274000000000
vn -0.0449881695605780 6.0412602794916213 0.5163173233946811
v -0.0001500000000000 0.0183410000000000 0.0197520000000000
vn -6.2779099096339088 0.0648053174379715 0.1432007941116445
v -0.0031500000000000 -0.0180180000000000 -0.0121920000000000
vn 6.2831853071795862 -0.0000000000000001 0.0000000000000008
v 0.0028500000000000 0.0245520000000000 0.0141750000000000
vn -0.0127526691014822 -1.4728225413556522 -5.7573899321948403
v -0.0001500000000000 -0.0195640000000000 -0.0183780000000000
vn -3.2428353039803817 2.4160951167820182 2.6173427441168391
v -0.0030000000000000 -0.0134164000000000 -0.0150317000000000
vn 3.6959597588234967 -1.6551921389674713 -2.5596967786064444
v 0.0028500000000000 0.0143620000000000 0.0243160000000000
vn -5.4210701788329940 1.3763201889570844 1.6669137488233068
v -0.0046500000000000 -0.0202480000000000 -0.0241300000000000
vn 6.2831853071795862 -0.0000000000000005 -0.0000000000000018
v 0.0028500000000000 0.0208250000000000 0.0174790000000000
vn -5.4008884913721147 1.1236011858222401 1.8291777593216105
v -0.0031500000000000 -0.0112000000000000 -0.0169310000000000
vn -6.2760572959712233 -0.1621903454094454 -0.1309968434024032
v -0.0031500000000000 0.0180180000000000 0.0121920000000000
vn -3.2931197141876201 -2.2784446481605203 -2.1518464541364026
v -0.0031500000000000 0.0228340000000000 0.0209660000000000
vn 3.6366434683362781 -0.5343174577813782 -3.0048170025727963
v 0.0028500000000000 0.0128090000000000 0.0249260000000000
vn -0.0317115022500139 -2.8152014838666219 -5.2909096971208935
v -0.0001500000000000 0.0206493000000000 0.0214481000000000
vn -3.2987035202637185 -2.6264365366443734 -2.5343079516313418
v -0.0030079000000000 0.0133777000000000 0.0150774000000000
vn -5.3679414856558587 -1.8030390201629156 -1.3662640951780880
v -0.0030682000000000 0.0167318000000000 0.0113426000000000
vn -3.2997842337356103 -2.4874861956653658 -2.4020910891716802
v -0.0030079000000000 0.0152694000000000 0.0131597000000000
vn -0.0869599948053175 -5.9209053757398342 -0.7631570112552062
v -0.0001500000000000 -0.0183410000000000 -0.0197520000000000
vn 0.0024249100951059 2.2930596721974346 5.4231141724255654
v -0.0001500000000000 -0.0203870000000000 -0.0215740000000000
vn 0.0128927855638023 5.2951408486357430 2.5047511495508981
v -0.0001500000000000 -0.0215001000000000 -0.0205232000000000
vn -3.2931197141876201 2.2784446481605212 2.1518464541364022
v -0.0031500000000000 -0.0228340000000000 -0.0209660000000000
vn -5.3735866996614243 -1.4657817095377945 -1.9643287571487169
v -0.0030682000000000 0.0113816000000000 0.0167064000000000
vn -0.0032112456783914 1.7190600304733135 5.6601208298416701
v -0.0001500000000000 0.0195640000000000 0.0183780000000000
vn 2.1439330274600024 3.7186394291124483 -3.7859712949975495
v 0.0023500000000000 0.0224890000000000 -0.0227650000000000
vn 3.7511720793634420 2.9213277472176942 -0.6135126190788188
v 0.0028500000000000 0.0184060000000000 -0.0196550000000000
vn 3.7353596389219916 -0.9830026689488086 2.8266266258812438
v 0.0028500000000000 -0.0193290000000000 0.0184580000000000
vn 3.7799221353170571 1.1881332730270857 -2.7331412073338024
v 0.0028500000000000 -0.0206035000000000 0.0214495000000000
vn 2.1284358650365021 -3.7295627797101067 3.7741724210325716
v 0.0023500000000000 -0.0224890000000000 0.0227650000000000
vn 3.7116245287239131 -2.9863220362931555 0.5496638189913015
v 0.0028500000000000 0.0215920000000000 -0.0203060000000000
vn -3.3324060479645699 3.1446124622897877 -1.3956365054874624
v -0.0030250000000000 -0.0181662000000000 0.0087688000000000
vn 3.6770664242453606 -2.9735846454283417 0.6318010939458212
v 0.0028500000000000 -0.0183590000000000 0.0196460000000000
vn 5.2080187143867640 1.0705274829413798 -2.1092993339404340
v 0.0028500000000000 0.0136670000000000 -0.0283810000000000
vn -3.5747863969243356 -2.2154789608515388 -2.1092631470015828
v -0.0031500000000000 0.0137650000000000 -0.0197630000000000
vn 2.8648990286588405 -2.2416190534092233 -2.1577174441394176
v -0.0011500000000000 0.0150370000000000 -0.0187080000000000
vn 6.2831853071795871 0.0000000000000000 0.0000000000000000
v -0.0011500000000000 0.0131250000000000 -0.0238050000000000
vn 3.5530954998400803 -0.2437955972735173 3.0733405457750806
v -0.0011500000000000 0.0123790000000000 -0.0233140000000000
vn -6.2831853071795853 0.0000000000000000 0.0000000000000000
v -0.0031500000000000 -0.0215890000000000 0.0125930000000000
vn -6.2831853071795862 0.0000000000000000 0.0000000000000000
v -0.0031500000000000 0.0166350000000000 -0.0226120000000000
vn 3.8140797133753037 2.5782349244563845 -1.4835581820988413
v 0.0028500000000000 -0.0214660000000000 0.0206830000000000
vn 3.6657899030673295 -1.2137232059025800 2.7909598783879095
v 0.0028500000000000 0.0206230000000000 -0.0214940000000000
vn 3.6642794691749385 0.4672205738057985 -3.0063631147876180
v 0.0028500000000000 0.0197110000000000 -0.0183470000000000
vn -3.0046882374536645 -2.5167773038731096 1.8629314693921268
v -0.0046500000000000 -0.0259360000000000 0.0187430000000000
vn -2.1838524977805664 -2.2943950767850572 4.8853365870028043
v -0.0029318000000000 0.0085149000000000 -0.0181869000000000
vn 2.9193499386813841 -2.9725692517907345 -0.9610273736352501
v -0.0011500000000000 0.0158160000000000 -0.0200590000000000
vn 5.3149472594249314 -2.0387966262062771 0.9936392742349371
v 0.0028500000000000 -0.0283810000000000 0.0136670000000000
vn -3.5797459914119174 -1.7135036417157532 2.8716078867357533
v -0.0030300000000000 0.0122776000000000 -0.0160109000000000
vn 6.2831853071795880 0.0000000000000000 0.0000000000000000
v -0.0011500000000000 -0.0096620000000000 0.0220930000000000
vn 5.3199294957983296 -2.2361135226502853 0.3487504038834223
v 0.0028500000000000 -0.0311480000000000 0.0046950000000000
vn 3.6594923512584314 -0.5492149935488932 -2.9973586170075466
v 0.0028500000000000 -0.0116910000000000 0.0249260000000000
vn -6.2444243844734295 0.3865955916162075 -0.0845789950658189
v -0.0031500000000000 -0.0192640000000000 0.0085660000000000
vn 2.1807361620700361 -5.2742215517843807 0.6880562158429828
v 0.0023500000000000 -0.0317130000000000 0.0042730000000000
vn -6.2831853071795862 0.0000000000000000 0.0000000000000000
v -0.0031500000000000 0.0254080000000000 -0.0068080000000000
vn 3.7607989166370648 2.9530947555963496 0.6277710889372915
v -0.0011500000000000 -0.0265750000000000 -0.0003220000000000
vn -2.1490517990380980 0.1568818057062529 5.4809957240454068
v -0.0041500000000000 -0.0010470000000000 -0.0309820000000000
vn 6.2831853071795862 -0.0000000000000030 0.0000000000000014
v 0.0028500000000000 -0.0180560000000000 0.0186740000000000
vn -3.6730813677518372 3.0406554514938726 0.0859003852606770
v -0.0031500000000000 0.0101520000000000 -0.0213020000000000
vn -6.2675926321196505 -0.1700528976860678 0.2594071469750900
v -0.0031500000000000 0.0167870000000000 -0.0135750000000000
vn -6.2758614285291632 -0.1054620931791566 0.1847962800626917
v -0.0031500000000000 0.0135350000000000 -0.0172430000000000
vn -3.3959855586051306 3.3357558443205755 -1.0803854330234079
v -0.0030115000000000 -0.0187560000000000 0.0073948000000000
vn -3.4110728861559458 2.7050088025475092 -2.2877937594693512
v -0.0030167000000000 -0.0158384000000000 0.0124810000000000
vn -6.2831853071795862 0.0000000000000000 0.0000000000000000
v -0.0031500000000000 -0.0041380000000000 0.0226680000000000
vn -3.6476863917353368 2.7665273405105122 -1.2741247043832171
v -0.0031500000000000 -0.0263970000000000 0.0009000000000000
vn 3.5441196182217647 3.0584231818357530 0.2463313003222709
v 0.0028500000000000 -0.0159900000000000 0.0209370000000000
vn -3.6234434364260011 -2.9342158334923787 -0.8465694152964286
v -0.0031500000000000 -0.0102330000000000 0.0218020000000000
vn -3.0883372762191694 3.1292436886763411 0.2622275154131878
v -0.0031500000000000 -0.0308870000000000 -0.0026390000000000
vn -3.1817809453899959 1.3119599674285405 -3.1746698959073938
v -0.0029917000000000 -0.0076431000000000 0.0186338000000000
vn -6.2624015500480992 -0.1648935300630001 0.1853941290144903
v -0.0031500000000000 0.0192640000000000 -0.0085660000000000
vn -3.6063818049487582 -3.3158224634123585 1.0337368096233612
v -0.0030000000000000 0.0185975000000000 -0.0075550000000000
vn 2.1950099179511762 5.3268981874395385 -0.9334240385925061
v 0.0023500000000000 -0.0196650000000000 0.0036450000000000
vn 5.2457010531504320 0.3896238743321852 -2.2991373400174058
v 0.0028500000000000 0.0046950000000000 -0.0311480000000000
vn -5.4261883248009903 0.2428524646127561 2.1406891803407055
v -0.0046500000000000 -0.0031360000000000 -0.0313430000000000
vn -3.2658542405668292 -1.5798519251157797 3.1908657441794102
v -0.0029917000000000 0.0075810000000000 -0.0186599000000000
vn -6.2831853071795871 0.0000000000000000 0.0000000000000000
v -0.0031500000000000 -0.0254080000000000 0.0068080000000000
vn 4.5162104978452478 1.8754590061093108 1.7135820107805952
v -0.0011500000000000 0.0105130000000000 -0.0229494000000000
vn -6.2831853071795862 0.0000000000000000 0.0000000000000000
v -0.0031500000000000 0.0041380000000000 -0.0226680000000000
vn 3.6961012833659037 2.3307908278161031 1.9442342484749713
v -0.0011500000000000 -0.0260680000000000 -0.0013430000000000
vn -3.3796380029847555 -2.8001915500845693 1.9116480729852996
v -0.0030176000000000 0.0158925000000000 -0.0124158000000000
vn -6.2809090585087866 0.0626423951248801 -0.0498085023692909
v -0.0031500000000000 -0.0135350000000000 0.0172430000000000
vn -3.4173816527450116 1.9623839094745725 -3.0881299650267762
v -0.0030000000000000 -0.0121532000000000 0.0160703000000000
vn -0.1315617032115805 5.3465654490358983 3.0869576522898505
v 0.0008500000000000 0.0090020000000000 -0.0230930000000000
vn 0.5243711975114043 -6.1859873023320118 0.8650868254111974
v -0.0003214000000000 0.0186244000000000 -0.0068199000000000
vn -6.2733439846608254 0.0457538752952306 -0.2302334879559887
v -0.0031500000000000 -0.0167870000000000 0.0135750000000000
vn 2.1641556546740310 0.6111521780076477 -5.2171852952405864
v 0.0023500000000000 0.0038870000000000 -0.0317630000000000
vn -2.8384563428039709 0.8055326719186240 -5.2513389807641966
v -0.0042958000000000 -0.0041353000000000 0.0308680000000000
vn -2.1735221132880840 -5.4220522543981202 0.6851596056572747
v -0.0041500000000000 0.0307170000000000 -0.0041760000000000
vn -3.0206713285827074 -0.5571340292753771 3.0841636247247459
v -0.0046500000000000 -0.0056910000000000 0.0314900000000000
vn -5.4439209638463177 -2.0986148433335328 0.4045778170164276
v -0.0046500000000000 0.0310210000000000 -0.0054700000000000
vn 2.1787365399893055 4.9961535735643352 -1.8161287431474553
v 0.0023500000000000 0.0300250000000000 -0.0110670000000000
vn -6.2831853071795862 0.0000000000000000 0.0000000000000000
v -0.0031500000000000 0.0054810000000000 -0.0218930000000000
vn -4.4416925164015222 4.4209985833847156 -0.4286552522473068
v -0.0044000000000000 -0.0311230000000000 0.0028140000000000
vn -5.4182922782788996 2.1599373973986937 -0.1414773977698228
v -0.0046500000000000 -0.0314120000000000 0.0023540000000000
vn -2.0410954291853822 5.1283933991853949 -1.6873415117402306
v -0.0028500000000000 -0.0191900000000000 0.0056350000000000
vn 3.5259296124413328 -3.0280150991331420 -0.4697031468560230
v -0.0011500000000000 -0.0102100000000000 0.0215345000000000
vn 5.4214207404345451 1.1617280266478112 -1.8212173181901279
v 0.0028500000000000 -0.0109220000000000 0.0173480000000000
vn -2.1833486438537091 1.6019065834381392 -5.1322068366252838
v -0.0029400000000000 -0.0060832000000000 0.0191438000000000
vn 2.1780268328217582 -5.1163147501501420 1.4460915416633444
v 0.0023500000000000 -0.0307530000000000 0.0088450000000000
vn 2.8539799238379255 2.8301553956538870 -1.2887693050117410
v -0.0011500000000000 0.0088430000000000 -0.0197010000000000
vn 2.8644509489353047 -1.5197410973566090 -2.7147491640420176
v -0.0011500000000000 0.0140768000000000 -0.0179662000000000
vn -6.1858546816452451 0.6292715031469627 -0.1839016175836684
v -0.0031500000000000 -0.0203980000000000 0.0043310000000000
vn -6.2831853071795862 0.0000000000000000 0.0000000000000000
v -0.0031500000000000 0.0203980000000000 -0.0043310000000000
vn -2.1584756871251529 -1.5739719446252187 5.1490827156448340
v -0.0029375000000000 0.0060100000000000 -0.0191656000000000
vn 2.1889070285437637 1.3572518541341227 -5.0611381516478939
v 0.0023500000000000 0.0084700000000000 -0.0308590000000000
vn 3.5375549056762918 2.8572255420989152 -1.1262121856040226
v 0.0028500000000000 -0.0157410000000000 0.0225880000000000
vn -6.1816254708490392 0.6723600295701126 -0.1956341776457337
v -0.0031500000000000 -0.0195692000000000 0.0064569000000000
vn -6.2831853071795853 0.0000000000000000 0.0000000000000000
v -0.0031500000000000 -0.0148770000000000 0.0164680000000000
vn 5.4666160321855370 -1.8669113778544162 0.9883060245837589
v 0.0028500000000000 0.0182540000000000 -0.0093300000000000
vn 6.2831853071795862 0.0000000000000018 -0.0000000000000003
v 0.0028500000000000 0.0044160000000000 -0.0265490000000000
vn 6.2831853071795862 0.0000000000000002 0.0000000000000005
v 0.0028500000000000 0.0028410000000000 -0.0238210000000000
vn -6.2831853071795862 0.0000000000000000 0.0000000000000000
v -0.0031500000000000 -0.0054810000000000 0.0218930000000000
vn 2.0336467616390475 2.8313005837891212 -4.6893195839279853
v 0.0023500000000000 -0.0100000000000000 0.0173210000000000
vn -6.2805536782263989 -0.0996676182187077 0.0386869952302654
v -0.0031500000000000 0.0148770000000000 -0.0164680000000000
vn -3.4251818594236307 -3.3386943295112235 -1.2637118053094547
v -0.0030250000000000 0.0185354000000000 -0.0060507000000000
vn -6.2618593309910358 -0.3241003869927103 -0.1558016930889126
v -0.0031500000000000 0.0198310000000000 -0.0064480000000000
vn 2.1797339838150060 0.5174705706142775 5.3861776299413560
v 0.0023500000000000 -0.0020910000000000 -0.0198900000000000
vn 2.9122735733147849 2.6967671834214983 -1.5752461372565569
v -0.0011500000000000 -0.0277480000000000 0.0018750000000000
vn 2.7943327921144432 -2.8480746137319457 1.2289514631393614
v -0.0011500000000000 -0.0088285000000000 0.0197335000000000
vn 2.8637977163061414 1.5345049706901903 2.7063520966804857
v -0.0011500000000000 -0.0141145000000000 0.0179880000000000
vn 6.2831853071795862 0.0000000000000000 0.0000000000000000
v 0.0028500000000000 -0.0176900000000000 0.0243410000000000
vn 3.6149628480088536 3.0380942670198534 0.4398471968742336
v -0.0011500000000000 0.0101750000000000 -0.0215400000000000
vn 6.2831853071795871 0.0000000000000000 0.0000000000000000
v -0.0011500000000000 -0.0272310000000000 0.0015160000000000
vn -3.7942580775199803 2.9635926558773260 0.2952818304639794
v -0.0031500000000000 -0.0265980000000000 -0.0000850000000000
vn 6.2831853071795853 -0.0000000000000002 -0.0000000000000003
v 0.0028500000000000 0.0235120000000000 -0.0155240000000000
vn 5.4770944440534279 1.0205822732902505 -1.8359762853855610
v 0.0028500000000000 -0.0095620000000000 0.0181330000000000
vn -3.6703310828537035 2.1893166660603378 2.0584938632933190
v -0.0031500000000000 -0.0259705000000000 -0.0014125000000000
vn -2.2503741081204152 -0.1016109218701549 5.4055707174547045
v -0.0041500000000000 0.0005240000000000 -0.0309960000000000
vn 2.1113931870746030 5.3955556682749233 0.6082009224160354
v 0.0023500000000000 -0.0198290000000000 -0.0026110000000000
vn -1.7456092609826046 4.6723229766253525 2.8118548983429510
v -0.0028500000000000 -0.0173210000000000 -0.0100000000000000
vn -1.7935690906660740 3.0049743835510903 4.5476527505244828
v -0.0028500000000000 -0.0099790000000000 -0.0173330000000000
vn -3.6234434364260086 -2.9342158334923769 -0.8465694152964270
v -0.0031500000000000 0.0142670000000000 0.0218020000000000
vn -5.3951342901753021 1.3393581976423141 1.0613997865683420
v -0.0031500000000000 -0.0176340000000000 -0.0100560000000000
vn 3.6578193510267840 1.8412372136058186 -2.4248110520577235
v 0.0028500000000000 0.0189850000000000 0.0212950000000000
vn 2.9130929831282395 0.0167422041172837 -3.1232636486449170
v -0.0011500000000000 0.0122500000000000 0.0249680000000000
vn 6.2831853071795871 0.0000000000000011 -0.0000000000000008
v 0.0028500000000000 -0.0159460000000000 -0.0164810000000000
vn -3.4307888263195050 -1.7891074829757583 -2.5650969229329470
v -0.0031500000000000 0.0177290000000000 0.0254300000000000
vn 6.2831853071795871 -0.0000000000000005 0.0000000000000007
v 0.0028500000000000 0.0159460000000000 0.0164810000000000
vn 2.9311521368826932 -3.1065263539957773 -0.3327516134689296
v -0.0011500000000000 0.0159790000000000 0.0216100000000000
vn -5.4267319055471326 1.1979286333279011 1.7083763643030703
v -0.0031500000000000 -0.0103950000000000 -0.0174360000000000
vn 3.6510853761665008 -2.3421319917801675 1.9462513531604053
v 0.0028500000000000 0.0212540000000000 0.0189320000000000
vn 3.6080909697640013 -2.3700115050270973 1.9273457692314868
v 0.0028500000000000 -0.0186980000000000 -0.0210190000000000
vn -2.2316724326514961 -3.8296653886912160 -3.8215211997069183
v -0.0041500000000000 0.0221050000000000 0.0217340000000000
vn -3.0200331449371416 -1.9312760358304617 -2.4682751547493300
v -0.0046500000000000 -0.0197230000000000 -0.0252000000000000
vn -2.1305090625028633 -3.5669537096464374 -4.1284800044395720
v -0.0041500000000000 0.0197920000000000 0.0238590000000000
vn -2.1305090625028633 3.5669537096464370 4.1284800044395711
v -0.0041500000000000 -0.0197920000000000 -0.0238590000000000
vn -2.6261199894898581 -3.2674649965750713 -4.2455464179020321
v -0.0042750000000000 0.0187505000000000 0.0248430000000000
vn -6.2755547902840005 0.2003057955149240 0.0546593348294460
v -0.0031500000000000 -0.0172430000000000 -0.0135350000000000
vn -4.4430502009038992 2.9243239729129984 3.3409776675140570
v -0.0044000000000000 -0.0205400000000000 -0.0235520000000000
vn -3.4329302500126384 1.9178806911274242 2.7342188419118854
v -0.0030429000000000 -0.0124766000000000 -0.0158714000000000
vn -3.3472054974143006 -2.9292196558989438 -1.8984358959228271
v -0.0029921000000000 0.0159582000000000 0.0122878000000000
vn -3.4582631837967166 3.1773092808219170 1.7260960498787330
v -0.0030000000000000 -0.0160184000000000 -0.0122212000000000
vn -4.4415050759875774 -3.5367713390090816 -2.6873603948088811
v -0.0044000000000000 0.0248430000000000 0.0189570000000000
vn -2.1731940105312271 4.2601364703717248 3.4163068337293501
v -0.0041500000000000 -0.0241900000000000 -0.0193870000000000
vn -2.8227321519946109 4.0383281896530541 3.4617670852399378
v -0.0042864000000000 -0.0233319000000000 -0.0206175000000000
vn -6.2735943174759026 -0.1067470938115719 -0.1877311410378044
v -0.0031500000000000 0.0135750000000000 0.0167870000000000
vn -2.1731940105312266 -4.2601364703717248 -3.4163068337293501
v -0.0041500000000000 0.0241900000000000 0.0193870000000000
vn -0.0371016737908305 3.3560755059157534 -5.0594757715715764
v -0.0001500000000000 0.0191510000000000 0.0214050000000000
vn -6.2705744731286606 0.2148157092937987 0.1758923398418124
v -0.0031500000000000 -0.0135750000000000 -0.0167870000000000
vn 3.5346114373986279 0.9073089233575850 -2.9340624581864212
v 0.0028500000000000 0.0111450000000000 0.0248010000000000
vn -2.8227321519946114 -4.0383281896530541 -3.4617670852399387
v -0.0042864000000000 0.0233319000000000 0.0206175000000000
vn -4.8882968169189427 -2.3847707075737570 -3.0728152983232779
v -0.0044000000000000 0.0205400000000000 0.0235520000000000
vn -4.4415050759875809 3.5367713390090771 2.6873603948088820
v -0.0044000000000000 -0.0248430000000000 -0.0189570000000000
vn 6.2831853071795862 -0.0000000000000032 -0.0000000000000041
v 0.0028500000000000 0.0186740000000000 0.0180560000000000
vn -3.0099105796274168 -2.2916236549430535 -2.1371383524511196
v -0.0046500000000000 -0.0233380000000000 -0.0218940000000000
vn -0.2325299255498280 4.4962710686768208 -3.9777078625787423
v -0.0001500000000000 -0.0212970000000000 -0.0189880000000000
vn -0.0199268188542653 -4.6105439366096164 3.9435870181165176
v -0.0001500000000000 0.0212970000000000 0.0189880000000000
vn -6.2738998612343284 -0.2128002830413799 -0.1102590850828170
v -0.0031500000000000 0.0172430000000000 0.0135350000000000
vn 6.2831853071795871 0.0000000000000001 -0.0000000000000005
v 0.0028500000000000 0.0194610000000000 0.0166920000000000
vn -2.6261199894898684 3.2674649965750668 4.2455464179020215
v -0.0042750000000000 -0.0187505000000000 -0.0248430000000000
vn -3.0024382631039104 2.4160259805400086 1.9916103740079101
v -0.0046500000000000 0.0249460000000000 0.0200430000000000
vn -2.9844843063301707 1.4359013075121052 1.6975430086442438
v -0.0046500000000000 0.0215420000000000 0.0234545000000000
vn -3.2889398774759466 -1.9313606158198375 -3.0919837867843225
v -0.0030000000000000 0.0125431000000000 0.0157697000000000
vn -2.2316724326514921 3.8296653886912169 3.8215211997069165
v -0.0041500000000000 -0.0221050000000000 -0.0217340000000000
vn -5.5143382893656669 1.4285646519561226 1.4826283579010844
v -0.0046500000000000 -0.0214250000000000 -0.0230910000000000
vn 0.0786088760356467 -3.4016626673680239 5.0307383452036527
v -0.0001500000000000 -0.0191510000000000 -0.0214050000000000
vn 2.1910575879283041 -3.3628970520663470 -4.1138871767395360
v 0.0023500000000000 -0.0201690000000000 -0.0248440000000000
vn 2.8623099809970065 -2.9251647272570649 -1.0585770323049593
v -0.0011500000000000 0.0158160000000000 0.0223760000000000
vn -6.2831853071795862 0.0000000000000000 0.0000000000000000
v -0.0031500000000000 0.0147100000000000 0.0210210000000000
vn -6.2831853071795862 0.0000000000000000 0.0000000000000000
v -0.0031500000000000 0.0183770000000000 0.0177690000000000
vn 2.6986428454825311 -2.2106180307532273 -2.0889510571327703
v -0.0011500000000000 0.0152214000000000 0.0234734000000000
vn 2.9317290073008424 -1.8400644236232491 -2.5251331966312716
v -0.0011500000000000 -0.0100460000000000 -0.0181840000000000
vn 3.5725258742740027 -2.8747115254963376 1.0456003284831195
v -0.0011500000000000 0.0141840000000000 0.0203990000000000
vn -0.1849720703880139 5.4295663973992712 3.1506456717706071
v -0.0002500000000000 -0.0173210000000000 -0.0100000000000000
vn -4.3090248981199792 -0.9058671286929972 -2.5641160503909632
v -0.0031500000000000 0.0130375000000000 0.0234580000000000
vn 5.4600950510526367 1.3142969723768210 1.6630132042724479
v 0.0028500000000000 -0.0126350000000000 -0.0161430000000000
vn 3.5489854333004982 -0.2435749076221291 3.0743265876688133
v -0.0011500000000000 0.0123790000000000 0.0191220000000000
vn -3.4210526919115130 -2.4678441716187143 -1.9022884109840947
v -0.0031500000000000 0.0137650000000000 0.0226720000000000
vn 5.4159329485812995 -1.3546087822003894 -1.6897526926172197
v 0.0028500000000000 0.0126350000000000 0.0161430000000000
vn 6.2831853071795862 0.0000000000000011 -0.0000000000000005
v 0.0028500000000000 -0.0175210000000000 -0.0137530000000000
vn 6.2831853071795862 -0.0000000000000011 0.0000000000000002
v 0.0028500000000000 0.0175210000000000 0.0137530000000000
vn 2.1439097568848613 3.3687636647426187 4.1073412347401774
v 0.0023500000000000 0.0201690000000000 0.0248440000000000
vn -6.2831853071795862 0.0000000000000000 0.0000000000000000
v -0.0031500000000000 0.0176020000000000 0.0191120000000000
vn 3.3211252968969465 0.6318403388043490 3.0681957662283570
v -0.0011500000000000 0.0116130000000000 0.0192160000000000
vn -6.2831853071795862 0.0000000000000000 0.0000000000000000
v -0.0031500000000000 -0.0247850000000000 -0.0035710000000000
vn 3.5582875431031429 2.8494830162317109 -1.1377730367114087
v 0.0028500000000000 0.0087590000000000 -0.0198480000000000
vn -3.0887336653588662 3.0733504387885331 -0.6450099634289896
v -0.0031500000000000 -0.0303380000000000 0.0063710000000000
vn -3.6217348535347265 -2.3810704318376326 1.9087447594672584
v -0.0031500000000000 -0.0228730000000000 -0.0013280000000000
vn 2.9532888584431412 -3.1048907216191211 0.3611520521669780
v -0.0011500000000000 -0.0207710000000000 -0.0003920000000000
vn 5.4114056061791871 -0.8657868874672940 1.9904780212023159
v 0.0028500000000000 0.0081460000000000 -0.0188120000000000
vn 3.5583750484838119 -1.2622033542611486 2.8096344194285550
v -0.0011500000000000 -0.0113720000000000 0.0193100000000000
vn -3.4965583466291057 0.5963076839128083 2.9819569414430953
v -0.0031500000000000 -0.0246690000000000 -0.0020930000000000
vn -1.9981704626802668 -0.9441293343277631 5.5095885530140523
v -0.0041500000000000 0.0052110000000000 -0.0305590000000000
vn -3.2838379091919410 -0.5141696925489557 3.0939419098395868
v -0.0031500000000000 0.0060020000000000 -0.0304140000000000
vn 6.2831853071795871 0.0000000000000005 0.0000000000000008
v 0.0028500000000000 -0.0071440000000000 0.0249740000000000
vn -6.2831853071795853 0.0000000000000000 0.0000000000000000
v -0.0031500000000000 -0.0177690000000000 0.0183770000000000
vn 3.5669411355948490 1.7288691023404139 2.5313395870682953
v 0.0028500000000000 -0.0143620000000000 0.0181190000000000
vn 6.2831853071795853 0.0000000000000000 0.0000000000000000
v -0.0011500000000000 -0.0217690000000000 -0.0015160000000000
vn -6.2831853071795853 0.0000000000000000 0.0000000000000000
v -0.0031500000000000 0.0191120000000000 -0.0176020000000000
vn 3.7431364500811437 0.9073862762384152 -2.8821222316206603
v -0.0011500000000000 -0.0250120000000000 0.0020370000000000
vn 2.8641864678299727 2.9293468762756008 -1.0485579901917201
v -0.0011500000000000 -0.0158160000000000 0.0223760000000000
vn 6.2831853071795871 0.0000000000000000 0.0000000000000000
v 0.0028500000000000 0.0071440000000000 -0.0249740000000000
vn 5.4057099595442271 2.0001532204234094 -0.8590646396584165
v 0.0028500000000000 -0.0189140000000000 0.0079050000000000
vn 6.2831853071795845 0.0000000000000000 0.0000000000000000
v -0.0011500000000000 -0.0244470000000000 0.0031230000000000
vn -4.4437515731727721 4.3855839323042574 -0.6890932429759604
v -0.0044000000000000 -0.0308700000000000 0.0048610000000000
vn -3.6694713216121428 -2.8810403982424764 0.6125410845727485
v -0.0031500000000000 -0.0224420000000000 -0.0004200000000000
vn 3.7071198672018641 2.7910843227550060 1.0717658305727018
v -0.0011500000000000 -0.0141854000000000 0.0204989000000000
vn 2.8302688843664279 2.4527173047179236 -1.8937875780741333
v -0.0011500000000000 -0.0152675000000000 0.0234100000000000
vn -2.3795184735322645 5.3854936484726270 -0.6317086172734737
v -0.0029250000000000 -0.0199540000000000 0.0021820000000000
vn -5.0107828308198243 3.6757058562125704 0.0666304341051756
v -0.0030000000000000 -0.0201130000000000 0.0012210000000000
vn 5.5824864857781060 -1.8454010001448746 0.7103237001970618
v 0.0028500000000000 0.0189140000000000 -0.0079050000000000
vn -3.6770485170069027 2.7873361609323357 -1.1820175350228932
v -0.0031500000000000 -0.0141470000000000 0.0221180000000000
vn -3.5848031332754395 1.8231274972565763 -2.4543478221874921
v -0.0031500000000000 -0.0135120000000000 0.0228960000000000
vn 4.4330718489510117 -4.0188767726067578 1.9045443499580712
v 0.0026000000000000 0.0182980000000000 -0.0086730000000000
vn 3.6080795200331348 -2.8539294204221157 1.1048949909888295
v 0.0028500000000000 -0.0087590000000000 0.0198480000000000
vn -5.8676122326377573 -0.1253094976628626 1.6927512276703423
v -0.0030937000000000 0.0012928000000000 -0.0203574000000000
vn -2.2084962771584968 5.1234223637340586 -1.8017357594642549
v -0.0041500000000000 -0.0292480000000000 0.0102740000000000
vn -6.2831853071795862 0.0000000000000000 0.0000000000000000
v -0.0031500000000000 -0.0269580000000000 0.0094930000000000
vn 5.4288214573941405 0.8499592708800856 -1.9784165398729010
v 0.0028500000000000 -0.0081460000000000 0.0188120000000000
vn -2.3833744169643429 -0.5413510892734913 5.2251927236244118
v -0.0029308000000000 0.0022409000000000 -0.0199535000000000
vn 3.5485559212065487 -1.7177598114480781 -2.5439768392648814
v 0.0028500000000000 0.0143620000000000 -0.0181190000000000
vn 3.6464641656230441 -0.0704817492341127 3.0447529974054497
v -0.0011500000000000 -0.0121210000000000 0.0191220000000000
vn 2.9095568424202387 -1.8157672725195213 2.5408004452766217
v -0.0011500000000000 -0.0100460000000000 0.0181840000000000
vn -3.6946295544757346 2.6099519753142779 1.5609382095756854
v -0.0031500000000000 -0.0140690000000000 0.0201680000000000
vn 5.2633495145750571 0.0382843119743722 -2.3155330724744854
v 0.0028500000000000 0.0000000000000000 -0.0315000000000000
vn 1.9986072419835645 -1.9251777550681433 5.2076834953681157
v 0.0023500000000000 0.0071670000000000 -0.0186720000000000
vn -6.2831853071795853 0.0000000000000000 0.0000000000000000
v -0.0031500000000000 -0.0223080000000000 0.0014390000000000
vn -1.9650283063967073 -1.8840717098355584 5.1223861487902500
v -0.0041500000000000 0.0097780000000000 -0.0294170000000000
vn 4.4295386175112208 -1.3288144684676484 4.2465547298808453
v 0.0026000000000000 0.0058830000000000 -0.0193770000000000
vn -6.2831853071795862 0.0000000000000000 0.0000000000000000
v -0.0031500000000000 -0.0174100000000000 0.0239540000000000
vn -2.4052807962318381 2.9187255683295703 -4.5150801789741397
v -0.0029250000000000 -0.0108765000000000 0.0168730000000000
vn 2.4532169702323077 -1.2611421841003483 -2.6894833297651530
v -0.0011500000000000 -0.0114700000000000 0.0248860000000000
vn 2.8690749651239700 0.6795789042763909 3.0477691209283568
v -0.0011500000000000 -0.0243710000000000 -0.0020960000000000
vn 2.1058873071215989 5.1739774855074607 -1.8106891782398931
v 0.0023500000000000 -0.0188530000000000 0.0066760000000000
vn 3.5826716669050174 1.6412589861316382 -2.5806393888898471
v -0.0011500000000000 -0.0134630000000000 0.0229320000000000
vn 3.7026436434454313 -1.2597254144510475 -2.7941042917634205
v -0.0002437000000000 0.0169181000000000 -0.0041308000000000
vn 3.4413395622689142 -2.5718830712523655 1.7585380098036916
v -0.0011500000000000 -0.0229920000000000 -0.0014620000000000
vn 3.4955604838161269 2.5701623684867583 -1.7172185329503957
v -0.0011500000000000 -0.0140010000000000 0.0223780000000000
vn 2.8959262116293090 -2.9202023622652478 -1.0804308449243767
v -0.0011500000000000 -0.0209340000000000 0.0011590000000000
vn 5.4365421012505264 0.6677707338014810 -2.0381133996258503
v 0.0028500000000000 -0.0066820000000000 0.0193800000000000
vn -0.1319338934988162 5.3473709825953772 3.0864784423898954
v 0.0008500000000000 -0.0154980000000000 0.0193430000000000
vn 2.1516689042074049 0.2177751713216081 -5.2558937987562881
v 0.0023500000000000 0.0015580000000000 -0.0319620000000000
vn -3.7239830803522942 0.5208010180339439 -2.9820294354197499
v -0.0031500000000000 -0.0248370000000000 0.0020730000000000
vn -3.6434087986839536 0.2448956453670237 3.0375769861028301
v -0.0031500000000000 -0.0124190000000000 0.0191240000000000
vn -6.2831853071795862 0.0000000000000000 0.0000000000000000
v -0.0031500000000000 0.0231390000000000 -0.0152770000000000
vn -3.6936793067286136 -3.0966716661379579 1.1257582941918813
v -0.0030391000000000 0.0177922000000000 -0.0095325000000000
vn -3.3324397626691815 -2.9276915895598608 2.1988252002812403
v -0.0030000000000000 0.0170185000000000 -0.0107885000000000
vn 2.9315139545905802 3.1066265233903558 0.3322859784553066
v -0.0011500000000000 -0.0159790000000000 0.0208260000000000
vn 5.5297912801152691 -0.7162473732793927 1.9108026806934668
v 0.0028500000000000 0.0066820000000000 -0.0193800000000000
vn -3.4275155913674755 2.1050015998731664 -2.7345834549346559
v -0.0029921000000000 -0.0096555000000000 0.0176733000000000
vn 3.5663638094509640 -2.9804006318958765 0.6798113251274607
v -0.0011500000000000 -0.0224910000000000 -0.0004763000000000
vn 5.3236156258564877 -2.2594875006162685 0.0112240541723055
v 0.0028500000000000 -0.0315000000000000 0.0000000000000000
vn 6.2831853071795862 0.0000000000000000 0.0000000000000000
v -0.0011500000000000 -0.0153730000000000 0.0212700000000000
vn 2.3248012535958011 1.7713227538211678 -5.0989293231555983
v 0.0024750000000000 -0.0070135000000000 0.0188625000000000
vn -5.3827066607829721 2.3509420446961817 -0.0974335432018557
v -0.0030750000000000 -0.0202250000000000 -0.0000470000000000
vn 5.4356109462926163 -2.0426588781386581 0.6549005439830303
v 0.0028500000000000 0.0194640000000000 -0.0064340000000000
vn -3.3441872946135791 0.4352478334043542 3.4962981336672105
v -0.0030115000000000 -0.0030695000000000 -0.0199253000000000
vn -6.2831853071795862 0.0000000000000000 0.0000000000000000
v -0.0031500000000000 -0.0152920000000000 0.0233870000000000
vn 6.2831853071795871 0.0000000000000000 0.0000000000000000
v -0.0011500000000000 -0.0121970000000000 0.0243410000000000
vn -5.3917199831627114 -0.7622672622507385 2.0550662829902673
v -0.0046500000000000 0.0107740000000000 -0.0296000000000000
vn 4.4349423453912653 4.2609607030024836 -1.2669777574228007
v 0.0026000000000000 -0.0194040000000000 0.0057920000000000
vn 5.4543177936496088 2.0101339060580670 -0.6918135223572580
v 0.0028500000000000 -0.0194640000000000 0.0064340000000000
vn -3.3213571881137751 3.0155696592623875 -0.8455632701130074
v -0.0031500000000000 -0.0297920000000000 0.0085690000000000
vn -5.3829523796946175 -0.0704516685512319 2.5297594949907021
v -0.0030545000000000 -0.0001988000000000 -0.0202027000000000
vn -3.0169468592483017 -2.9757424945008215 0.9828784559616284
v -0.0046500000000000 -0.0303830000000000 0.0100440000000000
vn 6.2831853071795853 0.0000000000000000 0.0000000000000000
v -0.0011500000000000 -0.0219120000000000 0.0008750000000000
vn 3.1419102863793218 -2.8230749036861305 -2.4305758938141309
v -0.0003500000000000 0.0178587000000000 -0.0050000000000000
vn 2.5171789463523053 -5.0863139934436470 1.8842849925163758
v 0.0024750000000000 0.0189690000000000 -0.0067235000000000
vn -3.2755295085930825 3.6615838725970882 0.1497946392370034
v -0.0030000000000000 -0.0199430000000000 -0.0028775000000000
vn -3.6089890081543032 -1.0582198952648165 2.7730111048182371
v -0.0031500000000000 -0.0114270000000000 0.0192860000000000
vn -3.0887489162294259 2.9469263761072968 -1.0848368930145615
v -0.0031500000000000 -0.0290870000000000 0.0107210000000000
vn -6.2831853071795862 0.0000000000000000 0.0000000000000000
v -0.0031500000000000 -0.0179770000000000 0.0218370000000000
vn 4.4310240499249849 3.6807519321579569 -2.4991622276735610
v 0.0026000000000000 -0.0167570000000000 0.0113700000000000
vn -3.2286432877532274 -1.3622302706922613 2.7559016259674598
v -0.0031500000000000 -0.0236770000000000 -0.0019320000000000
vn -3.4869478209745655 0.7366760779439320 -3.0123485218555750
v -0.0031500000000000 -0.0125870000000000 0.0232900000000000
vn -0.0046489047000144 -5.7622463186767421 2.4876691618685571
v -0.0004500000000000 0.0182350000000000 -0.0082140000000000
vn 2.1726399238100043 -0.5309828970376801 -5.2481045424947990
v 0.0023500000000000 -0.0031120000000000 -0.0318480000000000
vn 5.4247124677596945 1.6531794745170540 -1.3851813730398539
v 0.0028500000000000 -0.0156480000000000 0.0132440000000000
vn 1.9516571220456871 3.0895589432762072 -4.6456317545066366
v 0.0023500000000000 -0.0113280000000000 0.0164830000000000
vn 2.9593020682994604 -2.5062898509982006 1.8562187517045623
v -0.0011500000000000 -0.0214569000000000 -0.0021568000000000
vn -5.4369434533084702 2.1285209341202238 -0.2644461456795426
v -0.0046500000000000 -0.0312560000000000 0.0039170000000000
vn 2.9160933026555886 -1.2612890453029899 -2.8577014698533012
v -0.0011500000000000 -0.0229750000000000 0.0034260000000000
vn 5.4701337086443145 -1.2926562807391859 1.6654767880498000
v 0.0028500000000000 0.0122180000000000 -0.0164610000000000
vn -5.3903754456748505 2.1387417205499899 -0.4858051906209182
v -0.0046500000000000 -0.0307100000000000 0.0070090000000000
vn 2.4568526606715597 -3.0811550852435885 4.4227772900549835
v 0.0024846000000000 0.0114567000000000 -0.0165578000000000
vn 4.4610067226932042 -2.8772094157796060 3.3542717040817052
v 0.0026000000000000 0.0132490000000000 -0.0153140000000000
vn 5.4569448624893768 1.2375630469418335 -1.7247521553410234
v 0.0028500000000000 -0.0122180000000000 0.0164610000000000
vn 6.2831853071795862 0.0000000000000004 -0.0000000000000002
v 0.0028500000000000 0.0016880000000000 -0.0281240000000000
vn 2.4061436486434959 4.1558614295924521 -3.4397326816451832
v 0.0024958000000000 -0.0152218000000000 0.0131928000000000
vn -6.2757386968652451 0.0158877078823804 0.1866353129150596
v -0.0031500000000000 0.0033630000000000 -0.0213250000000000
vn -2.2133559777826983 5.3436435222385521 -0.9960302045695859
v -0.0041500000000000 -0.0304660000000000 0.0057270000000000
vn -1.9753766551424816 -1.5664040549585985 -4.8671215474804255
v -0.0028500000000000 0.0148730000000000 -0.0038380000000000
vn 6.2831853071795862 0.0000000000000000 0.0000000000000000
v -0.0011500000000000 -0.0143020000000000 0.0194140000000000
vn 3.6591413967167221 2.8705565705237857 -1.0232240829305477
v 0.0028500000000000 -0.0279910000000000 0.0013700000000000
vn 6.2831853071795871 0.0000000000000011 0.0000000000000004
v 0.0028500000000000 -0.0176340000000000 0.0116430000000000
vn 5.4671735417770098 1.6917942631631748 -1.2638348156004553
v 0.0028500000000000 -0.0166160000000000 0.0120070000000000
vn -3.1122970628052857 -1.0936345829018230 2.9443778544558405
v -0.0031500000000000 0.0103660000000000 -0.0292160000000000
vn 3.6532466736365157 0.8137140654342396 -2.9377910067998654
v 0.0028500000000000 0.0111450000000000 -0.0176340000000000
vn 5.2686513164119653 -0.1362947811202480 -2.3069512955665399
v 0.0028500000000000 -0.0023540000000000 -0.0314120000000000
vn -6.2831853071795871 0.0000000000000000 0.0000000000000000
v -0.0031500000000000 0.0204540000000000 -0.0168270000000000
vn 5.3241724233516052 -2.2533566692492890 -0.1586713096691868
v 0.0028500000000000 -0.0314120000000000 -0.0023540000000000
vn -6.2831853071795862 0.0000000000000000 0.0000000000000000
v -0.0031500000000000 -0.0172020000000000 0.0204950000000000
vn -5.3530755867412116 -0.2410582427505821 2.1057103152557772
v -0.0031500000000000 0.0023850000000000 -0.0201590000000000
vn -2.1490865890755018 5.4215106895564080 -0.1463275421705279
v -0.0028500000000000 -0.0199770000000000 0.0009520000000000
vn -2.2231032456962909 5.2740013432056365 -1.2483518388294721
v -0.0041500000000000 -0.0301370000000000 0.0072620000000000
vn -6.2498620177703774 0.4085966049588695 -0.1415237830107785
v -0.0031500000000000 -0.0206331000000000 0.0020433000000000
vn -6.2814149940090198 0.0705398098671188 0.0038032885674859
v -0.0031500000000000 -0.0217410000000000 0.0035560000000000
vn -2.5803877374365061 -0.0700373112631727 4.9176601551210322
v -0.0028500000000000 0.0010030000000000 -0.0199750000000000
vn -6.2831853071795871 0.0000000000000000 0.0000000000000000
v -0.0031500000000000 0.0085810000000000 -0.0272620000000000
vn 2.0530179075673125 -3.9936563547971957 3.7087190281506808
v 0.0023500000000000 0.0148630000000000 -0.0133830000000000
vn 3.5342727871941491 0.9071190206130593 -2.9341655598926462
v 0.0028500000000000 -0.0256050000000000 0.0035830000000000
vn 6.2831853071795862 -0.0000000000000011 -0.0000000000000004
v 0.0028500000000000 0.0176340000000000 -0.0116430000000000
vn 5.4531839487987197 -1.6211769363334232 1.3772054466484294
v 0.0028500000000000 0.0156480000000000 -0.0132440000000000
vn 5.4460769196011505 -1.7527374121444326 1.2180819537040701
v 0.0028500000000000 0.0166160000000000 -0.0120070000000000
vn 3.6471759734203379 -0.8185521634897310 2.9378494987998254
v 0.0028500000000000 -0.0111450000000000 0.0176340000000000
vn -2.6457037963868575 -0.6245603516928651 -5.3220589911087872
v -0.0042846000000000 0.0039945000000000 0.0308764000000000
vn -5.3910840395022106 -2.1590292875198775 -0.3815255679814907
v -0.0046500000000000 0.0310210000000000 0.0054700000000000
vn -3.0883844149106223 -3.0572892851590030 -0.7168763004534616
v -0.0031500000000000 0.0301740000000000 0.0071080000000000
vn -2.2539524058904492 -5.3636804834187632 -0.6643651779778065
v -0.0041500000000000 0.0307840000000000 0.0036570000000000
vn 2.2364079025690344 -0.2325204118993954 5.2583169543579871
v 0.0023500000000000 -0.0015580000000000 0.0319620000000000
vn -5.4571984400211644 1.7648669721651664 -1.1797358206848976
v -0.0046500000000000 -0.0264610000000000 0.0170900000000000
vn -2.1096514678138591 -4.4443162078247189 3.1662403220253967
v -0.0041500000000000 0.0248310000000000 -0.0185590000000000
vn -5.4043150512553710 -1.0555713714224035 1.9064234595793117
v -0.0046500000000000 0.0150650000000000 -0.0276640000000000
vn -2.1096514678138747 4.4443162078247163 -3.1662403220254007
v -0.0041500000000000 -0.0248310000000000 0.0185590000000000
vn 3.6479123211570776 0.5409210946718603 3.0015179796896625
v 0.0028500000000000 0.0116910000000000 -0.0249260000000000
vn -1.9805782643451537 3.7373422602770070 -4.1663225162261268
v -0.0041500000000000 -0.0205870000000000 0.0231770000000000
vn 6.2831853071795871 -0.0000000000000024 0.0000000000000005
v 0.0028500000000000 0.0180560000000000 -0.0186740000000000
vn -1.9805782643451595 -3.7373422602770101 4.1663225162261242
v -0.0041500000000000 0.0205870000000000 -0.0231770000000000
vn 0.0450999093894405 -3.9000456324469024 -4.6657091311083079
v -0.0001500000000000 -0.0189880000000000 0.0212970000000000
vn -2.8299495150871734 -3.6527994656427776 3.8574088917339333
v -0.0042958000000000 0.0215427000000000 -0.0224912000000000
vn 3.5403766770231240 -3.0621080829345901 -0.2181775104690880
v 0.0028500000000000 0.0159900000000000 -0.0209370000000000
vn 0.1553005214151230 -5.1192707852033017 -3.3123434201322315
v -0.0001500000000000 0.0214050000000000 -0.0191510000000000
vn -2.6244722124448283 3.4297939070470167 -4.1203543699508103
v -0.0042750000000000 -0.0195835000000000 0.0241915000000000
vn -2.6376935822226519 4.1338857039898409 -3.4045837422319254
v -0.0042750000000000 -0.0240380000000000 0.0197715000000000
vn -5.4221962952743246 1.4352540885543452 -1.6131246132970962
v -0.0046500000000000 -0.0214250000000000 0.0230910000000000
vn -2.8059442182178769 3.6050144926161800 -3.9410743836964457
v -0.0042958000000000 -0.0215427000000000 0.0224912000000000
vn -2.9845467073257148 -3.0134854465105287 3.9040112469256041
v -0.0042750000000000 0.0195835000000000 -0.0241915000000000
vn -4.8540801982938131 -2.1261418935751517 1.5453204425458560
v -0.0046500000000000 0.0214250000000000 -0.0230910000000000
vn -2.6376935822226448 -4.1338857039898391 3.4045837422319289
v -0.0042750000000000 0.0240380000000000 -0.0197715000000000
vn 0.1482233225417147 4.8557797122608832 3.5596243938766827
v -0.0001500000000000 -0.0214050000000000 0.0191510000000000
vn 6.2831853071795862 0.0000000000000005 -0.0000000000000020
v 0.0028500000000000 -0.0194200000000000 0.0178860000000000
vn -6.2831853071795862 0.0000000000000000 0.0000000000000000
v -0.0031500000000000 -0.0187520000000000 0.0231790000000000
vn -5.3969533756686996 1.7734163719900333 -1.2788073193382294
v -0.0046500000000000 -0.0255760000000000 0.0183880000000000
vn -4.4469932818821132 -2.0710057134909885 3.9239681724549280
v -0.0044000000000000 0.0146270000000000 -0.0276150000000000
vn -2.1587983623505904 4.4722115015744146 -3.1385321024236275
v -0.0041500000000000 -0.0257390000000000 0.0172770000000000
vn -5.4161222846292425 -1.6263545291448038 1.4319749383201343
v -0.0046500000000000 0.0236180000000000 -0.0208430000000000
vn 6.2831853071795862 -0.0000000000000015 0.0000000000000015
v 0.0028500000000000 0.0161150000000000 -0.0216130000000000
vn 0.0334135506970647 -1.1255290792828478 -5.9547517726147658
v -0.0001500000000000 -0.0195640000000000 0.0215740000000000
vn -2.0850670353820977 4.0212082091074430 -3.5996631260078824
v -0.0041500000000000 -0.0228260000000000 0.0209750000000000
vn -5.4126585325408385 1.3112691464553461 -1.7296869589038935
v -0.0046500000000000 -0.0190200000000000 0.0251100000000000
vn -5.4393265575418726 -1.1807906005875211 1.7873341598129768
v -0.0046500000000000 0.0177450000000000 -0.0260270000000000
vn 0.0977692870355907 6.0745319511505240 0.4150154928657884
v -0.0001500000000000 -0.0216110000000000 0.0197520000000000
vn -0.0866734068343431 -6.0624298373911465 -0.4110722964705308
v -0.0001500000000000 0.0216110000000000 -0.0197520000000000
vn -5.4106532459685965 -1.7109759793512502 1.3387463942487137
v -0.0046500000000000 0.0246280000000000 -0.0196400000000000
vn 0.1074705932020605 -2.4975308044629179 -5.5648874066238765
v -0.0001500000000000 0.0206493000000000 -0.0185035000000000
vn -6.2831853071795862 0.0000000000000000 0.0000000000000000
v -0.0031500000000000 0.0187520000000000 -0.0231790000000000
vn 0.0123774076249081 -5.7333532951772392 -2.0293314351609588
v -0.0001500000000000 -0.0184534000000000 0.0205274000000000
vn -5.4106532459685983 1.7109759793512467 -1.3387463942487134
v -0.0046500000000000 -0.0246280000000000 0.0196400000000000
vn -5.4108597275106334 1.6652084798493818 -1.3920065870479927
v -0.0046500000000000 -0.0236180000000000 0.0208430000000000
vn -5.4062034039041427 -1.2699640066363029 1.7668098832953101
v -0.0046500000000000 0.0190200000000000 -0.0251100000000000
vn -5.3968036175564826 -1.7733415429993742 1.2791867377735020
v -0.0046500000000000 0.0255760000000000 -0.0183880000000000
vn 0.0000000000000000 1.9175552411734540 5.4966389727712102
v -0.0001500000000000 0.0195640000000000 -0.0215740000000000
vn 0.0039885290390907 5.3712997752323215 2.4254752762234477
v -0.0001500000000000 0.0184519000000000 -0.0205232000000000
vn -4.9276995978059146 2.9106938068374313 -2.4864604850663063
v -0.0044000000000000 -0.0228610000000000 0.0213060000000000
vn -3.0007665597753364 1.7050531764937020 -2.6256340703134891
v -0.0046500000000000 0.0170500000000000 -0.0270800000000000
vn -4.4373350651850707 -3.2383832116385864 3.0459189631981309
v -0.0044000000000000 0.0228610000000000 -0.0213060000000000
vn -2.0850670353820968 -4.0212082091074430 3.5996631260078824
v -0.0041500000000000 0.0228260000000000 -0.0209750000000000
vn 0.0000000000000012 2.0364889681395955 5.6386425639070072
v -0.0001500000000000 -0.0203870000000000 0.0183780000000000
vn 6.2831853071795862 -0.0000000000000003 0.0000000000000007
v 0.0028500000000000 -0.0219370000000000 0.0127960000000000
vn -3.1863065519071410 2.7988460655020271 -1.4239601760495240
v -0.0031500000000000 -0.0272160000000000 0.0148420000000000
vn -2.1632466204332172 -2.9477388150196195 4.6068070639004546
v -0.0041500000000000 0.0168400000000000 -0.0260270000000000
vn -5.3245668051398791 -1.5107831944357852 -1.0633885723540357
v -0.0031500000000000 0.0175800000000000 0.0101500000000000
vn 4.4930884716495312 1.8481002841815641 1.7097235995214919
v -0.0011500000000000 0.0225479000000000 -0.0014803000000000
vn 5.5158165867883726 0.5194102105295765 1.9901807681990589
v 0.0028500000000000 -0.0056840000000000 -0.0196960000000000
vn -3.5421082193139339 0.6161044366866222 -3.0186030118963942
v -0.0031500000000000 0.0241630000000000 0.0020730000000000
vn 6.2831853071795853 -0.0000000000000003 0.0000000000000008
v 0.0028500000000000 0.0233990000000000 0.0098720000000000
vn 3.0472843623235613 3.1158715025842589 -0.3006930843503915
v -0.0011500000000000 0.0207710000000000 0.0003920000000000
vn 6.2831853071795862 0.0000000000000000 0.0000000000000000
v -0.0011500000000000 -0.0143020000000000 -0.0230210000000000
vn 5.4109764389381070 -0.6200011668921075 -2.0813820109866192
v 0.0028500000000000 0.0056840000000000 0.0196960000000000
vn 2.4580110349307454 -5.1511094614334505 -1.6848034087524768
v 0.0023500000000000 0.0191760000000000 0.0056800000000000
vn 5.4456234524588290 2.0511767916754371 0.5931959526173227
v 0.0028500000000000 -0.0196220000000000 -0.0059350000000000
vn -2.4139895845299888 0.6814847411365104 -5.1079652231812931
v -0.0029308000000000 -0.0022984000000000 0.0199451000000000
vn -6.0126316215060873 0.1142689057635747 -1.2565865556231199
v -0.0031500000000000 -0.0013960000000000 0.0204995000000000
vn -5.4309692949079533 0.6206154947358243 2.0597539357481303
v -0.0046500000000000 -0.0092850000000000 -0.0301010000000000
vn 6.2831853071795862 0.0000000000000000 0.0000000000000000
v -0.0011500000000000 0.0244470000000000 -0.0031230000000000
vn -3.0856862496581057 0.7521710947368490 3.0487029714645297
v -0.0031500000000000 -0.0074750000000000 -0.0300850000000000
vn 2.9130929831282395 -0.0167422041172836 3.1232636486449170
v -0.0011500000000000 -0.0122500000000000 -0.0249680000000000
vn 6.2831853071795862 0.0000000000000000 0.0000000000000000
v -0.0011500000000000 0.0217690000000000 0.0015160000000000
vn -5.4220282902779378 -1.1286713461805093 -1.6448637040892311
v -0.0031500000000000 0.0103020000000000 0.0174910000000000
vn -1.8247655995263670 -2.8530260349087317 -4.6724291186499061
v -0.0028500000000000 0.0100000000000000 0.0173210000000000
vn -6.2831853071795871 0.0000000000000000 0.0000000000000000
v -0.0031500000000000 0.0247850000000000 0.0035710000000000
vn -1.9477535904616028 -4.5187954956470939 -2.8642472629597280
v -0.0028500000000000 0.0173210000000000 0.0100000000000000
vn 6.2831853071795862 0.0000000000000000 0.0000000000000000
v -0.0011500000000000 -0.0113750000000000 -0.0238050000000000
vn -6.2831853071795853 0.0000000000000000 0.0000000000000000
v -0.0031500000000000 -0.0261270000000000 -0.0043460000000000
vn 4.5934227396202854 -0.9612945616000758 2.3287118346076849
v -0.0011500000000000 0.0253762000000000 -0.0023265000000000
vn -2.0420936589096517 1.6776208532823564 5.1627063458273730
v -0.0041500000000000 -0.0102740000000000 -0.0292480000000000
vn 2.0470463699258921 5.2366217017263255 1.6556641942647796
v 0.0023500000000000 -0.0191760000000000 -0.0056800000000000
vn -3.4307888263195050 1.7891074829757583 2.5650969229329470
v -0.0031500000000000 -0.0177290000000000 -0.0254300000000000
vn -3.6070220750994570 2.7768464089764238 -1.2615724790328375
v -0.0031500000000000 0.0226030000000000 0.0009000000000000
vn 2.9311521368826940 3.1065263539957773 0.3327516134689281
v -0.0011500000000000 -0.0159790000000000 -0.0216100000000000
vn -3.5863912843748840 1.8234114217561079 -2.4536973072591519
v -0.0031500000000000 0.0232380000000000 0.0016790000000000
vn 3.0833621972391825 -3.1259851423664866 -0.2982295282927083
v -0.0001500000000000 0.0199100000000000 0.0018990000000000
vn -5.3937493400238221 2.0723170685148946 0.7080365843070304
v -0.0046500000000000 -0.0298600000000000 -0.0100320000000000
vn 5.4724316218667397 -2.0046703144871794 -0.6429733862472095
v 0.0028500000000000 0.0196220000000000 0.0059350000000000
vn 6.2831853071795853 0.0000000000000003 -0.0000000000000004
v 0.0028500000000000 -0.0233990000000000 -0.0098720000000000
vn -3.6730813677518439 3.0406554514938708 0.0859003852606706
v -0.0031500000000000 -0.0143480000000000 -0.0213020000000000
vn -6.2799087496288228 -0.0970080410862813 -0.0589721849212240
v -0.0031500000000000 0.0203430000000000 0.0081650000000000
vn 3.6049829020888495 2.3271860740835995 1.3779821777227292
v -0.0001500000000000 0.0138350000000000 -0.0012500000000000
vn -6.2803139086380000 0.0854609718401657 0.0371582320239727
v -0.0031500000000000 -0.0203430000000000 -0.0081650000000000
vn 2.9098960763612354 1.8156326808048913 -2.5409224740317411
v -0.0011500000000000 0.0100460000000000 0.0242510000000000
vn 5.4505752870202731 -2.1074067243411667 -0.3008851425683665
v 0.0028500000000000 0.0202980000000000 0.0028700000000000
vn 2.9118598354439413 -2.6970693609473217 1.5745696852620159
v -0.0011500000000000 -0.0090020000000000 -0.0230930000000000
vn -4.4427179724032007 2.2071039130248189 3.8532743336294870
v -0.0044000000000000 -0.0155050000000000 -0.0271320000000000
vn -5.5092859432602328 1.1088489492740061 1.7416537027478269
v -0.0046500000000000 -0.0164250000000000 -0.0268790000000000
vn 3.6215116064411554 0.5236253953788866 3.0098863280027519
v 0.0028500000000000 -0.0128090000000000 -0.0249260000000000
vn 3.5982567640620520 2.6466965653945933 0.1266845200011020
v -0.0001500000000000 0.0135020000000000 -0.0001010000000000
vn -2.2451312403481194 4.6864135073269217 2.6727163736070851
v -0.0041500000000000 -0.0268470000000000 -0.0155000000000000
vn -5.3905727690321363 1.8982681844902076 1.0983519112782358
v -0.0046500000000000 -0.0272800000000000 -0.0157500000000000
vn -3.0169671638178328 -1.0957301496366352 -2.9360565362311939
v -0.0046500000000000 -0.0112000000000000 -0.0299760000000000
vn -6.2788966179795791 -0.0856134441201268 -0.1308920501576548
v -0.0031500000000000 0.0175060000000000 -0.0024210000000000
vn 2.2163233562741653 -5.4280523787440362 -0.2520512271329797
v 0.0023500000000000 0.0199730000000000 0.0010470000000000
vn 2.9098960763612429 -1.8156326808048919 2.5409224740317424
v -0.0011500000000000 -0.0100460000000000 -0.0242510000000000
vn -6.2831853071795862 0.0000000000000000 0.0000000000000000
v -0.0031500000000000 -0.0041230000000000 -0.0238580000000000
vn 2.9118598354439413 2.6970693609473217 -1.5745696852620163
v -0.0011500000000000 0.0090020000000000 0.0230930000000000
vn 6.2831853071795862 -0.0000000000000045 0.0000000000000034
v 0.0028500000000000 -0.0208250000000000 -0.0174790000000000
vn -5.3967694492889349 2.0332157111289124 0.8044411384738165
v -0.0046500000000000 -0.0293230000000000 -0.0115080000000000
vn -3.5724014408929090 -2.1320467452495735 -2.0435010331160082
v -0.0031500000000000 -0.0107350000000000 -0.0197630000000000
vn -6.2831853071795862 0.0000000000000000 0.0000000000000000
v -0.0031500000000000 0.0041230000000000 0.0238580000000000
vn 6.2088613763891125 -0.4047260412642155 0.4880556671722431
v -0.0001500000000000 0.0184160000000000 0.0049378000000000
vn 2.9904457612146955 -3.0059158078978698 -0.8829794818951846
v -0.0001500000000000 0.0195100000000000 0.0044010000000000
vn -3.6019351476851518 2.3890652024251935 -1.2223042631390575
v -0.0031500000000000 0.0137410000000000 0.0010720000000000
vn 6.2831853071795862 0.0000000000000001 -0.0000000000000008
v 0.0028500000000000 -0.0245520000000000 -0.0141750000000000
vn 3.6847153215260264 1.6742909966265693 2.5486295370628471
v 0.0028500000000000 -0.0143620000000000 -0.0243160000000000
vn -6.2800619814459813 0.0394973740067375 0.1094421454864643
v -0.0031500000000000 -0.0077910000000000 -0.0206060000000000
vn -6.2831853071795880 0.0000000000000000 0.0000000000000000
v -0.0031500000000000 -0.0091330000000000 -0.0213810000000000
vn -5.4499570262703321 -0.9278673012831179 1.9182626097930395
v -0.0046500000000000 0.0136670000000000 -0.0283810000000000
vn -3.6431571478560119 -2.1933725003693545 -2.1154886894846481
v -0.0031500000000000 -0.0187860000000000 0.0211190000000000
vn -5.4115486126741583 1.9422058687360606 -0.9714022751838520
v -0.0046500000000000 -0.0280310000000000 0.0143710000000000
vn -5.3916897139608020 1.9973199020882011 -0.9027502979489076
v -0.0046500000000000 -0.0287120000000000 0.0129560000000000
vn -3.6104649562285300 -2.1915525718835935 -2.1267521096882782
v -0.0031500000000000 0.0211660000000000 -0.0188330000000000
vn 2.3718600706850448 4.7534152833234344 -2.6307148944969070
v 0.0024750000000000 -0.0177050000000000 0.0095675000000000
vn -3.6832782595597182 1.6709879595785844 2.5425167403595132
v -0.0031500000000000 0.0190940000000000 -0.0213700000000000
vn -6.2831853071795862 0.0000000000000000 0.0000000000000000
v -0.0031500000000000 -0.0258230000000000 0.0137270000000000
vn 5.5832704132878135 1.7146128216414513 -0.9830210807283549
v 0.0028500000000000 -0.0174860000000000 0.0107000000000000
vn -3.7849427746499238 2.4549240269751218 1.6901002912601411
v -0.0031500000000000 -0.0214050000000000 0.0191510000000000
vn -2.2238282454177818 4.8947941695316928 -2.3418323909716170
v -0.0041500000000000 -0.0280590000000000 0.0131800000000000
vn 2.1153462829257235 4.5405823352357579 -3.0105705704763559
v 0.0023500000000000 -0.0167730000000000 0.0108930000000000
vn 4.4229490268274656 -2.1731750508184700 3.8926767515010123
v 0.0026000000000000 0.0098910000000000 -0.0176700000000000
vn -3.7132372861450285 -2.7725333322465540 2.2156949765237304
v -0.0030136000000000 0.0179692000000000 0.0050045000000000
vn 0.0711338164480316 -5.3493144460562929 -3.2932118806466044
v -0.0002500000000000 0.0169610000000000 0.0105980000000000
vn 4.4353813256489465 1.7746985107989395 4.0763632986046963
v 0.0026000000000000 -0.0082050000000000 -0.0185130000000000
vn 5.4225228347737664 0.9291241219847663 1.9496586980494690
v 0.0028500000000000 -0.0086240000000000 -0.0185980000000000
vn -0.1160867340828537 -5.3852101560362051 -3.2296413338085332
v -0.0015500000000000 0.0173210000000000 0.0100000000000000
vn -6.2831853071795880 0.0000000000000000 0.0000000000000000
v -0.0031500000000000 -0.0160520000000000 -0.0217960000000000
vn 3.1788429086565433 -3.1071997527335697 0.4513273090618386
v -0.0001500000000000 0.0197490000000000 -0.0031560000000000
vn 2.9164569717281150 1.2611047125607930 2.8578091263761385
v -0.0011500000000000 0.0107250000000000 0.0177920000000000
vn -3.0883844149106223 3.0572892851590034 0.7168763004534615
v -0.0031500000000000 -0.0301740000000000 -0.0071080000000000
vn -4.2140039092788326 2.3121634077224220 1.4274285487357461
v -0.0031500000000000 0.0224634000000000 -0.0012769000000000
vn 3.5275151661678188 1.7627828706072011 -2.5327039890497205
v -0.0011500000000000 0.0232870000000000 0.0017140000000000
vn -5.5465749489536300 -0.0597965225732556 -1.8092908592711721
v -0.0031500000000000 0.0003530000000000 0.0202970000000000
vn -0.0025367656319166 -5.5505672273955833 -2.9415187570927088
v -0.0002500000000000 0.0176200000000000 0.0094630000000000
vn 5.4506634691280533 1.9079328898572774 0.9446176492141781
v 0.0028500000000000 -0.0184860000000000 -0.0088610000000000
vn 4.4501331607650343 -4.1230549343810727 -1.6211951528855071
v 0.0026000000000000 0.0188720000000000 0.0073420000000000
vn -6.2831853071795862 0.0000000000000000 0.0000000000000000
v -0.0031500000000000 -0.0123850000000000 -0.0250480000000000
vn -6.2831853071795862 0.0000000000000000 0.0000000000000000
v -0.0031500000000000 -0.0110430000000000 -0.0242730000000000
vn 2.1719760345830865 -4.9494584878019054 -1.9655018644363837
v 0.0023500000000000 -0.0297470000000000 -0.0117940000000000
vn -3.2767177766491544 -0.4830981970760307 -3.4962519958313933
v -0.0030075000000000 0.0032377000000000 0.0198933000000000
vn 3.6125862621642879 3.0210820304789943 -0.5755569270585587
v -0.0011500000000000 0.0224490000000000 0.0004490000000000
vn -0.0662379556552661 5.2818133779739780 3.2200938019180145
v 0.0008500000000000 0.0212520000000000 -0.0018750000000000
vn 2.9083643759873898 2.9284574131100394 1.0643035705675916
v -0.0011500000000000 0.0209340000000000 -0.0011590000000000
vn 3.5932885877974257 0.6409595867912459 -2.9873967738592757
v -0.0011500000000000 0.0239880000000000 0.0020370000000000
vn 5.5173946546691788 -0.8154961893354383 -1.8862654815269944
v 0.0028500000000000 0.0086240000000000 0.0185980000000000
vn -3.2286432877532203 -1.3622302706922578 2.7559016259674616
v -0.0031500000000000 0.0253230000000000 -0.0019320000000000
vn -5.1633681684512389 2.2671856640716763 0.7812443474498001
v -0.0046500000000000 -0.0310210000000000 -0.0054700000000000
vn -2.6457037963868579 0.6245603516928651 5.3220589911087863
v -0.0042846000000000 -0.0039945000000000 -0.0308764000000000
vn -6.2831853071795853 0.0000000000000000 0.0000000000000000
v -0.0031500000000000 -0.0212700000000000 -0.0158600000000000
vn -2.2539524058904492 5.3636804834187650 0.6643651779778065
v -0.0041500000000000 -0.0307840000000000 -0.0036570000000000
vn 5.4685847055188521 -1.9148793981597316 -0.8868094425807554
v 0.0028500000000000 0.0184860000000000 0.0088610000000000
vn -3.2547920850347358 -2.1099485985130162 3.5000476547594479
v -0.0029289000000000 0.0168127000000000 0.0042265000000000
vn 3.6149628480088563 3.0380942670198539 0.4398471968742312
v -0.0011500000000000 -0.0143250000000000 -0.0215400000000000
vn 2.1346602481756003 -5.1853781266220835 -1.1978841400854980
v 0.0023500000000000 -0.0311470000000000 -0.0073380000000000
vn 3.6208667139302770 -1.2093590491810682 2.6599912680179174
v -0.0001500000000000 0.0169800000000000 -0.0023000000000000
vn -3.0866395392458892 2.8266996496497425 1.3678760909944194
v -0.0031500000000000 -0.0279070000000000 -0.0134990000000000
vn -2.1645625332164382 4.9768125866749013 2.2721508012694631
v -0.0041500000000000 -0.0282770000000000 -0.0127040000000000
vn -3.6148875304692156 -1.0467469688980706 -2.7016453725156619
v -0.0031500000000000 0.0167920000000000 0.0023710000000000
vn 4.4742038072634038 1.8618886153798180 1.8037767432638612
v -0.0011500000000000 0.0105130000000000 0.0194860000000000
vn 3.4641461266920395 1.9990697918885936 -2.3666388639358353
v 0.0028500000000000 0.0219490000000000 0.0027490000000000
vn 2.8658449708526379 2.3718528920298612 2.0143725657553264
v -0.0011500000000000 0.0094630000000000 0.0187080000000000
vn -2.6983609864861915 4.9274301071707107 2.0784878403619866
v -0.0042864000000000 -0.0289505000000000 -0.0114589000000000
vn -0.0960574082701283 5.3592795885356797 3.0515417793182538
v 0.0008500000000000 0.0090020000000000 0.0193430000000000
vn 2.0924493457958104 -5.0369292120001479 -2.3193192685659891
v 0.0023500000000000 0.0180520000000000 0.0086100000000000
vn 3.5185477856259775 -2.3581509151165636 -1.9923909745681758
v -0.0011500000000000 -0.0106550000000000 -0.0198510000000000
vn 5.4671586847345885 0.2008452116334078 -2.1023482621617111
v 0.0028500000000000 -0.0020910000000000 0.0203930000000000
vn 2.9130929831282466 0.0167422041172833 -3.1232636486449192
v -0.0011500000000000 0.0245000000000000 0.0037500000000000
vn -6.2831853071795862 0.0000000000000000 0.0000000000000000
v -0.0031500000000000 -0.0211180000000000 -0.0068230000000000
vn 5.2170351244201143 -2.3300685013356275 0.3641568846433676
v 0.0028500000000000 0.0204180000000000 -0.0018300000000000
vn 4.4367136283893620 -1.9951219717311088 -3.9700571767762929
v 0.0026000000000000 0.0091360000000000 0.0180720000000000
vn 2.9130929831282466 -0.0167422041172833 3.1232636486449192
v -0.0011500000000000 -0.0245000000000000 -0.0037500000000000
vn 2.2407900286936520 -5.4150367376502508 0.1060805397360433
v 0.0023500000000000 0.0199930000000000 -0.0005240000000000
vn -3.1491734994913534 3.7060348890653492 1.1935422633249069
v -0.0029824000000000 -0.0195314000000000 -0.0048790000000000
vn 3.9915320107660830 2.8184173853029497 -0.5802453102900733
v -0.0011500000000000 0.0089106000000000 0.0213914000000000
vn 6.2831853071795862 -0.0000000000000006 -0.0000000000000005
v 0.0028500000000000 -0.0069180000000000 -0.0258180000000000
vn 2.8621782080766396 -2.3762747088509455 -2.0078728263611945
v -0.0011500000000000 -0.0094630000000000 -0.0187080000000000
vn 6.2831853071795862 -0.0000000000000001 0.0000000000000010
v 0.0028500000000000 -0.0221890000000000 -0.0182670000000000
vn -5.4069962776901246 0.8540276308640039 2.0014128825203867
v -0.0046500000000000 -0.0122360000000000 -0.0290270000000000
vn -2.5798329182808430 1.9626649354650465 5.0119254421089821
v -0.0042750000000000 -0.0117705000000000 -0.0288135000000000
vn 4.1873773930542031 -2.7822905883773585 0.4348481248003206
v -0.0011500000000000 -0.0089066000000000 -0.0213936000000000
vn -6.2831853071795862 0.0000000000000000 0.0000000000000000
v -0.0031500000000000 0.0211180000000000 0.0068230000000000
vn 6.2831853071795862 0.0000000000000008 -0.0000000000000004
v 0.0028500000000000 -0.0229770000000000 -0.0169030000000000
vn -3.2946038794982382 0.8316737947696002 3.4172807130306242
v -0.0030158000000000 -0.0049672000000000 -0.0195437000000000
vn -3.3404844776932565 -1.0303084068451884 -3.3880271563472619
v -0.0030000000000000 0.0048683000000000 0.0195527000000000
vn -5.4702587789234709 -1.8371622922871778 0.8424340887370502
v -0.0031500000000000 0.0185390000000000 0.0056950000000000
vn 6.2831853071795871 0.0000000000000009 -0.0000000000000007
v 0.0028500000000000 -0.0012660000000000 0.0210930000000000
vn 2.7561383528735379 -3.5810389118055390 0.2851319270709262
v -0.0003457000000000 0.0121335000000000 0.0003154000000000
vn 6.2831853071795862 0.0000000000000000 0.0000000000000000
v 0.0028500000000000 0.0014620000000000 0.0226680000000000
vn 5.4282620738120517 0.0223083875082091 -2.1533976910948947
v 0.0028500000000000 -0.0005240000000000 0.0204930000000000
vn -2.1699723515660914 4.8482157101282759 2.5413648406003300
v -0.0041500000000000 -0.0275970000000000 -0.0141200000000000
vn -2.9169730714221220 -3.4315433475844843 -0.4074475093597271
v -0.0029912000000000 0.0121810000000000 -0.0004507000000000
vn 6.2831853071795862 0.0000000000000000 0.0000000000000000
v -0.0011500000000000 -0.0096620000000000 -0.0203420000000000
vn -1.8746208162823421 -1.6100351576830194 -5.1303894196580471
v -0.0028500000000000 0.0056350000000000 0.0191900000000000
vn 3.1023883307104425 1.3967924159458103 0.5419146240536769
v 0.0028500000000000 0.0206664000000000 -0.0002736000000000
vn 2.8849953557007657 2.8704417136733693 1.2065887239169646
v -0.0011500000000000 0.0088112000000000 0.0197726000000000
vn 0.0000000000000000 0.0000000000000000 0.0000000000000000
v -0.0030000000000000 -0.0061840000000000 -0.0191780000000000
vn 2.1628828291392197 0.6757423706947522 -5.3807611882757937
v 0.0023500000000000 -0.0026110000000000 0.0198290000000000
vn 2.0315954791760777 -4.8438408952869239 -2.6833992810531777
v 0.0023500000000000 0.0173210000000000 0.0100000000000000
vn -5.4266458635216805 2.0098981518973220 0.6042995679091040
v -0.0031500000000000 -0.0191980000000000 -0.0065980000000000
vn 3.6058383510674048 1.4323572773514097 2.3005939715494197
v -0.0001500000000000 0.0146640000000000 -0.0021130000000000
vn 3.6257179930958419 -2.3631421057484476 1.9282292623566124
v -0.0001500000000000 0.0179370000000000 -0.0015810000000000
vn -6.2831853071795862 0.0000000000000000 0.0000000000000000
v -0.0031500000000000 -0.0218930000000000 -0.0054810000000000
vn -2.5086270531916020 -2.8565327676461880 -3.4073027646708298
v -0.0029308000000000 0.0135388000000000 -0.0030478000000000
vn -3.0217290306114948 -2.8263268685962326 -1.3545233886495835
v -0.0046500000000000 -0.0288560000000000 -0.0138320000000000
vn 3.5909238059287212 2.6519099505008286 1.5320374746724628
v 0.0028500000000000 -0.0154980000000000 -0.0230930000000000
vn 5.4566356731288579 -1.0445419978212458 -1.8487663027748149
v 0.0028500000000000 0.0100220000000000 0.0178830000000000
vn 2.8718807010635068 -2.8578627652501800 -1.2319869637576255
v -0.0011500000000000 -0.0088253000000000 -0.0197408000000000
vn 1.9446868195651330 -5.5943284587680475 0.4305274337753963
v 0.0023500000000000 0.0198900000000000 -0.0020910000000000
vn -2.7742806450013551 4.5817041222931589 1.8806535811805936
v -0.0029375000000000 -0.0191591000000000 -0.0060282000000000
vn -6.2058565727050157 0.1253008586574548 0.6164927266277297
v -0.0031500000000000 -0.0043310000000000 -0.0203980000000000
vn 3.6603021863434932 -3.0371199615994127 0.1967428363615268
v -0.0011500000000000 -0.0101510000000000 -0.0212820000000000
vn -6.2022471899128906 0.0748533115780875 0.6313554269073240
v -0.0031500000000000 -0.0064480000000000 -0.0198310000000000
vn 3.7925489558770917 2.9981222497727522 -0.3450943683765956
v -0.0011500000000000 0.0101990000000000 0.0216670000000000
vn 4.2585845709201520 1.6262443903482962 -1.6375081328506760
v -0.0001500000000000 0.0140856000000000 0.0019788000000000
vn -6.2831853071795871 0.0000000000000000 0.0000000000000000
v -0.0031500000000000 0.0218930000000000 0.0054810000000000
vn -3.6252367339875513 -2.1996651156821758 -2.1130752333799196
v -0.0031500000000000 0.0178030000000000 0.0017320000000000
vn -6.1937827634963449 -0.1147437663648911 -0.6560140801881402
v -0.0031500000000000 0.0043310000000000 0.0203980000000000
vn 2.5304989800111888 -2.7614413146540695 3.2880188213206907
v -0.0003692000000000 0.0134823000000000 0.0030036000000000
vn -0.0019077833904314 5.7148153508556989 -1.5280325257542495
v -0.0001500000000000 0.0183780000000000 -0.0195640000000000
vn -2.2389248442709428 -2.6994326943675913 4.6970266209409708
v -0.0041500000000000 0.0155000000000000 -0.0268470000000000
vn -5.4586551398132439 1.9614772453009175 -0.8077260477527284
v -0.0046500000000000 -0.0293230000000000 0.0115080000000000
vn -0.0343591873340438 -5.7798387521180121 1.4740790672873831
v -0.0001500000000000 -0.0183780000000000 0.0195640000000000
vn -5.4119187284065191 1.8846693338915270 -1.0782096376084152
v -0.0046500000000000 -0.0272800000000000 0.0157500000000000
vn 3.5259890270790879 -2.6607095436089345 -1.5363244089956261
v 0.0028500000000000 0.0154980000000000 -0.0193430000000000
vn 6.2831853071795862 -0.0000000000000006 0.0000000000000001
v 0.0028500000000000 0.0174790000000000 -0.0208250000000000
vn -5.3978868793862720 -1.1571945777287020 1.8540485655637480
v -0.0046500000000000 0.0164250000000000 -0.0268790000000000
vn 0.0000000000000001 -1.1481123339802999 5.9541071310567713
v -0.0001500000000000 -0.0197520000000000 0.0183410000000000
vn -3.2649141103275796 2.5764645911850574 -1.7898714266889473
v -0.0031500000000000 -0.0260600000000000 0.0167890000000000
vn -3.0008293090550890 2.3603428805789006 -2.0563872636775802
v -0.0046500000000000 0.0244260000000000 -0.0206730000000000
vn -0.0164241612328906 0.8224245275522730 -5.9228587669889636
v -0.0001500000000000 0.0197520000000000 -0.0183410000000000
vn 3.5392341946201915 -0.9076347524741593 2.9338984877963141
v 0.0028500000000000 0.0133550000000000 -0.0248010000000000
vn -5.4213154371792518 1.4101057036984805 -1.6379119672014470
v -0.0046500000000000 -0.0202480000000000 0.0241300000000000
vn 0.0096155328606389 5.1799796111860150 -2.9483931911691754
v -0.0001500000000000 -0.0214355000000000 0.0206755000000000
vn 0.0002648834752250 2.2690653623987531 -5.4911478190795453
v -0.0001500000000000 -0.0205000000000000 0.0215080000000000
vn -2.8073632247033129 1.1311339776196365 -1.3122225580457425
v -0.0046500000000000 0.0207211000000000 -0.0241493000000000
vn 0.0236902907510990 -2.2485516664259659 5.5438408081255828
v -0.0001500000000000 0.0204726000000000 -0.0215174000000000
vn -0.0429608028061239 -5.2074090876938062 2.9016857114251331
v -0.0001500000000000 0.0214355000000000 -0.0206755000000000
vn -3.0877614739882437 -1.6703237467202841 2.6591442876541898
v -0.0031500000000000 0.0164700000000000 -0.0262630000000000
vn -3.1681085950209820 -2.4381892132588145 -1.8867483728423315
v -0.0031500000000000 -0.0229850000000000 0.0014550000000000
vn -1.7597320047966645 3.0996714742197797 -4.4743119466905732
v -0.0028500000000000 -0.0100000000000000 0.0173210000000000
vn -3.4451736710616356 -0.8242789926071664 3.0151870388245765
v -0.0031500000000000 0.0082060000000000 -0.0298940000000000
vn -5.4262985824219712 2.0442505207428612 -0.6857590065182513
v -0.0046500000000000 -0.0298600000000000 0.0100320000000000
vn -4.4397958610273545 4.1663305611694437 -1.5458770827996995
v -0.0044000000000000 -0.0293100000000000 0.0108380000000000
vn 6.2831853071795871 0.0000000000000000 0.0000000000000000
v -0.0011500000000000 -0.0245530000000000 -0.0031230000000000
vn 6.2831853071795862 -0.0000000000000009 -0.0000000000000009
v 0.0028500000000000 -0.0164810000000000 0.0159460000000000
vn -3.8744358239655838 3.0038231419442729 -0.0185787681145029
v -0.0031500000000000 -0.0143480000000000 0.0211330000000000
vn -3.0998252424612565 -0.6160562996436355 -3.0046668222485282
v -0.0031500000000000 -0.0238350000000000 0.0019920000000000
vn 3.6573432018984482 1.1186026507220732 2.8358948290682164
v -0.0011500000000000 -0.0251370000000000 -0.0020010000000000
vn -6.2831853071795871 0.0000000000000000 0.0000000000000000
v -0.0031500000000000 -0.0252000000000000 0.0033480000000000
vn 3.0036562504983317 -3.1104939716266395 -0.3336092707126798
v -0.0011500000000000 -0.0207710000000000 0.0003920000000000
vn 1.9556369073954532 1.4729607077932143 -5.3326560302763406
v 0.0023500000000000 -0.0056800000000000 0.0191760000000000
vn 2.1047243341254647 -1.6202625139790585 5.1631737795214914
v 0.0023500000000000 0.0056800000000000 -0.0191760000000000
vn -3.6294505965289101 -2.8903375412469723 -0.8528453606708684
v -0.0031500000000000 -0.0224830000000000 0.0005840000000000
vn 2.9169220093040251 3.1054931542720690 -0.3368802338152162
v -0.0011500000000000 -0.0159790000000000 0.0216100000000000
vn -5.3936578747707644 2.3336108815848711 0.2629492346437676
v -0.0030750000000000 -0.0201915000000000 -0.0011525000000000
vn 6.2831853071795862 0.0000000000000000 0.0000000000000000
v -0.0011500000000000 -0.0140530000000000 0.0232690000000000
vn 3.5909238059287363 2.6519099505008308 1.5320374746724548
v 0.0028500000000000 -0.0277480000000000 -0.0018750000000000
vn 2.9130929831282399 0.0167422041172844 -3.1232636486449170
v -0.0011500000000000 -0.0122500000000000 0.0249680000000000
vn -6.2784728799605674 -0.0444910756605136 0.1509268436200603
v -0.0031500000000000 -0.0000960000000000 -0.0215330000000000
vn -5.4115105047550305 -0.7532568266064321 2.0326023720462234
v -0.0046500000000000 0.0092850000000000 -0.0301010000000000
vn -4.4607814831548858 -1.5101150792731663 4.1568425017217612
v -0.0044000000000000 0.0106370000000000 -0.0293840000000000
vn 6.2831853071795862 0.0000000000000001 0.0000000000000002
v 0.0028500000000000 0.0164810000000000 -0.0159460000000000
vn -6.2831853071795862 0.0000000000000000 0.0000000000000000
v -0.0031500000000000 0.0043460000000000 -0.0261270000000000
vn -5.4090379853569983 0.1551028527809479 2.3385034641109668
v -0.0030750000000000 -0.0013530000000000 -0.0201795000000000
vn -2.2820437733026075 5.3670438621562209 0.3176250958042725
v -0.0029423000000000 -0.0199564000000000 -0.0023084000000000
vn -5.4155353811071878 1.2671376763296698 -1.5680303751534210
v -0.0031500000000000 -0.0105130000000000 0.0173660000000000
vn -2.9332525709694370 0.1607593364371533 4.3288903522663418
v -0.0029250000000000 -0.0021965000000000 -0.0199520000000000
vn -6.2824915187164754 0.0119656524407868 0.0525039134528515
v -0.0031500000000000 -0.0014390000000000 -0.0223080000000000
vn -6.2831853071795862 0.0000000000000000 0.0000000000000000
v -0.0031500000000000 -0.0255600000000000 -0.0022290000000000
vn -6.2831853071795862 0.0000000000000000 0.0000000000000000
v -0.0031500000000000 -0.0126080000000000 0.0249370000000000
vn 2.0302557102705969 -3.5010621522112220 4.2336157738739022
v 0.0023500000000000 0.0125860000000000 -0.0155430000000000
vn 4.4465947011416560 -1.6994421652379930 4.0937283709342012
v 0.0026000000000000 0.0079210000000000 -0.0186370000000000
vn 2.1553077346638436 -0.1508153344706457 -5.2625855280852516
v 0.0023500000000000 -0.0007790000000000 -0.0319910000000000
vn 2.9683286811442988 -2.9542859870789346 0.9945694026628964
v -0.0011500000000000 -0.0209340000000000 -0.0011590000000000
vn 2.9088412264199031 -1.2911330262191709 2.8433713699091987
v -0.0011500000000000 -0.0107250000000000 0.0177920000000000
vn 2.3163257168055997 3.2551853020987296 -4.3081058702053738
v 0.0024654000000000 -0.0125140000000000 0.0157475000000000
vn 3.1490266754961729 0.5181401668421299 -3.0850906956052215
v -0.0011500000000000 -0.0242420000000000 0.0020840000000000
vn 6.2831853071795862 0.0000000000000000 0.0000000000000000
v -0.0011500000000000 -0.0213770000000000 -0.0000530000000000
vn -6.2831853071795862 0.0000000000000000 0.0000000000000000
v -0.0031500000000000 0.0242730000000000 -0.0110430000000000
vn -3.9030205654284922 0.2409773421649319 2.8397590868348237
v -0.0031500000000000 0.0004900000000000 -0.0202940000000000
vn 3.7925489558770975 2.9981222497727513 -0.3450943683765973
v -0.0011500000000000 -0.0143010000000000 0.0216670000000000
vn -1.8711371669315886 5.4579736632271043 -0.6651668859093199
v -0.0028500000000000 -0.0197960000000000 0.0028460000000000
vn -5.4439209638463186 2.0986148433335310 -0.4045778170164293
v -0.0046500000000000 -0.0310210000000000 0.0054700000000000
vn -6.2831853071795871 0.0000000000000000 0.0000000000000000
v -0.0031500000000000 -0.0158600000000000 0.0212700000000000
vn 2.1821581076604564 -5.3190936285345192 -0.0845657387740138
v 0.0023500000000000 -0.0319980000000000 -0.0003900000000000
vn 1.9310383866584875 4.5141315779057267 -3.2621048795884784
v 0.0023500000000000 -0.0158670000000000 0.0121750000000000
vn -3.1164148495439390 -0.9727983476715940 4.8994866479033243
v -0.0042958000000000 0.0041353000000000 -0.0308680000000000
vn -3.6177629213156215 -1.5495853721517223 -2.9378272267065992
v -0.0030300000000000 0.0169162000000000 -0.0041585000000000
vn 1.3588840607920945 0.4828069962341757 -0.4168007696892857
v -0.0030000000000000 0.0031135000000000 -0.0199070000000000
vn 3.6290174235039925 -2.9228654407564330 -0.8587480780909456
v -0.0011500000000000 -0.0225190000000000 0.0006980000000000
vn 6.2831853071795862 0.0000000000000000 0.0000000000000000
v -0.0011500000000000 -0.0149810000000000 0.0227340000000000
vn -5.4067256346104955 2.0959375802324898 -0.0422139870999718
v -0.0031500000000000 -0.0202810000000000 0.0008820000000000
vn 6.2831853071795871 0.0000000000000002 0.0000000000000007
v 0.0028500000000000 0.0203620000000000 -0.0100680000000000
vn 3.6837256214502276 0.3793420670053639 3.0228596812816315
v 0.0028500000000000 -0.0128090000000000 0.0175100000000000
vn 4.4599303457108537 4.0878939965138628 -1.6833181281017016
v 0.0026000000000000 -0.0187160000000000 0.0077320000000000
vn 6.2831853071795871 -0.0000000000000002 -0.0000000000000007
v 0.0028500000000000 -0.0203620000000000 0.0100680000000000
vn -2.1735221132880835 5.4220522543981211 -0.6851596056572747
v -0.0041500000000000 -0.0307170000000000 0.0041760000000000
vn 2.3224841571020276 -4.2472308162869874 3.3365808042683729
v 0.0024750000000000 0.0160035000000000 -0.0122025000000000
vn 2.9285744188793368 -2.8817980916345030 -1.1868486546402781
v -0.0011500000000000 -0.0229050000000000 0.0013660000000000
vn -3.2107239302114623 -2.9764669367268950 -2.5132933834100810
v -0.0029500000000000 0.0178540000000000 -0.0049953000000000
vn 6.2831853071795880 0.0000000000000000 0.0000000000000000
v -0.0011500000000000 -0.0113750000000000 0.0186300000000000
vn 3.6892211414019864 -0.3729710636682766 -3.0225200869297719
v 0.0028500000000000 0.0128090000000000 -0.0175100000000000
vn -4.4451656198463692 4.4377075000542536 -0.0892281710753251
v -0.0044000000000000 -0.0312410000000000 0.0007550000000000
vn -6.2831853071795862 0.0000000000000000 0.0000000000000000
v -0.0031500000000000 0.0227230000000000 -0.0083580000000000
vn 2.9186316349786421 -0.6323141979353073 3.0588176293301976
v -0.0011500000000000 0.0252800000000000 -0.0036680000000000
vn 5.3156556446734760 -2.1632295106711332 0.6790513972215441
v 0.0028500000000000 -0.0301010000000000 0.0092850000000000
vn 2.3073120220447261 2.7584257519396940 0.5257444898542836
v -0.0011500000000000 0.0085210000000000 -0.0208260000000000
vn -3.1649997445445273 -0.7147638094944064 3.5819715049049128
v -0.0030000000000000 0.0039280000000000 -0.0197620000000000
vn -6.2831853071795871 0.0000000000000000 0.0000000000000000
v -0.0031500000000000 0.0211730000000000 -0.0056730000000000
vn 2.1783703124951872 5.4652846205466954 0.3100007109799282
v 0.0023500000000000 -0.0199730000000000 -0.0010470000000000
vn 2.4227575125984266 0.0808094309630328 2.9614394745311712
v -0.0011500000000000 -0.0114700000000000 0.0175500000000000
vn -6.2831853071795862 0.0000000000000000 0.0000000000000000
v -0.0031500000000000 -0.0227230000000000 0.0083580000000000
vn 5.4685089650632577 2.0807608348615227 0.3475294001974824
v 0.0028500000000000 -0.0202980000000000 -0.0028700000000000
vn -6.2831853071795862 0.0000000000000000 0.0000000000000000
v -0.0031500000000000 -0.0104900000000000 0.0243700000000000
vn 2.3992872274309764 -0.1129784780525738 -2.9486405879065574
v -0.0011500000000000 0.0114700000000000 -0.0175500000000000
vn 2.4552879453700269 2.9606385249735734 -0.2523445344602137
v -0.0011500000000000 -0.0280660000000000 0.0011590000000000
vn 6.2831853071795880 0.0000000000000000 0.0000000000000000
v -0.0011500000000000 0.0104470000000000 -0.0191660000000000
vn 6.2831853071795880 0.0000000000000000 0.0000000000000000
v -0.0011500000000000 0.0095190000000000 -0.0197010000000000
vn 2.9186316349786448 0.6323141979353062 -3.0588176293301990
v -0.0011500000000000 -0.0252800000000000 0.0036680000000000
vn 5.2267636125009691 0.7363024441709832 -2.2304957312466409
v 0.0028500000000000 0.0092850000000000 -0.0301010000000000
vn 2.9081331808275173 1.2910918050300773 -2.8433323641826709
v -0.0011500000000000 -0.0260250000000000 0.0034260000000000
vn -3.0023603982091234 -3.1308068003338998 0.0003286881714836
v -0.0046500000000000 -0.0319970000000000 0.0004090000000000
vn -6.1835482969944522 -0.7157666677728811 -0.3079857940097817
v -0.0031500000000000 0.0187552000000000 -0.0051831000000000
vn -6.2831853071795871 0.0000000000000000 0.0000000000000000
v -0.0031500000000000 -0.0269020000000000 -0.0030040000000000
vn 2.9196286842133210 2.3325467463811904 -2.0775132134729692
v -0.0011500000000000 -0.0272870000000000 0.0025090000000000
vn -3.2366454590612648 0.7245232653015349 -3.5768835933026590
v -0.0030000000000000 -0.0040043000000000 0.0197468000000000
vn -3.4188347522044045 3.5714898950942695 -0.3912116321164750
v -0.0030088000000000 -0.0198112000000000 0.0037275000000000
vn -6.2789003833002841 0.1288792814881485 -0.0434037738433548
v -0.0031500000000000 -0.0211730000000000 0.0056730000000000
vn -6.2831853071795862 0.0000000000000000 0.0000000000000000
v -0.0031500000000000 0.0104900000000000 -0.0243700000000000
vn 3.5508925610205857 2.0878230850154269 -2.2507598847552446
v 0.0028500000000000 -0.0148010000000000 0.0239670000000000
vn -6.2831853071795871 0.0000000000000000 0.0000000000000000
v -0.0031500000000000 -0.0010230000000000 -0.0292270000000000
vn -4.4598156350416582 -0.1462258110616823 4.4166496164394129
v -0.0044000000000000 0.0002760000000000 -0.0312490000000000
vn 2.1458246959042411 -4.9677231101702795 2.2778062761585347
v 0.0023500000000000 0.0182710000000000 -0.0081350000000000
vn 6.2831853071795862 -0.0000000000000000 0.0000000000000001
v 0.0028500000000000 0.0192090000000000 -0.0143710000000000
vn -5.4847084658348457 -0.0095919297340357 2.0910286350390397
v -0.0046500000000000 0.0015700000000000 -0.0314610000000000
vn 2.3372681707925631 -2.8494278554655899 -0.3294019230087307
v -0.0011500000000000 -0.0085210000000000 0.0208260000000000
vn 4.4329502759861450 0.4889702585122239 4.4215117663978596
v 0.0026000000000000 -0.0022650000000000 -0.0201230000000000
vn 6.2831853071795862 0.0000000000000000 0.0000000000000000
v -0.0011500000000000 -0.0095190000000000 0.0197010000000000
vn 4.3345555923295533 4.5150622964276792 0.4470107439328365
v 0.0026000000000000 -0.0201120000000000 -0.0023590000000000
vn 3.5259296124413275 -3.0280150991331425 -0.4697031468560260
v -0.0011500000000000 0.0142900000000000 0.0215345000000000
vn 2.9164569717281150 -1.2611047125607928 -2.8578091263761385
v -0.0011500000000000 -0.0107250000000000 -0.0177920000000000
vn -6.2831853071795871 0.0000000000000000 0.0000000000000000
v -0.0031500000000000 0.0123850000000000 0.0250480000000000
vn 3.6518666916199281 -0.8189131232056368 2.9376659047124276
v 0.0028500000000000 0.0133550000000000 0.0176340000000000
vn -6.2831853071795862 0.0000000000000000 0.0000000000000000
v -0.0031500000000000 0.0212700000000000 0.0158600000000000
vn 2.0282101752430743 3.2769687664974669 4.4081751180343938
v 0.0023500000000000 -0.0121750000000000 -0.0158670000000000
vn -6.2831853071795862 0.0000000000000000 0.0000000000000000
v -0.0031500000000000 0.0110430000000000 0.0242730000000000
vn 2.3202672006949117 -3.4021865049237623 -4.1940217285180799
v 0.0024654000000000 0.0123933000000000 0.0158425000000000
vn 2.1039063006036569 -4.2592409453100020 -3.3434491250746881
v 0.0023500000000000 0.0155430000000000 0.0125860000000000
vn 3.6571707077207365 0.8139972212230298 -2.9376484260170619
v 0.0028500000000000 -0.0133550000000000 -0.0176340000000000
vn 6.2831853071795862 0.0000000000000000 0.0000000000000000
v -0.0011500000000000 0.0148380000000000 0.0220930000000000
vn -6.2831853071795862 0.0000000000000000 0.0000000000000000
v -0.0031500000000000 0.0160520000000000 0.0217960000000000
vn 6.2831853071795871 0.0000000000000029 -0.0000000000000007
v 0.0028500000000000 0.0235530000000000 0.0190540000000000
vn 1.7762524314774140 4.5324153107420573 3.5238919269555904
v 0.0023500000000000 -0.0155430000000000 -0.0125860000000000
vn 2.0653613945843263 3.9931358971370567 3.7020605371954800
v 0.0023500000000000 -0.0145070000000000 -0.0137670000000000
vn -2.1703118571704847 4.9021568407994405 2.3015524413165300
v -0.0029375000000000 -0.0181802000000000 -0.0085419000000000
vn 3.9986401035217378 2.4544792076773514 1.5086782364534226
v 0.0028500000000000 -0.0214050000000000 -0.0208010000000000
vn 2.3445714677741267 -2.5418594124434266 1.4331230497180600
v -0.0011500000000000 0.0150370000000000 0.0187080000000000
vn 3.7915660146239363 -0.7456414504243555 -2.8839783006748316
v 0.0028500000000000 -0.0194530000000000 -0.0184110000000000
vn -3.5672646697771162 -2.3630581518753604 1.9443072092700071
v -0.0031500000000000 0.0138770000000000 0.0198890000000000
vn -6.2831853071795862 0.0000000000000000 0.0000000000000000
v -0.0031500000000000 0.0226120000000000 0.0166350000000000
vn 3.3648569822817738 -0.0812686873804392 -3.0789262277240321
v -0.0011500000000000 0.0125080000000000 0.0233020000000000
vn 2.4441756337894862 -2.5311089066927721 1.5158096695512342
v -0.0011500000000000 0.0158160000000000 0.0200590000000000
vn 3.7661924062035279 2.9706452581621159 0.3165400763444011
v 0.0028500000000000 0.0183270000000000 0.0199090000000000
vn 3.7569964435275662 0.4617633841497882 2.9485411622934481
v 0.0028500000000000 0.0198430000000000 0.0183310000000000
vn 3.6675627092021887 -0.9368740425538785 -2.8957370903416075
v 0.0028500000000000 0.0204980000000000 0.0215410000000000
vn -6.2831853071795880 0.0000000000000000 0.0000000000000000
v -0.0031500000000000 0.0214770000000000 0.0124000000000000
vn -2.1589938493907015 2.2102525404847180 4.9327996569615928
v -0.0029318000000000 -0.0084031000000000 -0.0182388000000000
vn 2.4403000840726619 -3.7689911559946294 -3.8337975384486427
v 0.0024929000000000 0.0143481000000000 0.0141333000000000
vn 3.6961362553673416 -2.9279905173773582 -0.7997345900679806
v 0.0028500000000000 -0.0183910000000000 -0.0195170000000000
vn 3.7948147658754077 1.0224362563681488 2.7923156274965102
v 0.0028500000000000 -0.0204835000000000 -0.0214950000000000
vn 3.6448928373137854 -2.9287543105708238 -0.8421001848782481
v 0.0028500000000000 0.0215610000000000 0.0204350000000000
vn -0.0000170009601896 0.0286881765908432 0.0315481156390591
v -0.0030000000000000 0.0127390000000000 0.0020460000000000
vn 2.9098564151489601 -1.2928154526484372 2.8428183316865656
v -0.0011500000000000 -0.0107250000000000 -0.0246430000000000
vn -2.0753456349944788 2.6975589737338574 4.7314836495389576
v -0.0041500000000000 -0.0159510000000000 -0.0265810000000000
vn -6.2751767933729274 -0.1677931972390348 -0.1107902844077932
v -0.0031500000000000 0.0187930000000000 0.0108500000000000
vn -6.2754190938736745 -0.1965633704833389 -0.0051414259179028
v -0.0031500000000000 0.0195680000000000 0.0095080000000000
vn 2.9098564151489650 1.2928154526484315 -2.8428183316865692
v -0.0011500000000000 0.0107250000000000 0.0246430000000000
vn -6.2781788295167704 0.1567684226028980 -0.0126363971930941
v -0.0031500000000000 -0.0195680000000000 -0.0095080000000000
vn 3.6241146117013763 -0.9665365436369490 -2.8934396284034460
v -0.0001500000000000 0.0167920000000000 0.0023710000000000
vn -6.2797871338408537 -0.0062944568775323 0.1386684002463899
v -0.0031500000000000 -0.0099080000000000 -0.0200390000000000
vn -6.2745297668818480 0.1806926905550990 0.1059823279496551
v -0.0031500000000000 -0.0187930000000000 -0.0108500000000000
vn 6.2831853071795862 0.0000000000000015 -0.0000000000000009
v 0.0028500000000000 -0.0001130000000000 0.0253960000000000
vn 3.6505640172555305 2.1346655161497896 -2.1782754918417129
v 0.0028500000000000 -0.0148010000000000 -0.0184690000000000
vn -3.2845477259850990 2.5656923670605809 1.8002460380651564
v -0.0031500000000000 -0.0256440000000000 -0.0174180000000000
vn -3.6196413395786520 -1.2013821232322435 2.6289778391405716
v -0.0031500000000000 0.0169800000000000 -0.0023000000000000
vn 3.5485589507530344 1.7438798098007930 2.5247132342523124
v 0.0028500000000000 0.0223880000000000 -0.0030980000000000
vn 3.6661238630538890 2.8048872577128199 -1.1969958400230540
v 0.0028500000000000 -0.0157410000000000 -0.0198480000000000
vn 2.4557447230124674 2.9609535935303519 -0.2513762020786833
v -0.0011500000000000 0.0086840000000000 0.0223760000000000
vn 2.1613411994343035 -0.1084447263560605 -5.4695652305264595
v 0.0023500000000000 0.0005240000000000 0.0199930000000000
vn -6.2831853071795862 0.0000000000000000 0.0000000000000000
v -0.0031500000000000 -0.0070160000000000 -0.0219480000000000
vn 2.6542054866758931 -2.9873388060228878 0.4012542815581278
v -0.0011500000000000 -0.0086840000000000 -0.0223760000000000
vn 5.5168310547947303 -0.2108999174542978 -2.0447834079709590
v 0.0028500000000000 0.0026110000000000 0.0203330000000000
vn -4.4476493732573346 3.8461581933740927 2.2107919611017648
v -0.0044000000000000 -0.0270630000000000 -0.0156250000000000
vn -5.3921253685209827 -1.3223377426002494 -1.7475754510218584
v -0.0046500000000000 0.0190200000000000 0.0251100000000000
vn -2.2096549970492618 3.6715724776128060 4.0050297021657153
v -0.0041500000000000 -0.0209750000000000 -0.0228260000000000
vn -0.0171184548496580 -1.9636964727269568 5.7567370971854430
v -0.0001500000000000 0.0204726000000000 0.0184346000000000
vn -5.4298629643843928 1.6733466022829417 1.3537691248338029
v -0.0046500000000000 -0.0246280000000000 -0.0196400000000000
vn -0.0060031453868117 5.4688752111526746 -2.6514541899780877
v -0.0001500000000000 0.0185160000000000 0.0206755000000000
vn -2.0990006043430003 3.0570328663243895 4.5497922650509190
v -0.0029308000000000 -0.0116636000000000 -0.0163461000000000
vn -5.5048135052833373 1.7026410570902641 1.1768847671526639
v -0.0046500000000000 -0.0255760000000000 -0.0183880000000000
vn 6.2831853071795862 0.0000000000000011 0.0000000000000006
v 0.0028500000000000 0.0202490000000000 0.0153280000000000
vn 6.2831853071795862 -0.0000000000000002 -0.0000000000000009
v 0.0028500000000000 0.0216130000000000 0.0161150000000000
vn -5.3912561112567587 1.6398486214570727 1.4550942816251142
v -0.0046500000000000 -0.0236180000000000 -0.0208430000000000
vn -5.3921253685209951 1.3223377426002465 1.7475754510218542
v -0.0046500000000000 -0.0190200000000000 -0.0251100000000000
vn 3.5403021373429358 -3.0621599912688220 -0.2178372968034037
v 0.0028500000000000 0.0159900000000000 0.0214980000000000
vn -5.5048135052833205 -1.7026410570902772 -1.1768847671526741
v -0.0046500000000000 0.0255760000000000 0.0183880000000000
vn -6.2820366373097922 0.0125604484899918 0.0670194603396511
v -0.0031500000000000 -0.0128000000000000 -0.0181290000000000
vn -0.0595224204439994 0.4867138640127650 -6.0608222789436530
v -0.0001500000000000 0.0197520000000000 0.0216110000000000
vn -0.0047417758573233 -5.4590897902526621 2.6422901279812550
v -0.0001500000000000 -0.0185160000000000 -0.0206755000000000
vn -5.4298629643843963 -1.6733466022829433 -1.3537691248338033
v -0.0046500000000000 0.0246280000000000 0.0196400000000000
vn -5.3912561112567596 -1.6398486214570689 -1.4550942816251138
v -0.0046500000000000 0.0236180000000000 0.0208430000000000
vn -2.2096549970492694 -3.6715724776128065 -4.0050297021657144
v -0.0041500000000000 0.0209750000000000 0.0228260000000000
vn 0.0004290155914580 5.9426762214999265 -1.1447017573642464
v -0.0001500000000000 -0.0215740000000000 -0.0195640000000000
vn -1.7816281796311599 -4.4912110607295315 -2.9717326150959797
v -0.0028500000000000 0.0162920000000000 0.0116010000000000
vn -0.0048772580316679 -0.7736593492250807 6.1097331233508374
v -0.0001500000000000 -0.0197520000000000 -0.0216110000000000
vn -0.1606337984234446 2.0594523308474542 -5.6520833818436840
v -0.0001500000000000 -0.0205000000000000 -0.0184440000000000
vn -1.8500124282011767 4.5098599486964410 3.0798233440960310
v -0.0028500000000000 -0.0162890000000000 -0.0116050000000000
vn -6.2831853071795862 0.0000000000000000 0.0000000000000000
v -0.0031500000000000 -0.0231790000000000 -0.0187520000000000
vn -6.2814183797032239 -0.0941425278258678 -0.0221615784544009
v -0.0031500000000000 0.0128000000000000 0.0181290000000000
vn 0.0107000063841244 -5.9600672790548179 1.1526493458830336
v -0.0001500000000000 0.0215740000000000 0.0195640000000000
vn -1.9629350999834410 -3.0775152867170465 -4.4762442182100708
v -0.0028500000000000 0.0116010000000000 0.0162920000000000
vn -5.4226197612368061 0.3463350823245152 -2.1319674364407684
v -0.0046500000000000 -0.0046950000000000 0.0311480000000000
vn 2.1485092217487138 -2.8008952648138212 4.5092586753930473
v 0.0023500000000000 -0.0170010000000000 0.0271100000000000
vn -3.0767322273003046 -3.1132851894814353 0.4074528294126272
v -0.0031500000000000 0.0307220000000000 -0.0041400000000000
vn -3.3299460250190567 0.3609846429345431 -3.1103600530950635
v -0.0031500000000000 -0.0037650000000000 0.0307700000000000
vn -5.4170149302475057 0.4127632909378025 -2.1259086094517587
v -0.0046500000000000 -0.0062420000000000 0.0308750000000000
vn -2.5929862157454848 1.1177206862700437 -5.2773667951787777
v -0.0042750000000000 -0.0066580000000000 0.0304045000000000
vn -4.4489337409494230 -4.3303239952570785 0.9559840737180190
v -0.0044000000000000 0.0304820000000000 -0.0068860000000000
vn 2.1905855661290143 4.4668146517330038 -2.8760086935563987
v 0.0023500000000000 0.0269010000000000 -0.0173300000000000
vn 0.0128958809678870 4.0402192473894898 -4.5209110895165301
v -0.0001500000000000 0.0189251000000000 -0.0187475000000000
vn 6.2831853071795862 0.0000000000000009 -0.0000000000000025
v 0.0028500000000000 -0.0207840000000000 0.0170990000000000
vn -3.4007395932387667 2.1745216700279149 -2.2483100573395851
v -0.0031500000000000 -0.0217860000000000 0.0220530000000000
vn -3.4007395932387849 -2.1745216700279126 2.2483100573395856
v -0.0031500000000000 0.0217860000000000 -0.0220530000000000
vn -3.2564652289043314 -2.1093221068097119 2.3229201173129113
v -0.0031500000000000 0.0201190000000000 -0.0235850000000000
vn -4.4575099807317988 -2.3001524759361609 3.7815407370601886
v -0.0044000000000000 0.0161840000000000 -0.0267330000000000
vn -0.0403816743851357 -4.1120543391589974 4.4878520346284621
v -0.0001500000000000 -0.0188799000000000 0.0187875000000000
vn -3.4539416261773734 1.8128397044791023 -2.5426449305788354
v -0.0031500000000000 -0.0183430000000000 0.0249900000000000
vn -3.1725839077294600 -2.5629694924819422 1.8146353143279930
v -0.0031500000000000 0.0247650000000000 -0.0186460000000000
vn -3.4539416261773734 -1.8128397044791020 2.5426449305788354
v -0.0031500000000000 0.0183430000000000 -0.0249900000000000
vn -3.1725839077294795 2.5629694924819404 -1.8146353143279952
v -0.0031500000000000 -0.0247650000000000 0.0186460000000000
vn -3.2680889530794324 2.3195931932004710 -2.1130431200501567
v -0.0031500000000000 -0.0233380000000000 0.0204040000000000
vn -3.0023742212477020 1.2067531885302294 -2.8891154786497504
v -0.0046500000000000 0.0127160000000000 -0.0293650000000000
vn -3.2680889530794341 -2.3195931932004696 2.1130431200501589
v -0.0031500000000000 0.0233380000000000 -0.0204040000000000
vn -3.2564652289043323 2.1093221068097101 -2.3229201173129126
v -0.0031500000000000 -0.0201190000000000 0.0235850000000000
vn -2.6622297173390859 4.5579332317473140 -2.8085661090834688
v -0.0042846000000000 -0.0265945000000000 0.0161885000000000
vn -5.4358266546962382 -0.3496338942223229 -2.1172220220934270
v -0.0046500000000000 0.0046950000000000 0.0311480000000000
vn -2.2063281249140938 -5.3149849020348006 -1.1554642863667355
v -0.0041500000000000 0.0302560000000000 0.0067520000000000
vn -5.4058767500568381 -0.4435135016911939 -2.1315923016981033
v -0.0046500000000000 0.0062420000000000 0.0308750000000000
vn 3.5258424023883839 -1.7299562494751533 -2.5392445025673389
v 0.0028500000000000 0.0266120000000000 0.0030980000000000
vn 3.5774513767070655 -3.0606248025358607 -0.2122443290251021
v 0.0028500000000000 0.0282400000000000 0.0002800000000000
vn 2.1814792239813778 5.3101694687487626 -0.3030485896229307
v 0.0023500000000000 0.0319410000000000 -0.0019470000000000
vn 5.3256670393294243 2.1589683727329581 0.6591965359565327
v 0.0028500000000000 0.0301010000000000 0.0092850000000000
vn -6.2831853071795862 0.0000000000000000 0.0000000000000000
v -0.0031500000000000 0.0292270000000000 -0.0010230000000000
vn 2.9182385245124531 -2.3188513897978762 -2.0933047521626134
v -0.0011500000000000 0.0272870000000000 0.0025090000000000
vn 2.1358834888994891 5.0705507167935728 1.6183547332804111
v 0.0023500000000000 0.0305290000000000 0.0095920000000000
vn -4.7334749019189175 -4.0540218502457863 -0.6594946992085862
v -0.0044000000000000 0.0310620000000000 0.0034260000000000
vn -3.0870617616486737 -0.0789421957589461 -3.1392031992881586
v -0.0031500000000000 0.0007550000000000 0.0309910000000000
vn 2.2023847913481940 1.6817813245380981 5.0174619822366999
v 0.0023500000000000 0.0099630000000000 0.0304100000000000
vn 2.9192610941773047 -2.9725794154994989 -0.9609764085085041
v -0.0011500000000000 0.0280660000000000 0.0011590000000000
vn 5.2891473572954268 0.6470078280992291 2.1986857891251725
v 0.0028500000000000 0.0092850000000000 0.0301010000000000
vn -5.4011878502457833 -0.0885961433583192 -2.1804517100792475
v -0.0046500000000000 0.0015700000000000 0.0314610000000000
vn -3.0834145383961982 -3.1396969047686070 -0.0451206856959789
v -0.0031500000000000 0.0309980000000000 0.0003770000000000
vn 2.9160933026555891 -1.2612890453029935 -2.8577014698532999
v -0.0011500000000000 0.0260250000000000 0.0034260000000000
vn -5.4274506355891834 -2.1499187790923773 0.0795255887387429
v -0.0046500000000000 0.0314900000000000 0.0007850000000000
vn -5.4040111266744528 -0.0224528647809656 -2.1792422278978960
v -0.0046500000000000 0.0000000000000000 0.0315000000000000
vn -2.1214954612546615 -0.3425207255176879 -5.4588083656561919
v -0.0041500000000000 0.0026150000000000 0.0308900000000000
vn -4.8524911908476378 -3.9411016866229560 0.0916971080819627
v -0.0044000000000000 0.0312220000000000 0.0013120000000000
vn 2.1832213590686198 5.1788789081401223 1.2330908846146493
v 0.0023500000000000 0.0311470000000000 0.0073380000000000
vn 2.3589019840047167 -2.8455503895973151 0.5373380658499622
v -0.0011500000000000 0.0282290000000000 0.0003920000000000
vn -6.2831853071795862 0.0000000000000000 0.0000000000000000
v -0.0031500000000000 -0.0016610000000000 0.0276770000000000
vn -2.2211083538919247 -5.4265750143378764 -0.3539934047681099
v -0.0041500000000000 0.0309290000000000 0.0020930000000000
vn 6.2831853071795871 0.0000000000000005 0.0000000000000009
v 0.0028500000000000 0.0069180000000000 0.0258180000000000
vn -4.4567010805427838 -0.2597910644187338 -4.4192668716610086
v -0.0044000000000000 0.0017860000000000 0.0311990000000000
vn -6.2831853071795862 0.0000000000000000 0.0000000000000000
v -0.0031500000000000 0.0265430000000000 -0.0025730000000000
vn -6.2831853071795871 0.0000000000000000 0.0000000000000000
v -0.0031500000000000 0.0278850000000000 -0.0017980000000000
vn 6.2831853071795862 0.0000000000000000 0.0000000000000000
v -0.0011500000000000 0.0260160000000000 0.0027310000000000
vn 2.9301085033448251 -1.8411392554903068 -2.5241009858558936
v -0.0011500000000000 0.0267040000000000 0.0030340000000000
vn -5.4050469207796343 2.1016634549502888 -0.5728106329227101
v -0.0046500000000000 -0.0303230000000000 0.0085310000000000
vn 3.4425802693295817 0.2839546446048565 -3.0605755173427851
v -0.0011500000000000 -0.0124120000000000 0.0232758000000000
vn 2.0800093352611766 -3.7891621432650631 3.9660969996196087
v 0.0023500000000000 0.0137670000000000 -0.0145070000000000
vn -1.8149072107936246 -5.1157233704306382 1.7177266095510788
v -0.0028500000000000 0.0178230000000000 -0.0090750000000000
vn -3.2415153129330090 1.4173342633104584 -3.0296268978154703
v -0.0030088000000000 -0.0086645000000000 0.0182008000000000
vn 3.6782916897667088 -1.6317055809150962 -2.5730790117060405
v 0.0028500000000000 -0.0101380000000000 0.0243160000000000
vn 2.5484884883560914 -5.1920332887457104 1.4199348842156643
v 0.0024846000000000 0.0195096000000000 -0.0049725000000000
vn 3.6803892542035026 1.6535913841377565 2.5573599529744633
v 0.0028500000000000 0.0101380000000000 -0.0243160000000000
vn 2.2472948945776547 3.7283220405998598 -3.9182752695711551
v 0.0024750000000000 -0.0138990000000000 0.0145540000000000
vn 2.8591091423938453 2.2473855007220114 2.1526076434436838
v -0.0011500000000000 -0.0150370000000000 0.0187080000000000
vn 3.2503998274152059 -0.6890401634286150 -3.7312154794259094
v -0.0003500000000000 0.0159959000000000 -0.0039436000000000
vn 6.2831853071795853 0.0000000000000016 0.0000000000000020
v 0.0028500000000000 -0.0215150000000000 0.0057650000000000
vn 4.6193959755289873 -0.8971245746286451 2.3117589850127382
v -0.0011500000000000 -0.0236238000000000 -0.0023265000000000
vn -3.0064715675772984 -1.5402716486700698 4.6584722855069343
v -0.0042846000000000 0.0084612000000000 -0.0299622000000000
vn 2.8461361005988297 -1.8950188481173618 2.4647033134351628
v -0.0011500000000000 -0.0222960000000000 -0.0030340000000000
vn 2.1340427388699736 5.2779166541216247 -1.4020483500757814
v 0.0023500000000000 -0.0193190000000000 0.0051760000000000
vn 4.4314950733328118 1.0322075165797666 -4.3249512490006836
v 0.0026000000000000 -0.0048900000000000 0.0196510000000000
vn -6.2831853071795862 0.0000000000000000 0.0000000000000000
v -0.0031500000000000 -0.0166350000000000 0.0226120000000000
vn -6.2831853071795862 0.0000000000000000 0.0000000000000000
v -0.0031500000000000 0.0215890000000000 -0.0125930000000000
vn 2.1760169022903004 -5.3088723950958210 0.3227891393922038
v 0.0023500000000000 -0.0319410000000000 0.0019470000000000
vn 3.6961893979245772 3.0386036546144970 0.1440294845161927
v 0.0028500000000000 -0.0282400000000000 -0.0002800000000000
vn 3.5422819987505001 1.7425324997261480 2.5260386259249823
v 0.0028500000000000 -0.0266120000000000 -0.0030980000000000
vn -6.2827006328213262 -0.0221107958755162 0.0390285576008174
v -0.0031500000000000 0.0020210000000000 -0.0221000000000000
vn -2.7730656844175376 5.0987474752703763 -1.5506452566555924
v -0.0042864000000000 -0.0298565000000000 0.0088346000000000
vn -6.2831853071795862 0.0000000000000000 0.0000000000000000
v -0.0031500000000000 0.0027960000000000 -0.0234430000000000
vn 6.2831853071795862 -0.0000000000000014 -0.0000000000000014
v 0.0028500000000000 0.0215150000000000 -0.0057650000000000
vn -6.2831853071795871 0.0000000000000000 0.0000000000000000
v -0.0031500000000000 -0.0230830000000000 0.0027810000000000
vn -2.1308425035599949 0.1392864651310151 5.4457925962538667
v -0.0028500000000000 -0.0009050000000000 -0.0199800000000000
vn 2.9102468941476811 2.9719959505053293 0.9619386510507502
v -0.0011500000000000 -0.0158160000000000 0.0200590000000000
vn -1.8370189846503227 2.9012093963479977 -4.6321189904483280
v -0.0028500000000000 -0.0116010000000000 0.0162920000000000
vn 2.9548574917278283 3.0498192792770729 0.6836103905366255
v -0.0011500000000000 0.0104310000000000 -0.0222680000000000
vn 6.2831853071795862 -0.0000000000000073 -0.0000000000000018
v 0.0028500000000000 -0.0161150000000000 0.0216130000000000
vn 2.9175772407751843 -2.3178981300487771 -2.0941593384551744
v -0.0011500000000000 -0.0094630000000000 0.0237270000000000
vn -5.4374296957223649 2.1396418019075516 0.1251320688986099
v -0.0046500000000000 -0.0314120000000000 -0.0023540000000000
vn 5.3198175064919688 -2.2038539714822956 0.5152535234403708
v 0.0028500000000000 -0.0307100000000000 0.0070090000000000
vn -1.9677896611049435 -2.8101954382155490 4.6377281705397913
v -0.0028500000000000 0.0116650000000000 -0.0162460000000000
vn 2.9083689375518320 2.3184049968355431 2.0931943247066198
v -0.0011500000000000 0.0094630000000000 -0.0237270000000000
vn -3.6013840968061253 -3.0003999677713296 0.5869290319161251
v -0.0031500000000000 -0.0101920000000000 0.0207980000000000
vn -5.3755247591331026 -0.7996956801773702 1.9012613099851172
v -0.0031500000000000 0.0087460000000000 -0.0183190000000000
vn -5.6184257774617761 1.9299777921584853 -0.7738240044828204
v -0.0030682000000000 -0.0184145000000000 0.0083465000000000
vn 6.2831853071795871 0.0000000000000018 -0.0000000000000049
v 0.0028500000000000 0.0194200000000000 -0.0178860000000000
vn -3.6063609454717129 2.7696628334921858 -1.1819409525265658
v -0.0031500000000000 0.0103530000000000 -0.0203170000000000
vn 3.1836788928160642 -1.4921552520325967 -0.4768162376935141
v 0.0028500000000000 -0.0206664000000000 0.0002736000000000
vn -6.2804154133149135 -0.1095832687956059 0.0581187357304922
v -0.0031500000000000 0.0181290000000000 -0.0128000000000000
vn 3.5782389108637069 -2.4217684976368083 -1.8666262817167341
v -0.0011500000000000 -0.0106550000000000 0.0225840000000000
vn 6.2831853071795871 0.0000000000000003 -0.0000000000000007
v 0.0028500000000000 0.0219370000000000 -0.0127960000000000
vn 5.2394343272209509 0.5624782635829514 -2.2688920978018787
v 0.0028500000000000 0.0070090000000000 -0.0307100000000000
vn -6.2831853071795853 0.0000000000000000 0.0000000000000000
v -0.0031500000000000 -0.0070310000000000 0.0245770000000000
vn -3.7410856791219498 1.7563458984954425 -2.4699916061112850
v -0.0031500000000000 -0.0257620000000000 0.0016790000000000
vn -6.2815873994335636 0.0772330094320810 -0.0116668389215031
v -0.0031500000000000 -0.0181290000000000 0.0128000000000000
vn -5.3990923811044311 -1.6784679778924589 0.8844181841514114
v -0.0031500000000000 0.0185090000000000 -0.0083370000000000
vn 5.5245706779028145 -0.1061371837255789 2.0439543095748487
v 0.0028500000000000 0.0005240000000000 -0.0204930000000000
vn -6.2831853071795862 0.0000000000000000 0.0000000000000000
v -0.0031500000000000 0.0070310000000000 -0.0245770000000000
vn 4.5209991746157350 4.3329358222594569 -0.4831769450273014
v 0.0026000000000000 -0.0201740000000000 0.0017520000000000
vn 2.1823455428687715 5.4105053928025066 -0.6265720219866603
v 0.0023500000000000 -0.0198900000000000 0.0020910000000000
vn 2.9308552861338129 2.7060234545558495 1.5613675179255939
v -0.0011500000000000 -0.0277480000000000 -0.0018750000000000
vn -3.2352358638455794 0.2014908740712695 3.1320792833053277
v -0.0031500000000000 -0.0030150000000000 -0.0308530000000000
vn -2.6561914222388645 3.8649320631420543 -2.7873209958313194
v -0.0029250000000000 -0.0163595000000000 0.0116355000000000
vn -6.2831853071795862 0.0000000000000000 0.0000000000000000
v -0.0031500000000000 -0.0271100000000000 0.0004560000000000
vn -2.2035833479845333 5.4375194568729093 0.0963864248254795
v -0.0041500000000000 -0.0309960000000000 -0.0005240000000000
vn -6.2831853071795862 0.0000000000000000 0.0000000000000000
v -0.0031500000000000 -0.0225160000000000 0.0048980000000000
vn 6.2831853071795853 0.0000000000000000 0.0000000000000000
v -0.0011500000000000 -0.0265520000000000 -0.0018030000000000
vn -2.2692932120601865 -4.0473127357634233 2.8672326102875090
v -0.0028500000000000 0.0163460000000000 -0.0115240000000000
vn 1.9749981308729327 -0.6157317585326898 5.4888420811389400
v 0.0023500000000000 0.0026110000000000 -0.0198290000000000
vn 1.9250660582706769 -5.5525705799561660 -0.4075392160242201
v -0.0002625000000000 0.0187180000000000 -0.0059364000000000
vn 6.2831853071795862 0.0000000000000000 0.0000000000000000
v 0.0028500000000000 -0.0014620000000000 -0.0226680000000000
vn 6.2831853071795862 -0.0000000000000009 0.0000000000000007
v 0.0028500000000000 0.0012660000000000 -0.0210930000000000
vn -2.2400521119791219 0.3295736575399373 -5.3939780268894948
v -0.0041500000000000 -0.0020930000000000 0.0309290000000000
vn 2.9084650312929181 -1.8166123504823841 2.5399792802894163
v -0.0011500000000000 0.0267040000000000 -0.0030340000000000
vn -5.3901679214432878 -2.1929064751468670 0.0483179690662778
v -0.0046500000000000 0.0314900000000000 -0.0007850000000000
vn -6.2831853071795862 0.0000000000000000 0.0000000000000000
v -0.0031500000000000 0.0276770000000000 0.0016610000000000
vn -6.2831853071795862 0.0000000000000000 0.0000000000000000
v -0.0031500000000000 0.0284520000000000 0.0003190000000000
vn -3.0898479086457709 0.1543575586809460 -3.1365184352355673
v -0.0031500000000000 -0.0015090000000000 0.0309630000000000
vn 4.1868779799122624 -2.7827704441983325 0.4343312663686632
v -0.0011500000000000 0.0278434000000000 -0.0001763000000000
vn -2.2841435434123758 -5.3783326372482545 0.4791143191604377
v -0.0041500000000000 0.0308900000000000 -0.0026150000000000
vn -6.2831853071795871 0.0000000000000000 0.0000000000000000
v -0.0031500000000000 0.0025730000000000 0.0265430000000000
vn -4.4414952668840115 0.3545603072372540 -4.4273642313112802
v -0.0044000000000000 -0.0023700000000000 0.0311600000000000
vn 3.3414445508518518 -2.4846138895600802 1.9047786494987373
v -0.0011500000000000 0.0260080000000000 -0.0014620000000000
vn -3.0848443736298758 -3.1338786328419443 0.1974338096176099
v -0.0031500000000000 0.0309430000000000 -0.0018860000000000
vn 3.1785130996961146 -3.1097455440388702 0.0300790564334268
v -0.0011500000000000 0.0265990000000000 -0.0000650000000000
vn -3.0006416831118652 3.1214895015029573 -0.2378517698358534
v -0.0046500000000000 0.0318720000000000 -0.0028570000000000
vn -2.2476095185036344 -5.4004777925040761 0.1967591837851306
v -0.0041500000000000 0.0309820000000000 -0.0010470000000000
vn 5.3253331670714079 2.2338954877342356 0.3275004844253429
v 0.0028500000000000 0.0311480000000000 0.0046950000000000
vn 5.2770946254729720 0.3095859127584455 2.2822693235952589
v 0.0028500000000000 0.0046950000000000 0.0311480000000000
vn -5.4114575091486987 0.2215707590223348 -2.1604765949577085
v -0.0046500000000000 -0.0031360000000000 0.0313430000000000
vn -5.4182922782789031 -2.1599373973986968 0.1414773977698216
v -0.0046500000000000 0.0314120000000000 -0.0023540000000000
vn 3.2872163153976572 -2.8083118561938178 1.3257561079096081
v -0.0011500000000000 0.0264340000000000 -0.0008190000000000
vn 6.2831853071795871 0.0000000000000000 0.0000000000000000
v -0.0011500000000000 0.0272310000000000 -0.0015160000000000
vn -3.3694874749925101 -2.8777176978991044 -1.2039860937733224
v -0.0031500000000000 0.0265170000000000 0.0005840000000000
vn 2.9122735733147875 -2.6967671834214975 1.5752461372565583
v -0.0011500000000000 0.0277480000000000 -0.0018750000000000
vn 5.3259051363547414 2.2023762540887044 0.4944210677546337
v 0.0028500000000000 0.0307100000000000 0.0070090000000000
vn 2.1392902861409113 5.2572703063821731 0.8189491722570971
v 0.0023500000000000 0.0316000000000000 0.0050440000000000
vn -4.4416925164015240 -4.4209985833847130 0.4286552522473075
v -0.0044000000000000 0.0311230000000000 -0.0028140000000000
vn 2.2104086157306395 0.9347728206817162 5.1979896321450765
v 0.0023500000000000 0.0054290000000000 0.0315360000000000
vn -3.5582944601601358 -2.3397607864775738 -2.0147749324395616
v -0.0031500000000000 0.0260150000000000 0.0014550000000000
vn 5.2849124917936283 0.4798578436606342 2.2451875829863903
v 0.0028500000000000 0.0070090000000000 0.0307100000000000
vn -2.2503741081204156 0.1016109218701549 -5.4055707174547054
v -0.0041500000000000 -0.0005240000000000 0.0309960000000000
vn -3.6454181720476040 3.0450847047561647 0.1071920070192284
v -0.0031500000000000 -0.0216240000000000 0.0199090000000000
vn -2.2269616081455612 -2.4261681304518863 4.8488631733494030
v -0.0041500000000000 0.0141200000000000 -0.0275970000000000
vn 2.1191111581937920 -2.6606974530002363 4.7298620786903225
v 0.0023500000000000 0.0100000000000000 -0.0173210000000000
vn -3.8306648762079671 2.6606776503173708 1.3170538153284645
v -0.0031500000000000 0.0185470000000000 -0.0208010000000000
vn -4.4336405835707469 3.9321318165440511 -2.0841089408426656
v -0.0044000000000000 -0.0276290000000000 0.0146020000000000
vn 3.5516695105631544 -2.8593711274794558 1.1146310034586264
v 0.0028500000000000 0.0157410000000000 -0.0225880000000000
vn -3.6248340371402272 -0.9681448849193706 -2.8938176585769284
v -0.0031500000000000 0.0204980000000000 -0.0184110000000000
vn -3.0864842745716512 -1.4659209478246253 2.7770165874533070
v -0.0031500000000000 0.0145090000000000 -0.0273950000000000
vn 5.4425549150088113 1.9133903963048184 -0.9531625541558491
v 0.0028500000000000 -0.0182540000000000 0.0093300000000000
vn -3.6600561780793535 -2.9289508890322025 -0.8319254906126564
v -0.0031500000000000 -0.0183910000000000 0.0204350000000000
vn -2.9955124500365615 -1.6867825750616423 1.5064096358583994
v -0.0046500000000000 -0.0227030000000000 0.0223318000000000
vn -3.0184550952555798 -2.7907569979327649 1.4259282698197477
v -0.0046500000000000 -0.0284940000000000 0.0145640000000000
vn -3.0848845712980140 -1.2675419841448619 2.8729158623434738
v -0.0031500000000000 0.0124710000000000 -0.0283810000000000
vn -3.5847889551295782 -2.9369551410787960 -0.8469212432456434
v -0.0031500000000000 0.0215610000000000 -0.0195170000000000
vn 6.2831853071795853 0.0000000000000002 0.0000000000000003
v 0.0028500000000000 -0.0235120000000000 0.0155240000000000
vn -5.4697347317108793 -1.4840650398477075 1.4986670012804766
v -0.0046500000000000 0.0225500000000000 -0.0219940000000000
vn -3.6086054696922143 0.2321587952821293 3.0450843092881605
v -0.0031500000000000 0.0198430000000000 -0.0216200000000000
vn 2.1507554881042088 3.1624740395187798 -4.2624240834169811
v 0.0023500000000000 0.0189350000000000 -0.0257970000000000
vn -3.7324316388099641 0.9815339565395097 2.8239481074251889
v -0.0031500000000000 -0.0204835000000000 0.0184560000000000
vn 5.4406850622911991 -1.1339195936208959 1.8156590454301034
v 0.0028500000000000 0.0109220000000000 -0.0173480000000000
vn 5.4536496211330645 -0.9614676101365709 1.8966987726741200
v 0.0028500000000000 0.0095620000000000 -0.0181330000000000
vn -3.7714659271818221 -0.7531347393987278 -2.8895601153272934
v -0.0031500000000000 -0.0194530000000000 0.0215410000000000
vn -2.9823088392111847 -1.8616529424218926 2.5124645251174500
v -0.0046500000000000 -0.0190730000000000 0.0256950000000000
vn -4.0096496386375460 -2.4524243640253167 1.5779618958217481
v -0.0031500000000000 0.0141330000000000 -0.0223456000000000
vn -3.6832467012595798 -1.2237719542164409 2.7789625390623671
v -0.0031500000000000 0.0130730000000000 -0.0231500000000000
vn 2.1957295169500806 3.9979604721851087 -3.4949055167403880
v 0.0023500000000000 0.0240910000000000 -0.0210620000000000
vn 5.3153574090862330 -2.1070490094729344 0.8381437693993301
v 0.0028500000000000 -0.0293230000000000 0.0115080000000000
vn 2.1494326950070484 -3.9906760543604491 3.5011894108590207
v 0.0023500000000000 -0.0240910000000000 0.0210620000000000
vn 2.8395242556719849 -2.4752231107963385 1.8687224871278585
v -0.0011500000000000 0.0152931000000000 -0.0233748000000000
vn -6.2831853071795871 0.0000000000000000 0.0000000000000000
v -0.0031500000000000 -0.0191120000000000 0.0176020000000000
vn 2.8371923671152839 -2.9375891625504367 1.0175346844427831
v -0.0011500000000000 0.0158160000000000 -0.0223760000000000
vn 5.2166591572958918 0.9057512846308392 -2.1769188427550645
v 0.0028500000000000 0.0115080000000000 -0.0293230000000000
vn 3.5751529220165921 -2.9119253976447093 -0.9947017667053586
v -0.0011500000000000 0.0142310000000000 -0.0205200000000000
vn -6.2831853071795853 0.0000000000000000 0.0000000000000000
v -0.0031500000000000 0.0177690000000000 -0.0183770000000000
vn 5.3082211905324517 1.1296250406534742 -1.9739553618602717
v 0.0028500000000000 0.0157500000000000 -0.0272800000000000
vn 5.3129862761361322 -1.9613154180492982 1.1427587952375340
v 0.0028500000000000 -0.0272800000000000 0.0157500000000000
vn 3.5275151661678117 1.7627828706072002 -2.5327039890497227
v -0.0011500000000000 0.0110370000000000 -0.0195040000000000
vn 3.5883762994297701 -0.3051358330777564 -3.0636964686962251
v -0.0011500000000000 0.0125080000000000 -0.0191340000000000
vn 2.9095568424202303 1.8157672725195209 -2.5408004452766204
v -0.0011500000000000 0.0100460000000000 -0.0181840000000000
vn 5.3121351665642456 1.6607657358744874 -1.5486880891156598
v 0.0028500000000000 0.0230910000000000 -0.0214250000000000
vn 5.3125548717966646 -1.5414375965807623 1.6669640630753533
v 0.0028500000000000 -0.0214250000000000 0.0230910000000000
vn -6.2831853071795862 0.0000000000000000 0.0000000000000000
v -0.0031500000000000 0.0150850000000000 -0.0199270000000000
vn 5.3125548717966637 1.5414375965807612 -1.6669640630753531
v 0.0028500000000000 0.0214250000000000 -0.0230910000000000
vn 6.2831853071795862 0.0000000000000000 0.0000000000000000
v -0.0011500000000000 0.0137660000000000 -0.0184870000000000
vn 5.3121351665642411 -1.6607657358744881 1.5486880891156627
v 0.0028500000000000 -0.0230910000000000 0.0214250000000000
vn 2.1986758413128307 2.8208504051815688 -4.4986071035891086
v 0.0023500000000000 0.0170010000000000 -0.0271100000000000
vn -6.2831853071795862 0.0000000000000000 0.0000000000000000
v -0.0031500000000000 0.0164270000000000 -0.0191520000000000
vn 3.4892935712383473 -1.4689300583151403 -2.7210736229567849
v -0.0011500000000000 0.0132430000000000 -0.0193670000000000
vn 2.1832521649135224 -4.4754530466289033 2.8623989199626019
v 0.0023500000000000 -0.0269010000000000 0.0173300000000000
vn -3.2829416729794478 1.4991003427680882 2.6939942476404477
v -0.0031500000000000 0.0111280000000000 -0.0229930000000000
vn 2.1926907513460638 -4.2433613624020250 3.1943801552688176
v 0.0023500000000000 -0.0255640000000000 0.0192480000000000
vn 2.1848090421444475 4.2515889048406130 -3.1832796274021948
v 0.0023500000000000 0.0255640000000000 -0.0192480000000000
vn 2.2683224029264717 2.4011741901358623 -4.6363611771097748
v 0.0023500000000000 0.0149770000000000 -0.0282790000000000
vn 5.3089347933599589 1.2794093489142302 -1.8797967586152908
v 0.0028500000000000 0.0177450000000000 -0.0260270000000000
vn -3.5857856393472058 0.2127975701826149 3.0485212195030029
v -0.0031500000000000 0.0120810000000000 -0.0233110000000000
vn 5.3109509366064334 -1.4142414116776747 1.7781144353950835
v 0.0028500000000000 -0.0196400000000000 0.0246280000000000
vn -6.2831853071795853 0.0000000000000000 0.0000000000000000
v -0.0031500000000000 0.0172020000000000 -0.0204950000000000
vn -6.2831853071795862 0.0000000000000000 0.0000000000000000
v -0.0031500000000000 0.0179770000000000 -0.0218370000000000
vn -6.2831853071795871 0.0000000000000000 0.0000000000000000
v -0.0031500000000000 -0.0204540000000000 0.0168270000000000
vn 3.5185477856259739 -2.3581509151165632 -1.9923909745681780
v -0.0011500000000000 0.0138450000000000 -0.0198510000000000
vn 2.1887141752339052 -4.6651248271961308 2.5438392861652344
v 0.0023500000000000 -0.0280940000000000 0.0153200000000000
vn 2.2737274753841801 2.0687853374082743 -4.7992045070528579
v 0.0023500000000000 0.0128730000000000 -0.0292970000000000
vn 5.3114546049866904 -1.7713078604480756 1.4219409424366700
v 0.0028500000000000 -0.0246280000000000 0.0196400000000000
vn 5.3114398223896027 -1.8722249092402623 1.2861578008052705
v 0.0028500000000000 -0.0260270000000000 0.0177450000000000
vn 5.3109509366064165 1.4142414116776865 -1.7781144353950944
v 0.0028500000000000 0.0196400000000000 -0.0246280000000000
vn 5.3114546049866940 1.7713078604480716 -1.4219409424366689
v 0.0028500000000000 0.0246280000000000 -0.0196400000000000
vn -5.4402734488162654 -0.8013725822021558 1.9855273804771258
v -0.0046500000000000 0.0122360000000000 -0.0290270000000000
vn -3.8035832814553703 1.9493567388960193 -2.2536153927863163
v -0.0031500000000000 0.0189850000000000 -0.0186570000000000
vn -3.7091490040355115 -2.3163312508406175 1.9637327461536453
v -0.0031500000000000 0.0212540000000000 -0.0210190000000000
vn -2.2412021616849396 -2.2388219111506755 4.9149134974144113
v -0.0041500000000000 0.0127040000000000 -0.0282770000000000
vn -3.6212102100567636 -2.3616452730434294 1.9332943726660363
v -0.0031500000000000 -0.0186980000000000 0.0189320000000000
vn -2.1548495102145258 -2.0402818252210317 5.0983540946059271
v -0.0041500000000000 0.0112560000000000 -0.0288840000000000
vn -6.2831853071795862 0.0000000000000000 0.0000000000000000
v -0.0031500000000000 0.0112650000000000 -0.0257120000000000
vn -3.0883022342254285 2.8579562006028718 -1.3011400262008439
v -0.0031500000000000 -0.0282270000000000 0.0128150000000000
vn -2.2158227401528787 5.0339391825403741 -2.0585773300027777
v -0.0041500000000000 -0.0286900000000000 0.0117420000000000
vn 6.2831853071795862 0.0000000000000001 0.0000000000000026
v 0.0028500000000000 0.0182670000000000 -0.0221890000000000
vn 6.2831853071795853 -0.0000000000000004 0.0000000000000022
v 0.0028500000000000 0.0169030000000000 -0.0229770000000000
vn 2.0757727691323002 -2.3801848504441039 4.9500576987943097
v 0.0023500000000000 0.0086100000000000 -0.0180520000000000
vn -2.2505124017704721 -4.6766489455562770 -2.6795521449070234
v -0.0041500000000000 0.0268470000000000 0.0155000000000000
vn -5.3905727690321417 -1.8982681844902101 -1.0983519112782347
v -0.0046500000000000 0.0272800000000000 0.0157500000000000
vn -4.4427179724032015 -2.2071039130248180 -3.8532743336294879
v -0.0044000000000000 0.0155050000000000 0.0271320000000000
vn -2.8831561736210287 1.7966086353631379 0.7491145914730492
v -0.0046500000000000 0.0296740000000000 0.0115592000000000
vn -5.5092859432602257 -1.1088489492740035 -1.7416537027478345
v -0.0046500000000000 0.0164250000000000 0.0268790000000000
vn -2.8014308333322213 -4.4881833471034129 -2.8745311590609162
v -0.0042864000000000 0.0260739000000000 0.0170178000000000
vn -3.0780552279658524 -2.7137149295816090 -1.5793896872825455
v -0.0031500000000000 0.0268470000000000 0.0155000000000000
vn -2.5949934471374640 -2.9196366224348007 -4.5168332020287609
v -0.0042750000000000 0.0172690000000000 0.0258945000000000
vn -3.0035568502033332 2.7308434087165456 1.5318492913977519
v -0.0046500000000000 0.0277130000000000 0.0160000000000000
vn -5.4062752319181255 -1.2324345074829002 -1.7942413127192411
v -0.0046500000000000 0.0177450000000000 0.0260270000000000
vn -6.2831853071795862 0.0000000000000000 0.0000000000000000
v -0.0031500000000000 0.0258230000000000 -0.0137270000000000
vn -2.2238282454177818 -4.8947941695316928 2.3418323909716170
v -0.0041500000000000 0.0280590000000000 -0.0131800000000000
vn -5.3916897139608011 -1.9973199020882022 0.9027502979489109
v -0.0046500000000000 0.0287120000000000 -0.0129560000000000
vn -5.4115486126741539 -1.9422058687360590 0.9714022751838514
v -0.0046500000000000 0.0280310000000000 -0.0143710000000000
vn -5.4465068449086091 0.8826846463049950 -1.9405042709431968
v -0.0046500000000000 -0.0136670000000000 0.0283810000000000
vn -1.9650283063967069 1.8840717098355586 -5.1223861487902500
v -0.0041500000000000 -0.0097780000000000 0.0294170000000000
vn -3.3213571881137756 -3.0155696592623880 0.8455632701130071
v -0.0031500000000000 0.0297920000000000 -0.0085690000000000
vn -5.3917199831627158 0.7622672622507385 -2.0550662829902691
v -0.0046500000000000 -0.0107740000000000 0.0296000000000000
vn -6.2831853071795862 0.0000000000000000 0.0000000000000000
v -0.0031500000000000 0.0280930000000000 -0.0052580000000000
vn -5.4551857832308936 0.4917521746441154 -2.0673670729620524
v -0.0046500000000000 -0.0077730000000000 0.0305260000000000
vn -3.0165580406480772 3.0419830210450760 -0.7531408480887756
v -0.0046500000000000 0.0310630000000000 -0.0076890000000000
vn 2.1858853496393418 4.8375766536966829 -2.1963842383015013
v 0.0023500000000000 0.0291380000000000 -0.0132290000000000
vn -4.4451656198463674 -4.4377075000542563 0.0892281710753242
v -0.0044000000000000 0.0312410000000000 -0.0007550000000000
vn 2.9081331808275213 -1.2910918050300759 2.8433323641826718
v -0.0011500000000000 0.0260250000000000 -0.0034260000000000
vn -5.4349983385812601 0.0972559912967311 -2.1447466090345646
v -0.0046500000000000 -0.0015700000000000 0.0314610000000000
vn -6.2831853071795862 0.0000000000000000 0.0000000000000000
v -0.0031500000000000 0.0269020000000000 0.0030040000000000
vn 2.9196286842133237 -2.3325467463811940 2.0775132134729666
v -0.0011500000000000 0.0272870000000000 -0.0025090000000000
vn 2.6536063038995144 -2.9869957349881506 0.4021433776055949
v -0.0011500000000000 0.0280660000000000 -0.0011590000000000
vn -6.2831853071795862 0.0000000000000000 0.0000000000000000
v -0.0031500000000000 0.0010230000000000 0.0292270000000000
vn -4.4581186219194660 0.0195121142281732 -4.4247890850400209
v -0.0044000000000000 -0.0002760000000000 0.0312490000000000
vn -3.0191566106295169 -0.0794133424412998 3.1329747861254358
v -0.0046500000000000 -0.0008170000000000 0.0319900000000000
vn -5.0368279868734032 -0.5575305544903908 -2.4372379762831775
v -0.0046500000000000 0.0122360000000000 0.0290270000000000
vn -3.2631591364456205 -4.2939405512047237 -1.8767483379938523
v -0.0043038000000000 0.0289591000000000 0.0114849000000000
vn -2.6174927867327171 -1.8420644220996893 -5.0150625333024843
v -0.0042750000000000 0.0117705000000000 0.0288135000000000
vn -1.6056959460622042 -5.3035632447127590 -2.5237752160401277
v -0.0041500000000000 0.0282770000000000 0.0127040000000000
vn -3.0866395392458936 -2.8266996496497447 -1.3678760909944143
v -0.0031500000000000 0.0279070000000000 0.0134990000000000
vn -3.4338893907625589 -1.1732229059521830 -2.8985394071824206
v -0.0031500000000000 0.0117760000000000 0.0286760000000000
vn -5.3996928329609011 -1.9523758732048728 -0.9774281656144158
v -0.0046500000000000 0.0280310000000000 0.0143710000000000
vn -3.2053808672046507 -2.2382429994934059 -4.1294546762443893
v -0.0042958000000000 0.0134728000000000 0.0280806000000000
vn -6.2831853071795862 0.0000000000000000 0.0000000000000000
v -0.0031500000000000 0.0137270000000000 0.0258230000000000
vn -2.8145373418756452 0.7041002169340345 1.6092607673640527
v -0.0046500000000000 0.0135352000000000 0.0287989000000000
vn -3.4057305718090611 -2.8804290186784591 -1.2173421713037986
v -0.0031500000000000 0.0288180000000000 0.0114260000000000
vn -5.5518772252432900 -1.7982188911041188 -0.9056414054508714
v -0.0046500000000000 0.0287120000000000 0.0129560000000000
vn 2.1135800245815601 4.9456344043525320 1.9691034406086465
v 0.0023500000000000 0.0297470000000000 0.0117940000000000
vn 5.3252207752773346 2.0349310796217233 0.9779430073958321
v 0.0028500000000000 0.0283810000000000 0.0136670000000000
vn 2.1393854007737483 4.8004193810051827 2.3002826405075858
v 0.0023500000000000 0.0288070000000000 0.0139340000000000
vn 2.1192089999731913 2.3898646989952104 4.7301970525977879
v 0.0023500000000000 0.0142840000000000 0.0286350000000000
vn 5.3001819224646241 0.9681513290629749 2.0659248078874413
v 0.0028500000000000 0.0136670000000000 0.0283810000000000
vn -5.3965243452878466 -1.8353679897695130 -1.1889358870360565
v -0.0046500000000000 0.0264610000000000 0.0170900000000000
vn -3.1447429354721477 -1.5434471360951620 -2.7354607706348997
v -0.0031500000000000 0.0158260000000000 0.0266560000000000
vn -5.4255693288280122 -1.0475327946137345 -1.8840887330774847
v -0.0046500000000000 0.0150650000000000 0.0276640000000000
vn -2.9798275826203597 1.7244770823693063 2.6083514331572624
v -0.0046500000000000 0.0177360000000000 0.0266350000000000
vn 2.1737624209550583 4.4040494404901036 2.9910111664691490
v 0.0023500000000000 0.0264710000000000 0.0179800000000000
vn 2.1843338576655165 4.6098482354616399 2.6621414559073244
v 0.0023500000000000 0.0277130000000000 0.0160000000000000
vn 2.1551043458062740 2.6954473193480064 4.5692589131793104
v 0.0023500000000000 0.0163360000000000 0.0275160000000000
# 2015 vertices, 0 vertices normals


usemtl material_0
vt 0.0000000000000000 0.0000000000000000
f 519/1/519 157/1/157 1906/1/1906
f 1801/1/1801 931/1/931 1066/1/1066
f 807/1/807 542/1/542 775/1/775
f 162/1/162 698/1/698 1897/1/1897
f 375/1/375 953/1/953 45/1/45
f 690/1/690 689/1/689 1137/1/1137
f 1028/1/1028 232/1/232 216/1/216
f 1415/1/1415 1698/1/1698 381/1/381
f 1719/1/1719 1142/1/1142 1718/1/1718
f 1652/1/1652 204/1/204 191/1/191
f 257/1/257 160/1/160 522/1/522
f 337/1/337 547/1/547 1517/1/1517
f 1/1/1 1650/1/1650 1997/1/1997
f 1179/1/1179 1232/1/1232 1218/1/1218
f 198/1/198 193/1/193 192/1/192
f 78/1/78 1728/1/1728 1138/1/1138
f 282/1/282 1793/1/1793 241/1/241
f 1612/1/1612 275/1/275 235/1/235
f 316/1/316 376/1/376 561/1/561
f 816/1/816 731/1/731 810/1/810
f 540/1/540 1012/1/1012 1940/1/1940
f 1422/1/1422 85/1/85 517/1/517
f 597/1/597 1066/1/1066 931/1/931
f 170/1/170 1161/1/1161 1107/1/1107
f 217/1/217 226/1/226 1004/1/1004
f 595/1/595 451/1/451 447/1/447
f 680/1/680 385/1/385 384/1/384
f 941/1/941 1595/1/1595 625/1/625
f 1330/1/1330 1317/1/1317 1749/1/1749
f 1871/1/1871 1866/1/1866 870/1/870
f 900/1/900 1509/1/1509 659/1/659
f 1372/1/1372 1356/1/1356 793/1/793
f 1468/1/1468 417/1/417 494/1/494
f 1139/1/1139 204/1/204 985/1/985
f 1468/1/1468 1392/1/1392 543/1/543
f 47/1/47 52/1/52 29/1/29
f 595/1/595 1223/1/1223 280/1/280
f 845/1/845 445/1/445 610/1/610
f 1205/1/1205 443/1/443 848/1/848
f 648/1/648 280/1/280 1258/1/1258
f 551/1/551 556/1/556 766/1/766
f 280/1/280 1223/1/1223 1581/1/1581
f 1312/1/1312 1328/1/1328 1533/1/1533
f 972/1/972 1119/1/1119 977/1/977
f 380/1/380 306/1/306 362/1/362
f 1613/1/1613 1984/1/1984 1376/1/1376
f 103/1/103 15/1/15 105/1/105
f 999/1/999 1527/1/1527 1738/1/1738
f 279/1/279 258/1/258 211/1/211
f 528/1/528 157/1/157 1915/1/1915
f 1529/1/1529 1420/1/1420 1551/1/1551
f 1292/1/1292 916/1/916 459/1/459
f 582/1/582 1759/1/1759 433/1/433
f 244/1/244 1021/1/1021 945/1/945
f 831/1/831 828/1/828 462/1/462
f 836/1/836 915/1/915 1616/1/1616
f 1155/1/1155 190/1/190 81/1/81
f 1233/1/1233 1593/1/1593 1282/1/1282
f 745/1/745 1461/1/1461 722/1/722
f 1825/1/1825 517/1/517 1004/1/1004
f 1825/1/1825 1004/1/1004 517/1/517
f 1065/1/1065 1064/1/1064 1611/1/1611
f 484/1/484 943/1/943 818/1/818
f 1816/1/1816 1093/1/1093 940/1/940
f 839/1/839 739/1/739 1505/1/1505
f 1669/1/1669 65/1/65 589/1/589
f 303/1/303 310/1/310 781/1/781
f 867/1/867 872/1/872 964/1/964
f 568/1/568 334/1/334 778/1/778
f 721/1/721 796/1/796 1695/1/1695
f 825/1/825 1365/1/1365 738/1/738
f 825/1/825 406/1/406 1365/1/1365
f 1681/1/1681 1374/1/1374 707/1/707
f 574/1/574 783/1/783 724/1/724
f 1011/1/1011 226/1/226 217/1/217
f 308/1/308 323/1/323 1501/1/1501
f 196/1/196 204/1/204 688/1/688
f 1103/1/1103 76/1/76 1159/1/1159
f 1513/1/1513 482/1/482 782/1/782
f 756/1/756 1393/1/1393 566/1/566
f 1282/1/1282 569/1/569 1565/1/1565
f 437/1/437 1769/1/1769 434/1/434
f 380/1/380 362/1/362 1397/1/1397
f 1050/1/1050 1556/1/1556 1098/1/1098
f 1294/1/1294 1642/1/1642 1295/1/1295
f 1151/1/1151 196/1/196 34/1/34
f 1705/1/1705 1134/1/1134 1126/1/1126
f 1251/1/1251 251/1/251 1231/1/1231
f 670/1/670 664/1/664 482/1/482
f 279/1/279 211/1/211 829/1/829
f 1256/1/1256 1194/1/1194 1578/1/1578
f 214/1/214 1611/1/1611 1845/1/1845
f 1046/1/1046 1075/1/1075 608/1/608
f 28/1/28 113/1/113 1060/1/1060
f 1178/1/1178 1553/1/1553 442/1/442
f 68/1/68 583/1/583 1106/1/1106
f 1630/1/1630 223/1/223 1819/1/1819
f 1983/1/1983 1855/1/1855 1871/1/1871
f 1907/1/1907 1906/1/1906 533/1/533
f 554/1/554 1405/1/1405 1696/1/1696
f 126/1/126 121/1/121 129/1/129
f 35/1/35 42/1/42 1710/1/1710
f 143/1/143 1924/1/1924 1007/1/1007
f 1167/1/1167 1230/1/1230 453/1/453
f 780/1/780 760/1/760 1462/1/1462
f 728/1/728 657/1/657 639/1/639
f 1101/1/1101 81/1/81 69/1/69
f 1933/1/1933 1946/1/1946 1945/1/1945
f 30/1/30 1764/1/1764 1300/1/1300
f 912/1/912 1083/1/1083 624/1/624
f 1320/1/1320 1335/1/1335 1327/1/1327
f 115/1/115 1239/1/1239 1211/1/1211
f 1067/1/1067 1038/1/1038 1823/1/1823
f 1022/1/1022 1025/1/1025 851/1/851
f 709/1/709 337/1/337 1378/1/1378
f 21/1/21 27/1/27 1972/1/1972
f 1022/1/1022 851/1/851 459/1/459
f 1056/1/1056 609/1/609 914/1/914
f 1912/1/1912 148/1/148 1941/1/1941
f 743/1/743 1512/1/1512 1447/1/1447
f 532/1/532 1901/1/1901 1941/1/1941
f 124/1/124 141/1/141 1854/1/1854
f 1869/1/1869 438/1/438 1879/1/1879
f 177/1/177 43/1/43 959/1/959
f 1974/1/1974 112/1/112 27/1/27
f 894/1/894 812/1/812 811/1/811
f 798/1/798 809/1/809 1780/1/1780
f 182/1/182 187/1/187 1136/1/1136
f 153/1/153 1937/1/1937 1932/1/1932
f 1252/1/1252 1957/1/1957 1956/1/1956
f 1497/1/1497 571/1/571 1496/1/1496
f 1821/1/1821 1579/1/1579 1020/1/1020
f 592/1/592 587/1/587 1727/1/1727
f 1525/1/1525 1448/1/1448 905/1/905
f 1439/1/1439 639/1/639 479/1/479
f 1907/1/1907 1937/1/1937 527/1/527
f 165/1/165 185/1/185 1109/1/1109
f 1883/1/1883 1426/1/1426 1749/1/1749
f 1633/1/1633 1089/1/1089 1094/1/1094
f 255/1/255 1566/1/1566 1023/1/1023
f 796/1/796 407/1/407 1695/1/1695
f 1502/1/1502 302/1/302 341/1/341
f 1570/1/1570 1308/1/1308 1826/1/1826
f 281/1/281 614/1/614 259/1/259
f 381/1/381 1698/1/1698 553/1/553
f 1965/1/1965 2011/1/2011 2012/1/2012
f 1849/1/1849 1597/1/1597 1201/1/1201
f 1663/1/1663 547/1/547 36/1/36
f 1121/1/1121 1653/1/1653 1707/1/1707
f 1744/1/1744 145/1/145 1005/1/1005
f 381/1/381 311/1/311 1416/1/1416
f 311/1/311 499/1/499 334/1/334
f 619/1/619 912/1/912 602/1/602
f 1575/1/1575 1572/1/1572 828/1/828
f 1390/1/1390 1476/1/1476 1507/1/1507
f 780/1/780 1462/1/1462 358/1/358
f 9/1/9 11/1/11 1768/1/1768
f 1891/1/1891 1422/1/1422 1254/1/1254
f 946/1/946 212/1/212 283/1/283
f 1682/1/1682 1394/1/1394 777/1/777
f 575/1/575 1511/1/1511 329/1/329
f 1809/1/1809 1286/1/1286 456/1/456
f 667/1/667 377/1/377 342/1/342
f 1113/1/1113 1513/1/1513 782/1/782
f 1561/1/1561 1236/1/1236 1187/1/1187
f 1815/1/1815 1260/1/1260 1584/1/1584
f 810/1/810 804/1/804 895/1/895
f 1244/1/1244 1286/1/1286 1809/1/1809
f 1210/1/1210 1230/1/1230 1171/1/1171
f 1224/1/1224 1557/1/1557 1555/1/1555
f 1051/1/1051 261/1/261 1606/1/1606
f 1002/1/1002 696/1/696 1893/1/1893
f 909/1/909 1626/1/1626 623/1/623
f 1242/1/1242 1215/1/1215 1603/1/1603
f 1408/1/1408 640/1/640 729/1/729
f 1021/1/1021 1818/1/1818 218/1/218
f 785/1/785 902/1/902 420/1/420
f 523/1/523 1336/1/1336 159/1/159
f 194/1/194 899/1/899 481/1/481
f 863/1/863 1818/1/1818 287/1/287
f 1686/1/1686 1390/1/1390 753/1/753
f 1049/1/1049 1838/1/1838 1571/1/1571
f 1353/1/1353 734/1/734 1683/1/1683
f 551/1/551 312/1/312 1504/1/1504
f 551/1/551 1504/1/1504 312/1/312
f 403/1/403 564/1/564 797/1/797
f 1434/1/1434 641/1/641 1431/1/1431
f 1612/1/1612 235/1/235 1026/1/1026
f 1991/1/1991 118/1/118 434/1/434
f 1113/1/1113 77/1/77 1513/1/1513
f 6/1/6 4/1/4 10/1/10
f 250/1/250 1827/1/1827 1030/1/1030
f 1376/1/1376 1984/1/1984 1854/1/1854
f 133/1/133 2002/1/2002 119/1/119
f 1666/1/1666 562/1/562 62/1/62
f 354/1/354 478/1/478 1468/1/1468
f 1579/1/1579 1266/1/1266 1267/1/1267
f 1949/1/1949 1417/1/1417 1750/1/1750
f 1497/1/1497 335/1/335 758/1/758
f 1648/1/1648 80/1/80 1658/1/1658
f 1154/1/1154 585/1/585 80/1/80
f 382/1/382 1665/1/1665 684/1/684
f 1789/1/1789 1257/1/1257 448/1/448
f 655/1/655 40/1/40 644/1/644
f 961/1/961 988/1/988 1716/1/1716
f 1673/1/1673 73/1/73 988/1/988
f 1882/1/1882 1781/1/1781 435/1/435
f 102/1/102 14/1/14 1735/1/1735
f 1057/1/1057 1832/1/1832 1044/1/1044
f 687/1/687 655/1/655 876/1/876
f 1011/1/1011 148/1/148 1835/1/1835
f 2013/1/2013 1142/1/1142 193/1/193
f 708/1/708 1369/1/1369 417/1/417
f 1234/1/1234 1562/1/1562 1229/1/1229
f 1347/1/1347 1311/1/1311 1348/1/1348
f 136/1/136 134/1/134 119/1/119
f 1033/1/1033 273/1/273 1024/1/1024
f 1141/1/1141 777/1/777 1712/1/1712
f 908/1/908 630/1/630 744/1/744
f 1622/1/1622 869/1/869 1833/1/1833
f 833/1/833 453/1/453 454/1/454
f 1970/1/1970 1702/1/1702 1968/1/1968
f 1/1/1 2000/1/2000 1650/1/1650
f 858/1/858 1350/1/1350 1019/1/1019
f 692/1/692 301/1/301 1435/1/1435
f 1235/1/1235 1559/1/1559 1802/1/1802
f 1181/1/1181 1185/1/1185 924/1/924
f 520/1/520 156/1/156 537/1/537
f 505/1/505 1973/1/1973 111/1/111
f 1807/1/1807 236/1/236 1565/1/1565
f 1960/1/1960 526/1/526 1017/1/1017
f 1077/1/1077 1189/1/1189 1638/1/1638
f 1353/1/1353 1683/1/1683 741/1/741
f 524/1/524 1344/1/1344 999/1/999
f 1529/1/1529 1894/1/1894 1420/1/1420
f 1683/1/1683 734/1/734 985/1/985
f 1201/1/1201 1616/1/1616 1284/1/1284
f 708/1/708 732/1/732 1369/1/1369
f 971/1/971 13/1/13 1096/1/1096
f 1062/1/1062 20/1/20 965/1/965
f 1253/1/1253 1418/1/1418 1904/1/1904
f 67/1/67 1102/1/1102 71/1/71
f 442/1/442 1268/1/1268 1602/1/1602
f 1652/1/1652 1668/1/1668 199/1/199
f 1801/1/1801 606/1/606 1215/1/1215
f 167/1/167 1157/1/1157 178/1/178
f 1330/1/1330 1345/1/1345 1317/1/1317
f 1245/1/1245 1588/1/1588 1567/1/1567
f 744/1/744 491/1/491 409/1/409
f 891/1/891 1455/1/1455 895/1/895
f 1993/1/1993 119/1/119 2002/1/2002
f 1502/1/1502 1450/1/1450 1451/1/1451
f 1425/1/1425 1891/1/1891 1254/1/1254
f 706/1/706 1430/1/1430 1460/1/1460
f 528/1/528 1924/1/1924 700/1/700
f 1434/1/1434 1431/1/1431 643/1/643
f 991/1/991 388/1/388 688/1/688
f 115/1/115 26/1/26 1578/1/1578
f 285/1/285 1225/1/1225 1251/1/1251
f 73/1/73 203/1/203 179/1/179
f 1439/1/1439 667/1/667 661/1/661
f 371/1/371 347/1/347 1505/1/1505
f 975/1/975 683/1/683 1728/1/1728
f 115/1/115 114/1/114 26/1/26
f 1272/1/1272 1286/1/1286 1168/1/1168
f 619/1/619 1040/1/1040 1069/1/1069
f 50/1/50 1811/1/1811 852/1/852
f 1402/1/1402 747/1/747 564/1/564
f 506/1/506 112/1/112 580/1/580
f 410/1/410 423/1/423 1396/1/1396
f 1839/1/1839 211/1/211 1828/1/1828
f 125/1/125 1879/1/1879 434/1/434
f 1724/1/1724 1137/1/1137 689/1/689
f 1821/1/1821 1020/1/1020 262/1/262
f 1993/1/1993 2002/1/2002 1995/1/1995
f 1752/1/1752 96/1/96 1740/1/1740
f 1607/1/1607 1561/1/1561 1598/1/1598
f 293/1/293 952/1/952 1709/1/1709
f 319/1/319 792/1/792 402/1/402
f 913/1/913 1634/1/1634 839/1/839
f 388/1/388 41/1/41 989/1/989
f 907/1/907 808/1/808 1367/1/1367
f 1628/1/1628 1914/1/1914 1793/1/1793
f 1247/1/1247 1598/1/1598 1232/1/1232
f 426/1/426 32/1/32 58/1/58
f 287/1/287 1021/1/1021 244/1/244
f 1329/1/1329 1904/1/1904 1418/1/1418
f 15/1/15 17/1/17 105/1/105
f 959/1/959 372/1/372 1437/1/1437
f 1029/1/1029 1322/1/1322 1553/1/1553
f 1553/1/1553 83/1/83 1259/1/1259
f 1492/1/1492 364/1/364 308/1/308
f 1520/1/1520 312/1/312 349/1/349
f 710/1/710 542/1/542 356/1/356
f 1446/1/1446 882/1/882 499/1/499
f 807/1/807 735/1/735 356/1/356
f 1105/1/1105 179/1/179 678/1/678
f 1072/1/1072 1926/1/1926 1008/1/1008
f 1689/1/1689 977/1/977 813/1/813
f 1615/1/1615 940/1/940 1071/1/1071
f 452/1/452 1595/1/1595 1174/1/1174
f 532/1/532 1536/1/1536 1748/1/1748
f 1302/1/1302 1531/1/1531 1894/1/1894
f 1434/1/1434 741/1/741 662/1/662
f 422/1/422 727/1/727 1378/1/1378
f 1847/1/1847 277/1/277 228/1/228
f 1390/1/1390 336/1/336 1476/1/1476
f 1027/1/1027 1036/1/1036 593/1/593
f 1844/1/1844 220/1/220 1036/1/1036
f 925/1/925 603/1/603 1084/1/1084
f 1748/1/1748 1536/1/1536 1305/1/1305
f 946/1/946 593/1/593 1094/1/1094
f 1767/1/1767 439/1/439 1777/1/1777
f 691/1/691 1711/1/1711 295/1/295
f 428/1/428 135/1/135 32/1/32
f 97/1/97 135/1/135 119/1/119
f 243/1/243 940/1/940 453/1/453
f 282/1/282 1048/1/1048 1822/1/1822
f 115/1/115 1578/1/1578 1239/1/1239
f 1249/1/1249 1641/1/1641 1195/1/1195
f 864/1/864 1736/1/1736 966/1/966
f 1297/1/1297 1774/1/1774 1781/1/1781
f 1061/1/1061 870/1/870 1866/1/1866
f 1101/1/1101 69/1/69 1155/1/1155
f 1948/1/1948 1922/1/1922 1908/1/1908
f 1722/1/1722 734/1/734 39/1/39
f 1659/1/1659 197/1/197 1108/1/1108
f 1760/1/1760 8/1/8 633/1/633
f 911/1/911 124/1/124 1613/1/1613
f 1296/1/1296 1097/1/1097 464/1/464
f 1296/1/1296 1619/1/1619 933/1/933
f 1183/1/1183 1793/1/1793 833/1/833
f 975/1/975 957/1/957 683/1/683
f 619/1/619 246/1/246 912/1/912
f 1382/1/1382 799/1/799 793/1/793
f 946/1/946 1806/1/1806 212/1/212
f 1713/1/1713 70/1/70 1105/1/1105
f 1410/1/1410 754/1/754 1687/1/1687
f 1705/1/1705 1136/1/1136 770/1/770
f 651/1/651 715/1/715 885/1/885
f 261/1/261 1031/1/1031 230/1/230
f 465/1/465 1167/1/1167 1071/1/1071
f 896/1/896 817/1/817 1438/1/1438
f 302/1/302 1480/1/1480 1516/1/1516
f 1199/1/1199 1956/1/1956 1424/1/1424
f 1669/1/1669 591/1/591 1156/1/1156
f 1413/1/1413 1386/1/1386 824/1/824
f 383/1/383 1125/1/1125 411/1/411
f 366/1/366 884/1/884 1386/1/1386
f 1268/1/1268 1584/1/1584 603/1/603
f 1233/1/1233 1806/1/1806 1275/1/1275
f 972/1/972 1123/1/1123 1119/1/1119
f 1744/1/1744 1530/1/1530 1953/1/1953
f 521/1/521 159/1/159 1313/1/1313
f 576/1/576 573/1/573 1680/1/1680
f 787/1/787 573/1/573 313/1/313
f 1027/1/1027 1095/1/1095 1036/1/1036
f 1353/1/1353 741/1/741 1373/1/1373
f 1151/1/1151 294/1/294 1164/1/1164
f 1306/1/1306 163/1/163 518/1/518
f 597/1/597 1636/1/1636 1078/1/1078
f 946/1/946 283/1/283 1847/1/1847
f 979/1/979 40/1/40 392/1/392
f 880/1/880 354/1/354 494/1/494
f 1113/1/1113 72/1/72 1717/1/1717
f 1690/1/1690 502/1/502 126/1/126
f 1015/1/1015 1336/1/1336 523/1/523
f 176/1/176 193/1/193 198/1/198
f 593/1/593 615/1/615 1094/1/1094
f 1056/1/1056 1835/1/1835 609/1/609
f 1761/1/1761 1857/1/1857 1770/1/1770
f 1909/1/1909 1019/1/1019 151/1/151
f 1891/1/1891 1604/1/1604 1184/1/1184
f 605/1/605 1185/1/1185 449/1/449
f 1211/1/1211 1803/1/1803 1253/1/1253
f 946/1/946 1094/1/1094 1624/1/1624
f 317/1/317 366/1/366 772/1/772
f 521/1/521 1313/1/1313 1334/1/1334
f 1281/1/1281 1226/1/1226 1421/1/1421
f 62/1/62 1485/1/1485 75/1/75
f 1177/1/1177 91/1/91 466/1/466
f 979/1/979 62/1/62 1724/1/1724
f 1648/1/1648 1154/1/1154 80/1/80
f 373/1/373 1518/1/1518 748/1/748
f 1099/1/1099 1028/1/1028 278/1/278
f 1776/1/1776 1877/1/1877 32/1/32
f 550/1/550 1280/1/1280 484/1/484
f 908/1/908 497/1/497 498/1/498
f 668/1/668 801/1/801 504/1/504
f 1900/1/1900 1947/1/1947 1936/1/1936
f 1839/1/1839 601/1/601 233/1/233
f 1205/1/1205 470/1/470 1554/1/1554
f 1616/1/1616 617/1/617 1597/1/1597
f 1703/1/1703 386/1/386 1117/1/1117
f 1789/1/1789 1227/1/1227 626/1/626
f 1695/1/1695 407/1/407 1691/1/1691
f 1132/1/1132 1114/1/1114 298/1/298
f 546/1/546 761/1/761 322/1/322
f 619/1/619 1040/1/1040 246/1/246
f 182/1/182 1115/1/1115 1148/1/1148
f 1277/1/1277 1270/1/1270 1259/1/1259
f 1820/1/1820 1070/1/1070 213/1/213
f 612/1/612 1606/1/1606 611/1/611
f 980/1/980 167/1/167 1653/1/1653
f 216/1/216 1456/1/1456 1842/1/1842
f 1964/1/1964 1763/1/1763 32/1/32
f 1365/1/1365 711/1/711 738/1/738
f 1983/1/1983 1867/1/1867 59/1/59
f 1653/1/1653 296/1/296 1707/1/1707
f 917/1/917 1071/1/1071 1626/1/1626
f 1784/1/1784 663/1/663 436/1/436
f 1492/1/1492 1448/1/1448 379/1/379
f 1492/1/1492 379/1/379 1448/1/1448
f 1807/1/1807 1565/1/1565 569/1/569
f 1030/1/1030 1093/1/1093 1816/1/1816
f 127/1/127 1875/1/1875 141/1/141
f 681/1/681 503/1/503 671/1/671
f 1050/1/1050 1847/1/1847 229/1/229
f 1790/1/1790 246/1/246 1040/1/1040
f 1031/1/1031 607/1/607 927/1/927
f 546/1/546 328/1/328 761/1/761
f 1997/1/1997 31/1/31 137/1/137
f 315/1/315 199/1/199 425/1/425
f 209/1/209 685/1/685 289/1/289
f 1439/1/1439 1354/1/1354 719/1/719
f 29/1/29 52/1/52 868/1/868
f 1578/1/1578 29/1/29 51/1/51
f 1787/1/1787 445/1/445 845/1/845
f 1263/1/1263 450/1/450 920/1/920
f 107/1/107 1978/1/1978 108/1/108
f 1111/1/1111 729/1/729 984/1/984
f 706/1/706 712/1/712 783/1/783
f 487/1/487 1480/1/1480 1402/1/1402
f 520/1/520 537/1/537 161/1/161
f 1881/1/1881 1768/1/1768 1766/1/1766
f 914/1/914 1079/1/1079 239/1/239
f 1901/1/1901 1535/1/1535 87/1/87
f 181/1/181 676/1/676 960/1/960
f 1725/1/1725 1123/1/1123 81/1/81
f 1958/1/1958 1533/1/1533 1959/1/1959
f 1925/1/1925 998/1/998 1922/1/1922
f 1760/1/1760 1763/1/1763 8/1/8
f 1358/1/1358 708/1/708 543/1/543
f 382/1/382 684/1/684 1651/1/1651
f 1168/1/1168 1244/1/1244 857/1/857
f 1617/1/1617 1074/1/1074 264/1/264
f 406/1/406 904/1/904 477/1/477
f 1549/1/1549 1175/1/1175 1290/1/1290
f 795/1/795 877/1/877 1726/1/1726
f 1433/1/1433 292/1/292 658/1/658
f 773/1/773 1413/1/1413 1490/1/1490
f 326/1/326 168/1/168 1506/1/1506
f 908/1/908 407/1/407 630/1/630
f 1407/1/1407 1512/1/1512 743/1/743
f 1364/1/1364 415/1/415 483/1/483
f 1177/1/1177 609/1/609 1912/1/1912
f 1284/1/1284 1597/1/1597 1271/1/1271
f 894/1/894 714/1/714 658/1/658
f 847/1/847 1331/1/1331 512/1/512
f 516/1/516 847/1/847 507/1/507
f 574/1/574 492/1/492 789/1/789
f 1496/1/1496 1690/1/1690 1494/1/1494
f 864/1/864 966/1/966 1061/1/1061
f 28/1/28 962/1/962 18/1/18
f 1116/1/1116 1720/1/1720 391/1/391
f 1354/1/1354 732/1/732 1451/1/1451
f 1983/1/1983 1871/1/1871 1878/1/1878
f 1630/1/1630 458/1/458 1593/1/1593
f 189/1/189 1148/1/1148 906/1/906
f 770/1/770 1399/1/1399 549/1/549
f 535/1/535 262/1/262 1032/1/1032
f 1704/1/1704 1672/1/1672 64/1/64
f 68/1/68 589/1/589 583/1/583
f 1029/1/1029 1000/1/1000 1322/1/1322
f 1431/1/1431 641/1/641 1506/1/1506
f 1320/1/1320 1746/1/1746 1303/1/1303
f 1950/1/1950 89/1/89 1916/1/1916
f 712/1/712 792/1/792 754/1/754
f 1622/1/1622 610/1/610 445/1/445
f 592/1/592 1727/1/1727 82/1/82
f 1429/1/1429 1266/1/1266 1885/1/1885
f 970/1/970 1731/1/1731 866/1/866
f 6/1/6 678/1/678 179/1/179
f 1800/1/1800 1179/1/1179 1798/1/1798
f 442/1/442 834/1/834 1794/1/1794
f 1202/1/1202 1532/1/1532 1570/1/1570
f 1935/1/1935 1944/1/1944 1750/1/1750
f 1362/1/1362 642/1/642 727/1/727
f 851/1/851 1275/1/1275 459/1/459
f 973/1/973 1143/1/1143 1133/1/1133
f 215/1/215 1039/1/1039 1458/1/1458
f 60/1/60 56/1/56 1783/1/1783
f 382/1/382 1651/1/1651 1109/1/1109
f 60/1/60 1863/1/1863 1872/1/1872
f 967/1/967 1058/1/1058 1733/1/1733
f 1657/1/1657 1157/1/1157 186/1/186
f 33/1/33 1758/1/1758 131/1/131
f 1159/1/1159 76/1/76 65/1/65
f 1795/1/1795 1091/1/1091 1274/1/1274
f 1783/1/1783 1732/1/1732 1979/1/1979
f 1866/1/1866 58/1/58 122/1/122
f 286/1/286 595/1/595 838/1/838
f 1741/1/1741 1951/1/1951 92/1/92
f 1031/1/1031 1829/1/1829 607/1/607
f 1463/1/1463 548/1/548 321/1/321
f 98/1/98 132/1/132 117/1/117
f 1064/1/1064 613/1/613 1611/1/1611
f 979/1/979 1666/1/1666 62/1/62
f 1960/1/1960 1046/1/1046 1207/1/1207
f 146/1/146 1014/1/1014 1925/1/1925
f 545/1/545 1499/1/1499 306/1/306
f 1580/1/1580 1207/1/1207 1560/1/1560
f 1165/1/1165 1467/1/1467 372/1/372
f 1550/1/1550 1786/1/1786 1246/1/1246
f 231/1/231 271/1/271 273/1/273
f 528/1/528 700/1/700 157/1/157
f 1905/1/1905 1731/1/1731 577/1/577
f 173/1/173 300/1/300 683/1/683
f 487/1/487 420/1/420 900/1/900
f 1029/1/1029 145/1/145 1000/1/1000
f 1332/1/1332 150/1/150 1341/1/1341
f 442/1/442 1794/1/1794 1584/1/1584
f 629/1/629 448/1/448 1257/1/1257
f 475/1/475 1644/1/1644 1090/1/1090
f 897/1/897 483/1/483 500/1/500
f 1814/1/1814 1234/1/1234 1229/1/1229
f 1366/1/1366 728/1/728 791/1/791
f 48/1/48 511/1/511 1971/1/1971
f 82/1/82 996/1/996 1370/1/1370
f 1018/1/1018 149/1/149 161/1/161
f 972/1/972 977/1/977 81/1/81
f 1397/1/1397 1412/1/1412 374/1/374
f 1719/1/1719 1132/1/1132 298/1/298
f 1575/1/1575 929/1/929 1813/1/1813
f 537/1/537 156/1/156 1312/1/1312
f 1430/1/1430 377/1/377 631/1/631
f 1452/1/1452 1440/1/1440 1356/1/1356
f 1729/1/1729 1655/1/1655 331/1/331
f 414/1/414 409/1/409 1715/1/1715
f 1033/1/1033 85/1/85 1215/1/1215
f 195/1/195 184/1/184 185/1/185
f 1219/1/1219 1193/1/1193 1194/1/1194
f 1339/1/1339 142/1/142 1324/1/1324
f 281/1/281 1039/1/1039 1845/1/1845
f 305/1/305 573/1/573 559/1/559
f 1464/1/1464 749/1/749 1498/1/1498
f 1183/1/1183 1628/1/1628 1793/1/1793
f 741/1/741 1684/1/1684 814/1/814
f 991/1/991 1122/1/1122 1656/1/1656
f 1002/1/1002 1927/1/1927 1923/1/1923
f 1868/1/1868 1876/1/1876 1757/1/1757
f 26/1/26 25/1/25 47/1/47
f 9/1/9 1768/1/1768 1131/1/1131
f 440/1/440 1300/1/1300 1779/1/1779
f 541/1/541 542/1/542 363/1/363
f 759/1/759 645/1/645 1448/1/1448
f 1143/1/1143 677/1/677 1133/1/1133
f 1100/1/1100 843/1/843 1618/1/1618
f 1281/1/1281 93/1/93 1180/1/1180
f 124/1/124 444/1/444 50/1/50
f 1257/1/1257 626/1/626 1641/1/1641
f 396/1/396 996/1/996 733/1/733
f 396/1/396 733/1/733 996/1/996
f 1812/1/1812 1547/1/1547 1555/1/1555
f 1704/1/1704 64/1/64 1112/1/1112
f 1487/1/1487 345/1/345 344/1/344
f 197/1/197 2010/1/2010 1108/1/1108
f 1017/1/1017 526/1/526 1824/1/1824
f 1322/1/1322 1739/1/1739 83/1/83
f 1612/1/1612 1026/1/1026 1587/1/1587
f 423/1/423 1359/1/1359 670/1/670
f 214/1/214 1819/1/1819 223/1/223
f 730/1/730 718/1/718 423/1/423
f 552/1/552 1409/1/1409 128/1/128
f 1152/1/1152 678/1/678 981/1/981
f 1713/1/1713 387/1/387 1671/1/1671
f 196/1/196 688/1/688 34/1/34
f 949/1/949 955/1/955 395/1/395
f 427/1/427 136/1/136 1298/1/1298
f 22/1/22 1975/1/1975 49/1/49
f 1001/1/1001 529/1/529 697/1/697
f 353/1/353 376/1/376 345/1/345
f 1288/1/1288 1636/1/1636 1073/1/1073
f 925/1/925 1068/1/1068 603/1/603
f 1201/1/1201 1597/1/1597 1616/1/1616
f 948/1/948 1646/1/1646 628/1/628
f 1124/1/1124 1132/1/1132 1718/1/1718
f 630/1/630 407/1/407 722/1/722
f 894/1/894 1515/1/1515 355/1/355
f 206/1/206 184/1/184 168/1/168
f 1114/1/1114 1720/1/1720 298/1/298
f 1970/1/1970 1968/1/1968 1963/1/1963
f 1314/1/1314 1745/1/1745 1752/1/1752
f 706/1/706 1460/1/1460 712/1/712
f 146/1/146 1925/1/1925 1922/1/1922
f 1850/1/1850 252/1/252 245/1/245
f 1235/1/1235 1200/1/1200 925/1/925
f 1159/1/1159 1156/1/1156 197/1/197
f 1714/1/1714 1969/1/1969 2009/1/2009
f 1686/1/1686 753/1/753 69/1/69
f 380/1/380 328/1/328 306/1/306
f 1212/1/1212 1260/1/1260 1815/1/1815
f 1881/1/1881 1869/1/1869 1780/1/1780
f 1124/1/1124 1966/1/1966 590/1/590
f 2008/1/2008 9/1/9 1131/1/1131
f 1054/1/1054 833/1/833 1793/1/1793
f 1063/1/1063 1049/1/1049 617/1/617
f 1783/1/1783 1761/1/1761 1864/1/1864
f 821/1/821 502/1/502 1700/1/1700
f 214/1/214 919/1/919 1611/1/1611
f 1519/1/1519 1500/1/1500 309/1/309
f 1160/1/1160 1655/1/1655 1676/1/1676
f 1253/1/1253 1892/1/1892 1418/1/1418
f 1253/1/1253 1803/1/1803 1283/1/1283
f 1323/1/1323 1253/1/1253 1904/1/1904
f 427/1/427 1298/1/1298 426/1/426
f 704/1/704 1003/1/1003 1922/1/1922
f 476/1/476 816/1/816 810/1/810
f 1815/1/1815 1584/1/1584 1053/1/1053
f 1252/1/1252 1956/1/1956 1199/1/1199
f 352/1/352 898/1/898 1479/1/1479
f 301/1/301 1717/1/1717 687/1/687
f 862/1/862 329/1/329 1273/1/1273
f 559/1/559 573/1/573 1680/1/1680
f 559/1/559 1680/1/1680 573/1/573
f 1681/1/1681 555/1/555 1403/1/1403
f 907/1/907 1367/1/1367 903/1/903
f 153/1/153 1010/1/1010 1937/1/1937
f 294/1/294 1127/1/1127 587/1/587
f 1301/1/1301 1991/1/1991 578/1/578
f 446/1/446 1263/1/1263 920/1/920
f 246/1/246 268/1/268 912/1/912
f 710/1/710 820/1/820 323/1/323
f 1713/1/1713 678/1/678 1149/1/1149
f 694/1/694 519/1/519 1009/1/1009
f 495/1/495 400/1/400 720/1/720
f 351/1/351 879/1/879 480/1/480
f 459/1/459 1275/1/1275 1089/1/1089
f 1886/1/1886 1939/1/1939 89/1/89
f 709/1/709 36/1/36 547/1/547
f 291/1/291 1706/1/1706 676/1/676
f 444/1/444 412/1/412 1694/1/1694
f 631/1/631 1466/1/1466 1460/1/1460
f 1744/1/1744 1005/1/1005 1530/1/1530
f 1810/1/1810 1571/1/1571 240/1/240
f 1116/1/1116 1133/1/1133 1720/1/1720
f 999/1/999 1344/1/1344 1527/1/1527
f 285/1/285 1053/1/1053 1052/1/1052
f 1309/1/1309 1311/1/1311 1318/1/1318
f 1981/1/1981 864/1/864 1061/1/1061
f 568/1/568 1519/1/1519 309/1/309
f 1932/1/1932 622/1/622 604/1/604
f 1885/1/1885 525/1/525 526/1/526
f 1408/1/1408 71/1/71 1688/1/1688
f 1827/1/1827 526/1/526 534/1/534
f 820/1/820 1360/1/1360 821/1/821
f 1985/1/1985 1862/1/1862 1870/1/1870
f 1408/1/1408 755/1/755 1473/1/1473
f 1607/1/1607 449/1/449 1547/1/1547
f 1354/1/1354 888/1/888 805/1/805
f 35/1/35 674/1/674 1660/1/1660
f 860/1/860 255/1/255 1638/1/1638
f 1892/1/1892 1283/1/1283 91/1/91
f 422/1/422 1378/1/1378 1481/1/1481
f 550/1/550 763/1/763 1280/1/1280
f 1546/1/1546 533/1/533 540/1/540
f 30/1/30 427/1/427 1764/1/1764
f 385/1/385 974/1/974 38/1/38
f 401/1/401 882/1/882 790/1/790
f 1461/1/1461 630/1/630 722/1/722
f 970/1/970 866/1/866 1638/1/1638
f 1205/1/1205 848/1/848 849/1/849
f 596/1/596 1087/1/1087 1042/1/1042
f 143/1/143 147/1/147 1032/1/1032
f 1184/1/1184 1603/1/1603 1422/1/1422
f 318/1/318 1465/1/1465 1470/1/1470
f 1348/1/1348 1311/1/1311 1751/1/1751
f 55/1/55 128/1/128 1989/1/1989
f 1495/1/1495 305/1/305 559/1/559
f 389/1/389 989/1/989 1127/1/1127
f 666/1/666 1369/1/1369 1449/1/1449
f 38/1/38 974/1/974 1662/1/1662
f 3/1/3 1995/1/1995 1996/1/1996
f 757/1/757 332/1/332 550/1/550
f 100/1/100 120/1/120 1986/1/1986
f 970/1/970 865/1/865 1731/1/1731
f 165/1/165 1651/1/1651 1160/1/1160
f 691/1/691 1136/1/1136 1711/1/1711
f 338/1/338 541/1/541 339/1/339
f 974/1/974 1119/1/1119 1123/1/1123
f 567/1/567 1107/1/1107 562/1/562
f 1664/1/1664 75/1/75 201/1/201
f 474/1/474 1176/1/1176 863/1/863
f 1988/1/1988 1873/1/1873 1875/1/1875
f 1981/1/1981 1062/1/1062 505/1/505
f 73/1/73 1105/1/1105 1716/1/1716
f 1100/1/1100 1618/1/1618 1647/1/1647
f 8/1/8 1357/1/1357 633/1/633
f 1703/1/1703 295/1/295 1145/1/1145
f 1703/1/1703 395/1/395 386/1/386
f 1/1/1 2010/1/2010 2000/1/2000
f 510/1/510 1975/1/1975 22/1/22
f 1363/1/1363 739/1/739 1634/1/1634
f 383/1/383 995/1/995 1125/1/1125
f 1205/1/1205 849/1/849 470/1/470
f 744/1/744 1461/1/1461 1387/1/1387
f 979/1/979 392/1/392 1666/1/1666
f 821/1/821 1360/1/1360 798/1/798
f 143/1/143 1032/1/1032 1085/1/1085
f 1050/1/1050 229/1/229 1556/1/1556
f 1552/1/1552 352/1/352 1479/1/1479
f 1969/1/1969 2014/1/2014 2006/1/2006
f 1858/1/1858 1733/1/1733 1853/1/1853
f 508/1/508 582/1/582 581/1/581
f 174/1/174 188/1/188 585/1/585
f 1242/1/1242 829/1/829 1801/1/1801
f 76/1/76 589/1/589 65/1/65
f 316/1/316 637/1/637 1445/1/1445
f 344/1/344 376/1/376 1445/1/1445
f 421/1/421 1842/1/1842 903/1/903
f 693/1/693 1947/1/1947 1900/1/1900
f 863/1/863 244/1/244 475/1/475
f 978/1/978 674/1/674 35/1/35
f 250/1/250 253/1/253 1827/1/1827
f 1291/1/1291 1788/1/1788 473/1/473
f 1206/1/1206 842/1/842 1269/1/1269
f 1339/1/1339 1315/1/1315 142/1/142
f 913/1/913 1559/1/1559 1069/1/1069
f 916/1/916 858/1/858 1909/1/1909
f 937/1/937 1269/1/1269 1082/1/1082
f 1176/1/1176 515/1/515 18/1/18
f 291/1/291 1129/1/1129 1706/1/1706
f 1623/1/1623 695/1/695 935/1/935
f 1313/1/1313 1336/1/1336 1421/1/1421
f 765/1/765 319/1/319 1522/1/1522
f 822/1/822 312/1/312 726/1/726
f 103/1/103 969/1/969 15/1/15
f 839/1/839 1505/1/1505 1802/1/1802
f 657/1/657 1454/1/1454 649/1/649
f 1873/1/1873 1863/1/1863 1376/1/1376
f 15/1/15 872/1/872 1736/1/1736
f 1250/1/1250 859/1/859 861/1/861
f 1290/1/1290 1175/1/1175 1571/1/1571
f 1592/1/1592 466/1/466 1283/1/1283
f 691/1/691 295/1/295 1120/1/1120
f 373/1/373 1491/1/1491 1518/1/1518
f 373/1/373 748/1/748 1698/1/1698
f 304/1/304 378/1/378 1481/1/1481
f 771/1/771 425/1/425 100/1/100
f 1814/1/1814 1274/1/1274 1234/1/1234
f 673/1/673 685/1/685 190/1/190
f 528/1/528 1942/1/1942 1007/1/1007
f 318/1/318 896/1/896 501/1/501
f 1927/1/1927 1910/1/1910 1945/1/1945
f 2013/1/2013 176/1/176 7/1/7
f 555/1/555 360/1/360 1483/1/1483
f 978/1/978 952/1/952 1357/1/1357
f 831/1/831 1238/1/1238 828/1/828
f 103/1/103 105/1/105 111/1/111
f 24/1/24 579/1/579 515/1/515
f 171/1/171 166/1/166 170/1/170
f 1146/1/1146 1120/1/1120 982/1/982
f 783/1/783 1361/1/1361 724/1/724
f 1410/1/1410 783/1/783 712/1/712
f 575/1/575 322/1/322 761/1/761
f 1528/1/1528 1325/1/1325 1884/1/1884
f 539/1/539 164/1/164 517/1/517
f 838/1/838 1750/1/1750 934/1/934
f 1100/1/1100 1250/1/1250 1573/1/1573
f 983/1/983 1709/1/1709 1710/1/1710
f 901/1/901 952/1/952 293/1/293
f 1077/1/1077 1638/1/1638 939/1/939
f 1425/1/1425 1254/1/1254 1277/1/1277
f 912/1/912 268/1/268 1833/1/1833
f 1530/1/1530 91/1/91 1953/1/1953
f 591/1/591 183/1/183 1156/1/1156
f 353/1/353 1682/1/1682 561/1/561
f 972/1/972 81/1/81 1123/1/1123
f 1880/1/1880 1856/1/1856 1874/1/1874
f 1829/1/1829 266/1/266 225/1/225
f 176/1/176 1660/1/1660 674/1/674
f 93/1/93 1538/1/1538 1738/1/1738
f 830/1/830 1273/1/1273 457/1/457
f 1576/1/1576 854/1/854 462/1/462
f 1622/1/1622 1833/1/1833 616/1/616
f 1415/1/1415 1520/1/1520 1698/1/1698
f 567/1/567 1695/1/1695 1107/1/1107
f 177/1/177 1437/1/1437 327/1/327
f 92/1/92 1951/1/1951 1545/1/1545
f 695/1/695 1921/1/1921 1625/1/1625
f 315/1/315 1388/1/1388 1684/1/1684
f 379/1/379 1448/1/1448 1525/1/1525
f 1470/1/1470 1407/1/1407 1384/1/1384
f 757/1/757 1483/1/1483 360/1/360
f 692/1/692 386/1/386 955/1/955
f 942/1/942 220/1/220 1844/1/1844
f 1862/1/1862 1853/1/1853 1058/1/1058
f 1202/1/1202 1570/1/1570 468/1/468
f 685/1/685 636/1/636 289/1/289
f 942/1/942 1095/1/1095 930/1/930
f 8/1/8 2004/1/2004 2005/1/2005
f 170/1/170 1107/1/1107 186/1/186
f 171/1/171 190/1/190 209/1/209
f 1576/1/1576 828/1/828 1572/1/1572
f 1178/1/1178 1602/1/1602 1091/1/1091
f 1301/1/1301 579/1/579 431/1/431
f 1908/1/1908 1922/1/1922 998/1/998
f 777/1/777 1394/1/1394 746/1/746
f 255/1/255 970/1/970 1638/1/1638
f 1288/1/1288 1287/1/1287 1208/1/1208
f 856/1/856 1797/1/1797 279/1/279
f 1005/1/1005 522/1/522 1530/1/1530
f 994/1/994 1721/1/1721 75/1/75
f 1294/1/1294 855/1/855 1570/1/1570
f 215/1/215 1458/1/1458 270/1/270
f 1049/1/1049 1810/1/1810 1271/1/1271
f 1284/1/1284 1271/1/1271 1808/1/1808
f 1925/1/1925 693/1/693 998/1/998
f 902/1/902 1524/1/1524 667/1/667
f 946/1/946 1050/1/1050 1027/1/1027
f 897/1/897 715/1/715 634/1/634
f 1453/1/1453 723/1/723 1478/1/1478
f 1678/1/1678 189/1/189 77/1/77
f 1281/1/1281 840/1/840 1804/1/1804
f 500/1/500 483/1/483 418/1/418
f 86/1/86 1884/1/1884 1325/1/1325
f 1059/1/1059 1860/1/1860 966/1/966
f 966/1/966 1878/1/1878 870/1/870
f 1704/1/1704 1112/1/1112 1138/1/1138
f 1366/1/1366 911/1/911 1613/1/1613
f 1858/1/1858 1778/1/1778 1733/1/1733
f 1166/1/1166 441/1/441 572/1/572
f 1144/1/1144 996/1/996 396/1/396
f 1994/1/1994 1999/1/1999 1997/1/1997
f 302/1/302 1516/1/1516 341/1/341
f 560/1/560 1687/1/1687 754/1/754
f 911/1/911 444/1/444 124/1/124
f 1615/1/1615 1167/1/1167 453/1/453
f 172/1/172 989/1/989 41/1/41
f 1812/1/1812 1208/1/1208 1547/1/1547
f 1281/1/1281 1804/1/1804 1226/1/1226
f 314/1/314 558/1/558 345/1/345
f 1789/1/1789 448/1/448 841/1/841
f 1212/1/1212 1815/1/1815 1053/1/1053
f 1912/1/1912 609/1/609 148/1/148
f 1056/1/1056 239/1/239 238/1/238
f 455/1/455 441/1/441 1255/1/1255
f 350/1/350 351/1/351 557/1/557
f 1351/1/1351 1536/1/1536 1424/1/1424
f 822/1/822 725/1/725 419/1/419
f 736/1/736 892/1/892 930/1/930
f 250/1/250 1030/1/1030 604/1/604
f 711/1/711 1486/1/1486 738/1/738
f 507/1/507 847/1/847 109/1/109
f 255/1/255 16/1/16 970/1/970
f 727/1/727 1443/1/1443 636/1/636
f 1169/1/1169 1255/1/1255 1218/1/1218
f 491/1/491 632/1/632 1435/1/1435
f 1790/1/1790 925/1/925 1231/1/1231
f 1212/1/1212 1548/1/1548 1084/1/1084
f 1151/1/1151 44/1/44 956/1/956
f 1873/1/1873 1376/1/1376 1854/1/1854
f 863/1/863 1176/1/1176 1791/1/1791
f 851/1/851 1805/1/1805 1233/1/1233
f 480/1/480 405/1/405 557/1/557
f 1310/1/1310 1418/1/1418 1338/1/1338
f 945/1/945 1067/1/1067 628/1/628
f 1566/1/1566 1240/1/1240 1213/1/1213
f 194/1/194 201/1/201 75/1/75
f 2/1/2 399/1/399 2010/1/2010
f 1577/1/1577 1098/1/1098 1173/1/1173
f 1166/1/1166 572/1/572 768/1/768
f 1101/1/1101 1155/1/1155 81/1/81
f 1001/1/1001 1013/1/1013 1542/1/1542
f 1391/1/1391 416/1/416 779/1/779
f 1072/1/1072 598/1/598 1926/1/1926
f 1949/1/1949 1750/1/1750 1241/1/1241
f 139/1/139 424/1/424 130/1/130
f 671/1/671 503/1/503 800/1/800
f 753/1/753 547/1/547 1663/1/1663
f 173/1/173 191/1/191 686/1/686
f 949/1/949 690/1/690 994/1/994
f 55/1/55 430/1/430 128/1/128
f 1346/1/1346 1304/1/1304 1534/1/1534
f 1936/1/1936 1959/1/1959 90/1/90
f 1118/1/1118 973/1/973 1133/1/1133
f 1171/1/1171 1167/1/1167 465/1/465
f 586/1/586 988/1/988 975/1/975
f 1433/1/1433 1432/1/1432 288/1/288
f 88/1/88 1419/1/1419 1887/1/1887
f 2013/1/2013 2014/1/2014 1969/1/1969
f 1470/1/1470 348/1/348 1407/1/1407
f 961/1/961 682/1/682 393/1/393
f 136/1/136 1755/1/1755 134/1/134
f 877/1/877 878/1/878 689/1/689
f 393/1/393 1720/1/1720 1114/1/1114
f 795/1/795 1457/1/1457 877/1/877
f 505/1/505 514/1/514 1974/1/1974
f 933/1/933 443/1/443 463/1/463
f 3/1/3 1996/1/1996 1967/1/1967
f 314/1/314 784/1/784 558/1/558
f 1933/1/1933 1945/1/1945 1910/1/1910
f 117/1/117 116/1/116 1992/1/1992
f 1402/1/1402 1480/1/1480 747/1/747
f 1290/1/1290 1838/1/1838 1637/1/1637
f 668/1/668 504/1/504 899/1/899
f 2005/1/2005 2004/1/2004 2006/1/2006
f 488/1/488 561/1/561 1379/1/1379
f 1183/1/1183 833/1/833 454/1/454
f 1608/1/1608 1631/1/1631 1086/1/1086
f 93/1/93 1738/1/1738 1950/1/1950
f 1288/1/1288 1635/1/1635 461/1/461
f 1919/1/1919 1625/1/1625 909/1/909
f 770/1/770 1512/1/1512 1399/1/1399
f 140/1/140 122/1/122 58/1/58
f 165/1/165 1160/1/1160 1676/1/1676
f 100/1/100 1986/1/1986 742/1/742
f 218/1/218 845/1/845 1830/1/1830
f 320/1/320 1481/1/1481 1517/1/1517
f 1772/1/1772 1775/1/1775 58/1/58
f 1292/1/1292 918/1/918 446/1/446
f 1235/1/1235 1802/1/1802 1221/1/1221
f 93/1/93 1889/1/1889 1538/1/1538
f 1558/1/1558 1170/1/1170 1828/1/1828
f 221/1/221 272/1/272 493/1/493
f 173/1/173 683/1/683 390/1/390
f 102/1/102 869/1/869 868/1/868
f 1997/1/1997 1650/1/1650 31/1/31
f 287/1/287 1818/1/1818 1021/1/1021
f 1576/1/1576 1572/1/1572 1567/1/1567
f 850/1/850 506/1/506 1342/1/1342
f 756/1/756 1403/1/1403 404/1/404
f 1151/1/1151 34/1/34 294/1/294
f 1713/1/1713 1149/1/1149 1110/1/1110
f 142/1/142 1753/1/1753 1324/1/1324
f 68/1/68 1685/1/1685 565/1/565
f 664/1/664 1359/1/1359 722/1/722
f 951/1/951 1431/1/1431 168/1/168
f 862/1/862 830/1/830 1796/1/1796
f 1630/1/1630 1819/1/1819 891/1/891
f 68/1/68 66/1/66 1685/1/1685
f 1131/1/1131 1391/1/1391 1685/1/1685
f 1860/1/1860 1864/1/1864 1867/1/1867
f 1820/1/1820 213/1/213 1022/1/1022
f 875/1/875 514/1/514 505/1/505
f 680/1/680 485/1/485 1119/1/1119
f 1169/1/1169 1232/1/1232 1187/1/1187
f 1906/1/1906 157/1/157 700/1/700
f 1928/1/1928 1900/1/1900 1936/1/1936
f 1902/1/1902 1266/1/1266 1429/1/1429
f 1577/1/1577 1166/1/1166 1375/1/1375
f 948/1/948 1251/1/1251 1172/1/1172
f 143/1/143 1007/1/1007 147/1/147
f 352/1/352 229/1/229 269/1/269
f 519/1/519 1906/1/1906 1907/1/1907
f 177/1/177 327/1/327 208/1/208
f 1667/1/1667 202/1/202 587/1/587
f 1871/1/1871 1855/1/1855 1866/1/1866
f 826/1/826 1647/1/1647 1621/1/1621
f 826/1/826 493/1/493 1362/1/1362
f 1160/1/1160 208/1/208 1655/1/1655
f 650/1/650 344/1/344 1445/1/1445
f 631/1/631 1524/1/1524 1466/1/1466
f 1788/1/1788 938/1/938 274/1/274
f 1645/1/1645 620/1/620 618/1/618
f 86/1/86 1949/1/1949 1241/1/1241
f 86/1/86 1569/1/1569 1952/1/1952
f 627/1/627 1088/1/1088 1238/1/1238
f 1430/1/1430 631/1/631 1460/1/1460
f 177/1/177 1651/1/1651 43/1/43
f 1722/1/1722 1122/1/1122 990/1/990
f 1368/1/1368 707/1/707 730/1/730
f 2013/1/2013 7/1/7 2014/1/2014
f 403/1/403 1411/1/1411 713/1/713
f 1592/1/1592 1239/1/1239 1193/1/1193
f 1686/1/1686 1689/1/1689 813/1/813
f 257/1/257 1037/1/1037 1817/1/1817
f 1969/1/1969 1962/1/1962 2009/1/2009
f 601/1/601 1828/1/1828 599/1/599
f 1919/1/1919 702/1/702 1625/1/1625
f 551/1/551 766/1/766 1675/1/1675
f 753/1/753 1663/1/1663 69/1/69
f 469/1/469 1174/1/1174 1595/1/1595
f 18/1/18 515/1/515 113/1/113
f 605/1/605 918/1/918 1185/1/1185
f 861/1/861 455/1/455 1563/1/1563
f 1563/1/1563 1236/1/1236 843/1/843
f 1609/1/1609 1619/1/1619 1583/1/1583
f 819/1/819 1400/1/1400 646/1/646
f 1586/1/1586 1170/1/1170 1558/1/1558
f 559/1/559 573/1/573 1412/1/1412
f 250/1/250 910/1/910 253/1/253
f 1760/1/1760 1876/1/1876 1776/1/1776
f 237/1/237 523/1/523 159/1/159
f 1868/1/1868 1877/1/1877 1876/1/1876
f 1162/1/1162 1109/1/1109 185/1/185
f 626/1/626 1227/1/1227 1228/1/1228
f 458/1/458 760/1/760 569/1/569
f 827/1/827 1800/1/1800 1798/1/1798
f 705/1/705 1070/1/1070 1614/1/1614
f 1060/1/1060 1870/1/1870 1730/1/1730
f 104/1/104 577/1/577 873/1/873
f 1209/1/1209 1954/1/1954 1569/1/1569
f 752/1/752 1467/1/1467 74/1/74
f 1670/1/1670 585/1/585 387/1/387
f 1496/1/1496 571/1/571 1700/1/1700
f 1203/1/1203 1225/1/1225 443/1/443
f 1422/1/1422 1428/1/1428 1254/1/1254
f 951/1/951 1656/1/1656 1122/1/1122
f 136/1/136 119/1/119 135/1/135
f 1372/1/1372 1523/1/1523 771/1/771
f 405/1/405 814/1/814 762/1/762
f 1890/1/1890 701/1/701 533/1/533
f 576/1/576 303/1/303 781/1/781
f 127/1/127 433/1/433 123/1/123
f 1578/1/1578 1194/1/1194 1239/1/1239
f 1385/1/1385 797/1/797 564/1/564
f 564/1/564 747/1/747 1392/1/1392
f 954/1/954 392/1/392 40/1/40
f 757/1/757 369/1/369 332/1/332
f 1646/1/1646 936/1/936 1090/1/1090
f 1181/1/1181 1224/1/1224 1555/1/1555
f 1302/1/1302 1894/1/1894 1016/1/1016
f 554/1/554 1696/1/1696 1482/1/1482
f 486/1/486 644/1/644 958/1/958
f 36/1/36 673/1/673 1155/1/1155
f 594/1/594 1075/1/1075 1046/1/1046
f 1346/1/1346 1332/1/1332 1341/1/1341
f 1576/1/1576 462/1/462 828/1/828
f 648/1/648 1400/1/1400 1365/1/1365
f 1240/1/1240 1564/1/1564 1787/1/1787
f 916/1/916 1909/1/1909 1614/1/1614
f 443/1/443 1225/1/1225 848/1/848
f 1098/1/1098 930/1/930 1095/1/1095
f 205/1/205 187/1/187 182/1/182
f 178/1/178 288/1/288 296/1/296
f 200/1/200 178/1/178 1157/1/1157
f 946/1/946 1624/1/1624 1275/1/1275
f 597/1/597 1033/1/1033 606/1/606
f 165/1/165 1676/1/1676 185/1/185
f 1280/1/1280 1206/1/1206 1269/1/1269
f 825/1/825 738/1/738 808/1/808
f 1297/1/1297 1754/1/1754 1756/1/1756
f 1182/1/1182 1562/1/1562 1234/1/1234
f 47/1/47 22/1/22 107/1/107
f 1714/1/1714 1142/1/1142 1969/1/1969
f 1303/1/1303 110/1/110 513/1/513
f 925/1/925 1097/1/1097 1068/1/1068
f 1306/1/1306 1539/1/1539 163/1/163
f 519/1/519 1907/1/1907 527/1/527
f 1065/1/1065 919/1/919 1630/1/1630
f 807/1/807 356/1/356 542/1/542
f 519/1/519 703/1/703 157/1/157
f 1825/1/1825 1024/1/1024 1004/1/1004
f 612/1/612 1848/1/1848 1606/1/1606
f 1502/1/1502 1451/1/1451 638/1/638
f 1744/1/1744 1535/1/1535 1000/1/1000
f 1765/1/1765 1774/1/1774 55/1/55
f 1442/1/1442 881/1/881 489/1/489
f 1211/1/1211 1253/1/1253 1323/1/1323
f 154/1/154 90/1/90 1911/1/1911
f 716/1/716 1692/1/1692 501/1/501
f 1652/1/1652 191/1/191 173/1/173
f 196/1/196 956/1/956 191/1/191
f 531/1/531 163/1/163 152/1/152
f 304/1/304 859/1/859 378/1/378
f 860/1/860 1638/1/1638 1189/1/1189
f 1112/1/1112 64/1/64 42/1/42
f 1886/1/1886 1940/1/1940 1939/1/1939
f 1317/1/1317 1740/1/1740 1749/1/1749
f 60/1/60 1454/1/1454 1863/1/1863
f 1202/1/1202 1008/1/1008 1532/1/1532
f 1704/1/1704 956/1/956 997/1/997
f 880/1/880 893/1/893 656/1/656
f 521/1/521 704/1/704 159/1/159
f 521/1/521 1334/1/1334 1545/1/1545
f 177/1/177 959/1/959 1437/1/1437
f 986/1/986 393/1/393 1114/1/1114
f 449/1/449 1555/1/1555 1547/1/1547
f 1171/1/1171 1230/1/1230 1167/1/1167
f 1403/1/1403 555/1/555 404/1/404
f 326/1/326 206/1/206 168/1/168
f 616/1/616 1833/1/1833 268/1/268
f 1772/1/1772 58/1/58 1855/1/1855
f 780/1/780 1807/1/1807 569/1/569
f 572/1/572 1510/1/1510 768/1/768
f 1681/1/1681 707/1/707 555/1/555
f 1329/1/1329 1001/1/1001 1542/1/1542
f 285/1/285 1212/1/1212 1053/1/1053
f 1079/1/1079 466/1/466 849/1/849
f 1012/1/1012 700/1/700 1939/1/1939
f 1918/1/1918 1946/1/1946 1931/1/1931
f 1117/1/1117 386/1/386 1141/1/1141
f 1366/1/1366 1613/1/1613 1376/1/1376
f 1528/1/1528 1884/1/1884 1890/1/1890
f 743/1/743 357/1/357 1462/1/1462
f 524/1/524 999/1/999 1533/1/1533
f 1988/1/1988 1859/1/1859 1873/1/1873
f 1216/1/1216 1787/1/1787 1564/1/1564
f 832/1/832 368/1/368 1792/1/1792
f 910/1/910 1063/1/1063 617/1/617
f 130/1/130 1756/1/1756 138/1/138
f 498/1/498 675/1/675 802/1/802
f 1297/1/1297 424/1/424 430/1/430
f 1052/1/1052 1079/1/1079 849/1/849
f 362/1/362 1499/1/1499 764/1/764
f 761/1/761 328/1/328 1511/1/1511
f 1575/1/1575 370/1/370 1238/1/1238
f 1575/1/1575 1238/1/1238 370/1/370
f 1849/1/1849 836/1/836 1597/1/1597
f 586/1/586 975/1/975 1679/1/1679
f 560/1/560 754/1/754 765/1/765
f 33/1/33 1767/1/1767 1758/1/1758
f 457/1/457 1596/1/1596 1796/1/1796
f 491/1/491 1435/1/1435 876/1/876
f 1463/1/1463 1693/1/1693 548/1/548
f 147/1/147 1920/1/1920 702/1/702
f 1792/1/1792 341/1/341 252/1/252
f 912/1/912 1833/1/1833 1083/1/1083
f 752/1/752 74/1/74 735/1/735
f 1184/1/1184 1604/1/1604 858/1/858
f 1353/1/1353 1373/1/1373 990/1/990
f 1140/1/1140 1162/1/1162 1709/1/1709
f 1908/1/1908 998/1/998 1537/1/1537
f 476/1/476 653/1/653 1438/1/1438
f 1049/1/1049 1271/1/1271 617/1/617
f 946/1/946 1275/1/1275 1806/1/1806
f 1252/1/1252 1198/1/1198 1957/1/1957
f 1280/1/1280 1258/1/1258 1206/1/1206
f 913/1/913 1069/1/1069 619/1/619
f 913/1/913 619/1/619 1069/1/1069
f 893/1/893 1369/1/1369 666/1/666
f 1068/1/1068 1268/1/1268 603/1/603
f 1608/1/1608 928/1/928 1631/1/1631
f 1029/1/1029 257/1/257 1005/1/1005
f 1981/1/1981 23/1/23 1062/1/1062
f 11/1/11 138/1/138 1766/1/1766
f 1514/1/1514 208/1/208 327/1/327
f 996/1/996 733/1/733 1370/1/1370
f 725/1/725 714/1/714 1355/1/1355
f 543/1/543 1392/1/1392 747/1/747
f 1981/1/1981 505/1/505 105/1/105
f 397/1/397 1961/1/1961 1966/1/1966
f 1380/1/1380 740/1/740 661/1/661
f 607/1/607 1180/1/1180 1916/1/1916
f 535/1/535 702/1/702 1919/1/1919
f 1247/1/1247 1586/1/1586 1558/1/1558
f 1188/1/1188 1554/1/1554 1193/1/1193
f 178/1/178 679/1/679 288/1/288
f 637/1/637 882/1/882 1445/1/1445
f 1320/1/1320 1303/1/1303 850/1/850
f 1770/1/1770 1867/1/1867 1864/1/1864
f 1642/1/1642 1831/1/1831 1601/1/1601
f 1827/1/1827 253/1/253 1824/1/1824
f 1416/1/1416 1688/1/1688 556/1/556
f 68/1/68 565/1/565 591/1/591
f 1719/1/1719 298/1/298 677/1/677
f 1812/1/1812 1555/1/1555 1557/1/1557
f 1623/1/1623 935/1/935 1279/1/1279
f 322/1/322 1796/1/1796 321/1/321
f 1060/1/1060 1734/1/1734 1980/1/1980
f 175/1/175 194/1/194 481/1/481
f 914/1/914 466/1/466 1079/1/1079
f 851/1/851 1025/1/1025 1805/1/1805
f 1354/1/1354 740/1/740 732/1/732
f 784/1/784 1395/1/1395 558/1/558
f 429/1/429 132/1/132 99/1/99
f 232/1/232 1640/1/1640 280/1/280
f 218/1/218 1791/1/1791 1023/1/1023
f 1743/1/1743 1304/1/1304 1325/1/1325
f 670/1/670 1359/1/1359 664/1/664
f 1784/1/1784 365/1/365 656/1/656
f 1502/1/1502 341/1/341 1477/1/1477
f 699/1/699 1199/1/1199 1424/1/1424
f 508/1/508 23/1/23 1981/1/1981
f 1165/1/1165 82/1/82 74/1/74
f 1469/1/1469 635/1/635 1467/1/1467
f 30/1/30 1299/1/1299 1755/1/1755
f 72/1/72 1695/1/1695 1677/1/1677
f 629/1/629 1257/1/1257 1641/1/1641
f 762/1/762 814/1/814 1684/1/1684
f 1273/1/1273 329/1/329 563/1/563
f 507/1/507 109/1/109 577/1/577
f 1121/1/1121 980/1/980 1653/1/1653
f 1002/1/1002 1910/1/1910 1927/1/1927
f 597/1/597 606/1/606 1066/1/1066
f 744/1/744 1387/1/1387 632/1/632
f 243/1/243 453/1/453 1054/1/1054
f 1047/1/1047 1557/1/1557 857/1/857
f 103/1/103 21/1/21 53/1/53
f 1669/1/1669 1156/1/1156 65/1/65
f 1525/1/1525 786/1/786 364/1/364
f 1713/1/1713 1105/1/1105 678/1/678
f 1408/1/1408 1688/1/1688 755/1/755
f 563/1/563 329/1/329 1511/1/1511
f 563/1/563 1511/1/1511 329/1/329
f 1446/1/1446 1445/1/1445 882/1/882
f 1705/1/1705 770/1/770 1708/1/1708
f 180/1/180 1157/1/1157 1657/1/1657
f 1787/1/1787 845/1/845 218/1/218
f 1488/1/1488 355/1/355 1500/1/1500
f 165/1/165 1109/1/1109 1651/1/1651
f 485/1/485 1457/1/1457 813/1/813
f 485/1/485 977/1/977 1119/1/1119
f 1402/1/1402 774/1/774 1383/1/1383
f 1065/1/1065 1611/1/1611 919/1/919
f 1529/1/1529 1246/1/1246 1894/1/1894
f 623/1/623 940/1/940 1093/1/1093
f 197/1/197 1156/1/1156 2000/1/2000
f 67/1/67 1707/1/1707 296/1/296
f 46/1/46 393/1/393 986/1/986
f 1776/1/1776 32/1/32 1763/1/1763
f 1373/1/1373 734/1/734 990/1/990
f 901/1/901 478/1/478 1357/1/1357
f 1033/1/1033 1215/1/1215 606/1/606
f 1264/1/1264 1266/1/1266 1902/1/1902
f 1080/1/1080 1192/1/1192 1195/1/1195
f 1374/1/1374 1403/1/1403 566/1/566
f 1827/1/1827 1824/1/1824 526/1/526
f 694/1/694 1911/1/1911 1913/1/1913
f 1235/1/1235 619/1/619 1559/1/1559
f 1622/1/1622 445/1/445 51/1/51
f 1430/1/1430 492/1/492 1493/1/1493
f 790/1/790 730/1/730 1374/1/1374
f 1887/1/1887 1419/1/1419 1531/1/1531
f 692/1/692 955/1/955 1723/1/1723
f 233/1/233 1285/1/1285 1190/1/1190
f 396/1/396 1727/1/1727 1127/1/1127
f 576/1/576 781/1/781 573/1/573
f 860/1/860 1240/1/1240 853/1/853
f 1994/1/1994 1992/1/1992 2001/1/2001
f 139/1/139 429/1/429 424/1/424
f 1771/1/1771 1757/1/1757 887/1/887
f 1478/1/1478 324/1/324 331/1/331
f 117/1/117 139/1/139 101/1/101
f 1177/1/1177 1912/1/1912 1953/1/1953
f 28/1/28 18/1/18 113/1/113
f 1697/1/1697 645/1/645 759/1/759
f 81/1/81 1104/1/1104 69/1/69
f 560/1/560 781/1/781 310/1/310
f 978/1/978 1357/1/1357 2005/1/2005
f 1998/1/1998 1993/1/1993 3/1/3
f 88/1/88 1887/1/1887 1427/1/1427
f 983/1/983 64/1/64 1672/1/1672
f 1753/1/1753 1887/1/1887 1531/1/1531
f 254/1/254 1584/1/1584 1794/1/1794
f 1053/1/1053 254/1/254 242/1/242
f 867/1/867 964/1/964 1732/1/1732
f 575/1/575 1508/1/1508 546/1/546
f 1000/1/1000 538/1/538 1322/1/1322
f 744/1/744 409/1/409 414/1/414
f 831/1/831 748/1/748 1518/1/1518
f 649/1/649 1026/1/1026 264/1/264
f 1381/1/1381 664/1/664 722/1/722
f 215/1/215 1845/1/1845 1039/1/1039
f 1131/1/1131 1685/1/1685 66/1/66
f 1372/1/1372 793/1/793 1523/1/1523
f 710/1/710 323/1/323 542/1/542
f 831/1/831 1404/1/1404 748/1/748
f 1533/1/1533 1308/1/1308 1532/1/1532
f 149/1/149 1532/1/1532 1008/1/1008
f 722/1/722 407/1/407 796/1/796
f 38/1/38 1662/1/1662 167/1/167
f 987/1/987 589/1/589 981/1/981
f 665/1/665 1444/1/1444 797/1/797
f 1470/1/1470 1384/1/1384 731/1/731
f 1247/1/1247 1558/1/1558 1220/1/1220
f 891/1/891 760/1/760 458/1/458
f 62/1/62 1406/1/1406 1485/1/1485
f 1382/1/1382 793/1/793 1356/1/1356
f 1176/1/1176 24/1/24 515/1/515
f 206/1/206 293/1/293 1162/1/1162
f 1847/1/1847 228/1/228 229/1/229
f 736/1/736 930/1/930 1632/1/1632
f 302/1/302 543/1/543 747/1/747
f 1890/1/1890 1884/1/1884 1952/1/1952
f 1599/1/1599 1589/1/1589 1219/1/1219
f 528/1/528 1007/1/1007 1924/1/1924
f 1895/1/1895 1952/1/1952 1954/1/1954
f 1056/1/1056 914/1/914 239/1/239
f 15/1/15 969/1/969 1977/1/1977
f 1078/1/1078 1636/1/1636 273/1/273
f 1744/1/1744 1000/1/1000 145/1/145
f 364/1/364 786/1/786 363/1/363
f 1627/1/1627 1629/1/1629 1185/1/1185
f 551/1/551 950/1/950 726/1/726
f 286/1/286 1832/1/1832 1057/1/1057
f 690/1/690 1137/1/1137 1721/1/1721
f 1046/1/1046 1824/1/1824 253/1/253
f 469/1/469 1595/1/1595 941/1/941
f 495/1/495 371/1/371 400/1/400
f 318/1/318 501/1/501 1464/1/1464
f 318/1/318 817/1/817 896/1/896
f 559/1/559 764/1/764 1499/1/1499
f 559/1/559 1499/1/1499 764/1/764
f 951/1/951 39/1/39 643/1/643
f 86/1/86 1241/1/1241 1569/1/1569
f 1416/1/1416 755/1/755 1688/1/1688
f 1918/1/1918 1897/1/1897 1946/1/1946
f 1802/1/1802 844/1/844 1221/1/1221
f 1329/1/1329 1542/1/1542 1904/1/1904
f 196/1/196 191/1/191 204/1/204
f 1759/1/1759 1866/1/1866 122/1/122
f 660/1/660 493/1/493 898/1/898
f 1764/1/1764 58/1/58 1775/1/1775
f 67/1/67 71/1/71 1111/1/1111
f 1433/1/1433 714/1/714 1432/1/1432
f 219/1/219 1079/1/1079 242/1/242
f 860/1/860 853/1/853 255/1/255
f 651/1/651 885/1/885 645/1/645
f 1139/1/1139 990/1/990 1122/1/1122
f 1052/1/1052 1053/1/1053 242/1/242
f 315/1/315 771/1/771 1489/1/1489
f 219/1/219 922/1/922 239/1/239
f 362/1/362 306/1/306 1499/1/1499
f 1169/1/1169 1218/1/1218 1232/1/1232
f 1278/1/1278 1955/1/1955 1895/1/1895
f 1661/1/1661 1725/1/1725 190/1/190
f 1612/1/1612 1587/1/1587 275/1/275
f 717/1/717 1631/1/1631 928/1/928
f 1309/1/1309 1741/1/1741 1311/1/1311
f 584/1/584 1666/1/1666 392/1/392
f 1188/1/1188 443/1/443 1205/1/1205
f 45/1/45 180/1/180 1657/1/1657
f 1901/1/1901 1912/1/1912 1941/1/1941
f 509/1/509 581/1/581 141/1/141
f 509/1/509 50/1/50 20/1/20
f 1807/1/1807 228/1/228 277/1/277
f 720/1/720 400/1/400 1364/1/1364
f 1742/1/1742 1318/1/1318 1747/1/1747
f 1742/1/1742 1309/1/1309 1318/1/1318
f 1318/1/1318 1341/1/1341 150/1/150
f 1241/1/1241 1568/1/1568 1569/1/1569
f 1080/1/1080 611/1/611 1601/1/1601
f 531/1/531 152/1/152 1009/1/1009
f 1743/1/1743 150/1/150 1534/1/1534
f 1343/1/1343 1423/1/1423 1344/1/1344
f 1080/1/1080 1601/1/1601 1192/1/1192
f 1852/1/1852 227/1/227 1837/1/1837
f 290/1/290 45/1/45 1657/1/1657
f 1349/1/1349 538/1/538 1535/1/1535
f 1087/1/1087 1074/1/1074 1617/1/1617
f 830/1/830 457/1/457 1796/1/1796
f 1678/1/1678 77/1/77 1723/1/1723
f 648/1/648 406/1/406 477/1/477
f 199/1/199 2002/1/2002 425/1/425
f 867/1/867 1736/1/1736 872/1/872
f 540/1/540 1337/1/1337 1747/1/1747
f 383/1/383 1726/1/1726 995/1/995
f 1320/1/1320 850/1/850 1335/1/1335
f 1326/1/1326 1536/1/1536 1753/1/1753
f 172/1/172 1676/1/1676 1655/1/1655
f 717/1/717 806/1/806 1439/1/1439
f 951/1/951 1122/1/1122 39/1/39
f 1351/1/1351 1424/1/1424 1956/1/1956
f 1608/1/1608 1596/1/1596 928/1/928
f 948/1/948 1609/1/1609 1646/1/1646
f 1530/1/1530 522/1/522 1338/1/1338
f 404/1/404 812/1/812 1393/1/1393
f 553/1/553 650/1/650 311/1/311
f 135/1/135 1964/1/1964 32/1/32
f 1799/1/1799 1569/1/1569 1568/1/1568
f 803/1/803 1367/1/1367 808/1/808
f 979/1/979 958/1/958 40/1/40
f 304/1/304 1510/1/1510 859/1/859
f 1904/1/1904 1542/1/1542 96/1/96
f 539/1/539 247/1/247 1843/1/1843
f 1839/1/1839 1840/1/1840 1043/1/1043
f 175/1/175 201/1/201 194/1/194
f 1471/1/1471 652/1/652 327/1/327
f 1207/1/1207 608/1/608 1560/1/1560
f 1134/1/1134 549/1/549 769/1/769
f 842/1/842 1044/1/1044 1269/1/1269
f 25/1/25 22/1/22 47/1/47
f 350/1/350 557/1/557 346/1/346
f 656/1/656 365/1/365 1475/1/1475
f 317/1/317 772/1/772 1161/1/1161
f 510/1/510 507/1/507 577/1/577
f 1142/1/1142 677/1/677 1143/1/1143
f 130/1/130 424/1/424 1756/1/1756
f 1033/1/1033 1004/1/1004 85/1/85
f 339/1/339 363/1/363 343/1/343
f 1310/1/1310 160/1/160 529/1/529
f 283/1/283 236/1/236 1841/1/1841
f 836/1/836 1560/1/1560 915/1/915
f 1552/1/1552 1556/1/1556 229/1/229
f 1495/1/1495 559/1/559 764/1/764
f 175/1/175 187/1/187 201/1/201
f 1630/1/1630 919/1/919 223/1/223
f 1630/1/1630 1805/1/1805 460/1/460
f 1630/1/1630 891/1/891 458/1/458
f 1764/1/1764 1779/1/1779 1300/1/1300
f 1054/1/1054 1822/1/1822 256/1/256
f 1216/1/1216 1564/1/1564 1219/1/1219
f 140/1/140 131/1/131 122/1/122
f 371/1/371 1505/1/1505 1363/1/1363
f 1463/1/1463 1509/1/1509 1693/1/1693
f 1671/1/1671 976/1/976 1706/1/1706
f 1671/1/1671 387/1/387 588/1/588
f 1713/1/1713 1110/1/1110 79/1/79
f 1029/1/1029 260/1/260 257/1/257
f 326/1/326 1444/1/1444 1459/1/1459
f 1347/1/1347 1898/1/1898 1319/1/1319
f 690/1/690 1721/1/1721 994/1/994
f 1146/1/1146 982/1/982 1115/1/1115
f 1247/1/1247 1232/1/1232 1586/1/1586
f 427/1/427 426/1/426 1764/1/1764
f 1975/1/1975 577/1/577 49/1/49
f 36/1/36 1155/1/1155 69/1/69
f 1330/1/1330 1749/1/1749 1315/1/1315
f 654/1/654 729/1/729 640/1/640
f 916/1/916 446/1/446 1797/1/1797
f 837/1/837 454/1/454 1230/1/1230
f 1132/1/1132 986/1/986 1114/1/1114
f 1064/1/1064 921/1/921 613/1/613
f 403/1/403 797/1/797 1361/1/1361
f 1880/1/1880 436/1/436 663/1/663
f 1358/1/1358 1502/1/1502 638/1/638
f 1202/1/1202 1072/1/1072 1008/1/1008
f 58/1/58 32/1/32 1877/1/1877
f 1463/1/1463 321/1/321 1217/1/1217
f 48/1/48 19/1/19 511/1/511
f 1442/1/1442 489/1/489 1472/1/1472
f 344/1/344 345/1/345 376/1/376
f 948/1/948 628/1/628 251/1/251
f 907/1/907 903/1/903 904/1/904
f 7/1/7 176/1/176 674/1/674
f 1165/1/1165 1158/1/1158 82/1/82
f 910/1/910 1838/1/1838 1063/1/1063
f 952/1/952 1710/1/1710 1709/1/1709
f 61/1/61 439/1/439 1767/1/1767
f 1552/1/1552 1214/1/1214 1556/1/1556
f 629/1/629 1055/1/1055 1042/1/1042
f 1245/1/1245 1197/1/1197 1588/1/1588
f 1839/1/1839 829/1/829 211/1/211
f 1033/1/1033 606/1/606 1825/1/1825
f 1033/1/1033 1825/1/1825 606/1/606
f 756/1/756 404/1/404 1393/1/1393
f 1898/1/1898 1537/1/1537 1543/1/1543
f 893/1/893 1440/1/1440 1452/1/1452
f 1382/1/1382 1440/1/1440 666/1/666
f 752/1/752 775/1/775 542/1/542
f 1089/1/1089 1624/1/1624 1094/1/1094
f 94/1/94 1545/1/1545 1951/1/1951
f 1065/1/1065 460/1/460 1262/1/1262
f 1121/1/1121 1715/1/1715 1130/1/1130
f 920/1/920 258/1/258 279/1/279
f 1455/1/1455 889/1/889 810/1/810
f 1784/1/1784 439/1/439 1762/1/1762
f 1926/1/1926 935/1/935 1920/1/1920
f 251/1/251 1790/1/1790 1231/1/1231
f 915/1/915 1560/1/1560 1075/1/1075
f 1868/1/1868 140/1/140 1877/1/1877
f 791/1/791 412/1/412 600/1/600
f 1505/1/1505 739/1/739 1363/1/1363
f 472/1/472 1813/1/1813 929/1/929
f 1575/1/1575 1238/1/1238 1088/1/1088
f 237/1/237 1826/1/1826 523/1/523
f 353/1/353 1394/1/1394 1682/1/1682
f 506/1/506 27/1/27 112/1/112
f 1862/1/1862 1058/1/1058 1870/1/1870
f 950/1/950 725/1/725 726/1/726
f 1368/1/1368 410/1/410 1396/1/1396
f 198/1/198 192/1/192 203/1/203
f 1659/1/1659 1159/1/1159 197/1/197
f 552/1/552 31/1/31 343/1/343
f 427/1/427 1755/1/1755 136/1/136
f 243/1/243 1054/1/1054 256/1/256
f 1098/1/1098 1632/1/1632 930/1/930
f 432/1/432 1856/1/1856 120/1/120
f 1645/1/1645 943/1/943 620/1/620
f 1177/1/1177 914/1/914 609/1/609
f 896/1/896 336/1/336 501/1/501
f 1734/1/1734 14/1/14 1980/1/1980
f 86/1/86 1325/1/1325 1417/1/1417
f 2015/1/2015 2012/1/2012 2001/1/2001
f 359/1/359 883/1/883 1503/1/1503
f 947/1/947 1639/1/1639 240/1/240
f 205/1/205 182/1/182 189/1/189
f 524/1/524 1958/1/1958 158/1/158
f 693/1/693 1900/1/1900 1543/1/1543
f 1628/1/1628 1076/1/1076 1914/1/1914
f 1183/1/1183 1832/1/1832 1628/1/1628
f 403/1/403 1361/1/1361 1411/1/1411
f 1852/1/1852 1082/1/1082 227/1/227
f 1295/1/1295 611/1/611 1606/1/1606
f 1927/1/1927 698/1/698 1013/1/1013
f 1278/1/1278 1895/1/1895 1954/1/1954
f 1326/1/1326 1753/1/1753 142/1/142
f 455/1/455 572/1/572 441/1/441
f 821/1/821 1700/1/1700 570/1/570
f 1390/1/1390 1507/1/1507 547/1/547
f 1452/1/1452 1356/1/1356 742/1/742
f 788/1/788 563/1/563 329/1/329
f 118/1/118 125/1/125 434/1/434
f 1414/1/1414 1396/1/1396 423/1/423
f 95/1/95 1427/1/1427 1887/1/1887
f 1881/1/1881 1766/1/1766 438/1/438
f 50/1/50 444/1/444 1811/1/1811
f 1182/1/1182 1599/1/1599 1189/1/1189
f 728/1/728 719/1/719 791/1/791
f 1881/1/1881 438/1/438 1869/1/1869
f 999/1/999 144/1/144 1308/1/1308
f 194/1/194 75/1/75 1485/1/1485
f 1152/1/1152 1658/1/1658 1149/1/1149
f 532/1/532 1426/1/1426 1901/1/1901
f 575/1/575 761/1/761 1511/1/1511
f 1422/1/1422 517/1/517 164/1/164
f 869/1/869 51/1/51 868/1/868
f 489/1/489 881/1/881 879/1/879
f 401/1/401 778/1/778 499/1/499
f 205/1/205 189/1/189 1678/1/1678
f 826/1/826 1362/1/1362 422/1/422
f 1414/1/1414 671/1/671 1396/1/1396
f 428/1/428 1298/1/1298 136/1/136
f 508/1/508 509/1/509 23/1/23
f 1381/1/1381 722/1/722 721/1/721
f 687/1/687 992/1/992 954/1/954
f 537/1/537 1312/1/1312 1018/1/1018
f 1913/1/1913 1888/1/1888 1312/1/1312
f 1433/1/1433 658/1/658 714/1/714
f 979/1/979 1724/1/1724 958/1/958
f 1347/1/1347 1327/1/1327 1898/1/1898
f 935/1/935 702/1/702 1920/1/1920
f 1166/1/1166 1173/1/1173 441/1/441
f 1099/1/1099 232/1/232 1028/1/1028
f 1669/1/1669 68/1/68 591/1/591
f 339/1/339 776/1/776 1521/1/1521
f 1313/1/1313 1421/1/1421 1896/1/1896
f 546/1/546 306/1/306 328/1/328
f 1890/1/1890 1952/1/1952 1895/1/1895
f 398/1/398 1967/1/1967 199/1/199
f 1526/1/1526 313/1/313 319/1/319
f 1814/1/1814 1037/1/1037 1222/1/1222
f 1001/1/1001 1927/1/1927 1013/1/1013
f 1704/1/1704 997/1/997 1672/1/1672
f 743/1/743 1447/1/1447 357/1/357
f 1776/1/1776 1876/1/1876 1877/1/1877
f 299/1/299 684/1/684 188/1/188
f 994/1/994 993/1/993 955/1/955
f 1992/1/1992 116/1/116 2001/1/2001
f 1727/1/1727 587/1/587 1127/1/1127
f 477/1/477 1456/1/1456 490/1/490
f 709/1/709 547/1/547 337/1/337
f 120/1/120 1856/1/1856 1986/1/1986
f 723/1/723 798/1/798 1360/1/1360
f 251/1/251 628/1/628 1823/1/1823
f 1412/1/1412 573/1/573 781/1/781
f 1051/1/1051 1031/1/1031 261/1/261
f 1591/1/1591 1262/1/1262 460/1/460
f 473/1/473 1267/1/1267 855/1/855
f 1994/1/1994 98/1/98 117/1/117
f 292/1/292 200/1/200 180/1/180
f 384/1/384 1130/1/1130 297/1/297
f 752/1/752 542/1/542 541/1/541
f 1144/1/1144 989/1/989 1655/1/1655
f 239/1/239 922/1/922 265/1/265
f 346/1/346 1388/1/1388 1489/1/1489
f 1176/1/1176 18/1/18 1791/1/1791
f 1442/1/1442 1506/1/1506 641/1/641
f 803/1/803 344/1/344 650/1/650
f 1661/1/1661 1123/1/1123 1725/1/1725
f 1899/1/1899 1544/1/1544 94/1/94
f 842/1/842 1223/1/1223 1044/1/1044
f 1044/1/1044 1081/1/1081 1269/1/1269
f 1031/1/1031 927/1/927 230/1/230
f 552/1/552 363/1/363 786/1/786
f 474/1/474 751/1/751 24/1/24
f 1861/1/1861 128/1/128 1409/1/1409
f 1022/1/1022 213/1/213 1025/1/1025
f 696/1/696 1905/1/1905 1893/1/1893
f 1374/1/1374 566/1/566 778/1/778
f 222/1/222 1834/1/1834 1036/1/1036
f 123/1/123 131/1/131 1758/1/1758
f 171/1/171 186/1/186 167/1/167
f 408/1/408 806/1/806 767/1/767
f 257/1/257 939/1/939 926/1/926
f 1064/1/1064 1186/1/1186 921/1/921
f 486/1/486 958/1/958 878/1/878
f 1131/1/1131 1780/1/1780 416/1/416
f 1563/1/1563 1187/1/1187 1236/1/1236
f 6/1/6 10/1/10 981/1/981
f 1372/1/1372 100/1/100 742/1/742
f 1880/1/1880 1874/1/1874 436/1/436
f 1230/1/1230 454/1/454 453/1/453
f 454/1/454 1082/1/1082 1081/1/1081
f 1467/1/1467 1482/1/1482 1503/1/1503
f 429/1/429 430/1/430 424/1/424
f 1491/1/1491 1504/1/1504 349/1/349
f 1491/1/1491 349/1/349 1504/1/1504
f 2005/1/2005 2006/1/2006 12/1/12
f 69/1/69 1104/1/1104 1689/1/1689
f 1579/1/1579 1267/1/1267 1788/1/1788
f 1529/1/1529 1551/1/1551 1550/1/1550
f 963/1/963 1026/1/1026 1979/1/1979
f 917/1/917 1626/1/1626 1625/1/1625
f 1310/1/1310 529/1/529 1329/1/1329
f 311/1/311 1446/1/1446 499/1/499
f 535/1/535 1032/1/1032 147/1/147
f 595/1/595 280/1/280 1643/1/1643
f 784/1/784 1115/1/1115 746/1/746
f 1594/1/1594 1254/1/1254 1428/1/1428
f 1010/1/1010 1009/1/1009 527/1/527
f 1722/1/1722 39/1/39 1122/1/1122
f 39/1/39 734/1/734 643/1/643
f 1063/1/1063 1838/1/1838 1049/1/1049
f 1883/1/1883 1333/1/1333 1321/1/1321
f 123/1/123 122/1/122 131/1/131
f 182/1/182 1136/1/1136 1115/1/1115
f 576/1/576 319/1/319 890/1/890
f 1972/1/1972 27/1/27 19/1/19
f 650/1/650 1446/1/1446 311/1/311
f 1799/1/1799 447/1/447 452/1/452
f 496/1/496 310/1/310 303/1/303
f 1552/1/1552 1798/1/1798 1214/1/1214
f 1507/1/1507 1476/1/1476 320/1/320
f 273/1/273 217/1/217 1024/1/1024
f 1591/1/1591 460/1/460 1265/1/1265
f 1879/1/1879 438/1/438 138/1/138
f 1888/1/1888 1328/1/1328 1312/1/1312
f 1294/1/1294 1570/1/1570 1642/1/1642
f 1938/1/1938 1923/1/1923 697/1/697
f 696/1/696 1923/1/1923 1938/1/1938
f 1321/1/1321 1333/1/1333 162/1/162
f 1314/1/1314 847/1/847 1745/1/1745
f 1077/1/1077 1037/1/1037 1562/1/1562
f 46/1/46 975/1/975 988/1/988
f 393/1/393 682/1/682 391/1/391
f 1812/1/1812 1557/1/1557 263/1/263
f 513/1/513 110/1/110 506/1/506
f 713/1/713 1411/1/1411 1410/1/1410
f 1259/1/1259 1270/1/1270 1794/1/1794
f 822/1/822 726/1/726 725/1/725
f 59/1/59 1779/1/1779 1775/1/1775
f 1077/1/1077 1817/1/1817 1037/1/1037
f 1126/1/1126 295/1/295 1711/1/1711
f 126/1/126 1879/1/1879 125/1/125
f 1204/1/1204 1296/1/1296 464/1/464
f 1204/1/1204 936/1/936 1646/1/1646
f 317/1/317 1443/1/1443 884/1/884
f 1408/1/1408 1473/1/1473 640/1/640
f 1464/1/1464 501/1/501 749/1/749
f 45/1/45 953/1/953 180/1/180
f 485/1/485 813/1/813 977/1/977
f 1631/1/1631 1074/1/1074 1087/1/1087
f 369/1/369 1400/1/1400 332/1/332
f 71/1/71 556/1/556 1688/1/1688
f 1585/1/1585 1185/1/1185 1181/1/1181
f 1686/1/1686 69/1/69 1689/1/1689
f 1729/1/1729 331/1/331 733/1/733
f 1059/1/1059 1864/1/1864 1860/1/1860
f 1401/1/1401 806/1/806 928/1/928
f 767/1/767 1401/1/1401 1693/1/1693
f 1073/1/1073 1636/1/1636 931/1/931
f 487/1/487 823/1/823 420/1/420
f 1292/1/1292 1627/1/1627 918/1/918
f 1296/1/1296 1602/1/1602 1268/1/1268
f 437/1/437 1781/1/1781 1769/1/1769
f 413/1/413 792/1/792 712/1/712
f 1561/1/1561 1187/1/1187 1598/1/1598
f 1288/1/1288 1208/1/1208 1812/1/1812
f 375/1/375 640/1/640 1473/1/1473
f 504/1/504 481/1/481 899/1/899
f 100/1/100 425/1/425 120/1/120
f 428/1/428 32/1/32 1298/1/1298
f 469/1/469 1571/1/1571 1175/1/1175
f 827/1/827 333/1/333 272/1/272
f 148/1/148 609/1/609 1835/1/1835
f 1935/1/1935 1917/1/1917 1944/1/1944
f 1812/1/1812 263/1/263 1846/1/1846
f 1248/1/1248 245/1/245 252/1/252
f 1158/1/1158 210/1/210 82/1/82
f 1549/1/1549 1290/1/1290 1278/1/1278
f 1672/1/1672 588/1/588 1135/1/1135
f 735/1/735 1371/1/1371 324/1/324
f 1596/1/1596 1401/1/1401 928/1/928
f 1608/1/1608 1248/1/1248 1596/1/1596
f 1932/1/1932 1937/1/1937 1637/1/1637
f 1010/1/1010 527/1/527 1937/1/1937
f 1183/1/1183 454/1/454 1081/1/1081
f 1313/1/1313 1896/1/1896 1334/1/1334
f 237/1/237 1642/1/1642 1826/1/1826
f 1909/1/1909 151/1/151 705/1/705
f 1525/1/1525 905/1/905 786/1/786
f 1647/1/1647 601/1/601 1621/1/1621
f 1380/1/1380 666/1/666 1449/1/1449
f 1592/1/1592 1803/1/1803 1239/1/1239
f 1983/1/1983 1878/1/1878 1867/1/1867
f 36/1/36 636/1/636 685/1/685
f 1938/1/1938 697/1/697 1092/1/1092
f 1111/1/1111 71/1/71 1408/1/1408
f 1605/1/1605 614/1/614 921/1/921
f 181/1/181 202/1/202 1659/1/1659
f 867/1/867 1059/1/1059 966/1/966
f 998/1/998 1543/1/1543 1537/1/1537
f 593/1/593 1036/1/1036 615/1/615
f 322/1/322 321/1/321 1508/1/1508
f 819/1/819 647/1/647 800/1/800
f 578/1/578 515/1/515 579/1/579
f 839/1/839 1634/1/1634 739/1/739
f 1909/1/1909 858/1/858 1019/1/1019
f 103/1/103 1973/1/1973 21/1/21
f 103/1/103 53/1/53 969/1/969
f 243/1/243 256/1/256 1048/1/1048
f 1851/1/1851 1837/1/1837 620/1/620
f 96/1/96 1541/1/1541 84/1/84
f 1397/1/1397 750/1/750 1389/1/1389
f 1126/1/1126 1125/1/1125 995/1/995
f 5/1/5 696/1/696 1938/1/1938
f 894/1/894 1488/1/1488 1699/1/1699
f 681/1/681 1115/1/1115 784/1/784
f 2015/1/2015 2008/1/2008 10/1/10
f 1034/1/1034 1594/1/1594 1843/1/1843
f 897/1/897 634/1/634 483/1/483
f 897/1/897 500/1/500 1778/1/1778
f 858/1/858 1604/1/1604 1350/1/1350
f 1844/1/1844 1036/1/1036 1095/1/1095
f 414/1/414 1715/1/1715 737/1/737
f 1927/1/1927 1945/1/1945 698/1/698
f 1462/1/1462 357/1/357 358/1/358
f 555/1/555 800/1/800 647/1/647
f 1243/1/1243 1797/1/1797 856/1/856
f 471/1/471 220/1/220 614/1/614
f 240/1/240 1639/1/1639 854/1/854
f 1052/1/1052 242/1/242 1079/1/1079
f 947/1/947 469/1/469 941/1/941
f 53/1/53 871/1/871 969/1/969
f 1713/1/1713 79/1/79 1670/1/1670
f 183/1/183 1650/1/1650 1156/1/1156
f 314/1/314 345/1/345 1487/1/1487
f 350/1/350 346/1/346 1493/1/1493
f 691/1/691 1146/1/1146 1136/1/1136
f 61/1/61 33/1/33 1762/1/1762
f 191/1/191 956/1/956 686/1/686
f 219/1/219 254/1/254 922/1/922
f 772/1/772 1406/1/1406 562/1/562
f 1701/1/1701 1398/1/1398 769/1/769
f 484/1/484 818/1/818 811/1/811
f 78/1/78 42/1/42 1660/1/1660
f 902/1/902 667/1/667 408/1/408
f 142/1/142 1315/1/1315 1305/1/1305
f 104/1/104 1060/1/1060 1980/1/1980
f 108/1/108 1980/1/1980 14/1/14
f 1734/1/1734 1735/1/1735 14/1/14
f 1630/1/1630 1593/1/1593 1805/1/1805
f 1898/1/1898 1327/1/1327 1537/1/1537
f 123/1/123 1759/1/1759 122/1/122
f 1948/1/1948 704/1/704 1922/1/1922
f 896/1/896 768/1/768 336/1/336
f 261/1/261 230/1/230 938/1/938
f 316/1/316 561/1/561 488/1/488
f 1686/1/1686 813/1/813 336/1/336
f 1826/1/1826 1308/1/1308 144/1/144
f 1659/1/1659 291/1/291 676/1/676
f 1273/1/1273 563/1/563 457/1/457
f 2011/1/2011 2001/1/2001 2012/1/2012
f 1546/1/1546 540/1/540 1747/1/1747
f 825/1/825 808/1/808 907/1/907
f 484/1/484 811/1/811 1483/1/1483
f 1541/1/1541 1542/1/1542 1013/1/1013
f 1013/1/1013 698/1/698 530/1/530
f 994/1/994 1678/1/1678 993/1/993
f 1351/1/1351 1956/1/1956 95/1/95
f 241/1/241 153/1/153 1048/1/1048
f 1954/1/1954 1952/1/1952 1569/1/1569
f 1668/1/1668 398/1/398 199/1/199
f 181/1/181 1659/1/1659 676/1/676
f 241/1/241 518/1/518 531/1/531
f 937/1/937 1280/1/1280 1269/1/1269
f 1352/1/1352 1743/1/1743 1528/1/1528
f 307/1/307 1475/1/1475 354/1/354
f 366/1/366 1413/1/1413 773/1/773
f 1033/1/1033 1078/1/1078 273/1/273
f 1033/1/1033 1825/1/1825 1004/1/1004
f 1839/1/1839 233/1/233 1840/1/1840
f 1415/1/1415 381/1/381 1416/1/1416
f 680/1/680 384/1/384 37/1/37
f 29/1/29 868/1/868 51/1/51
f 1845/1/1845 1611/1/1611 613/1/613
f 1180/1/1180 1950/1/1950 1916/1/1916
f 84/1/84 1541/1/1541 1333/1/1333
f 126/1/126 502/1/502 1869/1/1869
f 780/1/780 569/1/569 760/1/760
f 704/1/704 1096/1/1096 159/1/159
f 1137/1/1137 75/1/75 1721/1/1721
f 1772/1/1772 1855/1/1855 1775/1/1775
f 260/1/260 1037/1/1037 257/1/257
f 773/1/773 1485/1/1485 1406/1/1406
f 327/1/327 1437/1/1437 635/1/635
f 171/1/171 1662/1/1662 1661/1/1661
f 1405/1/1405 779/1/779 416/1/416
f 753/1/753 1390/1/1390 547/1/547
f 1249/1/1249 1195/1/1195 1237/1/1237
f 987/1/987 981/1/981 10/1/10
f 1263/1/1263 605/1/605 449/1/449
f 658/1/658 1484/1/1484 1515/1/1515
f 965/1/965 852/1/852 13/1/13
f 1142/1/1142 192/1/192 193/1/193
f 181/1/181 960/1/960 1164/1/1164
f 654/1/654 497/1/497 737/1/737
f 1587/1/1587 963/1/963 1971/1/1971
f 908/1/908 744/1/744 414/1/414
f 1186/1/1186 1591/1/1591 1265/1/1265
f 1041/1/1041 1836/1/1836 1042/1/1042
f 234/1/234 1085/1/1085 274/1/274
f 230/1/230 927/1/927 1085/1/1085
f 1897/1/1897 1945/1/1945 1946/1/1946
f 343/1/343 1654/1/1654 207/1/207
f 925/1/925 1084/1/1084 1231/1/1231
f 1188/1/1188 1193/1/1193 1589/1/1589
f 1902/1/1902 1429/1/1429 1903/1/1903
f 1188/1/1188 1234/1/1234 1274/1/1274
f 654/1/654 640/1/640 375/1/375
f 1585/1/1585 449/1/449 1185/1/1185
f 915/1/915 910/1/910 617/1/617
f 1716/1/1716 1129/1/1129 682/1/682
f 741/1/741 814/1/814 662/1/662
f 469/1/469 240/1/240 1571/1/1571
f 1049/1/1049 1571/1/1571 1810/1/1810
f 1811/1/1811 368/1/368 832/1/832
f 546/1/546 545/1/545 306/1/306
f 6/1/6 981/1/981 678/1/678
f 1242/1/1242 279/1/279 829/1/829
f 1056/1/1056 238/1/238 1034/1/1034
f 1692/1/1692 769/1/769 1398/1/1398
f 475/1/475 945/1/945 1644/1/1644
f 1697/1/1697 759/1/759 758/1/758
f 1798/1/1798 1218/1/1218 1255/1/1255
f 1509/1/1509 1436/1/1436 659/1/659
f 1212/1/1212 1231/1/1231 1548/1/1548
f 326/1/326 1472/1/1472 724/1/724
f 1191/1/1191 1236/1/1236 1600/1/1600
f 333/1/333 1479/1/1479 272/1/272
f 1576/1/1576 1567/1/1567 854/1/854
f 318/1/318 731/1/731 817/1/817
f 1544/1/1544 536/1/536 1014/1/1014
f 2/1/2 1963/1/1963 399/1/399
f 1758/1/1758 1777/1/1777 1859/1/1859
f 1293/1/1293 1642/1/1642 1601/1/1601
f 968/1/968 106/1/106 869/1/869
f 422/1/422 1362/1/1362 727/1/727
f 475/1/475 1196/1/1196 1221/1/1221
f 1380/1/1380 1449/1/1449 740/1/740
f 1369/1/1369 732/1/732 1449/1/1449
f 1513/1/1513 1414/1/1414 482/1/482
f 1587/1/1587 1026/1/1026 963/1/963
f 1586/1/1586 1179/1/1179 1582/1/1582
f 622/1/622 1637/1/1637 1838/1/1838
f 221/1/221 599/1/599 1261/1/1261
f 788/1/788 329/1/329 328/1/328
f 1719/1/1719 1718/1/1718 1132/1/1132
f 1574/1/1574 285/1/285 1251/1/1251
f 1277/1/1277 1254/1/1254 1270/1/1270
f 1099/1/1099 941/1/941 1640/1/1640
f 284/1/284 929/1/929 267/1/267
f 683/1/683 957/1/957 986/1/986
f 528/1/528 1915/1/1915 1942/1/1942
f 1225/1/1225 849/1/849 848/1/848
f 1366/1/1366 1376/1/1376 728/1/728
f 1851/1/1851 937/1/937 1852/1/1852
f 1540/1/1540 1314/1/1314 1317/1/1317
f 1629/1/1629 923/1/923 924/1/924
f 1251/1/1251 1225/1/1225 1172/1/1172
f 916/1/916 1820/1/1820 459/1/459
f 1921/1/1921 1279/1/1279 465/1/465
f 329/1/329 1511/1/1511 328/1/328
f 862/1/862 575/1/575 329/1/329
f 380/1/380 788/1/788 328/1/328
f 676/1/676 1706/1/1706 976/1/976
f 1288/1/1288 1846/1/1846 1636/1/1636
f 913/1/913 1069/1/1069 602/1/602
f 220/1/220 259/1/259 614/1/614
f 614/1/614 613/1/613 921/1/921
f 1605/1/1605 471/1/471 614/1/614
f 1668/1/1668 390/1/390 398/1/398
f 1717/1/1717 992/1/992 687/1/687
f 386/1/386 395/1/395 955/1/955
f 1442/1/1442 662/1/662 881/1/881
f 1379/1/1379 561/1/561 777/1/777
f 248/1/248 218/1/218 1818/1/1818
f 474/1/474 1221/1/1221 844/1/844
f 458/1/458 569/1/569 1282/1/1282
f 949/1/949 994/1/994 955/1/955
f 1928/1/1928 1917/1/1917 1935/1/1935
f 545/1/545 750/1/750 1499/1/1499
f 73/1/73 179/1/179 1105/1/1105
f 1473/1/1473 309/1/309 1500/1/1500
f 1034/1/1034 265/1/265 1594/1/1594
f 265/1/265 922/1/922 1270/1/1270
f 504/1/504 801/1/801 1512/1/1512
f 174/1/174 585/1/585 1154/1/1154
f 1911/1/1911 1888/1/1888 1913/1/1913
f 54/1/54 873/1/873 16/1/16
f 565/1/565 1391/1/1391 779/1/779
f 591/1/591 776/1/776 207/1/207
f 183/1/183 207/1/207 1654/1/1654
f 140/1/140 58/1/58 1877/1/1877
f 1434/1/1434 662/1/662 641/1/641
f 773/1/773 1406/1/1406 772/1/772
f 336/1/336 768/1/768 1476/1/1476
f 294/1/294 389/1/389 1127/1/1127
f 780/1/780 358/1/358 660/1/660
f 834/1/834 1259/1/1259 1794/1/1794
f 922/1/922 1794/1/1794 1270/1/1270
f 1861/1/1861 897/1/897 1989/1/1989
f 1861/1/1861 1409/1/1409 815/1/815
f 232/1/232 1045/1/1045 1456/1/1456
f 1339/1/1339 1340/1/1340 1315/1/1315
f 452/1/452 451/1/451 1595/1/1595
f 1318/1/1318 150/1/150 1747/1/1747
f 841/1/841 1836/1/1836 1227/1/1227
f 933/1/933 463/1/463 621/1/621
f 1585/1/1585 1555/1/1555 449/1/449
f 112/1/112 514/1/514 580/1/580
f 1633/1/1633 924/1/924 923/1/923
f 1422/1/1422 1603/1/1603 85/1/85
f 249/1/249 267/1/267 227/1/227
f 684/1/684 585/1/585 188/1/188
f 286/1/286 1076/1/1076 1628/1/1628
f 1080/1/1080 612/1/612 611/1/611
f 863/1/863 287/1/287 244/1/244
f 57/1/57 1865/1/1865 439/1/439
f 1873/1/1873 1859/1/1859 1872/1/1872
f 1704/1/1704 686/1/686 956/1/956
f 258/1/258 1828/1/1828 211/1/211
f 1666/1/1666 567/1/567 562/1/562
f 1840/1/1840 1590/1/1590 1043/1/1043
f 1968/1/1968 2010/1/2010 399/1/399
f 1673/1/1673 988/1/988 586/1/586
f 73/1/73 1716/1/1716 988/1/988
f 961/1/961 46/1/46 988/1/988
f 260/1/260 1222/1/1222 1037/1/1037
f 1229/1/1229 1562/1/1562 1037/1/1037
f 1748/1/1748 1749/1/1749 1426/1/1426
f 1491/1/1491 349/1/349 822/1/822
f 1520/1/1520 1491/1/1491 373/1/373
f 1380/1/1380 799/1/799 1382/1/1382
f 554/1/554 776/1/776 565/1/565
f 1669/1/1669 589/1/589 68/1/68
f 1103/1/1103 1648/1/1648 76/1/76
f 554/1/554 1521/1/1521 776/1/776
f 24/1/24 129/1/129 579/1/579
f 657/1/657 1376/1/1376 1454/1/1454
f 1219/1/1219 1589/1/1589 1193/1/1193
f 1193/1/1193 1239/1/1239 1194/1/1194
f 1734/1/1734 1730/1/1730 1735/1/1735
f 1311/1/1311 1319/1/1319 1543/1/1543
f 326/1/326 1506/1/1506 1472/1/1472
f 11/1/11 1766/1/1766 1768/1/1768
f 88/1/88 1420/1/1420 1419/1/1419
f 568/1/568 778/1/778 1519/1/1519
f 447/1/447 451/1/451 452/1/452
f 1799/1/1799 838/1/838 447/1/447
f 88/1/88 1427/1/1427 1957/1/1957
f 107/1/107 22/1/22 1978/1/1978
f 1397/1/1397 374/1/374 305/1/305
f 1758/1/1758 1767/1/1767 1777/1/1777
f 584/1/584 1677/1/1677 567/1/567
f 1385/1/1385 901/1/901 665/1/665
f 1200/1/1200 1221/1/1221 1196/1/1196
f 1351/1/1351 95/1/95 1753/1/1753
f 1389/1/1389 750/1/750 545/1/545
f 1077/1/1077 1562/1/1562 1182/1/1182
f 1885/1/1885 526/1/526 1960/1/1960
f 440/1/440 1856/1/1856 432/1/432
f 1442/1/1442 641/1/641 662/1/662
f 1012/1/1012 1939/1/1939 1940/1/1940
f 983/1/983 42/1/42 64/1/64
f 1926/1/1926 1920/1/1920 1930/1/1930
f 1798/1/1798 1179/1/1179 1218/1/1218
f 942/1/942 1844/1/1844 1095/1/1095
f 1675/1/1675 766/1/766 71/1/71
f 672/1/672 488/1/488 1435/1/1435
f 248/1/248 1791/1/1791 218/1/218
f 1108/1/1108 2010/1/2010 1968/1/1968
f 1425/1/1425 1604/1/1604 1891/1/1891
f 154/1/154 1539/1/1539 90/1/90
f 694/1/694 1913/1/1913 520/1/520
f 91/1/91 1283/1/1283 466/1/466
f 50/1/50 965/1/965 20/1/20
f 1899/1/1899 1343/1/1343 1544/1/1544
f 182/1/182 1148/1/1148 189/1/189
f 229/1/229 228/1/228 269/1/269
f 104/1/104 1978/1/1978 49/1/49
f 775/1/775 323/1/323 542/1/542
f 775/1/775 542/1/542 323/1/323
f 169/1/169 1163/1/1163 179/1/179
f 1849/1/1849 1201/1/1201 284/1/284
f 1671/1/1671 1706/1/1706 70/1/70
f 618/1/618 620/1/620 1837/1/1837
f 618/1/618 227/1/227 267/1/267
f 1771/1/1771 365/1/365 1784/1/1784
f 347/1/347 361/1/361 844/1/844
f 335/1/335 347/1/347 371/1/371
f 1375/1/1375 736/1/736 1632/1/1632
f 103/1/103 111/1/111 1973/1/1973
f 1540/1/1540 1893/1/1893 1905/1/1905
f 243/1/243 1048/1/1048 940/1/940
f 517/1/517 85/1/85 1004/1/1004
f 772/1/772 562/1/562 1161/1/1161
f 366/1/366 773/1/773 772/1/772
f 1439/1/1439 806/1/806 667/1/667
f 1610/1/1610 1279/1/1279 935/1/935
f 1760/1/1760 1776/1/1776 1763/1/1763
f 1705/1/1705 1711/1/1711 1136/1/1136
f 811/1/811 1355/1/1355 714/1/714
f 582/1/582 433/1/433 581/1/581
f 1131/1/1131 66/1/66 1106/1/1106
f 1925/1/1925 536/1/536 1947/1/1947
f 1617/1/1617 235/1/235 276/1/276
f 680/1/680 486/1/486 485/1/485
f 728/1/728 1376/1/1376 657/1/657
f 791/1/791 719/1/719 1354/1/1354
f 1890/1/1890 1895/1/1895 701/1/701
f 1633/1/1633 459/1/459 1089/1/1089
f 627/1/627 1238/1/1238 370/1/370
f 768/1/768 1510/1/1510 1476/1/1476
f 205/1/205 1678/1/1678 201/1/201
f 791/1/791 1354/1/1354 805/1/805
f 1302/1/1302 1324/1/1324 1753/1/1753
f 520/1/520 703/1/703 519/1/519
f 654/1/654 737/1/737 729/1/729
f 1306/1/1306 1006/1/1006 1539/1/1539
f 1423/1/1423 1337/1/1337 1940/1/1940
f 386/1/386 1435/1/1435 1379/1/1379
f 966/1/966 1860/1/1860 1878/1/1878
f 1645/1/1645 1088/1/1088 627/1/627
f 1088/1/1088 618/1/618 929/1/929
f 1948/1/1948 1096/1/1096 704/1/704
f 46/1/46 986/1/986 957/1/957
f 474/1/474 863/1/863 475/1/475
f 474/1/474 24/1/24 1176/1/1176
f 474/1/474 844/1/844 361/1/361
f 1697/1/1697 335/1/335 371/1/371
f 886/1/886 1697/1/1697 495/1/495
f 1560/1/1560 608/1/608 1075/1/1075
f 1141/1/1141 1712/1/1712 982/1/982
f 1141/1/1141 1379/1/1379 777/1/777
f 790/1/790 718/1/718 730/1/730
f 903/1/903 1842/1/1842 1456/1/1456
f 595/1/595 1643/1/1643 625/1/625
f 1899/1/1899 1337/1/1337 1423/1/1423
f 1544/1/1544 1545/1/1545 94/1/94
f 1722/1/1722 990/1/990 734/1/734
f 803/1/803 650/1/650 1367/1/1367
f 104/1/104 49/1/49 577/1/577
f 104/1/104 28/1/28 1060/1/1060
f 1060/1/1060 1991/1/1991 1870/1/1870
f 104/1/104 873/1/873 54/1/54
f 1276/1/1276 1425/1/1425 1277/1/1277
f 2011/1/2011 1963/1/1963 1999/1/1999
f 1471/1/1471 883/1/883 652/1/652
f 648/1/648 1365/1/1365 406/1/406
f 1159/1/1159 65/1/65 1156/1/1156
f 162/1/162 530/1/530 698/1/698
f 1288/1/1288 461/1/461 1287/1/1287
f 26/1/26 114/1/114 25/1/25
f 114/1/114 516/1/516 507/1/507
f 1871/1/1871 870/1/870 1878/1/1878
f 209/1/209 190/1/190 685/1/685
f 1893/1/1893 1016/1/1016 1910/1/1910
f 954/1/954 992/1/992 392/1/392
f 532/1/532 1748/1/1748 1426/1/1426
f 1541/1/1541 530/1/530 1333/1/1333
f 1124/1/1124 590/1/590 1128/1/1128
f 1011/1/1011 699/1/699 532/1/532
f 359/1/359 1482/1/1482 883/1/883
f 1405/1/1405 416/1/416 809/1/809
f 851/1/851 1233/1/1233 1275/1/1275
f 401/1/401 1374/1/1374 778/1/778
f 143/1/143 1929/1/1929 1924/1/1924
f 1497/1/1497 1496/1/1496 1494/1/1494
f 393/1/393 391/1/391 1720/1/1720
f 688/1/688 204/1/204 1139/1/1139
f 1674/1/1674 985/1/985 204/1/204
f 966/1/966 870/1/870 1061/1/1061
f 861/1/861 859/1/859 455/1/455
f 115/1/115 1211/1/1211 1745/1/1745
f 421/1/421 932/1/932 1639/1/1639
f 773/1/773 1490/1/1490 1485/1/1485
f 1050/1/1050 1098/1/1098 1095/1/1095
f 48/1/48 53/1/53 1972/1/1972
f 1121/1/1121 1707/1/1707 984/1/984
f 386/1/386 1379/1/1379 1141/1/1141
f 1039/1/1039 930/1/930 892/1/892
f 1293/1/1293 611/1/611 1295/1/1295
f 1754/1/1754 437/1/437 434/1/434
f 629/1/629 1042/1/1042 448/1/448
f 496/1/496 1466/1/1466 310/1/310
f 618/1/618 1837/1/1837 227/1/227
f 1246/1/1246 1070/1/1070 705/1/705
f 1453/1/1453 1478/1/1478 1514/1/1514
f 276/1/276 1041/1/1041 1042/1/1042
f 127/1/127 141/1/141 433/1/433
f 219/1/219 242/1/242 254/1/254
f 375/1/375 1500/1/1500 1484/1/1484
f 110/1/110 1746/1/1746 1226/1/1226
f 1751/1/1751 1896/1/1896 1746/1/1746
f 143/1/143 1085/1/1085 1929/1/1929
f 1892/1/1892 91/1/91 1338/1/1338
f 1030/1/1030 1827/1/1827 1093/1/1093
f 2011/1/2011 1999/1/1999 2001/1/2001
f 745/1/745 722/1/722 1359/1/1359
f 692/1/692 1435/1/1435 386/1/386
f 234/1/234 274/1/274 938/1/938
f 299/1/299 188/1/188 43/1/43
f 1181/1/1181 615/1/615 1224/1/1224
f 733/1/733 331/1/331 1371/1/1371
f 1281/1/1281 1421/1/1421 1889/1/1889
f 1045/1/1045 280/1/280 490/1/490
f 1901/1/1901 87/1/87 1912/1/1912
f 405/1/405 762/1/762 557/1/557
f 1321/1/1321 1349/1/1349 1901/1/1901
f 440/1/440 59/1/59 1770/1/1770
f 2/1/2 1999/1/1999 1963/1/1963
f 398/1/398 390/1/390 590/1/590
f 1027/1/1027 1050/1/1050 1095/1/1095
f 920/1/920 279/1/279 1797/1/1797
f 1147/1/1147 1113/1/1113 1717/1/1717
f 891/1/891 270/1/270 889/1/889
f 167/1/167 178/1/178 1653/1/1653
f 346/1/346 557/1/557 1388/1/1388
f 1080/1/1080 1195/1/1195 612/1/612
f 1103/1/1103 1659/1/1659 1150/1/1150
f 442/1/442 1584/1/1584 1268/1/1268
f 880/1/880 656/1/656 307/1/307
f 1452/1/1452 742/1/742 663/1/663
f 893/1/893 1452/1/1452 656/1/656
f 1317/1/1317 1307/1/1307 1740/1/1740
f 1316/1/1316 1540/1/1540 1317/1/1317
f 1777/1/1777 439/1/439 1859/1/1859
f 364/1/364 363/1/363 323/1/323
f 886/1/886 651/1/651 645/1/645
f 476/1/476 810/1/810 889/1/889
f 1621/1/1621 601/1/601 599/1/599
f 354/1/354 1468/1/1468 494/1/494
f 1276/1/1276 1604/1/1604 1425/1/1425
f 275/1/275 224/1/224 276/1/276
f 840/1/840 1829/1/1829 1804/1/1804
f 1804/1/1804 225/1/225 224/1/224
f 1609/1/1609 1203/1/1203 933/1/933
f 1000/1/1000 1535/1/1535 538/1/538
f 893/1/893 417/1/417 1369/1/1369
f 257/1/257 926/1/926 160/1/160
f 508/1/508 1981/1/1981 582/1/582
f 1635/1/1635 1190/1/1190 461/1/461
f 1636/1/1636 231/1/231 273/1/273
f 1455/1/1455 810/1/810 895/1/895
f 1683/1/1683 985/1/985 1674/1/1674
f 1839/1/1839 1828/1/1828 601/1/601
f 1587/1/1587 1226/1/1226 1804/1/1804
f 971/1/971 1096/1/1096 874/1/874
f 1096/1/1096 13/1/13 1831/1/1831
f 1099/1/1099 1640/1/1640 232/1/232
f 519/1/519 527/1/527 1009/1/1009
f 745/1/745 1359/1/1359 718/1/718
f 440/1/440 1857/1/1857 1856/1/1856
f 440/1/440 1779/1/1779 59/1/59
f 440/1/440 432/1/432 1300/1/1300
f 31/1/31 1650/1/1650 1654/1/1654
f 1833/1/1833 1035/1/1035 1083/1/1083
f 891/1/891 889/1/889 1455/1/1455
f 1664/1/1664 201/1/201 1678/1/1678
f 1120/1/1120 1117/1/1117 1141/1/1141
f 1453/1/1453 652/1/652 723/1/723
f 1948/1/1948 1934/1/1934 874/1/874
f 1094/1/1094 615/1/615 924/1/924
f 1690/1/1690 126/1/126 129/1/129
f 121/1/121 431/1/431 129/1/129
f 1087/1/1087 276/1/276 1042/1/1042
f 1683/1/1683 1674/1/1674 1684/1/1684
f 550/1/550 484/1/484 1483/1/1483
f 1043/1/1043 1635/1/1635 931/1/931
f 1028/1/1028 216/1/216 278/1/278
f 1378/1/1378 1517/1/1517 1481/1/1481
f 680/1/680 1119/1/1119 974/1/974
f 1064/1/1064 1262/1/1262 1186/1/1186
f 1644/1/1644 945/1/945 1090/1/1090
f 987/1/987 1131/1/1131 1106/1/1106
f 407/1/407 802/1/802 1691/1/1691
f 572/1/572 859/1/859 1510/1/1510
f 1733/1/1733 1778/1/1778 106/1/106
f 1894/1/1894 1531/1/1531 1419/1/1419
f 1107/1/1107 1657/1/1657 186/1/186
f 562/1/562 1107/1/1107 1161/1/1161
f 1564/1/1564 1189/1/1189 1599/1/1599
f 1235/1/1235 1040/1/1040 619/1/619
f 1246/1/1246 705/1/705 151/1/151
f 467/1/467 1191/1/1191 1285/1/1285
f 461/1/461 1190/1/1190 1191/1/1191
f 578/1/578 1060/1/1060 113/1/113
f 1832/1/1832 1081/1/1081 1044/1/1044
f 50/1/50 852/1/852 965/1/965
f 852/1/852 1831/1/1831 13/1/13
f 739/1/739 415/1/415 1634/1/1634
f 418/1/418 739/1/739 624/1/624
f 908/1/908 498/1/498 407/1/407
f 1314/1/1314 1331/1/1331 847/1/847
f 1120/1/1120 295/1/295 1703/1/1703
f 1849/1/1849 267/1/267 836/1/836
f 1502/1/1502 543/1/543 302/1/302
f 1291/1/1291 473/1/473 1606/1/1606
f 1516/1/1516 1480/1/1480 659/1/659
f 1667/1/1667 1154/1/1154 63/1/63
f 574/1/574 724/1/724 351/1/351
f 1361/1/1361 1444/1/1444 724/1/724
f 1411/1/1411 1361/1/1361 783/1/783
f 349/1/349 312/1/312 1504/1/1504
f 349/1/349 1504/1/1504 312/1/312
f 281/1/281 613/1/613 614/1/614
f 146/1/146 1544/1/1544 1014/1/1014
f 283/1/283 1841/1/1841 1847/1/1847
f 1973/1/1973 1974/1/1974 21/1/21
f 160/1/160 926/1/926 529/1/529
f 237/1/237 1831/1/1831 1642/1/1642
f 1789/1/1789 626/1/626 1257/1/1257
f 1667/1/1667 592/1/592 174/1/174
f 1395/1/1395 1394/1/1394 558/1/558
f 1766/1/1766 138/1/138 438/1/438
f 1247/1/1247 449/1/449 1607/1/1607
f 450/1/450 449/1/449 846/1/846
f 539/1/539 1428/1/1428 164/1/164
f 698/1/698 1945/1/1945 1897/1/1897
f 1541/1/1541 1013/1/1013 530/1/530
f 504/1/504 770/1/770 481/1/481
f 1714/1/1714 1124/1/1124 1718/1/1718
f 1750/1/1750 1417/1/1417 1304/1/1304
f 1135/1/1135 588/1/588 387/1/387
f 316/1/316 488/1/488 637/1/637
f 511/1/511 506/1/506 110/1/110
f 1965/1/1965 1963/1/1963 2011/1/2011
f 534/1/534 535/1/535 1919/1/1919
f 1773/1/1773 1769/1/1769 1990/1/1990
f 826/1/826 1621/1/1621 221/1/221
f 576/1/576 1680/1/1680 787/1/787
f 126/1/126 1869/1/1869 1879/1/1879
f 1181/1/1181 924/1/924 615/1/615
f 524/1/524 1533/1/1533 1958/1/1958
f 1754/1/1754 434/1/434 1756/1/1756
f 757/1/757 360/1/360 369/1/369
f 765/1/765 792/1/792 544/1/544
f 1597/1/1597 617/1/617 1271/1/1271
f 838/1/838 1568/1/1568 1241/1/1241
f 1851/1/1851 484/1/484 937/1/937
f 1453/1/1453 1514/1/1514 327/1/327
f 169/1/169 1143/1/1143 1163/1/1163
f 1005/1/1005 257/1/257 522/1/522
f 1209/1/1209 1799/1/1799 1278/1/1278
f 616/1/616 268/1/268 1038/1/1038
f 610/1/610 1038/1/1038 1830/1/1830
f 1692/1/1692 749/1/749 501/1/501
f 171/1/171 167/1/167 1662/1/1662
f 735/1/735 324/1/324 356/1/356
f 669/1/669 357/1/357 1447/1/1447
f 905/1/905 1448/1/1448 885/1/885
f 905/1/905 815/1/815 1409/1/1409
f 885/1/885 715/1/715 815/1/815
f 1252/1/1252 1199/1/1199 1244/1/1244
f 1171/1/1171 465/1/465 1903/1/1903
f 1147/1/1147 1717/1/1717 692/1/692
f 1011/1/1011 271/1/271 699/1/699
f 284/1/284 1201/1/1201 1289/1/1289
f 1036/1/1036 1834/1/1834 615/1/615
f 1801/1/1801 1066/1/1066 606/1/606
f 1792/1/1792 368/1/368 341/1/341
f 127/1/127 1988/1/1988 1875/1/1875
f 520/1/520 1913/1/1913 156/1/156
f 1183/1/1183 1081/1/1081 1832/1/1832
f 1082/1/1082 1269/1/1269 1081/1/1081
f 743/1/743 895/1/895 804/1/804
f 380/1/380 1397/1/1397 1389/1/1389
f 1199/1/1199 1047/1/1047 857/1/857
f 134/1/134 1299/1/1299 133/1/133
f 403/1/403 774/1/774 564/1/564
f 1368/1/1368 730/1/730 410/1/410
f 396/1/396 996/1/996 1727/1/1727
f 1594/1/1594 1270/1/1270 1254/1/1254
f 25/1/25 114/1/114 510/1/510
f 1608/1/1608 1086/1/1086 1850/1/1850
f 1631/1/1631 1087/1/1087 1086/1/1086
f 1491/1/1491 627/1/627 370/1/370
f 153/1/153 531/1/531 1010/1/1010
f 1750/1/1750 1944/1/1944 934/1/934
f 934/1/934 1914/1/1914 1076/1/1076
f 1099/1/1099 278/1/278 947/1/947
f 1587/1/1587 1804/1/1804 275/1/275
f 278/1/278 1842/1/1842 1639/1/1639
f 213/1/213 1246/1/1246 460/1/460
f 469/1/469 1175/1/1175 1174/1/1174
f 649/1/649 1979/1/1979 1026/1/1026
f 586/1/586 1679/1/1679 198/1/198
f 735/1/735 1370/1/1370 733/1/733
f 816/1/816 817/1/817 731/1/731
f 687/1/687 954/1/954 655/1/655
f 1574/1/1574 1231/1/1231 1212/1/1212
f 1784/1/1784 436/1/436 439/1/439
f 591/1/591 565/1/565 776/1/776
f 591/1/591 207/1/207 183/1/183
f 1994/1/1994 2001/1/2001 1999/1/1999
f 154/1/154 694/1/694 1009/1/1009
f 1695/1/1695 1691/1/1691 1107/1/1107
f 161/1/161 149/1/149 1008/1/1008
f 537/1/537 1018/1/1018 161/1/161
f 735/1/735 74/1/74 1370/1/1370
f 89/1/89 1929/1/1929 1916/1/1916
f 885/1/885 1448/1/1448 645/1/645
f 1294/1/1294 1295/1/1295 1606/1/1606
f 341/1/341 368/1/368 1477/1/1477
f 1537/1/1537 1335/1/1335 1342/1/1342
f 370/1/370 1238/1/1238 1518/1/1518
f 896/1/896 1438/1/1438 736/1/736
f 863/1/863 1791/1/1791 1818/1/1818
f 1109/1/1109 1135/1/1135 387/1/387
f 331/1/331 1655/1/1655 208/1/208
f 531/1/531 518/1/518 163/1/163
f 425/1/425 1299/1/1299 120/1/120
f 1216/1/1216 1256/1/1256 1787/1/1787
f 807/1/807 775/1/775 735/1/735
f 699/1/699 1424/1/1424 532/1/532
f 521/1/521 1003/1/1003 704/1/704
f 1875/1/1875 1987/1/1987 141/1/141
f 1329/1/1329 529/1/529 1001/1/1001
f 1153/1/1153 1484/1/1484 292/1/292
f 152/1/152 163/1/163 1539/1/1539
f 1539/1/1539 1917/1/1917 90/1/90
f 1944/1/1944 1006/1/1006 934/1/934
f 1539/1/1539 1006/1/1006 1917/1/1917
f 307/1/307 656/1/656 1475/1/1475
f 365/1/365 887/1/887 1475/1/1475
f 101/1/101 138/1/138 116/1/116
f 1224/1/1224 615/1/615 1834/1/1834
f 1513/1/1513 77/1/77 189/1/189
f 1692/1/1692 411/1/411 769/1/769
f 411/1/411 1134/1/1134 769/1/769
f 1478/1/1478 331/1/331 1514/1/1514
f 1522/1/1522 374/1/374 781/1/781
f 560/1/560 765/1/765 1522/1/1522
f 1170/1/1170 1582/1/1582 1828/1/1828
f 1468/1/1468 794/1/794 1392/1/1392
f 5/1/5 866/1/866 1731/1/1731
f 778/1/778 334/1/334 499/1/499
f 941/1/941 625/1/625 1640/1/1640
f 1099/1/1099 947/1/947 941/1/941
f 1882/1/1882 1858/1/1858 1853/1/1853
f 1177/1/1177 466/1/466 914/1/914
f 648/1/648 763/1/763 332/1/332
f 1352/1/1352 1747/1/1747 150/1/150
f 745/1/745 1387/1/1387 1461/1/1461
f 1350/1/1350 1739/1/1739 1897/1/1897
f 1605/1/1605 921/1/921 1186/1/1186
f 1346/1/1346 1935/1/1935 1750/1/1750
f 1281/1/1281 1889/1/1889 93/1/93
f 467/1/467 1236/1/1236 1191/1/1191
f 1100/1/1100 1573/1/1573 843/1/843
f 932/1/932 1404/1/1404 462/1/462
f 1296/1/1296 1068/1/1068 1097/1/1097
f 1811/1/1811 1237/1/1237 852/1/852
f 1497/1/1497 758/1/758 571/1/571
f 1220/1/1220 1828/1/1828 258/1/258
f 1453/1/1453 327/1/327 652/1/652
f 860/1/860 1564/1/1564 1240/1/1240
f 1782/1/1782 649/1/649 1454/1/1454
f 429/1/429 99/1/99 430/1/430
f 1970/1/1970 2012/1/2012 1702/1/1702
f 1381/1/1381 782/1/782 664/1/664
f 766/1/766 556/1/556 71/1/71
f 1743/1/1743 1325/1/1325 1528/1/1528
f 1301/1/1301 578/1/578 579/1/579
f 1745/1/1745 1323/1/1323 1752/1/1752
f 1652/1/1652 199/1/199 1674/1/1674
f 297/1/297 1130/1/1130 409/1/409
f 728/1/728 639/1/639 719/1/719
f 827/1/827 1798/1/1798 333/1/333
f 1056/1/1056 1034/1/1034 1835/1/1835
f 1811/1/1811 1694/1/1694 368/1/368
f 962/1/962 54/1/54 16/1/16
f 470/1/470 1592/1/1592 1554/1/1554
f 385/1/385 980/1/980 38/1/38
f 385/1/385 38/1/38 980/1/980
f 1287/1/1287 1191/1/1191 1600/1/1600
f 1928/1/1928 1346/1/1346 1900/1/1900
f 576/1/576 496/1/496 303/1/303
f 413/1/413 1460/1/1460 496/1/496
f 539/1/539 517/1/517 226/1/226
f 654/1/654 45/1/45 498/1/498
f 1543/1/1543 1341/1/1341 1318/1/1318
f 389/1/389 388/1/388 989/1/989
f 629/1/629 1641/1/1641 1249/1/1249
f 1513/1/1513 189/1/189 906/1/906
f 1507/1/1507 320/1/320 1517/1/1517
f 1629/1/1629 924/1/924 1185/1/1185
f 394/1/394 976/1/976 588/1/588
f 709/1/709 727/1/727 636/1/636
f 1725/1/1725 81/1/81 190/1/190
f 315/1/315 425/1/425 771/1/771
f 484/1/484 1280/1/1280 937/1/937
f 1192/1/1192 1601/1/1601 852/1/852
f 1801/1/1801 829/1/829 1043/1/1043
f 1664/1/1664 994/1/994 75/1/75
f 380/1/380 1389/1/1389 1508/1/1508
f 1977/1/1977 963/1/963 1979/1/1979
f 15/1/15 1977/1/1977 872/1/872
f 285/1/285 1052/1/1052 1225/1/1225
f 127/1/127 1758/1/1758 1988/1/1988
f 578/1/578 113/1/113 515/1/515
f 84/1/84 1749/1/1749 1740/1/1740
f 967/1/967 1733/1/1733 968/1/968
f 348/1/348 1398/1/1398 1701/1/1701
f 497/1/497 414/1/414 737/1/737
f 654/1/654 498/1/498 497/1/497
f 654/1/654 375/1/375 45/1/45
f 873/1/873 865/1/865 970/1/970
f 1458/1/1458 892/1/892 653/1/653
f 1153/1/1153 375/1/375 1484/1/1484
f 154/1/154 1911/1/1911 694/1/694
f 1316/1/1316 1345/1/1345 1893/1/1893
f 975/1/975 1728/1/1728 1679/1/1679
f 1297/1/1297 437/1/437 1754/1/1754
f 697/1/697 529/1/529 926/1/926
f 78/1/78 1679/1/1679 1728/1/1728
f 1639/1/1639 932/1/932 854/1/854
f 978/1/978 1710/1/1710 952/1/952
f 241/1/241 531/1/531 153/1/153
f 717/1/717 928/1/928 806/1/806
f 206/1/206 1162/1/1162 184/1/184
f 368/1/368 367/1/367 1477/1/1477
f 1463/1/1463 1436/1/1436 1509/1/1509
f 1306/1/1306 1793/1/1793 1914/1/1914
f 337/1/337 1517/1/1517 1378/1/1378
f 1346/1/1346 1543/1/1543 1900/1/1900
f 910/1/910 608/1/608 253/1/253
f 1566/1/1566 853/1/853 1240/1/1240
f 1609/1/1609 1583/1/1583 1204/1/1204
f 780/1/780 660/1/660 1807/1/1807
f 628/1/628 1067/1/1067 1823/1/1823
f 837/1/837 249/1/249 454/1/454
f 107/1/107 1976/1/1976 52/1/52
f 299/1/299 43/1/43 1651/1/1651
f 350/1/350 574/1/574 351/1/351
f 999/1/999 1308/1/1308 1533/1/1533
f 1620/1/1620 1047/1/1047 699/1/699
f 555/1/555 647/1/647 360/1/360
f 404/1/404 1483/1/1483 812/1/812
f 555/1/555 1396/1/1396 800/1/800
f 1447/1/1447 1512/1/1512 801/1/801
f 12/1/12 2006/1/2006 2014/1/2014
f 1407/1/1407 340/1/340 1512/1/1512
f 1306/1/1306 1914/1/1914 1006/1/1006
f 681/1/681 1148/1/1148 1115/1/1115
f 418/1/418 624/1/624 1035/1/1035
f 946/1/946 1027/1/1027 593/1/593
f 1765/1/1765 1989/1/1989 1858/1/1858
f 771/1/771 1523/1/1523 1489/1/1489
f 1783/1/1783 56/1/56 1857/1/1857
f 1233/1/1233 1282/1/1282 1806/1/1806
f 1059/1/1059 1732/1/1732 1864/1/1864
f 1746/1/1746 1421/1/1421 1226/1/1226
f 1124/1/1124 2009/1/2009 1966/1/1966
f 510/1/510 114/1/114 507/1/507
f 82/1/82 1727/1/1727 996/1/996
f 770/1/770 549/1/549 1708/1/1708
f 219/1/219 239/1/239 1079/1/1079
f 2004/1/2004 1964/1/1964 2006/1/2006
f 1850/1/1850 1086/1/1086 1055/1/1055
f 1306/1/1306 518/1/518 241/1/241
f 464/1/464 1196/1/1196 1090/1/1090
f 1164/1/1164 960/1/960 44/1/44
f 1340/1/1340 1016/1/1016 1893/1/1893
f 1956/1/1956 1957/1/1957 1427/1/1427
f 612/1/612 1228/1/1228 1848/1/1848
f 1433/1/1433 679/1/679 292/1/292
f 93/1/93 1950/1/1950 1180/1/1180
f 291/1/291 682/1/682 1129/1/1129
f 275/1/275 1804/1/1804 224/1/224
f 742/1/742 1880/1/1880 663/1/663
f 1452/1/1452 663/1/663 656/1/656
f 214/1/214 270/1/270 1819/1/1819
f 1965/1/1965 2012/1/2012 1970/1/1970
f 2012/1/2012 1163/1/1163 1143/1/1143
f 1142/1/1142 1143/1/1143 192/1/192
f 98/1/98 137/1/137 132/1/132
f 470/1/470 849/1/849 466/1/466
f 1931/1/1931 1016/1/1016 1894/1/1894
f 1152/1/1152 589/1/589 1658/1/1658
f 637/1/637 718/1/718 882/1/882
f 915/1/915 617/1/617 1616/1/1616
f 992/1/992 1677/1/1677 392/1/392
f 716/1/716 501/1/501 795/1/795
f 813/1/813 1457/1/1457 501/1/501
f 96/1/96 1542/1/1542 1541/1/1541
f 1752/1/1752 1904/1/1904 96/1/96
f 1764/1/1764 1775/1/1775 1779/1/1779
f 237/1/237 1096/1/1096 1831/1/1831
f 88/1/88 1957/1/1957 1551/1/1551
f 1828/1/1828 1582/1/1582 599/1/599
f 1235/1/1235 1221/1/1221 1200/1/1200
f 158/1/158 536/1/536 1343/1/1343
f 1214/1/1214 1173/1/1173 1556/1/1556
f 324/1/324 1371/1/1371 331/1/331
f 1592/1/1592 1283/1/1283 1803/1/1803
f 650/1/650 1445/1/1445 1446/1/1446
f 2004/1/2004 1763/1/1763 1964/1/1964
f 1471/1/1471 327/1/327 1469/1/1469
f 1293/1/1293 1295/1/1295 1642/1/1642
f 134/1/134 133/1/133 119/1/119
f 1993/1/1993 97/1/97 119/1/119
f 360/1/360 647/1/647 646/1/646
f 646/1/646 1400/1/1400 369/1/369
f 1272/1/1272 456/1/456 1286/1/1286
f 1029/1/1029 1553/1/1553 260/1/260
f 648/1/648 332/1/332 1400/1/1400
f 1742/1/1742 1741/1/1741 1309/1/1309
f 1741/1/1741 92/1/92 1751/1/1751
f 1287/1/1287 461/1/461 1191/1/1191
f 1019/1/1019 1918/1/1918 1943/1/1943
f 81/1/81 977/1/977 1689/1/1689
f 428/1/428 136/1/136 135/1/135
f 570/1/570 1700/1/1700 571/1/571
f 820/1/820 821/1/821 570/1/570
f 1724/1/1724 75/1/75 1137/1/1137
f 1724/1/1724 689/1/689 958/1/958
f 1667/1/1667 63/1/63 202/1/202
f 15/1/15 1736/1/1736 17/1/17
f 292/1/292 679/1/679 200/1/200
f 553/1/553 1404/1/1404 421/1/421
f 275/1/275 276/1/276 235/1/235
f 836/1/836 267/1/267 249/1/249
f 434/1/434 1879/1/1879 138/1/138
f 480/1/480 879/1/879 881/1/881
f 1245/1/1245 1572/1/1572 472/1/472
f 810/1/810 731/1/731 804/1/804
f 1781/1/1781 1774/1/1774 435/1/435
f 1781/1/1781 1990/1/1990 1769/1/1769
f 1564/1/1564 1599/1/1599 1219/1/1219
f 2008/1/2008 987/1/987 10/1/10
f 1303/1/1303 513/1/513 850/1/850
f 1388/1/1388 762/1/762 1684/1/1684
f 1849/1/1849 284/1/284 267/1/267
f 1621/1/1621 599/1/599 221/1/221
f 1702/1/1702 2012/1/2012 1143/1/1143
f 651/1/651 634/1/634 715/1/715
f 1960/1/1960 1017/1/1017 1046/1/1046
f 1084/1/1084 603/1/603 1260/1/1260
f 974/1/974 1661/1/1661 1662/1/1662
f 700/1/700 1924/1/1924 1929/1/1929
f 486/1/486 37/1/37 644/1/644
f 1132/1/1132 1128/1/1128 986/1/986
f 535/1/535 147/1/147 702/1/702
f 1321/1/1321 162/1/162 538/1/538
f 901/1/901 293/1/293 1459/1/1459
f 325/1/325 293/1/293 206/1/206
f 655/1/655 491/1/491 876/1/876
f 1782/1/1782 60/1/60 1783/1/1783
f 256/1/256 1822/1/1822 1048/1/1048
f 194/1/194 1490/1/1490 899/1/899
f 174/1/174 210/1/210 188/1/188
f 468/1/468 855/1/855 1267/1/1267
f 991/1/991 1656/1/1656 1676/1/1676
f 991/1/991 688/1/688 1139/1/1139
f 826/1/826 221/1/221 493/1/493
f 854/1/854 932/1/932 462/1/462
f 886/1/886 645/1/645 1697/1/1697
f 1580/1/1580 1560/1/1560 1210/1/1210
f 900/1/900 767/1/767 1509/1/1509
f 818/1/818 725/1/725 1355/1/1355
f 890/1/890 319/1/319 402/1/402
f 2007/1/2007 2001/1/2001 11/1/11
f 818/1/818 943/1/943 419/1/419
f 390/1/390 683/1/683 986/1/986
f 820/1/820 1501/1/1501 323/1/323
f 1626/1/1626 1071/1/1071 940/1/940
f 468/1/468 1267/1/1267 1266/1/1266
f 468/1/468 1570/1/1570 855/1/855
f 1610/1/1610 1202/1/1202 468/1/468
f 900/1/900 408/1/408 767/1/767
f 542/1/542 323/1/323 363/1/363
f 1492/1/1492 379/1/379 1525/1/1525
f 1995/1/1995 2002/1/2002 1996/1/1996
f 1827/1/1827 623/1/623 1093/1/1093
f 1242/1/1242 1603/1/1603 1243/1/1243
f 683/1/683 300/1/300 1728/1/1728
f 1783/1/1783 1857/1/1857 1761/1/1761
f 512/1/512 1331/1/1331 1905/1/1905
f 786/1/786 905/1/905 1409/1/1409
f 1244/1/1244 1809/1/1809 1198/1/1198
f 744/1/744 630/1/630 1461/1/1461
f 892/1/892 1438/1/1438 653/1/653
f 785/1/785 420/1/420 1383/1/1383
f 785/1/785 1524/1/1524 902/1/902
f 1242/1/1242 856/1/856 279/1/279
f 44/1/44 960/1/960 394/1/394
f 1645/1/1645 618/1/618 1088/1/1088
f 1320/1/1320 1348/1/1348 1751/1/1751
f 1247/1/1247 846/1/846 449/1/449
f 1430/1/1430 1493/1/1493 377/1/377
f 345/1/345 558/1/558 1394/1/1394
f 444/1/444 600/1/600 412/1/412
f 102/1/102 968/1/968 869/1/869
f 1201/1/1201 1197/1/1197 1289/1/1289
f 172/1/172 41/1/41 1676/1/1676
f 147/1/147 1930/1/1930 1920/1/1920
f 378/1/378 422/1/422 1481/1/1481
f 1850/1/1850 245/1/245 1248/1/1248
f 197/1/197 2000/1/2000 2010/1/2010
f 956/1/956 44/1/44 997/1/997
f 1151/1/1151 956/1/956 196/1/196
f 475/1/475 244/1/244 945/1/945
f 1110/1/1110 1658/1/1658 80/1/80
f 945/1/945 1646/1/1646 1090/1/1090
f 1368/1/1368 1396/1/1396 555/1/555
f 106/1/106 1035/1/1035 1833/1/1833
f 897/1/897 1778/1/1778 1989/1/1989
f 1641/1/1641 626/1/626 1195/1/1195
f 822/1/822 349/1/349 312/1/312
f 1882/1/1882 1765/1/1765 1858/1/1858
f 1514/1/1514 331/1/331 208/1/208
f 1491/1/1491 370/1/370 1518/1/1518
f 1407/1/1407 743/1/743 1384/1/1384
f 171/1/171 1661/1/1661 190/1/190
f 758/1/758 570/1/570 571/1/571
f 183/1/183 1654/1/1654 1650/1/1650
f 1520/1/1520 373/1/373 1698/1/1698
f 5/1/5 1731/1/1731 1905/1/1905
f 1321/1/1321 538/1/538 1349/1/1349
f 737/1/737 1715/1/1715 729/1/729
f 123/1/123 433/1/433 1759/1/1759
f 220/1/220 222/1/222 1036/1/1036
f 281/1/281 259/1/259 942/1/942
f 2/1/2 2010/1/2010 1/1/1
f 901/1/901 1459/1/1459 665/1/665
f 1250/1/1250 861/1/861 1573/1/1573
f 566/1/566 1699/1/1699 1488/1/1488
f 1067/1/1067 1830/1/1830 1038/1/1038
f 752/1/752 735/1/735 775/1/775
f 1034/1/1034 247/1/247 1835/1/1835
f 1963/1/1963 1968/1/1968 399/1/399
f 1965/1/1965 1970/1/1970 1963/1/1963
f 80/1/80 585/1/585 1670/1/1670
f 79/1/79 1110/1/1110 80/1/80
f 692/1/692 1717/1/1717 301/1/301
f 784/1/784 819/1/819 503/1/503
f 418/1/418 415/1/415 739/1/739
f 624/1/624 739/1/739 1634/1/1634
f 95/1/95 1956/1/1956 1427/1/1427
f 1596/1/1596 1693/1/1693 1401/1/1401
f 1735/1/1735 1058/1/1058 967/1/967
f 1829/1/1829 225/1/225 1804/1/1804
f 71/1/71 1102/1/1102 288/1/288
f 1380/1/1380 1382/1/1382 666/1/666
f 146/1/146 1545/1/1545 1544/1/1544
f 249/1/249 227/1/227 1082/1/1082
f 944/1/944 1640/1/1640 625/1/625
f 31/1/31 99/1/99 137/1/137
f 128/1/128 430/1/430 99/1/99
f 944/1/944 1643/1/1643 280/1/280
f 1868/1/1868 131/1/131 140/1/140
f 797/1/797 1444/1/1444 1361/1/1361
f 1469/1/1469 327/1/327 635/1/635
f 1756/1/1756 434/1/434 138/1/138
f 225/1/225 266/1/266 1228/1/1228
f 825/1/825 907/1/907 904/1/904
f 375/1/375 1649/1/1649 953/1/953
f 905/1/905 885/1/885 815/1/815
f 1580/1/1580 1960/1/1960 1207/1/1207
f 902/1/902 408/1/408 420/1/420
f 1918/1/1918 1931/1/1931 1943/1/1943
f 1943/1/1943 1894/1/1894 151/1/151
f 413/1/413 712/1/712 1460/1/1460
f 1868/1/1868 33/1/33 131/1/131
f 539/1/539 1843/1/1843 1428/1/1428
f 1051/1/1051 266/1/266 1829/1/1829
f 1471/1/1471 1469/1/1469 1503/1/1503
f 67/1/67 1111/1/1111 984/1/984
f 313/1/313 573/1/573 305/1/305
f 795/1/795 501/1/501 1457/1/1457
f 1741/1/1741 1751/1/1751 1311/1/1311
f 1729/1/1729 996/1/996 1144/1/1144
f 1851/1/1851 1852/1/1852 1837/1/1837
f 2013/1/2013 193/1/193 176/1/176
f 282/1/282 241/1/241 1048/1/1048
f 1248/1/1248 1463/1/1463 1217/1/1217
f 1744/1/1744 87/1/87 1535/1/1535
f 1886/1/1886 89/1/89 1344/1/1344
f 1354/1/1354 661/1/661 740/1/740
f 1645/1/1645 627/1/627 419/1/419
f 446/1/446 605/1/605 1263/1/1263
f 1594/1/1594 265/1/265 1270/1/1270
f 1671/1/1671 588/1/588 976/1/976
f 1761/1/1761 1770/1/1770 1864/1/1864
f 1705/1/1705 1708/1/1708 1134/1/1134
f 1716/1/1716 1105/1/1105 1129/1/1129
f 667/1/667 806/1/806 408/1/408
f 1252/1/1252 1244/1/1244 1198/1/1198
f 1147/1/1147 77/1/77 1113/1/1113
f 873/1/873 970/1/970 16/1/16
f 107/1/107 14/1/14 1976/1/1976
f 1416/1/1416 311/1/311 568/1/568
f 472/1/472 1572/1/1572 1813/1/1813
f 1962/1/1962 397/1/397 1966/1/1966
f 734/1/734 990/1/990 985/1/985
f 1981/1/1981 1061/1/1061 1866/1/1866
f 1165/1/1165 74/1/74 1467/1/1467
f 651/1/651 720/1/720 1441/1/1441
f 1733/1/1733 106/1/106 968/1/968
f 1778/1/1778 500/1/500 106/1/106
f 1463/1/1463 252/1/252 1436/1/1436
f 301/1/301 876/1/876 1435/1/1435
f 629/1/629 1249/1/1249 1055/1/1055
f 1936/1/1936 1947/1/1947 1959/1/1959
f 653/1/653 889/1/889 270/1/270
f 215/1/215 270/1/270 214/1/214
f 997/1/997 394/1/394 588/1/588
f 1297/1/1297 430/1/430 55/1/55
f 1380/1/1380 667/1/667 799/1/799
f 668/1/668 899/1/899 1413/1/1413
f 1948/1/1948 874/1/874 1096/1/1096
f 1623/1/1623 1279/1/1279 695/1/695
f 465/1/465 1902/1/1902 1903/1/1903
f 371/1/371 1363/1/1363 400/1/400
f 1983/1/1983 59/1/59 1775/1/1775
f 5/1/5 1905/1/1905 696/1/696
f 109/1/109 1905/1/1905 577/1/577
f 1870/1/1870 1058/1/1058 1730/1/1730
f 1561/1/1561 1600/1/1600 1236/1/1236
f 1285/1/1285 1191/1/1191 1190/1/1190
f 1909/1/1909 705/1/705 1614/1/1614
f 234/1/234 938/1/938 230/1/230
f 1353/1/1353 990/1/990 734/1/734
f 6/1/6 179/1/179 1163/1/1163
f 1443/1/1443 289/1/289 636/1/636
f 675/1/675 1691/1/1691 802/1/802
f 1386/1/1386 884/1/884 493/1/493
f 1553/1/1553 1322/1/1322 83/1/83
f 961/1/961 1716/1/1716 682/1/682
f 621/1/621 1091/1/1091 1602/1/1602
f 669/1/669 358/1/358 357/1/357
f 824/1/824 1447/1/1447 801/1/801
f 824/1/824 1386/1/1386 669/1/669
f 504/1/504 1512/1/1512 770/1/770
f 1620/1/1620 271/1/271 231/1/231
f 249/1/249 1082/1/1082 454/1/454
f 1131/1/1131 416/1/416 1391/1/1391
f 1559/1/1559 839/1/839 1802/1/1802
f 995/1/995 395/1/395 1145/1/1145
f 8/1/8 1763/1/1763 2004/1/2004
f 1594/1/1594 1428/1/1428 1843/1/1843
f 1414/1/1414 670/1/670 482/1/482
f 1410/1/1410 1411/1/1411 783/1/783
f 574/1/574 351/1/351 783/1/783
f 574/1/574 783/1/783 351/1/351
f 1048/1/1048 153/1/153 1932/1/1932
f 340/1/340 330/1/330 1512/1/1512
f 505/1/505 111/1/111 105/1/105
f 1062/1/1062 1982/1/1982 505/1/505
f 505/1/505 1974/1/1974 1973/1/1973
f 551/1/551 726/1/726 312/1/312
f 1414/1/1414 423/1/423 670/1/670
f 1320/1/1320 1751/1/1751 1746/1/1746
f 1011/1/1011 532/1/532 1941/1/1941
f 1459/1/1459 1444/1/1444 665/1/665
f 1414/1/1414 906/1/906 671/1/671
f 1162/1/1162 293/1/293 1709/1/1709
f 1492/1/1492 820/1/820 570/1/570
f 448/1/448 1042/1/1042 841/1/841
f 1247/1/1247 1607/1/1607 1598/1/1598
f 1165/1/1165 372/1/372 43/1/43
f 1332/1/1332 1534/1/1534 150/1/150
f 1575/1/1575 1088/1/1088 929/1/929
f 1717/1/1717 1677/1/1677 992/1/992
f 1899/1/1899 1423/1/1423 1343/1/1343
f 1752/1/1752 1740/1/1740 1307/1/1307
f 1610/1/1610 1072/1/1072 1202/1/1202
f 1786/1/1786 1809/1/1809 456/1/456
f 1321/1/1321 1901/1/1901 1426/1/1426
f 946/1/946 1847/1/1847 1050/1/1050
f 1112/1/1112 78/1/78 1138/1/1138
f 723/1/723 652/1/652 883/1/883
f 840/1/840 1180/1/1180 607/1/607
f 1608/1/1608 1850/1/1850 1248/1/1248
f 961/1/961 393/1/393 46/1/46
f 1413/1/1413 899/1/899 1490/1/1490
f 316/1/316 1445/1/1445 376/1/376
f 681/1/681 906/1/906 1148/1/1148
f 1192/1/1192 1237/1/1237 1195/1/1195
f 339/1/339 207/1/207 776/1/776
f 473/1/473 1788/1/1788 1267/1/1267
f 1288/1/1288 1812/1/1812 1846/1/1846
f 1846/1/1846 231/1/231 1636/1/1636
f 1416/1/1416 568/1/568 755/1/755
f 2015/1/2015 2007/1/2007 2008/1/2008
f 2008/1/2008 1131/1/1131 987/1/987
f 893/1/893 494/1/494 417/1/417
f 819/1/819 646/1/646 647/1/647
f 1289/1/1289 1197/1/1197 1245/1/1245
f 1197/1/1197 1284/1/1284 1808/1/1808
f 875/1/875 1982/1/1982 13/1/13
f 154/1/154 1009/1/1009 152/1/152
f 268/1/268 1823/1/1823 1038/1/1038
f 1113/1/1113 782/1/782 72/1/72
f 1153/1/1153 292/1/292 1649/1/1649
f 1771/1/1771 1784/1/1784 1785/1/1785
f 1372/1/1372 771/1/771 100/1/100
f 1888/1/1888 1959/1/1959 1328/1/1328
f 799/1/799 1523/1/1523 793/1/793
f 67/1/67 984/1/984 1707/1/1707
f 1012/1/1012 533/1/533 700/1/700
f 563/1/563 548/1/548 457/1/457
f 1100/1/1100 422/1/422 1250/1/1250
f 826/1/826 422/1/422 1647/1/1647
f 751/1/751 1494/1/1494 1690/1/1690
f 576/1/576 787/1/787 1526/1/1526
f 671/1/671 800/1/800 1396/1/1396
f 314/1/314 1400/1/1400 784/1/784
f 3/1/3 1961/1/1961 397/1/397
f 894/1/894 658/1/658 1515/1/1515
f 1515/1/1515 1500/1/1500 355/1/355
f 1751/1/1751 92/1/92 1896/1/1896
f 1852/1/1852 937/1/937 1082/1/1082
f 1340/1/1340 1893/1/1893 1345/1/1345
f 1233/1/1233 1805/1/1805 1593/1/1593
f 343/1/343 31/1/31 1654/1/1654
f 1111/1/1111 1408/1/1408 729/1/729
f 1652/1/1652 173/1/173 1668/1/1668
f 697/1/697 926/1/926 1092/1/1092
f 158/1/158 1343/1/1343 1344/1/1344
f 1906/1/1906 700/1/700 533/1/533
f 1492/1/1492 308/1/308 1501/1/1501
f 1814/1/1814 1229/1/1229 1037/1/1037
f 1249/1/1249 1237/1/1237 832/1/832
f 233/1/233 1190/1/1190 1840/1/1840
f 1637/1/1637 701/1/701 1955/1/1955
f 1131/1/1131 1768/1/1768 1780/1/1780
f 1178/1/1178 1222/1/1222 260/1/260
f 1336/1/1336 1889/1/1889 1421/1/1421
f 850/1/850 513/1/513 506/1/506
f 506/1/506 580/1/580 1342/1/1342
f 506/1/506 19/1/19 27/1/27
f 1701/1/1701 769/1/769 1399/1/1399
f 1495/1/1495 764/1/764 750/1/750
f 1782/1/1782 1454/1/1454 60/1/60
f 657/1/657 649/1/649 264/1/264
f 1851/1/1851 620/1/620 943/1/943
f 1244/1/1244 1199/1/1199 857/1/857
f 1717/1/1717 72/1/72 1677/1/1677
f 925/1/925 1200/1/1200 1097/1/1097
f 203/1/203 169/1/169 179/1/179
f 1673/1/1673 586/1/586 203/1/203
f 888/1/888 1451/1/1451 1450/1/1450
f 805/1/805 888/1/888 1694/1/1694
f 1364/1/1364 1363/1/1363 415/1/415
f 540/1/540 1940/1/1940 1337/1/1337
f 540/1/540 533/1/533 1012/1/1012
f 823/1/823 1402/1/1402 1383/1/1383
f 1402/1/1402 564/1/564 774/1/774
f 560/1/560 1522/1/1522 781/1/781
f 455/1/455 859/1/859 572/1/572
f 425/1/425 133/1/133 1299/1/1299
f 777/1/777 746/1/746 1712/1/1712
f 740/1/740 1449/1/1449 732/1/732
f 908/1/908 414/1/414 497/1/497
f 1744/1/1744 1953/1/1953 87/1/87
f 1053/1/1053 1584/1/1584 254/1/254
f 809/1/809 1482/1/1482 1696/1/1696
f 1458/1/1458 653/1/653 270/1/270
f 487/1/487 900/1/900 659/1/659
f 1513/1/1513 906/1/906 1414/1/1414
f 1019/1/1019 1897/1/1897 1918/1/1918
f 1319/1/1319 1898/1/1898 1543/1/1543
f 1467/1/1467 635/1/635 372/1/372
f 115/1/115 1745/1/1745 516/1/516
f 720/1/720 1364/1/1364 634/1/634
f 1786/1/1786 1265/1/1265 1246/1/1246
f 1885/1/1885 1266/1/1266 525/1/525
f 1810/1/1810 854/1/854 1808/1/1808
f 576/1/576 1526/1/1526 319/1/319
f 1352/1/1352 150/1/150 1743/1/1743
f 1811/1/1811 832/1/832 1237/1/1237
f 1610/1/1610 468/1/468 1264/1/1264
f 338/1/338 339/1/339 1521/1/1521
f 1434/1/1434 643/1/643 1373/1/1373
f 495/1/495 1697/1/1697 371/1/371
f 886/1/886 495/1/495 651/1/651
f 1055/1/1055 1086/1/1086 596/1/596
f 1282/1/1282 1565/1/1565 1806/1/1806
f 1926/1/1926 161/1/161 1008/1/1008
f 233/1/233 601/1/601 1618/1/1618
f 233/1/233 467/1/467 1285/1/1285
f 1784/1/1784 1762/1/1762 1785/1/1785
f 599/1/599 1582/1/1582 1261/1/1261
f 510/1/510 577/1/577 1975/1/1975
f 34/1/34 389/1/389 294/1/294
f 1974/1/1974 514/1/514 112/1/112
f 224/1/224 1227/1/1227 1041/1/1041
f 353/1/353 345/1/345 1394/1/1394
f 1122/1/1122 734/1/734 990/1/990
f 1122/1/1122 990/1/990 734/1/734
f 860/1/860 1189/1/1189 1564/1/1564
f 1574/1/1574 1212/1/1212 285/1/285
f 586/1/586 198/1/198 203/1/203
f 1739/1/1739 162/1/162 1897/1/1897
f 1382/1/1382 1356/1/1356 1440/1/1440
f 782/1/782 721/1/721 1695/1/1695
f 274/1/274 1085/1/1085 1032/1/1032
f 584/1/584 567/1/567 1666/1/1666
f 896/1/896 736/1/736 1375/1/1375
f 1235/1/1235 925/1/925 1040/1/1040
f 1492/1/1492 570/1/570 379/1/379
f 717/1/717 1439/1/1439 479/1/479
f 759/1/759 570/1/570 758/1/758
f 1558/1/1558 1828/1/1828 1220/1/1220
f 787/1/787 313/1/313 1526/1/1526
f 1694/1/1694 367/1/367 368/1/368
f 658/1/658 292/1/292 1484/1/1484
f 1187/1/1187 1232/1/1232 1598/1/1598
f 1563/1/1563 455/1/455 1187/1/1187
f 1045/1/1045 490/1/490 1456/1/1456
f 1962/1/1962 1966/1/1966 2009/1/2009
f 1240/1/1240 218/1/218 1213/1/1213
f 67/1/67 296/1/296 1102/1/1102
f 875/1/875 971/1/971 1737/1/1737
f 1182/1/1182 1234/1/1234 1599/1/1599
f 104/1/104 1980/1/1980 108/1/108
f 511/1/511 110/1/110 1971/1/1971
f 1250/1/1250 378/1/378 859/1/859
f 1089/1/1089 1275/1/1275 1624/1/1624
f 568/1/568 311/1/311 334/1/334
f 551/1/551 1675/1/1675 950/1/950
f 1573/1/1573 1563/1/1563 843/1/843
f 48/1/48 1972/1/1972 19/1/19
f 1048/1/1048 1932/1/1932 604/1/604
f 633/1/633 478/1/478 887/1/887
f 96/1/96 84/1/84 1740/1/1740
f 1124/1/1124 1128/1/1128 1132/1/1132
f 1178/1/1178 1795/1/1795 1222/1/1222
f 660/1/660 669/1/669 1386/1/1386
f 1051/1/1051 1848/1/1848 266/1/266
f 480/1/480 881/1/881 405/1/405
f 1048/1/1048 1816/1/1816 940/1/940
f 1126/1/1126 995/1/995 1145/1/1145
f 574/1/574 789/1/789 783/1/783
f 554/1/554 779/1/779 1405/1/1405
f 76/1/76 1658/1/1658 589/1/589
f 1380/1/1380 661/1/661 667/1/667
f 283/1/283 1806/1/1806 236/1/236
f 1024/1/1024 217/1/217 1004/1/1004
f 1388/1/1388 557/1/557 762/1/762
f 364/1/364 323/1/323 308/1/308
f 248/1/248 1818/1/1818 1791/1/1791
f 1358/1/1358 638/1/638 732/1/732
f 1585/1/1585 1181/1/1181 1555/1/1555
f 545/1/545 1495/1/1495 750/1/750
f 545/1/545 750/1/750 1495/1/1495
f 1389/1/1389 545/1/545 546/1/546
f 340/1/340 348/1/348 330/1/330
f 1301/1/1301 431/1/431 118/1/118
f 711/1/711 1400/1/1400 1486/1/1486
f 1610/1/1610 935/1/935 598/1/598
f 551/1/551 312/1/312 556/1/556
f 784/1/784 746/1/746 1395/1/1395
f 690/1/690 1726/1/1726 877/1/877
f 1057/1/1057 1044/1/1044 1223/1/1223
f 1188/1/1188 1589/1/1589 1234/1/1234
f 57/1/57 56/1/56 1865/1/1865
f 913/1/913 912/1/912 624/1/624
f 1310/1/1310 1329/1/1329 1418/1/1418
f 1164/1/1164 294/1/294 202/1/202
f 1138/1/1138 300/1/300 686/1/686
f 1969/1/1969 2006/1/2006 1964/1/1964
f 1054/1/1054 1793/1/1793 1822/1/1822
f 1610/1/1610 598/1/598 1072/1/1072
f 1432/1/1432 714/1/714 725/1/725
f 1981/1/1981 105/1/105 17/1/17
f 534/1/534 1919/1/1919 909/1/909
f 1985/1/1985 1990/1/1990 1862/1/1862
f 2001/1/2001 116/1/116 138/1/138
f 612/1/612 626/1/626 1228/1/1228
f 1850/1/1850 1792/1/1792 252/1/252
f 290/1/290 675/1/675 45/1/45
f 1993/1/1993 2003/1/2003 1964/1/1964
f 1908/1/1908 1537/1/1537 1934/1/1934
f 1807/1/1807 898/1/898 269/1/269
f 1018/1/1018 1532/1/1532 149/1/149
f 216/1/216 1842/1/1842 278/1/278
f 360/1/360 646/1/646 369/1/369
f 655/1/655 297/1/297 491/1/491
f 991/1/991 41/1/41 388/1/388
f 784/1/784 1400/1/1400 819/1/819
f 1757/1/1757 633/1/633 887/1/887
f 799/1/799 342/1/342 1523/1/1523
f 672/1/672 637/1/637 488/1/488
f 221/1/221 1261/1/1261 1800/1/1800
f 1994/1/1994 137/1/137 98/1/98
f 1551/1/1551 1957/1/1957 1198/1/1198
f 544/1/544 792/1/792 319/1/319
f 883/1/883 1482/1/1482 809/1/809
f 418/1/418 483/1/483 415/1/415
f 353/1/353 561/1/561 376/1/376
f 1840/1/1840 1190/1/1190 1590/1/1590
f 1638/1/1638 1092/1/1092 939/1/939
f 978/1/978 35/1/35 1710/1/1710
f 1212/1/1212 1084/1/1084 1260/1/1260
f 891/1/891 1462/1/1462 760/1/760
f 1352/1/1352 1546/1/1546 1747/1/1747
f 831/1/831 462/1/462 1404/1/1404
f 1103/1/1103 1159/1/1159 1659/1/1659
f 831/1/831 1518/1/1518 1238/1/1238
f 117/1/117 101/1/101 116/1/116
f 1789/1/1789 841/1/841 1227/1/1227
f 948/1/948 1172/1/1172 1609/1/1609
f 1291/1/1291 1606/1/1606 261/1/261
f 1292/1/1292 1629/1/1629 1627/1/1627
f 1659/1/1659 1108/1/1108 391/1/391
f 624/1/624 1083/1/1083 1035/1/1035
f 846/1/846 258/1/258 920/1/920
f 338/1/338 1521/1/1521 1482/1/1482
f 1886/1/1886 1344/1/1344 1423/1/1423
f 672/1/672 718/1/718 637/1/637
f 250/1/250 622/1/622 1838/1/1838
f 948/1/948 251/1/251 1251/1/1251
f 1929/1/1929 1085/1/1085 927/1/927
f 346/1/346 1489/1/1489 342/1/342
f 911/1/911 600/1/600 444/1/444
f 1120/1/1120 1141/1/1141 982/1/982
f 1363/1/1363 1634/1/1634 415/1/415
f 752/1/752 338/1/338 1467/1/1467
f 115/1/115 516/1/516 114/1/114
f 97/1/97 1964/1/1964 135/1/135
f 521/1/521 1545/1/1545 1003/1/1003
f 1891/1/1891 1184/1/1184 1422/1/1422
f 891/1/891 895/1/895 743/1/743
f 5/1/5 1938/1/1938 866/1/866
f 57/1/57 1874/1/1874 56/1/56
f 1857/1/1857 1874/1/1874 1856/1/1856
f 1472/1/1472 489/1/489 724/1/724
f 1672/1/1672 997/1/997 588/1/588
f 102/1/102 868/1/868 14/1/14
f 730/1/730 423/1/423 410/1/410
f 423/1/423 718/1/718 1359/1/1359
f 1932/1/1932 1637/1/1637 622/1/622
f 1868/1/1868 1757/1/1757 33/1/33
f 375/1/375 1473/1/1473 1500/1/1500
f 48/1/48 963/1/963 871/1/871
f 633/1/633 1357/1/1357 478/1/478
f 1622/1/1622 51/1/51 869/1/869
f 380/1/380 1508/1/1508 788/1/788
f 1389/1/1389 546/1/546 1508/1/1508
f 862/1/862 322/1/322 575/1/575
f 1862/1/1862 1990/1/1990 1853/1/1853
f 339/1/339 343/1/343 207/1/207
f 1203/1/1203 1172/1/1172 1225/1/1225
f 318/1/318 1470/1/1470 731/1/731
f 1002/1/1002 1923/1/1923 696/1/696
f 1368/1/1368 555/1/555 707/1/707
f 1807/1/1807 269/1/269 228/1/228
f 1524/1/1524 377/1/377 667/1/667
f 873/1/873 577/1/577 865/1/865
f 1926/1/1926 1942/1/1942 161/1/161
f 1264/1/1264 1902/1/1902 1279/1/1279
f 824/1/824 669/1/669 1447/1/1447
f 1520/1/1520 349/1/349 1491/1/1491
f 1034/1/1034 238/1/238 239/1/239
f 1121/1/1121 1130/1/1130 980/1/980
f 479/1/479 657/1/657 264/1/264
f 554/1/554 565/1/565 779/1/779
f 512/1/512 1905/1/1905 109/1/109
f 1765/1/1765 55/1/55 1989/1/1989
f 1925/1/1925 1947/1/1947 693/1/693
f 1186/1/1186 1262/1/1262 1591/1/1591
f 1144/1/1144 1127/1/1127 989/1/989
f 1552/1/1552 1479/1/1479 333/1/333
f 117/1/117 132/1/132 139/1/139
f 155/1/155 526/1/526 262/1/262
f 155/1/155 535/1/535 534/1/534
f 495/1/495 720/1/720 651/1/651
f 1065/1/1065 1630/1/1630 460/1/460
f 26/1/26 29/1/29 1578/1/1578
f 1065/1/1065 1262/1/1262 1064/1/1064
f 1242/1/1242 1801/1/1801 1215/1/1215
f 846/1/846 1220/1/1220 258/1/258
f 538/1/538 162/1/162 1739/1/1739
f 1616/1/1616 1597/1/1597 1284/1/1284
f 695/1/695 1279/1/1279 1921/1/1921
f 852/1/852 1601/1/1601 1831/1/1831
f 1011/1/1011 1835/1/1835 226/1/226
f 516/1/516 1745/1/1745 847/1/847
f 1530/1/1530 1338/1/1338 91/1/91
f 1977/1/1977 969/1/969 871/1/871
f 1216/1/1216 1194/1/1194 1256/1/1256
f 477/1/477 904/1/904 1456/1/1456
f 884/1/884 642/1/642 1362/1/1362
f 1933/1/1933 1910/1/1910 1016/1/1016
f 1994/1/1994 117/1/117 1992/1/1992
f 1633/1/1633 923/1/923 459/1/459
f 913/1/913 624/1/624 1634/1/1634
f 1580/1/1580 1903/1/1903 1429/1/1429
f 38/1/38 980/1/980 384/1/384
f 172/1/172 1655/1/1655 989/1/989
f 1821/1/1821 525/1/525 1266/1/1266
f 960/1/960 676/1/676 976/1/976
f 488/1/488 1379/1/1379 1435/1/1435
f 476/1/476 1438/1/1438 816/1/816
f 1112/1/1112 42/1/42 78/1/78
f 1578/1/1578 51/1/51 445/1/445
f 1330/1/1330 1315/1/1315 1345/1/1345
f 104/1/104 54/1/54 28/1/28
f 1976/1/1976 868/1/868 52/1/52
f 752/1/752 541/1/541 338/1/338
f 1497/1/1497 1474/1/1474 335/1/335
f 1211/1/1211 1239/1/1239 1803/1/1803
f 1336/1/1336 1538/1/1538 1889/1/1889
f 1926/1/1926 1930/1/1930 1942/1/1942
f 983/1/983 1140/1/1140 1709/1/1709
f 1147/1/1147 692/1/692 1723/1/1723
f 942/1/942 259/1/259 220/1/220
f 1983/1/1983 1775/1/1775 1855/1/1855
f 1442/1/1442 1472/1/1472 1506/1/1506
f 315/1/315 1674/1/1674 199/1/199
f 716/1/716 383/1/383 1692/1/1692
f 1827/1/1827 909/1/909 623/1/623
f 945/1/945 628/1/628 1646/1/1646
f 426/1/426 1298/1/1298 32/1/32
f 567/1/567 1677/1/1677 1695/1/1695
f 336/1/336 813/1/813 501/1/501
f 1895/1/1895 1955/1/1955 701/1/701
f 1820/1/1820 1022/1/1022 459/1/459
f 177/1/177 208/1/208 1160/1/1160
f 1296/1/1296 1268/1/1268 1068/1/1068
f 736/1/736 1438/1/1438 892/1/892
f 1913/1/1913 1312/1/1312 156/1/156
f 575/1/575 546/1/546 322/1/322
f 1713/1/1713 1670/1/1670 387/1/387
f 474/1/474 475/1/475 1221/1/1221
f 1883/1/1883 84/1/84 1333/1/1333
f 1316/1/1316 1893/1/1893 1540/1/1540
f 1861/1/1861 815/1/815 897/1/897
f 1851/1/1851 943/1/943 484/1/484
f 836/1/836 1210/1/1210 1560/1/1560
f 949/1/949 995/1/995 690/1/690
f 200/1/200 1157/1/1157 180/1/180
f 1860/1/1860 1867/1/1867 1878/1/1878
f 1821/1/1821 1266/1/1266 1579/1/1579
f 1701/1/1701 1399/1/1399 330/1/330
f 1301/1/1301 118/1/118 1991/1/1991
f 552/1/552 128/1/128 31/1/31
f 1216/1/1216 1219/1/1219 1194/1/1194
f 803/1/803 808/1/808 1377/1/1377
f 1367/1/1367 421/1/421 903/1/903
f 949/1/949 395/1/395 995/1/995
f 1256/1/1256 445/1/445 1787/1/1787
f 2007/1/2007 11/1/11 9/1/9
f 1686/1/1686 336/1/336 1390/1/1390
f 978/1/978 2005/1/2005 12/1/12
f 1178/1/1178 1091/1/1091 1795/1/1795
f 383/1/383 411/1/411 1692/1/1692
f 126/1/126 125/1/125 121/1/121
f 903/1/903 1456/1/1456 904/1/904
f 1795/1/1795 835/1/835 1222/1/1222
f 823/1/823 1383/1/1383 420/1/420
f 194/1/194 1485/1/1485 1490/1/1490
f 684/1/684 1665/1/1665 585/1/585
f 325/1/325 1459/1/1459 293/1/293
f 619/1/619 1069/1/1069 1559/1/1559
f 1140/1/1140 1135/1/1135 1109/1/1109
f 1034/1/1034 1843/1/1843 247/1/247
f 1150/1/1150 1659/1/1659 202/1/202
f 1139/1/1139 985/1/985 990/1/990
f 631/1/631 377/1/377 1524/1/1524
f 317/1/317 209/1/209 289/1/289
f 1883/1/1883 1749/1/1749 84/1/84
f 749/1/749 1398/1/1398 1498/1/1498
f 1021/1/1021 1830/1/1830 1067/1/1067
f 913/1/913 839/1/839 1559/1/1559
f 514/1/514 1537/1/1537 1342/1/1342
f 1387/1/1387 1435/1/1435 632/1/632
f 347/1/347 1474/1/1474 361/1/361
f 432/1/432 120/1/120 1299/1/1299
f 672/1/672 1435/1/1435 1387/1/1387
f 26/1/26 47/1/47 29/1/29
f 583/1/583 589/1/589 987/1/987
f 532/1/532 1424/1/1424 1536/1/1536
f 1121/1/1121 984/1/984 1715/1/1715
f 1312/1/1312 1533/1/1533 1532/1/1532
f 401/1/401 790/1/790 1374/1/1374
f 1314/1/1314 1752/1/1752 1307/1/1307
f 1496/1/1496 502/1/502 1690/1/1690
f 694/1/694 520/1/520 519/1/519
f 916/1/916 1797/1/1797 858/1/858
f 1290/1/1290 1637/1/1637 1955/1/1955
f 1553/1/1553 834/1/834 442/1/442
f 1250/1/1250 378/1/378 1573/1/1573
f 1250/1/1250 1573/1/1573 378/1/378
f 465/1/465 1071/1/1071 917/1/917
f 1637/1/1637 1937/1/1937 701/1/701
f 575/1/575 322/1/322 1508/1/1508
f 458/1/458 1282/1/1282 1593/1/1593
f 426/1/426 58/1/58 1764/1/1764
f 34/1/34 388/1/388 389/1/389
f 347/1/347 1802/1/1802 1505/1/1505
f 1291/1/1291 938/1/938 1788/1/1788
f 339/1/339 541/1/541 363/1/363
f 1574/1/1574 1251/1/1251 1231/1/1231
f 1364/1/1364 400/1/400 1363/1/1363
f 1007/1/1007 1942/1/1942 1930/1/1930
f 1880/1/1880 1986/1/1986 1856/1/1856
f 1929/1/1929 927/1/927 1916/1/1916
f 470/1/470 466/1/466 1592/1/1592
f 750/1/750 764/1/764 1499/1/1499
f 1682/1/1682 777/1/777 561/1/561
f 862/1/862 1273/1/1273 830/1/830
f 1985/1/1985 1773/1/1773 1990/1/1990
f 964/1/964 1979/1/1979 1732/1/1732
f 838/1/838 1241/1/1241 1750/1/1750
f 1150/1/1150 202/1/202 63/1/63
f 1464/1/1464 1498/1/1498 1465/1/1465
f 1985/1/1985 1870/1/1870 1991/1/1991
f 1162/1/1162 185/1/185 184/1/184
f 681/1/681 671/1/671 906/1/906
f 1311/1/1311 1543/1/1543 1318/1/1318
f 1246/1/1246 151/1/151 1894/1/1894
f 1340/1/1340 1345/1/1345 1315/1/1315
f 884/1/884 1443/1/1443 642/1/642
f 884/1/884 1362/1/1362 493/1/493
f 520/1/520 161/1/161 703/1/703
f 1704/1/1704 1138/1/1138 686/1/686
f 738/1/738 1377/1/1377 808/1/808
f 1486/1/1486 1487/1/1487 738/1/738
f 1366/1/1366 600/1/600 911/1/911
f 2015/1/2015 2001/1/2001 2007/1/2007
f 304/1/304 1481/1/1481 320/1/320
f 1272/1/1272 1605/1/1605 1186/1/1186
f 1742/1/1742 1899/1/1899 94/1/94
f 1931/1/1931 1894/1/1894 1943/1/1943
f 1407/1/1407 348/1/348 340/1/340
f 6/1/6 1163/1/1163 4/1/4
f 446/1/446 920/1/920 1797/1/1797
f 1290/1/1290 1571/1/1571 1838/1/1838
f 398/1/398 1961/1/1961 1967/1/1967
f 1057/1/1057 1223/1/1223 595/1/595
f 286/1/286 1057/1/1057 595/1/595
f 595/1/595 1595/1/1595 451/1/451
f 321/1/321 1796/1/1796 1217/1/1217
f 816/1/816 1438/1/1438 817/1/817
f 900/1/900 420/1/420 408/1/408
f 1981/1/1981 17/1/17 864/1/864
f 1021/1/1021 218/1/218 1830/1/1830
f 576/1/576 890/1/890 496/1/496
f 915/1/915 1075/1/1075 594/1/594
f 1303/1/1303 1746/1/1746 110/1/110
f 62/1/62 75/1/75 1724/1/1724
f 1020/1/1020 1032/1/1032 262/1/262
f 1959/1/1959 1533/1/1533 1328/1/1328
f 1881/1/1881 1780/1/1780 1768/1/1768
f 385/1/385 38/1/38 384/1/384
f 1944/1/1944 1917/1/1917 1006/1/1006
f 1293/1/1293 1601/1/1601 611/1/611
f 398/1/398 1966/1/1966 1961/1/1961
f 12/1/12 2014/1/2014 7/1/7
f 894/1/894 355/1/355 1488/1/1488
f 2015/1/2015 4/1/4 2012/1/2012
f 619/1/619 602/1/602 1040/1/1040
f 1977/1/1977 1979/1/1979 964/1/964
f 1515/1/1515 1484/1/1484 1500/1/1500
f 1592/1/1592 1193/1/1193 1554/1/1554
f 1580/1/1580 1171/1/1171 1903/1/1903
f 1936/1/1936 90/1/90 1917/1/1917
f 1981/1/1981 1866/1/1866 582/1/582
f 1988/1/1988 1758/1/1758 1859/1/1859
f 479/1/479 639/1/639 657/1/657
f 78/1/78 1660/1/1660 1679/1/1679
f 25/1/25 510/1/510 22/1/22
f 1580/1/1580 1210/1/1210 1171/1/1171
f 962/1/962 1023/1/1023 1791/1/1791
f 1733/1/1733 1058/1/1058 1853/1/1853
f 1292/1/1292 446/1/446 916/1/916
f 237/1/237 159/1/159 1096/1/1096
f 1015/1/1015 1826/1/1826 144/1/144
f 1470/1/1470 1465/1/1465 348/1/348
f 805/1/805 1694/1/1694 412/1/412
f 1694/1/1694 888/1/888 1450/1/1450
f 1728/1/1728 300/1/300 1138/1/1138
f 302/1/302 747/1/747 1480/1/1480
f 348/1/348 1498/1/1498 1398/1/1398
f 837/1/837 836/1/836 249/1/249
f 607/1/607 1916/1/1916 927/1/927
f 1264/1/1264 468/1/468 1266/1/1266
f 947/1/947 240/1/240 469/1/469
f 991/1/991 1676/1/1676 41/1/41
f 958/1/958 644/1/644 40/1/40
f 1998/1/1998 3/1/3 397/1/397
f 1272/1/1272 1168/1/1168 471/1/471
f 352/1/352 269/1/269 898/1/898
f 1213/1/1213 218/1/218 1023/1/1023
f 37/1/37 384/1/384 297/1/297
f 57/1/57 439/1/439 436/1/436
f 880/1/880 494/1/494 893/1/893
f 1209/1/1209 1569/1/1569 1799/1/1799
f 765/1/765 754/1/754 792/1/792
f 22/1/22 49/1/49 1978/1/1978
f 1581/1/1581 1223/1/1223 842/1/842
f 1245/1/1245 1567/1/1567 1572/1/1572
f 56/1/56 1872/1/1872 1865/1/1865
f 362/1/362 764/1/764 1412/1/1412
f 171/1/171 170/1/170 186/1/186
f 1365/1/1365 1400/1/1400 711/1/711
f 1987/1/1987 1873/1/1873 1854/1/1854
f 1622/1/1622 616/1/616 610/1/610
f 198/1/198 1679/1/1679 1660/1/1660
f 1493/1/1493 346/1/346 377/1/377
f 102/1/102 1735/1/1735 968/1/968
f 1256/1/1256 1578/1/1578 445/1/445
f 1249/1/1249 832/1/832 1792/1/1792
f 498/1/498 45/1/45 675/1/675
f 1570/1/1570 1532/1/1532 1308/1/1308
f 1947/1/1947 536/1/536 1958/1/1958
f 1343/1/1343 536/1/536 1544/1/1544
f 500/1/500 418/1/418 1035/1/1035
f 413/1/413 402/1/402 792/1/792
f 1320/1/1320 1347/1/1347 1348/1/1348
f 1250/1/1250 422/1/422 378/1/378
f 1546/1/1546 1528/1/1528 1890/1/1890
f 566/1/566 1488/1/1488 778/1/778
f 36/1/36 685/1/685 673/1/673
f 1705/1/1705 1126/1/1126 1711/1/1711
f 1253/1/1253 1283/1/1283 1892/1/1892
f 304/1/304 320/1/320 1476/1/1476
f 61/1/61 1767/1/1767 33/1/33
f 891/1/891 743/1/743 1462/1/1462
f 1339/1/1339 1324/1/1324 1016/1/1016
f 789/1/789 492/1/492 1430/1/1430
f 88/1/88 1551/1/1551 1420/1/1420
f 1346/1/1346 1534/1/1534 1332/1/1332
f 1158/1/1158 43/1/43 188/1/188
f 70/1/70 1129/1/1129 1105/1/1105
f 554/1/554 1482/1/1482 1521/1/1521
f 1737/1/1737 1934/1/1934 514/1/514
f 146/1/146 1003/1/1003 1545/1/1545
f 667/1/667 342/1/342 799/1/799
f 1599/1/1599 1234/1/1234 1589/1/1589
f 1433/1/1433 288/1/288 679/1/679
f 1358/1/1358 732/1/732 708/1/708
f 1001/1/1001 1923/1/1923 1927/1/1927
f 710/1/710 723/1/723 1360/1/1360
f 2013/1/2013 1969/1/1969 1142/1/1142
f 1297/1/1297 55/1/55 1774/1/1774
f 1077/1/1077 939/1/939 1817/1/1817
f 933/1/933 621/1/621 1602/1/1602
f 1310/1/1310 1338/1/1338 160/1/160
f 1116/1/1116 391/1/391 1118/1/1118
f 446/1/446 918/1/918 605/1/605
f 857/1/857 1557/1/1557 222/1/222
f 1263/1/1263 449/1/449 450/1/450
f 819/1/819 800/1/800 503/1/503
f 710/1/710 1360/1/1360 820/1/820
f 710/1/710 356/1/356 1478/1/1478
f 695/1/695 1625/1/1625 935/1/935
f 124/1/124 50/1/50 141/1/141
f 1882/1/1882 1990/1/1990 1781/1/1781
f 1492/1/1492 1501/1/1501 820/1/820
f 425/1/425 2002/1/2002 133/1/133
f 1681/1/1681 1403/1/1403 1374/1/1374
f 901/1/901 1357/1/1357 952/1/952
f 1827/1/1827 534/1/534 909/1/909
f 48/1/48 871/1/871 53/1/53
f 382/1/382 1109/1/1109 387/1/387
f 915/1/915 594/1/594 910/1/910
f 894/1/894 1699/1/1699 812/1/812
f 1573/1/1573 861/1/861 1563/1/1563
f 1839/1/1839 1043/1/1043 829/1/829
f 1054/1/1054 453/1/453 833/1/833
f 547/1/547 1507/1/1507 1517/1/1517
f 452/1/452 1174/1/1174 1175/1/1175
f 1179/1/1179 1261/1/1261 1582/1/1582
f 1549/1/1549 1799/1/1799 452/1/452
f 1760/1/1760 633/1/633 1876/1/1876
f 706/1/706 783/1/783 789/1/789
f 384/1/384 980/1/980 1130/1/1130
f 47/1/47 107/1/107 52/1/52
f 787/1/787 1680/1/1680 573/1/573
f 1046/1/1046 608/1/608 1207/1/1207
f 401/1/401 499/1/499 882/1/882
f 404/1/404 555/1/555 1483/1/1483
f 1483/1/1483 811/1/811 812/1/812
f 1103/1/1103 1150/1/1150 63/1/63
f 1399/1/1399 769/1/769 549/1/549
f 1144/1/1144 396/1/396 1127/1/1127
f 1821/1/1821 262/1/262 525/1/525
f 950/1/950 1432/1/1432 725/1/725
f 862/1/862 1796/1/1796 322/1/322
f 1883/1/1883 1321/1/1321 1426/1/1426
f 457/1/457 548/1/548 1596/1/1596
f 1645/1/1645 419/1/419 943/1/943
f 1177/1/1177 1953/1/1953 91/1/91
f 881/1/881 662/1/662 814/1/814
f 313/1/313 1522/1/1522 319/1/319
f 1018/1/1018 1312/1/1312 1532/1/1532
f 1415/1/1415 312/1/312 1520/1/1520
f 897/1/897 815/1/815 715/1/715
f 700/1/700 1929/1/1929 1939/1/1939
f 881/1/881 814/1/814 405/1/405
f 1771/1/1771 887/1/887 365/1/365
f 1208/1/1208 1561/1/1561 1547/1/1547
f 680/1/680 37/1/37 486/1/486
f 298/1/298 1720/1/1720 1133/1/1133
f 568/1/568 309/1/309 755/1/755
f 716/1/716 1726/1/1726 383/1/383
f 30/1/30 1300/1/1300 432/1/432
f 326/1/326 724/1/724 1444/1/1444
f 1204/1/1204 464/1/464 936/1/936
f 1771/1/1771 1785/1/1785 1757/1/1757
f 974/1/974 1123/1/1123 1661/1/1661
f 1588/1/1588 1197/1/1197 1567/1/1567
f 581/1/581 433/1/433 141/1/141
f 1011/1/1011 1941/1/1941 148/1/148
f 1326/1/1326 1305/1/1305 1536/1/1536
f 785/1/785 713/1/713 1410/1/1410
f 1351/1/1351 1753/1/1753 1536/1/1536
f 993/1/993 1723/1/1723 955/1/955
f 991/1/991 1139/1/1139 1122/1/1122
f 1/1/1 1997/1/1997 1999/1/1999
f 28/1/28 54/1/54 962/1/962
f 875/1/875 505/1/505 1982/1/1982
f 757/1/757 550/1/550 1483/1/1483
f 566/1/566 1393/1/1393 1699/1/1699
f 1729/1/1729 1144/1/1144 1655/1/1655
f 455/1/455 1255/1/1255 1169/1/1169
f 1586/1/1586 1232/1/1232 1179/1/1179
f 675/1/675 1657/1/1657 1691/1/1691
f 1735/1/1735 1730/1/1730 1058/1/1058
f 1575/1/1575 828/1/828 1238/1/1238
f 1039/1/1039 942/1/942 930/1/930
f 1667/1/1667 174/1/174 1154/1/1154
f 1915/1/1915 161/1/161 1942/1/1942
f 778/1/778 1488/1/1488 1519/1/1519
f 565/1/565 1685/1/1685 1391/1/1391
f 577/1/577 1731/1/1731 865/1/865
f 106/1/106 1833/1/1833 869/1/869
f 1326/1/1326 142/1/142 1305/1/1305
f 553/1/553 421/1/421 650/1/650
f 1415/1/1415 1416/1/1416 556/1/556
f 1322/1/1322 538/1/538 1739/1/1739
f 1158/1/1158 188/1/188 210/1/210
f 891/1/891 1819/1/1819 270/1/270
f 691/1/691 1120/1/1120 1146/1/1146
f 1120/1/1120 1703/1/1703 1117/1/1117
f 250/1/250 604/1/604 622/1/622
f 944/1/944 280/1/280 1640/1/1640
f 509/1/509 20/1/20 23/1/23
f 944/1/944 625/1/625 1643/1/1643
f 954/1/954 40/1/40 655/1/655
f 390/1/390 986/1/986 1128/1/1128
f 1692/1/1692 1398/1/1398 749/1/749
f 1473/1/1473 755/1/755 309/1/309
f 1021/1/1021 1067/1/1067 945/1/945
f 326/1/326 1459/1/1459 325/1/325
f 1346/1/1346 1341/1/1341 1543/1/1543
f 1866/1/1866 1855/1/1855 58/1/58
f 210/1/210 592/1/592 82/1/82
f 82/1/82 1370/1/1370 74/1/74
f 255/1/255 1023/1/1023 16/1/16
f 582/1/582 1866/1/1866 1759/1/1759
f 1998/1/1998 2003/1/2003 1993/1/1993
f 1206/1/1206 1581/1/1581 842/1/842
f 735/1/735 733/1/733 1371/1/1371
f 1790/1/1790 1040/1/1040 925/1/925
f 1192/1/1192 852/1/852 1237/1/1237
f 693/1/693 1543/1/1543 998/1/998
f 1998/1/1998 1962/1/1962 1969/1/1969
f 1915/1/1915 703/1/703 161/1/161
f 1350/1/1350 1897/1/1897 1019/1/1019
f 1155/1/1155 673/1/673 190/1/190
f 1579/1/1579 274/1/274 1020/1/1020
f 1385/1/1385 665/1/665 797/1/797
f 950/1/950 1675/1/1675 71/1/71
f 953/1/953 1649/1/1649 180/1/180
f 959/1/959 43/1/43 372/1/372
f 372/1/372 635/1/635 1437/1/1437
f 252/1/252 341/1/341 1436/1/1436
f 1397/1/1397 305/1/305 1495/1/1495
f 559/1/559 1412/1/1412 764/1/764
f 1412/1/1412 781/1/781 374/1/374
f 1397/1/1397 362/1/362 1412/1/1412
f 1240/1/1240 1787/1/1787 218/1/218
f 709/1/709 1378/1/1378 727/1/727
f 1737/1/1737 971/1/971 874/1/874
f 1010/1/1010 531/1/531 1009/1/1009
f 1638/1/1638 866/1/866 1092/1/1092
f 1765/1/1765 435/1/435 1774/1/1774
f 1040/1/1040 602/1/602 1069/1/1069
f 313/1/313 305/1/305 374/1/374
f 983/1/983 1672/1/1672 1140/1/1140
f 1633/1/1633 1094/1/1094 924/1/924
f 1204/1/1204 1583/1/1583 1296/1/1296
f 290/1/290 1657/1/1657 675/1/675
f 177/1/177 1160/1/1160 1651/1/1651
f 299/1/299 1651/1/1651 684/1/684
f 354/1/354 887/1/887 478/1/478
f 1673/1/1673 203/1/203 73/1/73
f 35/1/35 1660/1/1660 42/1/42
f 825/1/825 904/1/904 406/1/406
f 1178/1/1178 442/1/442 1602/1/1602
f 508/1/508 581/1/581 509/1/509
f 791/1/791 805/1/805 412/1/412
f 1354/1/1354 1451/1/1451 888/1/888
f 1384/1/1384 804/1/804 731/1/731
f 1439/1/1439 719/1/719 639/1/639
f 1540/1/1540 1331/1/1331 1314/1/1314
f 1034/1/1034 239/1/239 265/1/265
f 788/1/788 1508/1/1508 321/1/321
f 1060/1/1060 1730/1/1730 1734/1/1734
f 1615/1/1615 453/1/453 940/1/940
f 1998/1/1998 397/1/397 1962/1/1962
f 1998/1/1998 1969/1/1969 2003/1/2003
f 1001/1/1001 697/1/697 1923/1/1923
f 1753/1/1753 95/1/95 1887/1/1887
f 1580/1/1580 1429/1/1429 1960/1/1960
f 147/1/147 1007/1/1007 1930/1/1930
f 1292/1/1292 923/1/923 1629/1/1629
f 594/1/594 1046/1/1046 608/1/608
f 1551/1/1551 1198/1/1198 1809/1/1809
f 1869/1/1869 502/1/502 1780/1/1780
f 1478/1/1478 356/1/356 324/1/324
f 1714/1/1714 2009/1/2009 1124/1/1124
f 1296/1/1296 1583/1/1583 1619/1/1619
f 326/1/326 325/1/325 206/1/206
f 232/1/232 1456/1/1456 216/1/216
f 200/1/200 679/1/679 178/1/178
f 1735/1/1735 967/1/967 968/1/968
f 1703/1/1703 1145/1/1145 395/1/395
f 1100/1/1100 1647/1/1647 422/1/422
f 1020/1/1020 274/1/274 1032/1/1032
f 745/1/745 718/1/718 672/1/672
f 476/1/476 889/1/889 653/1/653
f 2001/1/2001 138/1/138 11/1/11
f 1729/1/1729 733/1/733 996/1/996
f 1667/1/1667 587/1/587 592/1/592
f 524/1/524 158/1/158 1344/1/1344
f 1921/1/1921 917/1/917 1625/1/1625
f 232/1/232 280/1/280 1045/1/1045
f 280/1/280 1581/1/1581 1258/1/1258
f 463/1/463 443/1/443 1274/1/1274
f 474/1/474 361/1/361 751/1/751
f 1603/1/1603 1215/1/1215 85/1/85
f 618/1/618 267/1/267 929/1/929
f 1385/1/1385 564/1/564 794/1/794
f 1247/1/1247 1220/1/1220 846/1/846
f 351/1/351 489/1/489 879/1/879
f 1184/1/1184 858/1/858 1243/1/1243
f 1523/1/1523 342/1/342 1489/1/1489
f 139/1/139 132/1/132 429/1/429
f 1650/1/1650 2000/1/2000 1156/1/1156
f 1417/1/1417 1325/1/1325 1304/1/1304
f 1948/1/1948 1908/1/1908 1934/1/1934
f 837/1/837 1230/1/1230 1210/1/1210
f 1907/1/1907 533/1/533 701/1/701
f 351/1/351 724/1/724 489/1/489
f 1584/1/1584 1260/1/1260 603/1/603
f 1015/1/1015 1538/1/1538 1336/1/1336
f 1015/1/1015 523/1/523 1826/1/1826
f 514/1/514 1934/1/1934 1537/1/1537
f 441/1/441 1173/1/1173 1255/1/1255
f 1896/1/1896 1421/1/1421 1746/1/1746
f 1553/1/1553 1259/1/1259 834/1/834
f 1487/1/1487 803/1/803 1377/1/1377
f 1615/1/1615 1071/1/1071 1167/1/1167
f 1039/1/1039 892/1/892 1458/1/1458
f 1565/1/1565 236/1/236 1806/1/1806
f 215/1/215 214/1/214 1845/1/1845
f 1886/1/1886 1423/1/1423 1940/1/1940
f 1468/1/1468 543/1/543 417/1/417
f 1770/1/1770 59/1/59 1867/1/1867
f 553/1/553 1698/1/1698 748/1/748
f 1288/1/1288 1073/1/1073 1635/1/1635
f 205/1/205 201/1/201 187/1/187
f 1702/1/1702 1143/1/1143 973/1/973
f 246/1/246 1823/1/1823 268/1/268
f 1206/1/1206 1258/1/1258 1581/1/1581
f 699/1/699 1047/1/1047 1199/1/1199
f 564/1/564 1392/1/1392 794/1/794
f 850/1/850 1342/1/1342 1335/1/1335
f 213/1/213 1070/1/1070 1246/1/1246
f 1737/1/1737 874/1/874 1934/1/1934
f 137/1/137 99/1/99 132/1/132
f 338/1/338 1482/1/1482 1467/1/1467
f 348/1/348 1465/1/1465 1498/1/1498
f 284/1/284 472/1/472 929/1/929
f 1894/1/1894 1419/1/1419 1420/1/1420
f 1994/1/1994 1997/1/1997 137/1/137
f 1166/1/1166 768/1/768 1375/1/1375
f 500/1/500 1035/1/1035 106/1/106
f 1151/1/1151 1164/1/1164 44/1/44
f 1579/1/1579 1788/1/1788 274/1/274
f 893/1/893 666/1/666 1440/1/1440
f 1149/1/1149 1658/1/1658 1110/1/1110
f 2/1/2 1/1/1 1999/1/1999
f 1339/1/1339 1016/1/1016 1340/1/1340
f 910/1/910 594/1/594 608/1/608
f 1814/1/1814 1222/1/1222 835/1/835
f 951/1/951 168/1/168 1656/1/1656
f 175/1/175 770/1/770 187/1/187
f 283/1/283 212/1/212 1806/1/1806
f 1846/1/1846 1047/1/1047 231/1/231
f 318/1/318 1464/1/1464 1465/1/1465
f 2007/1/2007 9/1/9 2008/1/2008
f 199/1/199 1996/1/1996 2002/1/2002
f 1618/1/1618 843/1/843 467/1/467
f 1810/1/1810 1808/1/1808 1271/1/1271
f 101/1/101 130/1/130 138/1/138
f 1097/1/1097 1200/1/1200 464/1/464
f 1811/1/1811 444/1/444 1694/1/1694
f 1800/1/1800 1261/1/1261 1179/1/1179
f 284/1/284 1289/1/1289 472/1/472
f 978/1/978 7/1/7 674/1/674
f 1352/1/1352 1528/1/1528 1546/1/1546
f 1358/1/1358 543/1/543 1502/1/1502
f 1783/1/1783 1864/1/1864 1732/1/1732
f 1334/1/1334 1896/1/1896 92/1/92
f 347/1/347 844/1/844 1802/1/1802
f 827/1/827 272/1/272 1800/1/1800
f 1306/1/1306 241/1/241 1793/1/1793
f 1609/1/1609 1204/1/1204 1646/1/1646
f 1991/1/1991 1769/1/1769 1773/1/1773
f 2015/1/2015 10/1/10 4/1/4
f 1620/1/1620 231/1/231 1047/1/1047
f 1208/1/1208 1600/1/1600 1561/1/1561
f 24/1/24 751/1/751 129/1/129
f 1290/1/1290 1955/1/1955 1278/1/1278
f 1385/1/1385 794/1/794 478/1/478
f 1188/1/1188 1274/1/1274 443/1/443
f 867/1/867 966/1/966 1736/1/1736
f 1652/1/1652 1674/1/1674 204/1/204
f 509/1/509 141/1/141 50/1/50
f 491/1/491 297/1/297 409/1/409
f 1248/1/1248 252/1/252 1463/1/1463
f 548/1/548 1693/1/1693 1596/1/1596
f 648/1/648 477/1/477 490/1/490
f 175/1/175 481/1/481 770/1/770
f 1540/1/1540 1905/1/1905 1331/1/1331
f 181/1/181 1164/1/1164 202/1/202
f 1672/1/1672 1135/1/1135 1140/1/1140
f 1974/1/1974 27/1/27 21/1/21
f 1434/1/1434 1373/1/1373 741/1/741
f 790/1/790 882/1/882 718/1/718
f 1349/1/1349 1535/1/1535 1901/1/1901
f 1888/1/1888 90/1/90 1959/1/1959
f 57/1/57 436/1/436 1874/1/1874
f 1865/1/1865 1859/1/1859 439/1/439
f 1316/1/1316 1317/1/1317 1345/1/1345
f 351/1/351 480/1/480 557/1/557
f 560/1/560 310/1/310 1687/1/1687
f 709/1/709 636/1/636 36/1/36
f 909/1/909 1625/1/1625 1626/1/1626
f 1801/1/1801 1043/1/1043 931/1/931
f 1168/1/1168 1286/1/1286 1244/1/1244
f 847/1/847 512/1/512 109/1/109
f 681/1/681 784/1/784 503/1/503
f 1947/1/1947 1958/1/1958 1959/1/1959
f 584/1/584 392/1/392 1677/1/1677
f 176/1/176 198/1/198 1660/1/1660
f 1741/1/1741 94/1/94 1951/1/1951
f 1911/1/1911 90/1/90 1888/1/1888
f 1712/1/1712 746/1/746 1115/1/1115
f 1399/1/1399 1512/1/1512 330/1/330
f 348/1/348 1701/1/1701 330/1/330
f 233/1/233 1618/1/1618 467/1/467
f 1982/1/1982 965/1/965 13/1/13
f 60/1/60 1872/1/1872 56/1/56
f 1384/1/1384 743/1/743 804/1/804
f 235/1/235 264/1/264 1026/1/1026
f 1364/1/1364 483/1/483 634/1/634
f 1921/1/1921 465/1/465 917/1/917
f 1626/1/1626 940/1/940 623/1/623
f 1062/1/1062 23/1/23 20/1/20
f 158/1/158 1958/1/1958 536/1/536
f 1714/1/1714 1718/1/1718 1142/1/1142
f 720/1/720 634/1/634 1441/1/1441
f 1201/1/1201 1284/1/1284 1197/1/1197
f 486/1/486 878/1/878 485/1/485
f 878/1/878 958/1/958 689/1/689
f 485/1/485 878/1/878 1457/1/1457
f 1971/1/1971 110/1/110 1226/1/1226
f 174/1/174 592/1/592 210/1/210
f 250/1/250 1838/1/1838 910/1/910
f 282/1/282 1822/1/1822 1793/1/1793
f 1397/1/1397 1495/1/1495 750/1/750
f 782/1/782 482/1/482 664/1/664
f 1052/1/1052 849/1/849 1225/1/1225
f 72/1/72 782/1/782 1695/1/1695
f 104/1/104 108/1/108 1978/1/1978
f 837/1/837 1210/1/1210 836/1/836
f 1882/1/1882 435/1/435 1765/1/1765
f 1496/1/1496 1700/1/1700 502/1/502
f 127/1/127 123/1/123 1758/1/1758
f 1808/1/1808 854/1/854 1567/1/1567
f 61/1/61 1762/1/1762 439/1/439
f 487/1/487 659/1/659 1480/1/1480
f 1087/1/1087 1617/1/1617 276/1/276
f 913/1/913 602/1/602 912/1/912
f 1211/1/1211 1323/1/1323 1745/1/1745
f 281/1/281 1845/1/1845 613/1/613
f 550/1/550 332/1/332 763/1/763
f 1055/1/1055 596/1/596 1042/1/1042
f 1991/1/1991 434/1/434 1769/1/1769
f 978/1/978 12/1/12 7/1/7
f 1073/1/1073 931/1/931 1635/1/1635
f 1338/1/1338 522/1/522 160/1/160
f 30/1/30 432/1/432 1299/1/1299
f 1374/1/1374 730/1/730 707/1/707
f 124/1/124 1984/1/1984 1613/1/1613
f 690/1/690 877/1/877 689/1/689
f 648/1/648 490/1/490 280/1/280
f 1987/1/1987 1854/1/1854 141/1/141
f 124/1/124 1854/1/1854 1984/1/1984
f 314/1/314 1486/1/1486 1400/1/1400
f 880/1/880 307/1/307 354/1/354
f 1617/1/1617 264/1/264 235/1/235
f 1846/1/1846 263/1/263 1047/1/1047
f 1422/1/1422 164/1/164 1428/1/1428
f 1882/1/1882 1853/1/1853 1990/1/1990
f 1527/1/1527 89/1/89 1738/1/1738
f 1719/1/1719 677/1/677 1142/1/1142
f 1738/1/1738 1538/1/1538 144/1/144
f 788/1/788 548/1/548 563/1/563
f 1439/1/1439 661/1/661 1354/1/1354
f 1873/1/1873 1872/1/1872 1863/1/1863
f 1376/1/1376 1863/1/1863 1454/1/1454
f 1153/1/1153 1649/1/1649 375/1/375
f 1033/1/1033 1024/1/1024 1825/1/1825
f 335/1/335 1474/1/1474 347/1/347
f 843/1/843 1236/1/1236 467/1/467
f 680/1/680 974/1/974 385/1/385
f 1178/1/1178 260/1/260 1553/1/1553
f 1186/1/1186 1265/1/1265 456/1/456
f 1933/1/1933 1931/1/1931 1946/1/1946
f 8/1/8 2005/1/2005 1357/1/1357
f 4/1/4 1163/1/1163 2012/1/2012
f 1938/1/1938 1092/1/1092 866/1/866
f 44/1/44 394/1/394 997/1/997
f 1609/1/1609 933/1/933 1619/1/1619
f 286/1/286 1628/1/1628 1832/1/1832
f 1315/1/1315 1748/1/1748 1305/1/1305
f 1977/1/1977 964/1/964 872/1/872
f 168/1/168 184/1/184 195/1/195
f 1577/1/1577 1173/1/1173 1166/1/1166
f 1653/1/1653 178/1/178 296/1/296
f 751/1/751 1474/1/1474 1494/1/1494
f 247/1/247 226/1/226 1835/1/1835
f 166/1/166 209/1/209 1161/1/1161
f 1976/1/1976 14/1/14 868/1/868
f 1468/1/1468 478/1/478 794/1/794
f 660/1/660 358/1/358 669/1/669
f 612/1/612 1195/1/1195 626/1/626
f 34/1/34 688/1/688 388/1/388
f 1118/1/1118 1968/1/1968 1702/1/1702
f 416/1/416 1780/1/1780 809/1/809
f 1590/1/1590 1190/1/1190 1635/1/1635
f 1742/1/1742 1337/1/1337 1899/1/1899
f 38/1/38 167/1/167 980/1/980
f 68/1/68 1106/1/1106 66/1/66
f 1926/1/1926 598/1/598 935/1/935
f 511/1/511 19/1/19 506/1/506
f 46/1/46 957/1/957 975/1/975
f 1393/1/1393 812/1/812 1699/1/1699
f 48/1/48 1971/1/1971 963/1/963
f 1017/1/1017 1824/1/1824 1046/1/1046
f 1548/1/1548 1231/1/1231 1084/1/1084
f 1549/1/1549 1278/1/1278 1799/1/1799
f 1939/1/1939 1929/1/1929 89/1/89
f 668/1/668 1413/1/1413 824/1/824
f 596/1/596 1086/1/1086 1087/1/1087
f 1928/1/1928 1936/1/1936 1917/1/1917
f 1011/1/1011 217/1/217 271/1/271
f 222/1/222 1557/1/1557 1834/1/1834
f 3/1/3 1993/1/1993 1995/1/1995
f 301/1/301 687/1/687 876/1/876
f 273/1/273 271/1/271 217/1/217
f 627/1/627 822/1/822 419/1/419
f 552/1/552 343/1/343 363/1/363
f 1784/1/1784 656/1/656 663/1/663
f 951/1/951 643/1/643 1431/1/1431
f 1015/1/1015 144/1/144 1538/1/1538
f 121/1/121 125/1/125 118/1/118
f 298/1/298 1133/1/1133 677/1/677
f 867/1/867 1732/1/1732 1059/1/1059
f 403/1/403 713/1/713 774/1/774
f 1625/1/1625 702/1/702 935/1/935
f 1497/1/1497 1494/1/1494 1474/1/1474
f 1366/1/1366 791/1/791 600/1/600
f 1738/1/1738 89/1/89 1950/1/1950
f 359/1/359 1503/1/1503 1482/1/1482
f 214/1/214 223/1/223 919/1/919
f 960/1/960 976/1/976 394/1/394
f 413/1/413 890/1/890 402/1/402
f 234/1/234 230/1/230 1085/1/1085
f 838/1/838 934/1/934 1076/1/1076
f 934/1/934 1006/1/1006 1914/1/1914
f 1977/1/1977 871/1/871 963/1/963
f 818/1/818 1355/1/1355 811/1/811
f 1865/1/1865 1872/1/1872 1859/1/1859
f 281/1/281 942/1/942 1039/1/1039
f 668/1/668 824/1/824 801/1/801
f 717/1/717 1074/1/1074 1631/1/1631
f 983/1/983 1710/1/1710 42/1/42
f 203/1/203 192/1/192 169/1/169
f 475/1/475 1090/1/1090 1196/1/1196
f 765/1/765 544/1/544 319/1/319
f 255/1/255 853/1/853 1566/1/1566
f 1668/1/1668 173/1/173 390/1/390
f 1850/1/1850 1055/1/1055 1792/1/1792
f 1098/1/1098 1556/1/1556 1173/1/1173
f 1248/1/1248 1217/1/1217 1596/1/1596
f 1334/1/1334 92/1/92 1545/1/1545
f 1552/1/1552 229/1/229 352/1/352
f 346/1/346 342/1/342 377/1/377
f 774/1/774 713/1/713 1383/1/1383
f 1152/1/1152 981/1/981 589/1/589
f 1272/1/1272 1186/1/1186 456/1/456
f 1272/1/1272 471/1/471 1605/1/1605
f 168/1/168 1431/1/1431 1506/1/1506
f 1683/1/1683 1684/1/1684 741/1/741
f 1243/1/1243 858/1/858 1797/1/1797
f 746/1/746 1394/1/1394 1395/1/1395
f 1713/1/1713 1671/1/1671 70/1/70
f 1224/1/1224 1834/1/1834 1557/1/1557
f 1415/1/1415 556/1/556 312/1/312
f 1805/1/1805 1025/1/1025 460/1/460
f 840/1/840 607/1/607 1829/1/1829
f 1208/1/1208 1287/1/1287 1600/1/1600
f 79/1/79 80/1/80 1670/1/1670
f 286/1/286 838/1/838 1076/1/1076
f 134/1/134 1755/1/1755 1299/1/1299
f 30/1/30 1755/1/1755 427/1/427
f 70/1/70 1706/1/1706 1129/1/1129
f 1577/1/1577 1375/1/1375 1632/1/1632
f 1350/1/1350 83/1/83 1739/1/1739
f 317/1/317 289/1/289 1443/1/1443
f 1372/1/1372 742/1/742 1356/1/1356
f 187/1/187 770/1/770 1136/1/1136
f 1969/1/1969 1964/1/1964 2003/1/2003
f 1993/1/1993 1964/1/1964 97/1/97
f 1607/1/1607 1547/1/1547 1561/1/1561
f 1915/1/1915 157/1/157 703/1/703
f 1627/1/1627 1185/1/1185 918/1/918
f 660/1/660 1386/1/1386 493/1/493
f 1410/1/1410 712/1/712 754/1/754
f 1315/1/1315 1749/1/1749 1748/1/1748
f 155/1/155 534/1/534 526/1/526
f 1297/1/1297 1756/1/1756 424/1/424
f 155/1/155 262/1/262 535/1/535
f 487/1/487 1402/1/1402 823/1/823
f 836/1/836 1616/1/1616 1597/1/1597
f 751/1/751 1690/1/1690 129/1/129
f 1242/1/1242 1243/1/1243 856/1/856
f 496/1/496 1460/1/1460 1466/1/1466
f 1848/1/1848 1228/1/1228 266/1/266
f 1051/1/1051 1606/1/1606 1848/1/1848
f 1524/1/1524 1687/1/1687 1466/1/1466
f 1537/1/1537 1327/1/1327 1335/1/1335
f 1346/1/1346 1750/1/1750 1304/1/1304
f 1320/1/1320 1327/1/1327 1347/1/1347
f 1046/1/1046 253/1/253 608/1/608
f 1678/1/1678 1723/1/1723 993/1/993
f 1146/1/1146 1115/1/1115 1136/1/1136
f 221/1/221 1800/1/1800 272/1/272
f 1529/1/1529 1550/1/1550 1246/1/1246
f 875/1/875 13/1/13 971/1/971
f 1302/1/1302 1016/1/1016 1324/1/1324
f 1317/1/1317 1314/1/1314 1307/1/1307
f 463/1/463 1091/1/1091 621/1/621
f 1810/1/1810 240/1/240 854/1/854
f 171/1/171 209/1/209 166/1/166
f 1280/1/1280 763/1/763 1258/1/1258
f 950/1/950 288/1/288 1432/1/1432
f 1347/1/1347 1319/1/1319 1311/1/1311
f 1217/1/1217 1796/1/1796 1596/1/1596
f 578/1/578 1991/1/1991 1060/1/1060
f 1546/1/1546 1890/1/1890 533/1/533
f 107/1/107 108/1/108 14/1/14
f 1492/1/1492 1525/1/1525 364/1/364
f 31/1/31 128/1/128 99/1/99
f 276/1/276 224/1/224 1041/1/1041
f 1279/1/1279 1902/1/1902 465/1/465
f 262/1/262 526/1/526 525/1/525
f 1795/1/1795 1274/1/1274 835/1/835
f 463/1/463 1274/1/1274 1091/1/1091
f 390/1/390 1128/1/1128 590/1/590
f 1861/1/1861 1989/1/1989 128/1/128
f 756/1/756 566/1/566 1403/1/1403
f 86/1/86 1952/1/1952 1884/1/1884
f 767/1/767 1693/1/1693 1509/1/1509
f 767/1/767 806/1/806 1401/1/1401
f 651/1/651 1441/1/1441 634/1/634
f 1246/1/1246 1265/1/1265 460/1/460
f 315/1/315 1684/1/1684 1674/1/1674
f 1487/1/1487 344/1/344 803/1/803
f 251/1/251 1823/1/1823 246/1/246
f 1610/1/1610 1264/1/1264 1279/1/1279
f 1047/1/1047 263/1/263 1557/1/1557
f 381/1/381 553/1/553 311/1/311
f 744/1/744 632/1/632 491/1/491
f 947/1/947 278/1/278 1639/1/1639
f 413/1/413 496/1/496 890/1/890
f 1276/1/1276 1277/1/1277 83/1/83
f 916/1/916 1614/1/1614 1820/1/1820
f 595/1/595 625/1/625 1595/1/1595
f 579/1/579 129/1/129 431/1/431
f 1604/1/1604 83/1/83 1350/1/1350
f 1030/1/1030 1816/1/1816 604/1/604
f 1281/1/1281 1180/1/1180 840/1/840
f 1102/1/1102 296/1/296 288/1/288
f 493/1/493 272/1/272 898/1/898
f 1469/1/1469 1467/1/1467 1503/1/1503
f 1847/1/1847 1841/1/1841 277/1/277
f 1491/1/1491 822/1/822 627/1/627
f 350/1/350 492/1/492 574/1/574
f 1925/1/1925 1014/1/1014 536/1/536
f 1291/1/1291 261/1/261 938/1/938
f 821/1/821 798/1/798 502/1/502
f 101/1/101 139/1/139 130/1/130
f 1527/1/1527 1344/1/1344 89/1/89
f 1289/1/1289 1245/1/1245 472/1/472
f 314/1/314 1487/1/1487 1486/1/1486
f 398/1/398 590/1/590 1966/1/1966
f 1048/1/1048 604/1/604 1816/1/1816
f 62/1/62 562/1/562 1406/1/1406
f 583/1/583 987/1/987 1106/1/1106
f 81/1/81 1689/1/1689 1104/1/1104
f 553/1/553 748/1/748 1404/1/1404
f 1002/1/1002 1893/1/1893 1910/1/1910
f 1659/1/1659 391/1/391 291/1/291
f 37/1/37 297/1/297 644/1/644
f 1471/1/1471 1503/1/1503 883/1/883
f 745/1/745 672/1/672 1387/1/1387
f 1577/1/1577 1632/1/1632 1098/1/1098
f 759/1/759 1448/1/1448 570/1/570
f 1103/1/1103 63/1/63 1648/1/1648
f 455/1/455 1169/1/1169 1187/1/1187
f 1297/1/1297 1781/1/1781 437/1/437
f 277/1/277 1841/1/1841 236/1/236
f 706/1/706 1410/1/1410 712/1/712
f 706/1/706 712/1/712 1410/1/1410
f 195/1/195 1676/1/1676 1656/1/1656
f 1590/1/1590 1635/1/1635 1043/1/1043
f 1125/1/1125 1134/1/1134 411/1/411
f 1875/1/1875 1873/1/1873 1987/1/1987
f 366/1/366 1386/1/1386 1413/1/1413
f 1663/1/1663 36/1/36 69/1/69
f 1858/1/1858 1989/1/1989 1778/1/1778
f 864/1/864 17/1/17 1736/1/1736
f 382/1/382 585/1/585 1665/1/1665
f 169/1/169 192/1/192 1143/1/1143
f 638/1/638 1451/1/1451 732/1/732
f 1333/1/1333 530/1/530 162/1/162
f 1807/1/1807 277/1/277 236/1/236
f 146/1/146 1922/1/1922 1003/1/1003
f 727/1/727 642/1/642 1443/1/1443
f 1620/1/1620 699/1/699 271/1/271
f 1687/1/1687 310/1/310 1466/1/1466
f 1041/1/1041 1227/1/1227 1836/1/1836
f 266/1/266 1227/1/1227 1228/1/1228
f 266/1/266 1228/1/1228 1227/1/1227
f 225/1/225 1227/1/1227 224/1/224
f 1648/1/1648 63/1/63 1154/1/1154
f 1323/1/1323 1904/1/1904 1752/1/1752
f 1575/1/1575 1813/1/1813 1572/1/1572
f 1609/1/1609 1172/1/1172 1203/1/1203
f 1551/1/1551 1809/1/1809 1550/1/1550
f 1785/1/1785 1762/1/1762 1757/1/1757
f 595/1/595 447/1/447 838/1/838
f 1782/1/1782 1979/1/1979 649/1/649
f 950/1/950 71/1/71 288/1/288
f 1200/1/1200 1196/1/1196 464/1/464
f 597/1/597 931/1/931 1636/1/1636
f 896/1/896 1375/1/1375 768/1/768
f 1570/1/1570 1826/1/1826 1642/1/1642
f 1029/1/1029 1005/1/1005 145/1/145
f 984/1/984 729/1/729 1715/1/1715
f 1985/1/1985 1991/1/1991 1773/1/1773
f 341/1/341 1516/1/1516 1436/1/1436
f 710/1/710 1478/1/1478 723/1/723
f 1165/1/1165 43/1/43 1158/1/1158
f 1092/1/1092 926/1/926 939/1/939
f 650/1/650 421/1/421 1367/1/1367
f 421/1/421 1639/1/1639 1842/1/1842
f 1814/1/1814 835/1/835 1274/1/1274
f 421/1/421 1404/1/1404 932/1/932
f 877/1/877 1457/1/1457 878/1/878
f 1019/1/1019 1943/1/1943 151/1/151
f 1549/1/1549 452/1/452 1175/1/1175
f 1648/1/1648 1658/1/1658 76/1/76
f 648/1/648 1258/1/1258 763/1/763
f 354/1/354 1475/1/1475 887/1/887
f 1912/1/1912 87/1/87 1953/1/1953
f 1586/1/1586 1582/1/1582 1170/1/1170
f 1516/1/1516 659/1/659 1436/1/1436
f 1147/1/1147 1723/1/1723 77/1/77
f 1552/1/1552 333/1/333 1798/1/1798
f 450/1/450 846/1/846 920/1/920
f 159/1/159 1336/1/1336 1313/1/1313
f 1292/1/1292 459/1/459 923/1/923
f 257/1/257 1817/1/1817 939/1/939
f 1691/1/1691 1657/1/1657 1107/1/1107
f 597/1/597 1078/1/1078 1033/1/1033
f 86/1/86 1417/1/1417 1949/1/1949
f 1566/1/1566 1213/1/1213 1023/1/1023
f 1197/1/1197 1808/1/1808 1567/1/1567
f 1118/1/1118 1702/1/1702 973/1/973
f 552/1/552 786/1/786 1409/1/1409
f 1249/1/1249 1792/1/1792 1055/1/1055
f 922/1/922 254/1/254 1794/1/1794
f 1742/1/1742 1747/1/1747 1337/1/1337
f 742/1/742 1986/1/1986 1880/1/1880
f 894/1/894 811/1/811 714/1/714
f 1712/1/1712 1115/1/1115 982/1/982
f 660/1/660 898/1/898 1807/1/1807
f 898/1/898 272/1/272 1479/1/1479
f 1118/1/1118 1108/1/1108 1968/1/1968
f 33/1/33 1757/1/1757 1762/1/1762
f 1782/1/1782 1783/1/1783 1979/1/1979
f 1381/1/1381 721/1/721 782/1/782
f 154/1/154 152/1/152 1539/1/1539
f 21/1/21 1972/1/1972 53/1/53
f 1647/1/1647 1618/1/1618 601/1/601
f 213/1/213 460/1/460 1025/1/1025
f 514/1/514 1342/1/1342 580/1/580
f 610/1/610 616/1/616 1038/1/1038
f 845/1/845 610/1/610 1830/1/1830
f 875/1/875 1737/1/1737 514/1/514
f 1502/1/1502 1477/1/1477 367/1/367
f 1184/1/1184 1243/1/1243 1603/1/1603
f 1116/1/1116 1118/1/1118 1133/1/1133
f 195/1/195 185/1/185 1676/1/1676
f 440/1/440 1770/1/1770 1857/1/1857
f 1385/1/1385 478/1/478 901/1/901
f 841/1/841 1042/1/1042 1836/1/1836
f 168/1/168 195/1/195 1656/1/1656
f 473/1/473 1294/1/1294 1606/1/1606
f 1502/1/1502 367/1/367 1450/1/1450
f 1876/1/1876 633/1/633 1757/1/1757
f 1799/1/1799 1568/1/1568 838/1/838
f 1892/1/1892 1338/1/1338 1418/1/1418
f 798/1/798 883/1/883 809/1/809
f 1933/1/1933 1016/1/1016 1931/1/1931
f 1152/1/1152 1149/1/1149 678/1/678
f 1405/1/1405 809/1/809 1696/1/1696
f 1786/1/1786 456/1/456 1265/1/1265
f 121/1/121 118/1/118 431/1/431
f 1140/1/1140 1109/1/1109 1162/1/1162
f 251/1/251 246/1/246 1790/1/1790
f 857/1/857 222/1/222 220/1/220
f 292/1/292 180/1/180 1649/1/1649
f 751/1/751 361/1/361 1474/1/1474
f 517/1/517 1004/1/1004 226/1/226
f 1697/1/1697 758/1/758 335/1/335
f 539/1/539 226/1/226 247/1/247
f 291/1/291 391/1/391 682/1/682
f 1742/1/1742 94/1/94 1741/1/1741
f 722/1/722 796/1/796 721/1/721
f 1209/1/1209 1278/1/1278 1954/1/1954
f 1296/1/1296 933/1/933 1602/1/1602
f 1051/1/1051 1829/1/1829 1031/1/1031
f 785/1/785 1410/1/1410 1687/1/1687
f 1664/1/1664 1678/1/1678 994/1/994
f 788/1/788 321/1/321 548/1/548
f 655/1/655 644/1/644 297/1/297
f 1928/1/1928 1935/1/1935 1346/1/1346
f 1743/1/1743 1534/1/1534 1304/1/1304
f 170/1/170 166/1/166 1161/1/1161
f 304/1/304 1476/1/1476 1510/1/1510
f 202/1/202 294/1/294 587/1/587
f 1118/1/1118 391/1/391 1108/1/1108
f 1188/1/1188 1205/1/1205 1554/1/1554
f 1820/1/1820 1614/1/1614 1070/1/1070
f 56/1/56 1874/1/1874 1857/1/1857
f 473/1/473 855/1/855 1294/1/1294
f 1487/1/1487 1377/1/1377 738/1/738
f 1798/1/1798 1173/1/1173 1214/1/1214
f 479/1/479 264/1/264 1074/1/1074
f 464/1/464 1090/1/1090 936/1/936
f 717/1/717 479/1/479 1074/1/1074
f 1126/1/1126 1145/1/1145 295/1/295
f 1134/1/1134 1708/1/1708 549/1/549
f 1126/1/1126 1134/1/1134 1125/1/1125
f 716/1/716 795/1/795 1726/1/1726
f 690/1/690 995/1/995 1726/1/1726
f 1519/1/1519 1488/1/1488 1500/1/1500
f 1587/1/1587 1971/1/1971 1226/1/1226
f 1694/1/1694 1450/1/1450 367/1/367
f 317/1/317 1161/1/1161 209/1/209
f 167/1/167 186/1/186 1157/1/1157
f 999/1/999 1738/1/1738 144/1/144
f 317/1/317 884/1/884 366/1/366
f 225/1/225 1228/1/1228 1227/1/1227
f 785/1/785 1383/1/1383 713/1/713
f 785/1/785 1687/1/1687 1524/1/1524
f 1907/1/1907 701/1/701 1937/1/1937
f 1062/1/1062 965/1/965 1982/1/1982
f 723/1/723 883/1/883 798/1/798
f 1130/1/1130 1715/1/1715 409/1/409
f 498/1/498 802/1/802 407/1/407
f 1429/1/1429 1885/1/1885 1960/1/1960
f 706/1/706 789/1/789 1430/1/1430
f 1967/1/1967 1996/1/1996 199/1/199
f 3/1/3 1967/1/1967 1961/1/1961
f 1302/1/1302 1753/1/1753 1531/1/1531
f 818/1/818 419/1/419 725/1/725
f 502/1/502 798/1/798 1780/1/1780
f 1550/1/1550 1809/1/1809 1786/1/1786
f 379/1/379 570/1/570 1448/1/1448
f 382/1/382 387/1/387 585/1/585
f 962/1/962 16/1/16 1023/1/1023
f 643/1/643 734/1/734 1373/1/1373
f 962/1/962 1791/1/1791 18/1/18
f 173/1/173 686/1/686 300/1/300
f 1168/1/1168 857/1/857 471/1/471
f 1277/1/1277 1259/1/1259 83/1/83
f 1276/1/1276 83/1/83 1604/1/1604
f 313/1/313 374/1/374 1522/1/1522
f 543/1/543 708/1/708 417/1/417
f 1077/1/1077 1182/1/1182 1189/1/1189
f 1798/1/1798 1255/1/1255 1173/1/1173
f 471/1/471 857/1/857 220/1/220
f 315/1/315 1489/1/1489 1388/1/1388
f 350/1/350 1493/1/1493 492/1/492
f 1203/1/1203 443/1/443 933/1/933
# 4124 faces, 1 coords texture

# End of File
