####
#
# OBJ File Generated by Meshlab
#
####
# Object r_link_3_zhitao_0.obj
#
# Vertices: 1612
# Faces: 3216
#
####
mtllib ./r_link_3_zhitao_0.obj.mtl

vn 2.1818948832121454 -5.2671963444382328 -0.7561465353432277
v 0.0233250000000000 -0.0020000000000000 -0.0004530000000000
vn 0.0000000000000000 -6.2831853071795862 0.0000000000000000
v 0.0230920000000000 -0.0020000000000000 -0.0001820000000000
vn 0.0000000000000013 -6.2831853071795871 -0.0000000000000001
v 0.0227820000000000 -0.0020000000000000 -0.0000180000000000
vn -0.0000000000000001 -6.2831853071795862 -0.0000000000000013
v 0.0219820000000000 -0.0020000000000000 -0.0007820000000000
vn 0.0000000000000000 -6.2831853071795871 0.0000000000000000
v 0.0222910000000000 -0.0020000000000000 -0.0009460000000000
vn 5.1279688670572776 -2.4489624238299310 1.0725206402284484
v 0.0234227692307692 -0.0019269230769231 0.0003783846153846
vn 3.9274619171555125 -4.4444556006715761 2.0413351715826771
v 0.0232840000000000 -0.0019500000000000 0.0006730000000000
vn 2.8383611653967140 -4.5184743357952328 3.2746243300341895
v 0.0229260000000000 -0.0019500000000000 0.0011160000000000
vn 0.4389614472522586 -5.1810552257010265 2.3471278604736150
v 0.0222400000000000 -0.0020000000000000 0.0013790000000000
vn 2.2406645112602375 -5.2123098866691073 0.7322257596788908
v 0.0233380000000000 -0.0020000000000000 0.0004120000000000
vn 0.0000000000000000 -6.2831853071795862 0.0000000000000000
v 0.0231100000000000 -0.0020000000000000 0.0006010000000000
vn 0.0000000000000000 -6.2831853071795862 0.0000000000000000
v 0.0228000000000000 -0.0020000000000000 0.0007640000000000
vn 1.7346195887085769 -2.4719365890961504 4.9887479655635927
v 0.0224591538461538 -0.0019269230769231 0.0013990769230769
vn 0.5935756280800240 0.0094714053954720 -6.2270488297338167
v 0.0221420000000000 0.0012600000000000 -0.0014930000000000
vn 2.9076562329294231 -0.0000000000000037 -5.5354075997650867
v 0.0226960000000000 0.0028400000000000 -0.0013290000000000
vn 0.0538317391624601 -5.1590185333320608 -2.4040305693553274
v 0.0219780000000000 -0.0020000000000000 -0.0014000000000000
vn 2.4054283544265793 -5.1592730424745907 -0.0628574569649538
v 0.0234000000000000 -0.0020000000000000 -0.0000220000000000
vn -0.4187984230052140 -2.2307138515577236 -5.2546577811140978
v 0.0218850000000000 -0.0019250000000000 -0.0014700000000000
vn 5.2295677929475026 -2.3445334077209772 0.6356525362655276
v 0.0234670000000000 -0.0019269230769231 0.0001323846153846
vn 2.7047877226339452 -0.0794239098905050 -5.6422298776562636
v 0.0226240000000000 -0.0011100000000000 -0.0013622727272727
vn 4.5316989279916902 -0.0114337210794028 -4.3210514400029423
v 0.0230989090909091 -0.0003200000000000 -0.0010180000000000
vn 5.8002292305481342 -0.1195506470429186 -2.3844615173332495
v 0.0233870000000000 -0.0011100000000000 -0.0005700000000000
vn 0.0000000000000000 -6.2831853071795862 0.0000000000000000
v 0.0229460000000000 -0.0020000000000000 0.0002910000000000
vn 2.7081907584444531 -0.0079076647370082 -5.6471810378683047
v 0.0226240000000000 -0.0003200000000000 -0.0013622727272727
vn 4.5368945442642463 0.0166202970559816 -4.3166093258754925
v 0.0230989090909091 -0.0011100000000000 -0.0010180000000000
vn 5.8098846163301214 0.0007545542296689 -2.3758788408734484
v 0.0233870000000000 -0.0003200000000000 -0.0005700000000000
vn 3.4047932959977336 -4.4148298514709312 2.8618822068368575
v 0.0231290000000000 -0.0019500000000000 0.0009100000000000
vn -0.4147873062506343 -5.1990320525014626 2.3339246788898516
v 0.0218020000000000 -0.0020000000000000 0.0013860000000000
vn 1.7735631951305788 -4.8665319897063997 1.9327667486147502
v 0.0230050000000000 -0.0020000000000000 0.0009750000000000
vn 4.1572139654422813 -2.1899958520945777 3.1890345132276812
v 0.0231890000000000 -0.0019000000000000 0.0009150000000000
vn 0.2273080212240769 -2.3165327615729061 5.2746754074050184
v 0.0221128461538462 -0.0019230769230769 0.0014720769230769
vn 1.7770111014701164 0.0096985085524866 -5.9964023086454610
v 0.0224270000000000 0.0012600000000000 -0.0014380000000000
vn 5.5155414056261813 -0.0000000000000060 -2.9411227088604441
v 0.0233260000000000 0.0028400000000000 -0.0007020000000000
vn 5.9895376794091888 0.0093944311813855 -1.8036477425705371
v 0.0234360000000000 0.0012600000000000 -0.0004330000000000
vn 0.2815973403363065 -0.0638022588780873 -6.2606679249790602
v 0.0220695000000000 -0.0011100000000000 -0.0014965000000000
vn 6.2599664666725250 -0.0355304331841036 0.0123474656074258
v 0.0235000000000000 -0.0011100000000000 -0.0000030000000000
vn 0.7585793149731384 -5.2654336675058913 2.1827167455459380
v 0.0224530000000000 -0.0020000000000000 0.0013250000000000
vn 2.1270914768497891 -5.2356884888591164 0.9701721310405281
v 0.0232570000000000 -0.0020000000000000 0.0006160000000000
vn 0.9748529132085914 -2.2315685424005038 4.7531721670265457
v 0.0223000000000000 -0.0019000000000000 0.0014700000000000
vn -0.6143902433521645 0.0097167123781942 -6.2229863025729308
v 0.0218520000000000 0.0012600000000000 -0.0014930000000000
vn 4.8132334481905223 -0.0000000000000025 -3.9892478893373182
v 0.0231540000000000 0.0028400000000000 -0.0009580000000000
vn 6.2266874144574089 0.0096092429658954 0.5974418425665912
v 0.0234930000000000 0.0012600000000000 0.0001420000000000
vn -0.5296100372560330 -0.0987839058906012 -6.2405193030399708
v 0.0218520000000000 -0.0011100000000000 -0.0014930000000000
vn 6.2031080521412694 -0.0935892107515785 0.8845085791589389
v 0.0234834545454545 -0.0011100000000000 0.0002074545454545
vn 3.1943487986181207 -2.5360022062284728 -3.2719079031961664
v 0.0230740000000000 -0.0019000000000000 -0.0010470000000000
vn -0.5307843940137249 -0.0007209832963333 -6.2466457865529597
v 0.0218520000000000 -0.0003200000000000 -0.0014930000000000
vn 6.2045428265407354 -0.0029983750099940 0.9110279608757405
v 0.0234815454545454 -0.0003200000000000 0.0002205454545455
vn 1.8935038324977287 -0.0472772477540739 -5.9744456164400415
v 0.0224270000000000 -0.0011100000000000 -0.0014380000000000
vn 6.0219481231824714 -0.0995742999830465 -1.7264303307745852
v 0.0234360000000000 -0.0011100000000000 -0.0004330000000000
vn 5.9963185333592843 -0.0000000000000066 1.7750985573370186
v 0.0234380000000000 0.0028400000000000 0.0004270000000000
vn 0.0000000000000000 -6.2831853071795871 0.0000000000000000
v 0.0229280000000000 -0.0020000000000000 -0.0004910000000000
vn 0.0000000000000000 -6.2831853071795871 0.0000000000000000
v 0.0221280000000000 -0.0020000000000000 -0.0012550000000000
vn 0.0000000000000000 -6.2831853071795871 0.0000000000000000
v 0.0218180000000000 -0.0020000000000000 -0.0010920000000000
vn 5.5456097624056184 -0.1204443098187063 -2.9208982030983757
v 0.0233260000000000 -0.0011100000000000 -0.0007020000000000
vn 5.9975187458097707 0.0098287440048908 1.7732660093117329
v 0.0234380000000000 0.0012600000000000 0.0004270000000000
vn 0.0000000000000000 -6.2831853071795862 0.0000000000000000
v 0.0232550000000000 -0.0020000000000000 0.0001280000000000
vn 0.0000000000000017 -6.2831853071795862 -0.0000000000000009
v 0.0226190000000000 -0.0020000000000000 -0.0003270000000000
vn 0.0000000000000008 -6.2831853071795871 -0.0000000000000010
v 0.0224550000000000 -0.0020000000000000 -0.0006370000000000
vn 3.6591871681806771 -0.0360517618259251 -5.0682131361631377
v 0.0228825000000000 -0.0011100000000000 -0.0012105000000000
vn 5.1628754693049803 -0.0456720562962420 -3.5494707644406227
v 0.0232470000000000 -0.0011100000000000 -0.0008340000000000
vn 3.9892478893373502 -0.0000000000000002 4.8132334481904957
v 0.0229580000000000 0.0028400000000000 0.0011540000000000
vn 2.9411227088604917 -0.0000000000000002 5.5155414056261574
v 0.0227020000000000 0.0028400000000000 0.0013260000000000
vn 1.0809521699851845 -0.0069931880356254 -6.1769123981935126
v 0.0222860000000000 -0.0011100000000000 -0.0014720000000000
vn 6.1921002786158752 -0.0462683007600823 -0.9697488084779700
v 0.0234810000000000 -0.0011100000000000 -0.0002265454545455
vn 3.9882494666963675 0.0106533813948618 4.8150030094444176
v 0.0229580000000000 0.0012600000000000 0.0011540000000000
vn 2.9409284761547472 0.0063997880231497 5.5162046568985437
v 0.0227020000000000 0.0012600000000000 0.0013260000000000
vn 0.0267985471057198 -5.2628058701839748 2.3147055534459597
v 0.0220220000000000 -0.0020000000000000 0.0014000000000000
vn 1.9555973925632637 -5.2103221959584856 1.3256113643815719
v 0.0231450000000000 -0.0020000000000000 0.0008050000000000
vn 0.0000000000000000 -6.2831853071795862 0.0000000000000000
v 0.0218720000000000 -0.0020000000000000 0.0012550000000000
vn 0.0000000000000010 -6.2831853071795862 0.0000000000000008
v 0.0226370000000000 -0.0020000000000000 0.0004550000000000
vn 4.5503123619561539 -2.1931150012070439 2.6054085560698956
v 0.0233070000000000 -0.0019000000000000 0.0007360000000000
vn 3.6016016078230151 -2.3124125249825309 3.5944610114467239
v 0.0230470000000000 -0.0019000000000000 0.0010740000000000
vn -0.5116213186960249 -2.2459574017326345 5.2449755541603480
v 0.0218676153846154 -0.0019269230769231 0.0014670000000000
vn 3.9334020561319964 -0.0000000000000039 -4.8609810714030059
v 0.0229420000000000 0.0028400000000000 -0.0011670000000000
vn 6.2226101379810039 0.0095782869254073 -0.6182722265152449
v 0.0234930000000000 0.0012600000000000 -0.0001480000000000
vn 3.6633962979661168 0.0138611443034148 5.0788237476746385
v 0.0228903636363636 -0.0011100000000000 0.0012047272727273
vn 2.7320558721518946 -0.0319202628922793 5.6317955091257179
v 0.0226420000000000 -0.0011100000000000 0.0013537272727273
vn 4.8115248812617750 -2.2082362130632278 1.6052615474654208
v 0.0233980000000000 -0.0019000000000000 0.0005430000000000
vn 3.6471575322109651 -0.0098774676764943 5.0890617311918582
v 0.0228903636363636 -0.0003200000000000 0.0012047272727273
vn 2.7377688194552068 -0.0050241479274881 5.6324119136471076
v 0.0226300000000000 -0.0003200000000000 0.0013592727272727
vn 1.8744939515527175 -4.9642333706496924 -1.7375900830410345
v 0.0229750000000000 -0.0020000000000000 -0.0010050000000000
vn 0.0000000000000000 -6.2831853071795862 0.0000000000000000
v 0.0227640000000000 -0.0020000000000000 -0.0008000000000000
vn -0.0000000000000000 -6.2831853071795862 0.0000000000000000
v 0.0220000000000000 -0.0020000000000000 0.0000000000000000
vn 0.2867941073779868 -0.0050528723114193 -6.2637385203316889
v 0.0220629090909091 -0.0003200000000000 -0.0014968181818182
vn 6.2618547430590104 -0.0074246027303806 -0.0083827671451559
v 0.0235000000000000 -0.0003200000000000 -0.0000030000000000
vn 5.5354075997650636 -0.0000000000000036 2.9076562329294613
v 0.0233290000000000 0.0028400000000000 0.0006960000000000
vn 1.8052062469163181 0.0000000000000000 5.9884487278367162
v 0.0224330000000000 0.0028400000000000 0.0014360000000000
vn 2.3339246788899364 -5.1990320525013649 0.4147873062506483
v 0.0233860000000000 -0.0020000000000000 0.0001980000000000
vn 0.2443464073744669 -2.4234710347367949 -5.1970405077162107
v 0.0221320000000000 -0.0019250000000000 -0.0014690000000000
vn 4.8722169047731114 -2.2175642979862267 -0.3140343741271760
v 0.0234970000000000 -0.0019000000000000 -0.0000870000000000
vn 5.5362344492399993 0.0132630892354370 2.9079149959458945
v 0.0233290000000000 0.0012600000000000 0.0006960000000000
vn 1.8072643494435165 0.0094687862012380 5.9884517992200568
v 0.0224330000000000 0.0012600000000000 0.0014360000000000
vn 0.0000000000000001 -6.2831853071795880 0.0000000000000013
v 0.0220180000000000 -0.0020000000000000 0.0007820000000000
vn 0.0000000000000009 -6.2831853071795862 0.0000000000000017
v 0.0223270000000000 -0.0020000000000000 0.0006190000000000
vn 5.5594865814573682 -0.0039020719838335 2.9101926657088715
v 0.0233290000000000 -0.0011100000000000 0.0006960000000000
vn 1.9355401020776866 -0.0519680380057458 5.9606205206586713
v 0.0224330000000000 -0.0011100000000000 0.0014360000000000
vn 2.9078319859481776 0.0063444417639831 -5.5358437435163630
v 0.0226960000000000 0.0012600000000000 -0.0013290000000000
vn 1.0933061268363402 -0.0309079653443228 6.1724641867933734
v 0.0222920000000000 -0.0011100000000000 0.0014710000000000
vn -0.6161170094005390 -0.0000000000000009 -6.2221777005925043
v 0.0218520000000000 0.0028400000000000 -0.0014930000000000
vn 4.8122135249094828 0.0108926908129726 -3.9916397105680517
v 0.0231540000000000 0.0012600000000000 -0.0009580000000000
vn 6.2262702405943653 0.0000000000000008 0.5952886571412319
v 0.0234930000000000 0.0028400000000000 0.0001420000000000
vn 1.1213442179971391 -0.0041863999098529 6.1694291100964636
v 0.0222920000000000 -0.0003200000000000 0.0014710000000000
vn 0.5952886571412290 -0.0000000000000002 -6.2262702405943653
v 0.0221420000000000 0.0028400000000000 -0.0014930000000000
vn 5.5569102783095410 0.0000000000000062 2.9153825882461346
v 0.0233290000000000 -0.0003200000000000 0.0006960000000000
vn 1.8970166986490293 0.0000000000000006 5.9764558860708767
v 0.0224330000000000 -0.0003200000000000 0.0014360000000000
vn 1.3090790609519238 -5.2733599715752923 -1.8975611701820463
v 0.0228050000000000 -0.0020000000000000 -0.0011450000000000
vn 0.0000000000000000 -6.2831853071795862 0.0000000000000000
v 0.0226010000000000 -0.0020000000000000 -0.0011100000000000
vn 2.5382255033500911 -2.1866351000704536 -4.6186963896704265
v 0.0227069230769231 -0.0019230769230769 -0.0012963846153846
vn 4.7057631743372443 -2.3618521074212087 -2.3469748133650796
v 0.0233008571428571 -0.0019285714285714 -0.0006882857142857
vn 1.8636611266211163 -0.0000000000000017 -5.9864575110865275
v 0.0224270000000000 -0.0003200000000000 -0.0014380000000000
vn 6.0276043150698069 0.0000000000000066 -1.7270503816186826
v 0.0234360000000000 -0.0003200000000000 -0.0004330000000000
vn 4.8609810714029980 0.0000000000000000 3.9334020561320147
v 0.0231670000000000 0.0028400000000000 0.0009420000000000
vn 0.6161170094005312 0.0000000000000000 6.2221777005925052
v 0.0221480000000000 0.0028400000000000 0.0014930000000000
vn 0.3863604035989454 -5.1923798271083825 -2.3428112150655642
v 0.0221980000000000 -0.0020000000000000 -0.0013860000000000
vn 2.2778499978751103 -5.2622886049078259 -0.4101362521267156
v 0.0233790000000000 -0.0020000000000000 -0.0002400000000000
vn 1.9226431663096988 -2.4380026044705105 -4.9192809626034029
v 0.0224730000000000 -0.0019269230769231 -0.0013936923076923
vn 5.0232144010736608 -2.2285328899417087 -1.6524108953517838
v 0.0233990769230769 -0.0019269230769231 -0.0004591538461538
vn 5.5474996098227294 0.0000000000000059 -2.9312118443244533
v 0.0233260000000000 -0.0003200000000000 -0.0007020000000000
vn 4.8617446075402571 0.0136878159773534 3.9338456087798330
v 0.0231670000000000 0.0012600000000000 0.0009420000000000
vn 0.6144089150626042 0.0094407846898545 6.2229841602266402
v 0.0221480000000000 0.0012600000000000 0.0014930000000000
vn 2.0768118399646829 -4.4552398547220600 3.8934098893110716
v 0.0226780000000000 -0.0019500000000000 0.0012820000000000
vn 1.3864332949654192 -5.1540817290219962 1.9672093216714599
v 0.0228400000000000 -0.0020000000000000 0.0011200000000000
vn 0.0000000000000000 -6.2831853071795880 0.0000000000000000
v 0.0221820000000000 -0.0020000000000000 0.0010920000000000
vn 6.0388413783523474 0.0000000000000067 1.6871510565936236
v 0.0234380000000000 -0.0003200000000000 0.0004270000000000
vn 4.8778663308526440 0.0001033227667665 3.9486732381659562
v 0.0231670000000000 -0.0011100000000000 0.0009420000000000
vn 0.2961125435328056 -0.0881915749991039 6.2572408106587032
v 0.0220689090909091 -0.0011100000000000 0.0014968181818182
vn 1.7750985573370117 0.0000000000000000 -5.9963185333592870
v 0.0224270000000000 0.0028400000000000 -0.0014380000000000
vn 5.5167911913233620 0.0135856641565196 -2.9406936284759335
v 0.0233260000000000 0.0012600000000000 -0.0007020000000000
vn 5.9884487278367224 -0.0000000000000006 -1.8052062469163190
v 0.0234360000000000 0.0028400000000000 -0.0004330000000000
vn 6.0466191000108127 -0.0518848454856046 1.6463186229961257
v 0.0234380000000000 -0.0011100000000000 0.0004270000000000
vn 4.8806597398544476 -0.0000000000000008 3.9452167909742730
v 0.0231670000000000 -0.0003200000000000 0.0009420000000000
vn 0.3009575046691355 -0.0046595641710760 6.2622176448889615
v 0.0220689090909091 -0.0003200000000000 0.0014968181818182
vn 0.9945377161470896 -5.2661682884932475 -2.0863604408869936
v 0.0226160000000000 -0.0020000000000000 -0.0012570000000000
vn 2.0191840921916717 -5.2927047601520005 -1.0708937302880654
v 0.0232370000000000 -0.0020000000000000 -0.0006550000000000
vn 2.1066792401985297 -4.7180273704822078 -1.7140107571914809
v 0.0231200000000000 -0.0020000000000000 -0.0008400000000000
vn 3.1529678432773163 -2.4596666454461467 -4.2010951169312962
v 0.0229119230769231 -0.0019307692307692 -0.0011520769230769
vn 3.7131325800674682 -2.5652730229847447 -2.5493759253927322
v 0.0232120000000000 -0.0019000000000000 -0.0008830000000000
vn 1.0868926002411463 -0.0038605474965169 -6.1760332729128002
v 0.0222860000000000 -0.0003200000000000 -0.0014720000000000
vn 6.1995345807131912 -0.0046841945409851 -0.9384609597857534
v 0.0234810000000000 -0.0003200000000000 -0.0002265454545455
vn -0.5952886571412291 -0.0000000000000005 6.2262702405943635
v 0.0218580000000000 0.0028400000000000 0.0014930000000000
vn 0.6351512499637304 -5.2261583085436945 -2.2583192202554510
v 0.0224120000000000 -0.0020000000000000 -0.0013380000000000
vn 1.1703883716194494 -2.2189027037104352 -4.7566820073720777
v 0.0223380000000000 -0.0019000000000000 -0.0014610000000000
vn 5.1845817165975596 -2.4233338605469821 -1.0684904816405545
v 0.0234565000000000 -0.0019250000000000 -0.0002215000000000
vn 3.6670754859908770 -0.0147431877476468 -5.0658051781683291
v 0.0228770909090909 -0.0003200000000000 -0.0012144545454545
vn 5.1451606854983938 -0.0039488366574826 -3.5804758442289546
v 0.0232470000000000 -0.0003200000000000 -0.0008340000000000
vn -0.5954439115184869 0.0067844522204299 6.2266960635678128
v 0.0218580000000000 0.0012600000000000 0.0014930000000000
vn 1.0995899566678671 -5.2813854775539841 2.0144205385365588
v 0.0226550000000000 -0.0020000000000000 0.0012370000000000
vn 0.0000000000000000 -6.2831853071795853 0.0000000000000000
v 0.0224910000000000 -0.0020000000000000 0.0009280000000000
vn 3.0439629068289600 -2.2030567575034485 4.2377634130376798
v 0.0228830000000000 -0.0019000000000000 0.0012120000000000
vn 2.2816136757651959 -2.0443091239383722 4.7228863473717109
v 0.0227020000000000 -0.0019000000000000 0.0013260000000000
vn 5.8166845877941471 0.0008072849963780 2.3566695334466004
v 0.0233900000000000 -0.0003200000000000 0.0005640000000000
vn 5.2416568802567749 0.0046111136427864 3.4512896673173943
v 0.0232540000000000 -0.0011100000000000 0.0008230000000000
vn 4.3871402728661915 -0.0014013567609246 4.4776386079275197
v 0.0230680000000000 -0.0011100000000000 0.0010530000000000
vn -0.6113505436559810 -0.1028745413841393 6.2264944508829974
v 0.0218580000000000 -0.0011100000000000 0.0014930000000000
vn 3.9336760668203938 0.0065752646531230 -4.8613759904470495
v 0.0229420000000000 0.0012600000000000 -0.0011670000000000
vn 6.2221777005925007 0.0000000000000068 -0.6161170094005575
v 0.0234930000000000 0.0028400000000000 -0.0001480000000000
vn 5.8147429378351347 -0.0047812600447916 2.3610236360692589
v 0.0233900000000000 -0.0011100000000000 0.0005640000000000
vn 5.2412057436642590 0.0008483561996320 3.4516272479343875
v 0.0232540000000000 -0.0003200000000000 0.0008230000000000
vn 4.3875093667286507 -0.0041226093511912 4.4776968750188937
v 0.0230680000000000 -0.0003200000000000 0.0010530000000000
vn -0.5999820301515981 -0.0013638998475943 6.2353669781359216
v 0.0218580000000000 -0.0003200000000000 0.0014930000000000
vn -0.7693678601226810 3.9010497208293700 -4.5016910706118081
v 0.0215760000000000 0.0088880000000000 -0.0026090000000000
vn -1.4597072479559905 3.8802627537689416 -4.3375641657961177
v 0.0211670000000000 0.0088880000000000 -0.0025080000000000
vn -4.4428885982175492 3.7471933429979147 -1.2536555196881338
v 0.0194820000000000 0.0088880000000000 -0.0008030000000000
vn -5.2738373101431630 2.6396707908578332 -0.9910587050655115
v 0.0193100000000000 0.0087670000000000 -0.0004160000000000
vn -2.9025043188622099 -0.0002521376350434 5.5381933438692457
v 0.0213040000000000 0.0044200000000000 0.0013290000000000
vn -3.9333334421307722 -0.0084092763522715 4.8619228904487253
v 0.0210580000000000 0.0044200000000000 0.0011670000000000
vn -4.8209005200912758 0.0081759763269048 3.9791435678048783
v 0.0208460000000000 0.0044200000000000 0.0009580000000000
vn -1.1630802906672530 1.4262636486016955 -5.8110888915823740
v 0.0215102307692308 0.0086905384615385 -0.0026923846153846
vn -5.9331903801788073 -0.0069813193054070 2.0540882007441588
v 0.0194000000000000 0.0073130000000000 0.0008950000000000
vn -4.3875093667286880 -0.0041226093511996 -4.4776968750188608
v 0.0109320000000000 -0.0003200000000000 -0.0010530000000000
vn -2.7320558721518751 -0.0319202628922817 -5.6317955091257250
v 0.0113580000000000 -0.0011100000000000 -0.0013537272727273
vn -5.8147429378351472 -0.0047812600447881 -2.3610236360692181
v 0.0106100000000000 -0.0011100000000000 -0.0005640000000000
vn 0.4380534489148544 -2.2810957070082014 -5.1802782456514569
v 0.0121320000000000 -0.0019250000000000 -0.0014690000000000
vn -5.1845817165974744 -2.4233338605470389 1.0684904816405190
v 0.0105435000000000 -0.0019250000000000 0.0002215000000000
vn 0.0538317391624609 -5.1590185333320600 -2.4040305693553279
v 0.0119780000000000 -0.0020000000000000 -0.0014000000000000
vn -2.4054283544264581 -5.1592730424747355 0.0628574569649597
v 0.0106000000000000 -0.0020000000000000 0.0000220000000000
vn 2.3034238943879912 4.1911326060092815 1.4444460071859193
v 0.0207770000000000 0.0090000000000000 -0.0007670000000000
vn 0.0000000000000000 6.2831853071795853 0.0000000000000000
v 0.0203070000000000 0.0090000000000000 -0.0010230000000000
vn -1.4354975598010751 -2.9670478707150680 2.7785378432058829
v 0.0207400000000000 0.0060000000000000 0.0024440000000000
vn -2.7619541730009392 -2.9630072417077784 1.4661941277385715
v 0.0195690000000000 0.0060000000000000 0.0012860000000000
vn -1.7873476531038182 -0.0004385246119014 6.0192402674642667
v 0.0212170000000000 0.0073130000000000 0.0026360000000000
vn -3.8054623652379669 0.0576005777795752 -4.9907274216499182
v 0.0203300000000000 0.0079690000000000 -0.0021850000000000
vn -3.0654712019308556 4.1966094953663200 -3.1751165201289457
v 0.0201100000000000 0.0088880000000000 -0.0018470000000000
vn 4.6086865351578510 -0.0014766800780566 2.8892116577713054
v 0.0207770000000000 0.0083500000000000 -0.0007670000000000
vn -4.3405487374546263 0.5756172320950992 -4.3879298418613448
v 0.0200710000000000 0.0086250000000000 -0.0019600000000000
vn -4.3871402728661550 -0.0014013567609225 -4.4776386079275605
v 0.0109320000000000 -0.0011100000000000 -0.0010530000000000
vn -2.7377688194551726 -0.0050241479274859 -5.6324119136471280
v 0.0113700000000000 -0.0003200000000000 -0.0013592727272727
vn -5.8166845877941560 0.0008072849963719 -2.3566695334465644
v 0.0106100000000000 -0.0003200000000000 -0.0005640000000000
vn 1.3818462070923887 -2.3734939624709419 4.5066284656774673
v 0.0125060000000000 -0.0019000000000000 0.0014120000000000
vn 4.9037501619211508 -2.4988891904513966 1.9852210773047625
v 0.0133410000000000 -0.0019250000000000 0.0006080000000000
vn 0.0000000000000000 -6.2831853071795871 0.0000000000000000
v 0.0115090000000000 -0.0020000000000000 -0.0009280000000000
vn 0.0000000000000000 -6.2831853071795862 0.0000000000000000
v 0.0107450000000000 -0.0020000000000000 -0.0001280000000000
vn 0.0000000000000000 -6.2831853071795862 0.0000000000000000
v 0.0131100000000000 -0.0020000000000000 0.0006010000000000
vn 2.2233501167568717 -5.2572260532145503 0.5978522288585477
v 0.0133380000000000 -0.0020000000000000 0.0004120000000000
vn 0.3977611625946501 -5.2505694533141298 2.2922087600946299
v 0.0122400000000000 -0.0020000000000000 0.0013790000000000
vn 4.5840269172507906 2.7865801140403121 0.1755222862513010
v 0.0207510000000000 0.0077000000000000 -0.0000460000000000
vn 1.4144904838895753 5.9244818389513583 -0.3214463716680400
v 0.0207810000000000 0.0077000000000000 0.0002790000000000
vn -0.1050044053165452 6.2137844438825081 -0.6469609376077902
v 0.0216190000000000 0.0090000000000000 -0.0023440000000000
vn -3.9851892366931216 1.4538033918639273 4.3694601833412454
v 0.0201265000000000 0.0086960000000000 0.0019935000000000
vn 0.5954439115184686 0.0067844522204300 -6.2266960635678164
v 0.0121420000000000 0.0012600000000000 -0.0014930000000000
vn -6.2226101379810199 0.0095782869254218 0.6182722265151763
v 0.0105070000000000 0.0012600000000000 0.0001480000000000
vn -1.1623511226828205 -2.2059968528569747 4.7674780340342364
v 0.0116620000000000 -0.0019000000000000 0.0014610000000000
vn 4.8722169047733273 -2.2175642979861481 -0.3140343741271853
v 0.0134970000000000 -0.0019000000000000 -0.0000870000000000
vn 0.0000000000000000 -6.2831853071795871 0.0000000000000000
v 0.0122910000000000 -0.0020000000000000 -0.0009460000000000
vn -0.0000000000000003 -6.2831853071795862 -0.0000000000000026
v 0.0130920000000000 -0.0020000000000000 -0.0001820000000000
vn 2.1818948832121441 -5.2671963444382230 -0.7561465353432486
v 0.0133250000000000 -0.0020000000000000 -0.0004530000000000
vn 0.9731650006311091 -5.2268423020998274 -2.1345218847168361
v 0.0126160000000000 -0.0020000000000000 -0.0012570000000000
vn -0.6348086937161885 -5.2258405307396840 2.2586926723224305
v 0.0115880000000000 -0.0020000000000000 0.0013380000000000
vn -2.0160692038583372 -5.2676299384105949 1.1210412557757112
v 0.0107630000000000 -0.0020000000000000 0.0006550000000000
vn -2.5541833741007509 -3.3996147758802859 -1.7809559592083490
v 0.0207670000000000 0.0060000000000000 -0.0008540000000000
vn -1.9911532212776253 5.6374207843405992 -1.2827057143849991
v 0.0199450000000000 0.0089700000000000 -0.0014630000000000
vn -4.7600828336322412 1.5604704211054730 -3.4609411476802738
v 0.0198134166666667 0.0087078333333333 -0.0016385833333333
vn -5.5594865814573380 -0.0039020719838194 -2.9101926657089301
v 0.0106710000000000 -0.0011100000000000 -0.0006960000000000
vn 1.7732831647507390 0.0095591567020524 -5.9975134083917734
v 0.0124270000000000 0.0012600000000000 -0.0014380000000000
vn -5.9895376794092003 0.0093944311813965 1.8036477425704711
v 0.0105640000000000 0.0012600000000000 0.0004330000000000
vn 2.4210590658658004 -2.1651370174409497 4.6558555659923604
v 0.0127020000000000 -0.0019000000000000 0.0013260000000000
vn 3.1130204166702713 -2.1649188205942105 4.1725158951999441
v 0.0128830000000000 -0.0019000000000000 0.0012120000000000
vn 3.9424384674884463 -2.0899816096830688 3.5469749556848478
v 0.0131244545454545 -0.0019000000000000 0.0009872727272727
vn 4.4012026993164737 -2.2300878523907990 2.2514640063383338
v 0.0133070000000000 -0.0019000000000000 0.0007360000000000
vn -0.0000000000000009 -6.2831853071795862 -0.0000000000000017
v 0.0116730000000000 -0.0020000000000000 -0.0006190000000000
vn 0.0000000000000000 -6.2831853071795862 0.0000000000000000
v 0.0109080000000000 -0.0020000000000000 0.0001820000000000
vn 2.0236773590937420 -5.1457937584453841 1.3216334501356630
v 0.0131450000000000 -0.0020000000000000 0.0008050000000000
vn 1.0995899566678600 -5.2813854775540037 2.0144205385365419
v 0.0126550000000000 -0.0020000000000000 0.0012370000000000
vn 2.1450031807225738 2.7809388220810281 4.0593816205511217
v 0.0214150000000000 0.0077000000000000 -0.0011050000000000
vn 0.3245500030594283 5.9264281063190065 1.4097467016634559
v 0.0217210000000000 0.0077000000000000 -0.0012190000000000
vn 1.3818057311932497 5.9282081961352420 0.4165939309165977
v 0.0208050000000000 0.0077000000000000 -0.0003680000000000
vn -0.2081828255217403 6.2131214087157494 -0.6246806053940362
v 0.0212510000000000 0.0090000000000000 -0.0022540000000000
vn -0.4704640322817820 6.2131773618960473 -0.4604824149842254
v 0.0203010000000000 0.0090000000000000 -0.0016600000000000
vn -3.9573116477041728 2.3237854875037307 -3.9628729742910878
v 0.0200530000000000 0.0087670000000000 -0.0019030000000000
vn -5.1545077494838667 0.9121755923975184 -3.2245356892835257
v 0.0196710000000000 0.0086250000000000 -0.0014620000000000
vn -4.8778663308526404 0.0001033227667682 -3.9486732381659482
v 0.0108330000000000 -0.0011100000000000 -0.0009420000000000
vn 2.9079149959459056 0.0132630892354382 -5.5362344492399851
v 0.0126960000000000 0.0012600000000000 -0.0013290000000000
vn 4.8132334481905223 0.0000000000000012 -3.9892478893373258
v 0.0131540000000000 0.0028400000000000 -0.0009580000000000
vn 1.0773471353213024 -2.4283723149918162 5.1730412539672521
v 0.0123640769230769 -0.0019269230769231 0.0014258461538462
vn -0.0000000000000013 -6.2831853071795862 0.0000000000000001
v 0.0112180000000000 -0.0020000000000000 0.0000180000000000
vn 0.0000000000000000 -6.2831853071795862 0.0000000000000000
v 0.0118180000000000 -0.0020000000000000 -0.0010920000000000
vn -0.0000000000000001 -6.2831853071795862 -0.0000000000000013
v 0.0119820000000000 -0.0020000000000000 -0.0007820000000000
vn 2.0966638733902005 -5.2120085499712383 1.0801245429044544
v 0.0132570000000000 -0.0020000000000000 0.0006160000000000
vn 0.8261693861363746 -5.1512761615514178 2.2665259450487203
v 0.0124530000000000 -0.0020000000000000 0.0013250000000000
vn -2.2406645112601766 -5.2123098866691802 -0.7322257596788759
v 0.0106620000000000 -0.0020000000000000 -0.0004120000000000
vn 4.3487112985134830 -4.3019986094551683 1.3234091770337595
v 0.0133900000000000 -0.0019500000000000 0.0004130000000000
vn 0.9904388450464165 5.9207334169028538 1.0692896432061816
v 0.0211490000000000 0.0077000000000000 -0.0009160000000000
vn 0.0000000000000015 6.2831853071795862 -0.0000000000000009
v 0.0209070000000000 0.0090000000000000 -0.0013410000000000
vn -1.7038780874709618 5.6278227355774106 1.7432003649965795
v 0.0202370000000000 0.0089700000000000 0.0018040000000000
vn -1.8043223258362300 -0.0079693816298580 -5.9893816427382385
v 0.0215670000000000 0.0044200000000000 -0.0014360000000000
vn -4.8609810714029873 0.0000000000000017 -3.9334020561320218
v 0.0108330000000000 0.0028400000000000 -0.0009420000000000
vn -0.6144089150626078 0.0094407846898550 -6.2229841602266385
v 0.0118520000000000 0.0012600000000000 -0.0014930000000000
vn 4.6115045252550679 0.0132548418087451 -4.2478192203459306
v 0.0130989090909091 -0.0011100000000000 -0.0010180000000000
vn -4.6967080495348528 -2.3393437868080014 2.3319133120029947
v 0.0106960000000000 -0.0019250000000000 0.0006900000000000
vn -1.9227790464744361 -2.4381012893441678 4.9191471018637802
v 0.0115270000000000 -0.0019269230769231 0.0013936923076923
vn 4.6753500424047170 -2.8782185468467474 0.5006900325956680
v 0.0134670000000000 -0.0019269230769231 0.0001323846153846
vn 5.0239658628416866 -2.2294532645974732 -1.6505697702006437
v 0.0133990769230769 -0.0019269230769231 -0.0004591538461538
vn 0.0000000000000000 -6.2831853071795871 0.0000000000000000
v 0.0126010000000000 -0.0020000000000000 -0.0011100000000000
vn 0.0000000000000000 -6.2831853071795871 0.0000000000000000
v 0.0127640000000000 -0.0020000000000000 -0.0008000000000000
vn 0.0000000000000000 -6.2831853071795871 0.0000000000000000
v 0.0112360000000000 -0.0020000000000000 0.0008000000000000
vn 0.0000000000000000 -6.2831853071795862 0.0000000000000000
v 0.0113990000000000 -0.0020000000000000 0.0011100000000000
vn 2.2778499978749855 -5.2622886049079636 -0.4101362521267000
v 0.0133790000000000 -0.0020000000000000 -0.0002400000000000
vn -0.4147873062506313 -5.1990320525014662 2.3339246788898498
v 0.0118020000000000 -0.0020000000000000 0.0013860000000000
vn -2.1817593445535497 -5.2674653730777887 0.7557976013304563
v 0.0106750000000000 -0.0020000000000000 0.0004530000000000
vn -5.5354075997650778 0.0000000000000012 -2.9076562329294338
v 0.0106710000000000 0.0028400000000000 -0.0006960000000000
vn -1.8072643494435139 0.0094687862012382 -5.9884517992200603
v 0.0115670000000000 0.0012600000000000 -0.0014360000000000
vn 5.2094410151713699 -0.0373648604769967 -3.4672519532310324
v 0.0132470000000000 -0.0011100000000000 -0.0008340000000000
vn -5.9975187458097903 0.0098287440048978 -1.7732660093116539
v 0.0105620000000000 0.0012600000000000 -0.0004270000000000
vn -0.3197256671961264 -2.3944435077141608 5.2595717524718424
v 0.0118676153846154 -0.0019269230769231 0.0014670000000000
vn 5.1845817165974486 -2.4233338605470491 -1.0684904816405136
v 0.0134565000000000 -0.0019250000000000 -0.0002215000000000
vn 3.1572674751113929 -2.4553890633949371 -4.1984010623235317
v 0.0129119230769231 -0.0019307692307692 -0.0011520769230769
vn 0.0000000000000000 -6.2831853071795862 0.0000000000000000
v 0.0110720000000000 -0.0020000000000000 0.0004910000000000
vn 0.0000000000000008 -6.2831853071795853 -0.0000000000000010
v 0.0124550000000000 -0.0020000000000000 -0.0006370000000000
vn 1.0902804244021518 -6.0733773609722057 0.1486911168909485
v 0.0133074000000000 -0.0020000000000000 0.0001560000000000
vn 0.0000000000000000 -6.2831853071795862 0.0000000000000000
v 0.0118720000000000 -0.0020000000000000 0.0012550000000000
vn 1.8744939515527630 -4.9642333706496569 -1.7375900830410214
v 0.0129750000000000 -0.0020000000000000 -0.0010050000000000
vn 1.3090790609519221 -5.2733599715752870 -1.8975611701820552
v 0.0128050000000000 -0.0020000000000000 -0.0011450000000000
vn -1.6233912786985396 -5.2402446235595628 1.6792315724297793
v 0.0110250000000000 -0.0020000000000000 0.0010050000000000
vn 0.4270028385518486 5.9207249104898700 -1.3936186716306662
v 0.0216320000000000 0.0077000000000000 0.0011950000000000
vn 2.4045603014264199 2.0937257051669969 -1.2717828926941670
v 0.0207240000000000 0.0077000000000000 0.0006750000000000
vn -0.3821086499227504 6.2132233838400612 0.5358190868538700
v 0.0206220000000000 0.0090000000000000 0.0019350000000000
vn -0.5238535965741544 6.2140365670168025 0.3920727307644981
v 0.0200980000000000 0.0090000000000000 0.0014220000000000
vn -2.3287018444276941 -2.9597941116075721 -2.0865600887542839
v 0.0199500000000000 0.0060000000000000 -0.0018330000000000
vn -1.9642752503421164 5.6260939921527173 1.4356091145901249
v 0.0199790000000000 0.0089700000000000 0.0015100000000000
vn -5.9982505829888915 0.0014970215088056 -1.7682793579957994
v 0.0205620000000000 0.0044200000000000 -0.0004270000000000
vn -5.9780566924759242 0.7315071226539162 1.4487725840894574
v 0.0193380000000000 0.0086250000000000 0.0006910000000000
vn -5.9394066961740126 0.0087593025029214 2.0359021642032564
v 0.0194000000000000 0.0079690000000000 0.0008950000000000
vn 4.6085479203074353 -0.0046136461677673 -4.2504820315216083
v 0.0130989090909091 -0.0003200000000000 -0.0010180000000000
vn -1.7844727063807366 0.0601525646954105 6.0180470828800452
v 0.0212170000000000 0.0079690000000000 0.0026360000000000
vn -3.8085224181996358 -0.0012815950037925 -4.9908776332374334
v 0.0203300000000000 0.0073130000000000 -0.0021850000000000
vn -4.4721354549902514 2.1665044633803396 3.4802162260889880
v 0.0198200000000000 0.0087670000000000 0.0016300000000000
vn -1.4149484233024421 5.6292427010062349 1.9828987573232790
v 0.0205370000000000 0.0089700000000000 0.0020550000000000
vn -1.9463376847249578 4.1295545540765355 3.9998104972444661
v 0.0208180000000000 0.0088880000000000 0.0023640000000000
vn -3.0937692002902821 4.9606709991910423 1.5230334118899242
v 0.0197170000000000 0.0089290000000000 0.0012080000000000
vn -2.2409496959874513 1.4871592442288661 5.3658319724260579
v 0.0209650000000000 0.0086250000000000 0.0025480000000000
vn -3.0261829266239171 0.6722056876400037 5.3752736700226729
v 0.0206760000000000 0.0086250000000000 0.0024100000000000
vn -3.4805972188242582 1.4634444425449620 4.7735086426943889
v 0.0204130000000000 0.0086960000000000 0.0022285000000000
vn -5.4541110710311544 0.6313079937249655 2.9188015195054478
v 0.0195690000000000 0.0086250000000000 0.0012860000000000
vn -6.0213715320106784 -0.0036617621621549 -1.7798836999098087
v 0.0193640000000000 0.0073130000000000 -0.0007830000000000
vn 5.1995120930296430 -0.0076144479360014 -3.4859646983658505
v 0.0132470000000000 -0.0003200000000000 -0.0008340000000000
vn 4.8602637619318827 0.0101778544789360 3.9353609936276022
v 0.0131670000000000 0.0012600000000000 0.0009420000000000
vn 3.9897718943463798 0.0069410311898847 4.8134733047230762
v 0.0129580000000000 0.0012600000000000 0.0011540000000000
vn 2.9408941681512806 0.0071959177160807 5.5162273166088562
v 0.0127020000000000 0.0012600000000000 0.0013260000000000
vn 1.0799503823586187 -2.4601141607325707 -5.1245201617609055
v 0.0123783846153846 -0.0019269230769231 -0.0014227692307692
vn -5.0300576628919167 -2.2367603702041734 1.6358093791115920
v 0.0106009230769231 -0.0019269230769231 0.0004591538461538
vn -0.4604824149842299 6.2131773618960446 0.4704640322817814
v 0.0203400000000000 0.0090000000000000 0.0016990000000000
vn 0.0000000000000000 -6.2831853071795880 0.0000000000000000
v 0.0200400000000000 0.0060000000000000 -0.0011850000000000
vn -3.1044950487519589 -2.9657406111757423 -0.3763900305322712
v 0.0192700000000000 0.0060000000000000 -0.0003330000000000
vn -0.8498029857707869 0.0395203385340216 6.2203111970360920
v 0.0216330000000000 0.0079690000000000 0.0027250000000000
vn -2.4733772173157975 -0.0210464091814881 -5.7698961905804556
v 0.0209060000000000 0.0073130000000000 -0.0025230000000000
vn -2.6073118432415714 2.3978662855975612 -4.9141794032484940
v 0.0207270000000000 0.0087670000000000 -0.0024060000000000
vn -2.1135302666300544 4.1301729237638760 -3.9106548037773634
v 0.0207640000000000 0.0088880000000000 -0.0023360000000000
vn -6.0008650792867524 0.7123610361194983 -1.3845964029460127
v 0.0193110000000000 0.0086250000000000 -0.0005770000000000
vn -6.2450358572619624 0.0853410786565919 0.6026970335785744
v 0.0192630000000000 0.0079690000000000 0.0002720000000000
vn -1.9355401020776810 -0.0519680380057437 -5.9606205206586775
v 0.0115670000000000 -0.0011100000000000 -0.0014360000000000
vn 1.7750985573370051 0.0000000000000004 -5.9963185333592888
v 0.0124270000000000 0.0028400000000000 -0.0014380000000000
vn 5.2310699125578068 -0.0080520633745846 3.4417130121944446
v 0.0132540000000000 -0.0003200000000000 0.0008230000000000
vn 4.5841208643499636 -0.0110795564830567 4.2656574602969153
v 0.0131130000000000 -0.0003200000000000 0.0010025454545455
vn 3.8089460192973039 -0.0070654549981756 4.9705465838713225
v 0.0128903636363636 -0.0003200000000000 0.0012047272727273
vn 2.9374196334135529 -0.0013306171738735 5.5293832681430297
v 0.0127020000000000 -0.0003200000000000 0.0013260000000000
vn -6.0466191000108216 -0.0518848454856083 -1.6463186229961335
v 0.0105620000000000 -0.0011100000000000 -0.0004270000000000
vn -5.9884487278367233 0.0000000000000000 1.8052062469163153
v 0.0105640000000000 0.0028400000000000 0.0004330000000000
vn -4.6642143158063867 -0.0075752481814465 4.2019958356797336
v 0.0199550000000000 0.0073130000000000 0.0018390000000000
vn -3.9322283947596794 -0.0003661678406876 4.8936618301330075
v 0.0202750000000000 0.0073130000000000 0.0021420000000000
vn -2.6922864285937069 -0.0034122487597478 5.6728868203211382
v 0.0208190000000000 0.0073130000000000 0.0024830000000000
vn -1.5768587217837871 0.0605474249521413 -6.0745188986609877
v 0.0213090000000000 0.0079690000000000 -0.0026620000000000
vn -5.6737926725155088 0.0707753288715571 -2.6848138726549369
v 0.0195170000000000 0.0079690000000000 -0.0011810000000000
vn -0.9569564185980016 5.6339775198188260 2.1668932258129634
v 0.0208720000000000 0.0089700000000000 0.0022570000000000
vn -6.2255203585852641 0.0023170587332425 -0.6016159087911407
v 0.0205070000000000 0.0044200000000000 -0.0001420000000000
vn -3.9957805643223505 0.0120759191239452 -4.8065788860545631
v 0.0210420000000000 0.0044200000000000 -0.0011540000000000
vn -5.6587590093176141 1.8090171283670062 0.6969787581500350
v 0.0192959230769231 0.0087014615384615 0.0004093076923077
vn -5.0893780651111040 0.7248732273979153 3.4712812513219600
v 0.0197350000000000 0.0086250000000000 0.0015600000000000
vn -5.7615991453455297 -0.0025945249425087 2.4948908731774688
v 0.0194770000000000 0.0079690000000000 0.0010940000000000
vn -2.9411227088604788 0.0000000000000004 -5.5155414056261609
v 0.0112980000000000 0.0028400000000000 -0.0013260000000000
vn 5.5369877388499056 0.0099306972754491 2.9060771070762810
v 0.0133290000000000 0.0012600000000000 0.0006960000000000
vn 1.8072473075134419 0.0091937931595926 5.9884566410743938
v 0.0124330000000000 0.0012600000000000 0.0014360000000000
vn -0.7261509709256313 -2.9630022021494962 -3.0417269323259033
v 0.0213640000000000 0.0060000000000000 -0.0026750000000000
vn 0.0000000000000013 -6.2831853071795862 0.0000000000000017
v 0.0207340000000000 0.0060000000000000 -0.0015520000000000
vn -3.1163865103475015 -2.9612777453549572 0.2565459923415309
v 0.0192590000000000 0.0060000000000000 0.0002230000000000
vn -2.2321847896141938 0.0239556955772964 5.8663472104846148
v 0.0210150000000000 0.0079690000000000 0.0025680000000000
vn -3.3797411311117598 -0.0117443971052817 -5.2900449513410521
v 0.0205170000000000 0.0073130000000000 -0.0023160000000000
vn 1.3785050476855456 5.4387899714511603 -2.7993806272383526
v 0.0217100000000000 0.0073390000000000 0.0005540000000000
vn 2.4964459462492705 5.4207857585158168 -1.9150269195793277
v 0.0215190000000000 0.0073390000000000 0.0003990000000000
vn 0.5999820301515810 -0.0013638998475938 -6.2353669781359251
v 0.0121420000000000 -0.0003200000000000 -0.0014930000000000
vn 5.7053288551679300 -0.0451547755438915 2.5937863708237003
v 0.0133622727272727 -0.0011100000000000 0.0006240000000000
vn 2.0469560521328076 -0.0348243122961912 5.9247388442552635
v 0.0124952727272727 -0.0011100000000000 0.0014137272727273
vn -6.1995345807131788 -0.0046841945409769 0.9384609597857723
v 0.0105190000000000 -0.0003200000000000 0.0002265454545455
vn -3.6016016078230142 -2.3124125249825043 -3.5944610114467563
v 0.0109530000000000 -0.0019000000000000 -0.0010740000000000
vn 0.0000000000000009 -6.2831853071795862 0.0000000000000017
v 0.0123270000000000 -0.0020000000000000 0.0006190000000000
vn 2.9544385542101823 -4.3911630831346304 3.3191340897326196
v 0.0129260000000000 -0.0019500000000000 0.0011160000000000
vn 1.2378024518401693 5.9194753070694528 0.7746368110433153
v 0.0209410000000000 0.0077000000000000 -0.0006640000000000
vn -0.9926703714833611 6.1137618291043614 -0.2220958027405753
v 0.0196530000000000 0.0090000000000000 -0.0003630000000000
vn -2.2611098521992714 -3.3988178371270261 2.1410567288325608
v 0.0209130000000000 0.0060000000000000 0.0010330000000000
vn -4.1805537557445476 0.0263508545031373 -4.6825733151118367
v 0.0201610000000000 0.0079690000000000 -0.0020450000000000
vn -5.1809279609666383 0.0107449644077636 -3.5467316339559014
v 0.0197260000000000 0.0079690000000000 -0.0015460000000000
vn -6.1774721474752523 -0.0323390716152572 1.1202655799369441
v 0.0192930000000000 0.0073130000000000 0.0004830000000000
vn -6.2680814038561641 0.0237093857679784 -0.3308951815408991
v 0.0192540000000000 0.0079690000000000 -0.0001540000000000
vn -0.3005450829954089 -0.0888187019066181 -6.2570326010292465
v 0.0119310909090909 -0.0011100000000000 -0.0014968181818182
vn 2.9076562329294338 -0.0000000000000019 -5.5354075997650778
v 0.0126960000000000 0.0028400000000000 -0.0013290000000000
vn 4.8122135249094686 0.0108926908129747 -3.9916397105680845
v 0.0131540000000000 0.0012600000000000 -0.0009580000000000
vn 1.3355780370416013 -0.0040367797667743 6.1268210864801302
v 0.0122920000000000 -0.0003200000000000 0.0014710000000000
vn -6.2599664666725321 -0.0355304331840984 -0.0123474656074420
v 0.0105000000000000 -0.0011100000000000 0.0000030000000000
vn 1.4686489687139344 3.1398472597020595 2.7771695525603164
v 0.0212030000000000 0.0090000000000000 -0.0009920000000000
vn -0.6385739967713824 0.0248359666834188 -6.2440280336675666
v 0.0217280000000000 0.0079690000000000 -0.0027370000000000
vn -2.3657414715967056 5.6335990571043855 0.0828593690398701
v 0.0194770000000000 0.0089700000000000 -0.0000010000000000
vn -3.5019733574617495 1.6999984853032402 -4.6013592463677284
v 0.0203382307692308 0.0086905384615385 -0.0021746153846154
vn -3.2889853020123834 0.7090896885253846 -5.2060022494387548
v 0.0205750000000000 0.0086250000000000 -0.0023520000000000
vn -6.0801208031377216 -0.0199595587017526 1.5604531311863992
v 0.0193380000000000 0.0073130000000000 0.0006910000000000
vn -6.2211173263753583 0.0080061744374777 -0.8504522585838412
v 0.0192750000000000 0.0079690000000000 -0.0003670000000000
vn 0.6136614419761834 -0.0985430636652718 -6.2265971348180997
v 0.0121420000000000 -0.0011100000000000 -0.0014930000000000
vn 5.6935429945899685 -0.0045497100176827 2.6257698202340150
v 0.0133622727272727 -0.0003200000000000 0.0006240000000000
vn 2.1060411717968357 -0.0058682711684772 5.9065688870073245
v 0.0125077272727273 -0.0003200000000000 0.0014092727272727
vn -6.1921002786158557 -0.0462683007600873 0.9697488084780160
v 0.0105190000000000 -0.0011100000000000 0.0002265454545455
vn -2.2816136757652119 -2.0443091239383722 -4.7228863473716975
v 0.0112980000000000 -0.0019000000000000 -0.0013260000000000
vn -4.8115248812617679 -2.2082362130632580 -1.6052615474653904
v 0.0106020000000000 -0.0019000000000000 -0.0005430000000000
vn 3.1393906813163035 3.1416799471360450 0.1176032973143517
v 0.0207420000000000 0.0090000000000000 0.0001940000000000
vn -1.1053002847716411 0.0573870342195245 -6.1792208766604722
v 0.0215170000000000 0.0079690000000000 -0.0027070000000000
vn -1.8970166986490393 -0.0000000000000010 -5.9764558860708714
v 0.0115670000000000 -0.0003200000000000 -0.0014360000000000
vn 3.9334020561320315 -0.0000000000000020 -4.8609810714029758
v 0.0129420000000000 0.0028400000000000 -0.0011670000000000
vn 6.2221777005925087 0.0000000000000049 -0.6161170094005225
v 0.0134930000000000 0.0028400000000000 -0.0001480000000000
vn 5.2302740071500926 0.0036805537516333 3.4434767795155570
v 0.0132540000000000 -0.0011100000000000 0.0008230000000000
vn 4.5934026534293437 -0.0036108194057254 4.2547976386520112
v 0.0131175000000000 -0.0011100000000000 0.0009975000000000
vn 3.8170986504301441 0.0005041210957593 4.9631800047666141
v 0.0128903636363636 -0.0011100000000000 0.0012047272727273
vn 2.9308428609108743 0.0042998222187233 5.5321861118197013
v 0.0127020000000000 -0.0011100000000000 0.0013260000000000
vn -0.5952886571412288 0.0000000000000000 6.2262702405943635
v 0.0118580000000000 0.0028400000000000 0.0014930000000000
vn -6.0388413783523509 0.0000000000000000 -1.6871510565936558
v 0.0105620000000000 -0.0003200000000000 -0.0004270000000000
vn 0.0000000000000000 -6.2831853071795871 0.0000000000000000
v 0.0108900000000000 -0.0020000000000000 -0.0006010000000000
vn 0.0000000000000010 -6.2831853071795853 0.0000000000000008
v 0.0126370000000000 -0.0020000000000000 0.0004550000000000
vn 0.0000000000000000 -6.2831853071795871 0.0000000000000000
v 0.0124910000000000 -0.0020000000000000 0.0009280000000000
vn -1.3580174915187109 -5.1617743422942528 -1.9820401776136793
v 0.0111600000000000 -0.0020000000000000 -0.0011200000000000
vn -2.0768118399646891 -4.4552398547220537 -3.8934098893110742
v 0.0113220000000000 -0.0019500000000000 -0.0012820000000000
vn -2.8464014211636552 -4.4258386077490410 -3.4102854693104376
v 0.0110740000000000 -0.0019500000000000 -0.0011160000000000
vn -3.4168589642150882 -4.4123747785961305 -2.8529429881924004
v 0.0108710000000000 -0.0019500000000000 -0.0009100000000000
vn -3.9274619171554370 -4.4444556006716676 -2.0413351715826371
v 0.0107160000000000 -0.0019500000000000 -0.0006730000000000
vn 0.0000000000000000 6.2831853071795871 0.0000000000000000
v 0.0200240000000000 0.0090000000000000 -0.0001060000000000
vn -2.7468542978544139 -3.4075093171526061 1.4641668067780780
v 0.0206740000000000 0.0060000000000000 0.0007020000000000
vn -4.8778940324727014 0.0713222947340302 -3.9475891598476989
v 0.0198580000000000 0.0079690000000000 -0.0017250000000000
vn -0.3899464641448482 5.6282737269395877 -2.4020831649441403
v 0.0215950000000000 0.0089700000000000 -0.0024900000000000
vn -2.1590676259000965 4.6799461193391911 -2.9498555547093117
v 0.0204540000000000 0.0089290000000000 -0.0020690000000000
vn -1.7213911255749181 5.6276490455233317 -1.7201420273202057
v 0.0201960000000000 0.0089700000000000 -0.0017630000000000
vn -3.2427036139769023 4.6361080757313475 -1.7454596668355888
v 0.0196895000000000 0.0089290000000000 -0.0011550000000000
vn -4.5750889209443333 3.8577443714539150 0.1648338585996131
v 0.0193570000000000 0.0088880000000000 -0.0000010000000000
vn -5.5107403046829431 0.0115007131506695 2.9481842155119287
v 0.0206740000000000 0.0044200000000000 0.0007020000000000
vn -5.1380363639130380 1.7506465488634217 -2.5353842868842391
v 0.0195410000000000 0.0086960000000000 -0.0011995000000000
vn -6.1401246644640004 0.0086810010545214 -1.3064661067875412
v 0.0193110000000000 0.0079690000000000 -0.0005770000000000
vn -5.5569102783095108 0.0000000000000001 -2.9153825882461932
v 0.0106710000000000 -0.0003200000000000 -0.0006960000000000
vn 3.9353766274651787 0.0104233960290595 -4.8602512711621237
v 0.0129420000000000 0.0012600000000000 -0.0011670000000000
vn 6.2226101379810235 0.0095782869254181 -0.6182722265151588
v 0.0134930000000000 0.0012600000000000 -0.0001480000000000
vn -0.5935756280800278 0.0094714053954719 6.2270488297338140
v 0.0118580000000000 0.0012600000000000 0.0014930000000000
vn -1.7351249514517799 -2.4719598373742424 -4.9886117934936092
v 0.0115408461538462 -0.0019269230769231 -0.0013990769230769
vn -5.1279688670572394 -2.4489624238299728 -1.0725206402285166
v 0.0105772307692308 -0.0019269230769231 -0.0003783846153846
vn -0.4393375143809500 -5.1816204880517223 -2.3465721969431641
v 0.0117600000000000 -0.0020000000000000 -0.0013790000000000
vn -2.3339246788898160 -5.1990320525015026 -0.4147873062506383
v 0.0106140000000000 -0.0020000000000000 -0.0001980000000000
vn 0.0000000000000005 -6.2831853071795871 -0.0000000000000008
v 0.0208150000000000 0.0060000000000000 0.0019600000000000
vn -1.3031972177657858 -0.0146730332645460 6.1407221204225992
v 0.0214230000000000 0.0073130000000000 0.0026890000000000
vn -2.9407584926278174 -0.0028937779267626 -5.5467900487628077
v 0.0207140000000000 0.0079690000000000 -0.0024310000000000
vn 2.9127092123450407 5.4290037106502940 -1.1230196229044735
v 0.0214250000000000 0.0073390000000000 0.0002360000000000
vn 1.4711342335355138 -0.0058985273990332 -6.0954026376803574
v 0.0123500909090909 -0.0003200000000000 -0.0014565454545455
vn 3.9843695657801406 -0.0581544741221216 -4.8376484544466187
v 0.0129420000000000 -0.0011100000000000 -0.0011670000000000
vn 6.1921002786158743 -0.0462683007600792 -0.9697488084779677
v 0.0134810000000000 -0.0011100000000000 -0.0002265454545455
vn 4.8609810714029607 0.0000000000000000 3.9334020561320511
v 0.0131670000000000 0.0028400000000000 0.0009420000000000
vn 3.9892478893373307 0.0000000000000007 4.8132334481905215
v 0.0129580000000000 0.0028400000000000 0.0011540000000000
vn 2.9411227088604881 0.0000000000000008 5.5155414056261538
v 0.0127020000000000 0.0028400000000000 0.0013260000000000
vn -0.2840856981164536 -0.0615976614915830 6.2607593611074863
v 0.0119305000000000 -0.0011100000000000 0.0014965000000000
vn -6.0276043150697776 -0.0000000000000005 1.7270503816187912
v 0.0105640000000000 -0.0003200000000000 0.0004330000000000
vn -2.5106419648397158 -2.2023599936983529 4.6370837961216012
v 0.0112930769230769 -0.0019230769230769 0.0012963846153846
vn 0.0000000000000000 -6.2831853071795862 0.0000000000000000
v 0.0117090000000000 -0.0020000000000000 0.0009460000000000
vn 2.1066792401985297 -4.7180273704822424 -1.7140107571914494
v 0.0131200000000000 -0.0020000000000000 -0.0008400000000000
vn 2.0191840921917201 -5.2927047601519241 -1.0708937302881250
v 0.0132370000000000 -0.0020000000000000 -0.0006550000000000
vn -1.3074464051181180 -5.2782785682083926 1.8929935414938424
v 0.0111950000000000 -0.0020000000000000 0.0011450000000000
vn -3.1089386650214998 -3.3928877676848206 -0.1884756795399443
v 0.0205030000000000 0.0060000000000000 -0.0000890000000000
vn 2.4877486687570305 5.4382257940835368 1.8888330405990885
v 0.0215140000000000 0.0073390000000000 -0.0003920000000000
vn -2.9409284761547378 0.0063997880231528 -5.5162046568985481
v 0.0112980000000000 0.0012600000000000 -0.0013260000000000
vn 6.2599664666725312 -0.0355304331841062 0.0123474656073467
v 0.0135000000000000 -0.0011100000000000 -0.0000030000000000
vn 5.5354075997650751 0.0000000000000017 2.9076562329294315
v 0.0133290000000000 0.0028400000000000 0.0006960000000000
vn 1.8052062469163093 0.0000000000000003 5.9884487278367216
v 0.0124330000000000 0.0028400000000000 0.0014360000000000
vn -1.0809521699851818 -0.0069931880356255 6.1769123981935135
v 0.0117140000000000 -0.0011100000000000 0.0014720000000000
vn 0.0000000000000017 -6.2831853071795862 -0.0000000000000009
v 0.0126190000000000 -0.0020000000000000 -0.0003270000000000
vn -0.0000000000000008 -6.2831853071795862 0.0000000000000010
v 0.0115450000000000 -0.0020000000000000 0.0006370000000000
vn -0.1003750111420509 6.2139801067466669 0.6468795841846395
v 0.0216370000000000 0.0090000000000000 0.0023470000000000
vn -0.9315963286619011 6.1129086564581492 0.4145444668904393
v 0.0199010000000000 0.0090000000000000 0.0011110000000000
vn -1.0153172733766997 6.1127707279677033 0.0985674299812017
v 0.0196560000000000 0.0090000000000000 0.0003810000000000
vn -1.9918367858383861 -3.4053346499980455 -2.3926511564145283
v 0.0210430000000000 0.0060000000000000 -0.0011550000000000
vn -4.3170713385093276 0.0627487607470775 4.5552653856151677
v 0.0201080000000000 0.0079690000000000 0.0019960000000000
vn -4.5446112766169655 -0.0214216647987510 -4.3303800874769180
v 0.0200040000000000 0.0073130000000000 -0.0018920000000000
vn -5.4482294955038206 -0.0020523525463995 -3.1187148146220078
v 0.0196140000000000 0.0073130000000000 -0.0013680000000000
vn -4.2078757056282079 4.1312221012002794 1.4132502032063683
v 0.0194920000000000 0.0088880000000000 0.0008330000000000
vn -5.7427243175160854 0.6922090948289281 2.2635889739361397
v 0.0194360000000000 0.0086250000000000 0.0009950000000000
vn -6.1829860399997729 0.0346117796028856 1.0891721554325520
v 0.0192930000000000 0.0079690000000000 0.0004830000000000
vn -6.2678876902683145 -0.0157231031194609 -0.3410464227045958
v 0.0192540000000000 0.0073130000000000 -0.0001540000000000
vn 0.5952886571412288 0.0000000000000001 -6.2262702405943653
v 0.0121420000000000 0.0028400000000000 -0.0014930000000000
vn 6.2618547430590139 -0.0074246027303640 -0.0083827671451817
v 0.0135000000000000 -0.0003200000000000 -0.0000030000000000
vn -1.0868926002411428 -0.0038605474965171 6.1760332729127985
v 0.0117140000000000 -0.0003200000000000 0.0014720000000000
vn -6.2221777005925007 0.0000000000000000 0.6161170094005574
v 0.0105070000000000 0.0028400000000000 0.0001480000000000
vn 0.0000000000000000 -6.2831853071795871 0.0000000000000000
v 0.0197130000000000 0.0060000000000000 -0.0001230000000000
vn -0.6309037837016704 -0.0174935633593342 -6.2452100822226146
v 0.0217280000000000 0.0073130000000000 -0.0027370000000000
vn -0.4002438839665839 5.6294781265056564 2.3963021825286241
v 0.0216140000000000 0.0089700000000000 0.0024930000000000
vn -0.9685640398869753 1.4633077399542564 5.8266624597527095
v 0.0215820000000000 0.0086960000000000 0.0027040000000000
vn -6.2777250193797407 -0.0153287541352175 0.1213613406898433
v 0.0192510000000000 0.0073130000000000 0.0000590000000000
vn -5.8538580807859342 -0.0169492221318117 -2.2656365714190358
v 0.0194320000000000 0.0073130000000000 -0.0009850000000000
vn -5.5362344492400011 0.0132630892354379 -2.9079149959458794
v 0.0106710000000000 0.0012600000000000 -0.0006960000000000
vn -1.8052062469163119 0.0000000000000007 -5.9884487278367198
v 0.0115670000000000 0.0028400000000000 -0.0014360000000000
vn 1.4658641403299717 -0.0569646557438640 -6.0933214104630009
v 0.0123629090909091 -0.0011100000000000 -0.0014534545454545
vn 4.0174106453120020 0.0000000000000024 -4.8142176794104330
v 0.0129420000000000 -0.0003200000000000 -0.0011670000000000
vn 6.1995345807131832 -0.0046841945409871 -0.9384609597857736
v 0.0134810000000000 -0.0003200000000000 -0.0002265454545455
vn -0.2867941073779929 -0.0050528723114195 6.2637385203316880
v 0.0119370909090909 -0.0003200000000000 0.0014968181818182
vn -5.9963185333592888 -0.0000000000000000 -1.7750985573370024
v 0.0105620000000000 0.0028400000000000 -0.0004270000000000
vn -6.0219481231824536 -0.0995742999830358 1.7264303307746787
v 0.0105640000000000 -0.0011100000000000 0.0004330000000000
vn 1.6685912452485316 3.1458142484189935 -2.6618382956777311
v 0.0215390000000000 0.0090000000000000 0.0011870000000000
vn 0.0000000000000020 6.2831853071795836 -0.0000000000000061
v 0.0209770000000000 0.0090000000000000 0.0016930000000000
vn -1.8683401166758762 -2.9638412455462717 -2.5076986323557771
v 0.0203610000000000 0.0060000000000000 -0.0022080000000000
vn -5.2922152294778124 0.0083699312982740 3.3764663202060237
v 0.0196840000000000 0.0079690000000000 0.0014830000000000
vn -5.5425179748744933 0.0088940891911820 2.9477432670394039
v 0.0195690000000000 0.0079690000000000 0.0012860000000000
vn -4.9906567423624137 -0.0025443352474296 3.8091131097220989
v 0.0198150000000000 0.0079690000000000 0.0016700000000000
vn -3.5464352198567837 0.0399277424702921 5.1801039555816271
v 0.0204540000000000 0.0079690000000000 0.0022740000000000
vn -3.1250703739947028 0.0054516564553246 5.4444783607068103
v 0.0206320000000000 0.0079690000000000 0.0023860000000000
vn -2.0610339058109739 -0.0354477846277645 -5.9298674435366854
v 0.0211050000000000 0.0073130000000000 -0.0026000000000000
vn -3.9196944726001677 3.7528082296807255 -2.4383597566957347
v 0.0198470000000000 0.0088880000000000 -0.0015330000000000
vn -5.2416568802567909 0.0046111136427896 -3.4512896673173796
v 0.0107460000000000 -0.0011100000000000 -0.0008230000000000
vn -3.6633962979661305 0.0138611443033998 -5.0788237476746296
v 0.0111096363636364 -0.0011100000000000 -0.0012047272727273
vn 5.5155414056261538 0.0000000000000017 -2.9411227088605001
v 0.0133260000000000 0.0028400000000000 -0.0007020000000000
vn -2.9076562329294342 0.0000000000000008 5.5354075997650769
v 0.0113040000000000 0.0028400000000000 0.0013290000000000
vn -3.9334020561320306 0.0000000000000010 4.8609810714029766
v 0.0110580000000000 0.0028400000000000 0.0011670000000000
vn 5.0259936462685042 -2.0425391252506309 1.1200701080379025
v 0.0134610000000000 -0.0019000000000000 0.0003380000000000
vn -0.0000000000000010 -6.2831853071795871 -0.0000000000000008
v 0.0113630000000000 -0.0020000000000000 -0.0004550000000000
vn 0.0000000000000000 -6.2831853071795862 0.0000000000000000
v 0.0110540000000000 -0.0020000000000000 -0.0002910000000000
vn 0.0000000000000000 -6.2831853071795880 0.0000000000000000
v 0.0121280000000000 -0.0020000000000000 -0.0012550000000000
vn 1.3864332949654559 -5.1540817290218897 1.9672093216715423
v 0.0128400000000000 -0.0020000000000000 0.0011200000000000
vn 2.0406629484670442 -4.4355857409924795 3.9290516371639237
v 0.0126780000000000 -0.0019500000000000 0.0012820000000000
vn 3.5511704216104700 -4.3209345267592871 2.8101785612748023
v 0.0131290000000000 -0.0019500000000000 0.0009100000000000
vn -0.4106347372791789 6.1967580546672973 -0.5969794858580957
v 0.0208890000000000 0.0090000000000000 -0.0020990000000000
vn -0.5550908295731412 6.1134527800265666 -0.8534931164158754
v 0.0205780000000000 0.0090000000000000 -0.0019020000000000
vn -0.8771794708058500 6.1142836119651953 -0.5120657054509510
v 0.0198760000000000 0.0090000000000000 -0.0010620000000000
vn -0.7109973196098247 6.1968853173543259 -0.1374449254003791
v 0.0197370000000000 0.0090000000000000 -0.0007210000000000
vn -1.2008528621880290 5.6320903796192363 -2.0451443292211682
v 0.0208200000000000 0.0089700000000000 -0.0022300000000000
vn -3.4240656730647965 4.9019723083522218 -0.6998759378592468
v 0.0194475000000000 0.0089290000000000 -0.0003950000000000
vn -2.4586938691790619 0.7193803938178089 -5.6471785307291738
v 0.0208570000000000 0.0086250000000000 -0.0025010000000000
vn -6.2747504287613465 0.0767150143587964 0.1478671838521617
v 0.0192510000000000 0.0079690000000000 0.0000590000000000
vn -5.8516333112350294 0.0730378502811922 -2.2651961919255541
v 0.0194320000000000 0.0079690000000000 -0.0009850000000000
vn -1.0911626857859080 -0.0339551431176366 -6.1726399855971792
v 0.0117080000000000 -0.0011100000000000 -0.0014710000000000
vn 5.5174981580216782 0.0103952497085547 -2.9389815059257676
v 0.0133260000000000 0.0012600000000000 -0.0007020000000000
vn 6.0063613596016507 -0.0000000000000060 1.7755826046195768
v 0.0134380000000000 -0.0003200000000000 0.0004270000000000
vn -2.9078319859481727 0.0063444417639829 5.5358437435163630
v 0.0113040000000000 0.0012600000000000 0.0013290000000000
vn -3.9336760668204294 0.0065752646531296 4.8613759904470166
v 0.0110580000000000 0.0012600000000000 0.0011670000000000
vn -6.2031080521412560 -0.0935892107515739 -0.8845085791589846
v 0.0105165454545455 -0.0011100000000000 -0.0002074545454545
vn 1.4699126251733057 3.1415926535897754 2.7765016253273553
v 0.0216280000000000 0.0090000000000000 -0.0012170000000000
vn 3.1395106087666695 3.1391773635074545 0.1143047887354495
v 0.0207600000000000 0.0090000000000000 -0.0002860000000000
vn -0.8424406567850588 -2.9665096480159692 3.0116217112975341
v 0.0212580000000000 0.0060000000000000 0.0026480000000000
vn 0.0000000000000033 -6.2831853071795853 -0.0000000000000007
v 0.0200800000000000 0.0060000000000000 0.0005720000000000
vn -5.5462804117798097 0.0000000000000000 2.9413593260376558
v 0.0195690000000000 0.0073130000000000 0.0012860000000000
vn -5.2778842905305901 -0.0249988164636296 3.3978530596443326
v 0.0196840000000000 0.0073130000000000 0.0014830000000000
vn -5.0012011263575786 -0.0182793370895403 3.7939777542353070
v 0.0198150000000000 0.0073130000000000 0.0016700000000000
vn -3.5270253946781507 -0.0223561152972716 5.1939600996141522
v 0.0204540000000000 0.0073130000000000 0.0022740000000000
vn -3.1313865845335567 -0.0171677199991187 5.4403682858141673
v 0.0206320000000000 0.0073130000000000 0.0023860000000000
vn -2.0352223150074269 0.0400779964334184 -5.9386747047606487
v 0.0211050000000000 0.0079690000000000 -0.0026000000000000
vn 1.3916474673803334 5.4243864314571404 2.8188511871472883
v 0.0217080000000000 0.0073390000000000 -0.0005520000000000
vn -2.9448099491282052 -0.0046289240710519 -5.5140354630570831
v 0.0212980000000000 0.0044200000000000 -0.0013260000000000
vn -3.9892478893373324 -0.0000000000000001 -4.8132334481905144
v 0.0110420000000000 0.0028400000000000 -0.0011540000000000
vn 5.6645162092516568 -0.0962993466910772 -2.6744244154307215
v 0.0133537272727273 -0.0011100000000000 -0.0006420000000000
vn -2.7047877226339407 -0.0794239098905037 5.6422298776562645
v 0.0113760000000000 -0.0011100000000000 0.0013622727272727
vn -3.6920280194516883 -0.0873691359448856 5.0378855890273258
v 0.0111175000000000 -0.0011100000000000 0.0012105000000000
vn -6.2266874144574240 0.0096092429659039 -0.5974418425665179
v 0.0105070000000000 0.0012600000000000 -0.0001420000000000
vn -3.9389234911394952 -2.1636219648529713 2.9686358671918494
v 0.0107880000000000 -0.0019000000000000 0.0008830000000000
vn -3.7489185997464176 -2.4899841008795849 3.7006337547843797
v 0.0109001538461538 -0.0019307692307692 0.0009725384615385
vn 0.4242000800963503 -2.2005304734792701 5.2609099696167192
v 0.0121128461538462 -0.0019230769230769 0.0014720769230769
vn 2.6907526895873453 -2.3167075211068613 -4.5300635532592004
v 0.0127069230769231 -0.0019230769230769 -0.0012963846153846
vn -0.0000000000000017 -6.2831853071795871 0.0000000000000009
v 0.0113810000000000 -0.0020000000000000 0.0003270000000000
vn 2.3950092096601616 -5.1308528520129126 0.1251914280735403
v 0.0134000000000000 -0.0020000000000000 -0.0000220000000000
vn 0.0267985471057207 -5.2628058701839748 2.3147055534459602
v 0.0120220000000000 -0.0020000000000000 0.0014000000000000
vn -2.0594668374000573 -5.0562798562970990 1.3953217980755475
v 0.0108800000000000 -0.0020000000000000 0.0008400000000000
vn 1.2705646167574802 5.9286310346987410 -0.6832425812261376
v 0.0208950000000000 0.0077000000000000 0.0005850000000000
vn -0.2438231223877617 6.1975658567328429 0.6789642210346197
v 0.0209380000000000 0.0090000000000000 0.0021240000000000
vn -2.7042625612795126 -2.9661827509964236 -1.5708474399463870
v 0.0196230000000000 0.0060000000000000 -0.0013820000000000
vn -3.5303244012899158 4.2476209722856142 2.6107877996017859
v 0.0198830000000000 0.0088880000000000 0.0015820000000000
vn -3.1597287528959468 3.9319212465658882 3.2855135163593387
v 0.0201530000000000 0.0088880000000000 0.0018900000000000
vn -2.6470961214627904 3.8889301968454824 3.7299461148356010
v 0.0204670000000000 0.0088880000000000 0.0021530000000000
vn -2.4093486954106353 2.2533872504799577 5.0342114465030789
v 0.0207830000000000 0.0087670000000000 0.0024350000000000
vn -4.8168110647722511 2.5822655067060563 2.5050479487609936
v 0.0195940000000000 0.0087670000000000 0.0012730000000000
vn -6.2229976855067957 -0.0076755543374454 0.6143522890032003
v 0.0205070000000000 0.0044200000000000 0.0001480000000000
vn -4.4205588737764243 1.4509569079705955 3.8155167173544058
v 0.0199320000000000 0.0086250000000000 0.0018120000000000
vn -6.1380662431914654 -0.0102974453184623 -1.3166063438046725
v 0.0193110000000000 0.0073130000000000 -0.0005770000000000
vn 5.6819602489737520 -0.0033905314210213 -2.6507549518444327
v 0.0133592727272727 -0.0003200000000000 -0.0006300000000000
vn 5.9967750852618904 0.0067663391823841 1.7751280213251861
v 0.0134380000000000 0.0012600000000000 0.0004270000000000
vn -2.7081907584444389 -0.0079076647370084 5.6471810378683145
v 0.0113760000000000 -0.0003200000000000 0.0013622727272727
vn -3.6670754859908632 -0.0147431877476517 5.0658051781683344
v 0.0111229090909091 -0.0003200000000000 0.0012144545454545
vn 1.7520920315978628 -2.2320301582693509 -4.5524978307488961
v 0.0125430000000000 -0.0019000000000000 -0.0013980000000000
vn 0.7321579377601986 -5.2122299526886646 -2.2407609887330215
v 0.0124120000000000 -0.0020000000000000 -0.0013380000000000
vn 1.6717950170684988 3.1386782179108677 -2.6598300329570597
v 0.0211320000000000 0.0090000000000000 0.0009310000000000
vn -2.9625807980528576 -2.9630849164212809 -1.0005649170567157
v 0.0193930000000000 0.0060000000000000 -0.0008760000000000
vn -1.3157218402654434 0.0611198491306330 6.1363352436741332
v 0.0214230000000000 0.0079690000000000 0.0026890000000000
vn -2.9488102260309104 -0.0088468053690816 -5.5420488246623716
v 0.0207140000000000 0.0073130000000000 -0.0024310000000000
vn 1.9734724725278421 5.4381210471441364 -2.4350829408706063
v 0.0216080000000000 0.0073390000000000 0.0004860000000000
vn -0.3009575046691387 -0.0046595641710766 -6.2622176448889624
v 0.0119310909090909 -0.0003200000000000 -0.0014968181818182
vn 6.2262702405943653 0.0000000000000034 0.5952886571412278
v 0.0134930000000000 0.0028400000000000 0.0001420000000000
vn 1.3237143997312661 -0.0968006813073068 6.1244980000026406
v 0.0122920000000000 -0.0011100000000000 0.0014710000000000
vn -1.7750985573370048 0.0000000000000006 5.9963185333592888
v 0.0115730000000000 0.0028400000000000 0.0014380000000000
vn -5.5155414056261653 0.0000000000000001 2.9411227088604686
v 0.0106740000000000 0.0028400000000000 0.0007020000000000
vn -6.2618547430590157 -0.0074246027303652 0.0083827671451541
v 0.0105000000000000 -0.0003200000000000 0.0000030000000000
vn -4.1572139654422280 -2.1899958520946350 -3.1890345132276923
v 0.0108110000000000 -0.0019000000000000 -0.0009150000000000
vn 0.0000000000000000 -6.2831853071795871 0.0000000000000000
v 0.0112000000000000 -0.0020000000000000 -0.0007640000000000
vn -0.0000000000000000 -6.2831853071795871 0.0000000000000000
v 0.0120000000000000 -0.0020000000000000 0.0000000000000000
vn 0.0000000000000000 -6.2831853071795862 0.0000000000000000
v 0.0128000000000000 -0.0020000000000000 0.0007640000000000
vn 1.7735631951305857 -4.8665319897064370 1.9327667486147126
v 0.0130050000000000 -0.0020000000000000 0.0009750000000000
vn -1.7107960702886067 -5.1757910976559680 -1.6726633854401192
v 0.0109950000000000 -0.0020000000000000 -0.0009750000000000
vn 2.3051321158242222 2.0940289843441473 1.4446468075375605
v 0.0207770000000000 0.0077000000000000 -0.0007670000000000
vn -1.5944239145652195 -3.3922364895889134 2.6754479004502132
v 0.0212320000000000 0.0060000000000000 0.0012880000000000
vn -3.0436969919769576 -3.3923964000337428 0.6594709561228719
v 0.0205340000000000 0.0060000000000000 0.0003180000000000
vn -4.3216565198786281 -0.0121709191847161 4.5535906310559655
v 0.0201080000000000 0.0073130000000000 0.0019960000000000
vn -4.5794690310886805 0.0405101146065637 -4.2922436155655221
v 0.0200040000000000 0.0079690000000000 -0.0018920000000000
vn -5.4569963430954616 0.0250499855537719 -3.1017872520292653
v 0.0196140000000000 0.0079690000000000 -0.0013680000000000
vn -1.1213442179971418 -0.0041863999098530 -6.1694291100964618
v 0.0117080000000000 -0.0003200000000000 -0.0014710000000000
vn 5.9884487278367180 0.0000000000000034 -1.8052062469163110
v 0.0134360000000000 0.0028400000000000 -0.0004330000000000
vn 5.9955738946360029 -0.0415097709703183 1.7993587377809699
v 0.0134380000000000 -0.0011100000000000 0.0004270000000000
vn 0.6161170094005418 0.0000000000000003 6.2221777005925034
v 0.0121480000000000 0.0028400000000000 0.0014930000000000
vn -4.8132334481905232 0.0000000000000014 3.9892478893373249
v 0.0108460000000000 0.0028400000000000 0.0009580000000000
vn -6.2045428265407185 -0.0029983750099911 -0.9110279608757811
v 0.0105184545454545 -0.0003200000000000 -0.0002205454545455
vn -3.0439629068289853 -2.2030567575034223 -4.2377634130377331
v 0.0111170000000000 -0.0019000000000000 -0.0012120000000000
vn -4.5503123619560490 -2.1931150012071052 -2.6054085560698503
v 0.0106930000000000 -0.0019000000000000 -0.0007360000000000
vn -1.9555973925632915 -5.2103221959584367 -1.3256113643816096
v 0.0108550000000000 -0.0020000000000000 -0.0008050000000000
vn -1.0995899566678626 -5.2813854775539850 -2.0144205385365597
v 0.0113450000000000 -0.0020000000000000 -0.0012370000000000
vn -2.1270914768497819 -5.2356884888591217 -0.9701721310405303
v 0.0107430000000000 -0.0020000000000000 -0.0006160000000000
vn -0.7171114630431337 6.1974273485546760 0.0843880849142193
v 0.0196250000000000 0.0090000000000000 -0.0000010000000000
vn -0.8175200938569785 -3.3964598893058069 3.0046382880498017
v 0.0216080000000000 0.0060000000000000 0.0014480000000000
vn -0.7718877785182715 5.6256812404635648 -2.3130613572996483
v 0.0212050000000000 0.0089700000000000 -0.0023940000000000
vn -2.2779685956471458 5.6335634827075989 -0.6361976432555515
v 0.0195960000000000 0.0089700000000000 -0.0007660000000000
vn -5.9875543680791292 -0.0046792215865520 1.8095136874684872
v 0.0205640000000000 0.0044200000000000 0.0004330000000000
vn -6.1371568184287160 0.7080350498992182 -0.4744762763096461
v 0.0192620000000000 0.0086250000000000 -0.0002610000000000
vn -5.5765900128233543 1.4975169191745115 -1.8615554629693913
v 0.0194006153846154 0.0086905384615385 -0.0008582307692308
vn -5.7650540584210672 -0.0115886017473601 2.4859188325377000
v 0.0194770000000000 0.0073130000000000 0.0010940000000000
vn -4.8806597398544458 -0.0000000000000027 -3.9452167909742766
v 0.0108330000000000 -0.0003200000000000 -0.0009420000000000
vn 6.2266874144574231 0.0096092429659039 0.5974418425665179
v 0.0134930000000000 0.0012600000000000 0.0001420000000000
vn -1.7770111014701069 0.0096985085524850 5.9964023086454654
v 0.0115730000000000 0.0012600000000000 0.0014380000000000
vn -5.5167911913233389 0.0135856641565205 2.9406936284759682
v 0.0106740000000000 0.0012600000000000 0.0007020000000000
vn -0.2215882842948246 -2.3540407964880723 -5.2667672541056074
v 0.0118850000000000 -0.0019250000000000 -0.0014700000000000
vn -4.8722169047732473 -2.2175642979861854 0.3140343741271840
v 0.0105030000000000 -0.0019000000000000 0.0000870000000000
vn 0.3863604035989648 -5.1923798271083639 -2.3428112150655780
v 0.0121980000000000 -0.0020000000000000 -0.0013860000000000
vn -2.2778499978750149 -5.2622886049079325 0.4101362521266958
v 0.0106210000000000 -0.0020000000000000 0.0002400000000000
vn -0.6373614870487060 6.1961717664164428 -0.3501656670031792
v 0.0200650000000000 0.0090000000000000 -0.0013780000000000
vn -1.9604744191268342 -2.9642123927746895 2.4361576656780413
v 0.0202740000000000 0.0060000000000000 0.0021410000000000
vn -2.4152828926852230 -2.9638514989910183 1.9863741809225415
v 0.0198780000000000 0.0060000000000000 0.0017490000000000
vn -3.0029111735510572 -2.9602156486931115 0.8716010397288668
v 0.0193600000000000 0.0060000000000000 0.0007710000000000
vn -2.2540461004907471 -0.0108935467708397 5.8586997719539902
v 0.0210150000000000 0.0073130000000000 0.0025680000000000
vn -3.4033624419700468 0.0226926126679931 -5.2742529602260042
v 0.0205170000000000 0.0079690000000000 -0.0023160000000000
vn -1.7793494582949261 0.0007876718050080 5.9950077501806271
v 0.0215730000000000 0.0044200000000000 0.0014380000000000
vn -5.8679099798458045 1.5129377802954656 0.2767808205161144
v 0.0192645000000000 0.0086960000000000 0.0000290000000000
vn -1.7714932379358845 1.4833091319444025 -5.6261360543594190
v 0.0211485000000000 0.0086960000000000 -0.0026000000000000
vn -6.0151332455240434 0.0289127419782846 -1.7985305930131508
v 0.0193640000000000 0.0079690000000000 -0.0007830000000000
vn -5.2412057436642439 0.0008483561996297 -3.4516272479344110
v 0.0107460000000000 -0.0003200000000000 -0.0008230000000000
vn -3.6471575322109793 -0.0098774676764989 -5.0890617311918378
v 0.0111096363636364 -0.0003200000000000 -0.0012047272727273
vn 5.9888373769476457 0.0065361604921855 -1.8053834141911598
v 0.0134360000000000 0.0012600000000000 -0.0004330000000000
vn 0.6143902433521791 0.0097167123781939 6.2229863025729291
v 0.0121480000000000 0.0012600000000000 0.0014930000000000
vn -4.8122135249094873 0.0108926908129785 3.9916397105680606
v 0.0108460000000000 0.0012600000000000 0.0009580000000000
vn -0.9625832977340278 -2.2082947263104118 -4.7702937281162754
v 0.0117000000000000 -0.0019000000000000 -0.0014700000000000
vn -5.2295677929473721 -2.3445334077210380 -0.6356525362655313
v 0.0105330000000000 -0.0019269230769231 -0.0001323846153846
vn -0.7585793149731400 -5.2654336675058921 -2.1827167455459366
v 0.0115470000000000 -0.0020000000000000 -0.0013250000000000
vn -0.8490911504368126 -0.0149896289072407 6.2211106888756893
v 0.0216330000000000 0.0073130000000000 0.0027250000000000
vn -2.4853702979136236 0.0041137672742988 -5.7654631770326894
v 0.0209060000000000 0.0079690000000000 -0.0025230000000000
vn 2.9211313850601042 5.4329879774470635 1.0897932004432487
v 0.0214235000000000 0.0073390000000000 -0.0002340000000000
vn 1.9944033979621991 5.4304277068951308 2.4286957137246317
v 0.0216010000000000 0.0073390000000000 -0.0004810000000000
vn 2.9153825882461928 0.0000000000000016 -5.5569102783095072
v 0.0126960000000000 -0.0003200000000000 -0.0013290000000000
vn 6.2110973739168092 -0.0395776197434923 0.8496308621379025
v 0.0134834545454545 -0.0011100000000000 0.0002074545454545
vn -1.8935038324977109 -0.0472772477540734 5.9744456164400477
v 0.0115730000000000 -0.0011100000000000 0.0014380000000000
vn -5.5479576261325834 -0.1125666751399735 2.9175129478277739
v 0.0106740000000000 -0.0011100000000000 0.0007020000000000
vn 3.1903284062786526 -2.5336803041862690 -3.2747167552290675
v 0.0130740000000000 -0.0019000000000000 -0.0010470000000000
vn 0.0000000000000001 -6.2831853071795862 -0.0000000000000005
v 0.0127820000000000 -0.0020000000000000 -0.0000180000000000
vn -0.0000000000000021 -6.2831853071795862 0.0000000000000021
v 0.0129460000000000 -0.0020000000000000 0.0002910000000000
vn 0.0000000000000001 -6.2831853071795862 0.0000000000000013
v 0.0120180000000000 -0.0020000000000000 0.0007820000000000
vn 0.0000000000000000 -6.2831853071795862 0.0000000000000000
v 0.0121820000000000 -0.0020000000000000 0.0010920000000000
vn -0.3726338960708084 6.1131836043428045 0.9483014004206000
v 0.0212790000000000 0.0090000000000000 0.0022630000000000
vn -4.2076614481530275 -0.0328582060504369 -4.6580112287249289
v 0.0201610000000000 0.0073130000000000 -0.0020450000000000
vn -5.1829950807908931 -0.0141101921123208 -3.5435881143291024
v 0.0197260000000000 0.0073130000000000 -0.0015460000000000
vn -1.1451016186285046 4.6928659234154031 3.4628839970675913
v 0.0212155000000000 0.0089290000000000 0.0024610000000000
vn -5.2987666940636693 2.4060287037606098 1.7263075802243857
v 0.0194170000000000 0.0087670000000000 0.0008580000000000
vn -2.2234482612132154 5.6331732071022902 0.8236069195537072
v 0.0196060000000000 0.0089700000000000 0.0007950000000000
vn -5.5365063901646421 -0.0085479328599411 -2.9070717737950731
v 0.0206710000000000 0.0044200000000000 -0.0006960000000000
vn -1.6114693880736253 1.7121592113969191 5.5338836165051539
v 0.0212205000000000 0.0086960000000000 0.0026225000000000
vn -6.0741464560524463 0.0091419496677950 1.5851143544232809
v 0.0193380000000000 0.0079690000000000 0.0006910000000000
vn -6.2226290194762557 0.0009360032211741 -0.8409109141046984
v 0.0192750000000000 0.0073130000000000 -0.0003670000000000
vn -4.8617446075402304 0.0136878159773510 -3.9338456087798579
v 0.0108330000000000 0.0012600000000000 -0.0009420000000000
vn -0.6161170094005386 -0.0000000000000002 -6.2221777005925052
v 0.0118520000000000 0.0028400000000000 -0.0014930000000000
vn 2.9106875903788998 -0.0918384766626830 -5.5545357344209032
v 0.0126960000000000 -0.0011100000000000 -0.0013290000000000
vn 6.2045428265407176 -0.0029983750099865 0.9110279608757854
v 0.0134815454545455 -0.0003200000000000 0.0002205454545455
vn -1.8636611266211145 0.0000000000000003 5.9864575110865257
v 0.0115730000000000 -0.0003200000000000 0.0014380000000000
vn -5.5474996098227267 -0.0000000000000005 2.9312118443244501
v 0.0106740000000000 -0.0003200000000000 0.0007020000000000
vn 0.0000000000000008 6.2831853071795871 0.0000000000000016
v 0.0203420000000000 0.0090000000000000 0.0004940000000000
vn -1.2659149151577676 -3.3942706514107379 -2.8450826595644552
v 0.0213910000000000 0.0060000000000000 -0.0013710000000000
vn -1.3154458636092221 -2.9566075700813377 -2.8362068109812428
v 0.0208380000000000 0.0060000000000000 -0.0024930000000000
vn -1.0948317084839243 -0.0165594732091540 -6.1824924114995543
v 0.0215170000000000 0.0073130000000000 -0.0027070000000000
vn 3.1031032368868061 5.4322902863935107 0.0210092291258992
v 0.0213780000000000 0.0073390000000000 -0.0000052222222222
vn 4.8091936836291316 0.0002413731068615 -2.5435544225056641
v 0.0207240000000000 0.0083500000000000 0.0006750000000000
vn 2.2541834222674360 -0.0040025470515974 -5.8506202735382669
v 0.0125640000000000 -0.0003200000000000 -0.0013900000000000
vn 3.4560636830234217 -0.1025804346772964 -5.2324928925721128
v 0.0128230000000000 -0.0011100000000000 -0.0012540000000000
vn 5.9871306171057892 -0.0986089271464408 -1.8165938379707580
v 0.0134360000000000 -0.0011100000000000 -0.0004330000000000
vn 5.9963185333592968 0.0000000000000032 1.7750985573369866
v 0.0134380000000000 0.0028400000000000 0.0004270000000000
vn 0.5300490562217710 -0.0917939753278891 6.2409980223490171
v 0.0121480000000000 -0.0011100000000000 0.0014930000000000
vn -4.5012264745410393 -0.0659721971008922 4.3463457793438893
v 0.0109010909090909 -0.0011100000000000 0.0010180000000000
vn -5.1608863284871109 -0.0394654540874999 3.5531718378008348
v 0.0107530000000000 -0.0011100000000000 0.0008340000000000
vn -5.8098846163301250 0.0007545542296626 2.3758788408734488
v 0.0106130000000000 -0.0003200000000000 0.0005700000000000
vn -3.3210157801799998 -2.1873517371815101 4.0859275236986523
v 0.0110875000000000 -0.0019250000000000 0.0011590000000000
vn 4.7047842299159006 -2.3636396453447182 -2.3490616238924784
v 0.0133008571428571 -0.0019285714285714 -0.0006882857142857
vn 3.7131325800674233 -2.5652730229847647 -2.5493759253926491
v 0.0132120000000000 -0.0019000000000000 -0.0008830000000000
vn 0.0000000000000000 -6.2831853071795871 0.0000000000000000
v 0.0129280000000000 -0.0020000000000000 -0.0004910000000000
vn -0.9945377161470789 -5.2661682884932564 2.0863604408869891
v 0.0113840000000000 -0.0020000000000000 0.0012570000000000
vn 2.4471260617782624 2.7751426542112996 -3.9013357345633795
v 0.0213360000000000 0.0077000000000000 0.0010590000000000
vn 1.0675708912552564 5.9254749522721486 -0.9786472280084791
v 0.0210840000000000 0.0077000000000000 0.0008510000000000
vn -0.6567975145190377 6.1968651387733118 0.3054840287556793
v 0.0197460000000000 0.0090000000000000 0.0007490000000000
vn -2.9444917803763095 -3.3980167819777494 -1.0120891012053979
v 0.0205820000000000 0.0060000000000000 -0.0004900000000000
vn -4.8989609432231074 -0.0106818292512256 -3.9251604508923550
v 0.0198580000000000 0.0073130000000000 -0.0017250000000000
vn -0.7386659587828077 3.8855080579382868 4.5118099414571518
v 0.0215960000000000 0.0088880000000000 0.0026120000000000
vn -3.6263751951695542 4.6680372326328117 0.4929995965979294
v 0.0194505000000000 0.0089290000000000 0.0004145000000000
vn -4.8520252323957020 0.0089498175844715 -3.9435419572168824
v 0.0208330000000000 0.0044200000000000 -0.0009420000000000
vn -6.2465585812821320 -0.0021523813762626 0.6220891098301929
v 0.0192630000000000 0.0073130000000000 0.0002720000000000
vn -5.6754702251632443 -0.0245597942853680 -2.6855270361112562
v 0.0195170000000000 0.0073130000000000 -0.0011810000000000
vn -3.9882494666963444 0.0106533813948651 -4.8150030094444425
v 0.0110420000000000 0.0012600000000000 -0.0011540000000000
vn 2.2911159254730014 -0.0392373455255060 -5.8342873963937922
v 0.0125640000000000 -0.0011100000000000 -0.0013900000000000
vn 3.4516272479344199 0.0008483561996326 -5.2412057436642394
v 0.0128230000000000 -0.0003200000000000 -0.0012540000000000
vn 5.9969192131549232 -0.0000000000000023 -1.8092084823711598
v 0.0134360000000000 -0.0003200000000000 -0.0004330000000000
vn 0.5307843940137236 -0.0007209832963342 6.2466457865529588
v 0.0121480000000000 -0.0003200000000000 0.0014930000000000
vn -5.1451606854984009 -0.0039488366574838 3.5804758442289533
v 0.0107530000000000 -0.0003200000000000 0.0008340000000000
vn -4.5316989279917204 -0.0114337210794015 4.3210514400029068
v 0.0109010909090909 -0.0003200000000000 0.0010180000000000
vn -6.2262702405943653 -0.0000000000000000 -0.5952886571412277
v 0.0105070000000000 0.0028400000000000 -0.0001420000000000
vn -5.8002292305481369 -0.1195506470428969 2.3844615173332491
v 0.0106130000000000 -0.0011100000000000 0.0005700000000000
vn 2.4045618242435673 4.1894336868473196 -1.2718235716472046
v 0.0207240000000000 0.0090000000000000 0.0006750000000000
vn -4.6544811750074917 0.0271335809781916 4.2115672918723757
v 0.0199550000000000 0.0079690000000000 0.0018390000000000
vn -3.9328963672617583 0.0619178966526056 4.8903840048912324
v 0.0202750000000000 0.0079690000000000 0.0021420000000000
vn -2.6972364312344115 -0.0021481881132397 5.6707483953287721
v 0.0208190000000000 0.0079690000000000 0.0024830000000000
vn -1.5812288973879227 -0.0031172707042287 -6.0754247625396456
v 0.0213090000000000 0.0073130000000000 -0.0026620000000000
vn -6.2266874144574231 0.0096092429659039 -0.5974418425665179
v 0.0205070000000000 0.0012600000000000 -0.0001420000000000
vn -3.9897718943463558 0.0069410311898865 -4.8134733047230922
v 0.0210420000000000 0.0012600000000000 -0.0011540000000000
vn 5.5393307071586193 0.0179891579655305 2.8971073857332863
v 0.0133290000000000 0.0044200000000000 0.0006960000000000
vn 1.8142859629723902 0.0102484737826430 5.9849104097997774
v 0.0124330000000000 0.0044200000000000 0.0014360000000000
vn 1.6114693880736191 1.7121592113969248 -5.5338836165051442
v 0.0127795000000000 0.0086960000000000 -0.0026225000000000
vn 5.4541110710311713 0.6313079937249346 -2.9188015195054238
v 0.0144310000000000 0.0086250000000000 -0.0012860000000000
vn 6.1371568184286920 0.7080350498992871 0.4744762763096518
v 0.0147380000000000 0.0086250000000000 0.0002610000000000
vn -4.5436319852282434 0.9770575479371570 4.0043650462510119
v 0.0099320000000000 0.0086250000000000 0.0018120000000000
vn -6.1380662431914619 -0.0102974453184663 -1.3166063438046973
v 0.0093110000000000 0.0073130000000000 -0.0005770000000000
vn -5.6754702251632283 -0.0245597942853694 -2.6855270361112957
v 0.0095170000000000 0.0073130000000000 -0.0011810000000000
vn -2.9488102260309081 -0.0088468053690833 -5.5420488246623743
v 0.0107140000000000 0.0073130000000000 -0.0024310000000000
vn -1.5812288973879474 -0.0031172707042292 -6.0754247625396376
v 0.0113090000000000 0.0073130000000000 -0.0026620000000000
vn 3.1250703739947046 0.0054516564553240 -5.4444783607068095
v 0.0133680000000000 0.0079690000000000 -0.0023860000000000
vn 0.0000000000000000 -6.2831853071795880 0.0000000000000009
v 0.0121230000000000 0.0060000000000000 -0.0022870000000000
vn 2.5284991838550219 -2.9663205715076648 1.8403411349513190
v 0.0142250000000000 0.0060000000000000 0.0016160000000000
vn -0.0000000000000015 -6.2831853071795871 -0.0000000000000008
v 0.0139600000000000 0.0060000000000000 0.0011850000000000
vn -1.2659149151577671 -3.3942706514107313 -2.8450826595644556
v 0.0113910000000000 0.0060000000000000 -0.0013710000000000
vn 0.0000000000000000 -6.2831853071795862 0.0000000000000000
v 0.0100400000000000 0.0060000000000000 -0.0011850000000000
vn -0.8498029857707881 0.0395203385340248 6.2203111970360911
v 0.0116330000000000 0.0079690000000000 0.0027250000000000
vn 1.1130662044005162 -0.0068875637852922 6.1795252824141338
v 0.0124830000000000 0.0073130000000000 0.0027070000000000
vn 6.0741464560524410 0.0091419496678053 -1.5851143544233144
v 0.0146620000000000 0.0079690000000000 -0.0006910000000000
vn -5.0887147438071416 2.6738493322830275 1.6049339131164895
v 0.0094170000000000 0.0087670000000000 0.0008580000000000
vn -2.3172333861625773 5.6363244770102483 0.4861730324855676
v 0.0095100000000000 0.0089700000000000 0.0004050000000000
vn 0.4002438839665835 5.6294781265056599 -2.3963021825286206
v 0.0123860000000000 0.0089700000000000 -0.0024930000000000
vn 1.4149484233024421 5.6292427010062358 -1.9828987573232744
v 0.0134630000000000 0.0089700000000000 -0.0020550000000000
vn 1.7038780874709616 5.6278227355774106 -1.7432003649965808
v 0.0137630000000000 0.0089700000000000 -0.0018040000000000
vn 3.0937692002902759 4.9606709991910583 -1.5230334118899158
v 0.0142830000000000 0.0089290000000000 -0.0012080000000000
vn 4.5750889209443049 3.8577443714539212 -0.1648338585996012
v 0.0146430000000000 0.0088880000000000 0.0000010000000000
vn -1.8644622886819671 3.6925495803011934 4.2498761998419434
v 0.0108180000000000 0.0088880000000000 0.0023640000000000
vn -2.6684180761535776 4.6200476707763434 2.5566211088275410
v 0.0101950000000000 0.0089290000000000 0.0018470000000000
vn -3.5931535503762162 3.6940640275979391 2.9248369909675813
v 0.0098830000000000 0.0088880000000000 0.0015820000000000
vn -0.3982440044892012 -5.2512189830520102 -2.2915342788101269
v 0.0217600000000000 -0.0020000000000000 -0.0013790000000000
vn -1.3818462070923889 -2.3734939624709424 -4.5066284656774673
v 0.0214940000000000 -0.0019000000000000 -0.0014120000000000
vn -5.9888373769476431 0.0065361604921956 1.8053834141911576
v 0.0205640000000000 0.0012600000000000 0.0004330000000000
vn -5.6935429945899649 -0.0045497100176746 -2.6257698202340132
v 0.0206377272727273 -0.0003200000000000 -0.0006240000000000
vn 6.2270618530224588 -0.0069747255288546 0.5928960226426689
v 0.0134930000000000 0.0044200000000000 0.0001420000000000
vn -1.7793494582949194 0.0007876718050089 5.9950077501806280
v 0.0115730000000000 0.0044200000000000 0.0014380000000000
vn -5.5107403046829546 0.0115007131506712 2.9481842155118989
v 0.0106740000000000 0.0044200000000000 0.0007020000000000
vn -6.1753463781661395 0.5871968837432089 0.2733363257046812
v 0.0092510000000000 0.0086250000000000 0.0000590000000000
vn 3.5019733574617442 1.6999984853032397 4.6013592463677240
v 0.0136617692307692 0.0086905384615385 0.0021746153846154
vn 2.4586938691790725 0.7193803938177928 5.6471785307291711
v 0.0131430000000000 0.0086250000000000 0.0025010000000000
vn -6.1401246644639906 0.0086810010545260 -1.3064661067875865
v 0.0093110000000000 0.0079690000000000 -0.0005770000000000
vn -5.6737926725154777 0.0707753288715661 -2.6848138726549924
v 0.0095170000000000 0.0079690000000000 -0.0011810000000000
vn -2.9407584926278005 -0.0028937779267573 -5.5467900487628183
v 0.0107140000000000 0.0079690000000000 -0.0024310000000000
vn -1.5768587217838030 0.0605474249521441 -6.0745188986609842
v 0.0113090000000000 0.0079690000000000 -0.0026620000000000
vn 3.1109359390885660 -0.0132774850516127 -5.4523021765039044
v 0.0133680000000000 0.0073130000000000 -0.0023860000000000
vn -0.6825675420793322 6.1119652470797785 -0.7612366258522205
v 0.0103010000000000 0.0090000000000000 -0.0016600000000000
vn -0.8490911504368129 -0.0149896289072418 6.2211106888756884
v 0.0116330000000000 0.0073130000000000 0.0027250000000000
vn 1.1053002847716509 0.0573870342195275 6.1792208766604704
v 0.0124830000000000 0.0079690000000000 0.0027070000000000
vn 6.0727933757229735 -0.0193748182275062 -1.5894035604211680
v 0.0146620000000000 0.0073130000000000 -0.0006910000000000
vn -4.3937481813656216 4.2453538500144745 0.0073301890249406
v 0.0093570000000000 0.0088880000000000 -0.0000010000000000
vn 0.0677306178434135 4.1910442557614491 -4.4209026493914303
v 0.0120010000000000 0.0088880000000000 -0.0026430000000000
vn 3.9196944726001832 3.7528082296806837 2.4383597566957365
v 0.0141530000000000 0.0088880000000000 0.0015330000000000
vn 3.0654712019308241 4.1966094953663600 3.1751165201289222
v 0.0138900000000000 0.0088880000000000 0.0018470000000000
vn -6.2045428265407185 -0.0029983750099871 -0.9110279608757833
v 0.0205184545454545 -0.0003200000000000 -0.0002205454545455
vn -3.8089460192973004 -0.0070654549981721 -4.9705465838713216
v 0.0211096363636364 -0.0003200000000000 -0.0012047272727273
vn -1.3217067541021963 -0.0997369069959857 -6.1247050566232897
v 0.0217080000000000 -0.0011100000000000 -0.0014710000000000
vn -5.4045583054515829 1.7361646370835337 -1.9300597568471654
v 0.0094006153846154 0.0086905384615385 -0.0008582307692308
vn -2.4586938691790610 0.7193803938178175 -5.6471785307291702
v 0.0108570000000000 0.0086250000000000 -0.0025010000000000
vn -1.6903204571003498 1.8181068299979528 -5.4333158440401341
v 0.0111485000000000 0.0086960000000000 -0.0026000000000000
vn 0.3592465302967059 0.0052326176346960 -6.2671870179948321
v 0.0121540000000000 0.0079690000000000 -0.0027460000000000
vn 2.2508543688321696 -0.0020969341609716 -5.8601165416616752
v 0.0129850000000000 0.0073130000000000 -0.0025680000000000
vn 3.1395106087666695 3.1391773635074571 0.1143047887354448
v 0.0107600000000000 0.0090000000000000 -0.0002860000000000
vn 0.0000000000000033 -6.2831853071795871 -0.0000000000000007
v 0.0100800000000000 0.0060000000000000 0.0005720000000000
vn -2.6922864285937260 -0.0034122487597418 5.6728868203211302
v 0.0108190000000000 0.0073130000000000 0.0024830000000000
vn -2.2540461004907475 -0.0108935467708384 5.8586997719539875
v 0.0110150000000000 0.0073130000000000 0.0025680000000000
vn -0.3499169494683023 -0.0018696443197669 6.2678086806168478
v 0.0118460000000000 0.0073130000000000 0.0027460000000000
vn 2.9407584926278019 -0.0028937779267580 5.5467900487628183
v 0.0132860000000000 0.0079690000000000 0.0024310000000000
vn 3.4033624419700339 0.0226926126679966 5.2742529602260095
v 0.0134830000000000 0.0079690000000000 0.0023160000000000
vn 4.5794690310886841 0.0405101146065629 4.2922436155655230
v 0.0139960000000000 0.0079690000000000 0.0018920000000000
vn 4.8778940324726765 0.0713222947340470 3.9475891598477246
v 0.0141420000000000 0.0079690000000000 0.0017250000000000
vn 5.4569963430954607 0.0250499855537748 3.1017872520292844
v 0.0143860000000000 0.0079690000000000 0.0013680000000000
vn 5.6737926725154626 0.0707753288715633 2.6848138726550284
v 0.0144830000000000 0.0079690000000000 0.0011810000000000
vn 6.2776219170053009 -0.0062787729283231 -0.1385498045816606
v 0.0147490000000000 0.0073130000000000 -0.0000590000000000
vn 5.7614725787253196 -0.0022452999748673 -2.4947277872482285
v 0.0145230000000000 0.0073130000000000 -0.0010940000000000
vn -4.1800328156566637 3.8558781903824695 -1.8799148614119541
v 0.0096360000000000 0.0088880000000000 -0.0011820000000000
vn 0.3899464641448426 5.6282737269395904 2.4020831649441399
v 0.0124050000000000 0.0089700000000000 0.0024900000000000
vn -2.4210590658657982 -2.1651370174409807 -4.6558555659923195
v 0.0212980000000000 -0.0019000000000000 -0.0013260000000000
vn -4.5841208643499716 -0.0110795564830560 -4.2656574602969073
v 0.0208870000000000 -0.0003200000000000 -0.0010025454545455
vn -1.7732831647507279 0.0095591567020502 5.9975134083917805
v 0.0215730000000000 0.0012600000000000 0.0014380000000000
vn 5.9911394349863549 0.0048878073004903 -1.7952125305807971
v 0.0134360000000000 0.0044200000000000 -0.0004330000000000
vn 0.6195086999811334 -0.0061020484061701 6.2223602580504895
v 0.0121480000000000 0.0044200000000000 0.0014930000000000
vn -4.8209005200912571 0.0081759763269120 3.9791435678048952
v 0.0108460000000000 0.0044200000000000 0.0009580000000000
vn -1.2406699755760513 1.5144789190195034 -5.7429309136700750
v 0.0115102307692308 0.0086905384615385 -0.0026923846153846
vn 6.0008650792867204 0.7123610361195759 1.3845964029460227
v 0.0146890000000000 0.0086250000000000 0.0005770000000000
vn 3.9325545781055880 -0.0105901192515944 -4.8931298543014208
v 0.0137250000000000 0.0073130000000000 -0.0021420000000000
vn 1.1419035270124938 -2.9641787658816945 -2.9111721513984685
v 0.0130060000000000 0.0060000000000000 -0.0025590000000000
vn 2.8991631154955737 -2.9668547239217014 -1.1727799228298321
v 0.0145480000000000 0.0060000000000000 -0.0010340000000000
vn 3.1265954751533638 -2.9652887058622883 0.0664182407796575
v 0.0147490000000000 0.0060000000000000 0.0000550000000000
vn 1.4686489687139335 3.1398472597020581 2.7771695525603173
v 0.0112030000000000 0.0090000000000000 -0.0009920000000000
vn -1.4354975598010791 -2.9670478707150520 2.7785378432058780
v 0.0107400000000000 0.0060000000000000 0.0024440000000000
vn 1.5768587217837815 0.0605474249521446 6.0745188986609895
v 0.0126910000000000 0.0079690000000000 0.0026620000000000
vn -2.4373548312651598 5.6257144222889011 0.0050338487191831
v 0.0094770000000000 0.0089700000000000 -0.0000010000000000
vn -5.5250677825871763 2.3571720380513184 -0.9789316987256227
v 0.0093100000000000 0.0087670000000000 -0.0004160000000000
vn -0.0050338487191828 5.6257144222889170 -2.4373548312651359
v 0.0120010000000000 0.0089700000000000 -0.0025230000000000
vn 1.9911532212776186 5.6374207843405992 1.2827057143850005
v 0.0140550000000000 0.0089700000000000 0.0014630000000000
vn 2.1135302666300375 4.1301729237638902 3.9106548037773612
v 0.0132360000000000 0.0088880000000000 0.0023360000000000
vn -4.8602637619318907 0.0101778544789355 -3.9353609936275902
v 0.0208330000000000 0.0012600000000000 -0.0009420000000000
vn -2.9411227088604961 -0.0000000000000023 -5.5155414056261511
v 0.0212980000000000 0.0028400000000000 -0.0013260000000000
vn -1.4711342335355111 -0.0058985273990337 6.0954026376803583
v 0.0216499090909091 -0.0003200000000000 0.0014565454545455
vn -3.9957805643223492 0.0120759191239459 -4.8065788860545569
v 0.0110420000000000 0.0044200000000000 -0.0011540000000000
vn 2.2409496959874682 1.4871592442288282 -5.3658319724260775
v 0.0130350000000000 0.0086250000000000 -0.0025480000000000
vn 3.4805972188242662 1.4634444425449689 -4.7735086426943685
v 0.0135870000000000 0.0086960000000000 -0.0022285000000000
vn -4.7719112743893328 1.5083050315295321 3.4270209430083933
v 0.0097742307692308 0.0086905384615385 0.0015923076923077
vn -5.7531770754442757 0.0251460161094665 2.5118471100737825
v 0.0094770000000000 0.0079690000000000 0.0010940000000000
vn -6.1829860399997623 0.0346117796028949 1.0891721554325702
v 0.0092930000000000 0.0079690000000000 0.0004830000000000
vn -6.2678876902683136 -0.0157231031194551 -0.3410464227046008
v 0.0092540000000000 0.0073130000000000 -0.0001540000000000
vn -0.6309037837016588 -0.0174935633593323 -6.2452100822226182
v 0.0117280000000000 0.0073130000000000 -0.0027370000000000
vn 0.8498029857707878 0.0395203385340243 -6.2203111970360903
v 0.0123670000000000 0.0079690000000000 -0.0027250000000000
vn 0.0975640755755320 4.1870912007446242 -2.7202834337231736
v 0.0119470000000000 0.0090000000000000 0.0014420000000000
vn -0.4457106686027126 -3.3948715839599446 -3.0823457694823038
v 0.0117830000000000 0.0060000000000000 -0.0014840000000000
vn -0.7261509709256302 -2.9630022021495015 -3.0417269323259011
v 0.0113640000000000 0.0060000000000000 -0.0026750000000000
vn -1.3144152437940293 -2.9571952033689213 -2.8368154152675364
v 0.0108380000000000 0.0060000000000000 -0.0024930000000000
vn -1.7907181111692574 0.0010414121410174 6.0182238373862988
v 0.0112170000000000 0.0079690000000000 0.0026360000000000
vn 5.1901067694643004 -0.0028062162699828 3.5336469414506144
v 0.0142740000000000 0.0073130000000000 0.0015460000000000
vn 6.2238519197742947 -0.0276370159747266 0.8259726714044191
v 0.0147250000000000 0.0073130000000000 0.0003670000000000
vn 6.2454888442505387 0.0761487275050247 -0.6030538230731527
v 0.0147370000000000 0.0079690000000000 -0.0002720000000000
vn 5.9394066961740126 0.0087593025029423 -2.0359021642032502
v 0.0146000000000000 0.0079690000000000 -0.0008950000000000
vn 0.0050338487191814 5.6257144222889188 2.4373548312651359
v 0.0119990000000000 0.0089700000000000 0.0025230000000000
vn -0.0666815366672136 2.3482895571364137 5.6079166008278269
v 0.0119990000000000 0.0087670000000000 0.0027220000000000
vn -6.2599664666725374 -0.0355304331840988 -0.0123474656074706
v 0.0205000000000000 -0.0011100000000000 0.0000030000000000
vn -5.5155414056261520 0.0000000000000001 2.9411227088605010
v 0.0206740000000000 0.0028400000000000 0.0007020000000000
vn -5.2713251332400475 0.7010775186489379 -3.1865421345211637
v 0.0096710000000000 0.0086250000000000 -0.0014620000000000
vn 1.9375636539122874 -3.4088873290998043 -2.4362301306334424
v 0.0129370000000000 0.0060000000000000 -0.0011720000000000
vn 3.1037420471669090 -3.4020598440865419 -0.2429916166133291
v 0.0134960000000000 0.0060000000000000 -0.0001150000000000
vn 0.1050044053165474 6.2137844438825063 0.6469609376078019
v 0.0123810000000000 0.0090000000000000 0.0023440000000000
vn 0.9760289990210561 5.9289437883211686 1.0612449320466801
v 0.0111490000000000 0.0077000000000000 -0.0009160000000000
vn 0.9926703714833675 6.1137618291043552 0.2220958027405761
v 0.0143470000000000 0.0090000000000000 0.0003630000000000
vn 0.8771794708058471 6.1142836119651935 0.5120657054509523
v 0.0141240000000000 0.0090000000000000 0.0010620000000000
vn 0.0270929866447696 -3.3913516794690910 3.1143967300806281
v 0.0120130000000000 0.0060000000000000 0.0015000000000000
vn -4.3216565198786379 -0.0121709191847175 4.5535906310559575
v 0.0101080000000000 0.0073130000000000 0.0019960000000000
vn -3.1313865845335589 -0.0171677199991171 5.4403682858141664
v 0.0106320000000000 0.0073130000000000 0.0023860000000000
vn 4.1805537557445636 0.0263508545031289 4.6825733151118198
v 0.0138390000000000 0.0079690000000000 0.0020450000000000
vn 5.2879046283617575 -0.0010405496199488 -3.3835902335337922
v 0.0143160000000000 0.0073130000000000 -0.0014830000000000
vn -4.6086865351578474 -0.0014766800780496 -2.8892116577712947
v 0.0132230000000000 0.0083500000000000 0.0007670000000000
vn -2.4964459462492932 5.4207857585157981 1.9150269195793477
v 0.0124810000000000 0.0073390000000000 -0.0003990000000000
vn -3.5629954904258589 4.2451572761549317 -2.5648658254001040
v 0.0098470000000000 0.0088880000000000 -0.0015330000000000
vn -2.2233501167569463 -5.2572260532144588 -0.5978522288585868
v 0.0206620000000000 -0.0020000000000000 -0.0004120000000000
vn -4.8722169047731771 -2.2175642979862049 0.3140343741271187
v 0.0205030000000000 -0.0019000000000000 0.0000870000000000
vn 1.7737329125724304 -0.0081199755402430 -5.9974067580059245
v 0.0124270000000000 0.0044200000000000 -0.0014380000000000
vn 4.3405487374546485 0.5756172320950880 4.3879298418613217
v 0.0139290000000000 0.0086250000000000 0.0019600000000000
vn -3.4033624419700486 0.0226926126679991 -5.2742529602260007
v 0.0105170000000000 0.0079690000000000 -0.0023160000000000
vn 0.0000000000000015 6.2831853071795880 -0.0000000000000009
v 0.0109070000000000 0.0090000000000000 -0.0013410000000000
vn -0.1975768360863425 6.1971364075677720 -0.6956171951914021
v 0.0116190000000000 0.0090000000000000 -0.0023440000000000
vn 1.4185343800575474 5.9223483624271775 -0.3211855730626956
v 0.0107810000000000 0.0077000000000000 0.0002790000000000
vn -0.0561706675766573 5.9189398648533862 1.4602143869472999
v 0.0120460000000000 0.0077000000000000 -0.0012490000000000
vn -1.9604744191268340 -2.9642123927747064 2.4361576656780439
v 0.0102740000000000 0.0060000000000000 0.0021410000000000
vn -5.9875543680791345 -0.0046792215865560 1.8095136874684914
v 0.0105640000000000 0.0044200000000000 0.0004330000000000
vn 4.6086865351578474 -0.0014766800780526 2.8892116577712885
v 0.0107770000000000 0.0083500000000000 -0.0007670000000000
vn -3.7295654024928622 2.5796470056970966 -3.8534351218444201
v 0.0100530000000000 0.0087670000000000 -0.0019030000000000
vn -0.8261693861363835 -5.1512761615514080 -2.2665259450487256
v 0.0215470000000000 -0.0020000000000000 -0.0013250000000000
vn -1.0686200575540248 -2.4229914537504373 -5.1748521250983295
v 0.0216359230769231 -0.0019269230769231 -0.0014258461538462
vn -5.2310699125577980 -0.0080520633745822 -3.4417130121944619
v 0.0207460000000000 -0.0003200000000000 -0.0008230000000000
vn -2.9079149959458759 0.0132630892354360 5.5362344492400029
v 0.0213040000000000 0.0012600000000000 0.0013290000000000
vn -3.9353766274651942 0.0104233960290610 4.8602512711621033
v 0.0210580000000000 0.0012600000000000 0.0011670000000000
vn -4.8122135249095050 0.0108926908129807 3.9916397105680472
v 0.0208460000000000 0.0012600000000000 0.0009580000000000
vn 0.3296916300379730 0.6504700142612013 -6.1672658068187722
v 0.0121010000000000 0.0086250000000000 -0.0027480000000000
vn 5.1380363639130255 1.7506465488634000 2.5353842868842595
v 0.0144590000000000 0.0086960000000000 0.0011995000000000
vn 5.1545077494838880 0.9121755923974447 3.2245356892835639
v 0.0143290000000000 0.0086250000000000 0.0014620000000000
vn 4.7600828336322705 1.5604704211054350 3.4609411476802716
v 0.0141865833333333 0.0087078333333333 0.0016385833333333
vn -6.0151332455240611 0.0289127419782881 -1.7985305930131046
v 0.0093640000000000 0.0079690000000000 -0.0007830000000000
vn -2.4853702979136041 0.0041137672743050 -5.7654631770326965
v 0.0109060000000000 0.0079690000000000 -0.0025230000000000
vn -2.0352223150074193 0.0400779964334201 -5.9386747047606514
v 0.0111050000000000 0.0079690000000000 -0.0026000000000000
vn 2.7043118892126201 -0.0153025876145789 -5.6668437920381027
v 0.0131810000000000 0.0073130000000000 -0.0024830000000000
vn 0.5407053413250982 -2.9655935510188542 -3.0802502087311896
v 0.0124710000000000 0.0060000000000000 -0.0027090000000000
vn 0.0000000000000000 -6.2831853071795862 0.0000000000000000
v 0.0131850000000000 0.0060000000000000 -0.0019600000000000
vn 3.0747599904983556 -2.9660287106533687 -0.5702647639965909
v 0.0147040000000000 0.0060000000000000 -0.0005000000000000
vn -0.1006262028380952 2.0957078280804486 2.7198686896864492
v 0.0120530000000000 0.0077000000000000 -0.0014420000000000
vn 0.4704640322817824 6.2131773618960455 0.4604824149842275
v 0.0136990000000000 0.0090000000000000 0.0016600000000000
vn -1.4686489687139272 3.1398472597020635 -2.7771695525603151
v 0.0127970000000000 0.0090000000000000 0.0009920000000000
vn 0.0000000000000005 -6.2831853071795862 -0.0000000000000008
v 0.0108150000000000 0.0060000000000000 0.0019600000000000
vn -0.8424406567850494 -2.9665096480159763 3.0116217112975363
v 0.0112580000000000 0.0060000000000000 0.0026480000000000
vn -5.5462804117798195 0.0000000000000000 2.9413593260376349
v 0.0095690000000000 0.0073130000000000 0.0012860000000000
vn -5.2778842905305670 -0.0249988164636333 3.3978530596443668
v 0.0096840000000000 0.0073130000000000 0.0014830000000000
vn 0.6385739967713818 0.0248359666834202 6.2440280336675666
v 0.0122720000000000 0.0079690000000000 0.0027370000000000
vn -5.6513089381679382 2.3076613273742708 0.0261806706959912
v 0.0092780000000000 0.0087670000000000 -0.0000010000000000
vn -2.3963021825286281 5.6294781265056537 -0.4002438839665847
v 0.0095070000000000 0.0089700000000000 -0.0003860000000000
vn -0.4861730324855666 5.6363244770102501 -2.3172333861625800
v 0.0115950000000000 0.0089700000000000 -0.0024900000000000
vn 0.0666815366672090 2.3482895571364129 -5.6079166008278269
v 0.0120010000000000 0.0087670000000000 -0.0027220000000000
vn 3.2427036139769050 4.6361080757313413 1.7454596668355957
v 0.0143105000000000 0.0089290000000000 0.0011550000000000
vn 3.9573116477041794 2.3237854875037338 3.9628729742910687
v 0.0139470000000000 0.0087670000000000 0.0019030000000000
vn 2.1590676259001005 4.6799461193391991 2.9498555547092997
v 0.0135460000000000 0.0089290000000000 0.0020690000000000
vn 2.6073118432415758 2.3978662855975390 4.9141794032484878
v 0.0132730000000000 0.0087670000000000 0.0024060000000000
vn -1.6147144906282427 -5.2530218103898036 1.6718128810604145
v 0.0210260000000000 -0.0020000000000000 0.0010050000000000
vn 0.0000000000000000 -6.2831853071795871 0.0000000000000000
v 0.0212360000000000 -0.0020000000000000 0.0008000000000000
vn -0.0000000000000008 -6.2831853071795871 0.0000000000000010
v 0.0215450000000000 -0.0020000000000000 0.0006370000000000
vn -6.2221777005925087 0.0000000000000000 0.6161170094005214
v 0.0205070000000000 0.0028400000000000 0.0001480000000000
vn -1.4658641403299675 -0.0569646557438619 6.0933214104630053
v 0.0216370909090909 -0.0011100000000000 0.0014534545454545
vn 1.6353022359549203 -3.3996389387779615 2.6496546729527628
v 0.0127900000000000 0.0060000000000000 0.0012750000000000
vn -0.0000000000000006 -6.2831853071795853 -0.0000000000000021
v 0.0125720000000000 0.0060000000000000 0.0019200000000000
vn -0.9315963286618929 6.1129086564581527 0.4145444668904361
v 0.0099010000000000 0.0090000000000000 0.0011110000000000
vn -0.1003750111420525 6.2139801067466678 0.6468795841846406
v 0.0116370000000000 0.0090000000000000 0.0023470000000000
vn -2.4045603014264203 2.0937257051670000 1.2717828926941677
v 0.0132760000000000 0.0077000000000000 -0.0006750000000000
vn -0.0000000000000075 6.2831853071795862 0.0000000000000013
v 0.0139760000000000 0.0090000000000000 0.0001060000000000
vn -4.3170713385093409 0.0627487607470777 4.5552653856151561
v 0.0101080000000000 0.0079690000000000 0.0019960000000000
vn -3.1281358842750775 0.0692031212867569 5.4398984330116509
v 0.0106320000000000 0.0079690000000000 0.0023860000000000
vn 4.1957922382511725 -0.0009403824821815 4.6700364038485338
v 0.0138390000000000 0.0073130000000000 0.0020450000000000
vn 5.2922152294778222 0.0083699312982827 -3.3764663202060055
v 0.0143160000000000 0.0079690000000000 -0.0014830000000000
vn 0.1993198477236233 0.0001036941147411 -5.4391833371671616
v 0.0119470000000000 0.0083500000000000 0.0014420000000000
vn 2.1539393041045809 5.4314399163442708 2.2565009071675775
v 0.0115526666666667 0.0073390000000000 -0.0004315555555556
vn -1.9944033979622269 5.4304277068951246 -2.4286957137246290
v 0.0123990000000000 0.0073390000000000 0.0004810000000000
vn -4.3487112985135683 -4.3019986094550866 -1.3234091770337710
v 0.0206100000000000 -0.0019500000000000 -0.0004130000000000
vn -1.0902804244021802 -6.0733773609721950 -0.1486911168909389
v 0.0206926000000000 -0.0020000000000000 -0.0001560000000000
vn 0.0000000000000000 -6.2831853071795862 0.0000000000000000
v 0.0215090000000000 -0.0020000000000000 -0.0009280000000000
vn 0.0000000000000000 -6.2831853071795862 0.0000000000000000
v 0.0212000000000000 -0.0020000000000000 -0.0007640000000000
vn -5.1845817165974140 -2.4233338605470989 1.0684904816404879
v 0.0205435000000000 -0.0019250000000000 0.0002215000000000
vn -4.5934026534293499 -0.0036108194057290 -4.2547976386520041
v 0.0208825000000000 -0.0011100000000000 -0.0009975000000000
vn -4.2868621596610881 0.6260017930659425 -4.4485665803363474
v 0.0100710000000000 0.0086250000000000 -0.0019600000000000
vn -5.4569963430954394 0.0250499855537849 -3.1017872520293155
v 0.0096140000000000 0.0079690000000000 -0.0013680000000000
vn -5.1809279609666623 0.0107449644077658 -3.5467316339558619
v 0.0097260000000000 0.0079690000000000 -0.0015460000000000
vn -3.8054623652380135 0.0576005777795798 -4.9907274216498827
v 0.0103300000000000 0.0079690000000000 -0.0021850000000000
vn 2.5278080786278645 -3.3928393268585473 -1.8192549515333638
v 0.0132180000000000 0.0060000000000000 -0.0008760000000000
vn 2.9268673308264170 -3.3972774019628309 -1.0631853179772939
v 0.0134090000000000 0.0060000000000000 -0.0005150000000000
vn -0.0000000000000015 -6.2831853071795862 0.0000000000000015
v 0.0135520000000000 0.0060000000000000 -0.0012660000000000
vn -0.6468795841846394 6.2139801067466678 -0.1003750111420530
v 0.0096530000000000 0.0090000000000000 -0.0003630000000000
vn 0.0000000000000000 6.2831853071795862 0.0000000000000000
v 0.0103070000000000 0.0090000000000000 -0.0010230000000000
vn 4.5940688909621787 2.7815210569634856 0.1686397226439121
v 0.0107510000000000 0.0077000000000000 -0.0000460000000000
vn -2.3051321158242195 2.0940289843441375 -1.4446468075375511
v 0.0132230000000000 0.0077000000000000 0.0007670000000000
vn -1.5944239145652248 -3.3922364895889254 2.6754479004502074
v 0.0112320000000000 0.0060000000000000 0.0012880000000000
vn -2.3811114121338059 4.9075767259301601 -2.5538144017949853
v 0.0101530000000000 0.0089290000000000 -0.0018050000000000
vn 1.7213911255748893 5.6276490455233636 1.7201420273201937
v 0.0138040000000000 0.0089700000000000 0.0017630000000000
vn -2.1817593445535612 -5.2674653730777719 0.7557976013304617
v 0.0206750000000000 -0.0020000000000000 0.0004530000000000
vn -0.9731650006310860 -5.2268423020998460 2.1345218847168295
v 0.0213840000000000 -0.0020000000000000 0.0012570000000000
vn -0.7322257596789089 -5.2123098866690913 2.2406645112602477
v 0.0215880000000000 -0.0020000000000000 0.0013380000000000
vn -1.7520920315978441 -2.2320301582693420 4.5524978307489397
v 0.0214570000000000 -0.0019000000000000 0.0013980000000000
vn -4.6952584504795247 -2.3428412017033740 2.3350933283924182
v 0.0206960000000000 -0.0019250000000000 0.0006900000000000
vn -1.8043223258362304 -0.0079693816298567 -5.9893816427382394
v 0.0115670000000000 0.0044200000000000 -0.0014360000000000
vn 3.9851892366931381 1.4538033918639151 -4.3694601833412543
v 0.0138735000000000 0.0086960000000000 -0.0019935000000000
vn 4.4205588737764012 1.4509569079706373 -3.8155167173543969
v 0.0140680000000000 0.0086250000000000 -0.0018120000000000
vn 5.0893780651111102 0.7248732273978922 -3.4712812513219666
v 0.0142650000000000 0.0086250000000000 -0.0015600000000000
vn -5.4482294955037949 -0.0020523525463967 -3.1187148146220522
v 0.0096140000000000 0.0073130000000000 -0.0013680000000000
vn -5.1829950807908958 -0.0141101921123254 -3.5435881143291028
v 0.0097260000000000 0.0073130000000000 -0.0015460000000000
vn -3.8085064579595480 0.0001708340032485 -4.9909370738541892
v 0.0103300000000000 0.0073130000000000 -0.0021850000000000
vn -0.3726338960708054 6.1131836043428081 0.9483014004205943
v 0.0112790000000000 0.0090000000000000 0.0022630000000000
vn -2.4471260617782713 2.7751426542112925 3.9013357345633777
v 0.0126640000000000 0.0077000000000000 -0.0010590000000000
vn 0.1006262028380931 2.0957078280804473 -2.7198686896864497
v 0.0119470000000000 0.0077000000000000 0.0014420000000000
vn -4.5845860277572479 2.7862883415150983 -0.1762992217957119
v 0.0132490000000000 0.0077000000000000 0.0000460000000000
vn 0.1003750111420516 6.2139801067466669 -0.6468795841846297
v 0.0123630000000000 0.0090000000000000 -0.0023470000000000
vn -5.9982505829888861 0.0014970215088083 -1.7682793579958134
v 0.0105620000000000 0.0044200000000000 -0.0004270000000000
vn -4.8088134194552641 -0.0000076836490027 2.5437930658226127
v 0.0132760000000000 0.0083500000000000 -0.0006750000000000
vn 0.3034639718115862 5.4389197542650338 3.0913503466870518
v 0.0119380000000000 0.0073390000000000 -0.0006220000000000
vn 3.1281110569528190 5.4347520209578928 0.0070785921286226
v 0.0113780000000000 0.0073390000000000 -0.0000052222222222
vn 3.1597287528959521 3.9319212465658619 -3.2855135163593499
v 0.0138470000000000 0.0088880000000000 -0.0018900000000000
vn -0.0000000000000001 -6.2831853071795862 0.0000000000000005
v 0.0212180000000000 -0.0020000000000000 0.0000180000000000
vn -3.9424384674884458 -2.0899816096830621 -3.5469749556848593
v 0.0208755454545455 -0.0019000000000000 -0.0009872727272727
vn -6.1921002786158592 -0.0462683007600806 0.9697488084779725
v 0.0205190000000000 -0.0011100000000000 0.0002265454545455
vn -2.9374196334135516 -0.0013306171738688 -5.5293832681430324
v 0.0212980000000000 -0.0003200000000000 -0.0013260000000000
vn -1.7750985573370108 0.0000000000000003 5.9963185333592870
v 0.0215730000000000 0.0028400000000000 0.0014380000000000
vn -3.6602876911389846 1.5112607242357190 -4.6145331776647689
v 0.0103382307692308 0.0086905384615385 -0.0021746153846154
vn -3.2889853020123843 0.7090896885254109 -5.2060022494387477
v 0.0105750000000000 0.0086250000000000 -0.0023520000000000
vn -4.5604288126786789 -0.0003338566721931 -4.3149495463136720
v 0.0100040000000000 0.0079690000000000 -0.0018920000000000
vn -4.1805537557445644 0.0263508545031304 -4.6825733151118234
v 0.0101610000000000 0.0079690000000000 -0.0020450000000000
vn 0.2081828255217404 6.2131214087157520 0.6246806053940324
v 0.0127490000000000 0.0090000000000000 0.0022540000000000
vn 1.2346329508855260 5.9199410333937070 0.7779383678164276
v 0.0109410000000000 0.0077000000000000 -0.0006640000000000
vn 2.3051321158242217 2.0940289843441509 1.4446468075375563
v 0.0107770000000000 0.0077000000000000 -0.0007670000000000
vn 2.1522542577440453 2.7846745446509842 4.0475418076333725
v 0.0114150000000000 0.0077000000000000 -0.0011050000000000
vn -2.1450031807225725 2.7809388220810285 -4.0593816205511324
v 0.0125850000000000 0.0077000000000000 0.0011050000000000
vn -0.0000000000000013 6.2831853071795871 0.0000000000000058
v 0.0121060000000000 0.0090000000000000 -0.0019760000000000
vn -2.2611098521992670 -3.3988178371270044 2.1410567288325688
v 0.0109130000000000 0.0060000000000000 0.0010330000000000
vn 4.6759839412227526 -0.0143108228214305 -4.1885901933430425
v 0.0140450000000000 0.0073130000000000 -0.0018390000000000
vn 4.3150396337105583 -0.0022636973280968 -4.5601702383087890
v 0.0138920000000000 0.0073130000000000 -0.0019960000000000
vn -2.9093716695776948 5.4290317775647221 1.1384880178453920
v 0.0125750000000000 0.0073390000000000 -0.0002360000000000
vn -1.9734724725278567 5.4381210471441221 2.4350829408706289
v 0.0123920000000000 0.0073390000000000 -0.0004860000000000
vn 2.1147184680832671 5.4381742155350725 -2.2783165691794052
v 0.0115684444444444 0.0073390000000000 0.0004473333333333
vn 1.2362872981469586 5.4289467142618681 -2.8679648921890930
v 0.0117660000000000 0.0073390000000000 0.0005765000000000
vn -4.6160091265642906 2.2941972726851749 -3.2674826094145937
v 0.0097830000000000 0.0087670000000000 -0.0015790000000000
vn -2.2778499978749722 -5.2622886049079840 0.4101362521266672
v 0.0206210000000000 -0.0020000000000000 0.0002400000000000
vn -1.7107960702886069 -5.1757910976559529 -1.6726633854401378
v 0.0209950000000000 -0.0020000000000000 -0.0009750000000000
vn -1.0995899566678824 -5.2813854775539468 -2.0144205385365890
v 0.0213450000000000 -0.0020000000000000 -0.0012370000000000
vn -4.6753500424047338 -2.8782185468467638 -0.5006900325957012
v 0.0205330000000000 -0.0019269230769231 -0.0001323846153846
vn -3.1130204166702744 -2.1649188205942029 -4.1725158951999708
v 0.0211170000000000 -0.0019000000000000 -0.0012120000000000
vn -5.2302740071500731 0.0036805537516365 -3.4434767795155925
v 0.0207460000000000 -0.0011100000000000 -0.0008230000000000
vn 2.6009103134256240 -2.9657508388068434 -1.7362235960967776
v 0.0142880000000000 0.0060000000000000 -0.0015260000000000
vn 2.1999930304918940 -2.9672850794451890 -2.2227158548041310
v 0.0139340000000000 0.0060000000000000 -0.0019550000000000
vn -0.6789642210346309 6.1975658567328429 -0.2438231223877607
v 0.0098760000000000 0.0090000000000000 -0.0010620000000000
vn -0.4145444668904339 6.1129086564581554 -0.9315963286618868
v 0.0108890000000000 0.0090000000000000 -0.0020990000000000
vn 1.3937326701941715 5.9207445155288774 0.4262039236126799
v 0.0108050000000000 0.0077000000000000 -0.0003680000000000
vn -0.3245500030594298 5.9264281063190065 -1.4097467016634539
v 0.0122790000000000 0.0077000000000000 0.0012190000000000
vn -1.3818057311931955 5.9282081961352535 -0.4165939309165883
v 0.0131950000000000 0.0077000000000000 0.0003680000000000
vn 0.6373614870486894 6.1961717664164446 0.3501656670031693
v 0.0139350000000000 0.0090000000000000 0.0013780000000000
vn -2.8797848620210069 3.8404841227655293 -3.5685833635553528
v 0.0104180000000000 0.0088880000000000 -0.0021170000000000
vn -2.6614417715584007 -2.3349343011231531 4.5494646406941914
v 0.0212930769230769 -0.0019230769230769 0.0012963846153846
vn -3.9389234911394211 -2.1636219648530113 2.9686358671918178
v 0.0207880000000000 -0.0019000000000000 0.0008830000000000
vn -5.5354075997650760 -0.0000000000000000 -2.9076562329294307
v 0.0206710000000000 0.0028400000000000 -0.0006960000000000
vn -1.8072473075134523 0.0091937931595918 -5.9884566410743858
v 0.0215670000000000 0.0012600000000000 -0.0014360000000000
vn -0.6075039263097807 0.0046474829996464 -6.2227285425738206
v 0.0118520000000000 0.0044200000000000 -0.0014930000000000
vn -0.7612366258522067 6.1119652470797803 0.6825675420793229
v 0.0103400000000000 0.0090000000000000 0.0016990000000000
vn -0.5249873192547396 6.1968611115725496 0.4990354364410133
v 0.0100980000000000 0.0090000000000000 0.0014220000000000
vn 2.4045603014264194 2.0937257051669964 -1.2717828926941670
v 0.0107240000000000 0.0077000000000000 0.0006750000000000
vn -1.4156206840298613 5.9237764549447141 0.3224526428126794
v 0.0132190000000000 0.0077000000000000 -0.0002790000000000
vn -1.0675708912552611 5.9254749522721424 0.9786472280084944
v 0.0129160000000000 0.0077000000000000 -0.0008510000000000
vn 0.6567975145190320 6.1968651387733118 -0.3054840287556800
v 0.0142540000000000 0.0090000000000000 -0.0007490000000000
vn 0.9315963286618989 6.1129086564581501 -0.4145444668904382
v 0.0140990000000000 0.0090000000000000 -0.0011110000000000
vn 0.2438231223877622 6.1975658567328429 -0.6789642210346294
v 0.0130620000000000 0.0090000000000000 -0.0021240000000000
vn -2.3300503417451202 -2.9608959938407740 -2.0853200933071334
v 0.0099500000000000 0.0060000000000000 -0.0018330000000000
vn 3.5303244012899171 4.2476209722856151 -2.6107877996017823
v 0.0141170000000000 0.0088880000000000 -0.0015820000000000
vn -1.4341690939542207 5.6290728361441946 1.9640588833934509
v 0.0105370000000000 0.0089700000000000 0.0020550000000000
vn -2.0160692038583239 -5.2676299384106002 1.1210412557757268
v 0.0207630000000000 -0.0020000000000000 0.0006550000000000
vn -5.0311305773279802 -2.2388315564135066 1.6330366392231261
v 0.0206009230769231 -0.0019269230769231 0.0004591538461538
vn -1.0716450589953681 -2.4550978874022342 5.1267323893211563
v 0.0216216153846154 -0.0019269230769231 0.0014227692307692
vn -4.8609810714029607 0.0000000000000001 -3.9334020561320511
v 0.0208330000000000 0.0028400000000000 -0.0009420000000000
vn -2.9408941681512824 0.0071959177160811 -5.5162273166088607
v 0.0212980000000000 0.0012600000000000 -0.0013260000000000
vn -3.9588222527625265 1.7540385349197116 4.1443139295279803
v 0.0101265000000000 0.0086960000000000 0.0019935000000000
vn -3.3793904555656478 -0.0110207182099340 -5.2902917351791876
v 0.0105170000000000 0.0073130000000000 -0.0023160000000000
vn -0.6956171951914131 6.1971364075677720 0.1975768360863485
v 0.0096560000000000 0.0090000000000000 0.0003810000000000
vn 0.0596475452533547 5.9263568340877839 -1.4456766243545016
v 0.0119540000000000 0.0077000000000000 0.0012490000000000
vn -1.9918367858383728 -3.4053346499980330 -2.3926511564145425
v 0.0110430000000000 0.0060000000000000 -0.0011550000000000
vn -2.5541833741007496 -3.3996147758803033 -1.7809559592083466
v 0.0107670000000000 0.0060000000000000 -0.0008540000000000
vn -6.2255203585852641 0.0023170587332493 -0.6016159087911406
v 0.0105070000000000 0.0044200000000000 -0.0001420000000000
vn -0.6076490764448409 5.4395149427770342 3.0622336926519997
v 0.0121251111111111 0.0073390000000000 -0.0006092222222222
vn 3.0214861567054965 5.4343760069768727 -0.8097794267655661
v 0.0114020000000000 0.0073390000000000 0.0001800000000000
vn -2.0585684222393192 -5.0559829607109110 1.3968110007004129
v 0.0208800000000000 -0.0020000000000000 0.0008400000000000
vn -1.3092554783021866 -5.2778146052818364 1.8921351963549167
v 0.0211950000000000 -0.0020000000000000 0.0011450000000000
vn -3.3138062601702121 -2.2180895137952006 4.0886515472668608
v 0.0210875000000000 -0.0019250000000000 0.0011590000000000
vn -3.7503956411849639 -2.5106477851411793 3.6905112480607083
v 0.0209001538461538 -0.0019307692307692 0.0009725384615385
vn 0.5869115064527046 0.0042933455474460 -6.2267657890048929
v 0.0121420000000000 0.0044200000000000 -0.0014930000000000
vn -3.4147359103069364 1.4271871627792454 4.8147115546431696
v 0.0104130000000000 0.0086960000000000 0.0022285000000000
vn 2.1101130342477594 -2.9658802172787242 2.3080183534795129
v 0.0138540000000000 0.0060000000000000 0.0020310000000000
vn -1.0121613334935211 6.0956798475713434 0.3374728006223219
v 0.0097460000000000 0.0090000000000000 0.0007490000000000
vn -0.2438231223877558 6.1975658567328438 0.6789642210346172
v 0.0109380000000000 0.0090000000000000 0.0021240000000000
vn 1.2863068814156600 5.9211283298193047 -0.6840785196885211
v 0.0108950000000000 0.0077000000000000 0.0005850000000000
vn -0.4270028385518512 5.9207249104898700 1.3936186716306649
v 0.0123680000000000 0.0077000000000000 -0.0011950000000000
vn 0.4165939309165568 5.9282081961352464 -1.3818057311932186
v 0.0116320000000000 0.0077000000000000 0.0011950000000000
vn 2.4432253235832149 2.7799630384589289 -3.8932327296538256
v 0.0113360000000000 0.0077000000000000 0.0010590000000000
vn 1.0637450848595147 5.9235212847484604 -0.9887778269720946
v 0.0110840000000000 0.0077000000000000 0.0008510000000000
vn 0.4604824149842364 6.2131773618960446 -0.4704640322817896
v 0.0136600000000000 0.0090000000000000 -0.0016990000000000
vn 0.3821086499227545 6.2132233838400630 -0.5358190868538766
v 0.0133780000000000 0.0090000000000000 -0.0019350000000000
vn 0.3726338960707988 6.1131836043428081 -0.9483014004205953
v 0.0127210000000000 0.0090000000000000 -0.0022630000000000
vn -6.2229976855067894 -0.0076755543374438 0.6143522890032329
v 0.0105070000000000 0.0044200000000000 0.0001480000000000
vn 1.2973292417221212 5.4343820330509889 2.8309767741786498
v 0.0117640000000000 0.0073390000000000 -0.0005750000000000
vn 3.0251868437348914 5.4347990363154528 0.8008292532472897
v 0.0114010000000000 0.0073390000000000 -0.0001780000000000
vn 1.9642752503421246 5.6260939921527147 -1.4356091145901242
v 0.0140210000000000 0.0089700000000000 -0.0015100000000000
vn 4.4721354549902488 2.1665044633803010 -3.4802162260889968
v 0.0141800000000000 0.0087670000000000 -0.0016300000000000
vn -2.6841367366250553 3.8827769648211188 3.7009750495513902
v 0.0104670000000000 0.0088880000000000 0.0021530000000000
vn -2.9624788099770827 -4.2985273550884857 -3.4547952290088211
v 0.0210740000000000 -0.0019500000000000 -0.0011160000000000
vn -2.0406629484670384 -4.4355857409924635 -3.9290516371639552
v 0.0213220000000000 -0.0019500000000000 -0.0012820000000000
vn -2.3950092096601043 -5.1308528520129864 -0.1251914280735628
v 0.0206000000000000 -0.0020000000000000 0.0000220000000000
vn -1.3580174915187107 -5.1617743422942626 -1.9820401776136705
v 0.0211600000000000 -0.0020000000000000 -0.0011200000000000
vn 0.0000000000000003 -6.2831853071795862 0.0000000000000026
v 0.0209080000000000 -0.0020000000000000 0.0001820000000000
vn -0.0000000000000009 -6.2831853071795871 -0.0000000000000017
v 0.0216730000000000 -0.0020000000000000 -0.0006190000000000
vn -5.0259936462685406 -2.0425391252506193 -1.1200701080378808
v 0.0205390000000000 -0.0019000000000000 -0.0003380000000000
vn -5.7053288551679273 -0.0451547755438909 -2.5937863708236923
v 0.0206377272727273 -0.0011100000000000 -0.0006240000000000
vn 2.9206326195291084 0.0112823407183442 -5.5277498960768003
v 0.0126960000000000 0.0044200000000000 -0.0013290000000000
vn -4.7354673215198559 0.7984197957796642 -3.9108126260908147
v 0.0098560000000000 0.0086250000000000 -0.0017220000000000
vn -0.6548542728323227 6.2139121928305237 0.0013383500031884
v 0.0096250000000000 0.0090000000000000 -0.0000010000000000
vn 0.4106347372791807 6.1967580546672956 0.5969794858581010
v 0.0131110000000000 0.0090000000000000 0.0020990000000000
vn -0.0013383500031893 6.2139121928305228 -0.6548542728323099
v 0.0120010000000000 0.0090000000000000 -0.0023750000000000
vn 0.3265542566411896 5.9207596271263228 1.4204488010836445
v 0.0117210000000000 0.0077000000000000 -0.0012190000000000
vn -1.2378024518401709 5.9194753070694501 -0.7746368110433193
v 0.0130590000000000 0.0077000000000000 0.0006640000000000
vn -1.3785050476855532 5.4387899714511532 2.7993806272383623
v 0.0122900000000000 0.0073390000000000 -0.0005540000000000
vn -1.9640588833934354 5.6290728361442106 -1.4341690939542100
v 0.0099450000000000 0.0089700000000000 -0.0014630000000000
vn -1.4827515265773799 5.6343836173089992 -1.8421054413882598
v 0.0104900000000000 0.0089700000000000 -0.0020210000000000
vn -2.0966638733901806 -5.2120085499712641 -1.0801245429044442
v 0.0207430000000000 -0.0020000000000000 -0.0006160000000000
vn -2.0236773590937327 -5.1457937584453948 -1.3216334501356610
v 0.0208550000000000 -0.0020000000000000 -0.0008050000000000
vn 0.0000000000000021 -6.2831853071795862 -0.0000000000000021
v 0.0210540000000000 -0.0020000000000000 -0.0002910000000000
vn -0.0000000000000010 -6.2831853071795862 -0.0000000000000008
v 0.0213630000000000 -0.0020000000000000 -0.0004550000000000
vn -4.4012026993164532 -2.2300878523908074 -2.2514640063383409
v 0.0206930000000000 -0.0019000000000000 -0.0007360000000000
vn -6.2110973739168127 -0.0395776197434990 -0.8496308621379037
v 0.0205165454545455 -0.0011100000000000 -0.0002074545454545
vn -3.8170986504301441 0.0005041210957540 -4.9631800047666088
v 0.0211096363636364 -0.0011100000000000 -0.0012047272727273
vn -1.3355780370415939 -0.0040367797667736 -6.1268210864801311
v 0.0217080000000000 -0.0003200000000000 -0.0014710000000000
vn -2.9076562329294235 0.0000000000000015 5.5354075997650867
v 0.0213040000000000 0.0028400000000000 0.0013290000000000
vn -3.9334020561320329 -0.0000000000000001 4.8609810714029695
v 0.0210580000000000 0.0028400000000000 0.0011670000000000
vn -4.8132334481905410 -0.0000000000000000 3.9892478893373071
v 0.0208460000000000 0.0028400000000000 0.0009580000000000
vn -0.9483014004205996 6.1131836043428081 -0.3726338960708030
v 0.0097370000000000 0.0090000000000000 -0.0007210000000000
vn 0.0000000000000000 6.2831853071795880 0.0000000000000000
v 0.0100240000000000 0.0090000000000000 -0.0001060000000000
vn -0.9904388450464140 5.9207334169028556 -1.0692896432061785
v 0.0128510000000000 0.0077000000000000 0.0009160000000000
vn -3.5270253946781391 -0.0223561152972773 5.1939600996141602
v 0.0104540000000000 0.0073130000000000 0.0022740000000000
vn -0.6191424775242294 5.4299077631507657 -3.0738819982989418
v 0.0121210000000000 0.0073390000000000 0.0006100000000000
vn -2.9225097249145700 5.4337649979868825 -1.0760169921357896
v 0.0125765000000000 0.0073390000000000 0.0002340000000000
vn -0.0000000000000017 -6.2831853071795862 0.0000000000000009
v 0.0213810000000000 -0.0020000000000000 0.0003270000000000
vn -2.2911159254729903 -0.0392373455255005 5.8342873963937931
v 0.0214360000000000 -0.0011100000000000 0.0013900000000000
vn -5.6667446145138092 -0.0890264983304412 2.6708462012584286
v 0.0206462727272727 -0.0011100000000000 0.0006420000000000
vn -4.5449849407251044 -0.0207472291476532 -4.3300307790912056
v 0.0100040000000000 0.0073130000000000 -0.0018920000000000
vn -4.2076680606681593 -0.0312437939665586 -4.6580833143617193
v 0.0101610000000000 0.0073130000000000 -0.0020450000000000
vn 2.2949371347903185 -3.3913506128983006 2.1058634959802274
v 0.0131050000000000 0.0060000000000000 0.0010140000000000
vn 0.0000000000000008 6.2831853071795862 0.0000000000000016
v 0.0103420000000000 0.0090000000000000 0.0004940000000000
vn -0.0000000000000027 6.2831853071795871 -0.0000000000000010
v 0.0118940000000000 0.0090000000000000 0.0019760000000000
vn -1.2705646167574685 5.9286310346987481 0.6832425812261287
v 0.0131050000000000 0.0077000000000000 -0.0005850000000000
vn 1.0153172733767137 6.1127707279676970 -0.0985674299812012
v 0.0143440000000000 0.0090000000000000 -0.0003810000000000
vn 4.6544811750074819 0.0271335809781956 -4.2115672918723863
v 0.0140450000000000 0.0079690000000000 -0.0018390000000000
vn 4.3170713385093284 0.0627487607470830 -4.5552653856151704
v 0.0138920000000000 0.0079690000000000 -0.0019960000000000
vn 2.7259467794789600 5.4350560922560804 1.5307349663757490
v 0.0114460000000000 0.0073390000000000 -0.0002900000000000
vn -1.3916474673803529 5.4243864314571351 -2.8188511871472879
v 0.0122920000000000 0.0073390000000000 0.0005520000000000
vn -2.4877486687570531 5.4382257940835252 -1.8888330405990912
v 0.0124860000000000 0.0073390000000000 0.0003920000000000
vn 0.0000000000000000 -6.2831853071795871 0.0000000000000000
v 0.0217090000000000 -0.0020000000000000 0.0009460000000000
vn 0.0000000000000000 -6.2831853071795871 0.0000000000000000
v 0.0210720000000000 -0.0020000000000000 0.0004910000000000
vn -5.9871306171057803 -0.0986089271464454 1.8165938379708249
v 0.0205640000000000 -0.0011100000000000 0.0004330000000000
vn -5.9963185333592950 -0.0000000000000000 -1.7750985573369862
v 0.0205620000000000 0.0028400000000000 -0.0004270000000000
vn -3.4506621578915118 -0.0916348933969174 5.2368948507368156
v 0.0211770000000000 -0.0011100000000000 0.0012540000000000
vn 0.0013383500031896 6.2139121928305237 0.6548542728323228
v 0.0119990000000000 0.0090000000000000 0.0023750000000000
vn 0.7171114630431409 6.1974273485546707 -0.0843880849142165
v 0.0143750000000000 0.0090000000000000 0.0000010000000000
vn 0.8723297526052564 -3.4024478311333159 2.9887212510871395
v 0.0124170000000000 0.0060000000000000 0.0014410000000000
vn -1.8683613416182063 -2.9610093372422437 -2.5072430404244246
v 0.0103600000000000 0.0060000000000000 -0.0022080000000000
vn -2.7042625612795104 -2.9661827509964174 -1.5708474399463870
v 0.0096230000000000 0.0060000000000000 -0.0013820000000000
vn -3.5279455937890098 0.0683731637248326 5.1911741964963580
v 0.0104540000000000 0.0079690000000000 0.0022740000000000
vn 2.7102565575026683 5.4346272173533814 -1.5578440965254750
v 0.0114480000000000 0.0073390000000000 0.0002920000000000
vn -3.5632360898278366 -4.3184794538844535 -2.8012393426303603
v 0.0208710000000000 -0.0019500000000000 -0.0009100000000000
vn 0.0000000000000000 -6.2831853071795862 0.0000000000000000
v 0.0208900000000000 -0.0020000000000000 -0.0006010000000000
vn -4.9037501619211330 -2.4988891904514166 -1.9852210773047285
v 0.0206590000000000 -0.0019250000000000 -0.0006080000000000
vn -5.9884487278367180 0.0000000000000000 1.8052062469163108
v 0.0205640000000000 0.0028400000000000 0.0004330000000000
vn -5.9955738946360260 -0.0415097709703255 -1.7993587377809046
v 0.0205620000000000 -0.0011100000000000 -0.0004270000000000
vn -2.1060411717968397 -0.0058682711684755 -5.9065688870073210
v 0.0214922727272727 -0.0003200000000000 -0.0014092727272727
vn -4.8978207299862788 0.0106899935021330 -3.9264386121480390
v 0.0098580000000000 0.0079690000000000 -0.0017250000000000
vn 3.0522970173487023 -3.4003501565951662 0.6163548171543842
v 0.0134710000000000 0.0060000000000000 0.0002920000000000
vn -0.3374728006223140 6.0956798475713496 -1.0121613334935022
v 0.0112510000000000 0.0090000000000000 -0.0022540000000000
vn -0.0975640755755317 4.1870912007446233 2.7202834337231607
v 0.0120530000000000 0.0090000000000000 -0.0014420000000000
vn 0.7109973196098194 6.1968853173543259 0.1374449254003766
v 0.0142630000000000 0.0090000000000000 0.0007210000000000
vn -0.8175200938569765 -3.3964598893058016 3.0046382880498035
v 0.0116080000000000 0.0060000000000000 0.0014480000000000
vn -2.7468542978544037 -3.4075093171526292 1.4641668067780882
v 0.0106740000000000 0.0060000000000000 0.0007020000000000
vn -3.9322283947596799 -0.0003661678406954 4.8936618301330048
v 0.0102750000000000 0.0073130000000000 0.0021420000000000
vn 4.9854652129042103 -0.0143815708258473 -3.8149980821021225
v 0.0141850000000000 0.0073130000000000 -0.0016700000000000
vn 0.3140846935539888 5.4191755455261230 -3.1225966628840376
v 0.0119410000000000 0.0073390000000000 0.0006220000000000
vn -3.1007755212851773 5.4337941296781995 0.0176300070931641
v 0.0126220000000000 0.0073390000000000 -0.0000082222222222
vn -6.0063613596016605 0.0000000000000000 -1.7755826046195526
v 0.0205620000000000 -0.0003200000000000 -0.0004270000000000
vn -2.0469560521328103 -0.0348243122961927 -5.9247388442552618
v 0.0215047272727273 -0.0011100000000000 -0.0014137272727273
vn 4.8105850361800675 -0.0054606387305825 -3.9931393651202969
v 0.0131540000000000 0.0044200000000000 -0.0009580000000000
vn -6.0008650792867506 0.7123610361195138 -1.3845964029460065
v 0.0093110000000000 0.0086250000000000 -0.0005770000000000
vn -5.3624938683767986 1.5187895148606518 -2.3933961232413630
v 0.0095410000000000 0.0086960000000000 -0.0011995000000000
vn 1.1630802906672573 1.4262636486016962 5.8110888915823722
v 0.0124897692307692 0.0086905384615385 0.0026923846153846
vn -5.9331903801788126 -0.0069813193054099 2.0540882007441366
v 0.0094000000000000 0.0073130000000000 0.0008950000000000
vn -6.2450358572619713 0.0853410786566029 0.6026970335785307
v 0.0092630000000000 0.0079690000000000 0.0002720000000000
vn -6.2755233680072697 0.0385239775328667 0.1643754536951708
v 0.0092510000000000 0.0079690000000000 0.0000590000000000
vn -0.1329120117558023 -0.0012067709451864 -6.2779881886346187
v 0.0119410000000000 0.0079690000000000 -0.0027490000000000
vn 1.7724672394677925 -0.0272429329328059 -6.0228683585124090
v 0.0127830000000000 0.0073130000000000 -0.0026360000000000
vn 1.7050171842140374 -2.9678390507112731 -2.6217351531771240
v 0.0135010000000000 0.0060000000000000 -0.0023040000000000
vn -0.0000000000000009 -6.2831853071795871 -0.0000000000000002
v 0.0142870000000000 0.0060000000000000 0.0001230000000000
vn -1.4699126251733043 3.1415926535897878 -2.7765016253273620
v 0.0123720000000000 0.0090000000000000 0.0012170000000000
vn 1.4699126251733075 3.1415926535897887 2.7765016253273544
v 0.0116280000000000 0.0090000000000000 -0.0012170000000000
vn -0.0000000000000048 6.2831853071795845 -0.0000000000000049
v 0.0136930000000000 0.0090000000000000 0.0010230000000000
vn -4.6642143158064098 -0.0075752481814387 4.2019958356797060
v 0.0099550000000000 0.0073130000000000 0.0018390000000000
vn 0.1458127712635318 -0.0296729556570962 6.2768001991050095
v 0.0120590000000000 0.0073130000000000 0.0027490000000000
vn 2.4853702979136405 0.0041137672742998 5.7654631770326805
v 0.0130940000000000 0.0079690000000000 0.0025230000000000
vn 3.8054623652379869 0.0576005777795693 4.9907274216499076
v 0.0136700000000000 0.0079690000000000 0.0021850000000000
vn 6.0151332455240585 0.0289127419782874 1.7985305930131352
v 0.0146360000000000 0.0079690000000000 0.0007830000000000
vn 6.2661509771051263 -0.0190791640884258 0.3679686530971182
v 0.0147460000000000 0.0073130000000000 0.0001540000000000
vn 5.5463944154555298 -0.0106508472124804 -2.9406757021307395
v 0.0144310000000000 0.0073130000000000 -0.0012860000000000
vn -0.1997005892451825 -0.0001457140821722 5.4389447779656628
v 0.0120530000000000 0.0083500000000000 -0.0014420000000000
vn -2.1668932258129781 5.6339775198188136 -0.9569564185980098
v 0.0097430000000000 0.0089700000000000 -0.0011280000000000
vn -1.4270558343395952 4.8998759363737010 -3.1845069541713009
v 0.0107920000000000 0.0089290000000000 -0.0022830000000000
vn -2.3677937579993080 2.6285567250685582 -4.8198118193134629
v 0.0107270000000000 0.0087670000000000 -0.0024060000000000
vn 3.4240656730648240 4.9019723083521987 0.6998759378592466
v 0.0145525000000000 0.0089290000000000 0.0003950000000000
vn 0.7693678601226830 3.9010497208293624 4.5016910706118098
v 0.0124240000000000 0.0088880000000000 0.0026090000000000
vn -5.9967750852618922 0.0067663391823856 -1.7751280213251857
v 0.0205620000000000 0.0012600000000000 -0.0004270000000000
vn -5.7002623894659425 0.6905743485835064 2.3360249293853803
v 0.0094360000000000 0.0086250000000000 0.0009950000000000
vn 5.7427243175161129 0.6922090948288490 -2.2635889739361437
v 0.0145640000000000 0.0086250000000000 -0.0009950000000000
vn 5.8672518732624601 1.5195892682733358 -0.2741354845410255
v 0.0147355000000000 0.0086960000000000 -0.0000290000000000
vn -0.3296916300379721 0.6504700142611975 6.1672658068187731
v 0.0118990000000000 0.0086250000000000 0.0027480000000000
vn -2.4041550112261545 0.7682577785128256 5.6529249816401350
v 0.0109650000000000 0.0086250000000000 0.0025480000000000
vn -2.7698113450341095 1.5012583656030087 5.1926202044507308
v 0.0107253846153846 0.0086905384615385 0.0024215384615385
vn -6.0213715320107006 -0.0036617621621567 -1.7798836999097434
v 0.0093640000000000 0.0073130000000000 -0.0007830000000000
vn -2.4733772173157926 -0.0210464091814853 -5.7698961905804556
v 0.0109060000000000 0.0073130000000000 -0.0025230000000000
vn -2.0610339058109606 -0.0354477846277602 -5.9298674435366916
v 0.0111050000000000 0.0073130000000000 -0.0026000000000000
vn 2.6972364312344101 -0.0021481881132401 -5.6707483953287721
v 0.0131810000000000 0.0079690000000000 -0.0024830000000000
vn 3.0507191831667475 -2.9631678779782180 0.6865838763199346
v 0.0146820000000000 0.0060000000000000 0.0006070000000000
vn 0.0000000000000009 6.2831853071795871 0.0000000000000015
v 0.0133410000000000 0.0090000000000000 -0.0010930000000000
vn -3.1044950487519589 -2.9657406111757409 -0.3763900305322726
v 0.0092700000000000 0.0060000000000000 -0.0003330000000000
vn -5.2922314542328204 0.0770517056258035 3.3713406251440503
v 0.0096840000000000 0.0079690000000000 0.0014830000000000
vn -5.5383707459454046 0.0742515375791831 2.9499558484083819
v 0.0095690000000000 0.0079690000000000 0.0012860000000000
vn 0.6025776527709688 -0.0194800406572584 6.2478163553360568
v 0.0122720000000000 0.0073130000000000 0.0027370000000000
vn 4.8168110647722528 2.5822655067060265 -2.5050479487609789
v 0.0144060000000000 0.0087670000000000 -0.0012730000000000
vn 4.8644758279912077 -0.0029369806654044 3.9294943081349070
v 0.0131670000000000 0.0044200000000000 0.0009420000000000
vn 3.9899191281999862 -0.0097067468330347 4.8137056086106664
v 0.0129580000000000 0.0044200000000000 0.0011540000000000
vn 2.9294223378163418 0.0079454052666772 5.5211727980939367
v 0.0127020000000000 0.0044200000000000 0.0013260000000000
vn -5.9780566924759420 0.7315071226538861 1.4487725840894541
v 0.0093380000000000 0.0086250000000000 0.0006910000000000
vn 5.6914648083593375 1.7442238275237596 -0.7103767860960828
v 0.0147069230769231 0.0086905384615385 -0.0004046923076923
vn -1.5369094062037414 0.6493413905147473 5.9800348581968290
v 0.0112680000000000 0.0086250000000000 0.0026510000000000
vn 1.5979470662834225 -2.9657201407461073 2.6881481087319914
v 0.0134080000000000 0.0060000000000000 0.0023620000000000
vn 2.8492306086034618 -2.9664263560574091 1.2889467373606194
v 0.0145050000000000 0.0060000000000000 0.0011350000000000
vn -2.4045618242435625 4.1894336868473330 1.2718235716472102
v 0.0132760000000000 0.0090000000000000 -0.0006750000000000
vn 1.5729892660232667 -0.0120993713742476 6.0773583171027550
v 0.0126910000000000 0.0073130000000000 0.0026620000000000
vn 3.9328963672617734 0.0619178966526060 -4.8903840048912190
v 0.0137250000000000 0.0079690000000000 -0.0021420000000000
vn -4.4883987920570636 3.8100324540236663 0.9713407046647302
v 0.0093910000000000 0.0088880000000000 0.0004240000000000
vn 0.7386659587828095 3.8855080579382819 -4.5118099414571491
v 0.0124040000000000 0.0088880000000000 -0.0026120000000000
vn 4.2149729583915310 4.1231132859476363 -1.4025866154089857
v 0.0145080000000000 0.0088880000000000 -0.0008330000000000
vn -1.8421054413882851 5.6343836173089832 1.4827515265773905
v 0.0099790000000000 0.0089700000000000 0.0015100000000000
vn -5.9969192131549267 -0.0000000000000000 1.8092084823711685
v 0.0205640000000000 -0.0003200000000000 0.0004330000000000
vn -5.5369877388499145 0.0099306972754501 -2.9060771070762694
v 0.0206710000000000 0.0012600000000000 -0.0006960000000000
vn -1.8052062469163119 -0.0000000000000006 -5.9884487278367198
v 0.0215670000000000 0.0028400000000000 -0.0014360000000000
vn -3.4516272479344012 0.0008483561996306 5.2412057436642518
v 0.0211770000000000 -0.0003200000000000 0.0012540000000000
vn -4.8520252323957287 0.0089498175844648 -3.9435419572168513
v 0.0108330000000000 0.0044200000000000 -0.0009420000000000
vn -5.0578295311517314 1.7055980716343648 2.7468208059755130
v 0.0095815000000000 0.0086960000000000 0.0012795000000000
vn 0.3565555179436047 -0.0106616947695434 -6.2672498361282356
v 0.0121540000000000 0.0073130000000000 -0.0027460000000000
vn 2.2321847896141884 0.0239556955772931 -5.8663472104846157
v 0.0129850000000000 0.0079690000000000 -0.0025680000000000
vn 1.6685912452485332 3.1458142484189930 -2.6618382956777293
v 0.0115390000000000 0.0090000000000000 0.0011870000000000
vn -3.1393906813162964 3.1416799471360664 -0.1176032973143421
v 0.0132580000000000 0.0090000000000000 -0.0001940000000000
vn -3.1089386650215038 -3.3928877676848006 -0.1884756795399453
v 0.0105030000000000 0.0060000000000000 -0.0000890000000000
vn -2.7123461326240506 0.0253736902268829 5.6626651963451664
v 0.0108190000000000 0.0079690000000000 0.0024830000000000
vn -2.2470670350871940 0.0022326795212889 5.8615803886549047
v 0.0110150000000000 0.0079690000000000 0.0025680000000000
vn -0.3592465302967057 0.0052326176346963 6.2671870179948312
v 0.0118460000000000 0.0079690000000000 0.0027460000000000
vn 2.9293366914166183 -0.0165565805281412 5.5520528206577842
v 0.0132860000000000 0.0073130000000000 0.0024310000000000
vn 3.3909079631463217 -0.0044863423312696 5.2831038383320177
v 0.0134830000000000 0.0073130000000000 0.0023160000000000
vn 4.5655798004921584 -0.0197231303228187 4.3085807739593971
v 0.0139960000000000 0.0073130000000000 0.0018920000000000
vn 4.8849524150016972 -0.0158426954975321 3.9422560862559353
v 0.0141420000000000 0.0073130000000000 0.0017250000000000
vn 5.4465993574266580 -0.0106108498661317 3.1212230632597873
v 0.0143860000000000 0.0073130000000000 0.0013680000000000
vn 5.6698140940158623 0.0001704567681043 2.6989394302697653
v 0.0144830000000000 0.0073130000000000 0.0011810000000000
vn 6.2750222134708347 0.0731651764384250 -0.1450120996586702
v 0.0147490000000000 0.0079690000000000 -0.0000590000000000
vn 5.7615991453455324 -0.0025945249424998 -2.4948908731774688
v 0.0145230000000000 0.0079690000000000 -0.0010940000000000
vn -3.2650866914746488 4.6905207945765097 1.6143953270803417
v 0.0097170000000000 0.0089290000000000 0.0012080000000000
vn 0.9569564185980077 5.6339775198188162 -2.1668932258129745
v 0.0131280000000000 0.0089700000000000 -0.0022570000000000
vn 2.4093486954106358 2.2533872504799755 -5.0342114465030701
v 0.0132170000000000 0.0087670000000000 -0.0024350000000000
vn 3.6453650870880177 4.6364408957560128 -0.5031520316410742
v 0.0145495000000000 0.0089290000000000 -0.0004145000000000
vn -0.6642567459581279 3.9234243665484474 4.5102827505164083
v 0.0115960000000000 0.0088880000000000 0.0026120000000000
vn -5.5174981580216800 0.0103952497085625 2.9389815059257742
v 0.0206740000000000 0.0012600000000000 0.0007020000000000
vn 3.9245372707940285 0.0138665659018441 -4.8667414317381734
v 0.0129420000000000 0.0044200000000000 -0.0011670000000000
vn 6.2208705589933642 0.0065103510309667 -0.6243884576081753
v 0.0134930000000000 0.0044200000000000 -0.0001480000000000
vn -0.5977817805618827 -0.0072933202603383 6.2266157602305867
v 0.0118580000000000 0.0044200000000000 0.0014930000000000
vn -6.1495842151449889 0.6791809110471325 -0.5683749756996913
v 0.0092620000000000 0.0086250000000000 -0.0002610000000000
vn -0.5936715317907859 0.7730614993365901 -6.1114864077229250
v 0.0117820000000000 0.0086250000000000 -0.0027410000000000
vn 3.2889853020123740 0.7090896885253372 5.2060022494387885
v 0.0134250000000000 0.0086250000000000 0.0023520000000000
vn -5.8516333112350596 0.0730378502811898 -2.2651961919254737
v 0.0094320000000000 0.0079690000000000 -0.0009850000000000
vn 3.5401298480420973 -0.0014844484770939 -5.1857255838517649
v 0.0135460000000000 0.0073130000000000 -0.0022740000000000
vn -0.5358190868538868 6.2132233838400586 -0.3821086499227648
v 0.0100650000000000 0.0090000000000000 -0.0013780000000000
vn -0.4990354364410085 6.1968611115725523 -0.5249873192547347
v 0.0105780000000000 0.0090000000000000 -0.0019020000000000
vn 2.3034238943879926 4.1911326060092753 1.4444460071859213
v 0.0107770000000000 0.0090000000000000 -0.0007670000000000
vn 0.5550908295731464 6.1134527800265657 0.8534931164158694
v 0.0134220000000000 0.0090000000000000 0.0019020000000000
vn -2.4152828926852195 -2.9638514989909983 1.9863741809225404
v 0.0098780000000000 0.0060000000000000 0.0017490000000000
vn -3.0029111735510603 -2.9602156486931088 0.8716010397288577
v 0.0093600000000000 0.0060000000000000 0.0007710000000000
vn -5.0012011263575840 -0.0182793370895366 3.7939777542353061
v 0.0098150000000000 0.0073130000000000 0.0016700000000000
vn 2.0352223150074154 0.0400779964334182 5.9386747047606505
v 0.0128950000000000 0.0079690000000000 0.0026000000000000
vn 5.8516333112350543 0.0730378502811958 2.2651961919254706
v 0.0145680000000000 0.0079690000000000 0.0009850000000000
vn -4.3473304262605348 4.1843119350968481 -0.7991573826857855
v 0.0093880000000000 0.0088880000000000 -0.0004040000000000
vn -0.8976531630400746 3.8453281888561324 -4.4923520276812603
v 0.0115760000000000 0.0088880000000000 -0.0026090000000000
vn 5.2738373101431790 2.6396707908579091 0.9910587050655189
v 0.0146900000000000 0.0087670000000000 0.0004160000000000
vn 1.2008528621880259 5.6320903796192354 2.0451443292211775
v 0.0131800000000000 0.0089700000000000 0.0022300000000000
vn -6.1995345807131788 -0.0046841945409760 0.9384609597857463
v 0.0205190000000000 -0.0003200000000000 0.0002265454545455
vn -2.9308428609108717 0.0042998222187223 -5.5321861118197058
v 0.0212980000000000 -0.0011100000000000 -0.0013260000000000
vn 5.5166617702091028 -0.0099726522220495 -2.9407639337439648
v 0.0133260000000000 0.0044200000000000 -0.0007020000000000
vn -2.9025043188622197 -0.0002521376350434 5.5381933438692368
v 0.0113040000000000 0.0044200000000000 0.0013290000000000
vn -3.9333334421307722 -0.0084092763522695 4.8619228904487306
v 0.0110580000000000 0.0044200000000000 0.0011670000000000
vn 5.5765900128233703 1.4975169191744944 1.8615554629693769
v 0.0145993846153846 0.0086905384615385 0.0008582307692308
vn -6.0801208031377216 -0.0199595587017623 1.5604531311864176
v 0.0093380000000000 0.0073130000000000 0.0006910000000000
vn -6.2211173263753574 0.0080061744374763 -0.8504522585838196
v 0.0092750000000000 0.0079690000000000 -0.0003670000000000
vn -1.1053002847716473 0.0573870342195277 -6.1792208766604713
v 0.0115170000000000 0.0079690000000000 -0.0027070000000000
vn 1.3286571871405257 -0.0188618901781956 -6.1350292879086359
v 0.0125770000000000 0.0073130000000000 -0.0026890000000000
vn 3.1393906813163035 3.1416799471360570 0.1176032973143493
v 0.0107420000000000 0.0090000000000000 0.0001940000000000
vn 0.0000000000000016 6.2831853071795880 -0.0000000000000008
v 0.0124940000000000 0.0090000000000000 0.0016580000000000
vn 1.2232394307839114 -3.4019439139429402 -2.8630988197409151
v 0.0125860000000000 0.0060000000000000 -0.0013810000000000
vn -0.2179511412903873 -2.9625532232370722 3.1194080021142248
v 0.0118060000000000 0.0060000000000000 0.0027430000000000
vn -2.7619541730009449 -2.9630072417077753 1.4661941277385635
v 0.0095690000000000 0.0060000000000000 0.0012860000000000
vn -1.3031972177657858 -0.0146730332645477 6.1407221204225984
v 0.0114230000000000 0.0073130000000000 0.0026890000000000
vn 6.1401246644639800 0.0086810010545233 1.3064661067876113
v 0.0146890000000000 0.0079690000000000 0.0005770000000000
vn 6.1810351340507328 0.0000897893640942 -1.1055987972885570
v 0.0147070000000000 0.0073130000000000 -0.0004830000000000
vn -3.4769093310998422 4.6437321357453900 -1.2018406056351720
v 0.0095390000000000 0.0089290000000000 -0.0007845000000000
vn -1.2260371338145171 4.6038238142391021 -3.4528733711749555
v 0.0111860000000000 0.0089290000000000 -0.0024510000000000
vn 2.2779685956471383 5.6335634827076095 0.6361976432555448
v 0.0144040000000000 0.0089700000000000 0.0007660000000000
vn 0.7718877785182892 5.6256812404635443 2.3130613572996634
v 0.0127950000000000 0.0089700000000000 0.0023940000000000
vn -6.2618547430590192 -0.0074246027303603 0.0083827671451094
v 0.0205000000000000 -0.0003200000000000 0.0000030000000000
vn 1.7714932379358741 1.4833091319444209 5.6261360543594092
v 0.0128515000000000 0.0086960000000000 0.0026000000000000
vn -5.7650540584210690 -0.0115886017473624 2.4859188325376991
v 0.0094770000000000 0.0073130000000000 0.0010940000000000
vn -6.1774721474752408 -0.0323390716152783 1.1202655799369774
v 0.0092930000000000 0.0073130000000000 0.0004830000000000
vn -6.2680734201424491 -0.0023144564354224 -0.3485070958937747
v 0.0092540000000000 0.0079690000000000 -0.0001540000000000
vn -0.6385739967713776 0.0248359666834195 -6.2440280336675675
v 0.0117280000000000 0.0079690000000000 -0.0027370000000000
vn 0.8333784554404797 -0.0051429109966771 -6.2234987764706826
v 0.0123670000000000 0.0073130000000000 -0.0027250000000000
vn -2.3034238943879801 4.1911326060092806 -1.4444460071859118
v 0.0132230000000000 0.0090000000000000 0.0007670000000000
vn 0.0000000000000000 -6.2831853071795862 0.0000000000000000
v 0.0118770000000000 0.0060000000000000 0.0022870000000000
vn -3.0436969919769594 -3.3923964000337494 0.6594709561228557
v 0.0105340000000000 0.0060000000000000 0.0003180000000000
vn -1.7873476531038031 -0.0004385246119035 6.0192402674642720
v 0.0112170000000000 0.0073130000000000 0.0026360000000000
vn 5.1809279609666845 0.0107449644077692 3.5467316339558259
v 0.0142740000000000 0.0079690000000000 0.0015460000000000
vn 6.2211173263753645 0.0080061744374654 0.8504522585837913
v 0.0147250000000000 0.0079690000000000 0.0003670000000000
vn 6.2470992657710713 -0.0116906158307681 -0.6144753617460872
v 0.0147370000000000 0.0073130000000000 -0.0002720000000000
vn 5.9394629780451451 -0.0164429281006663 -2.0349577039979367
v 0.0146000000000000 0.0073130000000000 -0.0008950000000000
vn 4.4428885982175466 3.7471933429979005 1.2536555196881145
v 0.0145180000000000 0.0088880000000000 0.0008030000000000
vn 1.4597072479559805 3.8802627537689558 4.3375641657961364
v 0.0128330000000000 0.0088880000000000 0.0025080000000000
vn -2.2541834222674293 -0.0040025470515994 5.8506202735382677
v 0.0214360000000000 -0.0003200000000000 0.0013900000000000
vn -5.6819602489737573 -0.0033905314210234 2.6507549518444091
v 0.0206407272727273 -0.0003200000000000 0.0006300000000000
vn 0.5936715317907924 0.7730614993366012 6.1114864077229196
v 0.0122180000000000 0.0086250000000000 0.0027410000000000
vn -6.0741464560524392 0.0091419496677974 1.5851143544233339
v 0.0093380000000000 0.0079690000000000 0.0006910000000000
vn -6.2226290194762512 0.0009360032211763 -0.8409109141047184
v 0.0092750000000000 0.0073130000000000 -0.0003670000000000
vn -1.0948317084839259 -0.0165594732091522 -6.1824924114995534
v 0.0115170000000000 0.0073130000000000 -0.0027070000000000
vn 1.3157218402654463 0.0611198491306334 -6.1363352436741323
v 0.0125770000000000 0.0079690000000000 -0.0026890000000000
vn -3.1395106087666611 3.1391773635074629 -0.1143047887354448
v 0.0132400000000000 0.0090000000000000 0.0002860000000000
vn -1.6699857966851679 3.1420093660583333 2.6609679180303321
v 0.0128680000000000 0.0090000000000000 -0.0009310000000000
vn 0.4083040664249223 -2.9622745962777568 3.1001799074115293
v 0.0123620000000000 0.0060000000000000 0.0027260000000000
vn -2.9444917803763166 -3.3980167819777529 -1.0120891012053765
v 0.0105820000000000 0.0060000000000000 -0.0004900000000000
vn -2.9625807980528625 -2.9630849164212978 -1.0005649170567090
v 0.0093930000000000 0.0060000000000000 -0.0008760000000000
vn -1.2948506368637012 0.0264784782570160 6.1421000259740275
v 0.0114230000000000 0.0079690000000000 0.0026890000000000
vn 6.1392978897347747 -0.0014025040443232 1.3117095612594238
v 0.0146890000000000 0.0073130000000000 0.0005770000000000
vn 6.1826935087637223 0.0297984320062917 -1.0918188690508528
v 0.0147070000000000 0.0079690000000000 -0.0004830000000000
vn -5.5365063901646456 -0.0085479328599451 -2.9070717737950744
v 0.0106710000000000 0.0044200000000000 -0.0006960000000000
vn 2.6470961214627953 3.8889301968454859 -3.7299461148355970
v 0.0135330000000000 0.0088880000000000 -0.0021530000000000
vn 2.3657414715966922 5.6335990571044068 -0.0828593690398690
v 0.0145230000000000 0.0089700000000000 0.0000010000000000
vn -0.0677306178434166 4.1910442557614491 4.4209026493914303
v 0.0119990000000000 0.0088880000000000 0.0026430000000000
vn -6.2226101379810252 0.0095782869254243 0.6182722265151386
v 0.0205070000000000 0.0012600000000000 0.0001480000000000
vn 5.9905940232551567 0.0146968835376500 1.7910413005682988
v 0.0134380000000000 0.0044200000000000 0.0004270000000000
vn -5.8067236177783421 1.5320710863974762 0.9483017496934668
v 0.0092959230769231 0.0087014615384615 0.0004093076923077
vn 0.9685640398869586 1.4633077399542511 -5.8266624597527210
v 0.0124180000000000 0.0086960000000000 -0.0027040000000000
vn -5.8538580807859395 -0.0169492221318069 -2.2656365714190048
v 0.0094320000000000 0.0073130000000000 -0.0009850000000000
vn 3.5464352198567815 0.0399277424702868 -5.1801039555816288
v 0.0135460000000000 0.0079690000000000 -0.0022740000000000
vn -0.3821086499227545 6.2132233838400603 0.5358190868538728
v 0.0106220000000000 0.0090000000000000 0.0019350000000000
vn 0.0000000000000020 6.2831853071795871 -0.0000000000000061
v 0.0109770000000000 0.0090000000000000 0.0016930000000000
vn 0.5238535965741671 6.2140365670168007 -0.3920727307645013
v 0.0139020000000000 0.0090000000000000 -0.0014220000000000
vn -0.0978171649944511 -2.9639794861766000 -3.1253862338104228
v 0.0119160000000000 0.0060000000000000 -0.0027490000000000
vn 0.0000000000000013 -6.2831853071795871 0.0000000000000017
v 0.0107340000000000 0.0060000000000000 -0.0015520000000000
vn 0.0000000000000000 -6.2831853071795862 0.0000000000000000
v 0.0097130000000000 0.0060000000000000 -0.0001230000000000
vn -3.1163865103475028 -2.9612777453549670 0.2565459923415343
v 0.0092590000000000 0.0060000000000000 0.0002230000000000
vn -5.0012453767559180 0.0283629893676400 3.7936060791585291
v 0.0098150000000000 0.0079690000000000 0.0016700000000000
vn 2.0467621067295156 -0.0005474812435756 5.9358900724217483
v 0.0128950000000000 0.0073130000000000 0.0026000000000000
vn 5.8630078153349912 -0.0132130731876728 2.2424017700469934
v 0.0145680000000000 0.0073130000000000 0.0009850000000000
vn -3.2988334903771457 4.8852750616354603 1.0731052440756685
v 0.0095490000000000 0.0089290000000000 0.0008140000000000
vn 1.1451016186285012 4.6928659234154209 -3.4628839970675771
v 0.0127845000000000 0.0089290000000000 -0.0024610000000000
vn 2.2234482612132473 5.6331732071022653 -0.8236069195537206
v 0.0143940000000000 0.0089700000000000 -0.0007950000000000
vn 5.2979183144275455 2.4118735673125493 -1.7080910039037100
v 0.0145830000000000 0.0087670000000000 -0.0008580000000000
vn -1.2211360056762339 4.9032841131688789 3.2719214765706677
v 0.0112155000000000 0.0089290000000000 0.0024610000000000
vn -1.8014747769819315 2.6329351292444372 5.0498110311385833
v 0.0111730000000000 0.0087670000000000 0.0025940000000000
vn -0.9569564185980093 5.6339775198188189 2.1668932258129674
v 0.0108720000000000 0.0089700000000000 0.0022570000000000
vn 0.0000000000000000 -6.2831853071795862 0.0000000000000000
v 0.0213990000000000 -0.0020000000000000 0.0011100000000000
vn -6.2262702405943653 -0.0000000000000000 -0.5952886571412277
v 0.0205070000000000 0.0028400000000000 -0.0001420000000000
vn -3.9892478893373289 -0.0000000000000018 -4.8132334481905223
v 0.0210420000000000 0.0028400000000000 -0.0011540000000000
vn -2.9106875903788989 -0.0918384766626707 5.5545357344209076
v 0.0213040000000000 -0.0011100000000000 0.0013290000000000
vn -4.0209880995357237 -0.1057192288215267 4.8031615163475134
v 0.0210580000000000 -0.0011100000000000 0.0011670000000000
vn -4.5789243661619494 -0.0650039365738986 4.2768254050306611
v 0.0209010909090909 -0.0011100000000000 0.0010180000000000
vn -5.2075278837359136 -0.0311277727441711 3.4710241977662428
v 0.0207530000000000 -0.0011100000000000 0.0008340000000000
vn -2.9448099491281887 -0.0046289240710478 -5.5140354630570929
v 0.0112980000000000 0.0044200000000000 -0.0013260000000000
vn -4.8989609432231056 -0.0106818292512345 -3.9251604508923523
v 0.0098580000000000 0.0073130000000000 -0.0017250000000000
vn 2.7791619461454311 -3.4125444901767330 1.4006046338416858
v 0.0133380000000000 0.0060000000000000 0.0006790000000000
vn -0.0000000000000032 6.2831853071795862 -0.0000000000000007
v 0.0130230000000000 0.0090000000000000 -0.0016930000000000
vn -3.9328963672617601 0.0619178966526046 4.8903840048912297
v 0.0102750000000000 0.0079690000000000 0.0021420000000000
vn 4.9906567423624129 -0.0025443352474266 -3.8091131097221003
v 0.0141850000000000 0.0079690000000000 -0.0016700000000000
vn 4.8091936836291342 0.0002413731068752 -2.5435544225056725
v 0.0107240000000000 0.0083500000000000 0.0006750000000000
vn -0.0006993129174652 4.6857978513947423 0.0002136108086039
v 0.0120000000000000 0.0069780000000000 0.0000000000000000
vn -2.9153825882461915 -0.0000000000000032 5.5569102783095099
v 0.0213040000000000 -0.0003200000000000 0.0013290000000000
vn -4.0174106453119789 0.0000000000000007 4.8142176794104552
v 0.0210580000000000 -0.0003200000000000 0.0011670000000000
vn -5.1995120930296359 -0.0076144479359980 3.4859646983658630
v 0.0207530000000000 -0.0003200000000000 0.0008340000000000
vn -4.6085479203074140 -0.0046136461677678 4.2504820315216296
v 0.0209010909090909 -0.0003200000000000 0.0010180000000000
vn 3.0261829266239122 0.6722056876399987 -5.3752736700226782
v 0.0133240000000000 0.0086250000000000 -0.0024100000000000
vn 5.9741846629341424 0.7476515774041704 -1.4522147050568937
v 0.0146620000000000 0.0086250000000000 -0.0006910000000000
vn -0.8664106547071836 1.4670278876541325 5.8619663760692555
v 0.0115820000000000 0.0086960000000000 0.0027040000000000
vn -5.9394066961740197 0.0087593025029319 2.0359021642032280
v 0.0094000000000000 0.0079690000000000 0.0008950000000000
vn -6.2465585812821391 -0.0021523813762695 0.6220891098301649
v 0.0092630000000000 0.0073130000000000 0.0002720000000000
vn -6.2777250193797389 -0.0153287541352225 0.1213613406898690
v 0.0092510000000000 0.0073130000000000 0.0000590000000000
vn -0.1311302128394403 0.0012356521486022 -6.2779554375189557
v 0.0119410000000000 0.0073130000000000 -0.0027490000000000
vn 1.7844727063807342 0.0601525646954044 -6.0180470828800461
v 0.0127830000000000 0.0079690000000000 -0.0026360000000000
vn 2.4045618242435673 4.1894336868473303 -1.2718235716471993
v 0.0107240000000000 0.0090000000000000 0.0006750000000000
vn 1.6717950170684932 3.1386782179108916 -2.6598300329570632
v 0.0111320000000000 0.0090000000000000 0.0009310000000000
vn -1.6703978510047339 3.1491426148786505 2.6606969335347346
v 0.0124610000000000 0.0090000000000000 -0.0011870000000000
vn 0.3906295307968650 -3.3990199048962633 -3.0890546731087296
v 0.0121910000000000 0.0060000000000000 -0.0014880000000000
vn 1.0296682877208185 -2.9677177340323837 2.9530937231028007
v 0.0129030000000000 0.0060000000000000 0.0025970000000000
vn -4.6544811750075175 0.0271335809781942 4.2115672918723446
v 0.0099550000000000 0.0079690000000000 0.0018390000000000
vn 0.1329120117558023 -0.0012067709451864 6.2779881886346187
v 0.0120590000000000 0.0079690000000000 0.0027490000000000
vn 2.5020017445608360 -0.0206620860528100 5.7577487776278335
v 0.0130940000000000 0.0073130000000000 0.0025230000000000
vn 3.8039907094445020 -0.0111707878526976 4.9940709829888048
v 0.0136700000000000 0.0073130000000000 0.0021850000000000
vn 6.0168594781709297 -0.0148081976478801 1.7940733693027793
v 0.0146360000000000 0.0073130000000000 0.0007830000000000
vn 6.2680814038561659 0.0237093857679798 0.3308951815409270
v 0.0147460000000000 0.0079690000000000 0.0001540000000000
vn 5.5425179748745137 0.0088940891911858 -2.9477432670393675
v 0.0144310000000000 0.0079690000000000 -0.0012860000000000
vn 1.9463376847249509 4.1295545540765390 -3.9998104972444786
v 0.0131820000000000 0.0088880000000000 -0.0023640000000000
vn -0.4002438839665834 5.6294781265056582 2.3963021825286219
v 0.0116140000000000 0.0089700000000000 0.0024930000000000
vn -3.0260774633086758 5.4352676173372014 -0.7879512123700940
v 0.0225990000000000 0.0073390000000000 0.0001780000000000
vn 0.6191424775242306 5.4299077631507711 3.0738819982989360
v 0.0218790000000000 0.0073390000000000 -0.0006100000000000
vn 6.2208705589933597 0.0065103510309707 -0.6243884576081959
v 0.0234930000000000 0.0044200000000000 -0.0001480000000000
vn 4.2868621596611032 0.6260017930659616 4.4485665803363252
v 0.0239290000000000 0.0086250000000000 0.0019600000000000
vn 3.2889853020123638 0.7090896885254497 5.2060022494387486
v 0.0234250000000000 0.0086250000000000 0.0023520000000000
vn 0.1006262028380896 2.0957078280804500 -2.7198686896864501
v 0.0219470000000000 0.0077000000000000 0.0014420000000000
vn -2.3051321158242195 2.0940289843441393 -1.4446468075375474
v 0.0232230000000000 0.0077000000000000 0.0007670000000000
vn 0.6468795841846265 6.2139801067466678 0.1003750111420463
v 0.0243470000000000 0.0090000000000000 0.0003630000000000
vn 2.5278080786278712 -3.3928393268585451 -1.8192549515333540
v 0.0232180000000000 0.0060000000000000 -0.0008760000000000
vn 1.9375636539122885 -3.4088873290997954 -2.4362301306334411
v 0.0229370000000000 0.0060000000000000 -0.0011720000000000
vn 5.2879046283617352 -0.0010405496199417 -3.3835902335338321
v 0.0243160000000000 0.0073130000000000 -0.0014830000000000
vn 3.5401298480420991 -0.0014844484770981 -5.1857255838517622
v 0.0235460000000000 0.0073130000000000 -0.0022740000000000
vn 2.8797848620210020 3.8404841227655764 3.5685833635553639
v 0.0235820000000000 0.0088880000000000 0.0021170000000000
vn -3.0185167042458891 5.4348894277280220 0.8246262668815048
v 0.0225980000000000 0.0073390000000000 -0.0001800000000000
vn -1.2362872981469661 5.4289467142618619 2.8679648921891019
v 0.0222340000000000 0.0073390000000000 -0.0005765000000000
vn -0.6075039263097806 0.0046474829996464 -6.2227285425738197
v 0.0218520000000000 0.0044200000000000 -0.0014930000000000
vn 6.2270618530224588 -0.0069747255288510 0.5928960226426711
v 0.0234930000000000 0.0044200000000000 0.0001420000000000
vn 3.6602876911389584 1.5112607242357736 4.6145331776647467
v 0.0236617692307692 0.0086905384615385 0.0021746153846154
vn -2.1522542577440484 2.7846745446509766 -4.0475418076333813
v 0.0225850000000000 0.0077000000000000 0.0011050000000000
vn -1.3937326701941295 5.9207445155288809 -0.4262039236126713
v 0.0231950000000000 0.0077000000000000 0.0003680000000000
vn -1.2346329508855258 5.9199410333937061 -0.7779383678164331
v 0.0230590000000000 0.0077000000000000 0.0006640000000000
vn 0.9483014004206053 6.1131836043428018 0.3726338960708108
v 0.0242630000000000 0.0090000000000000 0.0007210000000000
vn 0.4145444668904328 6.1129086564581563 0.9315963286618845
v 0.0231110000000000 0.0090000000000000 0.0020990000000000
vn 1.4827515265774092 5.6343836173089761 1.8421054413882740
v 0.0235100000000000 0.0089700000000000 0.0020210000000000
vn 0.5869115064527046 0.0042933455474460 -6.2267657890048937
v 0.0221420000000000 0.0044200000000000 -0.0014930000000000
vn -0.3265542566411924 5.9207596271263245 -1.4204488010836420
v 0.0222790000000000 0.0077000000000000 0.0012190000000000
vn -0.9760289990210529 5.9289437883211686 -1.0612449320466797
v 0.0228510000000000 0.0077000000000000 0.0009160000000000
vn 0.6825675420793380 6.1119652470797714 0.7612366258522296
v 0.0236990000000000 0.0090000000000000 0.0016600000000000
vn 0.5358190868538845 6.2132233838400568 0.3821086499227644
v 0.0239350000000000 0.0090000000000000 0.0013780000000000
vn 0.4990354364410112 6.1968611115725505 0.5249873192547305
v 0.0234220000000000 0.0090000000000000 0.0019020000000000
vn 2.1999930304918891 -2.9672850794451757 -2.2227158548041355
v 0.0239340000000000 0.0060000000000000 -0.0019550000000000
vn -3.1263603399164146 5.4357625597193620 0.0259240052898004
v 0.0226220000000000 0.0073390000000000 -0.0000082222222222
vn -0.3140846935539844 5.4191755455261221 3.1225966628840411
v 0.0220590000000000 0.0073390000000000 -0.0006220000000000
vn 1.7737329125724308 -0.0081199755402436 -5.9974067580059245
v 0.0224270000000000 0.0044200000000000 -0.0014380000000000
vn 5.9911394349863567 0.0048878073004984 -1.7952125305808007
v 0.0234360000000000 0.0044200000000000 -0.0004330000000000
vn 0.0561706675766562 5.9189398648533871 -1.4602143869473010
v 0.0219540000000000 0.0077000000000000 0.0012490000000000
vn 0.3374728006223172 6.0956798475713496 1.0121613334935056
v 0.0227490000000000 0.0090000000000000 0.0022540000000000
vn 4.9854652129042094 -0.0143815708258435 -3.8149980821021208
v 0.0241850000000000 0.0073130000000000 -0.0016700000000000
vn 3.9325545781055840 -0.0105901192515951 -4.8931298543014252
v 0.0237250000000000 0.0073130000000000 -0.0021420000000000
vn 3.1109359390885776 -0.0132774850516160 -5.4523021765039008
v 0.0233680000000000 0.0073130000000000 -0.0023860000000000
vn 2.6684180761535896 4.6200476707763212 -2.5566211088275459
v 0.0238050000000000 0.0089290000000000 -0.0018470000000000
vn -4.8088134194552623 -0.0000076836490007 2.5437930658226020
v 0.0232760000000000 0.0083500000000000 -0.0006750000000000
vn 3.9588222527625394 1.7540385349197047 -4.1443139295279892
v 0.0238735000000000 0.0086960000000000 -0.0019935000000000
vn 4.5436319852282265 0.9770575479372331 -4.0043650462509870
v 0.0240680000000000 0.0086250000000000 -0.0018120000000000
vn -4.5948557826228491 2.7811026224361006 -0.1694006903318871
v 0.0232490000000000 0.0077000000000000 0.0000460000000000
vn -0.0596475452533542 5.9263568340877839 1.4456766243545012
v 0.0220460000000000 0.0077000000000000 -0.0012490000000000
vn 0.6956171951914014 6.1971364075677711 -0.1975768360863450
v 0.0243440000000000 0.0090000000000000 -0.0003810000000000
vn -0.0000000000000032 6.2831853071795862 -0.0000000000000007
v 0.0230230000000000 0.0090000000000000 -0.0016930000000000
vn 0.1003750111420506 6.2139801067466669 -0.6468795841846292
v 0.0223630000000000 0.0090000000000000 -0.0023470000000000
vn 1.6353022359549227 -3.3996389387779682 2.6496546729527601
v 0.0227900000000000 0.0060000000000000 0.0012750000000000
vn 5.0012453767559188 0.0283629893676595 -3.7936060791585211
v 0.0241850000000000 0.0079690000000000 -0.0016700000000000
vn 3.9328963672617605 0.0619178966526103 -4.8903840048912297
v 0.0237250000000000 0.0079690000000000 -0.0021420000000000
vn 3.1281358842750979 0.0692031212867558 -5.4398984330116402
v 0.0233680000000000 0.0079690000000000 -0.0023860000000000
vn 0.6076490764448510 5.4395149427770377 -3.0622336926519917
v 0.0218748888888889 0.0073390000000000 0.0006092222222222
vn -1.0637450848595202 5.9235212847484533 0.9887778269721094
v 0.0229160000000000 0.0077000000000000 -0.0008510000000000
vn 1.0121613334935111 6.0956798475713461 -0.3374728006223187
v 0.0242540000000000 0.0090000000000000 -0.0007490000000000
vn -0.0975640755755345 4.1870912007446277 2.7202834337231576
v 0.0220530000000000 0.0090000000000000 -0.0014420000000000
vn 3.3909079631463412 -0.0044863423312722 5.2831038383320061
v 0.0234830000000000 0.0073130000000000 0.0023160000000000
vn 2.6841367366250659 3.8827769648211077 -3.7009750495513871
v 0.0235330000000000 0.0088880000000000 -0.0021530000000000
vn -2.1539393041045889 5.4314399163442610 -2.2565009071676037
v 0.0224473333333333 0.0073390000000000 0.0004315555555556
vn -1.2973292417221289 5.4343820330509827 -2.8309767741786560
v 0.0222360000000000 0.0073390000000000 0.0005750000000000
vn 3.4147359103069581 1.4271871627792372 -4.8147115546431616
v 0.0235870000000000 0.0086960000000000 -0.0022285000000000
vn 4.7719112743893533 1.5083050315295203 -3.4270209430084124
v 0.0242257692307692 0.0086905384615385 -0.0015923076923077
vn -1.2863068814156504 5.9211283298193109 0.6840785196885217
v 0.0231050000000000 0.0077000000000000 -0.0005850000000000
vn -2.4432253235832175 2.7799630384589258 3.8932327296538225
v 0.0226640000000000 0.0077000000000000 -0.0010590000000000
vn -0.0000000000000075 6.2831853071795871 0.0000000000000013
v 0.0239760000000000 0.0090000000000000 0.0001060000000000
vn 2.2949371347903238 -3.3913506128982931 2.1058634959802243
v 0.0231050000000000 0.0060000000000000 0.0010140000000000
vn 4.6544811750074935 0.0271335809782040 -4.2115672918723757
v 0.0240450000000000 0.0079690000000000 -0.0018390000000000
vn 4.3170713385093284 0.0627487607470881 -4.5552653856151677
v 0.0238920000000000 0.0079690000000000 -0.0019960000000000
vn -2.4045603014264119 2.0937257051669702 1.2717828926941483
v 0.0232760000000000 0.0077000000000000 -0.0006750000000000
vn -0.0000000000000013 6.2831853071795862 0.0000000000000058
v 0.0221060000000000 0.0090000000000000 -0.0019760000000000
vn 0.0270929866447753 -3.3913516794690892 3.1143967300806281
v 0.0220130000000000 0.0060000000000000 0.0015000000000000
vn 4.1957922382511716 -0.0009403824821783 4.6700364038485365
v 0.0238390000000000 0.0073130000000000 0.0020450000000000
vn 1.8421054413882785 5.6343836173089850 -1.4827515265773850
v 0.0240210000000000 0.0089700000000000 -0.0015100000000000
vn 1.4341690939542162 5.6290728361441937 -1.9640588833934505
v 0.0234630000000000 0.0089700000000000 -0.0020550000000000
vn -1.4194367800494319 5.9217753661629580 0.3221264344064786
v 0.0232190000000000 0.0077000000000000 -0.0002790000000000
vn 0.6548542728323163 6.2139121928305219 -0.0013383500031871
v 0.0243750000000000 0.0090000000000000 0.0000010000000000
vn -0.0013383500031887 6.2139121928305237 -0.6548542728323101
v 0.0220010000000000 0.0090000000000000 -0.0023750000000000
vn 2.1101130342477612 -2.9658802172787291 2.3080183534795147
v 0.0238540000000000 0.0060000000000000 0.0020310000000000
vn 1.5979470662834285 -2.9657201407461096 2.6881481087319870
v 0.0234080000000000 0.0060000000000000 0.0023620000000000
vn 4.3937481813656420 4.2453538500143795 -0.0073301890249621
v 0.0246430000000000 0.0088880000000000 0.0000010000000000
vn 0.0677306178434104 4.1910442557614491 -4.4209026493914321
v 0.0220010000000000 0.0088880000000000 -0.0026430000000000
vn 5.5393307071586086 0.0179891579655292 2.8971073857333134
v 0.0233290000000000 0.0044200000000000 0.0006960000000000
vn 1.8142859629723975 0.0102484737826427 5.9849104097997721
v 0.0224330000000000 0.0044200000000000 0.0014360000000000
vn -0.5936715317907896 0.7730614993365879 -6.1114864077229232
v 0.0217820000000000 0.0086250000000000 -0.0027410000000000
vn 0.3296916300379747 0.6504700142612042 -6.1672658068187713
v 0.0221010000000000 0.0086250000000000 -0.0027480000000000
vn 6.1769576451262793 0.5932061346190373 -0.2606778990030008
v 0.0247490000000000 0.0086250000000000 -0.0000590000000000
vn 6.1495842151449498 0.6791809110472338 0.5683749756996783
v 0.0247380000000000 0.0086250000000000 0.0002610000000000
vn -0.1006262028381008 2.0957078280804478 2.7198686896864492
v 0.0220530000000000 0.0077000000000000 -0.0014420000000000
vn 0.7612366258522185 6.1119652470797794 -0.6825675420793293
v 0.0236600000000000 0.0090000000000000 -0.0016990000000000
vn 1.0296682877208168 -2.9677177340323779 2.9530937231028007
v 0.0229030000000000 0.0060000000000000 0.0025970000000000
vn 1.1130662044005164 -0.0068875637852937 6.1795252824141338
v 0.0224830000000000 0.0073130000000000 0.0027070000000000
vn 5.4465993574266456 -0.0106108498661393 3.1212230632598019
v 0.0243860000000000 0.0073130000000000 0.0013680000000000
vn 6.0741464560524392 0.0091419496677970 -1.5851143544233339
v 0.0246620000000000 0.0079690000000000 -0.0006910000000000
vn 5.5383707459454135 0.0742515375792045 -2.9499558484083495
v 0.0244310000000000 0.0079690000000000 -0.0012860000000000
vn 2.7123461326240510 0.0253736902268838 -5.6626651963451637
v 0.0231810000000000 0.0079690000000000 -0.0024830000000000
vn 1.2948506368637009 0.0264784782570182 -6.1421000259740275
v 0.0225770000000000 0.0079690000000000 -0.0026890000000000
vn 3.5931535503762277 3.6940640275978875 -2.9248369909675946
v 0.0241170000000000 0.0088880000000000 -0.0015820000000000
vn -0.4165939309165579 5.9282081961352482 1.3818057311932175
v 0.0223680000000000 0.0077000000000000 -0.0011950000000000
vn 0.9315963286618838 6.1129086564581563 -0.4145444668904338
v 0.0240990000000000 0.0090000000000000 -0.0011110000000000
vn 0.2438231223877613 6.1975658567328438 -0.6789642210346287
v 0.0230620000000000 0.0090000000000000 -0.0021240000000000
vn -0.0000000000000006 -6.2831853071795871 -0.0000000000000021
v 0.0225720000000000 0.0060000000000000 0.0019200000000000
vn 0.0007277422242318 4.6857941160203520 -0.0004030733052776
v 0.0220000000000000 0.0069780000000000 0.0000000000000000
vn 2.9206326195290995 0.0112823407183431 -5.5277498960768057
v 0.0226960000000000 0.0044200000000000 -0.0013290000000000
vn -0.0000000000000048 6.2831853071795862 -0.0000000000000049
v 0.0236930000000000 0.0090000000000000 0.0010230000000000
vn 1.7050171842140296 -2.9678390507112851 -2.6217351531771302
v 0.0235010000000000 0.0060000000000000 -0.0023040000000000
vn 3.8054623652380131 0.0576005777795753 4.9907274216498827
v 0.0236700000000000 0.0079690000000000 0.0021850000000000
vn 5.6509283856378358 2.3076267655115936 -0.0294033804459560
v 0.0247220000000000 0.0087670000000000 0.0000010000000000
vn 2.3172333861626297 5.6363244770102101 -0.4861730324855816
v 0.0244900000000000 0.0089700000000000 -0.0004050000000000
vn 0.4002438839665798 5.6294781265056635 -2.3963021825286166
v 0.0223860000000000 0.0089700000000000 -0.0024930000000000
vn 0.0666815366672065 2.3482895571364129 -5.6079166008278278
v 0.0220010000000000 0.0087670000000000 -0.0027220000000000
vn 0.0000000000000009 6.2831853071795853 0.0000000000000015
v 0.0233410000000000 0.0090000000000000 -0.0010930000000000
vn 3.0507191831667457 -2.9631678779782047 0.6865838763199329
v 0.0246820000000000 0.0060000000000000 0.0006070000000000
vn -0.0000000000000015 -6.2831853071795871 -0.0000000000000008
v 0.0239600000000000 0.0060000000000000 0.0011850000000000
vn 0.6025776527709678 -0.0194800406572590 6.2478163553360568
v 0.0222720000000000 0.0073130000000000 0.0027370000000000
vn 5.6698140940158925 0.0001704567680900 2.6989394302697001
v 0.0244830000000000 0.0073130000000000 0.0011810000000000
vn 5.9394066961740108 0.0087593025029381 -2.0359021642032498
v 0.0246000000000000 0.0079690000000000 -0.0008950000000000
vn 5.7531770754442917 0.0251460161094799 -2.5118471100737492
v 0.0245230000000000 0.0079690000000000 -0.0010940000000000
vn 1.7907181111692596 0.0010414121410169 -6.0182238373862980
v 0.0227830000000000 0.0079690000000000 -0.0026360000000000
vn 2.4373548312651176 5.6257144222889348 -0.0050338487191692
v 0.0245230000000000 0.0089700000000000 0.0000010000000000
vn -0.0050338487191855 5.6257144222889162 -2.4373548312651350
v 0.0220010000000000 0.0089700000000000 -0.0025230000000000
vn -0.5977817805618826 -0.0072933202603385 6.2266157602305876
v 0.0218580000000000 0.0044200000000000 0.0014930000000000
vn 0.8664106547071752 1.4670278876541261 -5.8619663760692609
v 0.0224180000000000 0.0086960000000000 -0.0027040000000000
vn 5.8305205502294326 1.4727421406734993 -0.9495903071570699
v 0.0247069230769231 0.0086905384615385 -0.0004046923076923
vn -2.4045618242435580 4.1894336868473454 1.2718235716472037
v 0.0232760000000000 0.0090000000000000 -0.0006750000000000
vn 0.3821086499227577 6.2132233838400612 -0.5358190868538807
v 0.0233780000000000 0.0090000000000000 -0.0019350000000000
vn -1.6699857966851646 3.1420093660583346 2.6609679180303347
v 0.0228680000000000 0.0090000000000000 -0.0009310000000000
vn 5.0863114329986585 2.6801792916629141 -1.5821400800592280
v 0.0245830000000000 0.0087670000000000 -0.0008580000000000
vn 0.9569564185979972 5.6339775198188349 -2.1668932258129514
v 0.0231280000000000 0.0089700000000000 -0.0022570000000000
vn 1.8644622886819582 3.6925495803011925 -4.2498761998419230
v 0.0231820000000000 0.0088880000000000 -0.0023640000000000
vn 1.8014747769819353 2.6329351292444270 -5.0498110311385638
v 0.0228270000000000 0.0087670000000000 -0.0025940000000000
vn -0.1997005892451774 -0.0001457140821739 5.4389447779656628
v 0.0220530000000000 0.0083500000000000 -0.0014420000000000
vn -3.1393906813162968 3.1416799471360735 -0.1176032973143490
v 0.0232580000000000 0.0090000000000000 -0.0001940000000000
vn -0.2179511412903879 -2.9625532232370722 3.1194080021142270
v 0.0218060000000000 0.0060000000000000 0.0027430000000000
vn 0.1458127712635300 -0.0296729556570962 6.2768001991050095
v 0.0220590000000000 0.0073130000000000 0.0027490000000000
vn 2.9293366914166219 -0.0165565805281395 5.5520528206577806
v 0.0232860000000000 0.0073130000000000 0.0024310000000000
vn 4.8849524150016954 -0.0158426954975335 3.9422560862559362
v 0.0241420000000000 0.0073130000000000 0.0017250000000000
vn 5.8630078153349849 -0.0132130731876745 2.2424017700470236
v 0.0245680000000000 0.0073130000000000 0.0009850000000000
vn -0.1329120117558040 -0.0012067709451864 -6.2779881886346187
v 0.0219410000000000 0.0079690000000000 -0.0027490000000000
vn -2.1147184680832805 5.4381742155350592 2.2783165691794274
v 0.0224315555555556 0.0073390000000000 -0.0004473333333333
vn 0.6789642210346118 6.1975658567328447 0.2438231223877526
v 0.0241240000000000 0.0090000000000000 0.0010620000000000
vn -0.0000000000000027 6.2831853071795862 -0.0000000000000010
v 0.0218940000000000 0.0090000000000000 0.0019760000000000
vn 4.1805537557445671 0.0263508545031247 4.6825733151118207
v 0.0238390000000000 0.0079690000000000 0.0020450000000000
vn -0.0677306178434087 4.1910442557614518 4.4209026493914294
v 0.0219990000000000 0.0088880000000000 0.0026430000000000
vn 3.5629954904258696 4.2451572761548544 2.5648658254001049
v 0.0241530000000000 0.0088880000000000 0.0015330000000000
vn 5.5166617702091267 -0.0099726522220409 -2.9407639337439231
v 0.0233260000000000 0.0044200000000000 -0.0007020000000000
vn 0.0000000000000016 6.2831853071795871 -0.0000000000000008
v 0.0224940000000000 0.0090000000000000 0.0016580000000000
vn -2.3034238943879775 4.1911326060092939 -1.4444460071859075
v 0.0232230000000000 0.0090000000000000 0.0007670000000000
vn 0.0975640755755198 4.1870912007446233 -2.7202834337231758
v 0.0219470000000000 0.0090000000000000 0.0014420000000000
vn 2.8991631154955755 -2.9668547239217347 -1.1727799228298319
v 0.0245480000000000 0.0060000000000000 -0.0010340000000000
vn 1.5768587217837944 0.0605474249521439 6.0745188986609868
v 0.0226910000000000 0.0079690000000000 0.0026620000000000
vn 6.1401246644639915 0.0086810010545248 1.3064661067875882
v 0.0246890000000000 0.0079690000000000 0.0005770000000000
vn 6.1810351340507363 0.0000897893640874 -1.1055987972885402
v 0.0247070000000000 0.0073130000000000 -0.0004830000000000
vn 0.8333784554404865 -0.0051429109966748 -6.2234987764706817
v 0.0223670000000000 0.0073130000000000 -0.0027250000000000
vn 0.4861730324855760 5.6363244770102465 2.3172333861625809
v 0.0224050000000000 0.0089700000000000 0.0024900000000000
vn 4.1800328156566966 3.8558781903824033 1.8799148614119585
v 0.0243640000000000 0.0088880000000000 0.0011820000000000
vn 4.8105850361800648 -0.0054606387305751 -3.9931393651202880
v 0.0231540000000000 0.0044200000000000 -0.0009580000000000
vn 1.2406699755760568 1.5144789190195032 5.7429309136700804
v 0.0224897692307692 0.0086905384615385 0.0026923846153846
vn -1.4686489687139279 3.1398472597020701 -2.7771695525603146
v 0.0227970000000000 0.0090000000000000 0.0009920000000000
vn 3.0522970173487067 -3.4003501565951471 0.6163548171543841
v 0.0234710000000000 0.0060000000000000 0.0002920000000000
vn 1.1419035270124962 -2.9641787658817016 -2.9111721513984676
v 0.0230060000000000 0.0060000000000000 -0.0025590000000000
vn -0.4457106686027095 -3.3948715839599433 -3.0823457694823042
v 0.0217830000000000 0.0060000000000000 -0.0014840000000000
vn -0.3592465302967058 0.0052326176346958 6.2671870179948321
v 0.0218460000000000 0.0079690000000000 0.0027460000000000
vn 2.4853702979136045 0.0041137672743027 5.7654631770326965
v 0.0230940000000000 0.0079690000000000 0.0025230000000000
vn 4.5604288126786798 -0.0003338566721922 4.3149495463136720
v 0.0239960000000000 0.0079690000000000 0.0018920000000000
vn 6.0151332455240603 0.0289127419782806 1.7985305930131030
v 0.0246360000000000 0.0079690000000000 0.0007830000000000
vn 6.2661509771051289 -0.0190791640884281 0.3679686530970643
v 0.0247460000000000 0.0073130000000000 0.0001540000000000
vn 6.2776219170053000 -0.0062787729283234 -0.1385498045816829
v 0.0247490000000000 0.0073130000000000 -0.0000590000000000
vn 0.3565555179436064 -0.0106616947695424 -6.2672498361282347
v 0.0221540000000000 0.0073130000000000 -0.0027460000000000
vn 3.3070763105696348 4.8770065390344186 -1.0654333596305403
v 0.0244510000000000 0.0089290000000000 -0.0008140000000000
vn 1.2211360056762299 4.9032841131689011 -3.2719214765706535
v 0.0227845000000000 0.0089290000000000 -0.0024610000000000
vn 3.9899191282000066 -0.0097067468330366 4.8137056086106407
v 0.0229580000000000 0.0044200000000000 0.0011540000000000
vn 2.9294223378163453 0.0079454052666740 5.5211727980939393
v 0.0227020000000000 0.0044200000000000 0.0013260000000000
vn -3.1395106087666611 3.1391773635074767 -0.1143047887354460
v 0.0232400000000000 0.0090000000000000 0.0002860000000000
vn 2.8492306086034627 -2.9664263560574322 1.2889467373606243
v 0.0245050000000000 0.0060000000000000 0.0011350000000000
vn 0.4083040664249178 -2.9622745962777599 3.1001799074115288
v 0.0223620000000000 0.0060000000000000 0.0027260000000000
vn 0.0000000000000000 -6.2831853071795871 0.0000000000000000
v 0.0218770000000000 0.0060000000000000 0.0022870000000000
vn 1.5729892660232727 -0.0120993713742457 6.0773583171027523
v 0.0226910000000000 0.0073130000000000 0.0026620000000000
vn 6.1392978897347863 -0.0014025040443113 1.3117095612594036
v 0.0246890000000000 0.0073130000000000 0.0005770000000000
vn 6.1826935087637178 0.0297984320062654 -1.0918188690508410
v 0.0247070000000000 0.0079690000000000 -0.0004830000000000
vn 0.8498029857707886 0.0395203385340266 -6.2203111970360903
v 0.0223670000000000 0.0079690000000000 -0.0027250000000000
vn 4.5024775498761889 3.7657046699884966 -0.9865785977556284
v 0.0246090000000000 0.0088880000000000 -0.0004240000000000
vn 0.6642567459581299 3.9234243665484430 -4.5102827505164038
v 0.0224040000000000 0.0088880000000000 -0.0026120000000000
vn 4.8644758279912432 -0.0029369806654096 3.9294943081348714
v 0.0231670000000000 0.0044200000000000 0.0009420000000000
vn 0.6195086999811230 -0.0061020484061693 6.2223602580504904
v 0.0221480000000000 0.0044200000000000 0.0014930000000000
vn 0.5249873192547347 6.1968611115725514 -0.4990354364410091
v 0.0239020000000000 0.0090000000000000 -0.0014220000000000
vn 5.1901067694642764 -0.0028062162699813 3.5336469414506526
v 0.0242740000000000 0.0073130000000000 0.0015460000000000
vn 2.2470670350871740 0.0022326795212855 -5.8615803886549127
v 0.0229850000000000 0.0079690000000000 -0.0025680000000000
vn -0.3034639718115805 5.4389197542650338 -3.0913503466870562
v 0.0220620000000000 0.0073390000000000 0.0006220000000000
vn 0.3726338960708035 6.1131836043428045 -0.9483014004206020
v 0.0227210000000000 0.0090000000000000 -0.0022630000000000
vn 2.7791619461454333 -3.4125444901767574 1.4006046338416707
v 0.0233380000000000 0.0060000000000000 0.0006790000000000
vn 0.8723297526052521 -3.4024478311333093 2.9887212510871439
v 0.0224170000000000 0.0060000000000000 0.0014410000000000
vn 3.8039907094445171 -0.0111707878526985 4.9940709829887924
v 0.0236700000000000 0.0073130000000000 0.0021850000000000
vn 3.2650866914746595 4.6905207945764875 -1.6143953270803459
v 0.0242830000000000 0.0089290000000000 -0.0012080000000000
vn 1.5369094062037301 0.6493413905147307 -5.9800348581968370
v 0.0227320000000000 0.0086250000000000 -0.0026510000000000
vn 2.7698113450341157 1.5012583656030030 -5.1926202044507264
v 0.0232746153846154 0.0086905384615385 -0.0024215384615385
vn 5.0578295311517421 1.7055980716343579 -2.7468208059755232
v 0.0244185000000000 0.0086960000000000 -0.0012795000000000
vn 5.9741846629341344 0.7476515774041791 -1.4522147050569687
v 0.0246620000000000 0.0086250000000000 -0.0006910000000000
vn -1.6703978510047317 3.1491426148786452 2.6606969335347364
v 0.0224610000000000 0.0090000000000000 -0.0011870000000000
vn 2.5284991838550219 -2.9663205715076613 1.8403411349513172
v 0.0242250000000000 0.0060000000000000 0.0016160000000000
vn -0.3499169494683024 -0.0018696443197664 6.2678086806168478
v 0.0218460000000000 0.0073130000000000 0.0027460000000000
vn 2.5020017445608067 -0.0206620860528041 5.7577487776278486
v 0.0230940000000000 0.0073130000000000 0.0025230000000000
vn 4.5655798004921468 -0.0197231303228205 4.3085807739594078
v 0.0239960000000000 0.0073130000000000 0.0018920000000000
vn 6.0168594781709315 -0.0148081976478746 1.7940733693027537
v 0.0246360000000000 0.0073130000000000 0.0007830000000000
vn 6.2680734201424499 -0.0023144564354306 0.3485070958937183
v 0.0247460000000000 0.0079690000000000 0.0001540000000000
vn 6.2757824248126299 0.0350770557175019 -0.1615317783662135
v 0.0247490000000000 0.0079690000000000 -0.0000590000000000
vn 0.3592465302967055 0.0052326176346971 -6.2671870179948321
v 0.0221540000000000 0.0079690000000000 -0.0027460000000000
vn -2.7102565575026718 5.4346272173533681 1.5578440965255183
v 0.0225520000000000 0.0073390000000000 -0.0002920000000000
vn -4.6086865351578501 -0.0014766800780351 -2.8892116577712983
v 0.0232230000000000 0.0083500000000000 0.0007670000000000
vn 0.1993198477236204 0.0001036941147420 -5.4391833371671625
v 0.0219470000000000 0.0083500000000000 0.0014420000000000
vn 0.1975768360863460 6.1971364075677702 0.6956171951914124
v 0.0223810000000000 0.0090000000000000 0.0023440000000000
vn 4.6759839412227544 -0.0143108228214291 -4.1885901933430416
v 0.0240450000000000 0.0073130000000000 -0.0018390000000000
vn 4.3150396337105592 -0.0022636973280939 -4.5601702383087872
v 0.0238920000000000 0.0073130000000000 -0.0019960000000000
vn 0.8976531630400808 3.8453281888561182 4.4923520276812683
v 0.0224240000000000 0.0088880000000000 0.0026090000000000
vn 2.1668932258129723 5.6339775198188171 0.9569564185980006
v 0.0242570000000000 0.0089700000000000 0.0011280000000000
vn 5.3624938683768075 1.5187895148606438 2.3933961232414132
v 0.0244590000000000 0.0086960000000000 0.0011995000000000
vn 5.2713251332400510 0.7010775186489869 3.1865421345211438
v 0.0243290000000000 0.0086250000000000 0.0014620000000000
vn 0.5936715317907979 0.7730614993366052 6.1114864077229178
v 0.0222180000000000 0.0086250000000000 0.0027410000000000
vn -1.4699126251733059 3.1415926535897913 -2.7765016253273611
v 0.0223720000000000 0.0090000000000000 0.0012170000000000
vn 0.1329120117558004 -0.0012067709451867 6.2779881886346196
v 0.0220590000000000 0.0079690000000000 0.0027490000000000
vn 2.9407584926278005 -0.0028937779267591 5.5467900487628174
v 0.0232860000000000 0.0079690000000000 0.0024310000000000
vn 4.8978207299862806 0.0106899935021421 3.9264386121480372
v 0.0241420000000000 0.0079690000000000 0.0017250000000000
vn 5.8516333112350631 0.0730378502811636 2.2651961919254706
v 0.0245680000000000 0.0079690000000000 0.0009850000000000
vn -0.1311302128394429 0.0012356521486021 -6.2779554375189548
v 0.0219410000000000 0.0073130000000000 -0.0027490000000000
vn -2.7259467794789662 5.4350560922560680 -1.5307349663757819
v 0.0225540000000000 0.0073390000000000 0.0002900000000000
vn 0.0013383500031893 6.2139121928305228 0.6548542728323227
v 0.0219990000000000 0.0090000000000000 0.0023750000000000
vn 2.6009103134256315 -2.9657508388068385 -1.7362235960967649
v 0.0242880000000000 0.0060000000000000 -0.0015260000000000
vn 3.4033624419700468 0.0226926126679965 5.2742529602260015
v 0.0234830000000000 0.0079690000000000 0.0023160000000000
vn 2.3811114121337829 4.9075767259301948 2.5538144017949911
v 0.0238470000000000 0.0089290000000000 0.0018050000000000
vn 2.3963021825286490 5.6294781265056413 0.4002438839665777
v 0.0244930000000000 0.0089700000000000 0.0003860000000000
vn 5.4045583054515447 1.7361646370835397 1.9300597568471713
v 0.0245993846153846 0.0086905384615385 0.0008582307692308
vn 2.4586938691790636 0.7193803938178491 5.6471785307291595
v 0.0231430000000000 0.0086250000000000 0.0025010000000000
vn -0.3296916300379684 0.6504700142611974 6.1672658068187722
v 0.0218990000000000 0.0086250000000000 0.0027480000000000
vn -0.0000000000000009 -6.2831853071795862 -0.0000000000000002
v 0.0242870000000000 0.0060000000000000 0.0001230000000000
vn 2.9268673308264175 -3.3972774019628007 -1.0631853179773065
v 0.0234090000000000 0.0060000000000000 -0.0005150000000000
vn 0.0000000000000000 -6.2831853071795862 0.0000000000000000
v 0.0231850000000000 0.0060000000000000 -0.0019600000000000
vn 1.2232394307839132 -3.4019439139429410 -2.8630988197409133
v 0.0225860000000000 0.0060000000000000 -0.0013810000000000
vn 1.1053002847716511 0.0573870342195289 6.1792208766604695
v 0.0224830000000000 0.0079690000000000 0.0027070000000000
vn 5.4569963430954402 0.0250499855538017 3.1017872520293137
v 0.0243860000000000 0.0079690000000000 0.0013680000000000
vn 6.0727933757229806 -0.0193748182275037 -1.5894035604211427
v 0.0246620000000000 0.0073130000000000 -0.0006910000000000
vn 5.5463944154555307 -0.0106508472124832 -2.9406757021307266
v 0.0244310000000000 0.0073130000000000 -0.0012860000000000
vn 2.7043118892126152 -0.0153025876145853 -5.6668437920381027
v 0.0231810000000000 0.0073130000000000 -0.0024830000000000
vn 1.3286571871405248 -0.0188618901781960 -6.1350292879086368
v 0.0225770000000000 0.0073130000000000 -0.0026890000000000
vn 1.2260371338145113 4.6038238142391119 3.4528733711749551
v 0.0228140000000000 0.0089290000000000 0.0024510000000000
vn 3.4769093310998418 4.6437321357453971 1.2018406056351827
v 0.0244610000000000 0.0089290000000000 0.0007845000000000
vn 5.5250677825871950 2.3571720380513699 0.9789316987256347
v 0.0246900000000000 0.0087670000000000 0.0004160000000000
vn 1.6903204571003430 1.8181068299979586 5.4333158440401297
v 0.0228515000000000 0.0086960000000000 0.0026000000000000
vn 3.1265954751533664 -2.9652887058623092 0.0664182407796547
v 0.0247490000000000 0.0060000000000000 0.0000550000000000
vn 5.1809279609666623 0.0107449644077791 3.5467316339558614
v 0.0242740000000000 0.0079690000000000 0.0015460000000000
vn 2.2508543688321545 -0.0020969341609790 -5.8601165416616841
v 0.0229850000000000 0.0073130000000000 -0.0025680000000000
vn -0.0666815366672129 2.3482895571364155 5.6079166008278261
v 0.0219990000000000 0.0087670000000000 0.0027220000000000
vn 0.0050338487191821 5.6257144222889179 2.4373548312651354
v 0.0219990000000000 0.0089700000000000 0.0025230000000000
vn 4.6160091265643555 2.2941972726851181 3.2674826094146154
v 0.0242170000000000 0.0087670000000000 0.0015790000000000
vn 3.9245372707940041 0.0138665659018465 -4.8667414317381956
v 0.0229420000000000 0.0044200000000000 -0.0011670000000000
vn 3.1037420471669028 -3.4020598440865646 -0.2429916166133424
v 0.0234960000000000 0.0060000000000000 -0.0001150000000000
vn 0.3906295307968650 -3.3990199048962633 -3.0890546731087287
v 0.0221910000000000 0.0060000000000000 -0.0014880000000000
vn 2.0352223150074131 0.0400779964334182 5.9386747047606541
v 0.0228950000000000 0.0079690000000000 0.0026000000000000
vn 6.2211173263753539 0.0080061744374621 0.8504522585838457
v 0.0247250000000000 0.0079690000000000 0.0003670000000000
vn 6.2470992657710731 -0.0116906158307757 -0.6144753617460758
v 0.0247370000000000 0.0073130000000000 -0.0002720000000000
vn 2.3677937579993120 2.6285567250685964 4.8198118193134691
v 0.0232730000000000 0.0087670000000000 0.0024060000000000
vn 3.7295654024928551 2.5796470056971317 3.8534351218443996
v 0.0239470000000000 0.0087670000000000 0.0019030000000000
vn 4.7354673215198639 0.7984197957797071 3.9108126260907881
v 0.0241440000000000 0.0086250000000000 0.0017220000000000
vn 3.0747599904983516 -2.9660287106533483 -0.5702647639965910
v 0.0247040000000000 0.0060000000000000 -0.0005000000000000
vn 0.5407053413251028 -2.9655935510188494 -3.0802502087311865
v 0.0224710000000000 0.0060000000000000 -0.0027090000000000
vn 0.0000000000000000 -6.2831853071795862 0.0000000000000009
v 0.0221230000000000 0.0060000000000000 -0.0022870000000000
vn 0.6385739967713807 0.0248359666834203 6.2440280336675666
v 0.0222720000000000 0.0079690000000000 0.0027370000000000
vn 5.6737926725154804 0.0707753288715696 2.6848138726549826
v 0.0244830000000000 0.0079690000000000 0.0011810000000000
vn 5.9394629780451433 -0.0164429281006758 -2.0349577039979443
v 0.0246000000000000 0.0073130000000000 -0.0008950000000000
vn 5.7614725787253489 -0.0022452999748770 -2.4947277872481650
v 0.0245230000000000 0.0073130000000000 -0.0010940000000000
vn 1.7724672394678003 -0.0272429329328087 -6.0228683585124054
v 0.0227830000000000 0.0073130000000000 -0.0026360000000000
vn 1.4270558343396134 4.8998759363736824 3.1845069541713049
v 0.0232080000000000 0.0089290000000000 0.0022830000000000
vn 1.9640588833933872 5.6290728361442479 1.4341690939542049
v 0.0240550000000000 0.0089700000000000 0.0014630000000000
vn 4.3473304262605570 4.1843119350968330 0.7991573826857853
v 0.0246120000000000 0.0088880000000000 0.0004040000000000
vn 6.0008650792867666 0.7123610361195206 1.3845964029459867
v 0.0246890000000000 0.0086250000000000 0.0005770000000000
vn -0.0000000000000015 -6.2831853071795880 0.0000000000000015
v 0.0235520000000000 0.0060000000000000 -0.0012660000000000
vn -0.0978171649944514 -2.9639794861766005 -3.1253862338104228
v 0.0219160000000000 0.0060000000000000 -0.0027490000000000
vn 2.4041550112261465 0.7682577785128022 -5.6529249816401475
v 0.0230350000000000 0.0086250000000000 -0.0025480000000000
vn 5.7002623894659239 0.6905743485835456 -2.3360249293853981
v 0.0245640000000000 0.0086250000000000 -0.0009950000000000
vn 2.0467621067295134 -0.0005474812435700 5.9358900724217509
v 0.0228950000000000 0.0073130000000000 0.0026000000000000
vn 6.2238519197742859 -0.0276370159747230 0.8259726714044626
v 0.0247250000000000 0.0073130000000000 0.0003670000000000
vn 6.2454888442505521 0.0761487275049994 -0.6030538230730578
v 0.0247370000000000 0.0079690000000000 -0.0002720000000000
vn 5.9905940232551442 0.0146968835376582 1.7910413005683317
v 0.0234380000000000 0.0044200000000000 0.0004270000000000
vn 5.2922314542328195 0.0770517056258215 -3.3713406251440583
v 0.0243160000000000 0.0079690000000000 -0.0014830000000000
vn 3.5279455937890232 0.0683731637248330 -5.1911741964963483
v 0.0235460000000000 0.0079690000000000 -0.0022740000000000
# 1612 vertices, 0 vertices normals


usemtl material_0
vt 0.4713720083236694 0.3834919929504395
vt 0.4365290105342865 0.3834919929504395
vt 0.4521490037441254 0.3855479955673218
f 7/1/7 6/2/6 78/3/78
vt 0.4667040109634399 0.3915770053863525
f 27/1/27 7/3/7 71/4/71
vt 0.4792029857635498 0.4011679887771606
vt 0.4887939989566803 0.4136669933795929
f 1/5/1 109/6/109 117/1/117
f 1/4/1 134/5/134 109/1/109
vt 0.3910059928894043 0.4627079963684082
vt 0.3988359868526459 0.4450320005416870
vt 0.3814150094985962 0.4752070009708405
f 17/7/17 115/8/115 143/9/143
vt 0.4035049974918365 0.4531170129776001
f 115/10/115 117/8/117 143/7/143
vt 0.4180600047111511 0.4470880031585693
f 1/8/1 117/10/117 115/11/115
vt 0.4336799979209900 0.4450320005416870
f 17/8/17 19/11/19 88/12/88
vt 0.4203639924526215 0.3677470088005066
vt 0.4183079898357391 0.3521269857883453
vt 0.4089719951152802 0.3521269857883453
f 121/13/121 150/14/150 13/15/13
vt 0.4203639924526215 0.3365069925785065
f 10/16/10 19/15/19 6/14/6
vt 0.4263930022716522 0.3823019862174988
f 88/17/88 19/13/19 10/15/10
vt 0.4263930022716522 0.3219519853591919
f 10/15/10 6/16/6 38/18/38
vt 0.3988359868526459 0.5462669730186462
vt 0.3910059928894043 0.5285909771919250
vt 0.3814150094985962 0.5160920023918152
f 27/19/27 71/20/71 30/21/30
vt 0.4035049974918365 0.5381820201873779
f 29/22/29 68/20/68 27/19/27
vt 0.4336799979209900 0.5462669730186462
vt 0.4180600047111511 0.5442109704017639
f 68/19/68 7/23/7 27/24/27
f 29/19/29 27/24/27 122/22/122
vt 0.4713720083236694 0.3521269857883453
vt 0.4667040109634399 0.3440409898757935
vt 0.4521490037441254 0.3500699996948242
f 37/25/37 121/26/121 13/27/13
vt 0.4365290105342865 0.3521269857883453
f 9/25/9 31/27/31 67/28/67
vt 0.4887939989566803 0.3219519853591919
vt 0.4792029857635498 0.3344500064849854
f 67/29/67 31/30/31 73/25/73
f 866/26/866 996/25/996 997/30/997
vt 0.3988359868526459 0.3521269857883453
vt 0.3874439895153046 0.3677470088005066
vt 0.3814150094985962 0.3823019862174988
f 906/31/906 73/32/73 982/33/982
vt 0.3894999921321869 0.3521269857883453
vt 0.3874439895153046 0.3365069925785065
f 28/34/28 73/31/73 906/35/906
vt 0.3814150094985962 0.3219519853591919
f 995/36/995 996/35/996 866/31/866
f 866/32/866 997/31/997 994/34/994
vt 0.5645740032196045 0.6793040037155151
vt 0.5497360229492188 0.6699879765510559
vt 0.5452229976654053 0.6892970204353333
f 994/37/994 997/38/997 980/39/980
vt 0.5779579877853394 0.6909149885177612
f 950/39/950 1079/40/1079 1017/37/1017
vt 0.5779849886894226 0.7218499779701233
f 884/39/884 1023/41/1023 1081/40/1081
vt 0.5150380134582520 0.6583129763603210
vt 0.5327540040016174 0.6627290248870850
f 1019/42/1019 888/39/888 952/43/952
vt 0.4796999990940094 0.6892970204353333
vt 0.4960809946060181 0.7014369964599609
f 952/44/952 888/45/888 821/39/821
vt 0.5161970257759094 0.7129769921302795
f 1017/39/1017 1079/45/1079 927/46/927
f 1018/39/1018 953/38/953 760/43/760
f 904/39/904 908/42/908 981/44/981
vt 0.5893769860267639 0.7044399976730347
f 980/47/980 908/40/908 904/41/904
vt 0.6052730083465576 0.7358989715576172
vt 0.5985550284385681 0.7195559740066528
f 949/48/949 888/49/888 1019/41/1019
vt 0.6093699932098389 0.7530779838562012
vt 0.5779849886894226 0.7869549989700317
f 949/50/949 981/41/981 888/51/888
vt 0.5564309954643250 0.7360579967498779
vt 0.5564309954643250 0.7591379880905151
f 1036/41/1036 1081/52/1081 1079/53/1079
f 1020/53/1020 950/51/950 1017/41/1017
vt 0.5363140106201172 0.7245169878005981
f 951/46/951 1017/54/1017 1018/39/1018
f 116/54/116 89/41/89 142/39/142
f 16/41/16 714/54/714 18/52/18
f 16/41/16 18/50/18 114/48/114
f 114/49/114 18/47/18 89/41/89
vt 0.4960809946060181 0.6567450165748596
vt 0.4783670008182526 0.6581130027770996
f 109/44/109 136/55/136 45/56/45
vt 0.4469380080699921 0.6892970204353333
vt 0.4610779881477356 0.6621829867362976
f 133/57/133 116/44/116 108/58/108
f 141/56/141 116/58/116 133/44/133
f 141/44/141 89/42/89 116/55/116
vt 0.4446299970149994 0.6688579916954041
vt 0.4294170141220093 0.6779779791831970
f 135/57/135 81/59/81 136/60/136
vt 0.4041190147399902 0.7026219964027405
vt 0.4141759872436523 0.7218499779701233
vt 0.4158039987087250 0.6893240213394165
f 135/61/135 109/62/109 134/63/134
f 1579/63/1579 1561/62/1561 1546/57/1546
f 286/60/286 293/63/293 327/57/327
f 533/57/533 293/58/293 286/59/286
vt 0.4759640097618103 0.7129769921302795
f 532/64/532 292/44/292 291/57/291
vt 0.4558469951152802 0.7245169878005981
f 327/57/327 535/62/535 199/65/199
vt 0.4357300102710724 0.7591379880905151
vt 0.4357300102710724 0.7360579967498779
f 286/62/286 327/66/327 199/67/199
f 291/62/291 290/67/290 631/65/631
vt 0.3874369859695435 0.7342389822006226
vt 0.3947429955005646 0.7173659801483154
f 1579/68/1579 453/62/453 1561/69/1561
f 1581/62/1581 1590/61/1590 1545/69/1545
vt 0.4141759872436523 0.7869549989700317
f 1589/70/1589 1346/66/1346 1332/62/1332
vt 0.3829930126667023 0.7518420219421387
f 1581/62/1581 1589/68/1589 1332/71/1332
vt 0.3814150094985962 0.7706779837608337
f 1456/72/1456 1526/70/1526 1606/71/1606
f 287/70/287 276/62/276 301/71/301
f 244/65/244 301/64/301 277/57/277
f 323/44/323 527/64/527 276/45/276
vt 0.6107460260391235 0.7706779837608337
f 1572/73/1572 1365/50/1365 1539/51/1539
vt 0.6047239899635315 0.8071169853210449
vt 0.6091690063476562 0.7895140051841736
f 1580/74/1580 1554/75/1554 435/51/435
vt 0.5564309954643250 0.7822189927101135
f 1483/53/1483 1554/76/1554 1580/51/1580
vt 0.5779849886894226 0.8195070028305054
f 1352/77/1352 1351/74/1351 1599/51/1599
vt 0.5974180102348328 0.8239910006523132
f 1352/78/1352 1358/74/1358 1351/77/1351
vt 0.5564309954643250 0.8052989840507507
f 1436/79/1436 1415/51/1415 1452/76/1452
vt 0.5363140106201172 0.8168389797210693
vt 0.5452229976654053 0.8520590066909790
f 1557/77/1557 1356/80/1356 1358/81/1358
f 1557/79/1557 1358/80/1358 1352/77/1352
f 1600/79/1600 1356/77/1356 1557/51/1557
vt 0.5880420207977295 0.8387339711189270
f 1543/82/1543 1469/78/1469 1357/77/1357
f 1558/75/1558 1350/73/1350 1573/51/1573
vt 0.5763570070266724 0.8520330190658569
f 1448/81/1448 1405/83/1405 1336/77/1336
vt 0.5627440214157104 0.8633790016174316
f 1448/84/1448 1336/83/1336 1558/81/1558
vt 0.5475320219993591 0.8724979758262634
f 1437/85/1437 1375/84/1375 1405/81/1405
vt 0.5161970257759094 0.8283799886703491
vt 0.4960809946060181 0.8399199843406677
f 1391/81/1391 1372/86/1372 1371/87/1371
vt 0.4960809946060181 0.8846120238304138
vt 0.5137950181961060 0.8832439780235291
vt 0.4796999990940094 0.8520590066909790
f 1459/88/1459 1524/89/1524 1605/90/1605
vt 0.5310829877853394 0.8791739940643311
f 1459/85/1459 1523/81/1523 1451/91/1451
f 306/91/306 492/81/492 362/89/362
f 306/86/306 601/81/601 492/80/492
f 306/89/306 362/81/362 361/90/361
f 164/83/164 308/82/308 582/77/582
vt 0.4357300102710724 0.8052989840507507
vt 0.4357300102710724 0.7822189927101135
f 212/70/212 230/92/230 399/93/399
vt 0.4469380080699921 0.8520590066909790
vt 0.4558469951152802 0.8168389797210693
vt 0.4141759872436523 0.8195070028305054
f 164/94/164 583/95/583 308/96/308
f 628/96/628 326/95/326 281/92/281
vt 0.3827910125255585 0.7882789969444275
f 1522/70/1522 1384/72/1384 1498/97/1498
vt 0.3868879973888397 0.8054569959640503
f 1522/98/1522 1428/70/1428 1384/97/1384
vt 0.3936060070991516 0.8218010067939758
f 1438/99/1438 1377/96/1377 1518/98/1518
f 1402/70/1402 1514/98/1514 1428/96/1428
vt 0.4027839899063110 0.8369160294532776
f 1369/96/1369 1418/99/1418 1514/100/1514
f 1499/96/1499 1518/92/1518 1429/70/1429
vt 0.4759640097618103 0.8283799886703491
f 1499/101/1499 1429/95/1429 1457/94/1457
f 579/93/579 227/66/227 198/70/198
vt 0.4594070017337799 0.8786270022392273
f 1449/94/1449 1406/102/1406 1377/90/1377
vt 0.4771240055561066 0.8830440044403076
f 393/103/393 198/90/198 1406/102/1406
f 393/90/393 1406/103/1406 1449/88/1449
f 490/90/490 227/87/227 579/101/579
vt 0.4142029881477356 0.8504419922828674
f 394/104/394 486/96/486 490/100/490
vt 0.4275870025157928 0.8620520234107971
vt 0.4424250125885010 0.8713690042495728
f 394/105/394 487/106/487 486/94/486
f 628/102/628 443/94/443 533/106/533
f 395/104/395 228/105/228 487/94/487
f 395/96/395 487/104/487 394/94/394
f 580/90/580 489/101/489 488/94/488
f 580/87/580 488/90/488 396/81/396
vt 0.5564529895782471 0.3972319960594177
vt 0.5352020263671875 0.3897419869899750
vt 0.5505489706993103 0.3678140044212341
f 211/107/211 228/108/228 395/109/395
vt 0.5951120257377625 0.4083679914474487
vt 0.5848649740219116 0.4251269996166229
f 396/110/396 488/111/488 593/107/593
vt 0.5943880081176758 0.3595069944858551
f 491/107/491 347/109/347 489/112/489
vt 0.5246080160140991 0.4142920076847076
f 665/113/665 437/108/437 577/107/577
vt 0.5192000269889832 0.4404619932174683
f 665/114/665 577/113/577 360/107/360
vt 0.5564529895782471 0.4726819992065430
vt 0.5795440077781677 0.4440129995346069
f 629/115/629 661/107/661 437/116/437
f 629/116/629 437/107/437 665/111/665
f 1020/114/1020 1017/107/1017 951/115/951
vt 0.5700200200080872 0.3494069874286652
f 289/117/289 661/112/661 629/109/629
f 289/107/289 436/112/436 661/110/661
vt 0.6180099844932556 0.3259969949722290
vt 0.5928180217742920 0.3352760076522827
f 289/118/289 533/112/533 529/119/529
vt 0.6445649862289429 0.3219519853591919
vt 0.6702569723129272 0.3595069944858551
f 289/120/289 529/121/529 279/118/279
f 530/118/530 529/121/529 286/112/286
vt 0.6095259785652161 0.3949809968471527
f 141/112/141 114/122/114 89/110/89
vt 0.6463479995727539 0.3819670081138611
vt 0.6270380020141602 0.3859579861164093
f 530/123/530 286/124/286 199/112/199
f 244/124/244 279/122/279 529/112/529
f 530/112/530 244/121/244 529/123/529
f 531/119/531 530/112/530 199/117/199
vt 0.5246080160140991 0.4933469891548157
vt 0.5192000269889832 0.4671779870986938
f 531/115/531 199/125/199 292/126/292
vt 0.5564529895782471 0.5104069709777832
f 287/127/287 244/125/244 530/115/530
f 531/114/531 287/115/287 530/126/530
vt 0.5795440077781677 0.4636259973049164
f 288/115/288 292/116/292 532/128/532
vt 0.5848649740219116 0.4825130105018616
f 323/115/323 287/129/287 531/127/531
vt 0.5505489706993103 0.5398250222206116
vt 0.5352020263671875 0.5178980231285095
f 288/127/288 323/130/323 531/131/531
vt 0.5700200200080872 0.5582320094108582
vt 0.5943880081176758 0.5481320023536682
f 627/132/627 624/130/624 527/133/527
f 627/130/627 288/127/288 532/133/532
f 627/127/627 532/131/532 631/125/631
f 627/128/627 323/129/323 288/115/288
vt 0.5951120257377625 0.4992710053920746
f 664/127/664 627/134/627 631/133/631
vt 0.6095259785652161 0.5126579999923706
vt 0.6270380020141602 0.5216820240020752
f 664/133/664 452/135/452 627/136/627
f 1472/133/1472 664/134/664 453/135/453
vt 0.6180099844932556 0.5816419720649719
vt 0.5928180217742920 0.5723639726638794
f 1472/137/1472 453/138/453 1579/133/1579
f 1580/133/1580 452/138/452 664/132/664
vt 0.6702569723129272 0.5481320023536682
f 1542/133/1542 1472/139/1472 1579/137/1579
vt 0.6463479995727539 0.5256720185279846
f 1542/140/1542 1579/133/1579 1486/136/1486
vt 0.6445649862289429 0.5856879949569702
f 1542/137/1542 1483/139/1483 1472/141/1472
f 1341/139/1341 1599/133/1599 1588/140/1588
f 1341/134/1341 1588/127/1588 1346/129/1346
vt 0.6974020004272461 0.3300009965896606
vt 0.6713950037956238 0.3233050107955933
f 1557/142/1557 1346/121/1346 1589/143/1589
vt 0.6660240292549133 0.3833050131797791
f 1473/123/1473 1557/121/1557 1589/144/1589
vt 0.7081919908523560 0.3595069944858551
f 1473/121/1473 1589/142/1589 1581/145/1581
vt 0.7215210199356079 0.3417670130729675
f 1573/146/1573 1350/145/1350 1469/142/1469
vt 0.6846079826354980 0.3898740112781525
f 1473/147/1473 1600/121/1600 1557/145/1557
f 1484/121/1484 1473/147/1473 1581/144/1581
vt 0.7007210254669189 0.4011839926242828
vt 0.7461259961128235 0.3972319960594177
vt 0.7131670117378235 0.4163990020751953
f 1484/148/1484 1581/149/1581 1544/150/1544
f 1601/148/1601 1559/147/1559 1574/145/1574
f 1409/149/1409 1601/148/1601 1574/145/1574
f 1510/143/1510 1409/121/1409 1436/120/1436
vt 0.7427650094032288 0.3581199944019318
f 1510/145/1510 1436/151/1436 1452/149/1452
vt 0.7733010053634644 0.4017499983310699
vt 0.7602630257606506 0.3783909976482391
f 1437/152/1437 1448/149/1448 1409/153/1409
f 1426/151/1426 1525/153/1525 1391/149/1391
vt 0.7210249900817871 0.4343889951705933
f 1369/150/1369 1426/149/1426 1391/154/1391
vt 0.7461259961128235 0.4726819992065430
f 1387/154/1387 1371/149/1371 1390/155/1390
vt 0.7813429832458496 0.4272409975528717
f 1387/155/1387 1403/149/1403 1369/156/1369
f 1458/156/1458 1387/149/1387 1390/152/1390
vt 0.7237100005149841 0.4538199901580811
f 1458/154/1458 1390/155/1390 1524/157/1524
f 1403/151/1403 1454/145/1454 1418/146/1418
vt 0.6660240292549133 0.5243340134620667
vt 0.6846079826354980 0.5177659988403320
f 1457/139/1457 1403/158/1403 1387/159/1387
vt 0.7461259961128235 0.5104069709777832
vt 0.7081919908523560 0.5481320023536682
vt 0.7007210254669189 0.5064550042152405
f 121/160/121 8/161/8 149/162/149
f 1499/161/1499 1458/159/1458 1524/162/1524
vt 0.6713950037956238 0.5843350291252136
f 1499/139/1499 1524/163/1524 1459/141/1459
vt 0.6974020004272461 0.5776379704475403
f 1511/164/1511 1459/163/1459 1451/139/1451
vt 0.7215210199356079 0.5658730268478394
f 1410/165/1410 1511/164/1511 1451/161/1451
f 161/139/161 1410/161/1410 1439/164/1439
f 1410/161/1410 1451/139/1451 1439/159/1439
vt 0.7131670117378235 0.4912399947643280
f 161/160/161 1439/162/1439 168/166/168
f 393/158/393 1449/139/1449 1410/140/1410
f 161/160/161 393/166/393 1410/155/1410
vt 0.7210249900817871 0.4732509851455688
f 162/155/162 161/167/161 168/157/168
vt 0.7840610146522522 0.4538199901580811
vt 0.7813429832458496 0.4803990125656128
f 579/155/579 393/168/393 161/169/161
f 307/155/307 162/156/162 601/168/601
vt 0.7733010053634644 0.5058889985084534
f 307/169/307 601/170/601 306/155/306
vt 0.7427650094032288 0.5495200157165527
f 490/171/490 579/165/579 162/161/162
vt 0.7602630257606506 0.5292479991912842
f 307/172/307 490/160/490 162/170/162
f 394/155/394 306/170/306 361/160/361
f 183/171/183 394/160/394 361/172/361
f 183/161/183 395/160/395 394/171/394
f 473/155/473 229/166/229 212/167/212
vt 0.0110259996727109 0.2891690135002136
vt 0.0000000000000000 0.2891690135002136
vt 0.0000000000000000 0.2578510046005249
f 473/173/473 211/174/211 183/175/183
vt 0.0110259996727109 0.2578510046005249
f 1079/175/1079 1081/176/1081 1039/173/1039
vt 0.0220519993454218 0.2891690135002136
f 396/177/396 212/173/212 399/176/399
vt 0.0220519993454218 0.2578510046005249
f 396/176/396 211/178/211 473/177/473
vt 0.0326379984617233 0.2891690135002136
f 163/179/163 396/177/396 399/178/399
vt 0.0326379984617233 0.2578510046005249
f 491/178/491 580/180/580 163/179/163
vt 0.0432239994406700 0.2891690135002136
f 397/181/397 491/179/491 164/180/164
vt 0.0432239994406700 0.2578510046005249
f 1588/180/1588 1333/182/1333 1346/181/1346
vt 0.0539389997720718 0.2891690135002136
f 665/183/665 600/181/600 326/182/326
vt 0.0539389997720718 0.2578510046005249
f 442/182/442 665/184/665 326/183/326
vt 0.0646540001034737 0.2891690135002136
f 442/185/442 326/183/326 628/184/628
vt 0.0646540001034737 0.2578510046005249
f 442/184/442 628/186/628 289/185/289
vt 0.0748260021209717 0.2891690135002136
f 289/187/289 628/185/628 533/186/533
vt 0.0748260021209717 0.2578510046005249
f 442/186/442 289/188/289 629/187/629
vt 0.0849979966878891 0.2891690135002136
f 1360/189/1360 1404/187/1404 1342/188/1342
vt 0.0849979966878891 0.2578510046005249
f 1360/188/1360 1373/190/1373 1404/189/1404
vt 0.0952949970960617 0.2891690135002136
f 1388/191/1388 1355/189/1355 1349/190/1349
vt 0.0952949970960617 0.2578510046005249
f 1517/190/1517 1364/192/1364 1354/191/1354
vt 0.1055919975042343 0.2891690135002136
f 547/193/547 660/191/660 659/192/659
vt 0.1055919975042343 0.2578510046005249
f 1389/192/1389 1354/194/1354 1347/193/1347
vt 0.1158889979124069 0.2891690135002136
f 1388/195/1388 1349/193/1349 1553/194/1553
vt 0.1158889979124069 0.2578510046005249
f 1329/194/1329 1373/196/1373 1360/195/1360
vt 0.1261859983205795 0.2891690135002136
f 1329/197/1329 1348/195/1348 1373/196/1373
vt 0.1261859983205795 0.2578510046005249
f 1389/196/1389 1347/198/1347 1355/197/1355
vt 0.1364829987287521 0.2891690135002136
f 337/199/337 659/197/659 274/198/274
vt 0.1364829987287521 0.2578510046005249
f 1382/198/1382 1364/200/1364 1517/199/1517
vt 0.1467790007591248 0.2891690135002136
f 1517/201/1517 1354/199/1354 1389/200/1389
vt 0.1467790007591248 0.2578510046005249
f 1382/200/1382 274/202/274 1364/201/1364
vt 0.1570760011672974 0.2891690135002136
f 547/203/547 659/201/659 337/202/337
vt 0.1570760011672974 0.2578510046005249
f 644/202/644 197/204/197 412/203/412
vt 0.1673730015754700 0.2891690135002136
f 412/205/412 197/203/197 526/204/526
vt 0.1673730015754700 0.2578510046005249
f 427/204/427 242/206/242 346/205/346
vt 0.1776700019836426 0.2891690135002136
f 1018/207/1018 1017/205/1017 953/206/953
vt 0.1776700019836426 0.2578510046005249
f 1468/206/1468 1383/208/1383 1393/207/1393
vt 0.1879670023918152 0.2891690135002136
f 614/209/614 242/207/242 427/208/427
vt 0.1879670023918152 0.2578510046005249
f 613/208/613 346/210/346 226/209/226
vt 0.1982640027999878 0.2891690135002136
f 613/211/613 196/209/196 644/210/644
vt 0.1982640027999878 0.2578510046005249
f 613/210/613 226/212/226 196/211/196
vt 0.2085610032081604 0.2891690135002136
f 427/213/427 346/211/346 613/212/613
vt 0.2085610032081604 0.2578510046005249
f 511/212/511 242/214/242 614/213/614
vt 0.2195869982242584 0.2891690135002136
f 1343/215/1343 1374/213/1374 1361/214/1361
vt 0.2195869982242584 0.2578510046005249
f 1343/214/1343 1427/216/1427 1374/215/1374
vt 0.2306129932403564 0.2891690135002136
f 1343/217/1343 1393/215/1393 1427/216/1427
vt 0.2306129932403564 0.2578510046005249
f 1431/216/1431 1342/218/1342 1536/217/1536
vt 0.2411990016698837 0.2891690135002136
f 1431/219/1431 1329/217/1329 1360/218/1360
vt 0.2411990016698837 0.2578510046005249
f 1431/218/1431 1553/220/1553 1329/219/1329
vt 0.2517850100994110 0.2891690135002136
f 1431/221/1431 1389/219/1389 1388/220/1388
vt 0.2517850100994110 0.2578510046005249
f 1431/220/1431 1382/222/1382 1517/221/1517
vt 0.2624999880790710 0.2891690135002136
f 1431/223/1431 547/221/547 337/222/337
vt 0.2624999880790710 0.2578510046005249
f 1431/222/1431 1388/224/1388 1553/223/1553
vt 0.2732149958610535 0.2891690135002136
f 1431/225/1431 338/223/338 547/224/547
vt 0.2732149958610535 0.2578510046005249
f 1431/224/1431 412/226/412 338/225/338
vt 0.2833870053291321 0.2891690135002136
f 1431/227/1431 337/225/337 1382/226/1382
vt 0.2833870053291321 0.2578510046005249
f 1431/226/1431 427/228/427 613/227/613
vt 0.2935590147972107 0.2891690135002136
f 1431/229/1431 614/227/614 427/228/427
vt 0.2935590147972107 0.2578510046005249
f 412/228/412 526/230/526 660/229/660
vt 0.3038559854030609 0.2891690135002136
f 1431/231/1431 511/229/511 614/230/614
vt 0.3038559854030609 0.2578510046005249
f 1431/230/1431 1343/232/1343 1361/231/1361
vt 0.3141529858112335 0.2891690135002136
f 1538/233/1538 1537/231/1537 1347/232/1347
vt 0.3141529858112335 0.2578510046005249
f 1537/232/1537 1335/234/1335 1347/233/1347
vt 0.3244499862194061 0.2891690135002136
f 1538/235/1538 1477/233/1477 1547/234/1547
vt 0.3244499862194061 0.2578510046005249
f 1373/234/1373 1502/236/1502 1461/235/1461
vt 0.3347469866275787 0.2891690135002136
f 1370/237/1370 1461/235/1461 1453/236/1453
vt 0.3347469866275787 0.2578510046005249
f 1537/236/1537 1502/238/1502 1373/237/1373
vt 0.3450439870357513 0.2891690135002136
f 1330/239/1330 1374/237/1374 225/238/225
vt 0.3450439870357513 0.2578510046005249
f 1537/238/1537 1487/240/1487 1476/239/1476
vt 0.3553409874439240 0.2891690135002136
f 1537/241/1537 1373/239/1373 1335/240/1335
vt 0.3553409874439240 0.2578510046005249
f 1537/240/1537 1476/242/1476 1502/241/1502
vt 0.3656370043754578 0.2891690135002136
f 1460/243/1460 1393/241/1393 1370/242/1370
vt 0.3656370043754578 0.2578510046005249
f 1460/242/1460 1417/244/1417 1393/243/1393
vt 0.3759340047836304 0.2891690135002136
f 1460/245/1460 1455/243/1455 1527/244/1527
vt 0.3759340047836304 0.2578510046005249
f 1460/244/1460 1370/246/1370 1455/245/1455
vt 0.3862310051918030 0.2891690135002136
f 1370/247/1370 1393/245/1393 1398/246/1398
vt 0.3862310051918030 0.2578510046005249
f 1370/246/1370 1453/248/1453 1455/247/1455
vt 0.3965280055999756 0.2891690135002136
f 184/249/184 1460/247/1460 358/248/358
vt 0.3965280055999756 0.2578510046005249
f 184/248/184 560/250/560 224/249/224
vt 0.4068250060081482 0.2891690135002136
f 184/251/184 358/249/358 177/250/177
vt 0.4068250060081482 0.2578510046005249
f 1460/250/1460 501/252/501 358/251/358
vt 0.4171220064163208 0.2891690135002136
f 1460/253/1460 224/251/224 1417/252/1417
vt 0.4171220064163208 0.2578510046005249
f 196/252/196 502/254/502 371/253/371
vt 0.4281480014324188 0.2891690135002136
f 396/255/396 593/253/593 211/254/211
vt 0.4281480014324188 0.2578510046005249
f 645/254/645 275/256/275 196/255/196
vt 0.4391739964485168 0.2891690135002136
f 184/257/184 196/255/196 560/256/560
vt 0.4391739964485168 0.2578510046005249
f 184/256/184 177/258/177 502/257/502
vt 0.4497599899768829 0.2891690135002136
f 645/259/645 464/257/464 1538/258/1538
vt 0.4497599899768829 0.2578510046005249
f 1538/258/1538 1334/260/1334 659/259/659
vt 0.4603469967842102 0.2891690135002136
f 1538/261/1538 464/259/464 1477/260/1477
vt 0.4603469967842102 0.2578510046005249
f 645/260/645 543/262/543 464/261/464
vt 0.4710609912872314 0.2891690135002136
f 645/263/645 659/261/659 275/262/275
vt 0.4710609912872314 0.2578510046005249
f 645/262/645 678/264/678 543/263/543
vt 0.4817759990692139 0.2891690135002136
f 820/265/820 1037/263/1037 885/264/885
vt 0.4817759990692139 0.2578510046005249
f 820/264/820 1035/266/1035 1080/265/1080
vt 0.4919480085372925 0.2891690135002136
f 1553/267/1553 1348/265/1348 1329/266/1329
vt 0.4919480085372925 0.2578510046005249
f 904/266/904 1021/268/1021 1068/267/1068
vt 0.5021200180053711 0.2891690135002136
f 949/269/949 1021/267/1021 904/268/904
vt 0.5021200180053711 0.2578510046005249
f 31/268/31 13/270/13 39/269/39
vt 0.5124170184135437 0.2891690135002136
f 949/271/949 1019/269/1019 1021/270/1021
vt 0.5124170184135437 0.2578510046005249
f 1019/270/1019 885/272/885 1021/271/1021
vt 0.5227140188217163 0.2891690135002136
f 1036/273/1036 1080/271/1080 1035/272/1035
vt 0.5227140188217163 0.2578510046005249
f 1020/272/1020 887/274/887 950/273/950
vt 0.5330110192298889 0.2891690135002136
f 1020/275/1020 951/273/951 886/274/886
vt 0.5330110192298889 0.2578510046005249
f 820/274/820 1080/276/1080 1037/275/1037
vt 0.5433080196380615 0.2891690135002136
f 1020/277/1020 886/275/886 887/276/887
vt 0.5433080196380615 0.2578510046005249
f 980/276/980 904/278/904 1068/277/1068
vt 0.5536050200462341 0.2891690135002136
f 994/279/994 980/277/980 1068/278/1068
vt 0.5536050200462341 0.2578510046005249
f 867/278/867 994/280/994 1068/279/1068
vt 0.5639020204544067 0.2891690135002136
f 1288/281/1288 905/279/905 995/280/995
vt 0.5639020204544067 0.2578510046005249
f 1449/280/1449 1377/282/1377 1438/281/1438
vt 0.5741990208625793 0.2891690135002136
f 1067/283/1067 69/281/69 906/282/906
vt 0.5741990208625793 0.2578510046005249
f 867/282/867 1288/284/1288 995/283/995
vt 0.5844960212707520 0.2891690135002136
f 1067/285/1067 906/283/906 1288/284/1288
vt 0.5844960212707520 0.2578510046005249
f 16/284/16 53/286/53 714/285/714
vt 0.5947930216789246 0.2891690135002136
f 16/287/16 52/285/52 53/286/53
vt 0.5947930216789246 0.2578510046005249
f 141/286/141 107/288/107 5/287/5
vt 0.6050890088081360 0.2891690135002136
f 141/289/141 5/287/5 52/288/52
vt 0.6050890088081360 0.2578510046005249
f 106/288/106 107/290/107 133/289/133
vt 0.6153860092163086 0.2891690135002136
f 81/291/81 82/289/82 106/290/106
vt 0.6153860092163086 0.2578510046005249
f 135/290/135 82/292/82 81/291/81
vt 0.6256830096244812 0.2891690135002136
f 1/293/1 51/291/51 134/292/134
vt 0.6256830096244812 0.2578510046005249
f 135/292/135 51/294/51 82/293/82
vt 0.6367089748382568 0.2891690135002136
f 11/295/11 38/293/38 68/294/68
vt 0.6367089748382568 0.2578510046005249
f 148/294/148 147/296/147 37/295/37
vt 0.6477349996566772 0.2891690135002136
f 12/297/12 11/295/11 68/296/68
vt 0.6477349996566772 0.2578510046005249
f 12/296/12 122/298/122 148/297/148
vt 0.6583210229873657 0.2891690135002136
f 11/299/11 10/297/10 38/298/38
vt 0.6583210229873657 0.2578510046005249
f 1/298/1 2/300/2 51/299/51
vt 0.6689079999923706 0.2891690135002136
f 17/301/17 2/299/2 115/300/115
vt 0.6689079999923706 0.2578510046005249
f 56/300/56 10/302/10 23/301/23
vt 0.6796230077743530 0.2891690135002136
f 56/303/56 88/301/88 10/302/10
vt 0.6796230077743530 0.2578510046005249
f 148/302/148 123/304/123 93/303/93
vt 0.6903370022773743 0.2891690135002136
f 148/305/148 93/303/93 94/304/94
vt 0.6903370022773743 0.2578510046005249
f 1067/304/1067 93/306/93 123/305/123
vt 0.7005090117454529 0.2891690135002136
f 868/307/868 83/305/83 93/306/93
vt 0.7005090117454529 0.2578510046005249
f 868/306/868 1052/308/1052 83/307/83
vt 0.7106810212135315 0.2891690135002136
f 868/309/868 93/307/93 1067/308/1067
vt 0.7106810212135315 0.2578510046005249
f 868/308/868 867/310/867 1068/309/1068
vt 0.7209780216217041 0.2891690135002136
f 868/311/868 1068/309/1068 1052/310/1052
vt 0.7209780216217041 0.2578510046005249
f 11/310/11 70/312/70 23/311/23
vt 0.7312750220298767 0.2891690135002136
f 12/313/12 148/311/148 94/312/94
vt 0.7312750220298767 0.2578510046005249
f 56/312/56 17/314/17 88/313/88
vt 0.7415720224380493 0.2891690135002136
f 56/315/56 23/313/23 3/314/3
vt 0.7415720224380493 0.2578510046005249
f 51/314/51 2/316/2 57/315/57
vt 0.7518690228462219 0.2891690135002136
f 83/317/83 57/315/57 3/316/3
vt 0.7518690228462219 0.2578510046005249
f 83/316/83 4/318/4 58/317/58
vt 0.7621660232543945 0.2891690135002136
f 1022/319/1022 4/317/4 83/318/83
vt 0.7621660232543945 0.2578510046005249
f 83/318/83 58/320/58 57/319/57
vt 0.7724630236625671 0.2891690135002136
f 82/321/82 51/319/51 58/320/58
vt 0.7724630236625671 0.2578510046005249
f 5/320/5 82/322/82 58/321/58
vt 0.7827600240707397 0.2891690135002136
f 886/323/886 53/321/53 4/322/4
vt 0.7827600240707397 0.2578510046005249
f 53/322/53 5/324/5 4/323/4
vt 0.7930570244789124 0.2891690135002136
f 1038/325/1038 83/323/83 926/324/926
vt 0.7930570244789124 0.2578510046005249
f 1052/324/1052 1068/326/1068 1021/325/1021
vt 0.8033540248870850 0.2891690135002136
f 1022/327/1022 83/325/83 1038/326/1038
vt 0.8033540248870850 0.2578510046005249
f 1038/326/1038 926/328/926 1037/327/1037
vt 0.8136510252952576 0.2891690135002136
f 1038/329/1038 1037/327/1037 1080/328/1080
vt 0.8136510252952576 0.2578510046005249
f 887/328/887 1038/330/1038 1080/329/1080
vt 0.8239480257034302 0.2891690135002136
f 628/331/628 281/329/281 443/330/443
vt 0.8239480257034302 0.2578510046005249
f 1039/330/1039 1024/332/1024 954/331/954
vt 0.8342440128326416 0.2891690135002136
f 426/333/426 534/331/534 562/332/562
vt 0.8342440128326416 0.2578510046005249
f 581/332/581 391/334/391 562/333/562
vt 0.0000000000000000 0.1952160000801086
f 210/176/210 630/175/630 662/335/662
vt 0.0269109997898340 0.1952160000801086
f 426/335/426 324/336/324 534/178/534
f 426/178/426 280/176/280 324/335/324
f 662/336/662 280/182/280 426/180/426
f 714/180/714 833/178/833 834/336/834
vt 0.0538219995796680 0.1952160000801086
f 662/182/662 630/336/630 280/337/280
vt 0.0807330012321472 0.1952160000801086
f 1054/337/1054 1069/338/1069 981/188/981
f 1023/188/1023 1040/186/1040 1083/337/1083
vt 0.1076439991593361 0.1952160000801086
f 1474/338/1474 1337/339/1337 1563/192/1563
f 210/192/210 666/190/666 630/338/630
f 210/190/210 325/188/325 666/338/666
f 1353/186/1353 1490/184/1490 1584/337/1584
vt 0.1345559954643250 0.1952160000801086
vt 0.1614670008420944 0.1952160000801086
f 1353/340/1353 1344/341/1344 1490/204/1490
f 1485/204/1485 1338/202/1338 1337/340/1337
f 1432/339/1432 1362/340/1362 1565/198/1565
f 1582/198/1582 1432/196/1432 1565/339/1565
f 1023/182/1023 952/337/952 1040/184/1040
f 888/339/888 1069/194/1069 928/192/928
vt 0.0154489995911717 0.3204869925975800
f 821/342/821 888/173/888 928/177/928
vt 0.0463469997048378 0.3204869925975800
f 952/179/952 803/181/803 1040/343/1040
vt 0.0308979991823435 0.3204869925975800
f 1081/343/1081 1023/344/1023 1083/179/1083
f 1097/344/1097 715/177/715 1208/179/1208
f 739/174/739 834/173/834 1097/342/1097
vt 0.0000000000000000 0.3204869925975800
f 81/342/81 106/345/106 136/174/136
f 35/340/35 18/202/18 43/200/43
f 59/200/59 108/198/108 20/340/20
f 35/341/35 89/206/89 18/204/18
vt 0.1883780062198639 0.1952160000801086
f 63/208/63 142/346/142 35/210/35
f 35/208/35 142/206/142 89/341/89
f 48/196/48 116/194/116 142/339/142
f 59/346/59 136/208/136 108/341/108
vt 0.2152889966964722 0.1952160000801086
f 12/346/12 94/347/94 70/214/70
f 25/214/25 45/212/45 59/346/59
f 59/210/59 45/346/45 136/212/136
f 54/347/54 109/216/109 60/214/60
vt 0.2422000020742416 0.1952160000801086
f 60/218/60 137/348/137 25/220/25
f 49/218/49 117/216/117 22/347/22
f 905/348/905 982/218/982 964/347/964
vt 0.2691110074520111 0.1952160000801086
f 1345/348/1345 1583/349/1583 1488/224/1488
f 1363/224/1363 1474/222/1474 1563/348/1563
vt 0.2960219979286194 0.1952160000801086
f 1331/349/1331 1363/350/1363 1563/228/1563
f 1331/228/1331 1563/226/1563 1583/349/1583
vt 0.3229329884052277 0.1952160000801086
vt 0.3498440086841583 0.1952160000801086
f 1610/351/1610 1345/352/1345 1488/240/1488
f 1411/240/1411 1610/238/1610 1488/351/1488
f 1411/350/1411 1488/351/1488 1519/234/1519
f 1512/234/1512 1411/232/1411 1519/350/1519
vt 0.3767560124397278 0.1952160000801086
f 739/352/739 18/353/18 834/244/834
f 36/244/36 90/242/90 64/352/64
vt 0.4036670029163361 0.1952160000801086
f 1437/353/1437 1405/354/1405 1448/250/1448
f 130/250/130 6/248/6 44/353/44
f 1370/220/1370 1373/348/1373 1461/222/1461
f 152/349/152 71/226/71 95/224/95
f 1513/350/1513 1412/230/1412 1520/228/1520
f 245/351/245 512/238/512 641/236/641
f 1513/236/1513 1520/234/1520 1400/351/1400
f 1378/232/1378 1500/230/1500 1395/350/1395
f 1378/352/1378 1501/242/1501 1500/240/1500
f 714/353/714 834/246/834 18/244/18
f 360/354/360 347/254/347 491/252/491
f 1378/252/1378 1520/250/1520 1412/354/1412
f 1378/248/1378 1412/246/1412 1501/353/1501
vt 0.4305779933929443 0.1952160000801086
f 1450/254/1450 1400/354/1400 578/355/578
vt 0.0617959983646870 0.3204869925975800
f 1450/356/1450 1513/183/1513 1400/185/1400
vt 0.0772449970245361 0.3204869925975800
f 167/185/167 166/187/166 348/357/348
f 165/357/165 578/356/578 561/185/561
vt 0.0926939994096756 0.3204869925975800
f 165/358/165 599/189/599 578/191/578
vt 0.1081430017948151 0.3204869925975800
f 167/359/167 348/193/348 398/195/398
f 67/191/67 73/193/73 28/359/28
f 157/359/157 78/358/78 130/191/130
f 130/357/130 78/187/78 6/189/6
vt 0.1390410065650940 0.3204869925975800
f 22/197/22 117/199/117 54/360/54
vt 0.1235919967293739 0.3204869925975800
f 54/360/54 117/361/117 109/197/109
vt 0.1544899940490723 0.3204869925975800
f 64/362/64 143/201/143 49/203/49
f 49/360/49 143/199/143 117/201/117
vt 0.1699389964342117 0.3204869925975800
f 36/363/36 19/205/19 90/207/90
vt 0.2008370012044907 0.3204869925975800
f 96/209/96 13/211/13 77/364/77
vt 0.1853879988193512 0.3204869925975800
f 153/364/153 72/365/72 125/209/125
f 125/365/125 72/207/72 30/209/30
f 95/203/95 71/205/71 157/363/157
f 157/363/157 71/362/71 78/203/78
f 76/361/76 149/195/149 153/197/153
f 153/177/153 149/344/149 72/342/72
f 96/357/96 39/189/39 13/358/13
f 77/343/77 150/183/150 76/356/76
f 76/201/76 150/362/150 149/360/149
f 98/361/98 31/359/31 39/195/39
f 126/365/126 73/363/73 31/207/31
vt 0.2162860035896301 0.3204869925975800
f 154/366/154 73/364/73 126/213/126
f 870/213/870 982/215/982 154/366/154
f 154/364/154 982/211/982 73/213/73
f 996/181/996 1071/183/1071 1292/343/1292
vt 0.2317350059747696 0.3204869925975800
f 1053/215/1053 907/217/907 870/367/870
f 870/367/870 907/366/907 982/215/982
f 1053/367/1053 1291/217/1291 964/219/964
vt 0.2626320123672485 0.3204869925975800
f 1053/221/1053 964/223/964 907/368/907
vt 0.2471839934587479 0.3204869925975800
f 997/368/997 1292/369/1292 1293/221/1293
vt 0.2780809998512268 0.3204869925975800
f 1601/370/1601 1573/225/1573 1559/227/1559
f 908/223/908 1294/225/1294 1054/370/1054
f 908/370/908 965/368/965 1294/223/1294
f 804/369/804 398/219/398 1082/221/1082
vt 0.3089790046215057 0.3204869925975800
f 1185/229/1185 804/231/804 716/371/716
vt 0.2935299873352051 0.3204869925975800
f 1247/371/1247 716/372/716 1158/229/1158
vt 0.3244279921054840 0.3204869925975800
f 1247/373/1247 1069/233/1069 1054/235/1054
f 581/371/581 869/231/869 1082/233/1082
vt 0.3398770093917847 0.3204869925975800
f 581/374/581 534/237/534 869/239/869
vt 0.3707750141620636 0.3204869925975800
f 1265/241/1265 1082/243/1082 869/375/869
vt 0.3553259968757629 0.3204869925975800
f 1265/375/1265 716/376/716 1082/241/1082
f 928/376/928 1069/239/1069 1158/241/1158
f 1207/235/1207 928/237/928 1158/374/1158
f 1289/374/1289 534/373/534 324/235/324
f 683/372/683 1229/227/1229 1265/229/1265
f 737/369/737 1229/367/1229 683/219/683
f 1207/371/1207 1265/233/1265 1229/373/1229
f 1070/370/1070 1289/227/1289 324/372/324
vt 0.3862240016460419 0.3204869925975800
f 1070/377/1070 324/245/324 280/247/280
vt 0.4016729891300201 0.3204869925975800
f 1289/378/1289 869/249/869 534/251/534
f 1125/247/1125 1289/249/1289 1070/378/1070
f 737/378/737 1040/377/1040 1229/247/1229
f 1125/377/1125 737/375/737 683/245/683
vt 0.4171220064163208 0.3204869925975800
f 1096/379/1096 1083/378/1083 737/251/737
f 966/251/966 1070/253/1070 280/379/280
f 1159/239/1159 1125/376/1125 1070/374/1070
f 717/245/717 1125/375/1125 1159/243/1159
f 1125/355/1125 683/258/683 1289/256/1289
vt 0.4574890136718750 0.1952160000801086
f 966/355/966 280/380/280 630/260/630
f 983/260/983 630/258/630 666/355/666
f 761/380/761 835/264/835 780/262/780
f 717/262/717 1159/260/1159 835/380/835
vt 0.4844000041484833 0.1952160000801086
f 717/264/717 954/380/954 1024/381/1024
vt 0.5113109946250916 0.1952160000801086
f 1290/381/1290 983/382/983 666/270/666
f 684/270/684 761/268/761 780/381/780
vt 0.5382220149040222 0.1952160000801086
f 1041/382/1041 889/383/889 761/276/761
f 398/276/398 348/274/348 391/382/391
f 1290/272/1290 666/270/666 325/382/325
f 984/268/984 684/266/684 1290/381/1290
vt 0.5651329755783081 0.1952160000801086
vt 0.5920439958572388 0.1952160000801086
f 984/384/984 1290/385/1290 781/286/781
f 929/286/929 738/284/738 984/384/984
f 929/383/929 1208/384/1208 738/280/738
f 1160/280/1160 512/278/512 245/383/245
f 967/264/967 781/381/781 1160/266/1160
vt 0.4325709939002991 0.3204869925975800
f 1084/253/1084 984/255/984 967/386/967
f 1084/386/1084 929/379/929 984/253/984
f 1084/382/1084 1097/274/1097 929/272/929
vt 0.4480200111865997 0.3204869925975800
f 99/387/99 1160/257/1160 245/259/245
vt 0.4634689986705780 0.3204869925975800
f 99/388/99 245/261/245 1344/263/1344
f 40/259/40 967/261/967 1160/388/1160
f 40/388/40 1160/387/1160 99/259/99
f 40/386/40 1042/255/1042 967/257/967
f 1468/383/1468 1536/278/1536 1383/276/1383
f 46/384/46 1042/282/1042 40/280/40
f 1084/385/1084 967/290/967 1042/288/1042
f 46/288/46 43/286/43 1042/385/1042
f 1035/284/1035 884/282/884 1081/384/1081
vt 0.6189560294151306 0.1952160000801086
f 1084/385/1084 739/389/739 1097/292/1097
f 1084/292/1084 1042/290/1042 739/385/739
f 103/355/103 99/256/99 1344/254/1344
f 103/389/103 1344/294/1344 1353/292/1353
vt 0.6458669900894165 0.1952160000801086
f 1581/389/1581 1332/390/1332 1590/296/1590
f 84/296/84 40/294/40 14/389/14
f 84/390/84 46/300/46 40/298/40
f 127/298/127 103/296/103 1353/390/1353
vt 0.6727780103683472 0.1952160000801086
f 127/390/127 1353/391/1353 1362/302/1362
f 32/302/32 138/300/138 14/390/14
f 84/304/84 14/302/14 138/391/138
vt 0.6996889710426331 0.1952160000801086
vt 0.7265999913215637 0.1952160000801086
f 48/392/48 63/393/63 138/312/138
f 84/312/84 63/310/63 35/392/35
f 15/391/15 127/392/127 1362/306/1362
f 15/306/15 1362/304/1362 1432/391/1432
vt 0.7535110116004944 0.1952160000801086
vt 0.7804219722747803 0.1952160000801086
f 24/394/24 20/395/20 110/322/110
f 1574/322/1574 1559/320/1559 1602/394/1602
f 1409/393/1409 1574/394/1574 1436/316/1436
f 97/316/97 32/314/32 127/393/127
vt 0.8073329925537109 0.1952160000801086
f 74/395/74 1432/396/1432 1582/328/1582
f 155/328/155 97/326/97 15/395/15
vt 0.8342440128326416 0.1952160000801086
f 155/396/155 15/397/15 74/332/74
f 97/332/97 127/330/127 15/396/15
f 144/392/144 24/310/24 97/308/97
f 1522/308/1522 1498/306/1498 1456/392/1456
f 24/393/24 32/314/32 97/312/97
f 59/394/59 20/318/20 24/316/24
f 144/395/144 59/326/59 24/324/24
f 100/324/100 155/322/155 74/395/74
f 60/396/60 109/330/109 137/328/137
f 21/397/21 155/334/155 100/332/100
f 33/320/33 41/318/41 1485/394/1485
vt 0.4943670034408569 0.3204869925975800
f 1543/265/1543 1357/267/1357 1600/398/1600
vt 0.4789179861545563 0.3204869925975800
f 33/398/33 1485/399/1485 1474/265/1474
f 128/398/128 100/267/100 41/269/41
vt 0.5252649784088135 0.3204869925975800
f 128/271/128 145/273/145 100/400/100
vt 0.5098159909248352 0.3204869925975800
f 118/400/118 145/401/145 128/271/128
vt 0.5407140254974365 0.3204869925975800
f 482/402/482 175/275/175 591/277/591
f 542/400/542 253/273/253 204/275/204
f 1474/401/1474 1485/269/1485 1337/271/1337
vt 0.5561630129814148 0.3204869925975800
f 542/403/542 204/279/204 482/281/482
vt 0.5870609879493713 0.3204869925975800
f 542/283/542 207/285/207 253/404/253
vt 0.5716120004653931 0.3204869925975800
f 321/404/321 510/405/510 601/283/601
f 222/405/222 557/281/557 193/283/193
vt 0.6025099754333496 0.3204869925975800
f 558/406/558 483/287/483 557/289/557
vt 0.6179590225219727 0.3204869925975800
f 622/407/622 344/291/344 384/293/384
f 759/289/759 801/291/801 1264/407/1264
f 383/407/383 557/406/557 344/289/344
f 556/404/556 237/285/237 268/287/268
f 204/277/204 268/279/268 237/403/237
f 456/403/456 263/402/263 462/277/462
f 268/257/268 657/387/657 433/386/433
f 611/398/611 1462/269/1462 1529/401/1529
f 322/399/322 583/388/583 399/263/399
f 236/263/236 204/265/204 237/399/237
f 218/281/218 376/405/376 377/403/377
f 204/402/204 254/400/254 268/275/268
f 236/406/236 482/404/482 204/287/204
vt 0.6334080100059509 0.3204869925975800
f 223/408/223 484/407/484 239/293/239
f 1504/293/1504 1462/295/1462 1505/408/1505
vt 0.6488569974899292 0.3204869925975800
f 3/409/3 23/408/23 70/295/70
f 235/295/235 522/297/522 221/409/221
f 1470/409/1470 435/297/435 1554/299/1554
vt 0.6797549724578857 0.3204869925975800
f 333/301/333 210/303/210 302/410/302
vt 0.6643059849739075 0.3204869925975800
f 235/410/235 556/411/556 522/301/522
f 839/411/839 743/299/743 1105/301/1105
vt 0.6952040195465088 0.3204869925975800
f 223/412/223 239/305/239 384/307/384
vt 0.7261019945144653 0.3204869925975800
f 970/309/970 712/311/712 969/413/969
vt 0.7106530070304871 0.3204869925975800
f 480/413/480 481/414/481 382/309/382
f 434/414/434 422/307/422 255/309/255
f 555/303/555 191/305/191 220/412/220
f 895/412/895 1209/410/1209 894/303/894
vt 0.7415509819984436 0.3204869925975800
f 975/415/975 709/313/709 1014/315/1014
vt 0.7570000290870667 0.3204869925975800
f 793/416/793 909/317/909 699/319/699
f 989/315/989 783/317/783 990/416/990
f 110/416/110 138/415/138 32/315/32
vt 0.7878980040550232 0.3204869925975800
f 822/321/822 1318/323/1318 1219/417/1219
vt 0.7724490165710449 0.3204869925975800
f 1234/417/1234 790/418/790 1215/321/1215
vt 0.8033469915390015 0.3204869925975800
f 1326/419/1326 880/325/880 912/327/912
f 214/417/214 446/323/446 311/325/311
f 406/418/406 609/319/609 500/321/500
f 533/413/533 286/311/286 529/313/529
f 174/411/174 300/409/300 463/299/463
f 1593/413/1593 641/313/641 333/415/333
f 609/412/609 357/307/357 500/414/500
f 1573/319/1573 1469/418/1469 1543/416/1543
vt 0.8187959790229797 0.3204869925975800
f 1423/331/1423 1611/420/1611 1391/329/1391
vt 0.8342440128326416 0.3204869925975800
f 1298/333/1298 1137/421/1137 1008/331/1008
f 975/419/975 1273/417/1273 1137/325/1137
f 343/331/343 231/421/231 186/420/186
f 459/420/459 402/419/402 283/327/283
f 572/327/572 343/329/343 186/420/186
vt 0.3039599955081940 0.3368670046329498
vt 0.3039599955081940 0.3294090032577515
vt 0.3419550061225891 0.3294090032577515
f 147/422/147 121/423/121 37/424/37
vt 0.3419550061225891 0.3368670046329498
f 402/424/402 354/425/354 374/422/374
vt 0.3039599955081940 0.3219519853591919
vt 0.3419550061225891 0.3219519853591919
f 238/423/238 190/426/190 222/427/222
f 1573/427/1573 1544/424/1544 1559/423/1559
vt 0.2279700040817261 0.3368670046329498
f 365/423/365 299/422/299 173/428/173
vt 0.2279700040817261 0.3219519853591919
f 1600/429/1600 1357/426/1357 1356/423/1356
f 1498/428/1498 1510/429/1510 1452/423/1452
vt 0.1519799977540970 0.3368670046329498
vt 0.1519799977540970 0.3219519853591919
f 670/430/670 541/431/541 458/429/458
f 1436/429/1436 1416/428/1416 1415/430/1415
vt 0.0759899988770485 0.3368670046329498
vt 0.0759899988770485 0.3219519853591919
f 1448/432/1448 1558/433/1558 1601/431/1601
f 1510/431/1510 1437/430/1437 1409/432/1409
vt 0.3039599955081940 0.3513030111789703
vt 0.3039599955081940 0.3440850079059601
vt 0.3419550061225891 0.3440850079059601
f 262/434/262 655/435/655 656/436/656
vt 0.3419550061225891 0.3513030111789703
f 514/436/514 655/437/655 262/434/262
f 1322/435/1322 1319/422/1319 1172/425/1172
f 604/425/604 475/436/475 170/435/170
vt 0.2279700040817261 0.3513030111789703
f 1140/435/1140 786/434/786 1163/438/1163
f 1024/428/1024 1083/422/1083 1096/435/1096
f 881/438/881 817/428/817 939/435/939
vt 0.1519799977540970 0.3513030111789703
f 19/439/19 143/430/143 90/428/90
f 250/428/250 264/438/264 202/439/202
vt 0.0759899988770485 0.3513030111789703
f 718/440/718 807/432/807 1086/430/1086
f 1541/430/1541 1367/439/1367 1380/440/1380
vt 0.3039599955081940 0.3655059933662415
vt 0.3039599955081940 0.3584040105342865
vt 0.3419550061225891 0.3584040105342865
f 895/441/895 763/442/763 1209/443/1209
vt 0.3419550061225891 0.3655059933662415
f 1302/443/1302 882/444/882 1064/441/1064
f 1297/442/1297 685/434/685 1086/437/1086
f 959/437/959 1013/443/1013 1064/442/1064
vt 0.2279700040817261 0.3655059933662415
f 1460/442/1460 1527/441/1527 1385/445/1385
f 1297/438/1297 1143/434/1143 685/442/685
f 479/445/479 616/438/616 568/442/568
vt 0.1519799977540970 0.3655059933662415
f 219/446/219 340/439/340 376/438/376
f 374/438/374 1025/445/1025 1186/446/1186
vt 0.0759899988770485 0.3655059933662415
f 989/447/989 699/440/699 1295/439/1295
f 1074/439/1074 764/446/764 686/447/686
vt 0.3039599955081940 0.3795469999313354
vt 0.3039599955081940 0.3725259900093079
vt 0.3419550061225891 0.3725259900093079
f 1026/448/1026 1085/449/1085 805/450/805
vt 0.3419550061225891 0.3795469999313354
f 1144/450/1144 1143/451/1143 1057/448/1057
f 1446/449/1446 1597/441/1597 1423/444/1423
f 1144/444/1144 1057/450/1057 871/449/871
vt 0.2279700040817261 0.3795469999313354
f 1074/449/1074 686/448/686 871/452/871
f 948/445/948 819/441/819 832/449/832
f 812/452/812 1090/445/1090 1188/449/1188
vt 0.1519799977540970 0.3795469999313354
f 1090/453/1090 901/446/901 1210/445/1210
f 329/445/329 261/452/261 428/453/428
vt 0.0759899988770485 0.3795469999313354
f 1593/454/1593 1584/447/1584 1490/446/1490
f 1593/446/1593 332/453/332 1604/454/1604
vt 0.3039599955081940 0.3935880064964294
vt 0.3039599955081940 0.3865680098533630
vt 0.3419550061225891 0.3865680098533630
f 119/455/119 112/456/112 65/457/65
vt 0.3419550061225891 0.3935880064964294
f 190/457/190 479/458/479 568/455/568
f 203/456/203 265/448/265 415/451/415
f 867/451/867 1067/457/1067 1288/456/1288
vt 0.2279700040817261 0.3935880064964294
f 218/456/218 219/455/219 376/459/376
f 217/452/217 218/448/218 377/456/377
f 1315/459/1315 1058/452/1058 1272/456/1272
vt 0.1519799977540970 0.3935880064964294
f 126/460/126 31/453/31 98/452/98
f 550/452/550 234/459/234 341/460/341
vt 0.0759899988770485 0.3935880064964294
f 258/461/258 264/454/264 208/453/208
f 556/453/556 383/460/383 344/461/344
vt 0.3039599955081940 0.4076299965381622
vt 0.3039599955081940 0.4006089866161346
vt 0.3419550061225891 0.4006089866161346
f 216/462/216 217/463/217 378/464/378
vt 0.3419550061225891 0.4076299965381622
f 440/464/440 663/465/663 392/462/392
f 189/463/189 379/455/379 341/458/341
f 1159/458/1159 1070/464/1070 966/463/966
vt 0.2279700040817261 0.4076299965381622
f 550/463/550 650/462/650 520/466/520
f 165/459/165 561/455/561 166/463/166
f 912/466/912 911/459/911 910/463/910
vt 0.1519799977540970 0.4076299965381622
f 183/467/183 361/460/361 229/459/229
f 550/459/550 520/466/520 234/467/234
vt 0.0759899988770485 0.4076299965381622
f 264/468/264 520/461/520 419/460/419
f 573/460/573 172/467/172 213/468/213
vt 0.3039599955081940 0.4216710031032562
vt 0.3039599955081940 0.4146499931812286
vt 0.3419550061225891 0.4146499931812286
f 516/469/516 421/470/421 515/471/515
vt 0.3419550061225891 0.4216710031032562
f 382/471/382 240/472/240 576/469/576
f 250/470/250 617/462/617 515/465/515
f 760/465/760 953/471/953 1041/470/1041
vt 0.2279700040817261 0.4216710031032562
f 1045/470/1045 167/469/167 804/473/804
f 1045/466/1045 1044/462/1044 166/470/166
f 651/473/651 518/466/518 519/470/519
vt 0.1519799977540970 0.4216710031032562
f 1172/474/1172 1149/467/1149 1173/466/1173
f 53/466/53 52/473/52 5/474/5
vt 0.0759899988770485 0.4216710031032562
f 652/475/652 618/468/618 249/467/249
f 1514/467/1514 1418/474/1418 1440/475/1440
vt 0.3039599955081940 0.4357120096683502
vt 0.3039599955081940 0.4286909997463226
vt 0.3419550061225891 0.4286909997463226
f 176/476/176 609/477/609 408/478/408
vt 0.3419550061225891 0.4357120096683502
f 390/478/390 502/479/502 178/476/178
f 390/477/390 347/469/347 577/472/577
f 588/472/588 215/478/215 653/477/653
vt 0.2279700040817261 0.4357120096683502
f 639/477/639 677/476/677 618/480/618
f 709/473/709 1283/469/1283 1156/477/1156
f 20/480/20 116/473/116 48/477/48
vt 0.1519799977540970 0.4357120096683502
f 449/481/449 830/474/830 1011/473/1011
f 844/473/844 1133/480/1133 726/481/726
vt 0.0759899988770485 0.4357120096683502
f 549/482/549 538/475/538 586/474/586
f 368/474/368 463/481/463 420/482/420
vt 0.3039599955081940 0.4506280124187469
vt 0.3039599955081940 0.4431700110435486
vt 0.3419550061225891 0.4431700110435486
f 1460/483/1460 1385/484/1385 501/485/501
vt 0.3419550061225891 0.4506280124187469
f 12/485/12 70/486/70 11/483/11
f 342/484/342 368/476/368 420/479/420
f 104/479/104 95/485/95 151/484/151
vt 0.2279700040817261 0.4506280124187469
f 517/484/517 201/483/201 449/487/449
f 517/480/517 449/476/449 676/484/676
f 93/487/93 83/480/83 94/484/94
vt 0.1519799977540970 0.4506280124187469
f 539/488/539 638/481/638 587/480/587
f 571/480/571 553/487/553 517/488/517
vt 0.0759899988770485 0.4506280124187469
f 696/489/696 769/482/769 848/481/848
f 342/481/342 201/488/201 553/489/553
vt 0.3039599955081940 0.4650630056858063
vt 0.3039599955081940 0.4578450024127960
vt 0.3419550061225891 0.4578450024127960
f 342/490/342 553/491/553 357/492/357
vt 0.3419550061225891 0.4650630056858063
f 549/492/549 375/493/375 1187/490/1187
f 549/491/549 649/483/649 538/486/538
f 462/486/462 676/492/676 991/491/991
vt 0.2279700040817261 0.4650630056858063
f 908/491/908 997/490/997 965/494/965
f 1446/487/1446 1423/483/1423 1525/491/1525
f 696/494/696 793/487/793 699/491/699
vt 0.1519799977540970 0.4650630056858063
f 720/495/720 830/488/830 317/487/317
f 381/487/381 571/494/571 263/495/263
vt 0.0759899988770485 0.4650630056858063
f 385/496/385 387/489/387 575/488/575
f 204/488/204 253/495/253 254/496/254
vt 0.3039599955081940 0.4792659878730774
vt 0.3039599955081940 0.4721649885177612
vt 0.3419550061225891 0.4721649885177612
f 1445/497/1445 1596/498/1596 1446/499/1446
vt 0.3419550061225891 0.4792659878730774
f 79/499/79 76/500/76 159/497/159
f 316/498/316 500/490/500 571/493/571
f 554/493/554 387/499/387 388/498/388
vt 0.2279700040817261 0.4792659878730774
f 188/498/188 263/497/263 456/501/456
f 335/494/335 631/490/631 290/498/290
f 780/501/780 835/494/835 1159/498/1159
vt 0.1519799977540970 0.4792659878730774
f 585/502/585 231/495/231 603/494/603
f 343/494/343 554/501/554 231/502/231
vt 0.0759899988770485 0.4792659878730774
f 189/503/189 234/496/234 216/495/216
f 194/495/194 193/502/193 621/503/621
vt 0.3039599955081940 0.4933080077171326
vt 0.3039599955081940 0.4862869977951050
vt 0.3419550061225891 0.4862869977951050
f 523/504/523 269/505/269 205/506/205
vt 0.3419550061225891 0.4933080077171326
f 243/506/243 177/507/177 358/504/358
f 124/505/124 130/497/130 47/500/47
f 75/500/75 34/506/34 129/505/129
vt 0.2279700040817261 0.4933080077171326
f 513/505/513 246/504/246 1162/508/1162
f 669/501/669 246/497/246 513/505/513
f 359/508/359 1467/501/1467 1552/505/1552
vt 0.1519799977540970 0.4933080077171326
f 1191/509/1191 722/502/722 865/501/865
f 369/501/369 572/508/572 475/509/475
vt 0.0759899988770485 0.4933080077171326
f 475/510/475 186/503/186 170/502/170
f 176/502/176 592/509/592 174/510/174
vt 0.3039599955081940 0.5073490142822266
vt 0.3039599955081940 0.5003280043601990
vt 0.3419550061225891 0.5003280043601990
f 1055/511/1055 1296/512/1296 1085/513/1085
vt 0.3419550061225891 0.5073490142822266
f 604/513/604 428/514/428 187/511/187
f 329/512/329 457/504/457 261/507/261
f 359/507/359 372/513/372 168/512/168
vt 0.2279700040817261 0.5073490142822266
f 287/512/287 301/511/301 244/515/244
f 261/508/261 187/504/187 428/512/428
f 576/515/576 406/508/406 389/512/389
vt 0.1519799977540970 0.5073490142822266
f 373/516/373 310/509/310 187/508/187
f 363/508/363 169/515/169 282/516/282
vt 0.0759899988770485 0.5073490142822266
f 8/517/8 30/510/30 72/509/72
f 1550/509/1550 1465/516/1465 1577/517/1577
vt 0.3039599955081940 0.5213900208473206
vt 0.3039599955081940 0.5143690109252930
vt 0.3419550061225891 0.5143690109252930
f 548/518/548 566/519/566 247/520/247
vt 0.3419550061225891 0.5213900208473206
f 373/520/373 261/521/261 566/518/566
f 1586/519/1586 1608/511/1608 1533/514/1533
f 373/514/373 495/520/495 310/519/310
vt 0.2279700040817261 0.5213900208473206
f 365/519/365 353/518/353 548/522/548
f 1498/515/1498 1452/511/1452 1456/519/1456
f 1362/522/1362 1584/515/1584 1565/519/1565
vt 0.1519799977540970 0.5213900208473206
f 339/523/339 365/516/365 548/515/548
f 214/515/214 200/522/200 446/523/446
vt 0.0759899988770485 0.5213900208473206
f 455/524/455 294/517/294 602/516/602
f 413/516/413 200/523/200 214/524/214
vt 0.3039599955081940 0.5354310274124146
vt 0.3039599955081940 0.5284109711647034
vt 0.3419550061225891 0.5284109711647034
f 163/525/163 580/526/580 396/527/396
vt 0.3419550061225891 0.5354310274124146
f 1534/527/1534 1496/528/1496 1609/525/1609
f 32/526/32 14/518/14 103/521/103
f 756/521/756 1242/527/1242 799/526/799
vt 0.2279700040817261 0.5354310274124146
f 1121/526/1121 958/525/958 1087/529/1087
f 232/522/232 214/518/214 311/526/311
f 169/529/169 596/522/596 584/526/584
vt 0.1519799977540970 0.5354310274124146
f 1558/530/1558 1336/523/1336 1350/522/1350
f 74/522/74 15/529/15 1432/530/1432
vt 0.0759899988770485 0.5354310274124146
f 100/531/100 74/524/74 41/523/41
f 615/523/615 646/530/646 232/531/232
vt 0.3039599955081940 0.5494729876518250
vt 0.3039599955081940 0.5424519777297974
vt 0.3419550061225891 0.5424519777297974
f 414/532/414 248/533/248 619/534/619
vt 0.3419550061225891 0.5494729876518250
f 7/534/7 78/535/78 71/532/71
f 402/533/402 232/525/232 354/528/354
f 738/528/738 1041/534/1041 761/533/761
vt 0.2279700040817261 0.5494729876518250
f 1046/533/1046 1047/532/1047 898/536/898
f 1307/529/1307 784/525/784 687/533/687
f 390/536/390 178/529/178 489/533/489
vt 0.1519799977540970 0.5494729876518250
f 441/537/441 528/530/528 668/529/668
f 820/529/820 952/536/952 884/537/884
vt 0.0759899988770485 0.5494729876518250
f 1493/538/1493 1531/531/1531 1550/530/1550
f 1535/530/1535 1497/537/1497 1467/538/1467
vt 0.3039599955081940 0.5643879771232605
vt 0.3039599955081940 0.5569300055503845
vt 0.3419550061225891 0.5569300055503845
f 246/539/246 260/540/260 1261/541/1261
vt 0.3419550061225891 0.5643879771232605
f 459/541/459 671/542/671 402/539/402
f 985/540/985 786/532/786 690/535/690
f 615/535/615 671/541/671 647/540/647
vt 0.2279700040817261 0.5643879771232605
f 1269/540/1269 1132/539/1132 843/543/843
f 604/536/604 669/532/669 428/540/428
f 402/543/402 374/536/374 355/540/355
vt 0.1519799977540970 0.5643879771232605
f 413/544/413 670/537/670 458/536/458
f 296/536/296 312/543/312 330/544/330
vt 0.0759899988770485 0.5643879771232605
f 402/545/402 355/538/355 283/537/283
f 459/537/459 248/544/248 414/545/414
vt 0.3039599955081940 0.5788239836692810
vt 0.3039599955081940 0.5716059803962708
vt 0.3419550061225891 0.5716059803962708
f 458/546/458 365/547/365 339/548/339
vt 0.3419550061225891 0.5788239836692810
f 459/548/459 283/549/283 248/546/248
f 57/547/57 2/539/2 3/542/3
f 1098/542/1098 476/548/476 233/547/233
vt 0.2279700040817261 0.5788239836692810
f 1098/547/1098 1209/546/1209 476/550/476
f 1334/543/1334 1347/539/1347 1354/547/1354
f 544/550/544 450/543/450 303/547/303
vt 0.1519799977540970 0.5788239836692810
f 496/551/496 355/544/355 233/543/233
f 514/543/514 262/550/262 295/551/295
vt 0.0759899988770485 0.5788239836692810
f 537/552/537 514/545/514 295/544/295
f 433/544/433 205/551/205 620/552/620
vt 0.3039599955081940 0.5930269956588745
vt 0.3039599955081940 0.5859249830245972
vt 0.3419550061225891 0.5859249830245972
f 283/553/283 262/554/262 248/555/248
vt 0.3419550061225891 0.5930269956588745
f 478/555/478 477/556/477 1210/553/1210
f 476/554/476 1209/546/1209 567/549/567
f 763/549/763 567/555/567 1209/554/1209
vt 0.2279700040817261 0.5930269956588745
f 496/554/496 476/553/476 605/557/605
f 552/550/552 720/546/720 317/554/317
f 55/557/55 42/550/42 101/554/101
vt 0.1519799977540970 0.5930269956588745
f 537/558/537 496/551/496 605/550/605
f 537/550/537 605/557/605 672/558/672
vt 0.0759899988770485 0.5930269956588745
f 763/559/763 375/552/375 567/551/567
f 219/551/219 190/558/190 340/559/340
vt 0.3039599955081940 0.6070680022239685
vt 0.3039599955081940 0.6000480055809021
vt 0.3419550061225891 0.6000480055809021
f 775/560/775 1027/561/1027 897/562/897
vt 0.3419550061225891 0.6070680022239685
f 403/562/403 605/563/605 567/560/567
f 415/561/415 648/553/648 672/556/672
f 14/556/14 40/562/40 99/561/99
vt 0.2279700040817261 0.6070680022239685
f 460/561/460 415/560/415 672/564/672
f 423/557/423 424/553/424 657/561/657
f 418/564/418 1144/557/1144 1145/561/1145
vt 0.1519799977540970 0.6070680022239685
f 1130/565/1130 1170/558/1170 1148/557/1148
f 1111/557/1111 876/564/876 1253/565/1253
vt 0.0759899988770485 0.6070680022239685
f 194/566/194 621/559/621 269/558/269
f 447/558/447 637/565/637 616/566/616
vt 0.3039599955081940 0.6211090087890625
vt 0.3039599955081940 0.6140890121459961
vt 0.3419550061225891 0.6140890121459961
f 460/567/460 429/568/429 415/569/415
vt 0.3419550061225891 0.6211090087890625
f 1599/569/1599 1575/570/1575 1588/567/1588
f 331/568/331 298/560/298 418/563/418
f 1464/563/1464 1419/569/1419 1408/568/1408
vt 0.2279700040817261 0.6211090087890625
f 119/568/119 86/567/86 112/571/112
f 568/564/568 616/560/616 637/568/637
f 718/571/718 1187/564/1187 807/568/807
vt 0.1519799977540970 0.6211090087890625
f 1361/572/1361 1374/565/1374 1330/564/1330
f 381/564/381 316/571/316 571/572/571
vt 0.0759899988770485 0.6211090087890625
f 718/573/718 1266/566/1266 649/565/649
f 670/565/670 521/572/521 541/573/541
vt 0.3039599955081940 0.6351510286331177
vt 0.3039599955081940 0.6281300187110901
vt 0.3419550061225891 0.6281300187110901
f 305/574/305 332/575/332 642/576/642
vt 0.3419550061225891 0.6351510286331177
f 497/576/497 568/577/568 637/574/637
f 1591/575/1591 1596/567/1596 1568/570/1568
f 1435/570/1435 1471/576/1471 1346/575/1346
vt 0.2279700040817261 0.6351510286331177
f 1011/575/1011 1238/574/1238 1168/578/1168
f 770/571/770 896/567/896 955/575/955
f 910/578/910 1262/571/1262 925/575/925
vt 0.1519799977540970 0.6351510286331177
f 124/579/124 47/572/47 55/571/55
f 84/571/84 138/578/138 63/579/63
vt 0.0759899988770485 0.6351510286331177
f 265/580/265 252/573/252 648/572/648
f 1489/572/1489 1592/579/1592 1571/580/1571
vt 0.3039599955081940 0.6491919755935669
vt 0.3039599955081940 0.6421710252761841
vt 0.3419550061225891 0.6421710252761841
f 330/581/330 538/582/538 649/583/649
vt 0.3419550061225891 0.6491919755935669
f 330/583/330 649/584/649 430/581/430
f 366/582/366 538/574/538 330/577/330
f 1179/577/1179 757/583/757 1326/582/1326
vt 0.2279700040817261 0.6491919755935669
f 717/582/717 1024/581/1024 1096/585/1096
f 255/578/255 422/574/422 256/582/256
f 1538/585/1538 1347/578/1347 1334/582/1334
vt 0.1519799977540970 0.6491919755935669
f 340/586/340 568/579/568 497/578/497
f 366/578/366 340/585/340 497/586/497
vt 0.0759899988770485 0.6491919755935669
f 416/587/416 685/580/685 1143/579/1143
f 296/579/296 330/586/330 430/587/430
vt 0.3039599955081940 0.6632329821586609
vt 0.3039599955081940 0.6562129855155945
vt 0.3419550061225891 0.6562129855155945
f 201/588/201 215/589/215 317/590/317
vt 0.3419550061225891 0.6632329821586609
f 296/590/296 430/591/430 416/588/416
f 1199/589/1199 1277/581/1277 746/584/746
f 366/584/366 330/590/330 312/589/312
vt 0.2279700040817261 0.6632329821586609
f 1588/589/1588 1560/588/1560 1333/592/1333
f 722/585/722 736/581/736 864/589/864
f 532/592/532 291/585/291 631/589/631
vt 0.1519799977540970 0.6632329821586609
f 581/593/581 562/586/562 534/585/534
f 1302/585/1302 992/592/992 923/593/923
vt 0.0759899988770485 0.6632329821586609
f 366/594/366 312/587/312 376/586/376
f 417/586/417 1143/593/1143 1144/594/1144
vt 0.3039599955081940 0.6781489849090576
vt 0.3039599955081940 0.6706910133361816
vt 0.3419550061225891 0.6706910133361816
f 615/595/615 636/596/636 646/597/646
vt 0.3419550061225891 0.6781489849090576
f 297/597/297 296/598/296 416/595/416
f 1242/596/1242 771/588/771 849/591/849
f 712/591/712 1157/597/1157 713/596/713
vt 0.2279700040817261 0.6781489849090576
f 262/596/262 656/595/656 248/599/248
f 538/592/538 637/588/637 586/596/586
f 314/599/314 313/592/313 297/596/297
vt 0.1519799977540970 0.6781489849090576
f 267/600/267 434/593/434 255/592/255
f 297/592/297 313/599/313 296/600/296
vt 0.0759899988770485 0.6781489849090576
f 378/601/378 377/594/377 313/593/313
f 383/593/383 193/600/193 557/601/557
vt 0.3039599955081940 0.6925849914550781
vt 0.3039599955081940 0.6853669881820679
vt 0.3419550061225891 0.6853669881820679
f 418/602/418 417/603/417 1144/604/1144
vt 0.3419550061225891 0.6925849914550781
f 298/604/298 297/605/297 417/602/417
f 1086/603/1086 685/595/685 1266/598/1266
f 683/598/683 869/604/869 1289/603/1289
vt 0.2279700040817261 0.6925849914550781
f 417/603/417 416/602/416 1143/606/1143
f 298/599/298 417/595/417 418/603/418
f 1607/606/1607 1419/599/1419 1530/603/1530
vt 0.1519799977540970 0.6925849914550781
f 514/607/514 648/600/648 252/599/252
f 1599/599/1599 1572/606/1572 1575/607/1575
vt 0.0759899988770485 0.6925849914550781
f 379/608/379 378/601/378 314/600/314
f 622/600/622 422/607/422 434/608/434
vt 0.3039599955081940 0.7067869901657104
vt 0.3039599955081940 0.6996859908103943
vt 0.3419550061225891 0.6996859908103943
f 315/609/315 379/610/379 314/611/314
vt 0.3419550061225891 0.7067869901657104
f 243/611/243 228/612/228 178/609/178
f 333/610/333 438/602/438 210/605/210
f 431/605/431 418/611/418 1145/610/1145
vt 0.2279700040817261 0.7067869901657104
f 431/610/431 1145/609/1145 686/613/686
f 1194/606/1194 957/602/957 898/610/898
f 884/613/884 952/606/952 1023/610/1023
vt 0.1519799977540970 0.7067869901657104
f 1425/614/1425 1451/607/1451 1523/606/1523
f 50/606/50 101/613/101 1345/614/1345
vt 0.0759899988770485 0.7067869901657104
f 822/615/822 998/608/998 1318/607/1318
f 112/607/112 1512/614/1512 61/615/61
vt 0.3039599955081940 0.7208290100097656
vt 0.3039599955081940 0.7138080000877380
vt 0.3419550061225891 0.7138080000877380
f 367/616/367 315/617/315 298/618/298
vt 0.3419550061225891 0.7208290100097656
f 194/618/194 269/619/269 251/616/251
f 247/617/247 457/609/457 635/612/635
f 1397/612/1397 1541/618/1541 1380/617/1380
vt 0.2279700040817261 0.7208290100097656
f 1099/617/1099 1189/616/1189 776/620/776
f 341/613/341 379/609/379 315/617/315
f 462/620/462 991/613/991 921/617/921
vt 0.1519799977540970 0.7208290100097656
f 1056/621/1056 915/614/915 1075/613/1075
f 1091/613/1091 720/620/720 941/621/941
vt 0.0759899988770485 0.7208290100097656
f 1105/622/1105 1313/615/1313 1234/614/1234
f 1345/614/1345 1331/621/1331 1583/622/1583
vt 0.3039599955081940 0.7348700165748596
vt 0.3039599955081940 0.7278490066528320
vt 0.3419550061225891 0.7278490066528320
f 1073/623/1073 1263/624/1263 1183/625/1183
vt 0.3419550061225891 0.7348700165748596
f 322/625/322 668/626/668 494/623/494
f 431/624/431 569/616/569 606/619/606
f 585/619/585 170/625/170 186/624/186
vt 0.2279700040817261 0.7348700165748596
f 723/624/723 1191/623/1191 865/627/865
f 356/620/356 673/616/673 650/624/650
f 367/627/367 356/620/356 550/624/550
vt 0.1519799977540970 0.7348700165748596
f 404/628/404 606/621/606 569/620/569
f 251/620/251 265/627/265 203/628/203
vt 0.0759899988770485 0.7348700165748596
f 419/629/419 650/622/650 673/621/673
f 419/621/419 673/628/673 461/629/461
vt 0.3039599955081940 0.7489110231399536
vt 0.3039599955081940 0.7418910264968872
vt 0.3419550061225891 0.7418910264968872
f 1297/630/1297 1086/631/1086 698/632/698
vt 0.3419550061225891 0.7489110231399536
f 207/632/207 299/633/299 521/630/521
f 599/631/599 1450/623/1450 578/626/578
f 380/626/380 1188/632/1188 551/631/551
vt 0.2279700040817261 0.7489110231399536
f 297/631/297 416/630/416 417/634/417
f 1132/627/1132 691/623/691 724/631/724
f 1188/634/1188 719/627/719 551/631/551
vt 0.1519799977540970 0.7489110231399536
f 404/635/404 380/628/380 587/627/587
f 695/627/695 728/634/728 1135/635/1135
vt 0.0759899988770485 0.7489110231399536
f 1302/636/1302 1032/629/1032 992/628/992
f 682/628/682 332/635/332 472/636/472
vt 0.3039599955081940 0.7629529833793640
vt 0.3039599955081940 0.7559319734573364
vt 0.3419550061225891 0.7559319734573364
f 900/637/900 1048/638/1048 939/639/939
vt 0.3419550061225891 0.7629529833793640
f 655/639/655 266/640/266 619/637/619
f 106/638/106 133/630/133 108/633/108
f 188/633/188 401/639/401 213/638/213
vt 0.2279700040817261 0.7629529833793640
f 442/638/442 629/637/629 665/641/665
f 76/634/76 153/630/153 159/638/159
f 673/641/673 606/634/606 461/638/461
vt 0.1519799977540970 0.7629529833793640
f 448/642/448 404/635/404 587/634/587
f 448/634/448 461/641/461 404/642/404
vt 0.0759899988770485 0.7629529833793640
f 200/643/200 548/636/548 247/635/247
f 236/635/236 407/642/407 175/643/175
vt 0.3039599955081940 0.7769939899444580
vt 0.3039599955081940 0.7699729800224304
vt 0.3419550061225891 0.7699729800224304
f 1568/644/1568 1596/645/1596 1445/646/1445
vt 0.3419550061225891 0.7769939899444580
f 432/646/432 419/647/419 461/644/461
f 448/645/448 432/637/432 461/640/461
f 1220/640/1220 1141/646/1141 1113/645/1113
vt 0.2279700040817261 0.7769939899444580
f 56/645/56 3/644/3 2/648/2
f 1420/641/1420 1504/637/1504 1506/645/1506
f 477/648/477 551/641/551 719/645/719
vt 0.1519799977540970 0.7769939899444580
f 477/649/477 719/642/719 1210/641/1210
f 498/641/498 587/648/587 551/649/551
vt 0.0759899988770485 0.7769939899444580
f 250/650/250 202/643/202 617/642/617
f 498/642/498 551/649/551 477/650/477
vt 0.3799499869346619 0.3219519853591919
vt 0.3799499869346619 0.3322930037975311
f 239/651/239 484/652/484 234/424/234
f 448/424/448 587/427/587 638/651/638
f 1096/652/1096 737/425/737 1125/424/1125
vt 0.3799499869346619 0.3426350057125092
f 780/652/780 966/653/966 983/436/983
f 700/436/700 1257/425/1257 1076/652/1076
vt 0.3799499869346619 0.3529770076274872
f 539/653/539 587/654/587 498/437/498
f 188/437/188 456/436/456 401/653/401
vt 0.3799499869346619 0.3633190095424652
vt 0.3799499869346619 0.3736610114574432
f 1036/655/1036 1035/656/1035 1081/450/1081
f 821/450/821 928/444/928 803/655/803
vt 0.3799499869346619 0.3840030133724213
f 927/656/927 954/657/954 889/451/889
f 105/451/105 96/450/96 80/656/80
f 1090/654/1090 1210/655/1210 719/443/719
f 957/443/957 1120/437/1120 1225/654/1225
vt 0.3799499869346619 0.3943449854850769
f 1128/657/1128 1183/658/1183 710/458/710
f 1304/458/1304 1292/457/1292 1161/657/1161
f 539/655/539 515/444/515 638/443/638
f 623/658/623 270/464/270 422/458/422
f 744/457/744 769/451/769 1106/657/1106
vt 0.3799499869346619 0.4046860039234161
f 499/464/499 477/658/477 478/659/478
vt 0.3799499869346619 0.4150280058383942
f 781/659/781 1290/660/1290 325/471/325
f 516/471/516 515/465/515 539/659/539
vt 0.3799499869346619 0.4253700077533722
vt 0.3799499869346619 0.4357120096683502
f 1108/661/1108 849/662/849 771/479/771
f 121/479/121 149/478/149 150/661/150
vt 0.3799499869346619 0.4460540115833282
f 1108/662/1108 771/663/771 1136/485/1136
f 570/485/570 1211/479/1211 765/662/765
f 622/660/622 384/661/384 623/472/623
f 556/472/556 434/471/434 522/660/522
vt 0.3799499869346619 0.4563960134983063
f 607/663/607 478/664/478 570/492/570
f 607/492/607 499/486/499 478/663/478
vt 0.3799499869346619 0.4667379856109619
vt 0.3799499869346619 0.4770799875259399
f 607/665/607 570/666/570 588/499/588
f 1000/499/1000 1149/493/1149 872/665/872
vt 0.3799499869346619 0.4874210059642792
f 622/666/622 434/667/434 556/506/556
f 1121/506/1121 1087/500/1087 1226/666/1226
f 674/664/674 588/665/588 639/493/639
f 978/493/978 1014/492/1014 709/664/709
f 965/486/965 997/485/997 1293/663/1293
f 674/478/674 618/472/618 652/661/652
vt 0.3799499869346619 0.4977630078792572
vt 0.3799499869346619 0.5081049799919128
f 283/668/283 295/669/295 262/514/262
f 860/514/860 1029/513/1029 777/668/777
vt 0.3799499869346619 0.5184469819068909
f 558/669/558 557/670/557 222/520/222
f 590/520/590 174/514/174 368/669/368
vt 0.3799499869346619 0.5287889838218689
vt 0.3799499869346619 0.5391309857368469
f 101/671/101 1331/672/1331 1345/528/1345
f 483/528/483 384/527/384 557/671/557
f 639/670/639 653/671/653 677/527/677
f 675/527/675 652/521/652 651/670/651
vt 0.3799499869346619 0.5494729876518250
f 64/672/64 49/673/49 111/535/111
f 1295/535/1295 699/534/699 909/672/909
f 914/667/914 1076/668/1076 913/507/913
f 1131/507/1131 1169/506/1169 1130/667/1130
f 800/464/800 1243/659/1243 1179/465/1179
vt 0.0000000000000000 0.3417359888553619
f 1129/433/1129 802/432/802 1309/674/1309
vt 0.0000000000000000 0.3219519853591919
f 667/674/667 334/675/334 351/433/351
vt 0.0000000000000000 0.3615199923515320
f 1146/676/1146 1249/440/1249 1126/447/1126
vt 0.0000000000000000 0.3813050091266632
f 963/447/963 1121/454/1121 1122/677/1122
f 524/677/524 264/676/264 258/447/258
f 1126/674/1126 1310/432/1310 787/440/787
vt 0.0000000000000000 0.4010890126228333
f 329/678/329 1295/461/1295 457/468/457
f 609/677/609 590/454/590 357/461/357
f 818/678/818 945/677/945 1302/461/1302
f 1060/674/1060 944/440/944 972/676/972
vt 0.0000000000000000 0.4406580030918121
f 401/475/401 474/482/474 213/679/213
vt 0.0000000000000000 0.4208739995956421
f 805/679/805 891/680/891 1100/475/1100
f 1099/679/1099 740/482/740 843/489/843
vt 0.0000000000000000 0.4604429900646210
f 812/489/812 1074/681/1074 872/679/872
f 206/496/206 205/681/205 657/489/657
f 697/680/697 797/678/797 1175/468/1175
f 1483/468/1483 1539/475/1539 1554/680/1554
f 139/666/139 85/500/85 36/499/36
f 174/668/174 463/513/463 368/507/368
f 44/521/44 19/520/19 36/670/36
vt 0.0000000000000000 0.4802269935607910
f 1118/496/1118 770/503/770 955/682/955
f 1146/682/1146 788/681/788 1249/496/1249
vt 0.0000000000000000 0.5000119805335999
f 949/683/949 904/682/904 981/503/981
f 460/503/460 447/510/447 429/683/429
f 1267/517/1267 721/683/721 1104/510/1104
vt 0.0000000000000000 0.5197960138320923
f 1267/684/1267 1104/517/1104 1103/524/1103
vt 0.0000000000000000 0.5395799875259399
f 1100/685/1100 758/684/758 948/524/948
f 684/524/684 780/531/780 983/685/983
f 570/685/570 765/531/765 552/538/552
f 244/683/244 277/517/277 279/684/279
f 708/534/708 1014/528/1014 978/672/978
vt 0.3799499869346619 0.5598149895668030
f 1189/542/1189 1214/541/1214 1233/686/1233
f 1288/541/1288 906/535/906 905/673/905
f 805/673/805 1085/686/1085 892/541/892
vt 0.3799499869346619 0.5701559782028198
f 740/686/740 1100/687/1100 725/548/725
f 890/548/890 934/542/934 933/686/933
vt 0.3799499869346619 0.5804979801177979
f 554/687/554 474/688/474 231/549/231
f 833/549/833 886/548/886 951/687/951
vt 0.3799499869346619 0.5908399820327759
f 1220/688/1220 1113/689/1113 749/555/749
f 1505/555/1505 578/549/578 1400/688/1400
vt 0.3799499869346619 0.6011819839477539
vt 0.3799499869346619 0.6115239858627319
f 1026/690/1026 933/691/933 1085/563/1085
f 932/563/932 824/562/824 931/690/931
vt 0.3799499869346619 0.6218659877777100
f 556/691/556 268/692/268 433/570/433
f 906/570/906 982/569/982 905/691/905
f 932/689/932 741/690/741 726/562/726
f 1246/562/1246 762/556/762 836/689/836
vt 0.3799499869346619 0.6322079896926880
f 724/692/724 691/693/691 1214/576/1214
f 263/576/263 517/570/517 676/692/676
f 218/689/218 485/556/485 219/555/219
f 647/691/647 521/569/521 636/563/636
f 271/693/271 272/577/272 266/576/266
vt 0.3799499869346619 0.6425499916076660
f 353/693/353 495/694/495 566/583/566
f 645/583/645 1538/577/1538 659/693/659
vt 0.3799499869346619 0.6528909802436829
f 766/694/766 727/695/727 742/584/742
f 934/584/934 893/583/893 915/694/915
vt 0.3799499869346619 0.6632329821586609
vt 0.3799499869346619 0.6735749840736389
f 934/696/934 1056/697/1056 933/597/933
f 122/597/122 27/591/27 8/696/8
vt 0.3799499869346619 0.6839169859886169
f 839/697/839 1105/698/1105 1190/604/1190
f 467/604/467 469/598/469 327/697/327
f 1155/695/1155 1282/696/1282 687/591/687
f 1061/591/1061 1073/590/1073 1183/695/1183
vt 0.3799499869346619 0.6942589879035950
f 141/698/141 133/699/133 107/605/107
f 555/605/555 480/604/480 382/698/382
vt 0.3799499869346619 0.7046009898185730
vt 0.3799499869346619 0.7149429917335510
f 785/700/785 1153/701/1153 1270/618/1270
f 839/618/839 1268/612/1268 791/700/791
vt 0.3799499869346619 0.7252849936485291
f 1000/701/1000 872/702/872 698/619/698
f 839/619/839 791/618/791 743/701/743
f 353/699/353 173/700/173 589/611/589
f 544/611/544 303/605/303 536/699/536
f 1246/584/1246 836/695/836 1303/590/1303
vt 0.3799499869346619 0.7356259822845459
vt 0.3799499869346619 0.7459679841995239
f 766/703/766 1215/704/1215 727/632/727
f 381/632/381 263/626/263 188/703/188
vt 0.3799499869346619 0.7563099861145020
f 971/704/971 1007/705/1007 1003/639/1003
f 451/639/451 643/633/643 372/704/372
vt 0.3799499869346619 0.7666519880294800
f 845/705/845 844/706/844 741/640/741
f 1399/640/1399 1385/639/1385 1527/705/1527
vt 0.3799499869346619 0.7769939899444580
f 632/706/632 282/707/282 443/647/443
f 152/647/152 125/646/125 30/706/30
f 844/697/844 726/598/726 741/597/741
f 555/702/555 385/703/385 191/626/191
f 842/626/842 840/625/840 862/702/862
vt 0.0000000000000000 0.5593649744987488
f 496/708/496 233/538/233 476/545/476
vt 0.0000000000000000 0.5989339947700500
f 1581/552/1581 1545/559/1545 1544/709/1544
vt 0.0000000000000000 0.5791490077972412
f 1242/709/1242 1224/710/1224 1260/552/1260
f 753/709/753 1175/559/1175 1240/566/1240
f 537/545/537 648/552/648 514/710/514
f 403/710/403 567/708/567 375/545/375
vt 0.0000000000000000 0.6385030150413513
f 1178/573/1178 756/580/756 799/711/799
vt 0.0000000000000000 0.6187180280685425
f 373/711/373 187/712/187 261/573/261
f 1055/711/1055 977/580/977 1296/587/1296
f 300/712/300 677/566/677 463/573/463
f 42/712/42 75/709/75 156/566/156
vt 0.0000000000000000 0.6780719757080078
f 219/594/219 485/601/485 190/713/190
vt 0.0000000000000000 0.6582869887351990
f 590/713/590 368/714/368 357/594/357
vt 0.0000000000000000 0.6978560090065002
f 565/601/565 441/608/441 322/715/322
f 313/715/313 377/713/377 312/601/312
f 804/615/804 1082/715/1082 716/608/716
f 1212/587/1212 1202/714/1202 1116/711/1116
f 1006/587/1006 918/594/918 1005/714/1005
f 272/685/272 207/538/207 521/708/521
f 416/702/416 430/625/430 685/619/685
f 440/704/440 466/633/466 278/632/278
f 1536/706/1536 1342/646/1342 1392/640/1392
vt 0.0000000000000000 0.7176409959793091
f 793/716/793 968/615/968 909/622/909
vt 0.0000000000000000 0.7374250292778015
f 1588/717/1588 1575/716/1575 1560/622/1560
f 817/622/817 852/629/852 1236/717/1236
f 1116/636/1116 1324/717/1324 1223/629/1223
f 1049/715/1049 829/615/829 814/716/814
vt 0.0000000000000000 0.7572090029716492
f 692/718/692 913/636/913 1076/643/1076
vt 0.0000000000000000 0.7769939899444580
f 789/719/789 1138/718/1138 1312/643/1312
f 1225/643/1225 1120/650/1120 758/719/758
f 271/717/271 254/636/254 272/718/272
f 1557/612/1557 1352/611/1352 1341/700/1341
vt 0.9200320243835449 0.1182869970798492
vt 0.9033169746398926 0.1182869970798492
vt 0.9033169746398926 0.1013889983296394
f 1543/720/1543 1600/721/1600 1473/722/1473
vt 0.9200320243835449 0.1013889983296394
f 799/722/799 1242/723/1242 1260/720/1260
vt 0.9367470145225525 0.1182869970798492
f 246/724/246 1261/720/1261 1162/723/1162
vt 0.9367470145225525 0.1013889983296394
f 272/723/272 254/725/254 253/724/253
vt 0.9367470145225525 0.0844909995794296
f 394/726/394 490/725/490 307/723/307
vt 0.9033169746398926 0.0675920024514198
f 431/723/431 686/722/686 569/727/569
vt 0.9367470145225525 0.0675920024514198
f 734/727/734 1155/728/1155 1268/726/1268
f 717/726/717 1096/723/1096 1125/727/1125
vt 0.9534620046615601 0.1013889983296394
f 684/729/684 983/725/983 1290/726/1290
vt 0.9534620046615601 0.0844909995794296
f 738/726/738 761/730/761 684/729/684
f 344/730/344 557/726/557 384/728/384
vt 0.9534620046615601 0.0675920024514198
f 1455/728/1455 1453/731/1453 1440/730/1440
vt 0.8866019845008850 0.1182869970798492
vt 0.8698869943618774 0.1182869970798492
vt 0.8698869943618774 0.1013889983296394
f 675/732/675 607/733/607 674/734/674
vt 0.8866019845008850 0.1013889983296394
f 1202/734/1202 755/735/755 1177/732/1177
f 1431/721/1431 1360/732/1360 1342/735/1342
f 1431/735/1431 613/722/613 644/721/644
vt 0.8531720042228699 0.1013889983296394
vt 0.8531720042228699 0.0844909995794296
f 1431/734/1431 1330/736/1330 511/737/511
vt 0.8698869943618774 0.0844909995794296
f 1408/737/1408 1419/738/1419 1430/734/1430
vt 0.8531720042228699 0.0675920024514198
f 1046/738/1046 897/737/897 1047/739/1047
vt 0.8698869943618774 0.0675920024514198
f 493/739/493 309/740/309 326/738/326
f 220/735/220 556/734/556 480/738/480
f 377/738/377 376/740/376 312/727/312
f 937/727/937 936/722/936 809/735/809
f 740/735/740 1192/738/1192 843/727/843
vt 0.8698869943618774 0.0506939999759197
vt 0.8698869943618774 0.0337960012257099
vt 0.8866019845008850 0.0337960012257099
f 404/741/404 461/742/461 606/743/606
vt 0.9033169746398926 0.0337960012257099
f 873/743/873 1058/744/1058 1001/727/1001
f 514/727/514 252/740/252 655/741/655
f 1366/741/1366 1540/743/1540 1396/727/1396
vt 0.8531720042228699 0.0506939999759197
f 748/740/748 747/739/747 773/745/773
f 189/745/189 216/741/216 379/740/379
vt 0.8531720042228699 0.0337960012257099
f 331/741/331 418/745/418 431/746/431
f 1174/746/1174 1175/742/1175 753/741/753
vt 0.8866019845008850 0.0168980006128550
f 1098/744/1098 806/743/806 894/747/894
vt 0.9033169746398926 0.0168980006128550
f 752/747/752 1174/748/1174 753/744/753
vt 0.8698869943618774 0.0168980006128550
f 1145/743/1145 1144/742/1144 871/749/871
f 998/749/998 968/747/968 793/743/793
vt 0.9367470145225525 0.0506939999759197
f 1115/731/1115 1323/728/1323 815/750/815
vt 0.9534620046615601 0.0506939999759197
f 1172/750/1172 1319/751/1319 1149/731/1149
vt 0.9367470145225525 0.0337960012257099
f 342/751/342 420/750/420 215/752/215
vt 0.9534620046615601 0.0337960012257099
f 270/752/270 258/753/258 208/751/208
vt 0.9200320243835449 0.0337960012257099
f 119/754/119 131/752/131 158/750/158
f 352/750/352 493/728/493 600/727/600
f 1309/727/1309 1258/744/1258 701/754/701
f 1307/754/1307 1135/750/1135 784/727/784
vt 0.9200320243835449 0.0168980006128550
f 413/752/413 339/754/339 200/755/200
vt 0.9367470145225525 0.0168980006128550
f 1316/755/1316 1272/756/1272 1166/752/1166
f 731/754/731 702/744/702 774/748/774
f 1150/748/1150 1280/755/1280 1177/754/1177
vt 0.8437439799308777 0.0369060002267361
vt 0.8492259979248047 0.0278629995882511
f 356/757/356 650/758/650 550/746/550
vt 0.8560400009155273 0.0197969991713762
f 1216/759/1216 1235/746/1235 791/758/791
f 1115/742/1115 1173/746/1173 1323/759/1323
vt 0.8372799754142761 0.0570189990103245
vt 0.8397300243377686 0.0467050001025200
f 795/745/795 986/760/986 693/761/693
f 1207/761/1207 1158/757/1158 716/745/716
f 795/746/795 1075/745/1075 986/757/986
f 354/739/354 311/760/311 822/745/822
vt 0.8640180230140686 0.0129089998081326
f 1115/762/1115 751/749/751 1173/759/1173
vt 0.8826559782028198 0.0033080000430346
vt 0.8729630112648010 0.0073669999837875
f 995/763/995 905/747/905 964/764/964
vt 0.8928580284118652 0.0008319999906234
f 1322/765/1322 1172/747/1172 750/763/750
vt 0.9033169746398926 0.0000000000000000
f 549/766/549 586/748/586 375/765/375
f 1102/759/1102 1231/749/1231 787/742/787
f 997/765/997 996/748/996 1292/747/1292
f 1114/747/1114 1322/749/1322 750/764/750
vt 0.9137759804725647 0.0008319999906234
f 1310/748/1310 1102/766/1102 787/767/787
f 414/762/414 647/764/647 671/749/671
vt 0.8372799754142761 0.0781660005450249
vt 0.8364570140838623 0.0675920024514198
f 732/739/732 1243/768/1243 800/769/800
f 21/768/21 144/739/144 155/737/155
f 1201/739/1201 1279/769/1279 1114/760/1114
vt 0.8397300243377686 0.0884800031781197
f 1201/770/1201 723/768/723 1230/737/1230
vt 0.8437439799308777 0.0982789993286133
f 447/771/447 403/770/403 586/737/586
vt 0.8560400009155273 0.1153879985213280
vt 0.8492259979248047 0.1073219999670982
f 1442/772/1442 1378/773/1378 1395/736/1395
f 1496/771/1496 1576/736/1576 1587/773/1587
f 146/771/146 113/737/113 140/736/140
f 774/733/774 1152/772/1152 1201/734/1201
f 1572/736/1572 1483/734/1483 1542/772/1542
vt 0.8729630112648010 0.1278180032968521
f 1119/774/1119 1254/733/1254 1317/732/1317
vt 0.8640180230140686 0.1222760006785393
f 152/775/152 30/772/30 71/733/71
f 104/774/104 158/775/158 152/733/152
vt 0.8826559782028198 0.1318770051002502
f 1155/776/1155 706/774/706 1282/732/1282
vt 0.8928580284118652 0.1343529969453812
f 934/776/934 915/732/915 1056/777/1056
f 1111/721/1111 1253/777/1253 1236/732/1236
vt 0.9239779710769653 0.0033080000430346
f 1377/778/1377 1406/755/1406 1399/767/1399
vt 0.9336709976196289 0.0073669999837875
f 1141/755/1141 731/778/731 857/779/857
vt 0.9426169991493225 0.0129089998081326
f 1300/779/1300 911/780/911 912/756/912
f 971/779/971 899/756/899 1301/755/1301
vt 0.9505940079689026 0.0197969991713762
f 1321/753/1321 1113/752/1113 857/781/857
f 1325/756/1325 798/781/798 1117/752/1117
f 1171/781/1171 749/756/749 1321/780/1321
vt 0.9628900289535522 0.0369060002267361
vt 0.9574080109596252 0.0278629995882511
f 932/782/932 726/753/726 824/783/824
f 1153/781/1153 768/783/768 1270/753/1270
f 1307/751/1307 785/753/785 1270/782/1270
vt 0.9669049978256226 0.0467050001025200
f 1267/784/1267 788/751/788 1146/782/1146
vt 0.9693539738655090 0.0570189990103245
f 669/785/669 513/731/513 428/751/428
vt 0.9701769948005676 0.0675920024514198
f 1549/731/1549 1464/785/1464 1556/786/1556
f 342/785/342 357/751/357 368/784/368
vt 0.9693539738655090 0.0781660005450249
f 872/787/872 871/731/871 698/786/698
vt 0.9137759804725647 0.1343529969453812
f 1239/788/1239 1222/721/1222 1258/720/1258
vt 0.9505940079689026 0.1153879985213280
f 300/789/300 249/724/249 618/725/618
vt 0.9336709976196289 0.1278180032968521
f 612/790/612 411/720/411 492/724/492
vt 0.9033169746398926 0.1351850032806396
f 796/788/796 1239/791/1239 1258/721/1258
vt 0.9239779710769653 0.1318770051002502
f 1002/720/1002 1271/792/1271 1287/788/1287
f 1358/720/1358 1475/790/1475 1351/792/1351
vt 0.9426169991493225 0.1222760006785393
f 1191/790/1191 751/724/751 722/793/722
f 254/777/254 657/721/657 268/791/268
vt 0.9628900289535522 0.0982789993286133
f 651/729/651 516/730/516 540/794/540
vt 0.9669049978256226 0.0884800031781197
f 1314/795/1314 1252/794/1252 687/730/687
f 887/730/887 886/787/886 1022/795/1022
f 748/787/748 1170/730/1170 747/731/747
f 1195/789/1195 729/793/729 825/724/825
vt 0.9574080109596252 0.1073219999670982
f 1424/789/1424 1570/729/1570 1516/796/1516
f 465/794/465 276/796/276 527/729/527
f 696/725/696 848/729/848 1219/789/1219
f 1369/767/1369 1402/755/1402 1426/748/1426
vt 0.0000000000000000 0.0306499991565943
vt 0.0000000000000000 0.0000000000000000
vt 0.0232289992272854 0.0000000000000000
f 813/797/813 1092/798/1092 1299/799/1299
vt 0.0348430015146732 0.0612999983131886
vt 0.0000000000000000 0.0612999983131886
f 1059/797/1059 874/800/874 1072/801/1072
vt 0.0464579984545708 0.0000000000000000
f 1326/802/1326 1118/797/1118 880/799/880
vt 0.0696870014071465 0.0306499991565943
vt 0.0696870014071465 0.0000000000000000
f 585/803/585 186/802/186 231/804/231
vt 0.0696870014071465 0.0612999983131886
f 864/805/864 736/800/736 903/803/903
f 356/803/356 606/800/606 673/797/673
f 706/802/706 1010/803/1010 1282/797/1282
vt 0.0000000000000000 0.0934140011668205
vt 0.0000000000000000 0.0627639964222908
vt 0.0232289992272854 0.0627639964222908
f 1258/806/1258 1222/807/1222 701/808/701
vt 0.0348430015146732 0.1240639984607697
vt 0.0000000000000000 0.1240639984607697
f 1006/806/1006 971/809/971 1301/810/1301
f 1140/809/1140 1231/806/1231 855/808/855
vt 0.0696870014071465 0.0934140011668205
vt 0.0464579984545708 0.0627639964222908
vt 0.0696870014071465 0.0627639964222908
f 632/811/632 443/812/443 281/813/281
vt 0.0696870014071465 0.1240639984607697
f 1379/814/1379 1366/809/1366 1396/811/1396
f 1152/812/1152 1279/811/1279 1201/809/1201
f 919/808/919 1051/812/1051 961/809/961
vt 0.3814150094985962 0.6246299743652344
vt 0.3814150094985962 0.5939800143241882
vt 0.4046440124511719 0.5939800143241882
f 1200/815/1200 1112/816/1112 1320/817/1320
vt 0.4162580072879791 0.6552799940109253
vt 0.3814150094985962 0.6552799940109253
f 1139/815/1139 856/818/856 1278/819/1278
vt 0.4278729856014252 0.5939800143241882
f 1182/820/1182 1307/815/1307 687/817/687
vt 0.4511010050773621 0.6246299743652344
vt 0.4511010050773621 0.5939800143241882
f 1190/821/1190 1105/820/1105 1234/822/1234
vt 0.4511010050773621 0.6552799940109253
f 810/823/810 876/818/876 1089/821/1089
f 1189/821/1189 1233/818/1233 721/815/721
f 1139/820/1139 855/821/855 856/815/856
vt 0.4754010140895844 0.4450320005416870
vt 0.5067840218544006 0.4450320005416870
vt 0.5067840218544006 0.4682610034942627
f 1139/824/1139 1140/825/1140 855/826/855
vt 0.4440189898014069 0.4798749983310699
vt 0.4440189898014069 0.4450320005416870
f 1439/824/1439 1413/827/1413 168/828/168
vt 0.4754010140895844 0.5147179961204529
f 1511/829/1511 1499/824/1499 1459/826/1459
vt 0.5067840218544006 0.4914900064468384
f 1410/826/1410 1449/830/1449 1511/829/1511
vt 0.5067840218544006 0.5147179961204529
f 971/829/971 1003/830/1003 827/831/827
vt 0.4440189898014069 0.5147179961204529
f 810/832/810 1073/827/1073 876/829/876
f 622/829/622 556/827/556 344/824/344
vt 0.4182290136814117 0.0934140011668205
vt 0.4182290136814117 0.0627639964222908
vt 0.4414570033550262 0.0627639964222908
f 1129/833/1129 701/834/701 1171/835/1171
vt 0.4530720114707947 0.1240639984607697
vt 0.4182290136814117 0.1240639984607697
f 556/833/556 620/836/620 383/837/383
f 1470/836/1470 1477/833/1477 464/835/464
vt 0.4879150092601776 0.0934140011668205
vt 0.4646860063076019 0.0627639964222908
vt 0.4879150092601776 0.0627639964222908
f 123/838/123 67/839/67 69/840/69
vt 0.4879150092601776 0.1240639984607697
f 1215/841/1215 1251/836/1251 727/838/727
f 202/839/202 419/838/419 432/836/432
f 1077/835/1077 878/839/878 1131/836/1131
vt 0.4182290136814117 0.0306499991565943
vt 0.4182290136814117 0.0000000000000000
vt 0.4414570033550262 0.0000000000000000
f 211/842/211 593/843/593 228/844/228
vt 0.4530720114707947 0.0612999983131886
vt 0.4182290136814117 0.0612999983131886
f 908/842/908 1054/845/1054 981/846/981
vt 0.4646860063076019 0.0000000000000000
f 732/847/732 849/842/849 1243/844/1243
vt 0.4879150092601776 0.0306499991565943
vt 0.4879150092601776 0.0000000000000000
f 370/848/370 389/847/389 406/849/406
vt 0.4879150092601776 0.0612999983131886
f 516/850/516 519/845/519 654/848/654
f 676/848/676 449/845/449 1011/842/1011
f 119/847/119 91/848/91 86/842/86
vt 0.0124300001189113 0.1596399992704391
vt 0.0000000000000000 0.1255290061235428
vt 0.0000000000000000 0.1596399992704391
f 1276/851/1276 1277/852/1277 1138/853/1138
vt 0.0244590006768703 0.1596399992704391
vt 0.0124300001189113 0.1255290061235428
f 98/854/98 39/855/39 96/851/96
vt 0.0362950004637241 0.1596399992704391
vt 0.0244590006768703 0.1255290061235428
f 639/856/639 588/857/588 653/854/653
vt 0.0479959994554520 0.1596399992704391
vt 0.0362950004637241 0.1255290061235428
f 1320/858/1320 1112/859/1112 877/856/877
vt 0.0596969984471798 0.1596399992704391
vt 0.0479959994554520 0.1255290061235428
f 693/860/693 986/861/986 824/858/824
vt 0.0713979974389076 0.1596399992704391
vt 0.0596969984471798 0.1255290061235428
f 973/862/973 1060/863/1060 875/860/875
vt 0.0830990001559258 0.1596399992704391
vt 0.0713979974389076 0.1255290061235428
f 1013/864/1013 899/865/899 924/862/924
vt 0.0948010012507439 0.1596399992704391
vt 0.0830990001559258 0.1255290061235428
f 1509/866/1509 1535/867/1535 1414/864/1414
vt 0.1072300001978874 0.1596399992704391
vt 0.0948010012507439 0.1255290061235428
f 987/868/987 1047/869/1047 1027/866/1027
vt 0.1192599982023239 0.1596399992704391
vt 0.1072300001978874 0.1255290061235428
f 1593/870/1593 1490/871/1490 641/868/641
vt 0.1310960054397583 0.1596399992704391
vt 0.1192599982023239 0.1255290061235428
f 1214/872/1214 1250/873/1250 1233/870/1233
vt 0.1427969932556152 0.1596399992704391
vt 0.1310960054397583 0.1255290061235428
f 681/874/681 290/875/290 291/872/291
vt 0.1544979959726334 0.1596399992704391
vt 0.1427969932556152 0.1255290061235428
f 734/876/734 1268/877/1268 861/874/861
vt 0.1661989986896515 0.1596399992704391
vt 0.1544979959726334 0.1255290061235428
f 1222/878/1222 730/879/730 701/876/701
vt 0.1779000014066696 0.1596399992704391
vt 0.1661989986896515 0.1255290061235428
f 232/880/232 311/881/311 354/878/354
vt 0.1896010041236877 0.1596399992704391
vt 0.1779000014066696 0.1255290061235428
f 856/882/856 1221/883/1221 1200/880/1200
vt 0.2020310014486313 0.1596399992704391
vt 0.1896010041236877 0.1255290061235428
f 9/884/9 13/885/13 31/882/31
vt 0.2140599936246872 0.1596399992704391
vt 0.2020310014486313 0.1255290061235428
f 957/886/957 1225/887/1225 1046/884/1046
vt 0.2258960008621216 0.1596399992704391
vt 0.2140599936246872 0.1255290061235428
f 870/888/870 154/889/154 160/886/160
vt 0.2375970035791397 0.1596399992704391
vt 0.2258960008621216 0.1255290061235428
f 1055/890/1055 1075/891/1075 977/888/977
vt 0.2492980062961578 0.1596399992704391
vt 0.2375970035791397 0.1255290061235428
f 1220/892/1220 854/893/854 1237/890/1237
vt 0.2609989941120148 0.1596399992704391
vt 0.2492980062961578 0.1255290061235428
f 517/894/517 553/895/553 201/892/201
vt 0.2727000117301941 0.1596399992704391
vt 0.2609989941120148 0.1255290061235428
f 1439/896/1439 1414/897/1414 1413/894/1413
vt 0.2844020128250122 0.1596399992704391
vt 0.2727000117301941 0.1255290061235428
f 1186/898/1186 1219/899/1219 806/896/806
vt 0.2968310117721558 0.1596399992704391
vt 0.2844020128250122 0.1255290061235428
f 627/900/627 527/901/527 323/898/323
vt 0.3088609874248505 0.1596399992704391
vt 0.2968310117721558 0.1255290061235428
f 1267/902/1267 1103/903/1103 788/900/788
vt 0.3206970095634460 0.1596399992704391
vt 0.3088609874248505 0.1255290061235428
f 615/904/615 647/905/647 636/902/636
vt 0.3323979973793030 0.1596399992704391
vt 0.3206970095634460 0.1255290061235428
f 243/906/243 227/907/227 486/904/486
vt 0.3440989851951599 0.1596399992704391
vt 0.3323979973793030 0.1255290061235428
f 1102/908/1102 1199/909/1199 1231/906/1231
vt 0.3558000028133392 0.1596399992704391
vt 0.3440989851951599 0.1255290061235428
f 1091/910/1091 941/911/941 746/908/746
vt 0.3675009906291962 0.1596399992704391
vt 0.3558000028133392 0.1255290061235428
f 585/912/585 603/913/603 634/910/634
vt 0.3792020082473755 0.1596399992704391
vt 0.3675009906291962 0.1255290061235428
f 1380/914/1380 1390/915/1390 1371/912/1371
vt 0.0000000000000000 0.1937510073184967
vt 0.0157999992370605 0.1937510073184967
f 1107/853/1107 1193/916/1193 768/917/768
f 1098/917/1098 1186/851/1186 806/853/806
f 1538/917/1538 1547/854/1547 1487/851/1487
vt 0.0315999984741211 0.1937510073184967
vt 0.0474000014364719 0.1937510073184967
f 1154/856/1154 705/918/705 733/919/733
f 825/919/825 1087/858/1087 958/856/958
vt 0.0631999969482422 0.1937510073184967
f 895/920/895 807/862/807 1187/860/1187
f 989/858/989 990/919/990 1275/920/1275
f 1302/920/1302 945/860/945 1032/858/1032
f 1302/918/1302 993/856/993 1078/854/1078
vt 0.0790000036358833 0.1937510073184967
vt 0.0948010012507439 0.1937510073184967
f 853/864/853 746/921/746 941/922/941
f 1006/922/1006 1007/866/1007 971/864/971
vt 0.1106010004878044 0.1937510073184967
f 1090/866/1090 1237/922/1237 853/923/853
f 367/923/367 550/868/550 341/866/341
vt 0.1264010071754456 0.1937510073184967
f 240/924/240 406/872/406 576/870/576
vt 0.1422010064125061 0.1937510073184967
vt 0.1580010056495667 0.1937510073184967
f 812/874/812 1237/925/1237 1090/926/1090
f 1119/926/1119 1088/876/1088 1110/874/1110
f 203/872/203 415/924/415 429/925/429
f 766/925/766 1234/874/1234 1215/872/1215
f 1197/923/1197 1028/870/1028 864/868/864
f 652/921/652 249/864/249 518/862/518
f 675/918/675 674/854/674 652/917/652
f 1494/920/1494 1532/921/1532 1480/862/1480
f 130/924/130 44/870/44 47/923/47
vt 0.1738010048866272 0.1937510073184967
f 447/880/447 616/878/616 429/927/429
vt 0.1896010041236877 0.1937510073184967
f 1439/928/1439 1451/882/1451 1414/880/1414
f 896/880/896 895/927/895 894/928/894
f 140/927/140 1513/878/1513 1450/876/1450
f 795/876/795 693/926/693 1133/927/1133
vt 0.2054010033607483 0.1937510073184967
f 1324/929/1324 1259/886/1259 1223/884/1223
vt 0.2212010025978088 0.1937510073184967
f 251/930/251 429/888/429 616/886/616
vt 0.2370010018348694 0.1937510073184967
vt 0.2528010010719299 0.1937510073184967
f 696/890/696 1275/931/1275 794/932/794
f 129/932/129 33/892/33 1474/890/1474
vt 0.2686010003089905 0.1937510073184967
f 1325/933/1325 1178/896/1178 1128/894/1128
f 688/932/688 1015/894/1015 1142/892/1142
f 229/888/229 361/930/361 185/931/185
f 470/931/470 508/890/508 471/888/471
vt 0.2844020128250122 0.1937510073184967
vt 0.3002020120620728 0.1937510073184967
f 754/898/754 1176/934/1176 755/935/755
f 740/935/740 1225/900/1225 1100/898/1100
f 1107/935/1107 768/902/768 956/900/956
vt 0.3160020112991333 0.1937510073184967
vt 0.3318020105361938 0.1937510073184967
f 1369/904/1369 1391/936/1391 1371/937/1371
f 990/937/990 1162/906/1162 1261/904/1261
vt 0.3476020097732544 0.1937510073184967
f 1235/938/1235 847/910/847 1164/908/1164
f 148/906/148 37/937/37 123/938/123
f 952/938/952 821/908/821 803/906/803
f 1207/936/1207 1229/904/1229 803/902/803
f 873/896/873 1157/933/1157 970/934/970
f 191/934/191 610/898/610 236/896/236
f 507/929/507 180/884/180 595/882/595
f 365/882/365 173/928/173 353/929/353
f 812/930/812 872/886/872 1237/929/1237
f 1085/932/1085 1296/933/1296 892/894/892
f 303/936/303 633/902/633 536/935/536
vt 0.3634020090103149 0.1937510073184967
vt 0.3792020082473755 0.1937510073184967
f 1202/912/1202 1280/939/1280 1116/940/1116
f 540/940/540 539/914/539 498/912/498
f 689/938/689 1223/939/1223 1241/910/1241
f 1075/910/1075 915/939/915 986/912/986
vt 0.9849200248718262 0.0220519993454218
vt 0.9849200248718262 0.0000000000000000
vt 0.9915969967842102 0.0000000000000000
f 1056/941/1056 1075/942/1075 1055/943/1055
vt 0.9915969967842102 0.0220519993454218
f 497/943/497 637/944/637 538/941/538
vt 0.9782810211181641 0.0220519993454218
vt 0.9782810211181641 0.0000000000000000
f 260/945/260 462/946/462 921/942/921
f 725/942/725 913/941/913 692/945/692
vt 0.9849200248718262 0.0432239994406700
f 43/947/43 739/941/739 1042/944/1042
vt 0.9915969967842102 0.0432239994406700
f 14/944/14 99/948/99 103/947/103
vt 0.9782810211181641 0.0432239994406700
f 1325/949/1325 1241/945/1241 798/941/798
f 696/941/696 1318/947/1318 793/949/793
vt 0.9849200248718262 0.0646540001034737
f 122/950/122 8/947/8 147/948/147
vt 0.9915969967842102 0.0646540001034737
f 1444/948/1444 1466/951/1466 1551/950/1551
vt 0.9782810211181641 0.0646540001034737
f 381/952/381 172/949/172 316/947/316
f 1255/947/1255 872/950/872 1319/952/1319
vt 0.9849200248718262 0.0849979966878891
f 676/953/676 1011/950/1011 991/951/991
vt 0.9915969967842102 0.0849979966878891
f 1219/951/1219 848/954/848 806/953/806
vt 0.9782810211181641 0.0849979966878891
f 896/955/896 956/952/956 955/950/955
f 1550/950/1550 1577/953/1577 1545/955/1545
vt 0.9849200248718262 0.1055919975042343
f 446/956/446 635/953/635 968/954/968
vt 0.9915969967842102 0.1055919975042343
f 1062/954/1062 910/957/910 911/956/911
vt 0.9782810211181641 0.1055919975042343
f 1313/958/1313 1274/955/1274 790/953/790
f 1278/953/1278 1200/956/1200 1320/958/1320
vt 0.9849200248718262 0.1261859983205795
f 1302/959/1302 1066/956/1066 1051/957/1051
vt 0.9915969967842102 0.1261859983205795
f 750/957/750 1172/960/1172 751/959/751
vt 0.9782810211181641 0.1261859983205795
f 339/961/339 548/958/548 200/956/200
f 782/956/782 160/959/160 146/961/146
vt 0.9849200248718262 0.1467790007591248
f 989/962/989 1275/959/1275 699/960/699
vt 0.9915969967842102 0.1467790007591248
f 1599/960/1599 1351/963/1351 1365/962/1365
vt 0.9782810211181641 0.1467790007591248
f 855/964/855 1221/961/1221 856/959/856
f 748/959/748 796/962/796 1170/964/1170
vt 0.9849200248718262 0.1673730015754700
f 1107/965/1107 728/962/728 1193/963/1193
vt 0.9915969967842102 0.1673730015754700
f 729/963/729 902/966/902 1033/965/1033
vt 0.9782810211181641 0.1673730015754700
f 192/967/192 176/964/176 408/962/408
f 110/962/110 48/965/48 138/967/138
vt 0.9849200248718262 0.1879670023918152
f 828/968/828 923/965/923 992/966/992
vt 0.9915969967842102 0.1879670023918152
f 25/966/25 137/969/137 45/968/45
vt 0.9782810211181641 0.1879670023918152
f 41/970/41 74/967/74 1582/965/1582
f 1298/965/1298 1317/968/1317 1254/970/1254
vt 0.9849200248718262 0.2085610032081604
f 1062/971/1062 942/968/942 1063/969/1063
vt 0.9915969967842102 0.2085610032081604
f 1163/969/1163 1126/972/1126 787/971/787
vt 0.9782810211181641 0.2085610032081604
f 1562/973/1562 1591/970/1591 1576/968/1576
f 322/968/322 494/971/494 583/973/583
vt 0.9849200248718262 0.2306129932403564
f 696/974/696 1219/971/1219 1318/972/1318
vt 0.9915969967842102 0.2306129932403564
f 1273/972/1273 1014/975/1014 708/974/708
vt 0.9782810211181641 0.2306129932403564
f 744/976/744 1106/973/1106 1314/971/1314
f 896/971/896 894/974/894 806/976/806
vt 0.9849200248718262 0.2517850100994110
f 5/977/5 107/974/107 82/975/82
vt 0.9915969967842102 0.2517850100994110
f 1592/975/1592 1593/978/1593 1604/977/1604
vt 0.9782810211181641 0.2517850100994110
f 701/979/701 730/976/730 1171/974/1171
f 87/974/87 1501/977/1501 1412/979/1412
vt 0.9849200248718262 0.2732149958610535
f 66/980/66 65/977/65 61/978/61
vt 0.9915969967842102 0.2732149958610535
f 500/978/500 357/981/357 553/980/553
vt 0.9782810211181641 0.2732149958610535
f 1330/982/1330 225/979/225 224/977/224
f 403/977/403 375/980/375 586/982/586
vt 0.9849200248718262 0.2935590147972107
f 1107/983/1107 956/980/956 848/981/848
vt 0.9915969967842102 0.2935590147972107
f 572/981/572 186/984/186 475/983/475
vt 0.9782810211181641 0.2935590147972107
f 354/985/354 822/982/822 1025/980/1025
f 460/980/460 403/983/403 447/985/447
vt 0.9849200248718262 0.3141529858112335
f 748/986/748 773/983/773 854/984/854
vt 0.9915969967842102 0.3141529858112335
f 700/984/700 977/987/977 1275/986/1275
vt 0.9782810211181641 0.3141529858112335
f 816/988/816 1093/985/1093 1300/983/1300
f 1465/983/1465 1528/986/1528 1515/988/1515
vt 0.9849200248718262 0.3347469866275787
f 604/989/604 187/986/187 171/987/171
vt 0.9915969967842102 0.3347469866275787
f 1074/987/1074 871/990/871 872/989/872
vt 0.9782810211181641 0.3347469866275787
f 319/991/319 508/988/508 470/986/470
f 943/986/943 956/989/956 768/991/768
vt 0.9849200248718262 0.3553409874439240
f 895/992/895 1108/989/1108 807/990/807
vt 0.9915969967842102 0.3553409874439240
f 1298/990/1298 976/993/976 1010/992/1010
vt 0.9782810211181641 0.3553409874439240
f 920/994/920 940/991/940 1010/989/1010
f 742/989/742 845/992/845 741/994/741
vt 0.9849200248718262 0.3759340047836304
f 790/995/790 1274/992/1274 1251/993/1251
vt 0.9915969967842102 0.3759340047836304
f 1298/993/1298 1010/996/1010 940/995/940
vt 0.9782810211181641 0.3759340047836304
f 369/997/369 475/994/475 171/992/171
f 1301/992/1301 1166/995/1166 881/997/881
vt 0.9849200248718262 0.3965280055999756
f 1376/998/1376 1455/995/1455 1440/996/1440
vt 0.9915969967842102 0.3965280055999756
f 1323/996/1323 1149/999/1149 1000/998/1000
vt 0.9782810211181641 0.3965280055999756
f 579/1000/579 198/997/198 393/995/393
f 1221/995/1221 746/998/746 1198/1000/1198
vt 0.9849200248718262 0.4171220064163208
f 1235/1001/1235 1164/998/1164 743/999/743
vt 0.9915969967842102 0.4171220064163208
f 573/999/573 370/1002/370 172/1001/172
vt 0.9782810211181641 0.4171220064163208
f 381/1003/381 188/1000/188 172/998/172
f 795/998/795 1275/1001/1275 1075/1003/1075
vt 0.9849200248718262 0.4391739964485168
f 1306/1004/1306 837/1001/837 838/1002/838
vt 0.9915969967842102 0.4391739964485168
f 645/1002/645 196/1005/196 371/1004/371
vt 0.9782810211181641 0.4391739964485168
f 423/1006/423 266/1003/266 655/1001/655
f 1507/1001/1507 1441/1004/1441 1608/1006/1608
vt 0.9849200248718262 0.4603469967842102
f 999/1007/999 1131/1004/1131 711/1005/711
vt 0.9915969967842102 0.4603469967842102
f 1399/1005/1399 243/1008/243 501/1007/501
vt 0.9782810211181641 0.4603469967842102
f 1311/1009/1311 1232/1006/1232 788/1004/788
f 1381/1004/1381 1368/1007/1368 1424/1009/1424
vt 0.9849200248718262 0.4817759990692139
f 1585/1010/1585 1607/1007/1607 1492/1008/1492
vt 0.9915969967842102 0.4817759990692139
f 1316/1008/1316 1315/1011/1315 1272/1010/1272
vt 0.9782810211181641 0.4817759990692139
f 970/1012/970 1272/1009/1272 1058/1007/1058
f 1111/1007/1111 811/1010/811 1089/1012/1089
vt 0.9849200248718262 0.5021200180053711
f 382/1013/382 576/1010/576 574/1011/574
vt 0.9915969967842102 0.5021200180053711
f 1566/1011/1566 1479/1014/1479 1486/1013/1486
vt 0.9782810211181641 0.5021200180053711
f 1276/1015/1276 700/1012/700 1256/1010/1256
f 980/1010/980 997/1013/997 908/1015/908
vt 0.9849200248718262 0.5227140188217163
f 1326/1016/1326 912/1013/912 688/1014/688
vt 0.9915969967842102 0.5227140188217163
f 827/1014/827 924/1017/924 899/1016/899
vt 0.9782810211181641 0.5227140188217163
f 458/1018/458 299/1015/299 365/1013/365
f 175/1013/175 589/1016/589 591/1018/591
vt 0.9849200248718262 0.5433080196380615
f 625/1019/625 440/1016/440 564/1017/564
vt 0.9915969967842102 0.5433080196380615
f 853/1017/853 829/1020/829 1198/1019/1198
vt 0.9782810211181641 0.5433080196380615
f 810/1021/810 1263/1018/1263 1073/1016/1073
f 504/1016/504 562/1019/562 391/1021/391
vt 0.9849200248718262 0.5639020204544067
f 220/1022/220 237/1019/237 556/1020/556
vt 0.9915969967842102 0.5639020204544067
f 510/1020/510 472/1023/472 612/1022/612
vt 0.9782810211181641 0.5639020204544067
f 744/1024/744 846/1021/846 769/1019/769
f 669/1019/669 170/1022/170 634/1024/634
vt 0.9849200248718262 0.5844960212707520
f 42/1025/42 156/1022/156 101/1023/101
vt 0.9915969967842102 0.5844960212707520
f 900/1023/900 939/1026/939 817/1025/817
vt 0.9782810211181641 0.5844960212707520
f 1573/1027/1573 1543/1024/1543 1484/1022/1484
f 1063/1022/1063 943/1025/943 1153/1027/1153
vt 0.9849200248718262 0.6050890088081360
f 1383/1028/1383 1392/1025/1392 1398/1026/1398
vt 0.9915969967842102 0.6050890088081360
f 1093/1026/1093 942/1029/942 1062/1028/1062
vt 0.9782810211181641 0.6050890088081360
f 962/1030/962 778/1027/778 862/1025/862
f 1478/1025/1478 1597/1028/1597 1596/1030/1596
vt 0.9849200248718262 0.6256830096244812
f 620/1031/620 621/1028/621 383/1029/383
vt 0.9915969967842102 0.6256830096244812
f 664/1029/664 631/1032/631 453/1031/453
vt 0.9782810211181641 0.6256830096244812
f 300/1033/300 618/1030/618 677/1028/677
f 1495/1028/1495 1576/1031/1576 1496/1033/1496
vt 0.9849200248718262 0.6477349996566772
f 1271/1034/1271 1272/1031/1272 969/1032/969
vt 0.9915969967842102 0.6477349996566772
f 988/1032/988 1094/1035/1094 947/1034/947
vt 0.9782810211181641 0.6477349996566772
f 634/1036/634 603/1033/603 456/1031/456
f 864/1031/864 1206/1034/1206 779/1036/779
vt 0.9849200248718262 0.6689079999923706
f 1172/1037/1172 1173/1034/1173 751/1035/751
vt 0.9915969967842102 0.6689079999923706
f 1279/1035/1279 1322/1038/1322 1114/1037/1114
vt 0.9782810211181641 0.6689079999923706
f 1253/1039/1253 876/1036/876 1167/1034/1167
f 260/1034/260 921/1037/921 1261/1039/1261
vt 0.9849200248718262 0.6903370022773743
f 940/1040/940 1088/1037/1088 1317/1038/1317
vt 0.9915969967842102 0.6903370022773743
f 1298/1038/1298 1008/1041/1008 1009/1040/1009
vt 0.9782810211181641 0.6903370022773743
f 762/1042/762 140/1039/140 930/1037/930
f 1298/1037/1298 1254/1040/1254 1137/1042/1137
vt 0.9849200248718262 0.7106810212135315
f 1129/1043/1129 1309/1040/1309 701/1041/701
vt 0.9915969967842102 0.7106810212135315
f 918/1041/918 939/1044/939 960/1043/960
vt 0.9782810211181641 0.7106810212135315
f 1319/1045/1319 872/1042/872 1149/1040/1149
f 468/1040/468 584/1043/584 505/1045/505
vt 0.9849200248718262 0.7312750220298767
f 584/1046/584 596/1043/596 180/1044/180
vt 0.9915969967842102 0.7312750220298767
f 814/1044/814 747/1047/747 1169/1046/1169
vt 0.9782810211181641 0.7312750220298767
f 1112/1048/1112 813/1045/813 877/1043/877
f 35/1043/35 43/1046/43 46/1048/46
vt 0.9849200248718262 0.7518690228462219
f 458/1049/458 541/1046/541 299/1047/299
vt 0.9915969967842102 0.7518690228462219
f 931/1047/931 824/1050/824 893/1049/893
vt 0.9782810211181641 0.7518690228462219
f 914/1051/914 977/1048/977 1076/1046/1076
f 1325/1046/1325 1117/1049/1117 1178/1051/1178
vt 0.9849200248718262 0.7724630236625671
f 1108/1052/1108 1086/1049/1086 807/1050/807
vt 0.9915969967842102 0.7724630236625671
f 896/1050/896 1108/1053/1108 895/1052/895
vt 0.9782810211181641 0.7724630236625671
f 1127/1054/1127 688/1051/688 1142/1049/1142
f 644/1049/644 196/1052/196 197/1054/197
vt 0.9849200248718262 0.7930570244789124
f 876/1055/876 1151/1052/1151 1167/1053/1167
vt 0.9915969967842102 0.7930570244789124
f 1247/1053/1247 1158/1056/1158 1069/1055/1069
vt 0.9782810211181641 0.7930570244789124
f 1217/1057/1217 745/1054/745 1047/1052/1047
f 744/1052/744 1165/1055/1165 846/1057/846
vt 0.9849200248718262 0.8136510252952576
f 338/1058/338 660/1055/660 547/1056/547
vt 0.9915969967842102 0.8136510252952576
f 651/1056/651 519/1059/519 516/1058/516
vt 0.9782810211181641 0.8136510252952576
f 139/1060/139 34/1057/34 75/1055/75
f 56/1055/56 2/1058/2 17/1060/17
vt 0.9849200248718262 0.8342440128326416
f 366/1061/366 376/1058/376 340/1059/340
vt 0.9915969967842102 0.8342440128326416
f 1093/1059/1093 955/1062/955 942/1061/942
vt 0.9782810211181641 0.8342440128326416
f 540/1063/540 498/1060/498 499/1058/499
f 1101/1058/1101 1245/1061/1245 1124/1063/1124
vt 0.9985349774360657 0.0000000000000000
vt 0.9985349774360657 0.0220519993454218
f 814/943/814 829/1064/829 773/1065/773
f 1000/1065/1000 698/944/698 697/943/697
vt 0.9985349774360657 0.0432239994406700
f 698/1066/698 871/948/871 1057/944/1057
f 1324/944/1324 1136/1065/1136 1259/1066/1259
vt 0.9985349774360657 0.0646540001034737
f 797/1067/797 1176/951/1176 754/948/754
f 900/948/900 961/1066/961 1031/1067/1031
vt 0.9985349774360657 0.0849979966878891
f 926/1068/926 83/954/83 1052/951/1052
f 1107/951/1107 848/1067/848 769/1068/769
vt 0.9985349774360657 0.1055919975042343
f 284/1069/284 545/957/545 631/954/631
f 744/954/744 1314/1068/1314 1165/1069/1165
vt 0.9985349774360657 0.1467790007591248
f 1228/1070/1228 935/963/935 808/960/808
vt 0.9985349774360657 0.1261859983205795
f 313/960/313 312/1071/312 296/1070/296
vt 0.9985349774360657 0.1673730015754700
f 1072/1072/1072 759/966/759 808/963/808
f 729/963/729 1194/1070/1194 898/1072/898
f 504/1071/504 180/960/180 596/957/596
f 826/957/826 940/1069/940 1029/1071/1029
vt 0.9985349774360657 0.1879670023918152
f 1532/1073/1532 1441/969/1441 1507/966/1507
f 401/966/401 456/1072/456 603/1073/603
vt 0.9716420173645020 0.0154489995911717
f 360/946/360 577/945/577 347/1074/347
vt 0.9716420173645020 0.0000000000000000
f 329/1074/329 783/1075/783 1295/946/1295
vt 0.9985349774360657 0.2085610032081604
f 1147/969/1147 1183/1073/1183 1128/1076/1128
f 1109/1076/1109 1218/972/1218 852/969/852
vt 0.9985349774360657 0.2306129932403564
f 845/1077/845 1134/975/1134 844/972/844
f 900/972/900 919/1076/919 961/1077/961
vt 0.9985349774360657 0.2732149958610535
f 1011/1078/1011 830/981/830 1238/978/1238
vt 0.9985349774360657 0.2517850100994110
f 1117/978/1117 798/1079/798 1136/1078/1136
vt 0.9985349774360657 0.2935590147972107
f 447/1080/447 586/984/586 637/981/637
f 414/981/414 266/1078/266 647/1080/647
f 931/1079/931 832/978/832 902/975/902
f 41/975/41 1582/1077/1582 1485/1079/1485
vt 0.9985349774360657 0.3347469866275787
f 1139/1081/1139 786/990/786 1140/987/1140
vt 0.9985349774360657 0.3141529858112335
f 1018/987/1018 760/1082/760 834/1081/834
vt 0.9985349774360657 0.3553409874439240
f 795/1083/795 794/993/794 1275/990/1275
f 240/990/240 609/1081/609 406/1083/406
vt 0.9985349774360657 0.3965280055999756
f 938/1084/938 937/999/937 809/996/809
vt 0.9985349774360657 0.3759340047836304
f 1059/996/1059 1072/1085/1072 808/1084/808
vt 0.9985349774360657 0.4171220064163208
f 8/1086/8 27/1002/27 30/999/30
f 1397/999/1397 1380/1084/1380 1371/1086/1371
f 1004/1085/1004 850/996/850 828/993/828
f 938/993/938 1030/1083/1030 850/1085/850
f 825/1082/825 1110/987/1110 940/984/940
f 1091/984/1091 830/1080/830 720/1082/720
vt 0.9985349774360657 0.4391739964485168
f 1250/1002/1250 789/1086/789 1233/1087/1233
f 765/1087/765 1211/1005/1211 941/1002/941
vt 0.9716420173645020 0.0463469997048378
vt 0.9716420173645020 0.0308979991823435
f 959/1088/959 937/1089/937 899/949/899
f 523/1089/523 205/1074/205 257/945/257
vt 0.9716420173645020 0.0617959983646870
f 973/949/973 875/952/875 917/1090/917
f 1347/1090/1347 1335/1088/1335 1355/949/1355
f 927/1089/927 1039/945/1039 954/949/954
vt 0.9716420173645020 0.0772449970245361
f 781/952/781 325/955/325 512/1091/512
f 620/1091/620 205/1090/205 269/952/269
vt 0.9716420173645020 0.1081430017948151
f 931/955/931 934/958/934 890/1092/890
vt 0.9716420173645020 0.0926939994096756
f 1043/1092/1043 165/1093/165 1044/955/1044
vt 0.9716420173645020 0.1390410065650940
f 575/961/575 387/964/387 386/1094/386
vt 0.9716420173645020 0.1235919967293739
f 989/1094/989 1295/1095/1295 783/961/783
vt 0.9716420173645020 0.1699389964342117
f 558/964/558 485/967/485 483/1096/483
vt 0.9716420173645020 0.1544899940490723
f 770/1096/770 849/1097/849 1108/964/1108
f 12/958/12 29/961/29 122/1095/122
f 1111/1095/1111 962/1092/962 811/958/811
vt 0.9716420173645020 0.1853879988193512
f 1036/967/1036 1079/970/1079 950/1098/950
f 374/1098/374 354/1096/354 1025/967/1025
f 813/955/813 829/1093/829 1092/1091/1092
f 782/964/782 870/1097/870 160/1094/160
vt 0.9716420173645020 0.2008370012044907
f 985/1099/985 999/1098/999 1016/970/1016
f 1029/970/1029 940/973/940 920/1099/920
vt 0.9716420173645020 0.2317350059747696
f 190/973/190 568/976/568 340/1100/340
vt 0.9716420173645020 0.2162860035896301
f 552/1100/552 765/1101/765 720/973/720
vt 0.9716420173645020 0.2471839934587479
f 767/976/767 1116/979/1116 1223/1102/1223
f 1111/1102/1111 1197/1100/1197 851/976/851
vt 0.9716420173645020 0.2626320123672485
f 1276/979/1276 1168/982/1168 746/1103/746
f 470/1103/470 291/1102/291 292/979/292
f 1111/1099/1111 1218/973/1218 1197/1101/1197
vt 0.9716420173645020 0.2935299873352051
f 1111/982/1111 851/985/851 962/1104/962
vt 0.9716420173645020 0.2780809998512268
f 1061/1104/1061 876/1105/876 1073/982/1073
vt 0.9716420173645020 0.3089790046215057
f 1111/985/1111 1089/988/1089 876/1106/876
f 1037/1106/1037 926/1104/926 885/985/885
vt 0.9716420173645020 0.3553259968757629
f 336/991/336 642/994/642 466/1107/466
vt 0.9716420173645020 0.3398770093917847
f 721/1107/721 1233/1108/1233 1104/991/1104
vt 0.9716420173645020 0.3707750141620636
f 352/994/352 600/997/600 582/1109/582
f 825/1109/825 898/1107/898 1196/994/1196
f 147/988/147 8/991/8 121/1108/121
vt 0.9716420173645020 0.3244279921054840
f 1060/1108/1060 972/1110/972 875/988/875
vt 0.9716420173645020 0.4016729891300201
f 423/997/423 657/1000/657 254/1111/254
vt 0.9716420173645020 0.3862240016460419
f 483/1111/483 485/1112/485 345/997/345
f 1422/1105/1422 1445/1103/1445 1606/982/1606
f 1108/997/1108 698/1112/698 1086/1109/1086
f 1141/1110/1141 857/1106/857 1113/988/1113
vt 0.9716420173645020 0.4171220064163208
f 1109/1000/1109 881/1003/881 792/1113/792
f 463/1113/463 677/1111/677 653/1000/653
vt 0.9985349774360657 0.4603469967842102
f 201/1114/201 317/1008/317 449/1005/449
f 1092/1005/1092 829/1087/829 1049/1114/1049
vt 0.9985349774360657 0.4817759990692139
f 1184/1008/1184 1328/1114/1328 1285/1115/1285
f 1204/1115/1204 860/1011/860 734/1008/734
vt 0.9985349774360657 0.5021200180053711
f 1115/1116/1115 722/1014/722 751/1011/751
f 520/1011/520 650/1115/650 419/1116/419
vt 0.9985349774360657 0.5227140188217163
f 191/1117/191 236/1017/236 237/1014/237
f 1269/1014/1269 1257/1116/1257 1132/1117/1132
vt 0.9985349774360657 0.5639020204544067
f 1399/1118/1399 501/1023/501 1385/1020/1385
vt 0.9985349774360657 0.5433080196380615
f 413/1020/413 646/1119/646 670/1118/670
vt 0.9985349774360657 0.5844960212707520
f 1534/1120/1534 1452/1026/1452 1415/1023/1415
f 1043/1023/1043 1044/1118/1044 837/1120/837
f 1043/1119/1043 930/1020/930 599/1017/599
f 853/1017/853 1237/1117/1237 854/1119/854
vt 0.9985349774360657 0.6050890088081360
f 202/1121/202 264/1029/264 419/1026/419
f 1150/1026/1150 698/1120/698 1136/1121/1136
vt 0.9716420173645020 0.4634689986705780
f 679/1006/679 439/1009/439 199/1122/199
vt 0.9716420173645020 0.4480200111865997
f 825/1122/825 940/1123/940 1087/1006/1087
vt 0.9716420173645020 0.4789179861545563
f 1389/1009/1389 1355/1012/1355 1388/1124/1388
f 192/1124/192 408/1122/408 240/1009/240
vt 0.9716420173645020 0.4325709939002991
f 879/1003/879 1174/1006/1174 752/1125/752
f 523/1125/523 257/1113/257 265/1003/265
vt 0.9985349774360657 0.6256830096244812
f 1139/1029/1139 1278/1121/1278 786/1126/786
f 1307/1126/1307 1270/1032/1270 695/1029/695
vt 0.9985349774360657 0.6477349996566772
f 877/1127/877 813/1035/813 1299/1032/1299
f 696/1032/696 699/1126/699 1275/1127/1275
vt 0.9985349774360657 0.6903370022773743
f 964/1128/964 982/1041/982 907/1038/907
vt 0.9985349774360657 0.6689079999923706
f 921/1038/921 991/1129/991 1168/1128/1168
vt 0.9985349774360657 0.7106810212135315
f 1150/1130/1150 1136/1044/1136 1324/1041/1324
f 438/1041/438 512/1128/512 325/1130/325
f 974/1129/974 876/1038/876 1061/1035/1061
f 876/1035/876 1137/1127/1137 1151/1129/1151
vt 0.9985349774360657 0.7518690228462219
f 960/1131/960 939/1050/939 1050/1047/1050
vt 0.9985349774360657 0.7312750220298767
f 1207/1047/1207 803/1132/803 928/1131/928
vt 0.9985349774360657 0.7724630236625671
f 1201/1133/1201 1114/1053/1114 723/1050/723
f 635/1050/635 909/1131/909 968/1133/968
vt 0.9985349774360657 0.8136510252952576
f 1422/1134/1422 1568/1059/1568 1445/1056/1445
vt 0.9985349774360657 0.7930570244789124
f 1137/1056/1137 1254/1135/1254 1151/1134/1151
vt 0.9985349774360657 0.8342440128326416
f 476/1136/476 567/1062/567 605/1059/605
f 1297/1059/1297 698/1134/698 1057/1136/1057
f 499/1135/499 498/1056/498 477/1053/477
f 914/1053/914 913/1133/913 891/1135/891
f 1218/1132/1218 808/1047/808 935/1044/935
f 211/1044/211 395/1130/395 183/1132/183
vt 0.9716420173645020 0.4943670034408569
f 1197/1012/1197 1218/1015/1218 1028/1137/1028
f 975/1137/975 1137/1124/1137 974/1012/974
f 515/1123/515 617/1125/617 638/1006/638
vt 0.9716420173645020 0.5252649784088135
f 833/1015/833 1018/1018/1018 834/1138/834
vt 0.9716420173645020 0.5098159909248352
f 717/1138/717 835/1139/835 954/1015/954
vt 0.9716420173645020 0.5407140254974365
f 1059/1018/1059 1218/1021/1218 792/1140/792
f 1511/1140/1511 1438/1138/1438 1499/1018/1499
vt 0.9716420173645020 0.5870609879493713
f 1059/1024/1059 792/1027/792 1166/1141/1166
vt 0.9716420173645020 0.5716120004653931
f 1495/1141/1495 1496/1142/1496 1534/1024/1534
vt 0.9716420173645020 0.6025099754333496
f 1275/1027/1275 977/1030/977 1075/1143/1075
f 1248/1143/1248 857/1141/857 1101/1027/1101
vt 0.9716420173645020 0.5561630129814148
f 620/1021/620 269/1024/269 621/1144/621
f 1223/1144/1223 1259/1140/1259 1241/1021/1241
vt 0.9716420173645020 0.6179590225219727
f 1530/1030/1530 1419/1033/1419 1464/1145/1464
f 1150/1145/1150 1324/1143/1324 1280/1030/1280
f 918/1139/918 960/1137/960 988/1015/988
f 1002/1024/1002 916/1142/916 1272/1144/1272
vt 0.9716420173645020 0.6334080100059509
f 1260/1033/1260 1308/1146/1308 1147/1145/1147
vt 0.9716420173645020 0.6488569974899292
f 1232/1033/1232 1213/1036/1213 1249/1147/1249
f 1492/1147/1492 1530/1146/1530 1549/1033/1549
vt 0.9716420173645020 0.6643059849739075
f 756/1148/756 771/1147/771 1242/1036/1242
f 50/1036/50 1345/1039/1345 1610/1148/1610
vt 0.9716420173645020 0.6797549724578857
f 1141/1039/1141 702/1042/702 731/1149/731
f 1002/1149/1002 1272/1148/1272 1271/1039/1271
vt 0.9716420173645020 0.7106530070304871
f 729/1042/729 1033/1045/1033 1194/1150/1194
vt 0.9716420173645020 0.6952040195465088
f 1442/1150/1442 1407/1151/1407 1430/1042/1430
vt 0.9716420173645020 0.7261019945144653
f 1362/1045/1362 1353/1048/1353 1584/1152/1584
f 556/1152/556 433/1150/433 620/1045/620
vt 0.9716420173645020 0.7570000290870667
f 573/1048/573 213/1051/213 474/1153/474
vt 0.9716420173645020 0.7415509819984436
f 465/1153/465 678/1154/678 640/1048/640
vt 0.9716420173645020 0.7878980040550232
f 479/1054/479 251/1057/251 616/1155/616
vt 0.9716420173645020 0.7724490165710449
f 441/1155/441 668/1156/668 322/1054/322
vt 0.9716420173645020 0.8187959790229797
f 1112/1057/1112 1198/1060/1198 813/1157/813
vt 0.9716420173645020 0.8033469915390015
f 1239/1157/1239 854/1158/854 1222/1057/1222
f 705/1051/705 775/1054/775 733/1156/733
f 1309/1156/1309 1264/1153/1264 1184/1051/1184
vt 0.9716420173645020 0.8342440128326416
f 841/1060/841 1240/1063/1240 754/1159/754
f 217/1159/217 345/1157/345 218/1060/218
f 838/1042/838 1045/1151/1045 1185/1149/1185
f 1320/1048/1320 877/1154/877 985/1152/985
f 1098/1158/1098 894/1155/894 1209/1057/1209
vt 0.3814150094985962 0.5905669927597046
vt 0.3814150094985962 0.5871530175209045
vt 0.3927539885044098 0.5871530175209045
f 1089/1160/1089 811/1161/811 1227/1162/1227
vt 0.4106720089912415 0.5905669927597046
vt 0.4040940105915070 0.5871530175209045
f 342/1163/342 215/1162/215 201/1164/201
vt 0.4154329895973206 0.5871530175209045
vt 0.4267730116844177 0.5871530175209045
vt 0.4248290061950684 0.5905669927597046
f 964/1165/964 1291/1166/1291 1071/1167/1071
f 188/1167/188 213/1163/213 172/1165/172
vt 0.4381119906902313 0.5871530175209045
vt 0.4494509994983673 0.5871530175209045
vt 0.4528209865093231 0.5905669927597046
f 471/1168/471 681/1169/681 291/1170/291
vt 0.4388250112533569 0.5905669927597046
f 733/1170/733 776/1171/776 858/1168/858
f 731/1166/731 1101/1168/1101 857/1171/857
f 1226/1171/1226 860/1167/860 1204/1166/1204
f 359/1163/359 1552/1164/1552 451/1165/451
vt 0.4020319879055023 0.5939800143241882
f 1465/1160/1465 1515/1163/1515 1577/1172/1577
vt 0.3917230069637299 0.5939800143241882
f 826/1172/826 1087/1173/1087 940/1160/940
f 430/1163/430 1266/1160/1266 685/1162/685
vt 0.4226489961147308 0.5939800143241882
f 683/1163/683 1265/1167/1265 869/1174/869
vt 0.4123399853706360 0.5939800143241882
f 315/1174/315 314/1175/314 298/1163/298
vt 0.4668169915676117 0.5905669927597046
vt 0.4638830125331879 0.5939800143241882
f 1508/1170/1508 1526/1176/1526 1452/1177/1452
vt 0.4535749852657318 0.5939800143241882
f 1092/1177/1092 1049/1178/1049 1077/1170/1077
f 1315/1176/1315 1217/1170/1217 1058/1169/1058
vt 0.4607909917831421 0.5871530175209045
f 1295/1169/1295 909/1179/909 457/1176/457
vt 0.4721300005912781 0.5871530175209045
f 1189/1176/1189 724/1179/724 1214/1180/1214
f 742/1171/742 741/1170/741 1122/1178/1122
vt 0.4432660043239594 0.5939800143241882
f 588/1178/588 552/1181/552 215/1171/215
vt 0.4329580068588257 0.5939800143241882
f 1320/1167/1320 985/1171/985 690/1182/690
f 369/1182/369 171/1174/171 405/1167/405
vt 0.4834699928760529 0.5871530175209045
vt 0.4808129966259003 0.5905669927597046
f 1047/1180/1047 745/1183/745 898/1184/898
f 38/1184/38 6/1176/6 7/1180/7
vt 0.4948090016841888 0.5871530175209045
vt 0.4948090016841888 0.5905669927597046
f 700/1183/700 1076/1185/1076 977/1186/977
f 523/1186/523 251/1184/251 269/1183/269
vt 0.5096769928932190 0.5905669927597046
f 1099/1187/1099 843/1186/843 724/1185/724
vt 0.5061489939689636 0.5871530175209045
f 1359/1185/1359 1540/1188/1540 1555/1187/1555
vt 0.5288270115852356 0.5871530175209045
vt 0.5240659713745117 0.5905669927597046
vt 0.5174880027770996 0.5871530175209045
f 608/1189/608 405/1190/405 310/1191/310
f 812/1191/812 1188/1187/1188 764/1188/764
vt 0.5401669740676880 0.5871530175209045
vt 0.5515059828758240 0.5871530175209045
vt 0.5522189736366272 0.5905669927597046
f 1195/1192/1195 825/1193/825 958/1194/958
vt 0.5382230281829834 0.5905669927597046
f 812/1194/812 764/1195/764 1074/1192/1074
vt 0.4948090016841888 0.5939800143241882
f 1599/1184/1599 1365/1186/1365 1572/1196/1572
vt 0.4845010042190552 0.5939800143241882
f 1302/1196/1302 1051/1197/1051 1095/1184/1095
vt 0.5628460049629211 0.5871530175209045
vt 0.5662149786949158 0.5905669927597046
f 1132/1193/1132 1257/1198/1257 691/1199/691
f 581/1199/581 398/1194/398 391/1193/391
f 1081/1189/1081 1083/1192/1083 1024/1195/1024
f 1180/1195/1180 1157/1190/1157 873/1189/873
vt 0.5741850137710571 0.5871530175209045
f 421/1200/421 250/1199/250 515/1198/515
vt 0.5855249762535095 0.5871530175209045
vt 0.5968639850616455 0.5871530175209045
vt 0.5942069888114929 0.5905669927597046
f 1564/1201/1564 1489/1202/1489 1434/1203/1434
vt 0.5802109837532043 0.5905669927597046
f 370/1203/370 316/1204/316 172/1201/172
f 853/1201/853 854/1204/854 773/1200/773
vt 0.6082040071487427 0.5871530175209045
vt 0.6082040071487427 0.5905669927597046
f 1090/1202/1090 853/1205/853 901/1206/901
f 972/1206/972 1095/1203/1095 919/1202/919
vt 0.4741919934749603 0.5939800143241882
f 856/1176/856 1200/1184/1200 1278/1207/1278
f 757/1207/757 1118/1177/1118 1326/1176/1326
f 194/1173/194 238/816/238 193/1160/193
f 522/1163/522 434/1175/434 267/1172/267
f 634/1171/634 260/1181/260 246/1182/246
vt 0.5051180124282837 0.5939800143241882
f 1276/1186/1276 1138/1187/1138 1257/1208/1257
f 1579/1208/1579 1546/1196/1546 1486/1186/1486
vt 0.5154259800910950 0.5939800143241882
f 957/1187/957 1046/1209/1046 898/1208/898
f 420/1207/420 463/1184/463 653/1197/653
vt 0.5257350206375122 0.5939800143241882
f 634/1187/634 456/1190/456 260/1210/260
f 723/1210/723 865/1209/865 1230/1187/1230
vt 0.5360429883003235 0.5939800143241882
f 725/1190/725 891/1195/891 913/1211/913
f 725/1211/725 692/1210/692 1192/1190/1192
vt 0.5463520288467407 0.5939800143241882
f 156/1195/156 129/1194/129 1363/1212/1363
f 1436/1212/1436 1574/1211/1574 1416/1195/1416
vt 0.5772780179977417 0.5939800143241882
f 847/1199/847 696/1204/696 1274/1213/1274
vt 0.5669689774513245 0.5939800143241882
f 1302/1213/1302 1064/1214/1064 1013/1199/1013
f 1302/1200/1302 947/1204/947 1094/1199/1094
vt 0.6082040071487427 0.5939800143241882
f 727/1203/727 694/1206/694 845/1215/845
vt 0.5978950262069702 0.5939800143241882
f 652/1215/652 518/1216/518 651/1203/651
vt 0.5875859856605530 0.5939800143241882
f 740/1204/740 725/1203/725 1192/1217/1192
f 766/1217/766 861/1213/861 1190/1204/1190
f 770/1194/770 1108/1199/1108 896/1214/896
vt 0.5566610097885132 0.5939800143241882
f 1425/1214/1425 1571/1218/1571 1509/1194/1509
f 1202/1194/1202 1177/1218/1177 1280/1212/1280
f 692/1203/692 1076/1216/1076 1269/1217/1269
f 1253/1190/1253 1167/1187/1167 919/1191/919
vt 0.6195430159568787 0.5871530175209045
vt 0.6230710148811340 0.5905669927597046
f 940/1205/940 1110/1219/1110 1088/1220/1088
f 1196/1220/1196 898/1206/898 745/1205/745
vt 0.6308820247650146 0.5871530175209045
f 132/1220/132 102/1219/102 120/1221/120
vt 0.6374599933624268 0.5905669927597046
vt 0.6422219872474670 0.5871530175209045
f 356/1222/356 331/1221/331 606/1223/606
vt 0.6535609960556030 0.5871530175209045
vt 0.6649010181427002 0.5871530175209045
vt 0.6656140089035034 0.5905669927597046
f 1276/1224/1276 1256/1225/1256 1168/1226/1168
vt 0.6516169905662537 0.5905669927597046
f 657/1226/657 205/1227/205 433/1224/433
vt 0.6796100139617920 0.5905669927597046
vt 0.6762400269508362 0.5871530175209045
vt 0.6875799894332886 0.5871530175209045
f 1218/1228/1218 935/1229/935 1028/1230/1028
f 448/1225/448 617/1229/617 432/1228/432
f 733/1228/733 775/1226/775 1203/1225/1203
f 304/1223/304 1491/1224/1491 1561/1227/1561
f 1601/1227/1601 1558/1222/1558 1573/1223/1573
vt 0.6391289830207825 0.5939800143241882
f 703/1220/703 1224/1222/1224 732/1231/732
vt 0.6288210153579712 0.5939800143241882
f 777/1231/777 706/1232/706 1155/1220/1155
f 83/1222/83 3/1220/3 70/1221/70
vt 0.6494380235671997 0.5939800143241882
f 1555/1222/1555 1540/1227/1540 1366/1233/1366
f 703/1233/703 732/1231/732 800/1222/800
vt 0.6936060190200806 0.5905669927597046
vt 0.6906719803810120 0.5939800143241882
f 1243/1228/1243 757/1234/757 1179/1235/1179
vt 0.6803640127182007 0.5939800143241882
f 1111/1235/1111 852/1236/852 1218/1228/1218
f 372/1234/372 321/1228/321 168/1230/168
vt 0.7076020240783691 0.5905669927597046
vt 0.6989189982414246 0.5871530175209045
f 5/1237/5 58/1234/58 4/1238/4
vt 0.7102580070495605 0.5871530175209045
f 58/1238/58 51/1239/51 57/1237/57
f 1512/1226/1512 1395/1228/1395 1500/1236/1500
vt 0.6700549721717834 0.5939800143241882
f 1118/1236/1118 816/1240/816 880/1226/880
f 221/1230/221 259/1238/259 592/1234/592
vt 0.6597459912300110 0.5939800143241882
f 888/1227/888 981/1226/981 1069/1241/1069
f 879/1241/879 1000/1233/1000 1174/1227/1174
vt 0.6185119748115540 0.5939800143241882
f 1079/1206/1079 1039/1220/1039 927/1242/927
f 859/1242/859 897/1215/897 1046/1206/1046
vt 0.7215980291366577 0.5871530175209045
vt 0.7215980291366577 0.5905669927597046
f 1168/1239/1168 1238/1243/1238 746/1244/746
f 1220/1244/1220 1255/1237/1255 1141/1239/1141
vt 0.7329369783401489 0.5871530175209045
vt 0.7364649772644043 0.5905669927597046
f 1026/1243/1026 890/1245/890 933/1246/933
f 880/1246/880 816/1244/816 1300/1243/1300
vt 0.7508550286293030 0.5905669927597046
f 774/1247/774 1201/1246/1201 1230/1245/1230
vt 0.7442770004272461 0.5871530175209045
f 1004/1245/1004 917/1248/917 850/1247/850
vt 0.7556160092353821 0.5871530175209045
vt 0.7669559717178345 0.5871530175209045
vt 0.7650120258331299 0.5905669927597046
f 1595/1249/1595 1551/1250/1551 1559/1251/1559
f 1280/1251/1280 1324/1247/1324 1116/1249/1116
f 1105/1249/1105 1164/1247/1164 1313/1248/1313
vt 0.7782949805259705 0.5871530175209045
vt 0.7790079712867737 0.5905669927597046
f 1097/1250/1097 1208/1252/1208 929/1253/929
f 943/1253/943 768/1251/768 1153/1250/1153
vt 0.7319059967994690 0.5939800143241882
f 1270/1244/1270 1193/1246/1193 695/1254/695
vt 0.7215980291366577 0.5939800143241882
f 265/1254/265 648/1255/648 415/1244/415
vt 0.7896350026130676 0.5871530175209045
vt 0.7930039763450623 0.5905669927597046
f 112/1252/112 1411/1256/1411 1512/1257/1512
f 25/1257/25 59/1253/59 144/1252/144
f 1077/1237/1077 1131/1244/1131 999/1255/999
vt 0.7112889885902405 0.5939800143241882
f 413/1255/413 458/1258/458 339/1237/339
vt 0.8009740114212036 0.5871530175209045
f 1193/1259/1193 728/1257/728 695/1256/695
vt 0.8123130202293396 0.5871530175209045
vt 0.8236529827117920 0.5871530175209045
vt 0.8209959864616394 0.5905669927597046
f 574/1260/574 388/1261/388 559/1262/559
vt 0.8069999814033508 0.5905669927597046
f 549/1262/549 718/1263/718 649/1260/649
f 1592/1260/1592 1604/1263/1604 1497/1259/1497
vt 0.8349919915199280 0.5871530175209045
vt 0.8349919915199280 0.5905669927597046
f 1059/1261/1059 916/1264/916 874/1265/874
f 728/1265/728 846/1262/846 1135/1261/1135
vt 0.7009810209274292 0.5939800143241882
f 1312/1234/1312 1138/1237/1138 1277/1266/1277
f 1494/1266/1494 1480/1235/1480 1602/1234/1602
f 1434/1232/1434 1340/1242/1340 1367/1220/1367
f 62/1226/62 61/1240/61 1500/1241/1500
vt 0.7525240182876587 0.5939800143241882
f 753/1246/753 1240/1247/1240 841/1267/841
vt 0.7422149777412415 0.5939800143241882
f 931/1267/931 902/1268/902 963/1246/963
f 1135/1268/1135 846/1254/846 1165/1246/1165
f 1314/1266/1314 1106/1237/1106 1252/1258/1252
vt 0.7628319859504700 0.5939800143241882
f 847/1269/847 769/1267/769 696/1247/696
f 1242/1247/1242 849/1251/849 1224/1269/1224
vt 0.7731410264968872 0.5939800143241882
f 1106/1251/1106 1216/1253/1216 1252/1270/1252
f 1232/1270/1232 1277/1269/1277 1213/1251/1213
vt 0.7937579751014709 0.5939800143241882
f 573/1253/573 388/1257/388 389/1271/389
vt 0.7834489941596985 0.5939800143241882
f 589/1271/589 608/1272/608 495/1253/495
f 1252/1259/1252 1216/1263/1216 791/1257/791
vt 0.8143749833106995 0.5939800143241882
f 791/1263/791 1235/1262/1235 743/1273/743
vt 0.8040670156478882 0.5939800143241882
f 218/1273/218 345/1274/345 485/1263/485
f 513/1257/513 1162/1263/1162 783/1274/783
f 481/1274/481 235/1271/235 192/1257/192
vt 0.8349919915199280 0.5939800143241882
f 612/1262/612 305/1265/305 411/1275/411
vt 0.8246840238571167 0.5939800143241882
f 55/1275/55 47/1276/47 42/1262/42
f 1105/1272/1105 743/1270/743 1164/1253/1164
f 1240/1276/1240 797/1273/797 754/1262/754
f 483/1/483 223/2/223 384/3/384
f 397/1/397 360/3/360 491/4/491
f 784/5/784 1135/6/1135 1165/1/1165
f 790/4/790 1251/5/1251 1215/1/1215
f 200/7/200 247/8/247 635/9/635
f 311/10/311 998/8/998 822/7/822
f 942/8/942 955/10/955 956/11/956
f 1609/8/1609 1508/11/1508 1452/12/1452
f 367/13/367 331/14/331 356/15/356
f 478/16/478 1210/15/1210 1211/14/1211
f 1059/17/1059 1272/13/1272 916/15/916
f 1058/15/1058 987/16/987 1001/18/1001
f 452/19/452 435/20/435 624/21/624
f 1302/22/1302 1078/20/1078 946/19/946
f 1302/19/1302 883/23/883 1066/24/1066
f 1587/19/1587 1576/24/1576 1591/22/1591
f 998/25/998 793/26/793 1318/27/1318
f 1252/25/1252 1268/27/1268 687/28/687
f 537/29/537 672/30/672 648/25/648
f 726/26/726 693/25/693 824/30/824
f 1111/31/1111 1236/32/1236 852/33/852
f 986/34/986 915/31/915 893/35/893
f 446/36/446 968/35/968 998/31/998
f 570/32/570 478/31/478 1211/34/1211
f 818/37/818 1302/38/1302 944/39/944
f 1212/39/1212 1123/40/1123 1244/37/1244
f 933/39/933 1055/41/1055 1085/40/1085
f 79/42/79 159/39/159 65/43/65
f 1133/44/1133 693/45/693 726/39/726
f 380/39/380 551/45/551 587/46/587
f 985/39/985 1299/38/1299 999/43/999
f 405/39/405 171/42/171 310/44/310
f 758/47/758 1120/40/1120 819/41/819
f 343/48/343 387/49/387 554/41/554
f 1212/50/1212 1116/41/1116 767/51/767
f 1456/41/1456 1452/52/1452 1526/53/1526
f 1305/53/1305 1054/51/1054 1294/41/1294
f 1293/46/1293 1292/54/1292 1304/39/1304
f 990/54/990 1261/41/1261 1256/39/1256
f 1479/41/1479 1585/54/1585 1575/52/1575
f 974/41/974 1137/50/1137 876/48/876
f 916/49/916 1285/47/1285 1328/41/1328
f 1104/44/1104 1312/55/1312 1103/56/1103
f 1256/57/1256 921/44/921 1168/58/1168
f 521/56/521 299/58/299 541/44/541
f 901/44/901 1211/42/1211 1210/55/1210
f 444/57/444 281/59/281 326/60/326
f 1306/61/1306 838/62/838 1305/63/1305
f 1370/63/1370 1398/62/1398 1373/57/1373
f 1150/60/1150 697/63/697 698/57/698
f 272/57/272 253/58/253 207/59/207
f 1376/64/1376 1518/44/1518 1399/57/1399
f 768/57/768 1193/62/1193 1270/65/1270
f 1310/62/1310 1213/66/1213 1102/67/1102
f 1312/62/1312 1277/67/1277 1311/65/1311
f 1131/68/1131 878/62/878 1169/69/1169
f 1300/62/1300 1062/61/1062 911/69/911
f 1574/70/1574 1602/66/1602 1416/62/1416
f 20/62/20 48/68/48 110/71/110
f 788/72/788 1232/70/1232 1249/71/1249
f 331/70/331 431/62/431 606/71/606
f 181/65/181 410/64/410 545/57/545
f 1368/44/1368 1570/64/1570 1424/45/1424
f 1607/73/1607 1530/50/1530 1492/51/1492
f 1549/74/1549 1333/75/1333 1560/51/1560
f 1250/53/1250 1138/76/1138 789/51/789
f 692/77/692 1269/74/1269 1192/51/1192
f 1247/78/1247 1185/74/1185 716/77/716
f 843/79/843 1132/51/1132 724/76/724
f 1323/77/1323 879/80/879 815/81/815
f 815/79/815 879/80/879 752/77/752
f 139/79/139 111/77/111 34/51/34
f 1251/82/1251 694/78/694 727/77/727
f 991/75/991 1011/73/1011 1168/51/1168
f 1426/81/1426 1402/83/1402 1522/77/1522
f 1231/84/1231 1199/83/1199 1221/81/1221
f 1109/85/1109 792/84/792 1218/81/1218
f 1246/81/1246 1291/86/1291 1053/87/1053
f 691/88/691 1250/89/1250 1214/90/1214
f 118/85/118 22/81/22 54/91/54
f 1077/91/1077 1049/81/1049 878/89/878
f 1233/86/1233 789/81/789 1104/80/1104
f 641/89/641 512/81/512 438/90/438
f 1115/83/1115 815/82/815 722/77/722
f 450/70/450 302/92/302 662/93/662
f 1091/94/1091 1238/95/1238 830/96/830
f 789/96/789 1312/95/1312 1104/92/1104
f 1380/70/1380 1367/72/1367 1612/97/1612
f 1566/98/1566 1420/70/1420 1479/97/1479
f 1251/99/1251 1274/96/1274 794/98/794
f 1532/70/1532 1503/98/1503 1441/96/1441
f 686/96/686 764/99/764 569/100/569
f 795/96/795 1133/92/1133 794/70/794
f 554/101/554 573/95/573 474/94/474
f 1062/93/1062 1063/66/1063 910/70/910
f 412/94/412 660/102/660 338/90/338
f 1336/103/1336 1405/90/1405 1394/102/1394
f 1394/90/1394 1375/103/1375 1384/88/1384
f 1394/90/1394 1440/87/1440 1453/101/1453
f 610/104/610 386/96/386 405/100/405
f 1312/105/1312 1311/106/1311 1103/94/1103
f 1107/102/1107 769/94/769 846/106/846
f 460/104/460 672/105/672 605/94/605
f 1103/96/1103 1311/104/1311 788/94/788
f 275/90/275 526/101/526 197/94/197
f 1200/87/1200 1221/90/1221 1198/81/1198
f 396/107/396 473/108/473 212/109/212
f 824/110/824 986/111/986 893/107/893
f 1200/107/1200 1198/109/1198 1112/112/1112
f 1152/113/1152 1255/108/1255 1319/107/1319
f 374/114/374 1186/113/1186 233/107/233
f 814/115/814 773/107/773 747/116/747
f 1063/116/1063 1153/107/1153 910/111/910
f 364/114/364 633/107/633 352/115/352
f 191/117/191 237/112/237 220/109/220
f 1220/107/1220 730/112/730 854/110/854
f 1134/118/1134 1133/112/1133 844/119/844
f 1278/120/1278 1320/121/1320 690/118/690
f 1141/118/1141 1255/121/1255 702/112/702
f 1279/112/1279 1319/122/1319 1322/110/1322
f 490/123/490 486/124/486 227/112/227
f 1152/124/1152 1319/122/1319 1279/112/1279
f 1325/112/1325 1128/121/1128 689/123/689
f 1243/119/1243 770/112/770 757/117/757
f 574/115/574 389/125/389 388/126/388
f 1212/127/1212 755/125/755 1202/115/1202
f 1323/114/1323 1000/115/1000 879/126/879
f 1049/115/1049 814/116/814 878/128/878
f 895/115/895 1187/129/1187 763/127/763
f 1458/127/1458 1457/130/1457 1387/131/1387
f 1323/132/1323 1173/130/1173 1149/133/1149
f 1130/130/1130 1148/127/1148 1286/133/1286
f 1174/127/1174 1000/131/1000 1175/125/1175
f 123/128/123 37/129/37 9/115/9
f 64/127/64 90/134/90 143/133/143
f 1150/133/1150 1176/135/1176 697/136/697
f 456/133/456 462/134/462 260/135/260
f 581/137/581 1082/138/1082 398/133/398
f 697/133/697 1176/138/1176 797/132/797
f 1300/133/1300 1093/139/1093 1062/137/1062
f 120/140/120 92/133/92 87/136/87
f 1243/137/1243 849/139/849 770/141/770
f 206/139/206 657/133/657 424/140/424
f 598/134/598 336/127/336 182/129/182
f 1150/142/1150 1177/121/1177 1176/143/1176
f 1019/123/1019 952/121/952 885/144/885
f 703/121/703 1308/142/1308 1260/145/1260
f 364/146/364 582/145/582 400/142/400
f 1259/147/1259 1136/121/1136 798/145/798
f 239/121/239 234/147/234 195/144/195
f 1592/148/1592 1482/149/1482 1571/150/1571
f 1311/148/1311 1277/147/1277 1232/145/1232
f 1117/149/1117 771/148/771 756/145/756
f 675/143/675 651/121/651 540/120/540
f 1467/145/1467 1413/151/1413 1414/149/1414
f 32/152/32 103/149/103 127/153/127
f 460/151/460 605/153/605 403/149/403
f 757/150/757 770/149/770 1118/154/1118
f 537/154/537 295/149/295 496/155/496
f 1396/155/1396 1371/149/1371 1372/156/1372
f 723/156/723 750/149/750 1191/152/1191
f 1000/154/1000 697/155/697 1175/157/1175
f 1130/151/1130 1169/145/1169 1170/146/1170
f 827/139/827 993/158/993 924/159/924
f 1248/160/1248 1321/161/1321 857/162/857
f 1296/161/1296 977/159/977 914/162/914
f 1316/139/1316 1166/163/1166 1301/141/1301
f 1129/164/1129 1171/163/1171 1321/139/1321
f 235/165/235 221/164/221 192/161/192
f 333/139/333 278/161/278 466/164/466
f 217/161/217 377/139/377 378/159/378
f 501/160/501 243/162/243 358/166/358
f 1058/158/1058 1217/139/1217 1047/140/1047
f 800/160/800 1179/166/1179 1127/155/1127
f 217/155/217 484/167/484 345/157/345
f 483/155/483 345/168/345 223/169/223
f 1129/155/1129 1321/156/1321 1248/168/1248
f 748/169/748 1239/170/1239 796/155/796
f 504/171/504 450/165/450 426/161/426
f 329/172/329 513/160/513 783/170/783
f 1140/155/1140 1163/170/1163 787/160/787
f 420/171/420 653/160/653 215/172/215
f 860/161/860 777/160/777 734/171/734
f 1297/155/1297 1057/166/1057 1143/167/1143
f 1192/173/1192 1269/174/1269 843/175/843
f 1325/175/1325 689/176/689 1241/173/1241
f 703/177/703 800/173/800 1127/176/1127
f 1148/176/1148 1258/178/1258 1309/177/1309
f 900/179/900 817/177/817 919/178/919
f 774/178/774 1230/180/1230 1101/179/1101
f 473/181/473 183/179/183 229/180/229
f 864/180/864 1028/182/1028 1206/181/1206
f 1310/183/1310 1249/181/1249 1213/182/1213
f 1008/182/1008 708/184/708 707/183/707
f 723/185/723 1114/183/1114 750/184/750
f 263/184/263 571/186/571 517/185/517
f 686/187/686 1145/185/1145 871/186/871
f 965/186/965 1293/188/1293 1294/187/1294
f 985/189/985 877/187/877 1299/188/1299
f 1059/188/1059 1166/190/1166 1272/189/1272
f 129/191/129 1474/189/1474 1363/190/1363
f 752/190/752 842/192/842 823/191/823
f 873/193/873 970/191/970 1058/192/1058
f 1117/192/1117 1136/194/1136 771/193/771
f 467/195/467 327/193/327 468/194/468
f 694/194/694 1134/196/1134 845/195/845
f 753/197/753 841/195/841 842/196/842
f 749/196/749 1113/198/1113 1321/197/1321
f 1100/199/1100 891/197/891 725/198/725
f 691/198/691 1138/200/1138 1250/199/1250
f 1387/201/1387 1369/199/1369 1371/200/1371
f 1025/200/1025 822/202/822 1219/201/1219
f 1212/203/1212 840/201/840 755/202/755
f 1178/202/1178 799/204/799 1147/203/1147
f 715/205/715 760/203/760 1208/204/1208
f 367/204/367 298/206/298 331/205/331
f 1178/207/1178 1147/205/1147 1128/206/1128
f 552/206/552 317/208/317 215/207/215
f 972/209/972 919/207/919 875/208/875
f 767/208/767 1223/210/1223 689/209/689
f 815/211/815 823/209/823 722/210/722
f 394/210/394 307/212/307 306/211/306
f 404/213/404 569/211/569 380/212/380
f 944/212/944 1095/214/1095 972/213/972
f 1221/215/1221 1199/213/1199 746/214/746
f 444/214/444 351/216/351 632/215/632
f 862/217/862 778/215/778 735/216/735
f 206/216/206 252/218/252 257/217/257
f 184/219/184 224/217/224 1460/218/1460
f 1417/218/1417 1374/220/1374 1427/219/1427
f 1148/221/1148 796/219/796 1258/220/1258
f 1603/220/1603 1564/222/1564 1359/221/1359
f 816/223/816 955/221/955 1093/222/1093
f 1107/222/1107 846/224/846 728/223/728
f 1449/225/1449 1438/223/1438 1511/224/1511
f 304/224/304 611/226/611 1491/225/1491
f 1106/227/1106 769/225/769 1216/226/1216
f 1164/226/1164 847/228/847 1274/227/1274
f 288/229/288 531/227/531 292/228/292
f 328/228/328 293/230/293 443/229/443
f 896/231/896 806/229/806 848/230/848
f 748/230/748 854/232/854 1239/231/1239
f 880/233/880 1300/231/1300 912/232/912
f 1216/232/1216 847/234/847 1235/233/1235
f 1313/235/1313 1164/233/1164 1274/234/1274
f 694/234/694 794/236/794 1134/235/1134
f 366/237/366 497/235/497 538/236/538
f 1457/236/1457 1454/238/1454 1403/237/1403
f 156/239/156 1363/237/1363 1331/238/1331
f 794/238/794 1133/240/1133 1134/239/1134
f 1118/241/1118 955/239/955 816/240/816
f 1409/240/1409 1448/242/1448 1601/241/1601
f 413/243/413 214/241/214 646/242/646
f 1608/242/1608 1495/244/1495 1533/243/1533
f 691/245/691 1257/243/1257 1138/244/1138
f 311/244/311 446/246/446 998/245/998
f 1213/247/1213 1277/245/1277 1199/246/1199
f 571/246/571 500/248/500 553/247/553
f 1102/249/1102 1213/247/1213 1199/248/1199
f 825/248/825 772/250/772 1110/249/1110
f 359/251/359 1413/249/1413 1467/250/1467
f 718/250/718 1086/252/1086 1266/251/1266
f 1131/253/1131 1285/251/1285 711/252/711
f 1307/252/1307 695/254/695 1135/253/1135
f 251/255/251 203/253/203 429/254/429
f 1314/254/1314 687/256/687 1165/255/1165
f 43/257/43 18/255/18 739/256/739
f 21/256/21 25/258/25 144/257/144
f 1140/259/1140 787/257/787 1231/258/1231
f 1251/258/1251 794/260/794 694/259/694
f 687/261/687 784/259/784 1165/260/1165
f 623/260/623 195/262/195 524/261/524
f 270/263/270 524/261/524 258/262/258
f 636/262/636 670/264/670 646/263/646
f 459/265/459 414/263/414 671/264/671
f 1267/264/1267 1281/266/1281 1154/265/1154
f 1499/267/1499 1457/265/1457 1458/266/1458
f 910/266/910 1153/268/1153 785/267/785
f 696/269/696 794/267/794 1274/268/1274
f 623/268/623 524/270/524 270/269/270
f 422/271/422 208/269/208 256/270/256
f 467/270/467 506/272/506 469/271/469
f 245/273/245 641/271/641 1490/272/1490
f 892/272/892 914/274/914 891/273/891
f 799/275/799 1260/273/1260 1147/274/1147
f 256/274/256 658/276/658 425/275/425
f 1483/277/1483 1580/275/1580 1472/276/1472
f 243/276/243 487/278/487 228/277/228
f 564/279/564 212/277/212 185/278/185
f 256/278/256 208/280/208 658/279/658
f 255/281/255 256/279/256 425/280/425
f 273/280/273 255/282/255 425/281/425
f 918/283/918 988/281/988 1005/282/1005
f 267/282/267 255/284/255 525/283/525
f 1089/285/1089 1227/283/1227 1123/284/1123
f 267/284/267 209/286/209 259/285/259
f 820/287/820 884/285/884 1035/286/1035
f 231/286/231 474/288/474 603/287/603
f 382/289/382 481/287/481 240/288/240
f 555/288/555 382/290/382 574/289/574
f 1059/291/1059 808/289/808 1218/290/1218
f 191/290/191 385/292/385 575/291/575
f 555/293/555 559/291/559 385/292/385
f 555/292/555 574/294/574 559/293/559
f 298/295/298 314/293/314 297/294/297
f 309/294/309 444/296/444 326/295/326
f 407/297/407 610/295/610 405/296/405
f 1580/296/1580 435/298/435 452/297/452
f 1126/299/1126 1249/297/1249 1310/298/1310
f 1465/298/1465 1407/300/1407 1528/299/1528
f 545/301/545 453/299/453 631/300/631
f 221/300/221 592/302/592 176/301/176
f 1438/303/1438 1518/301/1518 1499/302/1499
f 1316/302/1316 1301/304/1301 1315/303/1315
f 468/305/468 293/303/293 328/304/328
f 481/304/481 192/306/192 240/305/240
f 623/307/623 384/305/384 239/306/239
f 1195/306/1195 1034/308/1034 902/307/902
f 1306/309/1306 1304/307/1304 837/308/837
f 792/308/792 881/310/881 1166/309/1166
f 1006/311/1006 881/309/881 918/310/918
f 1006/310/1006 1301/312/1301 881/311/881
f 1002/313/1002 1285/311/1285 916/312/916
f 831/312/831 1196/314/1196 745/313/745
f 469/315/469 679/313/679 535/314/535
f 831/314/831 899/316/899 937/315/937
f 831/317/831 745/315/745 899/316/899
f 1301/316/1301 899/318/899 1217/317/1217
f 109/319/109 45/317/45 137/318/137
f 48/318/48 142/320/142 63/319/63
f 1299/321/1299 1077/319/1077 999/320/999
f 335/320/335 284/322/284 631/321/631
f 1217/323/1217 899/321/899 745/322/745
f 158/322/158 125/324/125 152/323/152
f 20/325/20 108/323/108 116/324/116
f 938/324/938 850/326/850 1119/325/1119
f 232/327/232 646/325/646 214/326/214
f 1516/326/1516 1523/328/1523 1605/327/1605
f 1091/329/1091 746/327/746 1238/328/1238
f 55/328/55 101/330/101 50/329/50
f 1119/331/1119 1110/329/1110 772/330/772
f 831/330/831 772/332/772 1196/331/1196
f 1117/333/1117 756/331/756 1178/332/1178
f 549/332/549 1187/334/1187 718/333/718
f 938/176/938 831/175/831 937/335/937
f 702/335/702 1255/336/1255 1152/178/1152
f 938/178/938 1119/176/1119 831/335/831
f 608/336/608 310/182/310 495/180/495
f 1048/180/1048 1066/178/1066 883/336/883
f 831/182/831 1119/336/1119 772/337/772
f 922/337/922 1151/338/1151 1254/188/1254
f 1334/188/1334 1364/186/1364 274/337/274
f 34/338/34 26/339/26 128/192/128
f 922/192/922 917/190/917 875/338/875
f 8/190/8 72/188/72 149/338/149
f 674/186/674 639/184/639 618/337/618
f 1119/340/1119 922/341/922 1254/204/1254
f 1119/204/1119 850/202/850 917/340/917
f 1072/339/1072 801/340/801 759/198/759
f 1341/198/1341 1352/196/1352 1599/339/1599
f 817/182/817 1236/337/1236 1253/184/1253
f 922/339/922 1167/194/1167 1151/192/1151
f 922/342/922 875/173/875 919/177/919
f 922/179/922 919/181/919 1167/343/1167
f 918/343/918 881/344/881 939/179/939
f 257/344/257 252/177/252 265/179/265
f 1109/174/1109 852/173/852 881/342/881
f 881/342/881 852/345/852 817/174/817
f 267/340/267 525/202/525 209/200/209
f 305/200/305 546/198/546 411/340/411
f 1492/341/1492 1549/206/1549 1560/204/1560
f 364/208/364 352/346/352 582/210/582
f 1572/208/1572 1486/206/1486 1575/341/1575
f 1302/196/1302 923/194/923 1012/339/1012
f 1302/346/1302 1065/208/1065 883/341/883
f 1302/346/1302 1013/347/1013 924/214/924
f 1302/214/1302 946/212/946 947/346/947
f 1302/210/1302 924/346/924 993/212/993
f 1344/347/1344 245/216/245 1490/214/1490
f 544/218/544 294/348/294 455/220/455
f 1007/218/1007 946/216/946 1078/347/1078
f 406/348/406 500/218/500 316/347/316
f 592/348/592 300/349/300 174/224/174
f 540/224/540 516/222/516 539/348/539
f 1302/349/1302 1094/350/1094 1050/228/1050
f 1160/228/1160 781/226/781 512/349/512
f 1302/351/1302 1095/352/1095 944/240/944
f 91/240/91 151/238/151 55/351/55
f 24/350/24 110/351/110 32/234/32
f 128/234/128 41/232/41 33/350/33
f 1298/352/1298 1009/353/1009 976/244/976
f 973/244/973 944/242/944 1060/352/1060
f 973/353/973 818/354/818 944/250/944
f 1422/250/1422 1606/248/1606 1526/353/1526
f 760/220/760 1041/348/1041 1208/222/1208
f 105/349/105 80/226/80 92/224/92
f 1484/350/1484 1543/230/1543 1473/228/1473
f 84/351/84 35/238/35 46/236/46
f 973/236/973 945/234/945 818/351/818
f 1255/232/1255 1237/230/1237 872/350/872
f 1004/352/1004 1032/242/1032 917/240/917
f 681/353/681 320/246/320 335/244/335
f 247/354/247 566/254/566 261/252/261
f 1005/252/1005 988/250/988 947/354/947
f 1222/248/1222 854/246/854 730/353/730
f 1004/254/1004 828/354/828 992/355/992
f 635/356/635 457/183/457 909/185/909
f 200/185/200 635/187/635 446/357/446
f 945/357/945 917/356/917 1032/185/1032
f 938/358/938 1012/189/1012 1030/191/1030
f 938/359/938 809/193/809 1012/195/1012
f 337/191/337 274/193/274 1382/359/1382
f 1012/359/1012 809/358/809 882/191/882
f 1562/357/1562 1441/187/1441 1442/189/1442
f 1478/197/1478 1569/199/1569 1597/360/1597
f 542/360/542 173/361/173 299/197/299
f 209/362/209 249/201/249 259/203/259
f 598/360/598 182/199/182 361/201/361
f 1456/363/1456 1606/205/1606 1525/207/1525
f 959/209/959 899/211/899 1013/364/1013
f 1282/364/1282 1182/365/1182 687/209/687
f 273/365/273 654/207/654 519/209/519
f 959/203/959 1064/205/1064 936/363/936
f 1030/363/1030 1012/362/1012 923/203/923
f 973/361/973 917/195/917 945/197/945
f 189/177/189 341/344/341 234/342/234
f 828/357/828 1030/189/1030 923/358/923
f 936/343/936 882/183/882 809/356/809
f 1281/201/1281 705/362/705 1154/360/1154
f 1441/361/1441 1503/359/1503 1442/195/1442
f 1259/365/1259 798/363/798 1241/207/1241
f 1003/366/1003 1078/364/1078 993/213/993
f 1282/213/1282 1327/215/1327 1182/366/1182
f 827/364/827 1003/211/1003 993/213/993
f 1006/181/1006 947/183/947 946/343/946
f 430/215/430 649/217/649 1266/367/1266
f 1529/367/1529 1462/366/1462 1463/215/1463
f 988/367/988 1050/217/1050 1094/219/1094
f 1006/221/1006 1005/223/1005 947/368/947
f 1048/368/1048 1065/369/1065 939/221/939
f 975/370/975 1014/225/1014 1273/227/1273
f 139/223/139 64/225/64 111/370/111
f 1031/370/1031 1051/368/1051 1066/223/1066
f 939/369/939 1065/219/1065 1050/221/1050
f 990/229/990 700/231/700 1275/371/1275
f 1003/371/1003 1007/372/1007 1078/229/1078
f 1612/373/1612 1524/233/1524 1390/235/1390
f 273/371/273 525/231/525 255/233/255
f 960/374/960 1050/237/1050 988/239/988
f 1330/241/1330 224/243/224 511/375/511
f 1417/375/1417 225/376/225 1374/241/1374
f 1163/376/1163 1180/239/1180 704/241/704
f 279/235/279 277/237/277 436/374/436
f 1281/374/1281 704/373/704 1180/235/1180
f 323/372/323 276/227/276 287/229/287
f 669/369/669 634/367/634 246/219/246
f 1267/371/1267 704/233/704 1281/373/1281
f 645/370/645 371/227/371 678/372/678
f 1154/377/1154 733/245/733 858/247/858
f 1273/378/1273 1008/249/1008 1137/251/1137
f 775/247/775 859/249/859 1203/378/1203
f 733/378/733 1203/377/1203 776/247/776
f 828/377/828 850/375/850 1030/245/1030
f 1591/379/1591 1568/378/1568 1481/251/1481
f 1036/251/1036 887/253/887 1080/379/1080
f 931/239/931 893/376/893 934/374/934
f 1203/245/1203 859/375/859 1225/243/1225
f 1267/355/1267 858/258/858 721/256/721
f 329/355/329 428/380/428 513/260/513
f 740/260/740 776/258/776 1203/355/1203
f 1194/380/1194 1033/264/1033 1120/262/1120
f 496/262/496 295/260/295 355/380/355
f 1298/264/1298 940/380/940 1317/381/1317
f 1489/381/1489 1570/382/1570 1434/270/1434
f 740/270/740 1203/268/1203 1225/381/1225
f 1100/382/1100 1225/383/1225 758/276/758
f 1227/276/1227 811/274/811 862/382/862
f 1120/272/1120 1033/270/1033 819/382/819
f 1430/268/1430 1504/266/1504 1505/381/1505
f 602/384/602 308/385/308 583/286/583
f 742/286/742 1122/284/1122 1121/384/1121
f 948/383/948 758/384/758 819/280/819
f 1127/280/1127 1142/278/1142 1284/383/1284
f 1459/264/1459 1605/381/1605 1523/266/1523
f 1491/253/1491 1529/255/1529 1548/386/1548
f 1004/386/1004 992/379/992 1032/253/1032
f 902/382/902 819/274/819 1033/272/1033
f 1195/387/1195 902/257/902 729/259/729
f 902/388/902 832/261/832 819/263/819
f 902/259/902 1034/261/1034 963/388/963
f 1356/388/1356 1433/387/1433 1358/259/1358
f 931/386/931 963/255/963 1122/257/1122
f 742/383/742 1121/278/1121 1226/276/1226
f 104/384/104 152/282/152 95/280/95
f 766/385/766 742/290/742 1226/288/1226
f 509/288/509 594/286/594 179/385/179
f 962/284/962 862/282/862 811/384/811
f 632/385/632 363/389/363 282/292/282
f 1493/292/1493 1590/290/1590 1332/385/1332
f 12/355/12 68/256/68 29/254/29
f 766/389/766 1226/294/1226 1204/292/1204
f 1216/389/1216 769/390/769 847/296/847
f 505/296/505 180/294/180 506/389/506
f 625/390/625 466/300/466 440/298/440
f 524/298/524 520/296/520 264/390/264
f 1204/390/1204 734/391/734 861/302/861
f 734/302/734 777/300/777 1155/390/1155
f 1282/304/1282 1181/302/1181 1327/391/1327
f 106/392/106 108/393/108 136/312/136
f 1327/312/1327 1181/310/1181 1262/392/1262
f 423/391/423 655/392/655 424/306/424
f 833/306/833 53/304/53 886/391/886
f 1181/394/1181 707/395/707 1262/322/1262
f 1327/322/1327 1262/320/1262 785/394/785
f 833/393/833 951/394/951 1018/316/1018
f 1262/316/1262 707/314/707 925/393/925
f 34/395/34 33/396/33 129/328/129
f 397/328/397 164/326/164 600/395/600
f 910/396/910 785/397/785 1262/332/1262
f 925/332/925 708/330/708 978/396/978
f 978/392/978 709/310/709 1142/308/1142
f 910/308/910 925/306/925 1015/392/1015
f 604/393/604 170/314/170 669/312/669
f 674/394/674 607/318/607 588/316/588
f 978/395/978 1142/326/1142 1015/324/1015
f 34/324/34 128/322/128 33/395/33
f 1507/396/1507 1608/330/1608 1586/328/1586
f 709/397/709 1284/334/1284 1142/332/1142
f 1308/320/1308 1127/318/1127 1284/394/1284
f 842/265/842 863/267/863 823/398/823
f 38/398/38 7/399/7 68/265/68
f 1480/398/1480 1416/267/1416 1602/269/1602
f 243/271/243 486/273/486 487/400/487
f 709/400/709 1156/401/1156 1284/271/1284
f 49/402/49 22/275/22 26/277/26
f 1147/400/1147 1284/273/1284 1156/275/1156
f 175/401/175 407/269/407 589/271/589
f 851/403/851 903/279/903 778/281/778
f 1147/283/1147 1156/285/1156 1183/404/1183
f 380/404/380 569/405/569 764/283/764
f 710/405/710 1263/281/1263 1123/283/1123
f 1123/406/1123 1227/287/1227 1244/289/1244
f 563/407/563 595/291/595 594/293/594
f 710/289/710 1123/291/1123 1205/407/1205
f 1212/407/1212 1205/406/1205 1123/289/1123
f 192/404/192 221/285/221 176/287/176
f 507/277/507 318/279/318 679/403/679
f 380/403/380 764/402/764 1188/277/1188
f 448/257/448 638/387/638 617/386/617
f 1244/398/1244 1227/269/1227 862/401/862
f 668/399/668 528/388/528 455/263/455
f 491/263/491 489/265/489 580/399/580
f 1582/281/1582 1565/405/1565 1338/403/1338
f 1212/402/1212 1244/400/1244 840/275/840
f 953/406/953 927/404/927 889/287/889
f 206/408/206 257/407/257 205/293/205
f 840/293/840 1244/295/1244 862/408/862
f 1031/409/1031 961/408/961 1051/295/1051
f 842/295/842 862/297/862 735/409/735
f 1002/409/1002 1287/297/1287 1285/299/1285
f 372/301/372 643/303/643 321/410/321
f 335/410/335 597/411/597 284/301/284
f 735/411/735 778/299/778 736/301/736
f 471/412/471 509/305/509 681/307/681
f 778/309/778 903/311/903 736/413/736
f 1302/413/1302 1012/414/1012 882/309/882
f 1302/414/1302 1050/307/1050 1065/309/1065
f 842/303/842 735/305/735 863/412/863
f 1207/412/1207 716/410/716 1265/303/1265
f 863/415/863 735/313/735 736/315/736
f 722/416/722 863/317/863 736/319/736
f 722/315/722 864/317/864 865/416/865
f 615/416/615 232/415/232 671/315/671
f 640/321/640 437/323/437 661/417/661
f 864/417/864 779/418/779 865/321/865
f 1067/419/1067 123/325/123 69/327/69
f 868/417/868 1067/323/1067 867/325/867
f 270/418/270 208/319/208 422/321/422
f 766/413/766 1204/311/1204 861/313/861
f 779/411/779 1206/409/1206 1245/299/1245
f 1206/413/1206 1228/313/1228 1245/415/1245
f 588/412/588 570/307/570 552/414/552
f 1230/319/1230 865/418/865 779/416/779
f 867/331/867 866/420/866 994/329/994
f 1245/333/1245 1228/421/1228 1124/331/1124
f 1228/419/1228 759/417/759 1124/325/1124
f 963/331/963 1034/421/1034 1121/420/1121
f 1124/420/1124 759/419/759 1264/327/1264
f 1101/327/1101 1124/329/1124 802/420/802
f 1401/422/1401 1407/423/1407 1531/424/1531
f 990/424/990 783/425/783 1162/422/1162
f 1124/423/1124 1264/426/1264 802/427/802
f 1264/427/1264 801/424/801 1184/423/1184
f 1184/423/1184 1285/422/1285 1286/428/1286
f 1399/429/1399 227/426/227 243/423/243
f 643/428/643 1604/429/1604 332/423/332
f 801/430/801 1328/431/1328 1184/429/1184
f 1309/429/1309 802/428/802 1264/430/1264
f 999/432/999 711/433/711 1016/431/1016
f 1309/431/1309 1184/430/1184 1286/432/1286
f 1194/434/1194 1120/435/1120 957/436/957
f 1285/436/1285 1287/437/1287 711/434/711
f 711/435/711 1287/422/1287 1016/425/1016
f 349/425/349 185/436/185 361/435/361
f 820/435/820 885/434/885 952/438/952
f 1287/428/1287 979/422/979 1016/435/1016
f 1471/438/1471 1493/428/1493 1332/435/1332
f 967/439/967 984/430/984 781/428/781
f 985/428/985 1016/438/1016 712/439/712
f 985/440/985 712/432/712 786/430/786
f 1315/430/1315 1301/439/1301 1217/440/1217
f 786/441/786 712/442/712 713/443/713
f 158/443/158 131/444/131 125/441/125
f 1180/442/1180 713/434/713 1157/437/1157
f 1163/437/1163 786/443/786 713/442/713
f 350/442/350 626/441/626 565/445/565
f 1163/438/1163 713/434/713 1180/442/1180
f 1180/445/1180 873/438/873 1001/442/1001
f 1281/446/1281 1180/439/1180 1001/438/1001
f 1271/438/1271 969/445/969 979/446/979
f 1281/447/1281 987/440/987 705/439/705
f 1281/439/1281 1001/446/1001 987/447/987
f 1099/448/1099 724/449/724 1189/450/1189
f 705/450/705 987/451/987 1027/448/1027
f 702/449/702 1152/441/1152 774/444/774
f 176/444/176 174/450/174 609/449/609
f 166/449/166 561/448/561 348/452/348
f 1491/445/1491 1548/441/1548 1561/449/1561
f 775/452/775 897/445/897 859/449/859
f 859/453/859 1046/446/1046 1225/445/1225
f 1163/445/1163 704/452/704 1126/453/1126
f 1195/454/1195 958/447/958 1034/446/1034
f 169/446/169 584/453/584 328/454/328
f 314/455/314 378/456/378 313/457/313
f 777/457/777 920/458/920 706/455/706
f 777/456/777 1029/448/1029 920/451/920
f 659/451/659 660/457/660 275/456/275
f 445/456/445 454/455/454 493/459/493
f 1226/452/1226 826/448/826 860/456/860
f 1226/459/1226 1087/452/1087 826/456/826
f 390/460/390 371/453/371 502/452/502
f 1532/452/1532 1507/459/1507 1480/460/1480
f 1083/461/1083 1040/454/1040 737/453/737
f 423/453/423 254/460/254 271/461/271
f 622/462/622 623/463/623 422/464/422
f 1128/464/1128 710/465/710 1205/462/1205
f 1282/463/1282 976/455/976 1181/458/1181
f 1282/458/1282 1010/464/1010 976/463/976
f 401/463/401 603/462/603 474/466/474
f 840/459/840 754/455/754 755/463/755
f 1181/466/1181 1009/459/1009 707/463/707
f 1181/467/1181 976/460/976 1009/459/1009
f 163/459/163 399/466/399 583/467/583
f 1273/468/1273 708/461/708 1008/460/1008
f 1495/460/1495 1441/467/1441 1576/468/1576
f 1008/469/1008 707/470/707 1009/471/1009
f 706/471/706 920/472/920 1010/469/1010
f 817/470/817 1253/462/1253 919/465/919
f 1515/465/1515 1421/471/1421 1567/470/1567
f 1039/470/1039 1081/469/1081 1024/473/1024
f 974/466/974 1283/462/1283 709/470/709
f 1146/473/1146 1126/466/1126 704/470/704
f 1548/474/1548 1594/467/1594 1546/466/1546
f 373/466/373 566/473/566 495/474/495
f 505/475/505 584/468/584 180/467/180
f 1267/467/1267 1146/474/1146 704/475/704
f 1189/476/1189 858/477/858 776/478/776
f 1189/478/1189 721/479/721 858/476/858
f 1099/477/1099 776/469/776 740/472/740
f 17/472/17 143/478/143 19/477/19
f 69/477/69 28/476/28 906/480/906
f 191/473/191 575/469/575 610/477/610
f 805/480/805 1100/473/1100 948/477/948
f 402/481/402 671/474/671 232/473/232
f 825/473/825 1196/480/1196 772/481/772
f 1471/482/1471 1332/475/1332 1346/474/1346
f 1155/474/1155 687/481/687 1268/482/1268
f 890/483/890 948/484/948 832/485/832
f 1026/485/1026 948/486/948 890/483/890
f 931/484/931 890/476/890 832/479/832
f 1026/479/1026 805/485/805 948/484/948
f 1342/484/1342 1404/483/1404 1392/487/1392
f 932/480/932 1122/476/1122 741/484/741
f 839/487/839 861/480/861 1268/484/1268
f 975/488/975 974/481/974 709/480/709
f 1182/480/1182 785/487/785 1307/488/1307
f 202/489/202 432/482/432 617/481/617
f 559/481/559 388/488/388 387/489/387
f 912/490/912 910/491/910 1015/492/1015
f 867/492/867 995/493/995 866/490/866
f 805/491/805 892/483/892 891/486/891
f 839/486/839 1190/492/1190 861/491/861
f 1472/491/1472 1580/490/1580 664/494/664
f 900/487/900 1031/483/1031 1048/491/1048
f 912/494/912 1015/487/1015 688/491/688
f 1061/495/1061 1183/488/1183 1283/487/1283
f 1098/487/1098 233/494/233 1186/495/1186
f 449/496/449 317/489/317 830/488/830
f 974/488/974 1061/495/1061 1283/496/1283
f 1101/497/1101 1230/498/1230 1245/499/1245
f 810/499/810 1123/500/1123 1263/497/1263
f 1533/498/1533 1415/490/1415 1416/493/1416
f 810/493/810 1089/499/1089 1123/498/1123
f 1197/498/1197 864/497/864 903/501/903
f 563/494/563 319/490/319 680/498/680
f 509/501/509 320/494/320 681/498/681
f 851/502/851 1197/495/1197 903/494/903
f 1147/494/1147 1308/501/1308 1284/502/1284
f 1206/503/1206 1028/496/1028 935/495/935
f 874/495/874 1328/502/1328 801/503/801
f 1228/504/1228 808/505/808 759/506/759
f 1271/506/1271 979/507/979 1287/504/1287
f 970/505/970 1157/497/1157 712/500/712
f 1376/500/1376 1429/506/1429 1518/505/1518
f 689/505/689 1128/504/1128 1205/508/1205
f 1212/501/1212 767/497/767 1205/505/1205
f 411/508/411 598/501/598 362/505/362
f 722/509/722 823/502/823 863/501/863
f 516/501/516 654/508/654 421/509/421
f 752/510/752 753/503/753 842/502/842
f 842/502/842 841/509/841 840/510/840
f 767/511/767 689/512/689 1205/513/1205
f 742/513/742 727/514/727 845/511/845
f 1248/512/1248 1101/504/1101 802/507/802
f 208/507/208 250/513/250 658/512/658
f 1148/512/1148 1309/511/1309 1286/515/1286
f 1131/508/1131 1130/504/1130 1286/512/1286
f 1129/515/1129 1248/508/1248 802/512/802
f 144/516/144 97/509/97 155/508/155
f 423/508/423 271/515/271 266/516/266
f 542/517/542 591/510/591 173/509/173
f 1148/509/1148 1170/516/1170 796/517/796
f 542/518/542 299/519/299 207/520/207
f 655/520/655 619/521/619 656/518/656
f 544/519/544 536/511/536 294/514/294
f 591/514/591 589/520/589 173/519/173
f 1529/519/1529 1463/518/1463 1548/522/1548
f 729/515/729 898/511/898 825/519/825
f 1386/522/1386 1521/515/1521 1435/519/1435
f 610/523/610 575/516/575 386/515/386
f 1306/515/1306 1294/522/1294 1293/523/1293
f 385/524/385 559/517/559 387/516/387
f 369/516/369 405/523/405 386/524/386
f 897/525/897 1027/526/1027 1047/527/1047
f 240/527/240 408/528/408 609/525/609
f 574/526/574 576/518/576 389/521/389
f 452/521/452 624/527/624 627/526/627
f 259/526/259 300/525/300 592/529/592
f 139/522/139 36/518/36 64/526/64
f 663/529/663 626/522/626 350/526/350
f 609/530/609 174/523/174 590/522/590
f 259/522/259 249/529/249 300/530/300
f 1396/531/1396 1397/524/1397 1371/523/1371
f 1048/523/1048 883/530/883 1065/531/1065
f 589/532/589 405/533/405 608/534/608
f 248/534/248 656/535/656 619/532/619
f 572/533/572 386/525/386 387/528/387
f 369/528/369 386/534/386 572/533/572
f 942/533/942 956/532/956 943/536/943
f 572/529/572 387/525/387 343/533/343
f 554/536/554 388/529/388 573/533/573
f 1498/537/1498 1384/530/1384 1375/529/1375
f 1498/529/1498 1437/536/1437 1510/537/1510
f 21/538/21 100/531/100 145/530/145
f 573/530/573 389/537/389 370/538/370
f 525/539/525 519/540/519 209/541/209
f 1377/541/1377 1399/542/1399 1518/539/1518
f 111/540/111 49/532/49 26/535/26
f 209/535/209 519/541/519 249/540/249
f 414/540/414 619/539/619 266/543/266
f 1521/536/1521 1408/532/1408 1407/540/1407
f 238/543/238 222/536/222 193/540/193
f 1179/544/1179 1326/537/1326 688/536/688
f 273/536/273 519/543/519 525/544/525
f 273/545/273 425/538/425 654/537/654
f 658/537/658 250/544/250 421/545/421
f 425/546/425 658/547/658 421/548/421
f 1457/548/1457 1429/549/1429 1454/546/1454
f 969/547/969 712/539/712 979/542/979
f 425/542/425 421/548/421 654/547/654
f 195/547/195 234/546/234 520/550/520
f 1405/543/1405 1375/539/1375 1394/547/1394
f 1538/550/1538 1487/543/1487 1537/547/1537
f 263/551/263 676/544/676 462/543/462
f 195/543/195 520/550/520 524/551/524
f 249/552/249 519/545/519 518/544/518
f 223/544/223 345/551/345 484/552/484
f 1424/553/1424 1516/554/1516 1605/555/1605
f 222/555/222 190/556/190 485/553/485
f 558/554/558 222/546/222 485/549/485
f 855/549/855 1231/555/1231 1221/554/1221
f 353/554/353 589/553/589 495/557/495
f 320/550/320 179/546/179 597/554/597
f 194/557/194 241/550/241 238/554/238
f 148/558/148 122/551/122 147/550/147
f 238/550/238 241/557/241 190/558/190
f 1442/559/1442 1503/552/1503 1528/551/1528
f 1603/551/1603 1338/558/1338 1564/559/1564
f 216/560/216 484/561/484 217/562/217
f 1512/562/1512 1519/563/1519 1395/560/1395
f 194/561/194 251/553/251 241/556/241
f 216/556/216 234/562/234 484/561/484
f 206/561/206 424/560/424 655/564/655
f 1206/557/1206 935/553/935 1228/561/1228
f 221/564/221 267/557/267 259/561/259
f 1494/565/1494 1602/558/1602 1559/557/1559
f 206/557/206 655/564/655 252/565/252
f 479/566/479 241/559/241 251/558/251
f 523/558/523 265/565/265 251/566/251
f 841/567/841 754/568/754 840/569/840
f 190/569/190 241/570/241 479/567/479
f 1334/568/1334 1354/560/1354 1364/563/1364
f 1334/563/1334 274/569/274 659/568/659
f 1369/568/1369 1514/567/1514 1402/571/1402
f 1276/564/1276 1257/560/1257 700/568/700
f 1348/571/1348 1335/564/1335 1373/568/1373
f 1403/572/1403 1418/565/1418 1369/564/1369
f 1348/564/1348 1349/571/1349 1335/572/1335
f 1072/573/1072 874/566/874 801/565/801
f 1475/565/1475 1470/572/1470 1539/573/1539
f 1335/574/1335 1349/575/1349 1355/576/1355
f 1498/576/1498 1375/577/1375 1437/574/1437
f 1392/575/1392 1404/567/1404 1398/570/1398
f 942/570/942 943/576/943 1063/575/1063
f 1383/575/1383 1398/574/1398 1393/578/1393
f 1357/571/1357 1469/567/1469 1433/575/1433
f 1373/578/1373 1398/571/1398 1404/575/1404
f 1417/579/1417 224/572/224 225/571/225
f 1445/571/1445 1446/578/1446 1606/579/1606
f 560/580/560 346/573/346 242/572/242
f 224/572/224 560/579/560 242/580/242
f 1176/581/1176 1177/582/1177 755/583/755
f 560/583/560 196/584/196 226/581/226
f 560/582/560 226/574/226 346/577/346
f 284/577/284 181/583/181 545/582/545
f 196/582/196 275/581/275 197/585/197
f 1175/578/1175 797/574/797 1240/582/1240
f 275/585/275 660/578/660 526/582/526
f 304/586/304 1561/579/1561 453/578/453
f 1336/578/1336 1394/585/1394 1350/586/1350
f 1394/587/1394 1453/580/1453 1461/579/1461
f 1394/579/1394 1433/586/1433 1350/587/1350
f 1394/588/1394 1384/589/1384 1440/590/1440
f 1350/590/1350 1433/591/1433 1469/588/1469
f 1356/589/1356 1357/581/1357 1433/584/1433
f 1358/584/1358 1433/590/1433 1475/589/1475
f 1476/589/1476 1487/588/1487 1433/592/1433
f 1522/585/1522 1456/581/1456 1525/589/1525
f 1475/592/1475 1433/585/1433 1487/589/1487
f 1502/593/1502 1394/586/1394 1461/585/1461
f 1502/585/1502 1433/592/1433 1394/593/1394
f 1476/594/1476 1433/587/1433 1502/586/1502
f 1428/586/1428 1514/593/1514 1440/594/1440
f 1376/595/1376 1440/596/1440 1418/597/1418
f 1428/597/1428 1440/598/1440 1384/595/1384
f 1475/596/1475 1477/588/1477 1470/591/1470
f 1376/591/1376 1454/597/1454 1429/596/1429
f 564/596/564 392/595/392 212/599/212
f 1376/592/1376 1418/588/1418 1454/596/1454
f 359/599/359 168/592/168 1413/596/1413
f 1376/600/1376 1399/593/1399 1527/592/1527
f 1399/592/1399 1406/599/1406 198/600/198
f 643/601/643 682/594/682 321/593/321
f 1399/593/1399 198/600/198 227/601/227
f 730/602/730 749/603/749 1171/604/1171
f 1376/604/1376 1527/605/1527 1455/602/1455
f 1475/603/1475 1539/595/1539 1365/598/1365
f 1119/598/1119 1317/604/1317 1088/603/1088
f 75/603/75 129/602/129 156/606/156
f 1475/599/1475 1487/595/1487 1547/603/1547
f 349/606/349 625/599/625 564/603/564
f 511/607/511 224/600/224 242/599/242
f 305/599/305 642/606/642 546/607/546
f 1267/608/1267 1154/601/1154 858/600/858
f 1539/600/1539 1470/607/1470 1554/608/1554
f 1572/609/1572 1539/610/1539 1483/611/1483
f 1470/611/1470 464/612/464 465/609/465
f 853/610/853 1198/602/1198 746/605/746
f 936/605/936 1064/611/1064 882/610/882
f 564/610/564 440/609/440 392/613/392
f 1305/606/1305 1247/602/1247 1054/610/1054
f 1475/613/1475 1365/606/1365 1351/610/1351
f 1470/614/1470 465/607/465 624/606/624
f 480/606/480 556/613/556 235/614/235
f 336/615/336 285/608/285 182/607/182
f 465/607/465 543/614/543 678/615/678
f 465/616/465 640/617/640 277/618/277
f 436/618/436 277/619/277 640/616/640
f 285/617/285 466/609/466 625/612/625
f 465/612/465 301/618/301 276/617/276
f 675/617/675 499/616/499 607/620/607
f 464/613/464 543/609/543 465/617/465
f 210/620/210 662/613/662 302/617/302
f 1470/621/1470 624/614/624 435/613/435
f 1327/613/1327 785/620/785 1182/621/1182
f 178/622/178 228/615/228 593/614/593
f 1421/614/1421 1444/621/1444 1595/622/1595
f 467/623/467 468/624/468 505/625/505
f 178/625/178 593/626/593 488/623/488
f 766/624/766 1190/616/1190 1234/619/1234
f 243/619/243 178/625/178 177/624/177
f 640/624/640 390/623/390 437/627/437
f 1156/620/1156 1283/616/1283 1183/624/1183
f 1183/627/1183 1263/620/1263 710/624/710
f 436/628/436 640/621/640 661/620/661
f 678/620/678 371/627/371 640/628/640
f 1034/629/1034 958/622/958 1121/621/1121
f 178/621/178 488/628/488 489/629/489
f 1278/630/1278 690/631/690 786/632/786
f 390/632/390 489/633/489 347/630/347
f 640/631/640 371/623/371 390/626/390
f 1090/626/1090 719/632/719 1188/631/1188
f 1562/631/1562 1576/630/1576 1441/634/1441
f 1562/627/1562 1488/623/1488 1583/631/1583
f 1562/634/1562 1478/627/1478 1591/631/1591
f 272/635/272 521/628/521 266/627/266
f 1562/627/1562 1603/634/1603 1478/635/1478
f 1562/636/1562 1442/629/1442 1488/628/1488
f 1442/628/1442 1528/635/1528 1407/636/1407
f 113/637/113 87/638/87 1412/639/1412
f 1407/639/1407 1408/640/1408 1430/637/1430
f 1485/638/1485 1582/630/1582 1338/633/1338
f 1488/633/1488 1442/639/1442 1519/638/1519
f 545/638/545 304/637/304 453/641/453
f 1036/634/1036 950/630/950 887/638/887
f 1442/641/1442 1395/634/1395 1519/638/1519
f 1434/642/1434 1570/635/1570 1368/634/1368
f 1442/634/1442 1430/641/1430 1378/642/1378
f 1603/643/1603 1359/636/1359 1555/635/1555
f 1478/635/1478 1603/642/1603 1555/643/1555
f 77/644/77 13/645/13 150/646/150
f 77/646/77 76/647/76 79/644/79
f 66/645/66 79/637/79 65/640/65
f 1603/640/1603 1563/646/1563 1337/645/1337
f 321/645/321 682/644/682 510/648/510
f 1489/641/1489 1593/637/1593 1592/645/1592
f 1423/648/1423 1569/641/1569 1611/645/1611
f 184/649/184 502/642/502 196/641/196
f 1564/641/1564 1593/648/1593 1489/649/1489
f 1586/650/1586 1533/643/1533 1416/642/1416
f 1359/642/1359 1564/649/1564 1434/650/1434
f 120/651/120 102/652/102 92/424/92
f 1564/424/1564 1565/427/1565 1593/651/1593
f 1557/652/1557 1341/425/1341 1346/424/1346
f 1593/652/1593 1565/653/1565 1584/436/1584
f 1593/436/1593 333/425/333 332/652/332
f 953/653/953 889/654/889 1041/437/1041
f 1564/437/1564 1338/436/1338 1565/653/1565
f 1430/655/1430 1419/656/1419 1504/450/1504
f 1430/450/1430 1520/444/1520 1378/655/1378
f 1179/656/1179 688/657/688 1127/451/1127
f 1048/451/1048 1031/450/1031 1066/656/1066
f 1430/654/1430 1505/655/1505 1400/443/1400
f 887/443/887 1022/437/1022 1038/654/1038
f 1430/657/1430 1400/658/1400 1520/458/1520
f 578/458/578 409/457/409 561/657/561
f 668/655/668 455/444/455 494/443/494
f 409/658/409 179/464/179 594/458/594
f 160/457/160 132/451/132 146/657/146
f 409/464/409 503/658/503 179/659/179
f 409/659/409 348/660/348 561/471/561
f 126/471/126 98/465/98 102/659/102
f 409/661/409 504/662/504 348/479/348
f 509/479/509 179/478/179 320/661/320
f 409/662/409 595/663/595 504/485/504
f 1431/485/1431 644/479/644 412/662/412
f 1431/660/1431 1361/661/1361 1330/472/1330
f 1468/472/1468 1343/471/1343 1431/660/1431
f 409/663/409 594/664/594 595/492/595
f 367/492/367 341/486/341 315/663/315
f 1305/665/1305 838/666/838 1185/499/1185
f 348/499/348 504/493/504 391/665/391
f 1505/666/1505 1462/667/1462 503/506/503
f 1097/506/1097 834/500/834 715/666/715
f 374/664/374 233/665/233 355/493/355
f 309/493/309 667/492/667 444/664/444
f 333/486/333 466/485/466 642/663/642
f 181/478/181 503/472/503 410/661/410
f 1303/668/1303 1161/669/1161 1071/514/1071
f 302/514/302 528/513/528 278/668/278
f 450/669/450 662/670/662 426/520/426
f 504/520/504 426/514/426 562/669/562
f 633/671/633 445/672/445 352/528/352
f 333/528/333 302/527/302 278/671/278
f 333/670/333 641/671/641 438/527/438
f 504/527/504 595/521/595 180/670/180
f 762/672/762 146/673/146 140/535/140
f 504/535/504 596/534/596 334/672/334
f 544/667/544 528/668/528 302/507/302
f 303/507/303 450/506/450 334/667/334
f 318/464/318 563/659/563 439/465/439
f 504/433/504 334/432/334 450/674/450
f 1567/674/1567 1421/675/1421 1595/433/1595
f 544/676/544 302/440/302 450/447/450
f 467/447/467 505/454/505 506/677/506
f 896/677/896 848/676/848 956/447/956
f 585/674/585 634/432/634 170/440/170
f 506/678/506 507/461/507 469/468/469
f 679/677/679 318/454/318 439/461/439
f 679/678/679 199/677/199 535/461/535
f 439/674/439 563/440/563 680/676/680
f 680/475/680 319/482/319 470/679/470
f 508/679/508 509/680/509 471/475/471
f 320/679/320 597/482/597 335/489/335
f 851/489/851 778/681/778 962/679/962
f 597/496/597 181/681/181 284/489/284
f 390/680/390 577/678/577 437/468/437
f 545/468/545 410/475/410 304/680/304
f 410/666/410 611/500/611 304/499/304
f 162/668/162 579/513/579 161/507/161
f 611/521/611 1529/520/1529 1491/670/1491
f 1420/496/1420 1506/503/1506 1479/682/1479
f 1548/682/1548 1463/681/1463 1594/496/1594
f 1463/683/1463 1443/682/1443 1594/503/1594
f 1269/503/1269 1076/510/1076 1257/683/1257
f 970/517/970 969/683/969 1272/510/1272
f 208/684/208 264/517/264 250/524/250
f 1594/685/1594 1443/684/1443 1566/524/1566
f 283/524/283 355/531/355 295/685/295
f 1471/685/1471 1401/531/1401 1493/538/1493
f 1443/683/1443 1420/517/1420 1566/684/1566
f 1570/534/1570 1578/528/1578 1516/672/1516
f 1530/542/1530 1464/541/1464 1549/686/1549
f 623/541/623 239/535/239 195/673/195
f 1464/673/1464 1386/686/1386 1556/541/1556
f 1447/686/1447 1598/687/1598 1425/548/1425
f 675/548/675 540/542/540 499/686/499
f 1556/687/1556 1386/688/1386 1435/549/1435
f 1435/549/1435 1521/548/1521 1471/687/1471
f 1497/688/1497 1552/689/1552 1467/555/1467
f 1531/555/1531 1465/549/1465 1550/688/1550
f 1577/690/1577 1515/691/1515 1567/563/1567
f 1595/563/1595 1444/562/1444 1551/690/1551
f 1551/691/1551 1466/692/1466 1494/570/1494
f 1475/570/1475 1547/569/1547 1477/691/1477
f 1466/689/1466 1532/690/1532 1494/562/1494
f 1480/562/1480 1507/556/1507 1586/689/1586
f 1533/692/1533 1495/693/1495 1534/576/1534
f 1496/576/1496 1587/570/1587 1609/692/1609
f 229/689/229 185/556/185 212/555/212
f 1587/691/1587 1481/569/1481 1508/563/1508
f 782/693/782 1053/577/1053 870/576/870
f 1481/693/1481 1568/694/1568 1422/583/1422
f 1591/583/1591 1478/577/1478 1596/693/1596
f 162/694/162 168/695/168 601/584/601
f 1468/584/1468 1393/583/1393 1343/694/1343
f 1551/696/1551 1494/697/1494 1559/597/1559
f 990/597/990 1256/591/1256 700/696/700
f 1058/697/1058 1047/698/1047 987/604/987
f 1596/604/1596 1597/598/1597 1446/697/1446
f 1597/695/1597 1569/696/1569 1423/591/1423
f 1569/591/1569 1339/590/1339 1611/695/1611
f 1611/698/1611 1339/699/1339 1379/605/1379
f 548/605/548 353/604/353 566/698/566
f 1220/700/1220 749/701/749 730/618/730
f 1339/618/1339 1366/612/1366 1379/700/1379
f 932/701/932 931/702/931 1122/619/1122
f 112/619/112 61/618/61 65/701/65
f 1396/699/1396 1540/700/1540 1397/611/1397
f 83/611/83 70/605/70 94/699/94
f 1540/584/1540 1541/695/1541 1397/590/1397
f 1017/703/1017 927/704/927 953/632/953
f 1367/632/1367 1340/626/1340 1612/703/1612
f 763/704/763 1187/705/1187 375/639/375
f 1479/639/1479 1506/633/1506 1585/704/1585
f 1612/705/1612 1340/706/1340 1381/640/1381
f 1506/640/1506 1607/639/1607 1585/705/1585
f 1340/706/1340 1368/707/1368 1381/647/1381
f 1516/647/1516 1578/646/1578 1447/706/1447
f 407/697/407 405/598/405 589/597/589
f 1578/702/1578 1598/703/1598 1447/626/1447
f 236/626/236 175/625/175 482/702/482
f 1598/708/1598 1571/538/1571 1425/545/1425
f 1521/552/1521 1401/559/1401 1471/709/1471
f 1571/709/1571 1482/710/1482 1509/552/1509
f 44/709/44 6/559/6 19/566/19
f 44/545/44 36/552/36 85/710/85
f 1509/710/1509 1482/708/1482 1535/545/1535
f 995/573/995 964/580/964 996/711/996
f 47/711/47 85/712/85 42/573/42
f 359/711/359 451/580/451 372/587/372
f 682/712/682 472/566/472 510/573/510
f 472/712/472 305/709/305 612/566/612
f 472/594/472 332/601/332 305/713/305
f 411/713/411 546/714/546 598/594/598
f 282/601/282 328/608/328 443/715/443
f 546/715/546 336/713/336 598/601/598
f 285/615/285 625/715/625 349/608/349
f 1443/587/1443 1504/714/1504 1420/711/1420
f 392/587/392 663/594/663 350/714/350
f 494/685/494 455/538/455 602/708/602
f 984/702/984 738/625/738 684/619/684
f 602/704/602 294/633/294 400/632/400
f 731/706/731 774/646/774 1101/640/1101
f 294/716/294 536/615/536 400/622/400
f 364/717/364 536/716/536 633/622/633
f 364/622/364 400/629/400 536/717/536
f 352/636/352 445/717/445 493/629/493
f 493/715/493 454/615/454 309/716/309
f 321/718/321 601/636/601 168/643/168
f 454/719/454 667/718/667 309/643/309
f 780/643/780 1159/650/1159 966/719/966
f 1306/717/1306 1293/636/1293 1304/718/1304
f 647/612/647 266/611/266 521/700/521
f 667/720/667 351/721/351 444/722/444
f 318/722/318 595/723/595 563/720/563
f 563/724/563 594/720/594 319/723/319
f 351/723/351 363/725/363 632/724/632
f 282/726/282 169/725/169 328/723/328
f 1573/723/1573 1484/722/1484 1544/727/1544
f 468/727/468 328/728/328 584/726/584
f 303/726/303 445/723/445 633/727/633
f 105/729/105 92/725/92 102/726/102
f 506/726/506 180/730/180 507/729/507
f 507/730/507 595/726/595 318/728/318
f 508/728/508 594/731/594 509/730/509
f 878/732/878 814/733/814 1169/734/1169
f 597/734/597 179/735/179 503/732/503
f 319/721/319 594/732/594 508/735/508
f 813/735/813 1198/722/1198 829/721/829
f 1443/734/1443 1462/736/1462 1504/737/1504
f 1463/737/1463 1462/738/1462 1443/734/1443
f 444/738/444 632/737/632 281/739/281
f 164/739/164 582/740/582 600/738/600
f 1252/735/1252 791/734/791 1268/738/1268
f 611/738/611 503/740/503 1462/727/1462
f 410/727/410 503/722/503 611/735/611
f 597/735/597 503/738/503 181/727/181
f 468/741/468 327/742/327 293/743/293
f 1506/743/1506 1419/744/1419 1607/727/1607
f 604/727/604 171/740/171 475/741/475
f 626/741/626 441/743/441 565/727/565
f 1506/740/1506 1504/739/1504 1419/745/1419
f 1464/745/1464 1408/741/1408 1386/740/1386
f 1521/741/1521 1407/745/1407 1401/746/1401
f 1386/746/1386 1408/742/1408 1521/741/1521
f 959/744/959 936/743/936 937/747/937
f 1531/747/1531 1407/748/1407 1465/744/1465
f 1515/743/1515 1528/742/1528 1421/749/1421
f 1421/749/1421 1528/747/1528 1503/743/1503
f 901/731/901 941/728/941 1211/750/1211
f 1608/750/1608 1441/751/1441 1495/731/1495
f 714/751/714 53/750/53 833/752/833
f 703/752/703 1260/753/1260 1224/751/1224
f 703/754/703 1127/752/1127 1308/750/1308
f 1466/750/1466 1503/728/1503 1532/727/1532
f 926/727/926 1052/744/1052 1021/754/1021
f 1421/754/1421 1503/750/1503 1444/727/1444
f 11/752/11 23/754/23 10/755/10
f 1444/755/1444 1503/756/1503 1466/752/1466
f 926/754/926 1021/744/1021 885/748/885
f 1587/748/1587 1591/755/1591 1481/754/1481
f 247/757/247 261/758/261 457/746/457
f 1478/759/1478 1555/746/1555 1569/758/1569
f 680/742/680 470/746/470 292/759/292
f 37/745/37 13/760/13 9/761/9
f 470/761/470 471/757/471 291/745/291
f 1431/746/1431 1517/745/1517 1389/757/1389
f 782/739/782 1246/760/1246 1053/745/1053
f 681/762/681 335/749/335 290/759/290
f 1585/763/1585 1492/747/1492 1560/764/1560
f 1276/765/1276 746/747/746 1277/763/1277
f 1585/766/1585 1560/748/1560 1575/765/1575
f 491/759/491 163/749/163 583/742/583
f 1594/765/1594 1566/748/1566 1486/747/1486
f 1186/747/1186 1025/749/1025 1219/764/1219
f 1594/748/1594 1486/766/1486 1546/767/1546
f 1401/762/1401 1531/764/1531 1493/749/1493
f 1482/739/1482 1497/768/1497 1535/769/1535
f 469/768/469 535/739/535 327/737/327
f 680/739/680 292/769/292 199/760/199
f 1169/770/1169 747/768/747 1170/737/1170
f 1548/771/1548 1546/770/1546 1561/737/1561
f 1256/772/1256 1261/773/1261 921/736/921
f 1220/771/1220 1237/736/1237 1255/773/1255
f 1479/771/1479 1575/737/1575 1486/736/1486
f 439/733/439 680/772/680 199/734/199
f 1556/736/1556 1435/734/1435 1346/772/1346
f 1393/774/1393 1417/733/1417 1427/732/1427
f 1556/775/1556 1346/772/1346 1333/733/1333
f 1447/774/1447 1425/775/1425 1523/733/1523
f 1208/776/1208 1041/774/1041 738/732/738
f 1493/776/1493 1550/732/1550 1590/777/1590
f 1577/721/1577 1567/777/1567 1545/732/1545
f 1550/778/1550 1545/755/1545 1590/767/1590
f 925/755/925 978/778/978 1015/779/1015
f 1595/779/1595 1559/780/1559 1544/756/1544
f 1534/779/1534 1609/756/1609 1452/755/1452
f 1533/753/1533 1534/752/1534 1415/781/1415
f 1480/756/1480 1586/781/1586 1416/752/1416
f 1567/781/1567 1595/756/1595 1544/780/1544
f 1567/782/1567 1544/753/1544 1545/783/1545
f 1426/781/1426 1522/783/1522 1525/753/1525
f 1508/751/1508 1422/753/1422 1526/782/1526
f 236/784/236 610/751/610 407/782/407
f 1446/785/1446 1525/731/1525 1606/751/1606
f 522/731/522 267/785/267 221/786/221
f 1609/785/1609 1587/751/1587 1508/784/1508
f 1508/787/1508 1481/731/1481 1422/786/1422
f 1555/788/1555 1366/721/1366 1339/720/1339
f 16/789/16 114/724/114 52/725/52
f 886/790/886 4/720/4 1022/724/1022
f 1359/788/1359 1367/791/1367 1541/721/1541
f 1359/720/1359 1541/792/1541 1540/788/1540
f 1536/720/1536 1392/790/1392 1383/792/1383
f 92/790/92 62/724/62 87/793/87
f 332/777/332 333/721/333 642/791/642
f 732/729/732 1224/730/1224 849/794/849
f 1359/795/1359 1434/794/1434 1367/730/1367
f 1489/730/1489 1571/787/1571 1598/795/1598
f 1489/787/1489 1578/730/1578 1570/731/1570
f 555/789/555 220/793/220 480/724/480
f 1434/789/1434 1368/729/1368 1340/796/1340
f 80/794/80 79/796/79 66/729/66
f 66/725/66 61/729/61 62/789/62
f 182/767/182 285/755/285 349/748/349
f 451/797/451 1604/798/1604 643/799/643
f 1535/797/1535 1467/800/1467 1414/801/1414
f 542/802/542 482/797/482 591/799/591
f 1592/803/1592 1497/802/1497 1482/804/1482
f 1423/805/1423 1391/800/1391 1525/803/1525
f 1489/803/1489 1598/800/1598 1578/797/1578
f 1379/802/1379 1396/803/1396 1372/797/1372
f 106/806/106 82/807/82 107/808/107
f 124/806/124 151/809/151 157/810/157
f 1611/809/1611 1379/806/1379 1391/808/1391
f 141/811/141 52/812/52 114/813/114
f 1119/814/1119 917/809/917 922/811/922
f 1604/812/1604 1552/811/1552 1497/809/1497
f 135/808/135 134/812/134 51/809/51
f 643/815/643 332/816/332 682/817/682
f 1603/815/1603 1337/818/1337 1338/819/1338
f 451/820/451 1552/815/1552 1604/817/1604
f 1555/821/1555 1339/820/1339 1569/822/1569
f 782/823/782 146/818/146 762/821/762
f 546/821/546 642/818/642 336/815/336
f 336/820/336 466/821/466 285/815/285
f 1553/824/1553 1349/825/1349 1348/826/1348
f 440/824/440 278/827/278 663/828/663
f 310/829/310 171/824/171 187/826/187
f 626/826/626 278/830/278 528/829/528
f 146/829/146 132/830/132 120/831/120
f 132/832/132 126/827/126 102/829/102
f 663/829/663 278/827/278 626/824/626
f 469/833/469 507/834/507 679/835/679
f 303/833/303 334/836/334 454/837/454
f 177/836/177 178/833/178 502/835/502
f 303/838/303 454/839/454 445/840/445
f 1509/841/1509 1414/836/1414 1451/838/1451
f 363/839/363 334/838/334 596/836/596
f 351/835/351 334/839/334 363/836/363
f 626/842/626 528/843/528 441/844/441
f 454/842/454 334/845/334 667/846/667
f 1313/847/1313 790/842/790 1234/844/1234
f 363/848/363 596/847/596 169/849/169
f 1612/850/1612 1381/845/1381 1524/848/1524
f 1381/848/1381 1424/845/1424 1524/842/1524
f 1516/847/1516 1447/848/1447 1523/842/1523
f 1425/851/1425 1509/852/1509 1451/853/1451
f 1402/854/1402 1428/855/1428 1522/851/1522
f 139/856/139 75/857/75 85/854/85
f 370/858/370 406/859/406 316/856/316
f 1549/860/1549 1556/861/1556 1333/858/1333
f 510/862/510 612/863/612 492/860/492
f 1/864/1 115/865/115 2/862/2
f 510/866/510 492/867/492 601/864/601
f 216/868/216 378/869/378 379/866/379
f 1131/870/1131 1286/871/1286 1285/868/1285
f 602/872/602 400/873/400 308/870/308
f 853/874/853 773/875/773 829/872/829
f 1379/876/1379 1372/877/1372 1391/874/1391
f 765/878/765 941/879/941 720/876/720
f 853/880/853 941/881/941 901/878/901
f 1424/882/1424 1605/883/1605 1524/880/1524
f 1380/884/1380 1612/885/1612 1390/882/1390
f 665/886/665 397/887/397 600/884/600
f 411/888/411 362/889/362 492/886/492
f 480/890/480 235/891/235 481/888/481
f 598/892/598 361/893/361 362/890/362
f 1572/894/1572 1542/895/1542 1486/892/1486
f 182/896/182 349/897/349 361/894/361
f 349/898/349 564/899/564 185/896/185
f 491/900/491 583/901/583 164/898/164
f 350/902/350 565/903/565 230/900/230
f 565/904/565 322/905/322 399/902/399
f 392/906/392 350/907/350 230/904/230
f 1043/908/1043 836/909/836 930/906/930
f 392/910/392 230/911/230 212/908/212
f 400/912/400 582/913/582 308/910/308
f 465/914/465 527/915/527 624/912/624
f 465/853/465 277/916/277 301/917/301
f 493/917/493 326/851/326 600/853/600
f 889/917/889 954/854/954 835/851/835
f 1056/856/1056 1055/918/1055 933/919/933
f 494/919/494 602/858/602 583/856/583
f 565/920/565 399/862/399 230/860/230
f 1108/858/1108 1136/919/1136 698/920/698
f 705/920/705 1027/860/1027 775/858/775
f 1306/918/1306 1305/856/1305 1294/854/1294
f 1191/864/1191 750/921/750 751/922/751
f 1230/922/1230 779/866/779 1245/864/1245
f 1305/866/1305 1185/922/1185 1247/923/1247
f 1185/923/1185 1045/868/1045 804/866/804
f 983/924/983 966/872/966 630/870/630
f 804/874/804 167/925/167 398/926/398
f 838/926/838 1044/876/1044 1045/874/1045
f 533/872/533 443/924/443 293/925/293
f 838/925/838 837/874/837 1044/872/1044
f 438/923/438 325/870/325 210/868/210
f 815/921/815 752/864/752 823/862/823
f 1045/918/1045 166/854/166 167/917/167
f 1303/920/1303 1071/921/1071 1291/862/1291
f 1292/924/1292 1071/870/1071 1161/923/1161
f 1303/880/1303 836/878/836 1161/927/1161
f 996/928/996 964/882/964 1071/880/1071
f 621/880/621 193/927/193 383/928/383
f 1296/927/1296 914/878/914 892/876/892
f 1304/876/1304 1161/926/1161 837/927/837
f 761/929/761 889/886/889 835/884/835
f 636/930/636 521/888/521 670/886/670
f 837/890/837 1161/931/1161 836/932/836
f 1043/932/1043 837/892/837 836/890/836
f 1505/933/1505 409/896/409 578/894/578
f 165/932/165 166/894/166 1044/892/1044
f 1468/888/1468 1431/930/1431 1536/931/1536
f 1246/931/1246 1303/890/1303 1291/888/1291
f 782/898/782 762/934/762 1246/935/1246
f 289/935/289 279/900/279 436/898/436
f 1040/935/1040 803/902/803 1229/900/1229
f 762/904/762 930/936/930 836/937/836
f 1043/937/1043 599/906/599 165/904/165
f 930/938/930 1450/910/1450 599/908/599
f 146/906/146 120/937/120 113/938/113
f 930/938/930 140/908/140 1450/906/1450
f 160/936/160 154/904/154 132/902/132
f 1505/896/1505 503/933/503 409/934/409
f 154/934/154 126/898/126 132/896/132
f 140/929/140 113/884/113 1513/882/1513
f 105/882/105 102/928/102 98/929/98
f 105/930/105 98/886/98 96/929/96
f 120/932/120 87/933/87 113/894/113
f 113/936/113 1412/902/1412 1513/935/1513
f 919/912/919 1095/939/1095 1051/940/1051
f 96/940/96 77/914/77 80/912/80
f 834/938/834 760/939/760 715/910/715
f 92/910/92 80/939/80 66/912/66
f 1006/941/1006 946/942/946 1007/943/1007
f 92/943/92 66/944/66 62/941/62
f 87/945/87 62/946/62 1501/942/1501
f 665/942/665 360/941/360 397/945/397
f 80/947/80 77/941/77 79/944/79
f 1562/944/1562 1563/948/1563 1603/947/1603
f 62/949/62 1500/945/1500 1501/941/1501
f 1562/941/1562 1583/947/1583 1563/949/1563
f 131/950/131 159/947/159 153/948/153
f 131/948/131 153/951/153 125/950/125
f 874/952/874 916/949/916 1328/947/1328
f 119/947/119 159/950/159 131/952/131
f 119/953/119 65/950/65 159/951/159
f 123/951/123 9/954/9 67/953/67
f 860/955/860 826/952/826 1029/950/1029
f 1512/950/1512 1500/953/1500 61/955/61
f 104/956/104 91/953/91 158/954/158
f 69/954/69 67/957/67 28/956/28
f 119/958/119 158/955/158 91/953/91
f 135/953/135 136/956/136 109/958/109
f 112/959/112 86/956/86 1411/957/1411
f 124/957/124 157/960/157 130/959/130
f 1016/961/1016 979/958/979 712/956/712
f 95/956/95 157/959/157 151/961/151
f 707/962/707 708/959/708 925/960/925
f 124/960/124 55/963/55 151/962/151
f 104/964/104 151/961/151 91/959/91
f 91/959/91 50/962/50 86/964/86
f 91/965/91 55/962/55 50/963/50
f 86/963/86 1610/966/1610 1411/965/1411
f 544/967/544 455/964/455 528/962/528
f 86/962/86 50/965/50 1610/967/1610
f 47/968/47 44/965/44 85/966/85
f 42/966/42 85/969/85 75/968/75
f 971/970/971 827/967/827 899/965/899
f 101/965/101 156/968/156 1331/970/1331
f 118/971/118 26/968/26 22/969/22
f 118/969/118 128/972/128 26/971/26
f 111/973/111 26/970/26 34/968/34
f 1299/968/1299 1092/971/1092 1077/973/1077
f 21/974/21 145/971/145 60/972/60
f 21/972/21 60/975/60 25/974/25
f 118/976/118 54/973/54 145/971/145
f 54/971/54 60/974/60 145/976/145
# 3216 faces, 1276 coords texture

# End of File
