####
#
# OBJ File Generated by Meshlab
#
####
# Object l_link_2_1.obj
#
# Vertices: 2372
# Faces: 4804
#
####
mtllib ./l_link_2_1.obj.mtl

vn -0.6721207412301823 6.2391670312934089 0.0890394353698586
v 0.0394106923076923 0.0030190769230769 -0.0086040000000000
vn -0.0000000000000042 0.0000000000000053 -6.2831853071795871
v 0.0467860000000000 -0.0032140000000000 -0.0115000000000000
vn -2.4334569251592946 -4.3811305357814714 -1.6614030460933247
v 0.0426210000000000 -0.0043980000000000 -0.0110000000000000
vn 1.2592332099182695 0.0000000000000000 -6.1246743230278140
v 0.0395970000000000 0.0000000000000000 -0.0115410000000000
vn -0.3690643350533092 3.0347995998003041 -3.5858411843763811
v 0.0452410000000000 -0.0019850000000000 -0.0115000000000000
vn 5.3821781463549758 0.0197579488331092 -3.0563861336936107
v 0.0382385000000000 0.0000000000000000 -0.0125725000000000
vn 4.2337896469328165 -1.8184436534036399 -1.7536460190934753
v 0.0380000000000000 -0.0025000000000000 -0.0154000000000000
vn 5.1371877060014084 3.5719998887482016 -0.0655047791510785
v 0.0433500000000000 -0.0011300000000000 -0.0082500000000000
vn -0.2828311572557236 -5.2797004751208965 -2.1372312756519731
v 0.0447350000000000 -0.0049930000000000 -0.0110000000000000
vn 2.2400239444483749 -4.9804582493506722 -0.9280605028025743
v 0.0375000000000000 -0.0030000000000000 -0.0151930000000000
vn 4.1366474754003209 -0.0205677361852976 -4.6157960072251596
v 0.0387324615384615 0.0000000000000000 -0.0119653846153846
vn -1.5942549783887343 4.8886923766256114 -1.8437476399230157
v 0.0440040000000000 0.0049000000000000 0.0060000000000000
vn 2.0292013720286133 -0.7810304231979268 -5.1416705130065896
v 0.0494850000000000 -0.0003690000000000 0.0055000000000000
vn 2.0136081862998916 0.4064273721966265 -5.1654551129362654
v 0.0491270000000000 0.0017940000000000 0.0055000000000000
vn 5.0234956384222960 0.0331017182990314 -1.5804194265811282
v 0.0500000000000000 0.0000000000000000 0.0060000000000000
vn 3.6937243839603959 0.5937650695228440 3.5787563111950758
v 0.0496550000000000 0.0009155000000000 0.0112500000000000
vn 0.2231903005831769 0.0434292478460908 6.2691263713124270
v 0.0481430000000000 -0.0006430000000000 0.0115000000000000
vn -2.3679895165233242 -4.4593535969758387 1.6881673653079905
v 0.0426210000000000 -0.0043980000000000 -0.0060000000000000
vn 0.0000000000000023 0.0000000000000024 6.2831853071795880
v 0.0478930000000000 -0.0025710000000000 -0.0055000000000000
vn -0.7128603145697515 1.8511929616673317 5.5524874035220604
v 0.0418100000000000 0.0032720000000000 -0.0055000000000000
vn -3.9320940480452240 4.7443520965887966 0.0207517050657796
v 0.0462790000000000 -0.0015250000000000 -0.0066250000000000
vn -0.2868388079089990 -5.2230109194943726 2.1877664028259542
v 0.0447350000000000 -0.0049930000000000 -0.0060000000000000
vn -0.0516607354404578 0.1044098901599453 6.2809086520220365
v 0.0382500000000000 0.0019290000000000 -0.0055000000000000
vn 0.3124582666634933 3.0653426938274420 3.5433454776800493
v 0.0447150000000000 -0.0019800000000000 -0.0050000000000000
vn -0.0000000000000003 6.2831853071795862 -0.0000000000000000
v 0.0269250000000000 0.0030000000000000 0.0119500000000000
vn 0.0000000000000000 0.0000000000000000 6.2831853071795871
v 0.0174290000000000 -0.0021430000000000 0.0184000000000000
vn -0.7883183484489259 4.1928520815690566 3.4350761514583317
v -0.0010310000000000 0.0051460000000000 -0.0126500000000000
vn -0.8889344099414458 5.0858083030518726 1.9256231255014233
v -0.0003710000000000 0.0054870000000000 -0.0129000000000000
vn 0.0000000000000000 0.0000000000000000 -6.2831853071795871
v 0.0115710000000000 0.0014290000000000 -0.0184000000000000
vn 0.0495594951872330 6.2820661581963986 -0.0322219132535551
v 0.0148510000000000 0.0030000000000000 -0.0164130000000000
vn 0.0000000000000000 0.0000000000000000 -6.2831853071795871
v 0.0086430000000000 -0.0007140000000000 -0.0184000000000000
vn -0.0000000000000001 6.2831853071795862 -0.0000000000000001
v 0.0309500000000000 0.0030000000000000 0.0104630000000000
vn 0.0000000000000000 0.0000000000000000 -6.2831853071795862
v 0.0071790000000000 -0.0021430000000000 -0.0184000000000000
vn -0.9279896507962757 -4.9804660244530128 -2.2400838188310033
v 0.0272070000000000 -0.0030000000000000 0.0060000000000000
vn -0.0000000000000027 0.0000000000000000 6.2831853071795871
v 0.0060000000000000 0.0007140000000000 -0.0124000000000000
vn 0.1417249545719550 -0.1399612843059615 6.2732884814973797
v 0.0481430000000000 0.0019290000000000 0.0115000000000000
vn 3.4067841381456079 -3.9672241567847371 -2.1304807259686376
v 0.0481640000000000 -0.0038720000000000 0.0060000000000000
vn 1.0174313406383675 1.2876225240252877 4.6984700204828496
v 0.0494850000000000 0.0003690000000000 0.0115000000000000
vn -0.2828311572557236 5.2797004751208956 2.1372312756519736
v 0.0447350000000000 0.0049930000000000 0.0110000000000000
vn 4.8066125761206697 0.5249533802639803 -1.8250669887564941
v 0.0497840000000000 0.0014550000000000 0.0060000000000000
vn 5.3960163793376132 -0.0221829010256498 2.9555732368568641
v 0.0382385000000000 -0.0012960000000000 0.0125725000000000
vn 1.2643999260979648 -5.0757750163620754 -2.1878689012305372
v 0.0461990000000000 -0.0048540000000000 0.0060000000000000
vn 1.9975740164077094 -4.8485760551994774 -2.1749581602190946
v 0.0469000000000000 -0.0046250000000000 0.0060000000000000
vn -0.0000000000000003 0.0000000000000018 -6.2831853071795862
v 0.0398570000000000 -0.0006430000000000 0.0055000000000000
vn -2.3430568476605678 -3.5392187450595012 3.6532118196829120
v 0.0421384615384615 -0.0038153846153846 0.0112307692307692
vn -2.6980103643663091 -1.4272209542223426 3.6148476855235865
v 0.0467710000000000 0.0009290000000000 0.0115000000000000
vn 0.6152568818031214 6.1295756016346541 -0.0257253998385473
v 0.0447985000000000 -0.0019795000000000 0.0066250000000000
vn 0.0000000000000000 0.0000000000000000 -6.2831853071795862
v 0.0414640000000000 0.0012860000000000 0.0055000000000000
vn 2.3649112259472975 -0.1415465221755274 5.7970560977378023
v 0.0393060000000000 -0.0019440000000000 0.0116270000000000
vn 6.1609552322567227 0.9691423114647756 0.1407086039628199
v 0.0430370000000000 -0.0003850000000000 0.0082500000000000
vn -1.8686844282401249 -2.4200040248442458 -3.7917219507493733
v 0.0431990000000000 -0.0020780000000000 0.0055000000000000
vn -0.2367128150695442 -0.1885295621781178 -6.2588254222113804
v 0.0430710000000000 -0.0032140000000000 0.0055000000000000
vn -1.9196564929908699 2.4097945450262328 -3.5470585180048699
v 0.0463100000000000 -0.0015110000000000 0.0050000000000000
vn -1.3015444417809303 -6.1377389793967962 -0.0111227893450496
v 0.0400767647058823 -0.0031224705882353 0.0086040000000000
vn 3.9288863015499138 -0.0434759651661370 4.7984857762068343
v 0.0388126315789474 -0.0012960000000000 0.0119098947368421
vn 0.5497784980279617 -6.1366339092189470 0.0319498705672031
v 0.0448250000000000 0.0019831818181818 0.0082500000000000
vn 1.4605959082127229 -1.8050788902464181 -5.2504760090001223
v 0.0477900000000000 -0.0035310000000000 0.0055000000000000
vn 1.2560536316271897 0.0000000000000033 6.1341062197869149
v 0.0395970000000000 -0.0012960000000000 0.0115410000000000
vn 0.0577291108055442 2.2931361993504047 5.2826422882398907
v 0.0450570000000000 0.0045000000000000 0.0115000000000000
vn 1.5987716384130435 -5.4901194630906955 1.3130274813352154
v 0.0380452727272727 -0.0030000000000000 0.0119600909090909
vn 0.0000000000000018 4.4428829381583412 -4.4428829381583919
v 0.0380000000000000 0.0028068181818182 0.0058068181818182
vn -0.6721207412301823 -6.2391670312934089 -0.0890394353698586
v 0.0394106923076923 -0.0030190769230769 0.0086040000000000
vn 2.0433544435431235 -2.3451797759261197 -3.4872910535110138
v 0.0468010000000000 -0.0020780000000000 0.0055000000000000
vn -6.1419848773059202 -0.8279135744864805 0.0181588855999958
v 0.0469798181818182 0.0002100000000000 0.0082500000000000
vn -0.0000000000000042 -0.0000000000000053 6.2831853071795871
v 0.0467860000000000 0.0032140000000000 0.0115000000000000
vn 0.3824953589187449 2.3189140104256332 5.2200362800035354
v 0.0457910000000000 0.0044300000000000 0.0115000000000000
vn -1.7842138213454728 5.8979185869082640 0.0171696995980922
v 0.0455873636363636 -0.0019024545454545 0.0066250000000000
vn 1.2753213919035340 2.8344311665887902 -3.4477847766507317
v 0.0441690000000000 -0.0018190000000000 0.0050000000000000
vn -1.7397857996375712 1.2446775694300178 -5.1071213233443427
v 0.0412880000000000 0.0029980000000000 0.0055000000000000
vn 2.1114367924650943 -2.2880911008363887 3.4019458636903770
v 0.0435030000000000 0.0013260000000000 0.0115000000000000
vn -1.6191175497462542 -4.8962201891751853 -1.8331474332622233
v 0.0440040000000000 -0.0049000000000000 0.0060000000000000
vn -1.3637191635688890 -4.2233439426237904 -3.2621476168496977
v 0.0434349090909091 -0.0045081818181818 0.0057727272727273
vn -1.1680800860765823 -1.7581813179227372 -5.1984368678446256
v 0.0429240000000000 -0.0039930000000000 0.0055000000000000
vn -1.8869367673314559 -5.8732256416475508 0.0289483651604318
v 0.0456135454545455 0.0018930000000000 0.0082500000000000
vn -0.0000000000000001 -0.0000000000000021 6.2831853071795871
v 0.0427140000000000 0.0019290000000000 0.0115000000000000
vn -0.0000000000000009 0.0000000000000068 -6.2831853071795862
v 0.0478930000000000 -0.0032140000000000 0.0055000000000000
vn -1.7500266577609398 -2.5407200453607821 -2.6459491330177025
v 0.0436250000000000 -0.0023820000000000 0.0050000000000000
vn 0.3854627501231219 0.0034723607992819 6.2610454661920487
v 0.0398990000000000 -0.0010800000000000 0.0115050000000000
vn 3.3451319890937858 0.1072762212001153 -5.3043855758114633
v 0.0393200000000000 0.0025030769230769 -0.0116214615384615
vn -0.0000000000000001 0.0000000000000021 -6.2831853071795862
v 0.0427140000000000 -0.0019290000000000 -0.0115000000000000
vn -2.2150766969923050 5.8480333927227743 -0.3744056775301882
v 0.0406190000000000 0.0032690000000000 -0.0099070000000000
vn 2.1204480134733070 5.4345037910226246 -0.3005626554527860
v 0.0375274166666667 0.0030000000000000 -0.0132200000000000
vn 5.3407194643928300 2.3960683962209650 -0.8711485504341236
v 0.0380315000000000 0.0025000000000000 -0.0132316666666667
vn -0.0871105150536000 -0.2015372977481637 -6.2687953210388656
v 0.0440710000000000 -0.0032140000000000 -0.0115000000000000
vn 0.3854627501231219 -0.0034723607992819 -6.2610454661920478
v 0.0398990000000000 0.0010800000000000 -0.0115050000000000
vn 0.3824953589187449 -2.3189140104256332 -5.2200362800035354
v 0.0457910000000000 -0.0044300000000000 -0.0115000000000000
vn 0.0059293817791049 0.0032526404372518 -6.2831765558446424
v 0.0413570000000000 -0.0006430000000000 -0.0115000000000000
vn 2.1114367924650943 2.2880911008363887 -3.4019458636903774
v 0.0435030000000000 -0.0013260000000000 -0.0115000000000000
vn -0.4170101791974039 6.1882679678354151 -0.6019134709837470
v 0.0399696875000000 0.0030963125000000 -0.0105580000000000
vn 0.5047076859091826 5.5191564032483829 -2.3726730420391933
v 0.0393823928571428 0.0029658214285714 -0.0111398214285714
vn -1.8869367673314559 5.8732256416475508 -0.0289483651604318
v 0.0456135454545455 -0.0018930000000000 -0.0082500000000000
vn 3.2471742073827210 0.0074968117140607 -5.3161780140501902
v 0.0389696000000000 0.0019440000000000 -0.0117888000000000
vn 6.1710786679060146 -0.0560578784955986 -0.8731398240747309
v 0.0380168181818182 0.0010434545454545 -0.0133250000000000
vn 2.4253035544301440 -0.0162959005439468 -5.7520687301792721
v 0.0393146363636364 0.0012960000000000 -0.0116238181818182
vn -2.5339702498983954 5.0730077656933243 -1.7391607314253388
v 0.0413530000000000 0.0035880000000000 -0.0110000000000000
vn -1.4116594732489542 3.5671085457095857 -3.9534526202650913
v 0.0406866285714286 0.0030514000000000 -0.0112321428571429
vn -0.6931389847145603 6.2390926526876704 -0.0109754168614761
v 0.0394317777777778 0.0030226666666667 -0.0099070000000000
vn 1.2401106266347088 0.1469523418300399 -6.1425061013480740
v 0.0395970000000000 0.0019440000000000 -0.0115410000000000
vn 0.7106494034995505 1.8450175173884176 -5.3736784357717671
v 0.0398985000000000 0.0025715000000000 -0.0115050000000000
vn 2.7439647903762880 5.5591586244443825 -0.0072987354135354
v 0.0440569090909091 -0.0017532727272727 -0.0082500000000000
vn -0.7076888030623965 -2.0531867866974887 -5.2368568010847785
v 0.0443210000000000 -0.0044490000000000 -0.0115000000000000
vn 1.1051237388806920 2.0021745582259101 -5.2913191573387302
v 0.0471760000000000 0.0039390000000000 -0.0115000000000000
vn -0.6629843870491945 -5.4337158617529440 -2.4306725009109873
v 0.0399320000000000 -0.0029605000000000 -0.0111250000000000
vn -0.2301252390016898 -0.3012922573646840 -6.2533475279090780
v 0.0413570000000000 -0.0019290000000000 -0.0115000000000000
vn 2.2207443481683820 5.3636749220310165 -0.0067984623806031
v 0.0375000000000000 0.0030000000000000 -0.0143460000000000
vn -3.3949899908383978 -5.2825666767884663 -0.0090380961752801
v 0.0420000000000000 -0.0040000000000000 -0.0085000000000000
vn 5.3631649440014515 2.2390491591171573 -0.0399579147238470
v 0.0380000000000000 0.0025000000000000 -0.0144500000000000
vn 2.7723834564919532 0.9029320436689696 -3.9608235313348232
v 0.0428727692307692 -0.0005673076923077 -0.0115000000000000
vn 3.8529093700656931 0.7474488797805089 3.5221121547360017
v 0.0496550000000000 0.0009155000000000 -0.0057500000000000
vn 2.7087186109076722 4.5359629031861317 -2.1403330376874834
v 0.0475600000000000 0.0042950000000000 -0.0110000000000000
vn -5.4322483742206620 -2.9036042601777163 0.0044914861507757
v 0.0467525454545454 0.0009440000000000 -0.0082500000000000
vn 3.2301147550016238 1.0508936620709965 -3.4537188204400158
v 0.0476390000000000 0.0007750000000000 0.0055000000000000
vn -5.3701860665319696 3.0877103595433932 -0.0316845252775659
v 0.0467525454545454 -0.0009440000000000 0.0082500000000000
vn -0.2367128150695423 0.1885295621781153 -6.2588254222113813
v 0.0430710000000000 0.0032140000000000 0.0055000000000000
vn 2.0348628730539944 -2.3528193641299264 -3.4189719329926689
v 0.0436900000000000 0.0015110000000000 0.0050000000000000
vn -5.4820348082026680 -2.8272582997184887 -0.0309938040730534
v 0.0467697272727273 0.0009119090909091 0.0066250000000000
vn 2.7087186109076726 -4.5359629031861326 2.1403330376874834
v 0.0475600000000000 -0.0042950000000000 0.0110000000000000
vn -0.1572415960030233 0.0922337215741420 -6.2711244124414449
v 0.0446790000000000 0.0038570000000000 0.0055000000000000
vn -0.8986676559939959 1.6219505248485060 -5.0856824149419850
v 0.0443210000000000 0.0044490000000000 0.0055000000000000
vn -2.8392335712459214 1.2718544630624851 -2.8671901359832992
v 0.0424880000000000 0.0011190000000000 0.0050000000000000
vn -3.3949899908383978 5.2825666767884671 0.0090380961752801
v 0.0420000000000000 0.0040000000000000 0.0085000000000000
vn 0.0000000000000016 -4.4428829381583688 -4.4428829381583617
v 0.0380000000000000 -0.0028181818181818 0.0058181818181818
vn 0.3042297859590826 -0.0000000000000000 6.2679785885376225
v 0.0400000000000000 0.0000000000000000 0.0115000000000000
vn 1.1051237388806920 -2.0021745582259096 5.2913191573387302
v 0.0471760000000000 -0.0039390000000000 0.0115000000000000
vn 0.4997287119714123 -5.2621830032731873 2.1366610551119338
v 0.0454720000000000 -0.0049780000000000 0.0110000000000000
vn -2.0435307779181553 2.3459455906838000 -3.4784139413997370
v 0.0431990000000000 0.0020780000000000 0.0055000000000000
vn -2.5725765693147320 -4.7230219406097849 -1.7924092924826263
v 0.0414620000000000 -0.0036480000000000 0.0060000000000000
vn -0.2301252390016898 0.3012922573646840 6.2533475279090780
v 0.0413570000000000 0.0019290000000000 0.0115000000000000
vn 1.5802034657561541 5.4913448280700408 1.3397545361155399
v 0.0380590000000000 0.0030000000000000 0.0119430000000000
vn -0.4251446494337158 6.2523310096881914 0.0279324456575546
v 0.0399703636363636 0.0030970000000000 0.0086040000000000
vn 1.0900175634324150 2.8540058044304768 3.5963840219922765
v 0.0442910000000000 -0.0018700000000000 0.0115000000000000
vn 2.6632654659977169 -1.5683920501366304 -3.4740483947992051
v 0.0433170000000000 0.0010810000000000 0.0050000000000000
vn -2.3273874573888560 2.0854628374939823 -2.9785690386249732
v 0.0429675000000000 0.0018300000000000 0.0050000000000000
vn 0.0000000000000015 -4.4428829381583759 -4.4428829381583572
v 0.0380000000000000 -0.0026250000000000 0.0056250000000000
vn 0.0000000000000019 6.2831853071795862 -0.0000000000000004
v 0.0379940000000000 0.0030000000000000 0.0114089090909091
vn 0.0626982891781728 2.3507850169516153 -5.2184613894423499
v 0.0450570000000000 0.0045000000000000 0.0055000000000000
vn 2.0110035354993392 -4.8864505819392186 2.1389813140444902
v 0.0469000000000000 -0.0046250000000000 0.0110000000000000
vn 2.7207986865610723 1.6535397618862586 -3.4579279586159153
v 0.0473130000000000 0.0014870000000000 0.0055000000000000
vn 1.2713105648740659 -5.1311063151924587 2.1382824738731032
v 0.0461990000000000 -0.0048540000000000 0.0110000000000000
vn -0.5802123931817336 -0.3792870961187421 6.1959901945495757
v 0.0427140000000000 -0.0032140000000000 0.0115000000000000
vn -2.1513307596110360 -3.6913585749346618 -3.6943743405880376
v 0.0421500000000000 -0.0038000000000000 0.0057500000000000
vn 1.4213627307265368 -1.7962316538718752 5.2871630055936505
v 0.0477900000000000 -0.0035310000000000 0.0115000000000000
vn -2.6616756852228312 -1.5584481318051728 -3.5247882084742059
v 0.0466830000000000 0.0010810000000000 0.0050000000000000
vn 0.3761389433930082 2.2624562648718793 -5.2829934160297816
v 0.0457910000000000 0.0044300000000000 0.0055000000000000
vn -0.1136037094405145 6.2797973911245428 -0.1045378371232714
v 0.0390000000000000 0.0030000000000000 0.0086040000000000
vn 4.2908605524695176 4.5157004965184528 -0.0173743384871475
v 0.0435720000000000 -0.0014000000000000 0.0082500000000000
vn -0.8421236571735167 -1.9352556219709827 5.1839970713240371
v 0.0429240000000000 -0.0039930000000000 0.0115000000000000
vn -1.7402096364225990 2.5108829409187838 3.5973736426928058
v 0.0461360000000000 -0.0016460000000000 0.0115000000000000
vn 4.2324477300195902 -4.5727012260464885 0.0011496425893322
v 0.0436000000000000 0.0014280000000000 0.0066250000000000
vn -0.0000000000000003 0.0000000000000035 -6.2831853071795862
v 0.0398570000000000 -0.0012860000000000 0.0055000000000000
vn -2.6029539942811946 1.7059403740061143 -3.4712513033744989
v 0.0426870000000000 0.0014870000000000 0.0055000000000000
vn -1.1217530805687541 1.7268775745304319 5.4136583986547056
v 0.0415880000000000 0.0031470000000000 0.0115000000000000
vn 5.7647292369452590 2.4281460481905830 0.0626046624889487
v 0.0431480000000000 -0.0007560000000000 0.0082500000000000
vn 0.0000000000000029 0.0000000000000044 -6.2831853071795862
v 0.0462860000000000 0.0038570000000000 0.0055000000000000
vn 2.6272649692888934 -0.0024774825496288 5.6500698878696802
v 0.0392110000000000 0.0000000000000000 0.0116620000000000
vn 5.8089007400092969 -2.2403325810781887 0.0140800882877316
v 0.0431620000000000 0.0007890000000000 0.0066250000000000
vn -1.3547382103615317 -3.9292453768038427 3.3703087903566695
v 0.0434349090909091 -0.0045081818181818 0.0112272727272727
vn -1.5939577054569476 -4.8873608183140806 1.8450440611651093
v 0.0440040000000000 -0.0049000000000000 0.0110000000000000
vn -0.7128603145697515 -1.8511929616673317 -5.5524874035220604
v 0.0418100000000000 -0.0032720000000000 0.0055000000000000
vn 0.0000000000000023 -0.0000000000000024 -6.2831853071795880
v 0.0478930000000000 0.0025710000000000 0.0055000000000000
vn 6.0554319739035654 -0.0496226006603734 1.4339864182068394
v 0.0380370000000000 0.0000000000000000 0.0131150000000000
vn 4.6523235900354321 -2.3274365097028431 2.1529158882216319
v 0.0495180000000000 -0.0021430000000000 0.0110000000000000
vn 2.1623427704891562 -0.6473024388812050 5.1978511330673065
v 0.0491270000000000 -0.0017940000000000 0.0115000000000000
vn 5.2528988858255055 -3.3763028961685291 -0.0845530706830528
v 0.0433290000000000 0.0010990000000000 -0.0066250000000000
vn -0.0000000000000009 -0.0000000000000068 6.2831853071795862
v 0.0478930000000000 0.0032140000000000 -0.0055000000000000
vn 2.0433544435431235 2.3451797759261197 3.4872910535110133
v 0.0468010000000000 0.0020780000000000 -0.0055000000000000
vn 2.3813169091393993 2.0087828534952563 2.9423633865073811
v 0.0470500000000000 0.0018105454545455 -0.0050000000000000
vn 2.6999247755541620 1.4271508654468972 2.5056038707783888
v 0.0475120000000000 0.0011190000000000 -0.0050000000000000
vn 2.1623427704891562 0.6473024388812052 -5.1978511330673065
v 0.0491270000000000 0.0017940000000000 -0.0115000000000000
vn -1.7397857996375714 -1.2446775694300178 5.1071213233443418
v 0.0412880000000000 -0.0029980000000000 -0.0055000000000000
vn 0.0000000000000012 -0.0000000000000019 6.2831853071795862
v 0.0398570000000000 -0.0019290000000000 -0.0055000000000000
vn -1.5939577054569476 4.8873608183140806 -1.8450440611651093
v 0.0440040000000000 0.0049000000000000 -0.0110000000000000
vn 0.7567416171560492 2.2030139073240074 5.2437914804616286
v 0.0465030000000000 0.0042410000000000 -0.0055000000000000
vn 1.0174313406383670 -1.2876225240252877 -4.6984700204828487
v 0.0494850000000000 -0.0003690000000000 -0.0115000000000000
vn 5.0365345175098062 0.0000000000000007 -1.5919725014038992
v 0.0500000000000000 0.0000000000000000 -0.0110000000000000
vn -1.7500266577609398 2.5407200453607821 2.6459491330177021
v 0.0436250000000000 0.0023820000000000 -0.0050000000000000
vn 0.5517233644482279 -0.2193616444542616 -6.2428096408563887
v 0.0399081818181818 -0.0018261818181818 -0.0115045454545455
vn 0.7619193244735694 2.1523217411622859 -5.2955733981968596
v 0.0465030000000000 0.0042410000000000 -0.0115000000000000
vn -0.1136037094405145 -6.2797973911245446 0.1045378371232714
v 0.0390000000000000 -0.0030000000000000 -0.0086040000000000
vn 2.0586134276541457 -0.7151804834753718 5.1630097890156978
v 0.0494850000000000 -0.0003690000000000 -0.0055000000000000
vn -6.0819935527422198 1.1996554203294045 -0.0098301154935964
v 0.0469630000000000 -0.0003850000000000 -0.0082500000000000
vn 1.9640037976106692 0.3310679518018248 5.2152409885147311
v 0.0491270000000000 0.0017940000000000 -0.0055000000000000
vn -1.1217530805687541 -1.7268775745304321 -5.4136583986547056
v 0.0415880000000000 -0.0031470000000000 -0.0115000000000000
vn 5.0234956384222951 -0.0331017182990313 1.5804194265811282
v 0.0500000000000000 0.0000000000000000 -0.0060000000000000
vn -3.9266437385769728 -4.7549893574129642 -0.0210716238695906
v 0.0462631818181818 0.0015384545454545 -0.0082500000000000
vn -1.6191175497462542 4.8962201891751853 1.8331474332622233
v 0.0440040000000000 0.0049000000000000 -0.0060000000000000
vn -2.1806945640613629 -3.6691263744347493 3.6973227317844160
v 0.0421500000000000 -0.0038000000000000 -0.0057500000000000
vn 2.6786389472574008 -1.5319893126219302 3.5148257212376643
v 0.0433170000000000 0.0010810000000000 -0.0050000000000000
vn 4.1768138574711857 3.2407676087474742 -2.0790790483073267
v 0.0489260000000000 0.0030740000000000 -0.0110000000000000
vn 2.7809328842509529 1.4308193864829626 3.8560198827050192
v 0.0473130000000000 0.0014870000000000 -0.0055000000000000
vn 0.0565851448429400 2.2934111283505034 5.2822980068924625
v 0.0450570000000000 0.0045000000000000 -0.0055000000000000
vn -2.2854989517539437 2.1187986065681379 2.9431971546269109
v 0.0429500000000000 0.0018105454545455 -0.0050000000000000
vn 0.4997287119714123 5.2621830032731873 -2.1366610551119338
v 0.0454720000000000 0.0049780000000000 -0.0110000000000000
vn 0.0000000000000003 -4.4428829381583839 4.4428829381583483
v 0.0380000000000000 -0.0026250000000000 -0.0056250000000000
vn 6.0554319739035654 0.0496226006603734 -1.4339864182068394
v 0.0380370000000000 0.0000000000000000 -0.0131150000000000
vn 2.6272649692888934 0.0024774825496288 -5.6500698878696802
v 0.0392110000000000 0.0000000000000000 -0.0116620000000000
vn 3.4184083722045213 -4.0029514000617894 2.0968058174269091
v 0.0481640000000000 -0.0038720000000000 -0.0060000000000000
vn -1.1616099383030387 1.7166577741341742 -5.6746407153986942
v 0.0413018235294118 0.0031464705882353 -0.0113750000000000
vn -1.6200362728069471 -4.8977588581634697 -1.8315529108550539
v 0.0440040000000000 -0.0049000000000000 -0.0110000000000000
vn -1.3554713285282074 -3.9291616072046183 -3.3702283242594033
v 0.0434349090909091 -0.0045081818181818 -0.0112272727272727
vn -1.7458510572405073 2.5046636085857092 -3.6075928778417352
v 0.0461360000000000 -0.0016460000000000 -0.0115000000000000
vn -0.1109558326853326 6.2791366512518065 0.1187278264520563
v 0.0390000000000000 0.0030000000000000 -0.0086040000000000
vn 5.7469744566162566 2.4768190775825927 -0.1704670876435656
v 0.0431620000000000 -0.0007890000000000 -0.0082500000000000
vn -0.7892031175137120 -1.9737087572658853 -5.1982200695811418
v 0.0429240000000000 -0.0039930000000000 -0.0115000000000000
vn 4.2191524750056475 4.5860395508109084 0.0074375685176141
v 0.0436000000000000 -0.0014280000000000 -0.0082500000000000
vn -1.1680800860765714 -1.7581813179227443 5.1984368678446300
v 0.0429240000000000 -0.0039930000000000 -0.0055000000000000
vn -1.3643151415387484 -4.2232161468193734 3.2621086335494800
v 0.0434349090909091 -0.0045081818181818 -0.0057727272727273
vn -1.6265474242422038 -2.6611906842353834 2.8885724111014630
v 0.0436250000000000 -0.0023820000000000 -0.0050000000000000
vn 1.2753640301552391 2.8337658543785151 3.4508249492232235
v 0.0441690000000000 -0.0018190000000000 -0.0050000000000000
vn -1.5942549783887343 -4.8886923766256105 1.8437476399230155
v 0.0440040000000000 -0.0049000000000000 -0.0060000000000000
vn -1.6941265833194830 1.2642136774373327 5.1677073821883717
v 0.0412880000000000 0.0029980000000000 -0.0055000000000000
vn 1.8686844282401314 -2.4200040248442307 3.7917219507494342
v 0.0468010000000000 -0.0020780000000000 -0.0055000000000000
vn -1.8176067109784009 5.8875435111057302 -0.0237845201748397
v 0.0455784545454545 -0.0019040000000000 -0.0066250000000000
vn 3.4030719297946530 -3.9733795523613455 -2.1303057040384674
v 0.0481640000000000 -0.0038720000000000 -0.0110000000000000
vn -0.0000000000000085 0.0000000000000085 6.2831853071795862
v 0.0478930000000000 -0.0032140000000000 -0.0055000000000000
vn 0.5384692365708998 -5.1993373828242637 -2.1900839836234289
v 0.0454720000000000 -0.0049780000000000 0.0060000000000000
vn 0.0000000000000004 -0.0000000000000027 -6.2831853071795871
v 0.0398570000000000 0.0002922727272727 0.0055000000000000
vn 6.2045733387575419 -0.6467670276308517 0.1682292384979115
v 0.0430223636363636 0.0002198181818182 0.0082500000000000
vn 2.8301663732413220 5.5188228943465178 -0.0455676985205989
v 0.0440250000000000 -0.0017354545454545 0.0066250000000000
vn -0.7076888030623963 2.0531867866974887 5.2368568010847785
v 0.0443210000000000 0.0044490000000000 0.0115000000000000
vn 2.6917014747937045 -4.5163121333735159 -2.1632899657186515
v 0.0475600000000000 -0.0042950000000000 0.0060000000000000
vn -2.9952580505711826 0.8457022902769951 -3.4626176981378336
v 0.0423610000000000 0.0007750000000000 0.0055000000000000
vn -0.1064302885613375 0.1623607813469624 -6.2689933314183950
v 0.0414640000000000 0.0019290000000000 0.0055000000000000
vn 2.4253035544301440 0.0162959005439468 5.7520687301792721
v 0.0393146363636364 -0.0012960000000000 0.0116238181818182
vn 1.2401106266347091 -0.1469523418300399 6.1425061013480740
v 0.0395970000000000 -0.0019440000000000 0.0115410000000000
vn -1.4271727902271651 -6.1075308866668863 -0.2123928687485231
v 0.0406190000000000 -0.0032690000000000 0.0086040000000000
vn -2.5339702498983954 -5.0730077656933252 1.7391607314253390
v 0.0413530000000000 -0.0035880000000000 0.0110000000000000
vn 6.1710786679060146 0.0560578784955986 0.8731398240747309
v 0.0380168181818182 -0.0010434545454545 0.0133250000000000
vn 3.2471742073827210 -0.0074968117140608 5.3161780140501911
v 0.0389696000000000 -0.0019440000000000 0.0117888000000000
vn -0.8537412117537337 2.9660715007144733 -3.5056214088963777
v 0.0455370000000000 -0.0019056923076923 0.0050000000000000
vn 2.7439647903762880 -5.5591586244443825 0.0072987354135354
v 0.0440569090909091 0.0017532727272727 0.0082500000000000
vn 0.1070974264339175 -6.2803923453841843 -0.0692099438921887
v 0.0379940000000000 -0.0030000000000000 0.0114089090909091
vn 0.0000000000000003 4.4428829381583839 -4.4428829381583483
v 0.0380000000000000 0.0026250000000000 0.0056250000000000
vn -0.3140470747182197 0.3691090089600792 6.2358127196938860
v 0.0427140000000000 0.0032140000000000 0.0115000000000000
vn 1.1047387790009568 -2.0365064089142830 -5.2577402305617884
v 0.0471760000000000 -0.0039390000000000 0.0055000000000000
vn -0.3153331394555161 5.2368700287513779 -2.1746384887608152
v 0.0447350000000000 0.0049930000000000 -0.0110000000000000
vn -0.0000000000000026 -0.0000000000000020 -6.2831853071795871
v 0.0481430000000000 0.0019290000000000 -0.0115000000000000
vn -2.6049184229459952 1.7043580337141928 3.4622466235700085
v 0.0426870000000000 0.0014870000000000 -0.0055000000000000
vn 5.8000117538549141 -2.2330492802528710 -0.1447398514252051
v 0.0431480000000000 0.0007560000000000 -0.0066250000000000
vn 0.0000000000000029 0.0000000000000044 6.2831853071795862
v 0.0462860000000000 0.0038570000000000 -0.0055000000000000
vn 0.0000000000000013 0.0000000000000042 6.2831853071795871
v 0.0478930000000000 0.0025710000000000 -0.0055000000000000
vn -2.6536574035796798 -1.5683951684791191 3.5408143156032503
v 0.0466830000000000 0.0010810000000000 -0.0050000000000000
vn 0.0000000000000004 0.0000000000000040 6.2831853071795862
v 0.0398570000000000 -0.0012860000000000 -0.0055000000000000
vn -0.8756879231328516 -1.9885335077535342 5.3765960184339399
v 0.0418100000000000 -0.0032720000000000 -0.0055000000000000
vn 0.3824953589187482 2.3189140104256341 5.2200362800035327
v 0.0457910000000000 0.0044300000000000 -0.0055000000000000
vn 2.0206999134182930 0.7893045523593651 -5.1388931699448550
v 0.0494850000000000 0.0003690000000000 -0.0115000000000000
vn 4.3230490577113718 -4.4908817880449083 0.0138876071358377
v 0.0435720000000000 0.0014000000000000 -0.0066250000000000
vn 2.6917014747937049 4.5163121333735150 2.1632899657186515
v 0.0475600000000000 0.0042950000000000 -0.0060000000000000
vn -3.0574860231619825 -0.4500099720558907 3.4811522067379421
v 0.0469595000000000 0.0002815000000000 -0.0050000000000000
vn 2.8301663732413216 -5.5188228943465170 0.0455676985205989
v 0.0440250000000000 0.0017354545454545 -0.0066250000000000
vn 6.1998366472720159 -0.5653951376014461 -0.0330080484953266
v 0.0430185000000000 0.0001925000000000 -0.0066250000000000
vn -2.9939357035576135 -0.8753102231837986 3.3550338712043084
v 0.0423610000000000 -0.0007750000000000 -0.0055000000000000
vn 1.1047387790009571 2.0365064089142830 5.2577402305617884
v 0.0471760000000000 0.0039390000000000 -0.0055000000000000
vn -0.5617058040189501 -5.3260053815636939 1.8169615716312342
v 0.0402730000000000 -0.0031650000000000 -0.0060000000000000
vn 3.9850900762045307 0.7307345439858595 -3.4895130492158195
v 0.0496550000000000 0.0009155000000000 -0.0112500000000000
vn -0.2374012600378239 3.1084436517748504 2.8996474733586499
v 0.0447130000000000 0.0027350000000000 -0.0050000000000000
vn -0.1064302885613375 -0.1623607813469624 6.2689933314183968
v 0.0414640000000000 -0.0019290000000000 -0.0055000000000000
vn 3.0660747865204425 -0.4236697035689099 2.7171007516074779
v 0.0476900000000000 -0.0005720000000000 -0.0050000000000000
vn -0.0000000000000002 -0.0000000000000000 6.2831853071795871
v 0.0462860000000000 0.0032140000000000 -0.0055000000000000
vn -0.8537412117537337 -2.9660715007144729 3.5056214088963777
v 0.0455370000000000 0.0019056923076923 -0.0050000000000000
vn 0.4291544491675507 3.0780050198400053 3.4932077766402156
v 0.0453910000000000 0.0027220000000000 -0.0055000000000000
vn 0.6152568818031214 -6.1295756016346541 0.0257253998385473
v 0.0447985000000000 0.0019795000000000 -0.0066250000000000
vn 3.1033718902287908 0.2912271097078070 2.9446473028961679
v 0.0477172727272727 0.0003120000000000 -0.0050000000000000
vn -2.9991524391639541 0.7434420728133546 3.4862538916854162
v 0.0469190000000000 -0.0005630000000000 -0.0050000000000000
vn 6.1392777830984953 1.0318399632166728 -0.0260927158507948
v 0.0430410000000000 -0.0004030000000000 -0.0066250000000000
vn 1.2499247864822340 2.8510808313013221 3.4426694452607065
v 0.0461420000000000 0.0025010000000000 -0.0055000000000000
vn 1.4605959082127229 1.8050788902464183 5.2504760090001223
v 0.0477900000000000 0.0035310000000000 -0.0055000000000000
vn 1.9975740164077096 4.8485760551994774 2.1749581602190950
v 0.0469000000000000 0.0046250000000000 -0.0060000000000000
vn -0.1557448765694287 -2.1311261261332874 5.3993059634721661
v 0.0401710000000000 -0.0026260000000000 -0.0055000000000000
vn 4.8080338411698973 0.6452715581241941 -1.8950462499688097
v 0.0497840000000000 0.0014550000000000 -0.0110000000000000
vn -1.5382509158542561 -4.0360730511601952 3.4796445311060284
v 0.0408230000000000 -0.0031238333333333 -0.0057916666666667
vn -1.9196564929908699 -2.4097945450262324 3.5470585180048699
v 0.0463100000000000 0.0015110000000000 -0.0050000000000000
vn 0.2231903005831769 -0.0434292478460908 -6.2691263713124270
v 0.0481430000000000 0.0006430000000000 -0.0115000000000000
vn -0.0000000000000006 0.0000000000000005 6.2831853071795862
v 0.0414640000000000 -0.0012860000000000 -0.0055000000000000
vn -0.9498718613324770 2.9779998617869703 2.9067699571112802
v 0.0441500000000000 0.0026150000000000 -0.0050000000000000
vn 2.1246771753023035 1.8197943638117511 -4.5453976197157901
v 0.0027020000000000 0.0018060000000000 0.0124000000000000
vn -3.1415926535897829 0.0000000000000021 -3.1415926535897953
v -0.0060000000000000 -0.0018750000000000 0.0124000000000000
vn -0.7015771923001043 -1.3601765574769971 -5.8245630281400107
v -0.0043300000000000 -0.0025000000000000 0.0124000000000000
vn 2.1685906094922185 4.8329174228970100 2.4156179087827714
v 0.0047490000000000 0.0034400000000000 0.0179000000000000
vn 0.1714234100742044 -5.3536576489612884 2.0886167387284962
v 0.0112210000000000 -0.0030000000000000 0.0179000000000000
vn 0.0000000000000007 -0.0000000000000054 -6.2831853071795853
v 0.0023210000000000 -0.0004640000000000 0.0119000000000000
vn -3.1415926535897931 0.0000000000000000 -3.1415926535897931
v 0.0020000000000000 0.0003440000000000 0.0119000000000000
vn 1.1975114174651582 2.8878855029428463 -3.3388410243896720
v 0.0012440000000000 0.0030030000000000 0.0124000000000000
vn -3.1420326979146798 -5.3306650213987785 -0.0210287865712367
v 0.0013030769230769 0.0024094615384615 0.0135250000000000
vn 0.0436666573376917 -1.5564179662871129 5.8679179438704390
v 0.0114385000000000 -0.0022917500000000 0.0184000000000000
vn -0.1498554443400039 -5.3523716787357669 -2.1933198691620324
v -0.0053050000000000 -0.0030000000000000 0.0129000000000000
vn -0.0370302420013132 2.2058177322991410 5.3754413051107237
v 0.0068010000000000 0.0025000000000000 0.0184000000000000
vn -6.2768845830584370 -0.1974054323789096 -0.0196892206795709
v 0.0020000000000000 0.0010244166666667 0.0128290000000000
vn 0.0000000000000014 -4.4428829381583679 4.4428829381583625
v 0.0370000000000000 -0.0028000000000000 -0.0058000000000000
vn -5.2614775941232992 -2.5220951019640800 -0.1208514444836352
v 0.0019431111111111 0.0018512222222222 0.0132000000000000
vn 0.0288238593512094 0.4070282944837327 -6.2431528568433592
v 0.0000000000000000 0.0042860000000000 0.0124000000000000
vn -6.2831853071795862 0.0000000000000000 0.0000000000000000
v -0.0060000000000000 -0.0012860000000000 0.0132570000000000
vn -2.2214414690791826 -0.0000000000000018 5.3630341226689753
v 0.0270000000000000 0.0008330000000000 -0.0055000000000000
vn 0.0321411156325806 2.9962480690863309 -2.5312151451530016
v -0.0006340000000000 0.0031880000000000 0.0119000000000000
vn -1.4895847442217636 -1.7602749069963886 -5.2694255664674499
v -0.0032090000000000 -0.0038340000000000 0.0124000000000000
vn 0.0000000000000000 0.0000000000000000 -6.2831853071795862
v 0.0040000000000000 0.0000000000000000 0.0124000000000000
vn -3.3345669827192812 -4.0727207130414911 -2.1507347126070995
v -0.0034800000000000 -0.0042590000000000 0.0129000000000000
vn 0.1931363492241487 5.3931514044415261 2.2555279885731343
v 0.0068010000000000 0.0030000000000000 0.0179000000000000
vn 0.0000000000000010 -0.0000000000000228 6.2831853071795880
v 0.0180000000000000 -0.0021430000000000 -0.0124000000000000
vn 3.0733337473175744 -0.5010455360175929 -3.4073003321181483
v 0.0031880000000000 -0.0006340000000000 0.0124000000000000
vn -0.1895122770997734 0.3242592645290368 -2.8544618576293859
v 0.0000000000000000 -0.0029583333333333 0.0119000000000000
vn 0.4435805345359420 -1.3611718552829075 5.9034381085262169
v 0.0058700000000000 -0.0023664117647059 0.0184000000000000
vn -2.3118914087191689 4.6814714993180724 -2.7075788106141130
v -0.0046100000000000 0.0030000000000000 0.0129000000000000
vn 2.8706726055884895 -0.6259178371589281 -3.9687221403423290
v -0.0020847500000000 0.0016786000000000 0.0119000000000000
vn -1.9015544697743287 4.9180681203773737 2.0749937902467819
v -0.0020210000000000 0.0051150000000000 0.0179000000000000
vn 0.0000000000000000 0.0000000000000000 6.2831853071795862
v 0.0334290000000000 0.0006430000000000 -0.0055000000000000
vn 0.7452840355994562 3.0336658652616753 -3.0067634442846018
v -0.0006790000000000 -0.0026650000000000 0.0119000000000000
vn -0.0000000000000002 5.3630341226689797 2.2214414690791817
v 0.0123990000000000 0.0030000000000000 0.0179000000000000
vn 0.6046408677733056 -1.8800554687771103 -5.5647270957217980
v 0.0018549090909091 -0.0045063636363636 0.0124000000000000
vn 0.8525398897091923 -5.0455608490053319 2.5639688324201910
v 0.0060990000000000 -0.0030500000000000 0.0179000000000000
vn -0.0000000000000002 6.2831853071795871 -0.0000000000000002
v 0.0229000000000000 0.0030000000000000 -0.0149250000000000
vn 0.6087662219935523 -3.0665255785821350 -3.3385728588666463
v 0.0006340000000000 -0.0031880000000000 0.0124000000000000
vn 0.0000000000000004 6.2831853071795862 0.0000000000000014
v 0.0188750000000000 0.0030000000000000 -0.0134380000000000
vn -1.4943827002978329 6.0595290704615712 -0.1852144860220888
v 0.0005250000000000 -0.0026990000000000 0.0135250000000000
vn 0.0000000000000006 -6.2831853071795853 -0.0000000000000024
v 0.0249130000000000 -0.0030000000000000 -0.0119500000000000
vn 0.0172807679254025 2.5199384246741157 5.3485494420177648
v 0.0367818181818182 0.0025568181818182 -0.0055568181818182
vn -0.0000000000000178 2.2214414690792150 -5.3630341226689797
v -0.0051650000000000 0.0025000000000000 0.0124000000000000
vn -2.5986671814961966 1.7384627772995414 -3.3373800938147955
v -0.0027020000000000 0.0018060000000000 0.0124000000000000
vn 0.0354318653458361 5.3624177004096625 2.2131706883081268
v 0.0360520000000000 0.0030000000000000 -0.0060000000000000
vn 6.2469509247334836 -0.1864937536817856 -0.4013242698626628
v -0.0020000000000000 -0.0002460000000000 0.0128290000000000
vn -3.0729279175407402 -0.5134499363694552 -2.8837861073295707
v -0.0031880000000000 -0.0006340000000000 0.0119000000000000
vn 4.6572266430685509 2.3246465730139261 -2.1533995334842575
v 0.0495180000000000 0.0021430000000000 0.0060000000000000
vn -0.0000000000000026 0.0000000000000020 6.2831853071795862
v 0.0481430000000000 -0.0019290000000000 0.0115000000000000
vn 3.4184083722045218 4.0029514000617894 -2.0968058174269095
v 0.0481640000000000 0.0038720000000000 0.0060000000000000
vn 5.3630341226689744 0.0000000000000003 2.2214414690791844
v 0.0380000000000000 0.0000000000000000 0.0154000000000000
vn 1.2713105648740586 5.1311063151924525 -2.1382824738731108
v 0.0461990000000000 0.0048540000000000 0.0060000000000000
vn 4.1768138574711866 -3.2407676087474737 2.0790790483073267
v 0.0489260000000000 -0.0030740000000000 0.0110000000000000
vn 3.9850900762045312 -0.7307345439858597 3.4895130492158195
v 0.0496550000000000 -0.0009155000000000 0.0112500000000000
vn 1.7216269504143531 1.5712358645602464 -5.2444280901800298
v 0.0483290000000000 0.0030280000000000 0.0055000000000000
vn 2.0551736790581892 1.2420127924992579 -5.1621403094298142
v 0.0487790000000000 0.0024440000000000 0.0055000000000000
vn 4.8080338411698973 -0.6452715581241939 1.8950462499688099
v 0.0497840000000000 -0.0014550000000000 0.0110000000000000
vn 2.0654710650068253 -1.2435293821998559 5.1507185338720429
v 0.0487790000000000 -0.0024440000000000 0.0115000000000000
vn 4.1860321069744657 3.2281254320611765 -2.0793835562461460
v 0.0489434615384615 0.0030516923076923 0.0060000000000000
vn 1.7197969944609244 -1.5695048480766856 5.2471393211865571
v 0.0483290000000000 -0.0030280000000000 0.0115000000000000
vn 0.4492648337480656 5.2069945348178379 -2.1908078206119965
v 0.0454720000000000 0.0049780000000000 0.0060000000000000
vn 0.6046408677733056 1.8800554687771103 5.5647270957217980
v 0.0018549090909091 0.0045063636363636 -0.0124000000000000
vn 0.0000000000000001 -6.2831853071795862 0.0000000000000010
v 0.0329630000000000 -0.0030000000000000 0.0164130000000000
vn -3.6630469015438676 -0.5909515783038340 2.9764501543053270
v -0.0060000000000000 0.0003060000000000 -0.0169390000000000
vn 0.0371070913090582 -3.9380819791100792 4.6509927157528068
v -0.0040000000000000 0.0011200000000000 -0.0165420000000000
vn 2.8706726055884899 0.6259178371589278 3.9687221403423290
v -0.0020847500000000 -0.0016786000000000 -0.0119000000000000
vn 0.0000000000000000 0.0000000000000000 -6.2831853071795871
v 0.0027860000000000 -0.0008925000000000 -0.0184000000000000
vn -3.3795536946352023 2.4831127627450229 -4.2308542102823266
v 0.0231760000000000 0.0025000000000000 0.0120180000000000
vn 0.0000000000000000 0.0000000000000000 -6.2831853071795862
v -0.0045360000000000 0.0001785000000000 -0.0184000000000000
vn -2.2214414690791839 5.3630341226689762 0.0000000000000034
v 0.0245000000000000 0.0030000000000000 0.0095540000000000
vn 0.0000000000000002 -6.2831853071795853 -0.0000000000000000
v 0.0369880000000000 -0.0030000000000000 0.0149250000000000
vn 0.3546943107782986 -5.2915998165207192 1.6741659610953039
v 0.0318460000000000 -0.0030000000000000 0.0179000000000000
vn 0.0000000000000000 0.0000000000000000 -6.2831853071795880
v -0.0001430000000000 -0.0035710000000000 -0.0184000000000000
vn -1.8936188853848195 -2.3985133285333999 3.6662639667033310
v -0.0022980000000000 -0.0022980000000000 -0.0124000000000000
vn -2.4526261673912240 1.3453771567001644 -4.1291709795826463
v 0.0019728181818182 -0.0019147575757576 -0.0184000000000000
vn 0.0000000000000000 0.0000000000000000 -6.2831853071795862
v -0.0016070000000000 0.0028570000000000 -0.0184000000000000
vn 0.0000000000000002 6.2831853071795862 -0.0000000000000000
v 0.0208880000000000 0.0030000000000000 0.0134380000000000
vn -1.1975114174651558 -2.8878855029428330 3.3388410243896725
v -0.0012440000000000 -0.0030030000000000 -0.0124000000000000
vn 1.7384627772995349 2.5986671814961908 2.9458052133647912
v 0.0018060000000000 0.0027020000000000 -0.0119000000000000
vn 0.0000000000000000 -2.2214414690791773 5.3630341226689833
v 0.0320320000000000 -0.0025000000000000 0.0184000000000000
vn 0.3806996053301442 -2.3248864820655015 -5.2129291108131355
v 0.0008900000000000 -0.0049200000000000 -0.0184000000000000
vn -0.1367643325967688 5.4239587920510353 -2.1517386544232213
v 0.0220000000000000 0.0030000000000000 0.0129000000000000
vn 3.4684633294752052 5.2038949684578606 0.2828274668397714
v -0.0014760000000000 -0.0023200000000000 -0.0135250000000000
vn 0.0000000000000000 0.0000000000000000 -6.2831853071795871
v -0.0022594347826087 0.0022825652173913 -0.0184000000000000
vn -0.0000000000000047 -0.0000000000000112 6.2831853071795871
v 0.0040000000000000 0.0021430000000000 -0.0124000000000000
vn -3.1415926535897931 0.0000000000000008 -3.1415926535897940
v -0.0060000000000000 0.0012500000000000 -0.0184000000000000
vn 0.5386226480978624 -5.1835134896655264 -2.1391677709662731
v 0.0004780000000000 -0.0054790000000000 -0.0179000000000000
vn -2.5986671814961961 -1.7384627772995411 3.3373800938147946
v -0.0027020000000000 -0.0018060000000000 -0.0124000000000000
vn -3.2677511327616857 3.8824968068086756 -2.3130599212053093
v -0.0034800000000000 0.0042590000000000 -0.0179000000000000
vn -3.1415926535897909 3.1415926535897900 0.0000000000000000
v -0.0060000000000000 0.0030000000000000 -0.0141500000000000
vn -1.4007699532346114 6.0718813785321641 0.0007347050092301
v 0.0005230000000000 -0.0027000000000000 -0.0151500000000000
vn 5.7420724595646808 -1.7432288013536770 0.1466463073915871
v -0.0020000000000000 0.0017210000000000 -0.0138500000000000
vn -0.0000000000000022 6.2831853071795862 -0.0000000000000014
v 0.0249130000000000 0.0030000000000000 0.0089750000000000
vn 4.8921677341840608 -3.5082302595834332 0.0000000000000000
v -0.0018720000000000 0.0020140000000000 -0.0145000000000000
vn -1.7402096364225990 -2.5108829409187843 -3.5973736426928054
v 0.0461360000000000 0.0016460000000000 -0.0115000000000000
vn -0.3820737681208122 -6.2212161585154933 -0.2152747651088436
v 0.0399830000000000 -0.0030995000000000 -0.0099070000000000
vn 3.4067841381456083 3.9672241567847371 2.1304807259686376
v 0.0481640000000000 0.0038720000000000 -0.0060000000000000
vn 3.6842192813409529 -2.3211294805244749 -4.0574517303645434
v 0.0386564285714286 -0.0025000000000000 -0.0120362857142857
vn 4.8721603886317260 -2.4518891714331543 -2.4331862618306692
v 0.0382110000000000 -0.0025000000000000 -0.0126050000000000
vn 1.0666126259512170 -5.5806494100487987 -1.6421808261718871
v 0.0388195714285714 -0.0030000000000000 -0.0113092857142857
vn 4.7100267524518875 2.3571987990970302 2.0971745920021938
v 0.0495180000000000 0.0021430000000000 -0.0060000000000000
vn 4.4304503467805683 -4.4372468392109399 -0.2020358301234268
v 0.0377500000000000 -0.0027500000000000 -0.0135000000000000
vn 1.8964508127127266 -5.5221595871497975 -0.7396653093104814
v 0.0376840000000000 -0.0030000000000000 -0.0125580000000000
vn 0.8299662779683892 -2.1341103104925647 -5.4959579815428645
v 0.0395920000000000 -0.0025220000000000 -0.0115420000000000
vn -1.3547382103615317 3.9292453768038418 -3.3703087903566695
v 0.0434349090909091 0.0045081818181818 -0.0112272727272727
vn 5.3630341226689753 -0.0000000000000003 -2.2214414690791844
v 0.0380000000000000 0.0000000000000000 -0.0154000000000000
vn -0.8421236571735167 1.9352556219709833 -5.1839970713240371
v 0.0429240000000000 0.0039930000000000 -0.0115000000000000
vn 4.2908605524695176 -4.5157004965184528 0.0173743384871475
v 0.0435720000000000 0.0014000000000000 -0.0082500000000000
vn 5.8183730969629668 -2.2372182363240416 -0.0705071122859229
v 0.0431480000000000 0.0007560000000000 -0.0082500000000000
vn 0.0000000000000000 6.2831853071795862 0.0000000000000000
v 0.0349750000000000 0.0030000000000000 0.0089750000000000
vn -1.7536460190934740 1.8184436534036370 -4.2337896469328182
v 0.0270000000000000 0.0025000000000000 0.0055000000000000
vn -1.1588057293932326 5.1061450760290032 -2.1578284140818376
v -0.0012100000000000 0.0053650000000000 -0.0179000000000000
vn 0.0027491233834139 -5.3277497774253533 2.6510461058276578
v 0.0229568181818182 -0.0028636363636364 0.0180363636363636
vn 0.0000000000000000 0.0000000000000000 -6.2831853071795862
v 0.0057140000000000 0.0016075000000000 -0.0184000000000000
vn -0.0000000000000002 -2.2214414690791848 -5.3630341226689744
v 0.0124410000000000 -0.0025000000000000 -0.0184000000000000
vn -0.0000000000000013 5.3630341226689735 -2.2214414690791826
v 0.0082740000000000 0.0030000000000000 -0.0179000000000000
vn 0.0000000000000000 2.2214414690791870 -5.3630341226689726
v 0.0082850000000000 0.0025000000000000 -0.0184000000000000
vn -0.0000000000000002 -2.2214414690791879 -5.3630341226689762
v 0.0318000000000000 -0.0025000000000000 0.0055000000000000
vn -0.0000000000000002 6.2831853071795871 -0.0000000000000003
v 0.0369880000000000 0.0030000000000000 0.0104630000000000
vn -0.3977385840050117 5.2152182625338535 -2.1811761802901652
v -0.0003710000000000 0.0054870000000000 -0.0179000000000000
vn -0.0166334085778128 2.2969966917837690 -5.2790123683320651
v 0.0000190000000000 0.0050000000000000 -0.0184000000000000
vn 0.0000000000000000 -6.2831853071795862 0.0000000000000002
v 0.0269250000000000 -0.0030000000000000 0.0112060000000000
vn -0.0000000000000017 -0.0000000000000052 6.2831853071795862
v 0.0080000000000000 -0.0021430000000000 -0.0124000000000000
vn 0.0000000000000013 -2.2214414690791786 5.3630341226689806
v 0.0231270000000000 -0.0025000000000000 0.0184000000000000
vn 0.0000000000000001 6.2831853071795862 0.0000000000000006
v 0.0188750000000000 0.0030000000000000 0.0149250000000000
vn -0.0000000000000005 0.0000000000000011 -6.2831853071795880
v 0.0302140000000000 0.0019290000000000 0.0055000000000000
vn 0.0000000000000017 -0.0000000000000068 6.2831853071795871
v 0.0140000000000000 0.0007140000000000 -0.0124000000000000
vn 0.0000000000000000 -6.2831853071795871 -0.0000000000000001
v 0.0269250000000000 -0.0030000000000000 0.0082310000000000
vn 0.0000000000000000 -6.2831853071795871 -0.0000000000000003
v 0.0148510000000000 -0.0030000000000000 -0.0149250000000000
vn 0.0000000000000025 6.2831853071795862 0.0000000000000001
v 0.0369880000000000 0.0030000000000000 0.0132520000000000
vn 0.8754211958844569 -1.9843215639670895 5.4109007256080108
v 0.0045800909090909 -0.0029787272727273 -0.0124000000000000
vn 0.8180151822191388 -2.0621554900067727 5.3551162024178645
v 0.0055210000000000 -0.0026510000000000 -0.0124000000000000
vn -0.0000000000000008 -2.2214414690791844 5.3630341226689753
v 0.0260950000000000 -0.0025000000000000 0.0184000000000000
vn 0.0000000000000000 0.0000000000000000 -6.2831853071795862
v 0.0086430000000000 0.0014290000000000 -0.0184000000000000
vn 0.0000000000000001 6.2831853071795862 0.0000000000000017
v 0.0349750000000000 0.0030000000000000 0.0119500000000000
vn 0.0000000000000000 0.0000000000000000 -6.2831853071795862
v 0.0115710000000000 -0.0007140000000000 -0.0184000000000000
vn 2.0042759639902359 4.8788497464595526 -2.0771217361069390
v 0.0021200000000000 0.0050750000000000 -0.0179000000000000
vn 0.8436282085759419 1.8014608654214554 -5.5647483800172166
v 0.0045177500000000 0.0029395000000000 -0.0184000000000000
vn 1.4709229012011762 5.1876852696024223 -2.3232834919642045
v 0.0054100000000000 0.0031970000000000 -0.0179000000000000
vn -0.0000000000000025 0.0000000000000281 6.2831853071795845
v 0.0100000000000000 0.0021430000000000 -0.0124000000000000
vn 0.1402094033195782 -5.3556648670135578 2.1783063677709538
v 0.0259530000000000 -0.0030000000000000 0.0179000000000000
vn 0.8753189412308999 2.0652335907366437 -5.3121841901157687
v 0.0055210000000000 0.0026510000000000 -0.0184000000000000
vn 0.0000000000000002 0.0000000000000103 6.2831853071795871
v 0.0060000000000000 -0.0014290000000000 -0.0124000000000000
vn 0.0312317569784515 -0.2556673407043429 -6.2725270881562656
v 0.0366430000000000 -0.0019290000000000 0.0055000000000000
vn 0.0000000000000003 -6.2831853071795862 0.0000000000000000
v 0.0269250000000000 -0.0030000000000000 0.0089750000000000
vn 0.0000000000000011 2.2214414690791844 -5.3630341226689779
v 0.0294000000000000 0.0025000000000000 0.0055000000000000
vn 0.0000000000000006 -4.4428829381583688 4.4428829381583643
v 0.0249290000000000 -0.0027500000000000 0.0181500000000000
vn 0.0000000000000000 0.0000000000000000 -6.2831853071795871
v 0.0086430000000000 0.0007140000000000 -0.0184000000000000
vn -0.0000000000000003 6.2831853071795871 0.0000000000000006
v 0.0369880000000000 0.0030000000000000 0.0124910909090909
vn 0.0000000000000000 0.0000000000000000 -6.2831853071795880
v 0.0115710000000000 -0.0014290000000000 -0.0184000000000000
vn -0.0000000000000005 5.3630341226689779 -2.2214414690791831
v 0.0301550000000000 0.0030000000000000 0.0060000000000000
vn -0.0000000000000001 6.2831853071795862 0.0000000000000003
v 0.0309500000000000 0.0030000000000000 0.0074880000000000
vn 0.0000000000000000 0.0000000000000000 -6.2831853071795862
v 0.0042500000000000 0.0023438125000000 -0.0184000000000000
vn 1.5301924995712131 -5.2139570678440545 2.2785729661088432
v 0.0054100000000000 -0.0031970000000000 -0.0129000000000000
vn 0.0000000000000006 6.2831853071795871 -0.0000000000000001
v 0.0349750000000000 0.0030000000000000 0.0112060000000000
vn -0.0000000000000000 -6.2831853071795862 0.0000000000000000
v 0.0309500000000000 -0.0030000000000000 0.0134380000000000
vn -0.0000000000000027 -0.0000000000000000 6.2831853071795862
v 0.0060000000000000 -0.0007140000000000 -0.0124000000000000
vn -0.0000000000000031 -0.0000000000000056 -6.2831853071795871
v 0.0467860000000000 0.0032140000000000 -0.0115000000000000
vn -0.0759360627770372 0.0729329893664594 -6.2806201050934147
v 0.0427140000000000 0.0019290000000000 -0.0115000000000000
vn -6.1406413794654462 -0.8531296714271641 0.0063405258728241
v 0.0469795000000000 0.0002015000000000 -0.0082500000000000
vn 2.2400838188310064 4.9804660244530137 -0.9279896507962735
v 0.0375000000000000 0.0030000000000000 -0.0151930000000000
vn -1.7892192992535840 -5.8970065574996751 -0.0306709424184530
v 0.0455873636363636 0.0019024545454545 -0.0082500000000000
vn -0.6165033267071092 -6.2470083343021807 0.0703367852513511
v 0.0394107272727273 -0.0030189090909091 -0.0086040000000000
vn 0.4025101172377007 2.2480014155067911 -5.2949908863628012
v 0.0457910000000000 0.0044300000000000 -0.0115000000000000
vn -0.2836241744259844 5.2786794833458446 2.1381489496551875
v 0.0447350000000000 0.0049930000000000 -0.0060000000000000
vn 3.7923564044293361 2.2212737185851190 -3.7923564044293441
v 0.0372500000000000 0.0025000000000000 -0.0161500000000000
vn 4.2337896469328182 1.8184436534036408 -1.7536460190934737
v 0.0380000000000000 0.0025000000000000 -0.0154000000000000
vn 2.1582220988205827 -2.2261700211393114 -3.4715092400947620
v 0.0435030000000000 0.0013260000000000 -0.0115000000000000
vn 0.3857181780174229 0.0031721386911901 -6.2610407416614482
v 0.0398990000000000 -0.0010800000000000 -0.0115050000000000
vn 2.0292013720286124 0.7810304231979265 5.1416705130065896
v 0.0494850000000000 0.0003690000000000 -0.0055000000000000
vn -3.0532323693872465 -0.0205749713568115 -3.6041191181306478
v 0.0470000000000000 0.0000000000000000 -0.0115000000000000
vn -0.3690978953015347 -3.0347535069461986 -3.5863237417642364
v 0.0452410000000000 0.0019850000000000 -0.0115000000000000
vn 5.3529970043707555 -2.3780273000433114 -0.8770164044422588
v 0.0380294545454545 -0.0025000000000000 -0.0132490909090909
vn 2.0974355384754095 -5.4515436419848502 -0.3244565107146138
v 0.0375289230769231 -0.0030000000000000 -0.0132046153846154
vn 2.2186600196647506 -2.1546019875570686 -5.0979301575169984
v 0.0393125833333333 -0.0025029166666667 -0.0116244166666667
vn 0.9109076049101918 -5.4307252009594782 -2.5048735884958404
v 0.0393018333333333 -0.0029075000000000 -0.0112134166666667
vn 5.2309931161128587 -3.4247792412067146 0.0211600723055018
v 0.0433290000000000 0.0010990000000000 -0.0082500000000000
vn -0.0871111544261102 0.2015697298006555 -6.2687931325988000
v 0.0440710000000000 0.0032140000000000 -0.0115000000000000
vn -2.3416253457392786 4.4886585361617115 -1.6993664754052782
v 0.0426210000000000 0.0043980000000000 -0.0110000000000000
vn -0.4251446494337158 -6.2523310096881923 -0.0279324456575546
v 0.0399703636363636 -0.0030970000000000 -0.0086040000000000
vn 5.4074034587579840 -0.0226602413057470 -2.9418325049240845
v 0.0382385000000000 -0.0012960000000000 -0.0125725000000000
vn 0.6613182825674441 -6.1285061199971507 -0.0372734229288157
v 0.0447801818181818 0.0019776363636364 -0.0082500000000000
vn -2.1887993850375951 -3.4367154992513207 -3.8724055892124305
v 0.0421800000000000 -0.0037600000000000 -0.0113000000000000
vn 6.1512709777842201 1.0254378645752531 -0.1530780588137182
v 0.0430410000000000 -0.0004030000000000 -0.0082500000000000
vn 4.1502614700544163 3.2764586395320880 2.0783637503971080
v 0.0489260000000000 0.0030740000000000 -0.0060000000000000
vn 0.5384692365708997 5.1993373828242628 2.1900839836234289
v 0.0454720000000000 0.0049780000000000 -0.0060000000000000
vn 1.5802034657561541 -5.4913448280700408 -1.3397545361155399
v 0.0380590000000000 -0.0030000000000000 -0.0119430000000000
vn 0.0044821768138662 2.2936096412241693 -5.2832000979017524
v 0.0450570000000000 0.0045000000000000 -0.0115000000000000
vn 1.2569156443232183 0.0010883053394419 -6.1338529103646664
v 0.0395970000000000 -0.0012960000000000 -0.0115410000000000
vn 2.2630821946545403 -0.0016321030108863 -5.8387602070705142
v 0.0393060000000000 -0.0019440000000000 -0.0116270000000000
vn 3.9612539142048133 -0.0533548251631548 -4.7834463196249457
v 0.0388058823529412 -0.0012960000000000 -0.0119169411764706
vn -2.7068501029710008 -1.4077043977939863 -3.6222238802017381
v 0.0467710000000000 0.0009290000000000 -0.0115000000000000
vn 2.2369811400940067 -4.9638091115549958 2.2652868032861311
v 0.0047490000000000 -0.0034400000000000 -0.0129000000000000
vn 0.0000000000000000 -6.2831853071795862 -0.0000000000000000
v 0.0309500000000000 -0.0030000000000000 0.0089750000000000
vn 0.0000000000000004 5.3630341226689771 2.2214414690791813
v 0.0144000000000000 0.0030000000000000 -0.0129000000000000
vn -0.0000000000000006 -4.4428829381583688 4.4428829381583652
v 0.0209000000000000 -0.0027500000000000 0.0181500000000000
vn 0.0050598856250051 -2.2210900405873564 -5.3629967389064888
v 0.0342000000000000 -0.0025000000000000 0.0055000000000000
vn 1.2671503843153293 5.1143535642656230 -2.0083914032765486
v 0.0013150000000000 0.0053410000000000 -0.0179000000000000
vn 0.0000000000000000 0.0000000000000000 -6.2831853071795862
v 0.0086430000000000 0.0021430000000000 -0.0184000000000000
vn -0.0000000000000000 4.4428829381583679 -4.4428829381583634
v 0.0088150000000000 0.0027500000000000 -0.0181500000000000
vn -0.0000000000000005 -5.3630341226689762 -2.2214414690791817
v 0.0331040000000000 -0.0030000000000000 0.0060000000000000
vn -0.0000000000000011 6.2831853071795862 0.0000000000000009
v 0.0269250000000000 0.0030000000000000 0.0074880000000000
vn -0.0000000000000001 -5.3630341226689788 2.2214414690791813
v 0.0093340000000000 -0.0030000000000000 -0.0129000000000000
vn -0.0000000000000003 0.0000000000000003 -6.2831853071795871
v 0.0302140000000000 -0.0006430000000000 0.0055000000000000
vn 0.0000000000000004 -6.2831853071795862 -0.0000000000000002
v 0.0269250000000000 -0.0030000000000000 0.0134380000000000
vn -0.0000000000000003 6.2831853071795862 0.0000000000000009
v 0.0369880000000000 0.0030000000000000 0.0119500000000000
vn -0.0000000000000003 6.2831853071795862 0.0000000000000001
v 0.0349750000000000 0.0030000000000000 0.0134380000000000
vn 0.0000000000000000 5.3630341226689771 2.2214414690791813
v 0.0118670000000000 0.0030000000000000 -0.0129000000000000
vn -1.5127855800148962 4.9774362610021026 1.9537785979000473
v -0.0020210000000000 0.0051150000000000 -0.0129000000000000
vn -0.0688254223448577 -5.3608076237252247 2.2055196634647580
v 0.0244800000000000 -0.0030000000000000 0.0179000000000000
vn 0.0000000000000000 -2.2214414690791870 5.3630341226689726
v 0.0246110000000000 -0.0025000000000000 0.0184000000000000
vn 0.0564318555632504 5.3029550133286119 -2.3443806158851337
v 0.0068010000000000 0.0030000000000000 -0.0179000000000000
vn -0.0000000000000014 -4.4428829381583688 -4.4428829381583643
v 0.0370000000000000 -0.0027916666666667 0.0057916666666667
vn 0.8880456036081601 -5.0222265676597244 2.5761068342445679
v 0.0060990000000000 -0.0030500000000000 -0.0129000000000000
vn 0.0000000000000003 -6.2831853071795862 -0.0000000000000000
v 0.0269250000000000 -0.0030000000000000 0.0097190000000000
vn 2.2313910467651543 4.8515283142295864 -2.3720041654925308
v 0.0047490000000000 0.0034400000000000 -0.0179000000000000
vn -0.0000000000000002 2.2214414690791848 5.3630341226689744
v 0.0180800000000000 0.0025000000000000 0.0184000000000000
vn -0.0000000000000002 5.3630341226689779 2.2214414690791813
v 0.0179980000000000 0.0030000000000000 0.0179000000000000
vn -0.1687173523644954 2.2865417542988209 -5.2856182130840788
v 0.0068010000000000 0.0025000000000000 -0.0184000000000000
vn -2.2214414690791777 0.0000000000000022 -5.3630341226689833
v 0.0270000000000000 0.0008330000000000 0.0055000000000000
vn -0.3182319735167762 -2.3279683699228046 5.2138486546013167
v 0.0068010000000000 -0.0025000000000000 -0.0124000000000000
vn 0.0000000000000000 0.0000000000000000 -6.2831853071795871
v 0.0115710000000000 -0.0021430000000000 -0.0184000000000000
vn -2.5986671814961952 -1.7384627772995414 -3.3373800938147951
v -0.0027020000000000 -0.0018060000000000 0.0124000000000000
vn -0.0000000000000022 6.2831853071795862 0.0000000000000014
v 0.0249130000000000 0.0030000000000000 -0.0089750000000000
vn 1.2610584982737103 5.0574492352444249 2.0585608501738788
v 0.0013150000000000 0.0053410000000000 0.0179000000000000
vn -0.0000000000000005 -0.0000000000000013 6.2831853071795862
v 0.0302140000000000 -0.0006430000000000 -0.0055000000000000
vn -3.3665753928406703 2.4667976802632015 4.2548930285763156
v 0.0231760000000000 0.0025000000000000 -0.0120180000000000
vn -0.1483370524349452 5.4324963199665337 2.1415736146472257
v 0.0220000000000000 0.0030000000000000 -0.0129000000000000
vn 0.0000000000000002 6.2831853071795871 0.0000000000000000
v 0.0208880000000000 0.0030000000000000 -0.0134380000000000
vn 0.0000000000000005 -4.4428829381583679 4.4428829381583643
v 0.0148580000000000 -0.0027500000000000 0.0181500000000000
vn 1.7384627772995280 2.5986671814961761 -2.9458052133647925
v 0.0018060000000000 0.0027020000000000 0.0119000000000000
vn 0.6050646093737932 1.8529611562049593 -5.5868284717234022
v 0.0018670000000000 0.0044880000000000 0.0124000000000000
vn 0.0000000000000000 0.0000000000000000 6.2831853071795862
v 0.0086430000000000 0.0021430000000000 0.0184000000000000
vn 0.0000000000000003 -5.3630341226689797 2.2214414690791786
v 0.0331040000000000 -0.0030000000000000 -0.0060000000000000
vn -2.2214414690791826 5.3630341226689779 -0.0000000000000017
v 0.0245000000000000 0.0030000000000000 -0.0095540000000000
vn 0.0000000000000003 -5.3630341226689771 -2.2214414690791813
v 0.0207970000000000 -0.0030000000000000 -0.0179000000000000
vn 3.4623179403358577 5.2095613217448822 -0.2622137065018981
v -0.0014750000000000 -0.0023210000000000 0.0135250000000000
vn -1.5287749930192542 -2.6143158372420978 -3.7671245394209043
v -0.0012440000000000 -0.0030030000000000 0.0124000000000000
vn -0.0000000000000006 6.2831853071795862 -0.0000000000000002
v 0.0269250000000000 0.0030000000000000 -0.0074880000000000
vn 0.0000000000000016 -0.0000000000000148 -6.2831853071795871
v 0.0040000000000000 0.0021430000000000 0.0124000000000000
vn 0.0526309350839285 -2.1300892407144096 5.3611974590223808
v 0.0342000000000000 -0.0025000000000000 -0.0055000000000000
vn 0.0000000000000002 -2.2214414690791839 -5.3630341226689753
v 0.0209000000000000 -0.0025000000000000 -0.0184000000000000
vn 2.8710489646702020 0.6298868534082820 -3.9681556707228878
v -0.0020847500000000 -0.0016786000000000 0.0119000000000000
vn -2.2108042992798680 -2.2108042992798667 -3.3373932690667170
v -0.0022980000000000 -0.0022980000000000 0.0124000000000000
vn 1.3218011583051956 1.8087102120949941 5.3439538395525892
v 0.0032380000000000 0.0038100000000000 0.0184000000000000
vn 3.1584478828043703 4.3247638972799418 2.2221907406088302
v 0.0035620000000000 0.0041900000000000 0.0179000000000000
vn 0.2345682849146831 6.2092027502390508 0.0915054623123357
v -0.0040000000000000 -0.0016000000000000 0.0154000000000000
vn 0.0000000000000001 6.2831853071795880 -0.0000000000000001
v 0.0349750000000000 0.0030000000000000 -0.0141810000000000
vn -0.0000000000000017 0.0000000000000052 -6.2831853071795862
v 0.0080000000000000 0.0021430000000000 0.0124000000000000
vn -5.2240264569625872 -2.5768025446481038 0.0938026275678707
v 0.0019409230769231 0.0018562307692308 0.0138500000000000
vn -3.1898904073840741 -2.9695666582139664 1.7145195385960115
v 0.0020000000000000 0.0012940000000000 0.0144600000000000
vn -0.0000000000000002 -6.2831853071795871 0.0000000000000003
v 0.0369880000000000 -0.0030000000000000 -0.0104630000000000
vn 2.1478742521270786 0.9857175126450287 4.8857777974228833
v -0.0021852380952381 -0.0018183809523810 0.0184000000000000
vn 0.0000000000000000 0.0000000000000000 6.2831853071795862
v -0.0030710000000000 -0.0023213125000000 0.0184000000000000
vn 4.6517472944576745 4.0398650660759765 0.0076220837289130
v -0.0018720000000000 -0.0020140000000000 0.0177500000000000
vn 1.2099537373831610 -6.1374176540805836 0.0140383756711882
v -0.0005250000000000 0.0026990000000000 0.0151500000000000
vn 2.9110072730204015 4.5304096286174165 2.3297045256178075
v 0.0041290000000000 0.0037730000000000 0.0179000000000000
vn 0.0310073840610297 1.7956515569451774 -5.1674084950151702
v 0.0000190000000000 0.0050000000000000 0.0124000000000000
vn -2.8185251322205755 0.2946778378638819 3.0606541963419236
v 0.0040000000000000 -0.0001930000000000 0.0138120000000000
vn 0.0000000000000017 0.0000000000000068 -6.2831853071795871
v 0.0140000000000000 -0.0007140000000000 0.0124000000000000
vn -1.6843307262976968 -1.6121661262161151 5.2264994443875681
v -0.0038280000000000 -0.0032160000000000 0.0184000000000000
vn 0.0000000000000000 0.0000000000000000 6.2831853071795862
v 0.0027860000000000 0.0030517272727273 0.0184000000000000
vn 0.0000000000000000 6.2831853071795862 -0.0000000000000002
v 0.0269250000000000 0.0030000000000000 -0.0112060000000000
vn -2.9755193613899227 -2.9862757437353284 -0.7662005633713221
v 0.0040000000000000 0.0015540000000000 0.0157830000000000
vn -3.5311967590743070 2.8469561940439663 1.1797168496819852
v -0.0060000000000000 -0.0014780000000000 0.0147880000000000
vn -3.1415926535897918 -3.1415926535897900 0.0000000000000000
v -0.0060000000000000 -0.0030000000000000 0.0160250000000000
vn -3.5292826069428300 2.1795803918333978 2.1791057398045139
v -0.0060000000000000 -0.0011310000000000 0.0142690000000000
vn 0.0000000000000000 -6.2831853071795871 0.0000000000000000
v 0.0349750000000000 -0.0030000000000000 -0.0089750000000000
vn 0.0000000000000000 0.0000000000000000 6.2831853071795862
v 0.0020540000000000 0.0022975333333333 0.0184000000000000
vn 0.0000000000000002 -0.0000000000000103 -6.2831853071795871
v 0.0060000000000000 0.0014290000000000 0.0124000000000000
vn -2.9747807051396782 -0.0061451351377234 3.1361785718232258
v -0.0020000000000000 0.0001670000000000 0.0138090000000000
vn 3.3568149149952640 -5.2797527971109659 -0.0199961403643240
v -0.0014760000000000 0.0023200000000000 0.0167750000000000
vn 4.8394396418292693 -3.6485823505169992 0.0000000000000000
v -0.0018720000000000 0.0020140000000000 0.0158000000000000
vn -3.4552238468195773 2.1479827852640287 -2.4304067498416639
v 0.0020000000000000 -0.0010710000000000 0.0165890000000000
vn 3.4357904271978374 -2.5307888664073275 -1.9769085481629709
v -0.0020000000000000 0.0012940000000000 0.0163400000000000
vn -6.2831853071795871 0.0000000000000000 0.0000000000000000
v -0.0060000000000000 0.0012860000000000 0.0175430000000000
vn -0.7783828044458835 2.1556654007367637 5.2855053805232890
v -0.0016980000000000 0.0047030000000000 0.0184000000000000
vn 3.7157070140611488 -4.0544593028224654 0.3663423255794350
v -0.0019877500000000 0.0017234500000000 0.0152833500000000
vn -3.1415926535897913 3.1415926535897896 0.0000000000000000
v -0.0060000000000000 0.0030000000000000 0.0154000000000000
vn 0.0235328668000822 1.9284851282933686 -5.7622670412794568
v -0.0040000000000000 -0.0006050000000000 0.0168810000000000
vn -6.2831853071795853 -0.0000000000000032 0.0000000000000000
v -0.0060000000000000 0.0021430000000000 0.0158290000000000
vn -0.0000000000000003 -6.2831853071795862 0.0000000000000000
v 0.0269250000000000 -0.0030000000000000 -0.0119500000000000
vn -0.3977385840050117 -5.2152182625338543 2.1811761802901652
v -0.0003710000000000 -0.0054870000000000 0.0179000000000000
vn -0.0166334085778127 -2.2969966917837690 5.2790123683320642
v 0.0000190000000000 -0.0050000000000000 0.0184000000000000
vn 0.0000000000000000 0.0000000000000000 6.2831853071795862
v 0.0027860000000000 -0.0023108235294118 0.0184000000000000
vn -1.1588057293932328 -5.1061450760290041 2.1578284140818376
v -0.0012100000000000 -0.0053650000000000 0.0179000000000000
vn 0.0000000000000000 0.0000000000000000 6.2831853071795862
v -0.0045360000000000 0.0016075000000000 0.0184000000000000
vn 0.0702961477909818 6.2754214699187862 -0.1882386449233228
v 0.0269250000000000 0.0030000000000000 -0.0164130000000000
vn -0.0000000000000001 -6.2831853071795862 0.0000000000000001
v 0.0309500000000000 -0.0030000000000000 -0.0104630000000000
vn -0.0077820593825155 6.2562309797124200 0.0367082506464345
v 0.0000000000000000 -0.0027500000000000 0.0151500000000000
vn 0.0000000000000003 -6.2831853071795862 -0.0000000000000000
v 0.0349750000000000 -0.0030000000000000 -0.0149250000000000
vn -3.1415926535897931 -0.0000000000000013 3.1415926535897873
v -0.0060000000000000 -0.0006250000000000 0.0184000000000000
vn 0.0000000000000000 0.0000000000000000 6.2831853071795871
v -0.0030710000000000 0.0028570000000000 0.0184000000000000
vn -5.1503683391988950 2.5915757614077886 0.0005683431212292
v 0.0019514814814815 -0.0018727777777778 0.0173198518518519
vn 2.3264015751820994 5.8066639036887056 0.0000000000000000
v -0.0010280000000000 -0.0025510000000000 0.0151500000000000
vn 0.0000000000000003 6.2831853071795871 -0.0000000000000016
v 0.0349750000000000 0.0030000000000000 0.0104630000000000
vn 0.0000000000000000 0.0000000000000000 6.2831853071795871
v 0.0232860000000000 -0.0007140000000000 0.0184000000000000
vn -0.0000000000000043 -2.2214414690792053 5.3630341226689744
v 0.0093340000000000 -0.0025000000000000 -0.0124000000000000
vn 0.0809604925697564 -5.3601830609976160 2.2006745805022003
v 0.0215330000000000 -0.0030000000000000 0.0179000000000000
vn 0.2231947420332635 6.2752468317367791 0.0000000000000000
v 0.0068010000000000 0.0030000000000000 -0.0154000000000000
vn -0.0000000000000007 0.0000000000000007 6.2831853071795862
v 0.0100000000000000 0.0007140000000000 -0.0124000000000000
vn 0.0000000000000002 5.3630341226689771 2.2214414690791808
v 0.0151980000000000 0.0030000000000000 0.0179000000000000
vn 0.4054285447044458 2.2506435488700096 -5.2913594676782516
v 0.0008900000000000 0.0049200000000000 -0.0184000000000000
vn 0.0000000000000000 0.0000000000000000 -6.2831853071795862
v 0.0057140000000000 0.0000000000000000 -0.0184000000000000
vn 0.0000000000000002 2.2214414690792146 5.3630341226689753
v 0.0144000000000000 0.0025000000000000 -0.0124000000000000
vn 0.4950979404642995 5.2531397666938711 -2.0802450231679699
v 0.0004780000000000 0.0054790000000000 -0.0179000000000000
vn -0.0000000000000001 -6.2831853071795862 0.0000000000000015
v 0.0269250000000000 -0.0030000000000000 0.0126940000000000
vn -0.0000000000000021 -2.2214414690791831 5.3630341226689771
v 0.0216420000000000 -0.0025000000000000 0.0184000000000000
vn 0.0046784992004022 -6.2792154098507638 0.1304672445953228
v 0.0229000000000000 -0.0030000000000000 0.0164130000000000
vn 0.0000000000000002 2.2214414690791844 5.3630341226689771
v 0.0152610000000000 0.0025000000000000 0.0184000000000000
vn -0.0000000000000005 0.0000000000000013 -6.2831853071795862
v 0.0302140000000000 0.0006430000000000 0.0055000000000000
vn 0.0000000000000000 0.0000000000000000 -6.2831853071795862
v 0.0042500000000000 0.0016212307692308 -0.0184000000000000
vn -0.0000000000000010 0.2616920486145198 -6.2722669695768936
v 0.0366430000000000 0.0019290000000000 0.0055000000000000
vn 0.0613656216943090 1.8107674557321429 5.1750048661616574
v 0.0000190000000000 0.0050000000000000 -0.0124000000000000
vn 0.0000000000000017 0.0000000000000068 6.2831853071795862
v 0.0140000000000000 -0.0007140000000000 -0.0124000000000000
vn 0.0000000000000000 0.0000000000000000 -6.2831853071795871
v 0.0115710000000000 0.0007140000000000 -0.0184000000000000
vn -0.0000000000000007 2.2214414690791835 -5.3630341226689735
v 0.0318000000000000 0.0025000000000000 0.0055000000000000
vn -0.1996167611473612 2.3028617889449290 -5.2644215986677256
v 0.0127370000000000 0.0025000000000000 -0.0184000000000000
vn -0.2396816269077207 5.2332257170770839 -2.8663638022690767
v 0.0127752727272727 0.0028636363636364 -0.0180363636363636
vn -0.0000000000000017 0.0000000000000052 6.2831853071795862
v 0.0080000000000000 0.0021430000000000 -0.0124000000000000
vn 0.0000000000000000 0.0000000000000000 -6.2831853071795871
v 0.0086430000000000 -0.0014290000000000 -0.0184000000000000
vn 0.0000000000000000 -6.2831853071795871 0.0000000000000000
v 0.0349750000000000 -0.0030000000000000 0.0089750000000000
vn 0.0596383139450667 -5.3468199483012473 2.5183315092052978
v 0.0169728333333333 -0.0028541666666667 0.0180458333333333
vn 0.0000000000000002 -6.2831853071795862 0.0000000000000007
v 0.0188750000000000 -0.0030000000000000 0.0149250000000000
vn -1.7536460190934726 -1.8184436534036403 -4.2337896469328191
v 0.0270000000000000 -0.0025000000000000 0.0055000000000000
vn 0.0191167131751390 -6.2830966673721687 0.0024071778344133
v 0.0369880000000000 -0.0030000000000000 0.0104630000000000
vn 0.0000000000000006 -0.0000000000000105 6.2831853071795862
v 0.0060000000000000 0.0014290000000000 -0.0124000000000000
vn 0.0000000000000003 6.2831853071795871 0.0000000000000003
v 0.0269250000000000 0.0030000000000000 0.0112060000000000
vn -0.0000000000000012 -2.2214414690791853 5.3630341226689753
v 0.0171900000000000 -0.0025000000000000 0.0184000000000000
vn 0.1931363492241487 -5.3931514044415261 -2.2555279885731343
v 0.0068010000000000 -0.0030000000000000 -0.0179000000000000
vn 0.0000000000000000 0.0000000000000000 -6.2831853071795862
v 0.0334290000000000 -0.0006430000000000 0.0055000000000000
vn 0.5724607093386538 5.0496071684017494 2.5924226624492879
v 0.0060990000000000 0.0030500000000000 -0.0129000000000000
vn 0.1714234100742044 5.3536576489612884 -2.0886167387284966
v 0.0112210000000000 0.0030000000000000 -0.0179000000000000
vn -0.0000000000000007 -0.0000000000000007 6.2831853071795862
v 0.0100000000000000 -0.0007140000000000 -0.0124000000000000
vn 0.0000000000000000 0.0000000000000000 6.2831853071795871
v 0.0232860000000000 0.0007140000000000 0.0184000000000000
vn 0.0436666573376917 1.5564179662871125 -5.8679179438704390
v 0.0114385000000000 0.0022917500000000 -0.0184000000000000
vn 0.0000000000000014 4.4428829381583679 -4.4428829381583625
v 0.0370000000000000 0.0028000000000000 0.0058000000000000
vn -0.0991445598223641 2.2108228574947302 5.3631901241526663
v 0.0068010000000000 0.0025000000000000 -0.0124000000000000
vn -0.0000000000000003 -6.2831853071795862 0.0000000000000009
v 0.0369880000000000 -0.0030000000000000 0.0119500000000000
vn 0.0000000000000001 6.2831853071795862 0.0000000000000002
v 0.0269250000000000 0.0030000000000000 0.0097190000000000
vn -0.0370302420013133 -2.2058177322991410 -5.3754413051107246
v 0.0068010000000000 -0.0025000000000000 -0.0184000000000000
vn 0.0000000000000000 0.0000000000000000 -6.2831853071795862
v 0.0042500000000000 -0.0016075000000000 -0.0184000000000000
vn -0.0000000000000003 -6.2831853071795862 0.0000000000000001
v 0.0349750000000000 -0.0030000000000000 0.0134380000000000
vn -0.0000000000000005 -5.3630341226689779 2.2214414690791808
v 0.0118670000000000 -0.0030000000000000 -0.0129000000000000
vn 6.1903433788448385 -0.7290311393762379 -0.0694699056054615
v -0.0020000000000000 0.0017210000000000 -0.0132000000000000
vn -3.1415926535897936 0.0000000000000000 -3.1415926535897931
v 0.0020000000000000 0.0003440000000000 -0.0184000000000000
vn 2.8906031782115504 -4.6004945708510938 2.2779342038883028
v 0.0041290000000000 -0.0037730000000000 -0.0129000000000000
vn -0.1406003738876536 6.2492747782873694 0.2632329802334104
v 0.0000000000000000 -0.0027500000000000 -0.0135250000000000
vn -1.9535453293958065 -5.5376161411250306 -0.5299618453829695
v 0.0244150000000000 -0.0030000000000000 0.0110470000000000
vn -4.7938919767924686 -2.5350763611137292 -2.4163137427367039
v 0.0237709230769231 -0.0025000000000000 0.0112755384615385
vn -1.4657163064183167 -5.5363490494091163 -1.3960664022032956
v 0.0237680000000000 -0.0030000000000000 0.0121680000000000
vn 2.2074928966269307 5.8555227668108785 0.2148196438785542
v -0.0010310000000000 -0.0025490000000000 -0.0135250000000000
vn 6.2616031379328208 -0.1799078455236094 0.2842379693196788
v -0.0020000000000000 0.0009646153846154 -0.0128290000000000
vn -2.6575409023047656 -0.3127270162395150 3.0312176515203713
v 0.0040000000000000 0.0001930000000000 -0.0169880000000000
vn 2.7875639442977240 -4.5376943856811742 1.9829053897518589
v 0.0035620000000000 -0.0041900000000000 -0.0129000000000000
vn 3.4357904271978379 2.5307888664073279 1.9769085481629709
v -0.0020000000000000 -0.0012940000000000 -0.0163400000000000
vn 3.7157070140611483 4.0544593028224654 -0.3663423255794351
v -0.0019877500000000 -0.0017234500000000 -0.0152833500000000
vn -3.4552238468195773 -2.1479827852640287 2.4304067498416635
v 0.0020000000000000 0.0010710000000000 -0.0165890000000000
vn -6.2831853071795862 -0.0000000000000006 -0.0000000000000007
v -0.0060000000000000 -0.0012860000000000 -0.0175430000000000
vn -5.1503683391988941 -2.5915757614077881 -0.0005683431212292
v 0.0019514814814815 0.0018727777777778 -0.0173198518518519
vn -3.0982137069020599 0.3201587045400468 3.4040935021840428
v -0.0032190000000000 0.0003170000000000 -0.0124000000000000
vn -1.1377938723211332 2.9237147496634388 3.2548667249023913
v 0.0006790000000000 -0.0026650000000000 -0.0119000000000000
vn 1.1975114174651607 -2.8878855029428281 2.9443442827899142
v 0.0012440000000000 -0.0030030000000000 -0.0119000000000000
vn 5.0727713451323657 -3.6601941375964082 0.2093346221269891
v -0.0018720000000000 0.0020140000000000 -0.0125500000000000
vn 2.9446738853051850 0.0259463609751293 4.0649072824288224
v -0.0021926000000000 0.0004160000000000 -0.0119000000000000
vn -3.7915957219985938 2.2226664695733955 -3.7911464462877431
v 0.0255000000000000 0.0025000000000000 0.0070000000000000
vn -0.7783828044458836 -2.1556654007367633 -5.2855053805232881
v -0.0016980000000000 -0.0047030000000000 -0.0184000000000000
vn -2.9158826081837104 1.0921651971003252 2.8749368574899590
v -0.0030030000000000 0.0012440000000000 -0.0119000000000000
vn -2.3561944901923475 1.1107207345396011 2.6815170613344819
v -0.0060000000000000 0.0025000000000000 -0.0124000000000000
vn 0.0000000000000000 0.0000000000000000 -6.2831853071795862
v 0.0027860000000000 -0.0003570000000000 -0.0184000000000000
vn -0.2319158204150278 -3.0413859130238490 3.6921049540162114
v -0.0006340000000000 -0.0031880000000000 -0.0124000000000000
vn -2.3561944901923444 -1.1107207345395913 -2.6815170613344841
v -0.0060000000000000 -0.0025000000000000 -0.0184000000000000
vn 0.0000000000000000 0.0000000000000000 -6.2831853071795871
v -0.0045360000000000 -0.0016075000000000 -0.0184000000000000
vn 0.0000000000000004 5.3630341226689788 -2.2214414690791831
v 0.0194670000000000 0.0030000000000000 0.0129000000000000
vn 0.0000000000000000 -6.2831853071795862 -0.0000000000000013
v 0.0249130000000000 -0.0030000000000000 0.0134380000000000
vn 4.8394396418292702 3.6485823505169992 0.0000000000000000
v -0.0018720000000000 -0.0020140000000000 -0.0158000000000000
vn -3.0971847975383451 3.1315993714084063 0.1506155558400404
v -0.0060000000000000 0.0030000000000000 -0.0135250000000000
vn -2.7497142124577265 -2.6122642052069502 -1.5430784279526792
v -0.0060000000000000 -0.0028611111111111 -0.0180388888888889
vn 3.1176802368114265 -0.2486214298979289 -3.0512941329470484
v -0.0020000000000000 0.0003440000000000 0.0119000000000000
vn 1.1975114174651735 -2.8878855029428809 -2.9443442827899196
v 0.0012440000000000 -0.0030030000000000 0.0119000000000000
vn 5.1112631708154339 -3.6104282955418725 -0.2281239675878142
v -0.0018720000000000 0.0020140000000000 0.0125500000000000
vn -2.3561944901923475 1.1107207345396011 -2.6815170613344819
v -0.0060000000000000 0.0025000000000000 0.0124000000000000
vn -3.0971847975383451 3.1315993714084063 -0.1506155558400404
v -0.0060000000000000 0.0030000000000000 0.0135250000000000
vn -0.0000000000000005 0.0000000000000016 6.2831853071795862
v 0.0334290000000000 0.0019290000000000 -0.0055000000000000
vn -1.8609859352920042 -5.6301016088080633 0.4235572805300166
v 0.0244150000000000 -0.0030000000000000 -0.0110470000000000
vn -4.8062265628871677 -2.5190360610530771 2.4122352531534665
v 0.0237600000000000 -0.0025000000000000 -0.0112970000000000
vn 0.0000000000000000 0.0000000000000000 6.2831853071795862
v 0.0042500000000000 -0.0023438125000000 0.0184000000000000
vn -2.9140971378778815 1.0998531450332929 -2.8816618860591050
v -0.0030030000000000 0.0012440000000000 0.0119000000000000
vn -3.0975647274975007 0.3346466769287736 -3.3995758893557682
v -0.0032166153846154 0.0003413846153846 0.0124000000000000
vn -0.0000000000000010 5.3630341226689797 2.2214414690791822
v 0.0194670000000000 0.0030000000000000 -0.0129000000000000
vn 2.7519078611995074 -4.5450507605092048 -1.9691092125791296
v 0.0035620000000000 -0.0041900000000000 0.0129000000000000
vn 2.8842314683301011 -4.6002039833289601 -2.2820274947416892
v 0.0041290000000000 -0.0037730000000000 0.0129000000000000
vn -0.0000000000000005 -5.3630341226689779 2.2214414690791826
v 0.0301550000000000 -0.0030000000000000 -0.0060000000000000
vn -0.0000000000000001 -6.2831853071795862 -0.0000000000000003
v 0.0309500000000000 -0.0030000000000000 -0.0074880000000000
vn 0.0000000000000000 -6.2831853071795862 0.0000000000000013
v 0.0249130000000000 -0.0030000000000000 -0.0134380000000000
vn 0.1276137910732658 6.2512316852307821 -0.2364893557752961
v 0.0000000000000000 -0.0027500000000000 0.0135250000000000
vn -1.4663214627190160 -5.5331453918910931 1.4010207111593402
v 0.0237680000000000 -0.0030000000000000 -0.0121680000000000
vn 0.0000000000000006 4.4428829381583688 -4.4428829381583643
v 0.0249290000000000 0.0027500000000000 -0.0181500000000000
vn 0.0000000000000011 -2.2214414690791839 5.3630341226689779
v 0.0294000000000000 -0.0025000000000000 -0.0055000000000000
vn -0.2021392874716158 -3.0340820141980904 -3.7200151432018123
v -0.0006340000000000 -0.0031880000000000 0.0124000000000000
vn 2.2784860633402442 5.8288283048014602 -0.3177515128645370
v -0.0010280000000000 -0.0025510000000000 0.0135250000000000
vn 0.0000000000000000 0.0000000000000000 6.2831853071795862
v 0.0057140000000000 -0.0007140000000000 0.0184000000000000
vn 6.1900331259269166 -0.7322755560509104 0.0671448573250674
v -0.0020000000000000 0.0017210000000000 0.0132000000000000
vn 6.2805888101088163 0.0022311748473608 -0.0634048118560258
v -0.0020000000000000 0.0010244166666667 0.0128290000000000
vn -1.1849556029254418 2.9092106951174053 -3.1463221363578713
v 0.0006790000000000 -0.0026650000000000 0.0119000000000000
vn 0.8923741874680451 -4.9793579758478801 2.2365397328142711
v 0.0347930000000000 -0.0030000000000000 0.0179000000000000
vn 0.0000000000000056 -0.0000000000000134 6.2831853071795871
v 0.0000000000000000 0.0035710000000000 -0.0124000000000000
vn -2.6602966018470036 -4.5417650062906691 2.1479811617501516
v -0.0027840000000000 -0.0047440000000000 -0.0129000000000000
vn -0.0000000000000000 6.2831853071795862 -0.0000000000000009
v 0.0309500000000000 0.0030000000000000 0.0164130000000000
vn 6.2739887198771864 0.0023899733509843 -0.1474954300262747
v -0.0020000000000000 0.0010058181818182 -0.0174710000000000
vn -3.5341260840925881 -3.0811205407751125 0.0007485543627446
v -0.0060000000000000 0.0016000000000000 -0.0154000000000000
vn 3.7911259097889758 -2.2225252855001223 3.7918160465913253
v 0.0365000000000000 -0.0025000000000000 0.0169000000000000
vn -5.1178229240310982 -2.5782776340816667 0.0525054860990919
v 0.0019530666666667 0.0018810222222222 -0.0125954666666667
vn -3.1415926535897909 3.1415926535897905 0.0000000000000000
v -0.0060000000000000 0.0030000000000000 -0.0166500000000000
vn 0.2947774894989108 -5.7071628214211465 -2.3829788159535479
v -0.0040000000000000 0.0014810000000000 -0.0147950000000000
vn 0.1928872273719915 -4.0361093372377415 -4.5596244779535935
v -0.0040000000000000 0.0011420000000000 -0.0142800000000000
vn -6.2831853071795853 -0.0000000000000036 0.0000000000000009
v -0.0060000000000000 0.0021430000000000 -0.0175430000000000
vn 3.7924898299181713 -2.2215222109242019 3.7918714528697270
v 0.0357500000000000 -0.0025000000000000 0.0176500000000000
vn 1.5691495057999396 -5.3648483791432628 1.5698748722639262
v 0.0361460000000000 -0.0030000000000000 0.0165460000000000
vn 0.3392644039136019 2.3637773632717116 -5.1711915580637209
v -0.0051650000000000 0.0025000000000000 -0.0184000000000000
vn -2.8464748328589295 2.3705090207865003 -1.9588674908531987
v 0.0040000000000000 -0.0011980000000000 -0.0143390000000000
vn -3.6662679648226275 -0.5929457200744898 -2.9755682358408966
v -0.0060000000000000 0.0003060000000000 -0.0138610000000000
vn 0.0000000000000000 0.0000000000000000 -6.2831853071795862
v 0.0027860000000000 -0.0035710000000000 -0.0184000000000000
vn 3.3591756194298745 -5.2786961209882506 -0.0000000000000001
v -0.0014750000000000 0.0023210000000000 -0.0151500000000000
vn 0.7452840355994562 -3.0336658652616753 3.0067634442846023
v -0.0006790000000000 0.0026650000000000 -0.0119000000000000
vn -0.1895122770997734 -0.3242592645290368 2.8544618576293859
v 0.0000000000000000 0.0029583333333333 -0.0119000000000000
vn -2.3118914087191689 -4.6814714993180715 2.7075788106141134
v -0.0046100000000000 -0.0030000000000000 -0.0129000000000000
vn 3.1415926535897936 0.0000000000000000 -3.1415926535897931
v -0.0020000000000000 -0.0003440000000000 -0.0184000000000000
vn 5.8919551404042982 -1.6233221081284068 0.0330683263028547
v -0.0019790000000000 0.0018194000000000 -0.0165058000000000
vn 2.7157844520536729 -4.5008940889379208 -2.0784112449018757
v 0.0028750000000000 -0.0046880000000000 -0.0179000000000000
vn -0.0409069189966104 5.2824828756211337 -2.2556599664950809
v -0.0053050000000000 0.0030000000000000 -0.0179000000000000
vn -1.4943827002978329 -6.0595290704615712 0.1852144860220888
v 0.0005250000000000 0.0026990000000000 -0.0135250000000000
vn 0.0000000000000004 -6.2831853071795862 -0.0000000000000014
v 0.0188750000000000 -0.0030000000000000 0.0134380000000000
vn -1.5011304164593908 -4.9651446228180935 1.9115427288981601
v -0.0020210000000000 -0.0051150000000000 -0.0129000000000000
vn -3.1415926535897931 0.0000000000000000 3.1415926535897936
v 0.0020000000000000 -0.0003440000000000 -0.0119000000000000
vn 2.2358766801093672 5.8314096107559656 0.0248174228597702
v -0.0010310000000000 -0.0025490000000000 -0.0167750000000000
vn -3.1415926535898002 0.0000000000000076 3.1415926535897873
v -0.0060000000000000 -0.0012500000000000 -0.0124000000000000
vn 0.0000000000000007 0.0000000000000054 6.2831853071795871
v 0.0023210000000000 0.0004640000000000 -0.0119000000000000
vn 4.6676341090023827 -4.0116517896636710 -0.0037492947969313
v -0.0018720000000000 0.0020140000000000 -0.0171000000000000
vn 0.6087662219935523 3.0665255785821350 3.3385728588666468
v 0.0006340000000000 0.0031880000000000 -0.0124000000000000
vn 0.7833962111423181 -2.1970966659072366 -5.2394004067226074
v 0.0017340000000000 -0.0046900000000000 -0.0184000000000000
vn 0.0000000000000000 0.0000000000000000 -6.2831853071795862
v -0.0030710000000000 0.0017262083333333 -0.0184000000000000
vn 2.5448115632136252 1.5587323432886122 2.5068824425457596
v 0.0030030000000000 0.0012440000000000 -0.0119000000000000
vn 3.0978971786012712 0.3279413204845695 3.4009387181571409
v 0.0032161818181818 0.0003458181818182 -0.0124000000000000
vn -1.1381075882089784 2.8627143674074080 -3.5671684701638764
v 0.0010060000000000 -0.0025590000000000 -0.0184000000000000
vn -3.0414843323301586 5.0057502506918139 0.9263873467297477
v 0.0019548235294118 -0.0017601764705882 -0.0157724117647059
vn -0.0000000000000178 -2.2214414690792150 5.3630341226689797
v -0.0051650000000000 -0.0025000000000000 -0.0124000000000000
vn 0.0000000000000006 6.2831853071795862 0.0000000000000024
v 0.0249130000000000 0.0030000000000000 0.0119500000000000
vn 2.3649112259472975 0.1415465221755274 -5.7970560977378014
v 0.0393060000000000 0.0019440000000000 -0.0116270000000000
vn 3.9288863015499134 0.0434759651661370 -4.7984857762068343
v 0.0388126315789474 0.0012960000000000 -0.0119098947368421
vn -2.6959868645551039 1.4348349888611982 -3.6031270151458537
v 0.0467710000000000 -0.0009290000000000 -0.0115000000000000
vn -2.3430568476605673 3.5392187450595012 -3.6532118196829115
v 0.0421384615384615 0.0038153846153846 -0.0112307692307692
vn 0.0577291108055441 -2.2931361993504051 -5.2826422882398898
v 0.0450570000000000 -0.0045000000000000 -0.0115000000000000
vn -0.6160222431164509 6.2450768347218988 -0.2119007512043214
v 0.0394214074074074 0.0030216666666667 -0.0105580000000000
vn 5.3631460141768450 -2.2397918446588840 -0.0396461848226841
v 0.0380000000000000 -0.0025000000000000 -0.0144500000000000
vn 1.2560536316271900 -0.0000000000000033 -6.1341062197869149
v 0.0395970000000000 0.0012960000000000 -0.0115410000000000
vn 5.3960163793376132 0.0221829010256498 -2.9555732368568641
v 0.0382385000000000 0.0012960000000000 -0.0125725000000000
vn 2.2207136604875197 -5.3637009375254783 -0.0070745558654157
v 0.0375000000000000 -0.0030000000000000 -0.0143460000000000
vn -0.4685867531282758 5.2909758801556617 -3.0789081564474854
v 0.0399359444444444 0.0029375000000000 -0.0111481666666667
vn 0.5497784980279617 6.1366339092189470 -0.0319498705672031
v 0.0448250000000000 -0.0019831818181818 -0.0082500000000000
vn -0.1255553434114725 0.4591278995192995 -6.2447852928230674
v 0.0413570000000000 0.0019290000000000 -0.0115000000000000
vn 1.5987716384130433 5.4901194630906955 -1.3130274813352156
v 0.0380452727272727 0.0030000000000000 -0.0119600909090909
vn 3.7616846567082476 -0.7469399410196046 3.6077215198667720
v 0.0496285454545454 -0.0009319090909091 -0.0057272727272727
vn 4.1860321069744657 -3.2281254320611765 2.0793835562461460
v 0.0489434615384615 -0.0030516923076923 -0.0060000000000000
vn 0.5384692365709036 -5.1993373828242575 -2.1900839836234312
v 0.0454720000000000 -0.0049780000000000 -0.0110000000000000
vn -5.3654478299994288 3.1045927297825977 0.0018645377155336
v 0.0467532727272727 -0.0009430909090909 -0.0082500000000000
vn 2.6917014747937063 -4.5163121333735150 -2.1632899657186511
v 0.0475600000000000 -0.0042950000000000 -0.0110000000000000
vn 0.3042297859590827 0.0000000000000000 -6.2679785885376234
v 0.0400000000000000 0.0000000000000000 -0.0115000000000000
vn 1.1047387790009535 -2.0365064089142688 -5.2577402305617857
v 0.0471760000000000 -0.0039390000000000 -0.0115000000000000
vn -1.3015444417809301 6.1377389793967962 0.0111227893450496
v 0.0400767647058823 0.0031224705882353 -0.0086040000000000
vn -3.3954529741084212 5.2832665455947776 0.0040365546254576
v 0.0420000000000000 0.0040000000000000 -0.0085000000000000
vn -6.2831853071795880 0.0000000000000001 0.0000000000000017
v -0.0060000000000000 0.0004290000000000 -0.0175430000000000
vn 2.6650888254892511 1.6633303975306852 3.1358318948364672
v -0.0018720000000000 -0.0020140000000000 -0.0119000000000000
vn 0.0000000000000000 0.0000000000000000 -6.2831853071795871
v 0.0027860000000000 -0.0017208181818182 -0.0184000000000000
vn 4.3131355698759473 -1.3159117092916699 -2.4659259519066161
v -0.0020000000000000 0.0010399444444444 -0.0139083333333333
vn -2.7215175580389404 2.2220079173887690 2.1066016702852597
v 0.0040000000000000 -0.0011980000000000 -0.0164610000000000
vn -3.1415926535897931 -0.0000000000000018 -3.1415926535897944
v -0.0060000000000000 0.0018750000000000 -0.0184000000000000
vn -0.0752781919308324 -6.2448508221958638 0.4782767432028397
v 0.0329630000000000 -0.0030000000000000 0.0171560000000000
vn -3.1410168937881817 0.0419951362273545 -3.1635496403767904
v 0.0020000000000000 -0.0010330000000000 -0.0184000000000000
vn -2.0937668486434613 5.4694174274557703 -0.2053688370040954
v 0.0245000000000000 0.0030000000000000 0.0104000000000000
vn -5.4179970289138355 2.3297798626121264 -0.7321685531984810
v 0.0240000000000000 0.0025000000000000 0.0104000000000000
vn 0.0000000000000006 -6.2831853071795871 0.0000000000000014
v 0.0369880000000000 -0.0030000000000000 0.0139578000000000
vn -3.6619780224294765 0.9761883463730209 2.8742012411903293
v -0.0060000000000000 -0.0006120000000000 -0.0168780000000000
vn 1.1685391758692718 1.8035565399570488 5.4298899665363622
v 0.0037540000000000 0.0034210000000000 -0.0124000000000000
vn 0.0000000000000022 -0.0000000000000041 6.2831853071795853
v 0.0020000000000000 0.0035710000000000 -0.0124000000000000
vn -0.0000000000000000 6.2831853071795862 -0.0000000000000000
v 0.0309500000000000 0.0030000000000000 0.0149250000000000
vn -1.8046468225033601 -2.1050665328900715 4.5934298501854807
v -0.0018060000000000 -0.0027020000000000 -0.0124000000000000
vn 0.0000000000000004 -6.2831853071795853 0.0000000000000013
v 0.0349750000000000 -0.0030000000000000 0.0156690000000000
vn -5.3411382127841192 2.5578887643868757 -0.3011391975566863
v 0.0019511538461538 -0.0018761538461538 -0.0178644615384615
vn -2.4931282887062562 5.0531144915874577 0.0000000000000000
v -0.0046100000000000 0.0030000000000000 -0.0154000000000000
vn 1.2511433091273911 -1.7885043074338614 -5.4004042082099986
v 0.0037540000000000 -0.0034210000000000 -0.0184000000000000
vn 3.1280729530178650 -0.2056415808911102 3.0091657903247127
v -0.0020000000000000 -0.0010330000000000 -0.0119000000000000
vn -6.2831853071795871 -0.0000000000000025 0.0000000000000006
v -0.0060000000000000 0.0021430000000000 -0.0141140000000000
vn -3.1415926535897913 3.1415926535897896 0.0000000000000000
v -0.0060000000000000 0.0030000000000000 -0.0147750000000000
vn 2.3310508130117480 2.0227280141184987 2.8942898332348910
v 0.0022980000000000 0.0022980000000000 -0.0119000000000000
vn -3.1947552907482337 5.2757770859198736 0.0813649364278631
v 0.0012887500000000 -0.0024168333333333 -0.0151500000000000
vn 3.8768764806891141 -3.7134053165519476 -1.1490263331130526
v -0.0019860000000000 0.0016830000000000 -0.0146740000000000
vn 0.0000000000000000 0.0000000000000000 -6.2831853071795862
v -0.0016070000000000 0.0023926000000000 -0.0184000000000000
vn 1.2610584982737103 -5.0574492352444249 -2.0585608501738788
v 0.0013150000000000 -0.0053410000000000 -0.0179000000000000
vn 0.0000000000000000 0.0000000000000000 -6.2831853071795862
v -0.0045360000000000 -0.0003570000000000 -0.0184000000000000
vn -0.0000000000000002 5.3630341226689779 2.2214414690791813
v 0.0263950000000000 0.0030000000000000 0.0179000000000000
vn 2.4496506923063546 4.1844840151874596 3.0366780340752006
v 0.0027159090909091 0.0045189090909091 -0.0126727272727273
vn -2.8878855029428396 -1.1975114174651635 3.3388410243896738
v -0.0030030000000000 -0.0012440000000000 -0.0124000000000000
vn -1.2935901701393313 1.4560725026019070 -5.6050801271380521
v -0.0031462727272727 0.0037144545454545 -0.0184000000000000
vn 0.0142751311756606 2.2219520671045880 5.3621524862014098
v 0.0265400000000000 0.0025000000000000 0.0184000000000000
vn -0.4168094599098794 2.3046125193394236 -5.4050800291531562
v 0.0220000000000000 0.0025000000000000 0.0124000000000000
vn -2.6602966018470058 4.5417650062906612 -2.1479811617501539
v -0.0027840000000000 0.0047440000000000 -0.0179000000000000
vn 4.8308416570939610 -3.6697060912832398 0.0603014559292135
v -0.0018720000000000 0.0020140000000000 -0.0138500000000000
vn 0.0000000000000000 0.0000000000000000 6.2831853071795871
v -0.0030710000000000 -0.0028570000000000 0.0184000000000000
vn 1.5707159086553260 5.3628150579375404 -1.5711863978177600
v 0.0368230000000000 0.0030000000000000 -0.0158700000000000
vn -2.8847142799186782 -0.9948295491162767 2.9105577061220065
v 0.0040000000000000 0.0005670000000000 0.0139040000000000
vn -0.8240652093029904 4.2685882298793878 -3.3044383990234381
v -0.0010472727272727 0.0051659090909091 0.0126727272727273
vn 0.0017707941329402 -6.2562392805647660 0.0367834576019873
v 0.0000000000000000 0.0027500000000000 0.0151500000000000
vn -3.7941954506191973 -3.5367522304113179 2.2146804998073679
v -0.0040940000000000 -0.0036730000000000 0.0179000000000000
vn -0.0812156487276359 5.2947371242853158 -2.8508106872191599
v 0.0331144615384615 0.0028461538461538 -0.0180538461538462
vn -4.2327557420867974 -1.5233925129134192 2.4101581277520117
v 0.0020000000000000 0.0009126315789474 0.0138381578947368
vn 5.6152179982030939 2.4200736167824393 0.8430229058335370
v -0.0019700000000000 -0.0018433333333333 0.0178917142857143
vn 3.3573517853454669 5.2792396628284672 -0.0204280152442997
v -0.0014750000000000 -0.0023210000000000 0.0167750000000000
vn 1.8308452763332981 2.5378764314128510 3.3243011903604507
v -0.0018720000000000 -0.0020140000000000 0.0184000000000000
vn 2.3304054505667615 -5.8054481870957400 0.0000000000000005
v -0.0010310000000000 0.0025490000000000 0.0151500000000000
vn -0.0000000000000003 6.2831853071795862 0.0000000000000000
v 0.0269250000000000 0.0030000000000000 -0.0119500000000000
vn 0.0000000000000003 6.2831853071795862 -0.0000000000000000
v 0.0349750000000000 0.0030000000000000 -0.0149250000000000
vn -5.0997257894113757 -2.7221367887626999 -0.0348046953442795
v 0.0019488888888889 0.0018752777777778 0.0145826666666667
vn -0.8346896288835672 5.1087594171455768 -1.9482987048020179
v -0.0003710000000000 0.0054870000000000 0.0129000000000000
vn 0.0000000000000000 0.0000000000000000 6.2831853071795862
v 0.0027860000000000 0.0023411666666667 0.0184000000000000
vn -3.1415926535897909 -3.1415926535897896 0.0000000000000000
v -0.0060000000000000 -0.0030000000000000 0.0154000000000000
vn -6.2831853071795862 0.0000000000000032 0.0000000000000000
v -0.0060000000000000 -0.0021430000000000 0.0158290000000000
vn 3.0980673796024747 -0.3671175837976666 2.8992265209861379
v -0.0020000000000000 -0.0010330000000000 0.0184000000000000
vn -0.0000000000000001 6.2831853071795862 0.0000000000000001
v 0.0309500000000000 0.0030000000000000 -0.0104630000000000
vn -0.0000000000000027 0.0000000000000000 -6.2831853071795871
v 0.0060000000000000 0.0007140000000000 0.0124000000000000
vn -2.8601491605750726 -2.9585225013863319 0.8322361134121564
v 0.0040000000000000 0.0015540000000000 0.0150170000000000
vn 0.0000000000000000 2.2214414690791777 -5.3630341226689815
v 0.0335160000000000 0.0025000000000000 -0.0184000000000000
vn 2.3310508130117484 -2.0227280141184987 -2.8942898332348910
v 0.0022980000000000 -0.0022980000000000 0.0119000000000000
vn -0.0000000000000002 0.0000000000000014 6.2831853071795862
v 0.0366430000000000 0.0006430000000000 -0.0055000000000000
vn -3.1415926535897825 -0.0000000000000008 -3.1415926535897962
v -0.0060000000000000 0.0018750000000000 0.0124000000000000
vn 0.2231947420332635 -6.2752468317367791 0.0000000000000000
v 0.0068010000000000 -0.0030000000000000 0.0154000000000000
vn 2.5615835391219384 -1.3703638173718964 -4.3135388469041498
v 0.0027020000000000 -0.0018060000000000 0.0124000000000000
vn -6.2780892458901940 0.1782482271102801 -0.0073457994497684
v 0.0020000000000000 -0.0009646153846154 0.0128290000000000
vn -2.0937668486434609 -5.4694174274557703 0.2053688370040954
v 0.0245000000000000 -0.0030000000000000 -0.0104000000000000
vn -6.2831853071795862 0.0000000000000009 0.0000000000000022
v -0.0060000000000000 0.0012860000000000 0.0132570000000000
vn -5.2360872307773345 2.5495950220615495 -0.1072376202518859
v 0.0019431111111111 -0.0018512222222222 0.0132000000000000
vn 0.9636424155638932 -5.0683198553531419 -1.8940004014398970
v 0.0004780000000000 -0.0054790000000000 0.0129000000000000
vn 0.0378069340964828 -0.3931320583837132 -6.2456913614833658
v 0.0000000000000000 -0.0042860000000000 0.0124000000000000
vn 0.0809604925697563 5.3601830609976151 -2.2006745805022003
v 0.0215330000000000 0.0030000000000000 -0.0179000000000000
vn 1.1685391758692718 -1.8035565399570486 -5.4298899665363614
v 0.0037540000000000 -0.0034210000000000 0.0124000000000000
vn 0.0046784992004022 6.2792154098507638 -0.1304672445953227
v 0.0229000000000000 0.0030000000000000 -0.0164130000000000
vn 0.0000000000000002 -5.3630341226689771 -2.2214414690791817
v 0.0151980000000000 -0.0030000000000000 -0.0179000000000000
vn 0.0000000000000002 -2.2214414690791844 -5.3630341226689762
v 0.0152610000000000 -0.0025000000000000 -0.0184000000000000
vn -5.4179970289138355 -2.3297798626121264 0.7321685531984810
v 0.0240000000000000 -0.0025000000000000 -0.0104000000000000
vn -1.4706134162068880 1.7617339000945189 -5.2819652169563778
v -0.0032090000000000 0.0038340000000000 0.0124000000000000
vn -0.0000000000000021 2.2214414690791831 -5.3630341226689771
v 0.0216420000000000 0.0025000000000000 -0.0184000000000000
vn -1.8046468225033603 2.1050665328900715 -4.5934298501854807
v -0.0018060000000000 0.0027020000000000 0.0124000000000000
vn -2.2214414690791777 -0.0000000000000022 5.3630341226689842
v 0.0270000000000000 -0.0008330000000000 -0.0055000000000000
vn 2.2313910467651543 -4.8515283142295864 2.3720041654925308
v 0.0047490000000000 -0.0034400000000000 0.0179000000000000
vn -0.4168094599098795 -2.3046125193394236 5.4050800291531562
v 0.0220000000000000 -0.0025000000000000 -0.0124000000000000
vn -3.3315035062566061 4.0870009560852516 -2.1426569722790338
v -0.0034800000000000 0.0042590000000000 0.0129000000000000
vn 0.0000000000000000 0.0000000000000000 -6.2831853071795862
v -0.0045360000000000 0.0015937692307692 -0.0184000000000000
vn -1.0402418893839769 5.4761475445544683 -1.8163148069533308
v 0.0232500000000000 0.0030000000000000 0.0125650000000000
vn 0.0000000000000000 -2.2214414690791777 5.3630341226689824
v 0.0335160000000000 -0.0025000000000000 0.0184000000000000
vn -5.1451058848067470 2.6419745098862015 -0.0119305862363766
v 0.0019539259259259 -0.0018674444444444 -0.0173198518518519
vn -0.0000000000000002 -5.3630341226689779 -2.2214414690791817
v 0.0169340000000000 -0.0030000000000000 0.0129000000000000
vn 2.3304054505667615 5.8054481870957400 -0.0000000000000005
v -0.0010310000000000 -0.0025490000000000 -0.0151500000000000
vn 3.5191041179034994 -0.3762800659164663 -3.0873951006072744
v -0.0020000000000000 0.0003700000000000 -0.0138175000000000
vn -0.0812156487276359 -5.2947371242853150 2.8508106872191603
v 0.0331144615384615 -0.0028461538461538 0.0180538461538462
vn 0.0657922830208270 2.0448209321709201 5.7280578974014889
v -0.0040000000000000 -0.0006310000000000 -0.0168700000000000
vn 0.0000000000000000 0.0000000000000000 -6.2831853071795862
v 0.0027860000000000 -0.0023411666666667 -0.0184000000000000
vn 3.5163329815902431 -4.2791790814569550 0.2861891736602485
v -0.0019863888888889 0.0017511666666667 -0.0153998888888889
vn -2.2399425407578248 4.9801807538985834 -0.9285341438781017
v 0.0245000000000000 0.0030000000000000 0.0087070000000000
vn -0.2023369249903975 0.5939534676293845 2.9236999633818792
v -0.0015426923076923 -0.0025469230769231 -0.0119000000000000
vn 1.5707159086553262 -5.3628150579375404 1.5711863978177600
v 0.0368230000000000 -0.0030000000000000 0.0158700000000000
vn 4.7647854400925356 -3.8211078240928709 -0.0446536786247685
v -0.0018720000000000 0.0020140000000000 -0.0158000000000000
vn 3.3573517853454664 -5.2792396628284681 0.0204280152442997
v -0.0014750000000000 0.0023210000000000 -0.0167750000000000
vn -3.6745361595126380 1.5154494184377707 2.6486318146303880
v 0.0020000000000000 -0.0008000000000000 -0.0167860000000000
vn 2.7519078611995074 4.5450507605092048 1.9691092125791296
v 0.0035620000000000 0.0041900000000000 -0.0129000000000000
vn 2.8842314683301016 4.6002039833289601 2.2820274947416892
v 0.0041290000000000 0.0037730000000000 -0.0129000000000000
vn -0.3594365745785141 -5.2688897817124438 -2.1352303094667584
v -0.0003710000000000 -0.0054870000000000 -0.0179000000000000
vn -1.2101221585091522 -5.1337815375332578 -2.0562223073915558
v -0.0012100000000000 -0.0053650000000000 -0.0179000000000000
vn -6.2831853071795862 0.0000000000000002 -0.0000000000000015
v -0.0060000000000000 0.0012860000000000 -0.0175430000000000
vn 6.1900331259269166 0.7322755560509103 -0.0671448573250674
v -0.0020000000000000 -0.0017210000000000 -0.0132000000000000
vn 6.2805888101088163 -0.0022311748473608 0.0634048118560258
v -0.0020000000000000 -0.0010244166666667 -0.0128290000000000
vn -6.2831853071795871 -0.0000000000000032 0.0000000000000000
v -0.0060000000000000 0.0021430000000000 -0.0158290000000000
vn 2.2108042992798671 2.2108042992798684 3.3373932690667165
v 0.0022980000000000 0.0022980000000000 -0.0124000000000000
vn 0.0369174465843793 -2.2966473769454834 -5.2789133831549249
v 0.0000190000000000 -0.0050000000000000 -0.0184000000000000
vn -4.2335347230951088 1.8185523528950085 -1.7537471942625416
v 0.0240000000000000 0.0025000000000000 0.0085000000000000
vn -0.7684128726822732 2.1896588936129446 -5.2530188381172103
v -0.0016980000000000 0.0047030000000000 -0.0184000000000000
vn -3.1415926535897931 -0.0000000000000006 -3.1415926535897931
v -0.0060000000000000 -0.0006250000000000 -0.0184000000000000
vn 0.0017707941329401 6.2562392805647660 -0.0367834576019872
v 0.0000000000000000 -0.0027500000000000 -0.0151500000000000
vn 0.0000000000000003 -6.2831853071795862 0.0000000000000000
v 0.0349750000000000 -0.0030000000000000 0.0149250000000000
vn 5.1112631708154339 3.6104282955418729 0.2281239675878142
v -0.0018720000000000 -0.0020140000000000 -0.0125500000000000
vn -3.1415926535897913 3.1415926535897891 0.0000000000000000
v -0.0060000000000000 0.0030000000000000 -0.0154000000000000
vn -1.6752180765030664 2.3955832065260849 -5.1758957284801506
v 0.0226180000000000 0.0025000000000000 0.0123020000000000
vn 0.0000000000000000 0.0000000000000000 -6.2831853071795862
v -0.0030710000000000 0.0028570000000000 -0.0184000000000000
vn -2.8878855029428463 -1.1975114174651602 2.9443442827899142
v -0.0030030000000000 -0.0012440000000000 -0.0119000000000000
vn 6.2689250857328638 -0.0546565252212442 0.2010163690517587
v -0.0020000000000000 0.0012290000000000 0.0174710000000000
vn 0.0000000000000000 0.0000000000000000 6.2831853071795862
v 0.0027860000000000 -0.0035710000000000 0.0184000000000000
vn 0.7933661900845943 -2.1477012051688846 5.2882073818555604
v 0.0017340000000000 -0.0046900000000000 0.0184000000000000
vn 2.2321196010341997 5.8323722514805496 -0.0255523023073820
v -0.0010280000000000 -0.0025510000000000 0.0167750000000000
vn 0.1931363492241558 -5.3931514044415296 -2.2555279885731321
v 0.0068010000000000 -0.0030000000000000 0.0129000000000000
vn 5.8682592561832774 -1.6849900995553857 0.0085744017900990
v -0.0019775000000000 0.0018257857142857 0.0165097857142857
vn -3.1415926535897909 3.1415926535897905 0.0000000000000000
v -0.0060000000000000 0.0030000000000000 0.0166500000000000
vn -3.6679621673823073 -0.5630099285322815 2.9807214821995363
v -0.0060000000000000 0.0002781818181818 0.0138554545454545
vn -0.0000000000000004 6.2831853071795862 -0.0000000000000002
v 0.0309500000000000 0.0030000000000000 -0.0164130000000000
vn -1.1318398176140123 2.8634800534337908 3.5777191419893666
v 0.0010060000000000 -0.0025590000000000 0.0184000000000000
vn -0.0000000000000001 -6.2831853071795853 -0.0000000000000001
v 0.0309500000000000 -0.0030000000000000 -0.0119500000000000
vn -0.0470396570079437 5.2869169187235165 2.2520784501812230
v -0.0053050000000000 0.0030000000000000 0.0179000000000000
vn 0.9285341438780826 -4.9801807538986012 -2.2399425407578200
v 0.0347930000000000 -0.0030000000000000 -0.0179000000000000
vn -0.0000000000000014 6.2831853071795862 0.0000000000000021
v 0.0369880000000000 0.0030000000000000 -0.0113750909090909
vn 2.7681513247556664 -4.4925946512563915 2.1168052886849069
v 0.0028750000000000 -0.0046880000000000 0.0179000000000000
vn 4.6595948494149351 -4.0251345130627678 0.0009131907620242
v -0.0018720000000000 0.0020140000000000 0.0171000000000000
vn -0.0000000000000002 6.2831853071795862 0.0000000000000018
v 0.0349750000000000 0.0030000000000000 -0.0126940000000000
vn 3.3584292769272350 -5.2793103580722169 0.0000000000000000
v -0.0014760000000000 0.0023200000000000 0.0151500000000000
vn -3.1019031352635551 4.8210828565010297 -1.1623678978501166
v 0.0019623529411765 -0.0017157647058824 0.0158885882352941
vn 0.1139827031045059 -1.4800496161686005 -5.8791686221937898
v 0.0060709090909091 -0.0023225454545455 0.0124000000000000
vn 3.1415926535897936 0.0000000000000000 3.1415926535897931
v -0.0020000000000000 -0.0003440000000000 0.0184000000000000
vn 0.0141644021005576 -5.6284393997253419 2.5096018268117586
v -0.0040000000000000 0.0014700000000000 0.0147690000000000
vn 0.0000000000000000 2.2214414690792146 -5.3630341226689762
v 0.0118670000000000 0.0025000000000000 0.0124000000000000
vn -6.2831853071795853 -0.0000000000000034 -0.0000000000000020
v -0.0060000000000000 0.0021430000000000 0.0175430000000000
vn 0.0000000000000000 0.0000000000000000 6.2831853071795862
v -0.0030710000000000 0.0017072000000000 0.0184000000000000
vn 0.3149226209145830 2.3560285628442292 5.1856321604634923
v -0.0051650000000000 0.0025000000000000 0.0184000000000000
vn 0.0000000000000002 -6.2831853071795871 0.0000000000000003
v 0.0269250000000000 -0.0030000000000000 -0.0104630000000000
vn 1.5694388594879150 -5.3646267118705682 -1.5698998183165638
v 0.0361460000000000 -0.0030000000000000 -0.0165460000000000
vn -0.1158634832804988 -3.9350386001975037 4.5944402325876590
v -0.0040000000000000 0.0011200000000000 0.0142580000000000
vn -3.5341260840925890 -3.0811205407751125 0.0007485543627476
v -0.0060000000000000 0.0016000000000000 0.0154000000000000
vn 3.7911464462877600 -2.2226664695733822 -3.7915957219985996
v 0.0365000000000000 -0.0025000000000000 -0.0169000000000000
vn 1.4576932995808856 1.8059406256695061 5.2519270227937804
v 0.0477900000000000 0.0035310000000000 0.0115000000000000
vn 0.0565851448429399 -2.2934111283505034 -5.2822980068924617
v 0.0450570000000000 -0.0045000000000000 0.0055000000000000
vn 2.7730490649491344 -0.9104403485445728 3.9514805364408678
v 0.0428727692307692 0.0005673076923077 0.0115000000000000
vn 1.9975740164077083 4.8485760551994854 2.1749581602190888
v 0.0469000000000000 0.0046250000000000 0.0110000000000000
vn 2.7809328842509529 -1.4308193864829626 -3.8560198827050192
v 0.0473130000000000 -0.0014870000000000 0.0055000000000000
vn -3.1033718902287903 0.2912271097078075 -2.9446473028961506
v 0.0422827272727273 0.0003120000000000 0.0050000000000000
vn 2.6233371630222768 1.6710665182582642 -3.4183419893200009
v 0.0433170000000000 -0.0010810000000000 0.0050000000000000
vn -2.1806945640613633 3.6691263744347493 -3.6973227317844164
v 0.0421500000000000 0.0038000000000000 0.0057500000000000
vn -0.2374012600378239 -3.1084436517748504 -2.8996474733586504
v 0.0447130000000000 -0.0027350000000000 0.0050000000000000
vn -2.2854989517539437 -2.1187986065681379 -2.9431971546269113
v 0.0429500000000000 -0.0018105454545455 0.0050000000000000
vn -1.4116594732489540 -3.5671085457095861 3.9534526202650908
v 0.0406866285714286 -0.0030514000000000 0.0112321428571429
vn -0.0000000000000002 0.0000000000000000 -6.2831853071795862
v 0.0462860000000000 -0.0032140000000000 0.0055000000000000
vn -0.6931389847145601 -6.2390926526876704 0.0109754168614761
v 0.0394317777777778 -0.0030226666666667 0.0099070000000000
vn 0.7106494034995505 -1.8450175173884176 5.3736784357717671
v 0.0398985000000000 -0.0025715000000000 0.0115050000000000
vn -0.5617058040189500 5.3260053815636939 -1.8169615716312342
v 0.0402730000000000 0.0031650000000000 0.0060000000000000
vn 1.0862549235982903 -2.8565388598923467 3.5909425174982408
v 0.0442910000000000 0.0018700000000000 0.0115000000000000
vn 0.4291544491675507 -3.0780050198400053 -3.4932077766402156
v 0.0453910000000000 -0.0027220000000000 0.0055000000000000
vn -6.2790904262912761 0.1577088681093558 0.0142001628432163
v 0.0020000000000000 -0.0010058181818182 0.0174710000000000
vn -3.6658401253061750 -1.9934597769907993 -2.2861919050072208
v -0.0060000000000000 0.0011310000000000 0.0165310000000000
vn 1.2013004964205387 6.1390424870681697 0.0140476615680250
v -0.0005230000000000 -0.0027000000000000 0.0151500000000000
vn 0.0783877808575683 -1.2103603586949045 -5.9632456514993208
v -0.0040000000000000 0.0003155000000000 0.0169350000000000
vn -3.1415926535897913 3.1415926535897900 0.0000000000000000
v -0.0060000000000000 0.0030000000000000 0.0160250000000000
vn 0.0000000000000000 0.0000000000000000 6.2831853071795862
v 0.0020540000000000 -0.0023213333333333 0.0184000000000000
vn 0.0000000000000000 6.2831853071795871 0.0000000000000000
v 0.0349750000000000 0.0030000000000000 -0.0089750000000000
vn 0.0000000000000000 0.0000000000000000 -6.2831853071795871
v 0.0291430000000000 0.0007140000000000 -0.0184000000000000
vn 0.0191167131751390 6.2830966673721687 -0.0024071778344133
v 0.0369880000000000 0.0030000000000000 -0.0104630000000000
vn -1.3306352699342572 1.9432084615352339 5.1999974481728906
v -0.0024920000000000 0.0043350000000000 0.0184000000000000
vn 3.5404871901064623 -3.2841015752467713 -1.0586251984211221
v -0.0020000000000000 0.0016300000000000 0.0157609166666667
vn -0.3673691352650916 -2.3135959699643651 5.2281001797134818
v -0.0008520000000000 -0.0049270000000000 0.0184000000000000
vn 0.0000000000000000 0.0000000000000000 6.2831853071795880
v 0.0027860000000000 -0.0030355000000000 0.0184000000000000
vn -0.0000000000000017 -0.0000000000000052 -6.2831853071795862
v 0.0080000000000000 -0.0021430000000000 0.0124000000000000
vn 3.3671098433571878 -5.2856328412308438 -0.1072952219074594
v 0.0035620000000000 -0.0041900000000000 0.0154000000000000
vn 0.0000000000000001 -6.2831853071795880 -0.0000000000000001
v 0.0349750000000000 -0.0030000000000000 -0.0141810000000000
vn 0.0407499582152018 2.2227128976101569 -5.3595528296290151
v 0.0275790000000000 0.0025000000000000 -0.0184000000000000
vn 4.8084083245781608 -3.7207487391138487 -0.0695445061796783
v -0.0018720000000000 0.0020140000000000 0.0151500000000000
vn -1.7692584331167442 1.5198507490392330 5.2283978205109278
v -0.0038280000000000 0.0032160000000000 0.0184000000000000
vn -3.1415926535897931 0.0000000000000007 3.1415926535897936
v -0.0060000000000000 0.0003645833333333 0.0184000000000000
vn 0.0000000000000000 0.0000000000000000 6.2831853071795871
v -0.0030710000000000 0.0022990000000000 0.0184000000000000
vn 0.0000000000000003 -6.2831853071795862 -0.0000000000000003
v 0.0269250000000000 -0.0030000000000000 -0.0112060000000000
vn 0.0000000000000000 0.0000000000000000 6.2831853071795862
v -0.0045360000000000 0.0008762727272727 0.0184000000000000
vn -4.8605769654302202 2.7846802004019464 0.4048725812378330
v 0.0019497368421053 -0.0018753157894737 0.0164940526315789
vn 3.5515195337700840 0.3436659661811979 3.0876584534554374
v -0.0020000000000000 -0.0003700000000000 0.0138175000000000
vn 0.1485775356835649 -5.3287246906802235 2.6340868029556583
v 0.0271190000000000 -0.0028409090909091 0.0180590909090909
vn 0.0000000000000017 0.0000000000000321 6.2831853071795853
v 0.0000000000000000 -0.0035710000000000 -0.0124000000000000
vn 3.0330525062662592 0.0910378210417099 -3.1376697301672607
v 0.0020000000000000 -0.0001670000000000 -0.0138090000000000
vn -3.3665753928406703 -2.4667976802632010 -4.2548930285763156
v 0.0231760000000000 -0.0025000000000000 0.0120180000000000
vn -3.1415926535897913 -3.1415926535897896 0.0000000000000000
v -0.0060000000000000 -0.0030000000000000 -0.0141500000000000
vn 2.2214414690791884 -0.0000000000000006 5.3630341226689708
v 0.0350000000000000 0.0000000000000000 0.0184000000000000
vn -2.6730963910575061 4.5419392829988237 2.1421161960795949
v -0.0027840000000000 0.0047440000000000 -0.0129000000000000
vn -3.1019031352635547 -4.8210828565010289 1.1623678978501164
v 0.0019623529411765 0.0017157647058824 -0.0158885882352941
vn 4.6595948494149351 4.0251345130627678 -0.0009131907620242
v -0.0018720000000000 -0.0020140000000000 -0.0171000000000000
vn 0.0000000000000016 0.0000000000000148 6.2831853071795871
v 0.0040000000000000 -0.0021430000000000 -0.0124000000000000
vn 0.0000000000000000 0.0000000000000000 -6.2831853071795862
v -0.0030710000000000 -0.0017072000000000 -0.0184000000000000
vn 0.0000000000000002 6.2831853071795862 -0.0000000000000000
v 0.0369880000000000 0.0030000000000000 0.0149250000000000
vn 2.7681513247556664 4.4925946512563915 -2.1168052886849069
v 0.0028750000000000 0.0046880000000000 -0.0179000000000000
vn -1.5287749930192542 2.6143158372420978 3.7671245394209043
v -0.0012440000000000 0.0030030000000000 -0.0124000000000000
vn 5.8682592561832774 1.6849900995553855 -0.0085744017900990
v -0.0019775000000000 -0.0018257857142857 -0.0165097857142857
vn -0.0671827420691016 2.2431866382472307 5.3392135180307694
v 0.0321800000000000 0.0025000000000000 0.0184000000000000
vn -0.1483370524349451 -5.4324963199665328 -2.1415736146472257
v 0.0220000000000000 -0.0030000000000000 0.0129000000000000
vn -2.2108042992798680 2.2108042992798667 3.3373932690667170
v -0.0022980000000000 0.0022980000000000 -0.0124000000000000
vn 0.7933661900845944 2.1477012051688842 -5.2882073818555613
v 0.0017340000000000 0.0046900000000000 -0.0184000000000000
vn -2.2214414690791826 -5.3630341226689771 0.0000000000000017
v 0.0245000000000000 -0.0030000000000000 0.0095540000000000
vn -0.0000000000000022 -6.2831853071795862 -0.0000000000000014
v 0.0249130000000000 -0.0030000000000000 0.0089750000000000
vn 0.9921983293243396 -4.1237480494145222 3.2713006806248996
v 0.0011379166666667 -0.0051655833333333 -0.0126916666666667
vn -3.1415926535897984 -0.0000000000000071 3.1415926535897940
v -0.0060000000000000 0.0012500000000000 -0.0124000000000000
vn 3.4623179403358573 -5.2095613217448831 0.2622137065018982
v -0.0014750000000000 0.0023210000000000 -0.0135250000000000
vn 0.0000000000000000 0.0000000000000000 -6.2831853071795853
v 0.0027860000000000 0.0035710000000000 -0.0184000000000000
vn 0.0000000000000002 -6.2831853071795871 -0.0000000000000000
v 0.0208880000000000 -0.0030000000000000 0.0134380000000000
vn 6.2689250857328629 0.0546565252212442 -0.2010163690517587
v -0.0020000000000000 -0.0012290000000000 -0.0174710000000000
vn 2.7032494407360157 -1.4388086059238498 2.8738177103465867
v 0.0030030000000000 -0.0012440000000000 -0.0119000000000000
vn -0.0752695607602149 5.3109380808384241 2.2704397746353449
v 0.0319940000000000 0.0030000000000000 0.0179000000000000
vn 0.0000000000000000 0.0000000000000000 -6.2831853071795862
v -0.0016070000000000 -0.0028570000000000 -0.0184000000000000
vn 0.0000000000000000 0.0000000000000000 -6.2831853071795871
v -0.0022435217391304 -0.0022903043478261 -0.0184000000000000
vn 1.7384627772995283 -2.5986671814961761 2.9458052133647925
v 0.0018060000000000 -0.0027020000000000 -0.0119000000000000
vn -0.0943504842287136 4.3065534917368780 -4.3909773211410048
v -0.0040000000000000 -0.0011200000000000 -0.0142580000000000
vn -5.1273588749021339 2.5812105140610178 0.0437449339601221
v 0.0019530666666667 -0.0018812888888889 -0.0125954666666667
vn -1.4000867391185117 -6.0733750101897996 0.0080156995054614
v 0.0005250000000000 0.0026990000000000 -0.0151500000000000
vn -3.5341260840925885 3.0811205407751130 -0.0007485543627476
v -0.0060000000000000 -0.0016000000000000 -0.0154000000000000
vn 0.0141644021005577 5.6284393997253419 -2.5096018268117581
v -0.0040000000000000 -0.0014700000000000 -0.0147690000000000
vn 1.1692861999874433 -1.7951810170117981 5.4358819107800667
v 0.0037540000000000 -0.0034210000000000 -0.0124000000000000
vn -0.4334194789279865 -2.2925057805677453 -5.4147133672271801
v 0.0220000000000000 -0.0025000000000000 0.0124000000000000
vn -3.1415926535897909 -3.1415926535897896 0.0000000000000000
v -0.0060000000000000 -0.0030000000000000 -0.0147750000000000
vn 3.5246602237960163 1.5381592825865049 2.6661270635015692
v -0.0020000000000000 -0.0008000000000000 -0.0167860000000000
vn 0.0288238593512094 -0.4070282944837327 6.2431528568433574
v 0.0000000000000000 -0.0042860000000000 -0.0124000000000000
vn -6.2831853071795871 0.0000000000000025 0.0000000000000006
v -0.0060000000000000 -0.0021430000000000 -0.0141140000000000
vn 5.8751529301175900 1.7035630009607303 0.0022525666479788
v -0.0019695454545455 -0.0018406818181818 -0.0173698181818182
vn 0.0000000000000000 0.0000000000000000 -6.2831853071795862
v -0.0030710000000000 -0.0008925000000000 -0.0184000000000000
vn 0.0000000000000006 6.2831853071795871 0.0000000000000014
v 0.0369880000000000 0.0030000000000000 0.0139578000000000
vn -3.0441599665440582 -2.7396599405395747 -1.4117022443937639
v 0.0040000000000000 0.0014170000000000 -0.0146560000000000
vn -6.2768845830584379 0.1974054323789096 0.0196892206795709
v 0.0020000000000000 -0.0010244166666667 -0.0128290000000000
vn 1.1609368840134584 1.9796481655107518 -5.2820329934953616
v 0.0025250000000000 0.0043160000000000 -0.0184000000000000
vn -1.2709343877673203 2.5297264945376345 4.4748161275949121
v -0.0018060000000000 0.0027020000000000 -0.0124000000000000
vn 1.2022453471085504 1.7829687911467611 -5.4300530892931729
v 0.0037540000000000 0.0034210000000000 -0.0184000000000000
vn 2.1246771753023035 -1.8197943638117511 4.5453976197157893
v 0.0027020000000000 -0.0018060000000000 -0.0124000000000000
vn 0.0000000000000004 6.2831853071795853 0.0000000000000002
v 0.0349750000000000 0.0030000000000000 0.0156690000000000
vn -0.0000000000000002 -6.2831853071795862 -0.0000000000000002
v 0.0309500000000000 -0.0030000000000000 0.0149250000000000
vn 4.6843177798886799 3.9789405881981299 -0.0518538257300459
v -0.0018720000000000 -0.0020140000000000 -0.0164500000000000
vn -5.2614775941232992 2.5220951019640800 0.1208514444836352
v 0.0019431111111111 -0.0018512222222222 -0.0132000000000000
vn -5.3752545534370144 -2.3892581391364733 -0.6325616402780482
v 0.0240000000000000 -0.0025000000000000 0.0104000000000000
vn -3.1415926535897829 -0.0000000000000021 3.1415926535897958
v -0.0060000000000000 0.0018750000000000 -0.0124000000000000
vn -6.2831853071795862 0.0000000000000021 -0.0000000000000008
v -0.0060000000000000 0.0012860000000000 -0.0132570000000000
vn -2.4931282887062562 -5.0531144915874577 -0.0000000000000000
v -0.0046100000000000 -0.0030000000000000 -0.0154000000000000
vn -3.2534465378633954 -5.2163597656015543 0.0117868191997899
v 0.0012706153846154 0.0024256923076923 -0.0151500000000000
vn -3.0172781333818759 -1.7340080252524284 -2.5520169648001700
v 0.0040000000000000 0.0009090000000000 -0.0140830000000000
vn -3.5311967590743052 2.8469561940439760 1.1797168496819810
v -0.0060000000000000 -0.0014780000000000 -0.0160120000000000
vn -3.2962458296118928 -0.2398815053071049 -3.1243622432052538
v 0.0020000000000000 0.0003587272727273 -0.0138120000000000
vn 0.0000000000000000 0.0000000000000000 -6.2831853071795871
v -0.0016070000000000 -0.0024105000000000 -0.0184000000000000
vn -2.1517386544232089 -5.4239587920510477 -0.1367643325967701
v 0.0245000000000000 -0.0030000000000000 0.0104000000000000
vn -2.5498761970016037 -5.5199889948623628 0.2083898797939421
v 0.0019631250000000 0.0017993333333333 -0.0153478333333333
vn -1.4895847442217633 1.7602749069963886 5.2694255664674507
v -0.0032090000000000 0.0038340000000000 -0.0124000000000000
vn -3.3345669827192808 4.0727207130414911 2.1507347126070995
v -0.0034800000000000 0.0042590000000000 -0.0129000000000000
vn 2.4990276587513622 -1.6731208266398796 2.5549309187996969
v 0.0022980000000000 -0.0022980000000000 -0.0119000000000000
vn 0.9636424155638930 -5.0683198553531410 1.8940004014398970
v 0.0004780000000000 -0.0054790000000000 -0.0129000000000000
vn -1.4000867391185117 6.0733750101897996 -0.0080156995054614
v 0.0005250000000000 -0.0026990000000000 0.0151500000000000
vn 0.0000000000000000 0.0000000000000000 6.2831853071795880
v -0.0001430000000000 -0.0035710000000000 0.0184000000000000
vn 0.0000000000000000 0.0000000000000000 6.2831853071795871
v -0.0016070000000000 0.0028570000000000 0.0184000000000000
vn -3.1406313436545257 3.9494964463737237 2.3355903206006001
v -0.0034800000000000 0.0042590000000000 0.0179000000000000
vn 0.0000000000000004 5.3630341226689779 -2.2214414690791813
v 0.0144000000000000 0.0030000000000000 0.0129000000000000
vn 2.2343578842395648 -4.9647750645311115 -2.2654706181494215
v 0.0047490000000000 -0.0034400000000000 0.0129000000000000
vn 0.0682190050183285 -4.0642972155248334 -4.5262698984898346
v -0.0040000000000000 0.0011420000000000 0.0165200000000000
vn 3.5252548882478294 -2.6843518521644820 1.6882012920877882
v -0.0020000000000000 0.0012940000000000 0.0144600000000000
vn -3.6628700271915084 -0.5656285690292452 -2.9815366753637447
v -0.0060000000000000 0.0002781818181818 0.0169445454545455
vn -0.0000000000000006 -5.3630341226689771 -2.2214414690791813
v 0.0093340000000000 -0.0030000000000000 0.0129000000000000
vn 0.4054285447044458 -2.2506435488700092 5.2913594676782516
v 0.0008900000000000 -0.0049200000000000 0.0184000000000000
vn 0.4950979404642996 -5.2531397666938711 2.0802450231679699
v 0.0004780000000000 -0.0054790000000000 0.0179000000000000
vn -2.4572101103564674 1.3276401393810087 4.1408741293738478
v 0.0019756969696970 -0.0019107272727273 0.0184000000000000
vn -0.0752695607602150 -5.3109380808384232 -2.2704397746353449
v 0.0319940000000000 -0.0030000000000000 -0.0179000000000000
vn -0.0671827420691017 -2.2431866382472312 -5.3392135180307694
v 0.0321800000000000 -0.0025000000000000 -0.0184000000000000
vn -3.1415926535897913 3.1415926535897900 0.0000000000000000
v -0.0060000000000000 0.0030000000000000 0.0141500000000000
vn 0.0000000000000000 0.0000000000000000 6.2831853071795862
v 0.0027860000000000 -0.0008925000000000 0.0184000000000000
vn 0.0000000000000004 -6.2831853071795862 0.0000000000000002
v 0.0269250000000000 -0.0030000000000000 -0.0134380000000000
vn 4.6707303216920142 -4.0051521933571879 0.0000000000000000
v -0.0018720000000000 0.0020140000000000 0.0145000000000000
vn 0.1485775356835650 5.3287246906802226 -2.6340868029556588
v 0.0271190000000000 0.0028409090909091 -0.0180590909090909
vn 0.0000000000000000 -6.2831853071795880 0.0000000000000000
v 0.0309500000000000 -0.0030000000000000 -0.0089750000000000
vn 0.0000000000000002 -6.2831853071795862 0.0000000000000000
v 0.0369880000000000 -0.0030000000000000 -0.0149250000000000
vn 0.0000000000000000 0.0000000000000000 6.2831853071795871
v -0.0022435217391304 0.0022903043478261 0.0184000000000000
vn -6.2831853071795862 0.0000000000000001 -0.0000000000000015
v -0.0060000000000000 -0.0004290000000000 0.0175430000000000
vn -3.1415926535897931 -0.0000000000000011 3.1415926535897936
v -0.0060000000000000 0.0012500000000000 0.0184000000000000
vn 0.0000000000000000 0.0000000000000000 6.2831853071795862
v -0.0045360000000000 0.0001622727272727 0.0184000000000000
vn 6.2033743312331540 -0.6999603320605197 -0.0120980487463080
v -0.0020000000000000 0.0017210000000000 0.0138500000000000
vn -2.2400838188310099 4.9804660244530021 0.9279896507962876
v 0.0245000000000000 0.0030000000000000 -0.0087070000000000
vn 0.0000000000000000 0.0000000000000000 6.2831853071795862
v 0.0057140000000000 0.0007140000000000 0.0184000000000000
vn -0.9279896507962758 4.9804660244530119 2.2400838188310037
v 0.0272070000000000 0.0030000000000000 -0.0060000000000000
vn 0.0000000000000000 0.0000000000000000 6.2831853071795862
v 0.0071790000000000 0.0021430000000000 0.0184000000000000
vn 0.0094484411423496 -0.0026680432660214 6.2831342484231998
v 0.0334290000000000 -0.0019290000000000 -0.0055000000000000
vn -1.7265732136340601 2.3392978108997098 5.2068310640621727
v 0.0226180000000000 0.0025000000000000 -0.0123020000000000
vn 0.0000000000000000 0.0000000000000000 -6.2831853071795871
v 0.0174290000000000 0.0021430000000000 -0.0184000000000000
vn 0.1938105043312651 0.2303561818068070 -2.6796729065011915
v -0.0015265714285714 -0.0025374285714286 0.0119000000000000
vn 6.2616031379328199 0.1799078455236094 -0.2842379693196788
v -0.0020000000000000 -0.0009646153846154 0.0128290000000000
vn 2.8906031782115504 4.6004945708510929 -2.2779342038883033
v 0.0041290000000000 0.0037730000000000 0.0129000000000000
vn -4.2337896469328253 1.8184436534036441 1.7536460190934871
v 0.0240000000000000 0.0025000000000000 -0.0085000000000000
vn -2.8878855029428543 -1.1975114174651669 -2.9443442827899142
v -0.0030030000000000 -0.0012440000000000 0.0119000000000000
vn -0.3889320736062984 2.2561549979731232 5.2884687589685049
v -0.0008520000000000 0.0049270000000000 0.0184000000000000
vn 0.0495594951872329 -6.2820661581963986 0.0322219132535551
v 0.0148510000000000 -0.0030000000000000 0.0164130000000000
vn -0.0000000000000002 -5.3630341226689779 2.2214414690791817
v 0.0169340000000000 -0.0030000000000000 -0.0129000000000000
vn 5.0727713451323666 3.6601941375964087 -0.2093346221269890
v -0.0018720000000000 -0.0020140000000000 0.0125500000000000
vn 2.7875639442977240 4.5376943856811751 -1.9829053897518587
v 0.0035620000000000 0.0041900000000000 0.0129000000000000
vn 2.3996573097863978 1.8874465393627056 -3.6792374287485212
v 0.0022980000000000 0.0022980000000000 0.0124000000000000
vn 6.1903433788448385 0.7290311393762378 0.0694699056054615
v -0.0020000000000000 -0.0017210000000000 0.0132000000000000
vn -0.9856556857928463 5.5140371742280179 1.7967736679095803
v 0.0232500000000000 0.0030000000000000 -0.0125650000000000
vn 1.9127827340875236 -5.5023236149385575 0.7629333836779154
v 0.0376840000000000 -0.0030000000000000 0.0125580000000000
vn 4.8545482089366194 -2.4597882160178672 2.4495486660988464
v 0.0382110000000000 -0.0025000000000000 0.0126050000000000
vn 0.0000000000000000 0.0000000000000000 -6.2831853071795871
v 0.0398570000000000 0.0012860000000000 0.0055000000000000
vn 1.7209535844553421 -2.4926155613900240 5.1893991927808329
v 0.0394325454545454 -0.0025594545454545 0.0115456363636364
vn -1.3554713285282074 3.9291616072046183 3.3702283242594038
v 0.0434349090909091 0.0045081818181818 0.0112272727272727
vn 3.6811912198733916 -2.3083970521453376 4.0676116491819538
v 0.0386436666666667 -0.0025000000000000 0.0120484000000000
vn 0.8617429148376694 -5.6668189833856317 1.7189450620390867
v 0.0388416000000000 -0.0029750000000000 0.0113254000000000
vn -1.7458510572405070 -2.5046636085857088 3.6075928778417352
v 0.0461360000000000 0.0016460000000000 0.0115000000000000
vn -3.0671810213962405 -0.1527301869919032 -3.7221738823846562
v 0.0422500000000000 0.0000000000000000 0.0055000000000000
vn 4.3230490577113709 4.4908817880449083 -0.0138876071358376
v 0.0435720000000000 -0.0014000000000000 0.0066250000000000
vn -2.6009355540819610 1.6987208273481151 -3.4580029599835780
v 0.0466830000000000 -0.0010810000000000 0.0050000000000000
vn 0.0000000000000029 -0.0000000000000044 -6.2831853071795862
v 0.0462860000000000 -0.0038570000000000 0.0055000000000000
vn 0.3824953589187483 -2.3189140104256341 -5.2200362800035318
v 0.0457910000000000 -0.0044300000000000 0.0055000000000000
vn 0.6881072564748525 -3.0465614389958926 -2.9778339439291601
v 0.0455940909090909 -0.0026695454545455 0.0050000000000000
vn -2.6049184229459890 -1.7043580337142052 -3.4622466235700045
v 0.0426870000000000 -0.0014870000000000 0.0055000000000000
vn -0.4305740174911561 -3.0877302034395302 -3.3656172550559988
v 0.0446090000000000 -0.0027220000000000 0.0055000000000000
vn -1.1469072112990901 -6.1620596933445100 0.2374069523537465
v 0.0400862608695652 -0.0031234347826087 0.0099070000000000
vn 0.0000000000000001 0.0000000000000015 -6.2831853071795862
v 0.0414640000000000 -0.0006430000000000 0.0055000000000000
vn 4.4231039984291209 -4.4444149682430760 0.2027560003842651
v 0.0377500000000000 -0.0027500000000000 0.0135000000000000
vn 5.8023030265774969 -2.2922497122216354 0.1790859791396959
v 0.0431620000000000 0.0007890000000000 0.0082500000000000
vn -0.7892031175137117 1.9737087572658851 5.1982200695811427
v 0.0429240000000000 0.0039930000000000 0.0115000000000000
vn -0.0740762307315391 2.1902281593682082 -5.3892543065356024
v 0.0390000000000000 0.0025000000000000 0.0055000000000000
vn 4.2191524750056475 -4.5860395508109084 -0.0074375685176141
v 0.0436000000000000 0.0014280000000000 0.0082500000000000
vn 5.7775818214261401 2.3884207665820800 0.0242387574483673
v 0.0431480000000000 -0.0007560000000000 0.0066250000000000
vn -0.9944681899181567 5.3367062926735382 -2.1200994273523821
v 0.0396420000000000 0.0030410000000000 0.0060000000000000
vn 0.0000000000000000 0.0000000000000000 6.2831853071795862
v 0.0027860000000000 0.0008925000000000 0.0184000000000000
vn -3.5249954980458478 0.9525655037300367 -2.9278422143077156
v 0.0020000000000000 -0.0004940000000000 0.0169220000000000
vn 0.0160360852213957 5.2643012041797341 -2.3769857151473093
v 0.0068010000000000 0.0030000000000000 0.0129000000000000
vn -3.2677511327616853 -3.8824968068086756 2.3130599212053093
v -0.0034800000000000 -0.0042590000000000 0.0179000000000000
vn -0.0000000000000002 -6.2831853071795862 0.0000000000000018
v 0.0349750000000000 -0.0030000000000000 -0.0126940000000000
vn 0.0292244308132725 4.2852359245367220 -4.4520093066168398
v -0.0040000000000000 -0.0011200000000000 0.0165420000000000
vn -6.2831853071795862 0.0000000000000000 0.0000000000000000
v 0.0020000000000000 0.0002460000000000 0.0174710000000000
vn -0.0000000000000000 -6.2831853071795862 0.0000000000000009
v 0.0309500000000000 -0.0030000000000000 -0.0164130000000000
vn 0.8923741874680451 4.9793579758478801 -2.2365397328142711
v 0.0347930000000000 0.0030000000000000 -0.0179000000000000
vn -0.0000000000000014 -6.2831853071795862 0.0000000000000021
v 0.0369880000000000 -0.0030000000000000 -0.0113750909090909
vn -3.1415926535897931 -0.0000000000000011 3.1415926535897940
v -0.0060000000000000 -0.0012500000000000 0.0184000000000000
vn 0.0000000000000000 -2.2214414690792146 -5.3630341226689744
v 0.0118670000000000 -0.0025000000000000 0.0124000000000000
vn 4.8921677341840617 3.5082302595834332 0.0000000000000000
v -0.0018720000000000 -0.0020140000000000 0.0145000000000000
vn 3.3591756194298750 5.2786961209882506 0.0000000000000002
v -0.0014750000000000 -0.0023210000000000 0.0151500000000000
vn 2.2358766801093668 -5.8314096107559656 -0.0248174228597702
v -0.0010310000000000 0.0025490000000000 0.0167750000000000
vn 0.0000000000000000 0.0000000000000000 6.2831853071795880
v -0.0001430000000000 0.0035710000000000 0.0184000000000000
vn 5.7420724595646808 1.7432288013536770 -0.1466463073915871
v -0.0020000000000000 -0.0017210000000000 0.0138500000000000
vn 3.7911259097889758 2.2225252855001218 -3.7918160465913258
v 0.0365000000000000 0.0025000000000000 -0.0169000000000000
vn 3.7924898299181713 2.2215222109242023 -3.7918714528697270
v 0.0357500000000000 0.0025000000000000 -0.0176500000000000
vn -0.0409069189966104 -5.2824828756211337 2.2556599664950809
v -0.0053050000000000 -0.0030000000000000 0.0179000000000000
vn 0.3392644039136017 -2.3637773632717112 5.1711915580637218
v -0.0051650000000000 -0.0025000000000000 0.0184000000000000
vn 1.5691495057999394 5.3648483791432620 -1.5698748722639264
v 0.0361460000000000 0.0030000000000000 -0.0165460000000000
vn -2.4526261673912240 -1.3453771567001644 4.1291709795826463
v 0.0019728181818182 0.0019147575757576 0.0184000000000000
vn 2.2369811400940067 4.9638091115549958 -2.2652868032861311
v 0.0047490000000000 0.0034400000000000 0.0129000000000000
vn -0.0000000000000001 6.2831853071795853 -0.0000000000000001
v 0.0309500000000000 0.0030000000000000 -0.0119500000000000
vn -1.1381075882089784 -2.8627143674074080 3.5671684701638764
v 0.0010060000000000 0.0025590000000000 0.0184000000000000
vn -6.2831853071795862 0.0000000000000036 -0.0000000000000009
v -0.0060000000000000 -0.0021430000000000 0.0175430000000000
vn 0.2809464602234192 1.4319205036927585 -5.8897116750465708
v 0.0060650000000000 0.0023075833333333 0.0124000000000000
vn 0.0000000000000003 6.2831853071795871 -0.0000000000000001
v 0.0269250000000000 0.0030000000000000 -0.0104630000000000
vn -3.1415926535897909 -3.1415926535897905 0.0000000000000000
v -0.0060000000000000 -0.0030000000000000 0.0166500000000000
vn -0.0000000000000024 -0.0000000000000029 6.2831853071795862
v -0.0020000000000000 0.0035710000000000 -0.0124000000000000
vn -1.7265732136340604 -2.3392978108997093 -5.2068310640621718
v 0.0226180000000000 -0.0025000000000000 0.0123020000000000
vn -3.1415926535897909 -3.1415926535897891 0.0000000000000000
v -0.0060000000000000 -0.0030000000000000 -0.0154000000000000
vn -6.2831853071795853 0.0000000000000032 0.0000000000000000
v -0.0060000000000000 -0.0021430000000000 -0.0158290000000000
vn -0.9856556857928461 -5.5140371742280188 -1.7967736679095803
v 0.0232500000000000 -0.0030000000000000 0.0125650000000000
vn 0.0000000000000000 0.0000000000000000 -6.2831853071795862
v 0.0027860000000000 0.0023108235294118 -0.0184000000000000
vn -4.0163837100228896 -1.5983419201708629 -2.6056666024355621
v 0.0020000000000000 0.0010399444444444 -0.0139083333333333
vn -2.9930545059376388 -3.0842701542931312 -0.0108962843748014
v 0.0040000000000000 0.0016000000000000 -0.0154000000000000
vn 0.0000000000000000 0.0000000000000000 -6.2831853071795871
v -0.0030710000000000 -0.0028570000000000 -0.0184000000000000
vn 0.0000000000000000 0.0000000000000000 6.2831853071795862
v 0.0040000000000000 -0.0007140000000000 -0.0124000000000000
vn 0.1938105043312651 -0.2303561818068067 2.6796729065011915
v -0.0015265714285714 0.0025374285714286 -0.0119000000000000
vn -3.9081875734935729 -3.4960929684022455 -2.1669336805055481
v -0.0040940000000000 -0.0036730000000000 -0.0179000000000000
vn 3.3568149149952644 5.2797527971109641 0.0199961403643240
v -0.0014760000000000 -0.0023200000000000 -0.0167750000000000
vn 2.3996573097863978 -1.8874465393627056 3.6792374287485212
v 0.0022980000000000 -0.0022980000000000 -0.0124000000000000
vn 1.8886862430016356 -1.6895807999718582 4.9157604400864354
v 0.0025115000000000 -0.0015995000000000 -0.0119000000000000
vn -3.1387353421396575 0.0946989361590538 3.2024388820922600
v 0.0020000000000000 -0.0010330000000000 -0.0119000000000000
vn 0.0310073840610298 -1.7956515569451772 5.1674084950151702
v 0.0000190000000000 -0.0050000000000000 -0.0124000000000000
vn 3.1086386666301467 -0.3160664411807841 -2.9749452993426471
v -0.0020000000000000 -0.0010330000000000 -0.0184000000000000
vn 0.0000000000000003 6.2831853071795862 0.0000000000000000
v 0.0349750000000000 0.0030000000000000 0.0149250000000000
vn 2.3264015751820994 -5.8066639036887056 0.0000000000000000
v -0.0010280000000000 0.0025510000000000 -0.0151500000000000
vn 0.0702961477909818 -6.2754214699187871 0.1882386449233227
v 0.0269250000000000 -0.0030000000000000 0.0164130000000000
vn -6.2831853071795862 0.0000000000000017 -0.0000000000000044
v -0.0060000000000000 0.0004290000000000 -0.0132570000000000
vn -3.1415926535897958 0.0000000000000011 3.1415926535897958
v -0.0060000000000000 -0.0006250000000000 -0.0124000000000000
vn -4.2337896469328253 -1.8184436534036441 -1.7536460190934871
v 0.0240000000000000 -0.0025000000000000 0.0085000000000000
vn 5.5505109038107232 2.5945310739638709 -0.8921071286140526
v -0.0019712380952381 -0.0018392857142857 -0.0178917142857143
vn -3.3327155862784830 -4.8371037457746038 -1.1019902438301505
v 0.0019632000000000 0.0017488800000000 -0.0146392000000000
vn -0.0077820593825154 -6.2562309797124209 -0.0367082506464345
v 0.0000000000000000 0.0027500000000000 -0.0151500000000000
vn 0.0907234862964185 5.7033408914038732 2.3693773239301392
v -0.0040000000000000 -0.0014810000000000 -0.0160050000000000
vn -2.8185251322205755 -0.2946778378638819 -3.0606541963419236
v 0.0040000000000000 0.0001930000000000 -0.0138120000000000
vn -0.0000000000000002 5.3630341226689779 -2.2214414690791817
v 0.0169340000000000 0.0030000000000000 0.0129000000000000
vn 1.8225594593797587 2.5432925252971108 -3.3233776793342535
v -0.0018720000000000 -0.0020140000000000 -0.0184000000000000
vn -2.2400838188310099 -4.9804660244530021 -0.9279896507962876
v 0.0245000000000000 -0.0030000000000000 0.0087070000000000
vn -0.6128296417581043 2.2007434720672006 5.2561836812686256
v -0.0016980000000000 0.0047030000000000 -0.0124000000000000
vn 4.9974055635606156 0.6049051460511182 1.7387122040368033
v 0.0497840000000000 0.0014550000000000 0.0110000000000000
vn 5.3631649440014506 -2.2390491591171569 0.0399579147238470
v 0.0380000000000000 -0.0025000000000000 0.0144500000000000
vn 2.2207443481683820 -5.3636749220310165 0.0067984623806031
v 0.0375000000000000 -0.0030000000000000 0.0143460000000000
vn 1.3167018438926208 -1.8015509142592165 5.3529128581767695
v 0.0032380000000000 -0.0038100000000000 0.0184000000000000
vn 1.1113745078072368 -2.1932599201398846 -5.0884667986976817
v 0.0055210000000000 -0.0026510000000000 0.0124000000000000
vn 0.8807144292018044 -1.9809617788098739 -5.4117629365862863
v 0.0045576666666667 -0.0029885000000000 0.0124000000000000
vn -0.0000000000000002 -6.2831853071795880 0.0000000000000004
v 0.0269250000000000 -0.0030000000000000 -0.0082310000000000
vn -0.0045172424606958 3.0531855262048206 3.6230856902931676
v -0.0000510714285714 -0.0027882142857143 0.0184000000000000
vn 0.0000000000000009 -6.2831853071795871 0.0000000000000010
v 0.0349750000000000 -0.0030000000000000 -0.0164130000000000
vn -0.0000000000000025 0.0000000000000281 -6.2831853071795845
v 0.0100000000000000 0.0021430000000000 0.0124000000000000
vn 0.0807976127296854 -1.1974938173183833 5.9420574977647629
v -0.0040000000000000 0.0003025000000000 0.0138595000000000
vn -3.6654932130028470 -1.9924508052351022 2.2868752129084164
v -0.0060000000000000 0.0011310000000000 0.0142690000000000
vn 1.1770097983473331 2.8721546806462799 3.4322937554970698
v -0.0010060000000000 -0.0025590000000000 0.0184000000000000
vn -5.0420099222053825 2.7317099239496430 -0.1548701010515882
v 0.0019409230769231 -0.0018562307692308 0.0138500000000000
vn 3.5956990347260978 0.9050600260439591 -2.9305138970665014
v -0.0020000000000000 -0.0004940000000000 0.0169220000000000
vn 0.0000000000000001 6.2831853071795871 -0.0000000000000017
v 0.0349750000000000 0.0030000000000000 -0.0119500000000000
vn -0.2474927710125910 5.3375875129235393 -1.9309674472118334
v 0.0303730000000000 0.0030000000000000 -0.0179000000000000
vn -3.0189857915039378 5.3584379031894498 0.0647668663483511
v 0.0013170714285714 -0.0024017857142857 0.0167750000000000
vn 0.0000000000000002 6.2831853071795853 -0.0000000000000002
v 0.0269250000000000 0.0030000000000000 -0.0149250000000000
vn 0.0000000000000006 0.0000000000000105 -6.2831853071795871
v 0.0060000000000000 -0.0014290000000000 0.0124000000000000
vn -1.5698998183165562 -5.3646267118705833 1.5694388594878987
v 0.0258540000000000 -0.0030000000000000 -0.0073540000000000
vn 2.8906031782115522 -4.6004945708510965 2.2779342038882975
v 0.0041290000000000 -0.0037730000000000 0.0179000000000000
vn 3.1633842357212041 -4.3320325527045931 2.2134673778884943
v 0.0035620000000000 -0.0041900000000000 0.0179000000000000
vn 2.1216722042234677 -0.9730370102172958 4.9034160604550401
v -0.0021875468750000 0.0018221406250000 0.0184000000000000
vn 0.0000000000000025 6.2831853071795862 -0.0000000000000001
v 0.0369880000000000 0.0030000000000000 -0.0132520000000000
vn 0.0000000000000000 0.0000000000000000 6.2831853071795862
v -0.0030710000000000 -0.0003570000000000 0.0184000000000000
vn -3.5317352953111589 -2.8474006061098880 1.1784654626701694
v -0.0060000000000000 0.0014780000000000 0.0147880000000000
vn -2.8499319932699412 2.6775610265922163 -1.5093455669965039
v 0.0040000000000000 -0.0014170000000000 0.0161440000000000
vn 0.0000000000000017 -0.0000000000000068 -6.2831853071795871
v 0.0140000000000000 0.0007140000000000 0.0124000000000000
vn -0.0371834067788578 2.2219732070085363 -5.3603429926832336
v 0.0305470000000000 0.0025000000000000 -0.0184000000000000
vn 6.2831853071795862 0.0000000000000000 0.0000000000000000
v -0.0020000000000000 0.0002460000000000 0.0174710000000000
vn 0.1877930375082767 -6.1780843888820884 0.0036710387732058
v -0.0040000000000000 0.0016000000000000 0.0154000000000000
vn 4.6544328647371707 -4.0342804271348909 0.0025598395300645
v -0.0018720000000000 0.0020140000000000 0.0177500000000000
vn 1.7918771085590910 0.1553659401918657 5.1651316780121492
v 0.0491270000000000 0.0017940000000000 0.0115000000000000
vn -1.6200362728069471 4.8977588581634697 1.8315529108550539
v 0.0440040000000000 0.0049000000000000 0.0110000000000000
vn 2.2400838188310064 -4.9804660244530137 0.9279896507962736
v 0.0375000000000000 -0.0030000000000000 0.0151930000000000
vn 4.2337896469328191 -1.8184436534036408 1.7536460190934737
v 0.0380000000000000 -0.0025000000000000 0.0154000000000000
vn 3.7923564044293356 -2.2212737185851181 3.7923564044293441
v 0.0372500000000000 -0.0025000000000000 0.0161500000000000
vn 2.0206999134182935 -0.7893045523593655 5.1388931699448550
v 0.0494850000000000 -0.0003690000000000 0.0115000000000000
vn 5.0365345175098071 -0.0000000000000007 1.5919725014038995
v 0.0500000000000000 0.0000000000000000 0.0110000000000000
vn 3.1633842357212045 4.3320325527045931 -2.2134673778884939
v 0.0035620000000000 0.0041900000000000 -0.0179000000000000
vn -0.4920333445525111 -0.0000000000000003 -6.2444151733188589
v 0.0220000000000000 -0.0008330000000000 0.0124000000000000
vn -5.3630341226689735 -2.2214414690791817 -0.0000000000000046
v 0.0240000000000000 -0.0025000000000000 0.0094500000000000
vn -2.8847142799186773 0.9948295491162767 -2.9105577061220065
v 0.0040000000000000 -0.0005670000000000 -0.0139040000000000
vn -6.1808783695972664 -0.0000000000000087 -0.7952023249225718
v 0.0240000000000000 -0.0008330000000000 0.0104000000000000
vn 0.0000000000000000 0.0000000000000000 -6.2831853071795862
v 0.0020540000000000 0.0023213333333333 -0.0184000000000000
vn -5.0420099222053834 -2.7317099239496425 0.1548701010515882
v 0.0019409230769231 0.0018562307692308 -0.0138500000000000
vn -2.8499319932699407 -2.6775610265922163 1.5093455669965039
v 0.0040000000000000 0.0014170000000000 -0.0161440000000000
vn 4.6544328647371698 4.0342804271348918 -0.0025598395300644
v -0.0018720000000000 -0.0020140000000000 -0.0177500000000000
vn 0.0000000000000001 6.2831853071795880 0.0000000000000001
v 0.0349750000000000 0.0030000000000000 0.0141810000000000
vn 1.3167018438926208 1.8015509142592165 -5.3529128581767695
v 0.0032380000000000 0.0038100000000000 -0.0184000000000000
vn -1.7692584331167442 -1.5198507490392330 -5.2283978205109278
v -0.0038280000000000 -0.0032160000000000 -0.0184000000000000
vn -1.7906072889218023 1.4768485544105232 5.2524199544529599
v -0.0038280000000000 0.0032160000000000 -0.0124000000000000
vn -0.0000000000000020 0.0000000000000016 6.2831853071795862
v 0.0040000000000000 -0.0014290000000000 -0.0124000000000000
vn 2.8878855029428463 -1.1975114174651598 3.3388410243896720
v 0.0030030000000000 -0.0012440000000000 -0.0124000000000000
vn 2.8906031782115522 4.6004945708510965 -2.2779342038882966
v 0.0041290000000000 0.0037730000000000 -0.0179000000000000
vn -1.7987056136254431 2.3181914018170491 2.4107612774602183
v -0.0012440000000000 0.0030030000000000 -0.0119000000000000
vn -2.6125545335678328 1.2675769914501780 3.9019661107838730
v 0.0019500500000000 -0.0018649000000000 -0.0119000000000000
vn -0.5371917400333959 -5.5129056497669620 -1.9768496678652583
v 0.0226470000000000 -0.0030000000000000 0.0128150000000000
vn -3.5292826069428274 2.1791057398045166 -2.1795803918333956
v -0.0060000000000000 -0.0011310000000000 -0.0142690000000000
vn -1.9900039324774645 2.3461530374758359 2.8858670568286380
v -0.0022980000000000 0.0022980000000000 -0.0119000000000000
vn 0.0000000000000000 0.0000000000000000 -6.2831853071795871
v 0.0027860000000000 0.0030355000000000 -0.0184000000000000
vn 0.0000000000000000 0.0000000000000000 -6.2831853071795871
v -0.0030710000000000 -0.0022990000000000 -0.0184000000000000
vn 1.2013004964205385 -6.1390424870681697 -0.0140476615680250
v -0.0005230000000000 0.0027000000000000 -0.0151500000000000
vn -0.8240652093029904 -4.2685882298793878 3.3044383990234385
v -0.0010472727272727 -0.0051659090909091 -0.0126727272727273
vn 0.0407499582152018 -2.2227128976101569 5.3595528296290151
v 0.0275790000000000 -0.0025000000000000 0.0184000000000000
vn 2.1216722042234677 0.9730370102172958 -4.9034160604550401
v -0.0021875468750000 -0.0018221406250000 -0.0184000000000000
vn -3.5317352953111589 2.8474006061098884 -1.1784654626701692
v -0.0060000000000000 -0.0014780000000000 -0.0147880000000000
vn 1.7384627772995378 -2.5986671814961961 3.3373800938147942
v 0.0018060000000000 -0.0027020000000000 -0.0124000000000000
vn 0.1877930375082768 6.1780843888820884 -0.0036710387732059
v -0.0040000000000000 -0.0016000000000000 -0.0154000000000000
vn -0.0000000000000004 -6.2831853071795871 -0.0000000000000002
v 0.0229000000000000 -0.0030000000000000 0.0134380000000000
vn -0.0000000000000010 -0.0000000000000067 -6.2831853071795862
v 0.0180000000000000 0.0007140000000000 0.0124000000000000
vn 0.0000000000000000 2.2214414690792159 -5.3630341226689744
v 0.0169340000000000 0.0025000000000000 0.0124000000000000
vn -3.1415926535897913 -3.1415926535897900 0.0000000000000000
v -0.0060000000000000 -0.0030000000000000 -0.0160250000000000
vn -3.1415926535897931 0.0000000000000001 3.1415926535897913
v -0.0060000000000000 0.0003750000000000 -0.0124000000000000
vn -1.1482538241841862 1.9889268494317807 5.2799490918242658
v -0.0024920000000000 0.0043350000000000 -0.0124000000000000
vn -0.8346896288835673 -5.1087594171455768 1.9482987048020179
v -0.0003710000000000 -0.0054870000000000 -0.0129000000000000
vn -0.0423863425282027 -4.8635152655221425 2.9686305244216893
v 0.0289325714285714 -0.0028571428571429 0.0180428571428571
vn -6.2831853071795871 0.0000000000000000 0.0000000000000000
v 0.0020000000000000 -0.0002460000000000 -0.0174710000000000
vn 4.6487602841300024 4.0442115356661725 0.0111459965303979
v -0.0018720000000000 -0.0020140000000000 -0.0138500000000000
vn -5.3866710369228503 -2.4389278459758241 -0.3029894988330406
v 0.0019521538461538 0.0018728846153846 -0.0178644615384615
vn 0.0000000000000000 0.0000000000000000 -6.2831853071795871
v 0.0013210000000000 0.0028570000000000 -0.0184000000000000
vn -0.4769637315282459 -1.1976651474009725 -5.9450816293090352
v -0.0044269411764706 -0.0023320000000000 -0.0184000000000000
vn 2.4320018966755548 -4.2222555040032184 2.9378279162937084
v 0.0027291666666667 -0.0045330000000000 -0.0126916666666667
vn -0.0232816319876443 -6.2805816777863930 0.0423211426338573
v 0.0309500000000000 -0.0030000000000000 0.0171560000000000
vn 1.7537471942625322 1.8185523528950058 4.2335347230950946
v 0.0350000000000000 0.0025000000000000 0.0184000000000000
vn 5.8860767317230787 1.6751455946503462 0.0382869806116447
v -0.0019784615384615 -0.0018213076923077 -0.0146144615384615
vn -2.7098497281708349 -1.7395279067258576 2.5164857072901574
v 0.0040000000000000 0.0009090000000000 -0.0167170000000000
vn -3.5249954980458478 -0.9525655037300367 2.9278422143077156
v 0.0020000000000000 0.0004940000000000 -0.0169220000000000
vn -6.2831853071795871 0.0000000000000032 0.0000000000000000
v -0.0060000000000000 -0.0021430000000000 -0.0166860000000000
vn -0.0000000000000006 0.0000000000000047 6.2831853071795853
v 0.0020000000000000 -0.0035710000000000 -0.0124000000000000
vn 4.4242763364305331 1.4252492243981651 -2.2527437809867772
v -0.0020000000000000 -0.0009126315789474 -0.0138381578947368
vn -2.9154729575333151 1.0939437150485529 3.4079572301123955
v -0.0030030000000000 0.0012440000000000 -0.0124000000000000
vn -1.1789320097620224 -1.5350363413197941 -5.6147463899182677
v -0.0031462727272727 -0.0037144545454545 -0.0184000000000000
vn -2.7092200528575603 -4.4384232674405624 -2.2009524598254755
v -0.0027840000000000 -0.0047440000000000 -0.0179000000000000
vn 3.0617391934804816 -0.2331309092684258 2.7256557077613195
v -0.0020000000000000 0.0010330000000000 -0.0119000000000000
vn -3.1420326979146798 5.3306650213987776 0.0210287865712367
v 0.0013030769230769 -0.0024094615384615 -0.0135250000000000
vn 6.2469509247334836 0.1864937536817856 0.4013242698626628
v -0.0020000000000000 0.0002460000000000 -0.0128290000000000
vn -2.3566654940937655 -4.4483775982798583 -2.9739796850853062
v -0.0046100000000000 -0.0030000000000000 -0.0179000000000000
vn -0.7015771923001043 1.3601765574769973 5.8245630281400116
v -0.0043300000000000 0.0025000000000000 -0.0124000000000000
vn 1.1975114174651582 -2.8878855029428463 3.3388410243896720
v 0.0012440000000000 -0.0030030000000000 -0.0124000000000000
vn -1.9015544697743285 -4.9180681203773737 -2.0749937902467819
v -0.0020210000000000 -0.0051150000000000 -0.0179000000000000
vn -3.1415926535897931 0.0000000000000026 -3.1415926535897878
v -0.0060000000000000 -0.0018750000000000 -0.0184000000000000
vn 0.0000000000000000 0.0000000000000000 -6.2831853071795871
v 0.0027860000000000 0.0017208181818182 -0.0184000000000000
vn 0.0000000000000010 0.0000000000000228 -6.2831853071795871
v 0.0180000000000000 0.0021430000000000 0.0124000000000000
vn -0.1498554443400039 5.3523716787357660 2.1933198691620324
v -0.0053050000000000 0.0030000000000000 -0.0129000000000000
vn 2.6397449334931764 -1.7030126441398483 3.1653538666761074
v -0.0018720000000000 0.0020140000000000 -0.0119000000000000
vn -3.0971847975383446 -3.1315993714084063 -0.1506155558400404
v -0.0060000000000000 -0.0030000000000000 -0.0172750000000000
vn 0.0321411156325806 -2.9962480690863309 2.5312151451530016
v -0.0006340000000000 -0.0031880000000000 -0.0119000000000000
vn -3.1015042595727751 0.2865963931044041 2.8792910218979220
v -0.0032218181818182 0.0002881818181818 -0.0119000000000000
vn -0.0425002067151259 -1.4385502786867250 5.9282776681175644
v 0.0291183846153846 -0.0022528461538462 0.0184000000000000
vn -3.1409679318944672 -0.0442857528459565 -3.1705699373460825
v 0.0020000000000000 0.0010330000000000 -0.0184000000000000
vn -0.3505906383093975 -2.7651086437531807 -4.5631913109759195
v 0.0000000000000000 -0.0032500000000000 0.0124000000000000
vn 0.3106865219173148 -3.0482817386229759 -2.8752871939062832
v 0.0006340000000000 -0.0031880000000000 0.0119000000000000
vn 5.7896595254508840 -2.0123888065079094 -0.1787269780857069
v -0.0019655384615385 0.0018605641025641 0.0126024615384615
vn 4.6033542724400149 -4.1211765570589387 0.0000000000000000
v -0.0018720000000000 0.0020140000000000 0.0132000000000000
vn -6.2831853071795862 -0.0000000000000036 0.0000000000000009
v -0.0060000000000000 0.0021430000000000 0.0132570000000000
vn -2.7497142124577341 2.6122642052069525 -1.5430784279526781
v -0.0060000000000000 0.0028611111111111 0.0127611111111111
vn 1.2872135126751625 -1.8328582954095114 -5.3419157092702871
v 0.0032380000000000 -0.0038100000000000 0.0124000000000000
vn -2.5986671814962010 1.7384627772995453 -2.9458052133647930
v -0.0027020000000000 0.0018060000000000 0.0119000000000000
vn 0.0000000000000000 0.0000000000000000 6.2831853071795871
v 0.0057140000000000 -0.0016075000000000 0.0184000000000000
vn -0.0000000000000005 -0.0000000000000011 6.2831853071795871
v 0.0302140000000000 -0.0019290000000000 -0.0055000000000000
vn -1.5920517155729830 2.6572043613820218 -3.4841481950140252
v 0.0013170000000000 -0.0024140000000000 0.0119000000000000
vn 0.0000000000000000 6.2831853071795853 0.0000000000000003
v 0.0148510000000000 0.0030000000000000 0.0149250000000000
vn 1.4709229012011762 -5.1876852696024223 2.3232834919642045
v 0.0054100000000000 -0.0031970000000000 0.0179000000000000
vn 2.9446738853051859 -0.0259463609751288 -4.0649072824288224
v -0.0021926000000000 -0.0004160000000000 0.0119000000000000
vn -0.0000000000000008 2.2214414690791844 -5.3630341226689753
v 0.0260950000000000 0.0025000000000000 -0.0184000000000000
vn 0.1402094033195782 5.3556648670135569 -2.1783063677709538
v 0.0259530000000000 0.0030000000000000 -0.0179000000000000
vn 0.0000000000000001 -6.2831853071795862 0.0000000000000014
v 0.0249130000000000 -0.0030000000000000 -0.0126940000000000
vn -3.0730520556213325 -0.5098141530985486 -3.4000114685990641
v -0.0031880000000000 -0.0006340000000000 0.0124000000000000
vn 0.0000000000000019 2.2214414690791973 5.3630341226689753
v 0.0194670000000000 0.0025000000000000 -0.0124000000000000
vn 1.9053029083888491 -4.5158577390624313 -1.8969745754688228
v 0.0021200000000000 -0.0050750000000000 0.0129000000000000
vn -1.7395962021173514 -5.5381398248014868 1.0291461204657877
v 0.0241650000000000 -0.0030000000000000 -0.0116500000000000
vn 0.8436282085759419 -1.8014608654214557 5.5647483800172157
v 0.0045177500000000 -0.0029395000000000 0.0184000000000000
vn 1.1082176179216923 6.1588416153504646 -0.0561278181322682
v -0.0005230000000000 -0.0027000000000000 0.0135250000000000
vn 0.8753189412308999 -2.0652335907366437 5.3121841901157687
v 0.0055210000000000 -0.0026510000000000 0.0184000000000000
vn -3.9211526643808958 3.5297323880112308 -2.1388569494075886
v -0.0040940000000000 0.0036730000000000 0.0129000000000000
vn -0.2021392874716158 3.0340820141980904 3.7200151432018127
v -0.0006340000000000 0.0031880000000000 -0.0124000000000000
vn -1.4663214627190158 5.5331453918910940 -1.4010207111593402
v 0.0237680000000000 0.0030000000000000 0.0121680000000000
vn -3.7923564044293414 -2.2212737185851337 -3.7923564044293334
v 0.0250000000000000 -0.0025000000000000 0.0075000000000000
vn -0.0000000000000020 0.0000000000000034 6.2831853071795871
v -0.0020000000000000 -0.0035710000000000 -0.0124000000000000
vn 3.6281235315435798 -0.9812558080834678 2.9018505663225524
v -0.0020000000000000 0.0004940000000000 -0.0169220000000000
vn -3.0971847975383451 -3.1315993714084063 0.1506155558400404
v -0.0060000000000000 -0.0030000000000000 -0.0135250000000000
vn 0.0000000000000000 0.0000000000000000 -6.2831853071795862
v -0.0030710000000000 0.0001785000000000 -0.0184000000000000
vn 1.5718768092373794 -5.3624032660328194 1.5706073740463644
v 0.0354700000000000 -0.0030000000000000 0.0172230000000000
vn -6.2831853071795862 0.0000000000000000 0.0000000000000000
v 0.0020000000000000 0.0002460000000000 -0.0128290000000000
vn -4.2327557420867974 1.5233925129134192 -2.4101581277520117
v 0.0020000000000000 -0.0009126315789474 -0.0138381578947368
vn -2.3561944901923444 1.1107207345395897 -2.6815170613344850
v -0.0060000000000000 0.0025000000000000 -0.0184000000000000
vn 0.0000000000000000 0.0000000000000000 6.2831853071795871
v 0.0040000000000000 0.0007140000000000 -0.0124000000000000
vn -2.8601491605750726 2.9585225013863319 -0.8322361134121564
v 0.0040000000000000 -0.0015540000000000 -0.0150170000000000
vn -0.0000000000000011 -5.3630341226689797 -2.2214414690791822
v 0.0194670000000000 -0.0030000000000000 0.0129000000000000
vn 2.3957039942513525 1.3731037589317887 4.5644940715097571
v 0.0025432500000000 0.0016339166666667 -0.0119000000000000
vn -3.1384886111252941 -0.0985412660545651 3.2088176485543607
v 0.0020000000000000 0.0010330000000000 -0.0119000000000000
vn -3.7941954506191973 3.5367522304113175 -2.2146804998073675
v -0.0040940000000000 0.0036730000000000 -0.0179000000000000
vn 0.0000000000000000 6.2831853071795862 -0.0000000000000013
v 0.0249130000000000 0.0030000000000000 0.0134380000000000
vn 6.2831853071795871 0.0000000000000000 0.0000000000000000
v -0.0020000000000000 -0.0002460000000000 -0.0174710000000000
vn -1.1849556029254418 -2.9092106951174053 3.1463221363578717
v 0.0006790000000000 0.0026650000000000 -0.0119000000000000
vn -5.0997257894113757 2.7221367887626999 0.0348046953442795
v 0.0019488888888889 -0.0018752777777778 -0.0145826666666667
vn -2.7497142124577270 2.6122642052069502 -1.5430784279526792
v -0.0060000000000000 0.0028611111111111 -0.0180388888888889
vn 2.0220835972676916 -4.8288418033994249 -2.0526098904827372
v 0.0021200000000000 -0.0050750000000000 -0.0179000000000000
vn 2.2784860633402442 -5.8288283048014602 0.3177515128645370
v -0.0010280000000000 0.0025510000000000 -0.0135250000000000
vn 0.0906148390109068 1.9816456862863188 -5.7397440569322473
v -0.0040000000000000 -0.0006050000000000 -0.0139190000000000
vn 0.1276137910732657 -6.2512316852307821 0.2364893557752962
v 0.0000000000000000 0.0027500000000000 -0.0135250000000000
vn -0.6102674120716760 -2.2049653671128397 5.2481065246852463
v -0.0016980000000000 -0.0047030000000000 -0.0124000000000000
vn 1.1975114174651735 2.8878855029428809 2.9443442827899196
v 0.0012440000000000 0.0030030000000000 -0.0119000000000000
vn 5.6152179982030939 -2.4200736167824393 -0.8430229058335370
v -0.0019700000000000 0.0018433333333333 -0.0178917142857143
vn 3.0731491951727654 -0.5070609906243947 2.8797163365934786
v 0.0031880000000000 -0.0006340000000000 -0.0119000000000000
vn -2.3561944901923475 -1.1107207345396011 2.6815170613344823
v -0.0060000000000000 -0.0025000000000000 -0.0124000000000000
vn -1.8609859352920042 5.6301016088080633 -0.4235572805300167
v 0.0244150000000000 0.0030000000000000 0.0110470000000000
vn 1.8308452763332981 -2.5378764314128510 -3.3243011903604507
v -0.0018720000000000 0.0020140000000000 -0.0184000000000000
vn -4.8062265628871685 2.5190360610530771 -2.4122352531534670
v 0.0237600000000000 0.0025000000000000 0.0112970000000000
vn 3.0980673796024751 0.3671175837976666 -2.8992265209861379
v -0.0020000000000000 0.0010330000000000 -0.0184000000000000
vn 1.4576932995808858 -1.8059406256695061 -5.2519270227937804
v 0.0477900000000000 -0.0035310000000000 -0.0115000000000000
vn 0.1070974264339176 6.2803923453841835 0.0692099438921887
v 0.0379940000000000 0.0030000000000000 -0.0114089090909091
vn 4.8066125761206697 -0.5249533802639802 1.8250669887564945
v 0.0497840000000000 -0.0014550000000000 -0.0060000000000000
vn 1.7216269504143531 -1.5712358645602469 5.2444280901800298
v 0.0483290000000000 -0.0030280000000000 -0.0055000000000000
vn 2.0551736790581892 -1.2420127924992577 5.1621403094298142
v 0.0487790000000000 -0.0024440000000000 -0.0055000000000000
vn 1.2643999260979686 -5.0757750163620701 -2.1878689012305412
v 0.0461990000000000 -0.0048540000000000 -0.0110000000000000
vn -0.3140470747182197 -0.3691090089600792 -6.2358127196938860
v 0.0427140000000000 -0.0032140000000000 -0.0115000000000000
vn 1.0862549235982903 2.8565388598923467 -3.5909425174982408
v 0.0442910000000000 -0.0018700000000000 -0.0115000000000000
vn 1.9975740164077083 -4.8485760551994854 -2.1749581602190888
v 0.0469000000000000 -0.0046250000000000 -0.0110000000000000
vn -1.4271727902271651 6.1075308866668863 0.2123928687485231
v 0.0406190000000000 0.0032690000000000 -0.0086040000000000
vn 1.7536460190934806 -1.8184436534036377 4.2337896469328093
v 0.0350000000000000 -0.0025000000000000 0.0184000000000000
vn 0.0000000000000000 0.0000000000000000 -6.2831853071795862
v -0.0030710000000000 0.0009087272727273 -0.0184000000000000
vn -3.7923564044293410 -2.2212737185851230 -3.7923564044293387
v 0.0260000000000000 -0.0025000000000000 0.0065000000000000
vn 3.5711954491186475 -2.0683198038243109 2.3735345761329159
v -0.0020000000000000 0.0010710000000000 -0.0165890000000000
vn -0.1498554443400039 -5.3523716787357660 2.1933198691620328
v -0.0053050000000000 -0.0030000000000000 -0.0129000000000000
vn -3.5271786166717933 -2.8454821795775853 1.1817365727685645
v -0.0060000000000000 0.0014780000000000 -0.0160120000000000
vn -6.2831853071795880 -0.0000000000000018 -0.0000000000000001
v -0.0060000000000000 0.0021430000000000 -0.0166860000000000
vn -5.2360872307773345 -2.5495950220615495 0.1072376202518859
v 0.0019431111111111 0.0018512222222222 -0.0132000000000000
vn 1.1553737788975789 -2.0059913364775630 -5.2593748880207798
v 0.0025250000000000 -0.0043160000000000 -0.0184000000000000
vn -1.4706134162068880 -1.7617339000945189 5.2819652169563778
v -0.0032090000000000 -0.0038340000000000 -0.0124000000000000
vn 0.0000000000000000 0.0000000000000000 -6.2831853071795880
v 0.0013210000000000 -0.0028570000000000 -0.0184000000000000
vn -0.4686271637955359 1.1649757051135303 -5.9596900938538298
v -0.0044330000000000 0.0023215000000000 -0.0184000000000000
vn 0.0530226605329562 1.7757919717964326 5.7316084863799936
v 0.0292334166666667 0.0022917500000000 0.0184000000000000
vn 0.0000000000000000 0.0000000000000000 6.2831853071795853
v 0.0040000000000000 0.0000000000000000 -0.0124000000000000
vn -3.3315035062566061 -4.0870009560852516 2.1426569722790338
v -0.0034800000000000 -0.0042590000000000 -0.0129000000000000
vn 0.0791158112377244 2.9800671683960909 2.4995843703645333
v -0.0006340000000000 0.0031880000000000 -0.0119000000000000
vn 3.0732071464495254 -0.5052081839813510 3.4037727009039198
v 0.0031880000000000 -0.0006340000000000 -0.0124000000000000
vn -0.7050262378641181 -1.3384222066122977 5.8341504312227661
v -0.0043300000000000 -0.0025000000000000 -0.0124000000000000
vn -2.4392869470547986 4.4301665258597005 -2.9298428572391453
v -0.0046100000000000 0.0030000000000000 -0.0179000000000000
vn -6.2831853071795845 -0.0000000000000013 -0.0000000000000007
v -0.0060000000000000 -0.0012860000000000 -0.0132570000000000
vn 1.1975114174651562 2.8878855029428330 3.3388410243896773
v 0.0012440000000000 0.0030030000000000 -0.0124000000000000
vn -0.0000000000000002 -0.0000000000000237 -6.2831853071795880
v 0.0180000000000000 -0.0021430000000000 0.0124000000000000
vn -3.3127584754360271 2.4814445096059199 2.2139847020370782
v 0.0020000000000000 -0.0012940000000000 -0.0163400000000000
vn -3.1399884040553232 -5.3268766640766341 0.0904782107977837
v 0.0012706153846154 0.0024256923076923 -0.0135250000000000
vn -3.0971847975383451 3.1315993714084063 -0.1506155558400404
v -0.0060000000000000 0.0030000000000000 -0.0172750000000000
vn -2.9669265676253058 5.1782814508350405 -0.4417232534596227
v 0.0019631250000000 -0.0017908750000000 -0.0152645833333333
vn -3.6608635561586111 0.9772646345290811 -2.8738794340008402
v -0.0060000000000000 -0.0006120000000000 -0.0139220000000000
vn -6.2780892458901940 -0.1782482271102801 0.0073457994497684
v 0.0020000000000000 0.0009646153846154 -0.0128290000000000
vn 2.5615835391219379 1.3703638173718964 4.3135388469041507
v 0.0027020000000000 0.0018060000000000 -0.0124000000000000
vn -3.1415926535897825 0.0000000000000008 3.1415926535897962
v -0.0060000000000000 -0.0018750000000000 -0.0124000000000000
vn 0.0607437026504866 4.9910634706405119 2.5383016954162132
v 0.0291940000000000 0.0030000000000000 0.0179000000000000
vn 4.6747023127339942 -3.9988731984467734 0.0000000000000010
v -0.0018720000000000 0.0020140000000000 -0.0164500000000000
vn 3.1415926535897940 0.0000000000000000 -3.1415926535897931
v -0.0020000000000000 0.0003440000000000 -0.0184000000000000
vn -3.1415926535897931 0.0000000000000000 3.1415926535897931
v 0.0020000000000000 0.0003440000000000 -0.0119000000000000
vn 5.8820931800591456 -1.6372835547647000 0.0105002809636858
v -0.0019725454545455 0.0018341363636364 -0.0173698181818182
vn 0.0378069340964828 0.3931320583837132 6.2456913614833649
v 0.0000000000000000 0.0042860000000000 -0.0124000000000000
vn 5.7896595254508840 2.0123888065079094 0.1787269780857069
v -0.0019655384615385 -0.0018605641025641 -0.0126024615384615
vn 0.0000000000000000 -2.2214414690792159 -5.3630341226689744
v 0.0169340000000000 -0.0025000000000000 0.0124000000000000
vn 0.0000000000000000 0.0000000000000000 -6.2831853071795871
v -0.0045360000000000 0.0009087272727273 -0.0184000000000000
vn -4.9967116025285367 2.7446609723712485 -0.2344380879369478
v 0.0019564736842105 -0.0018603684210526 -0.0164940526315789
vn -3.1415926535897913 3.1415926535897900 0.0000000000000000
v -0.0060000000000000 0.0030000000000000 -0.0160250000000000
vn -1.7528049482596315 -1.4726479241156398 5.2883267882633600
v -0.0038280000000000 -0.0032160000000000 -0.0124000000000000
vn 0.0000000000000001 -6.2831853071795880 0.0000000000000001
v 0.0349750000000000 -0.0030000000000000 0.0141810000000000
vn 0.0787681756240614 -1.1741936210357589 5.9638760622998896
v -0.0040000000000000 0.0003025000000000 -0.0169405000000000
vn 1.2872135126751623 1.8328582954095114 5.3419157092702862
v 0.0032380000000000 0.0038100000000000 -0.0124000000000000
vn 0.0000000000000000 0.0000000000000000 -6.2831853071795862
v 0.0027860000000000 -0.0030517272727273 -0.0184000000000000
vn 0.0000000000000000 0.0000000000000000 6.2831853071795853
v 0.0291430000000000 0.0007140000000000 0.0184000000000000
vn 3.5691689930593697 -3.0016405252378342 1.4215549344099561
v -0.0020000000000000 0.0015699166666667 -0.0159464166666667
vn -6.2755850784989464 0.2167485666214693 -0.0047145437479559
v 0.0020000000000000 -0.0012290000000000 -0.0174710000000000
vn -5.3630341226689726 2.2214414690791835 0.0000000000000011
v 0.0240000000000000 0.0025000000000000 0.0094500000000000
vn -3.9211526643808958 -3.5297323880112308 2.1388569494075882
v -0.0040940000000000 -0.0036730000000000 -0.0129000000000000
vn -0.3889320736062985 -2.2561549979731232 -5.2884687589685049
v -0.0008520000000000 -0.0049270000000000 -0.0184000000000000
vn 1.7384627772995409 2.5986671814961952 3.3373800938147951
v 0.0018060000000000 0.0027020000000000 -0.0124000000000000
vn -0.0000000000000004 6.2831853071795871 -0.0000000000000002
v 0.0229000000000000 0.0030000000000000 0.0134380000000000
vn 3.3944914682605880 -5.2708496784477887 0.0989525167342987
v 0.0035620000000000 -0.0041900000000000 -0.0154000000000000
vn -2.9869290303564981 0.0494237668000598 -3.1367048560539059
v -0.0020000000000000 -0.0001670000000000 -0.0138090000000000
vn -1.4605605494492695 -2.6795237205459301 2.8661830959310786
v -0.0012440000000000 -0.0030030000000000 -0.0119000000000000
vn -0.5290928199298462 5.4828723559098691 -2.0164910817231285
v 0.0226470000000000 0.0030000000000000 0.0128150000000000
vn 4.8404582825242137 -3.6454834116971608 -0.0583943020875050
v -0.0018720000000000 0.0020140000000000 -0.0151500000000000
vn -1.2062956065340780 1.9672700611567868 -5.2582041538412092
v -0.0024920000000000 0.0043350000000000 -0.0184000000000000
vn -3.1415926535897931 -0.0000000000000001 -3.1415926535897887
v -0.0060000000000000 0.0003409090909091 -0.0184000000000000
vn -1.6843307262976965 1.6121661262161153 -5.2264994443875672
v -0.0038280000000000 0.0032160000000000 -0.0184000000000000
vn 1.2099537373831610 6.1374176540805845 -0.0140383756711882
v -0.0005250000000000 -0.0026990000000000 -0.0151500000000000
vn -2.5986671814962006 -1.7384627772995453 2.9458052133647934
v -0.0027020000000000 -0.0018060000000000 -0.0119000000000000
vn 0.0000000000000000 0.0000000000000000 -6.2831853071795862
v 0.0020540000000000 -0.0022975333333333 -0.0184000000000000
vn 4.6033542724400149 4.1211765570589387 0.0000000000000000
v -0.0018720000000000 -0.0020140000000000 -0.0132000000000000
vn 0.0000000000000000 0.0000000000000000 -6.2831853071795862
v -0.0030710000000000 0.0023213125000000 -0.0184000000000000
vn -3.6622749710836988 -2.0052219715468245 2.2787140628249181
v -0.0060000000000000 0.0011310000000000 -0.0165310000000000
vn -1.7056354914152823 -2.4887020149521337 2.5766495276778159
v -0.0022980000000000 -0.0022980000000000 -0.0119000000000000
vn 1.7384627772995349 -2.5986671814961908 -2.9458052133647912
v 0.0018060000000000 -0.0027020000000000 0.0119000000000000
vn -0.0000000000000005 5.3630341226689771 2.2214414690791813
v 0.0331040000000000 0.0030000000000000 -0.0060000000000000
vn -0.0000000000000022 -6.2831853071795862 0.0000000000000014
v 0.0249130000000000 -0.0030000000000000 -0.0089750000000000
vn -0.0000000000000047 0.0000000000000112 -6.2831853071795862
v 0.0040000000000000 -0.0021430000000000 0.0124000000000000
vn -5.1178229240310991 2.5782776340816662 -0.0525054860990919
v 0.0019530666666667 -0.0018810222222222 0.0125954666666667
vn 0.0000000000000000 0.0000000000000000 -6.2831853071795862
v 0.0174290000000000 -0.0007140000000000 -0.0184000000000000
vn -0.0000000000000006 4.4428829381583688 -4.4428829381583661
v 0.0209000000000000 0.0027500000000000 -0.0181500000000000
vn -2.2214414690791835 -5.3630341226689762 -0.0000000000000033
v 0.0245000000000000 -0.0030000000000000 -0.0095540000000000
vn 0.9840839082111461 -4.1399740130145517 -3.2653419341985521
v 0.0011379166666667 -0.0051655833333333 0.0126916666666667
vn 0.0000000000000056 0.0000000000000134 -6.2831853071795862
v 0.0000000000000000 -0.0035710000000000 0.0124000000000000
vn -1.1975114174651558 2.8878855029428330 -3.3388410243896725
v -0.0012440000000000 0.0030030000000000 0.0124000000000000
vn 0.0000000000000000 0.0000000000000000 6.2831853071795853
v 0.0086430000000000 -0.0021430000000000 0.0184000000000000
vn -0.0000000000000004 -0.0000000000000017 6.2831853071795871
v 0.0366430000000000 -0.0006430000000000 -0.0055000000000000
vn 2.5191925497014140 -1.6538550088262500 -2.5686517583299548
v 0.0030030000000000 -0.0012440000000000 0.0119000000000000
vn -0.0000000000000011 -6.2831853071795862 -0.0000000000000009
v 0.0269250000000000 -0.0030000000000000 -0.0074880000000000
vn 0.0000000000000002 -6.2831853071795871 0.0000000000000000
v 0.0208880000000000 -0.0030000000000000 -0.0134380000000000
vn 3.4684633294752056 -5.2038949684578606 -0.2828274668397714
v -0.0014760000000000 0.0023200000000000 0.0135250000000000
vn -0.0000000000000000 -4.4428829381583679 4.4428829381583625
v 0.0088150000000000 -0.0027500000000000 0.0181500000000000
vn 0.0050598856250051 2.2210900405873564 5.3629967389064896
v 0.0342000000000000 0.0025000000000000 -0.0055000000000000
vn -3.3795536946352027 -2.4831127627450229 4.2308542102823266
v 0.0231760000000000 -0.0025000000000000 -0.0120180000000000
vn -2.6602966018470031 4.5417650062906691 -2.1479811617501516
v -0.0027840000000000 0.0047440000000000 0.0129000000000000
vn -1.8936188853848197 2.3985133285334004 -3.6662639667033310
v -0.0022980000000000 0.0022980000000000 0.0124000000000000
vn -3.1415926535898002 -0.0000000000000054 -3.1415926535897896
v -0.0060000000000000 0.0012500000000000 0.0124000000000000
vn -0.1367643325967688 -5.4239587920510353 2.1517386544232213
v 0.0220000000000000 -0.0030000000000000 -0.0129000000000000
vn -0.4920333445525384 -0.0000000000000089 6.2444151733188544
v 0.0220000000000000 -0.0008330000000000 -0.0124000000000000
vn 1.7384627772995409 -2.5986671814961952 -3.3373800938147951
v 0.0018060000000000 -0.0027020000000000 0.0124000000000000
vn 0.0312317569784515 0.2556673407043429 6.2725270881562656
v 0.0366430000000000 0.0019290000000000 -0.0055000000000000
vn -3.1415926535897976 -0.0000000000000007 -3.1415926535897900
v -0.0060000000000000 0.0003750000000000 0.0124000000000000
vn -6.2831853071795862 -0.0000000000000008 0.0000000000000010
v -0.0060000000000000 -0.0004290000000000 0.0132570000000000
vn -5.3630341226689726 -2.2214414690791835 -0.0000000000000011
v 0.0240000000000000 -0.0025000000000000 -0.0094500000000000
vn -1.7528049482596315 1.4726479241156398 -5.2883267882633609
v -0.0038280000000000 0.0032160000000000 0.0124000000000000
vn -1.7056354914152823 2.4887020149521333 -2.5766495276778159
v -0.0022980000000000 0.0022980000000000 0.0119000000000000
vn 0.0000000000000001 -6.2831853071795853 -0.0000000000000006
v 0.0188750000000000 -0.0030000000000000 -0.0149250000000000
vn -6.1779165081826948 0.0023907363941664 0.8064335399831226
v 0.0240000000000000 -0.0008330000000000 -0.0104000000000000
vn -0.0000000000000018 0.0000000000000139 -6.2831853071795862
v 0.0040000000000000 -0.0014290000000000 0.0124000000000000
vn -2.6125185576206427 1.2648098888303763 -3.9053706695753334
v 0.0019500500000000 -0.0018649000000000 0.0119000000000000
vn 0.0000000000000000 0.0000000000000000 6.2831853071795862
v 0.0115710000000000 0.0007140000000000 0.0184000000000000
vn 0.0000000000000000 0.0000000000000000 6.2831853071795862
v 0.0086430000000000 -0.0014290000000000 0.0184000000000000
vn -0.0000000000000002 2.2214414690791848 5.3630341226689735
v 0.0124410000000000 0.0025000000000000 0.0184000000000000
vn -1.7536460190934742 -1.8184436534036370 4.2337896469328191
v 0.0270000000000000 -0.0025000000000000 -0.0055000000000000
vn 0.0027491233834139 5.3277497774253533 -2.6510461058276582
v 0.0229568181818182 0.0028636363636364 -0.0180363636363636
vn 0.0000000000000000 2.2214414690792155 5.3630341226689744
v 0.0169340000000000 0.0025000000000000 -0.0124000000000000
vn -0.0000000000000013 -5.3630341226689735 2.2214414690791826
v 0.0082740000000000 -0.0030000000000000 0.0179000000000000
vn -0.0000000000000004 -6.2831853071795871 0.0000000000000002
v 0.0229000000000000 -0.0030000000000000 -0.0134380000000000
vn -0.7883183484489260 -4.1928520815690566 -3.4350761514583321
v -0.0010310000000000 -0.0051460000000000 0.0126500000000000
vn -0.0000000000000026 -0.0000000000000076 6.2831853071795862
v 0.0180000000000000 0.0007140000000000 -0.0124000000000000
vn -0.8889344099414458 -5.0858083030518717 -1.9256231255014231
v -0.0003710000000000 -0.0054870000000000 0.0129000000000000
vn -0.0000000000000002 2.2214414690791875 5.3630341226689762
v 0.0318000000000000 0.0025000000000000 -0.0055000000000000
vn -1.1400174806670533 2.0028678832083733 -5.2708924748461685
v -0.0024920000000000 0.0043350000000000 0.0124000000000000
vn 0.0000000000000000 -2.2214414690791870 5.3630341226689726
v 0.0082850000000000 -0.0025000000000000 0.0184000000000000
vn -1.4605605494492695 2.6795237205459301 -2.8661830959310786
v -0.0012440000000000 0.0030030000000000 0.0119000000000000
vn 2.6942642108745689 -1.4594141362865467 -3.6514508906072671
v 0.0030030000000000 -0.0012440000000000 0.0124000000000000
vn 0.0000000000000013 2.2214414690791786 -5.3630341226689815
v 0.0231270000000000 0.0025000000000000 -0.0184000000000000
vn -0.5290928199298464 -5.4828723559098691 2.0164910817231290
v 0.0226470000000000 -0.0030000000000000 -0.0128150000000000
vn -2.5098800439930686 4.7101818792540984 -1.8575962357822318
v 0.0414620000000000 0.0036480000000000 0.0060000000000000
vn -3.3954529741084212 -5.2832665455947767 -0.0040365546254576
v 0.0420000000000000 -0.0040000000000000 0.0085000000000000
vn 2.8067094464553666 0.9787954018351152 3.8583208878401205
v 0.0429105714285714 -0.0005492857142857 0.0115000000000000
vn 2.6917014747937063 4.5163121333735150 2.1632899657186511
v 0.0475600000000000 0.0042950000000000 0.0110000000000000
vn 1.1047387790009535 2.0365064089142688 5.2577402305617849
v 0.0471760000000000 0.0039390000000000 0.0115000000000000
vn 3.2132506393188165 -1.1808648315092978 -3.3758049158659329
v 0.0476390000000000 -0.0007750000000000 0.0055000000000000
vn -5.4268432760924012 -2.9256386947620583 0.0002572783170251
v 0.0467532727272727 0.0009430909090909 0.0082500000000000
vn 2.0331701637454009 2.3556655858273174 -3.4093289135095022
v 0.0436900000000000 -0.0015110000000000 0.0050000000000000
vn -0.1571397908755830 -0.0921189121340544 -6.2711347821445615
v 0.0446790000000000 -0.0038570000000000 0.0055000000000000
vn -0.1255553434114725 -0.4591278995192995 6.2447852928230674
v 0.0413570000000000 -0.0019290000000000 0.0115000000000000
vn 1.2499247864822340 -2.8510808313013216 -3.4426694452607061
v 0.0461420000000000 -0.0025010000000000 0.0055000000000000
vn -2.8231468468296734 -1.3273990625209664 -2.8888471273729794
v 0.0424880000000000 -0.0011190000000000 0.0050000000000000
vn -5.3334487723464123 3.1616448404954633 -0.0425785182925485
v 0.0467440000000000 -0.0009595000000000 0.0066250000000000
vn -1.5382509158542559 4.0360730511601952 -3.4796445311060284
v 0.0408230000000000 0.0031238333333333 0.0057916666666667
vn -0.4685867531282759 -5.2909758801556617 3.0789081564474849
v 0.0399359444444444 -0.0029375000000000 0.0111481666666667
vn -0.1557448765694287 2.1311261261332874 -5.3993059634721661
v 0.0401710000000000 0.0026260000000000 0.0055000000000000
vn -0.9360600863278303 -1.5739794061104706 -5.1305343283626019
v 0.0443210000000000 -0.0044480000000000 0.0055000000000000
vn -0.6160222431164508 -6.2450768347218997 0.2119007512043214
v 0.0394214074074074 -0.0030216666666667 0.0105580000000000
vn -0.9498718613324770 -2.9779998617869703 -2.9067699571112802
v 0.0441500000000000 -0.0026150000000000 0.0050000000000000
vn -3.0660747865204643 -0.4236697035689155 -2.7171007516076253
v 0.0423100000000000 -0.0005720000000000 0.0050000000000000
vn -2.6602966018470058 -4.5417650062906612 2.1479811617501534
v -0.0027840000000000 -0.0047440000000000 0.0179000000000000
vn -3.7923564044293414 2.2212737185851235 3.7923564044293383
v 0.0260000000000000 0.0025000000000000 -0.0065000000000000
vn 3.8768764806891145 3.7134053165519463 1.1490263331130526
v -0.0019860000000000 -0.0016830000000000 0.0146740000000000
vn 0.0607437026504866 -4.9910634706405119 -2.5383016954162132
v 0.0291940000000000 -0.0030000000000000 -0.0179000000000000
vn -0.3182319735167762 2.3279683699228046 -5.2138486546013167
v 0.0068010000000000 0.0025000000000000 0.0124000000000000
vn -1.2935901701393311 -1.4560725026019072 5.6050801271380521
v -0.0031462727272727 -0.0037144545454545 0.0184000000000000
vn -3.1415926535897931 0.0000000000000018 3.1415926535897940
v -0.0060000000000000 -0.0018750000000000 0.0184000000000000
vn 0.0000000000000000 -5.3630341226689779 -2.2214414690791813
v 0.0118670000000000 -0.0030000000000000 0.0129000000000000
vn -0.4686271637955360 -1.1649757051135303 5.9596900938538298
v -0.0044330000000000 -0.0023215000000000 0.0184000000000000
vn -3.1410168937881817 -0.0419951362273545 3.1635496403767900
v 0.0020000000000000 0.0010330000000000 0.0184000000000000
vn -0.0000000000000003 -6.2831853071795862 -0.0000000000000001
v 0.0349750000000000 -0.0030000000000000 -0.0134380000000000
vn 0.0530226605329562 -1.7757919717964330 -5.7316084863799954
v 0.0292334166666667 -0.0022917500000000 -0.0184000000000000
vn -1.9292764255486690 -4.8873498186997750 2.1589683556485522
v -0.0020210000000000 -0.0051150000000000 0.0179000000000000
vn 1.7536460190934808 1.8184436534036379 -4.2337896469328102
v 0.0350000000000000 0.0025000000000000 -0.0184000000000000
vn 4.3131355698759473 1.3159117092916699 2.4659259519066157
v -0.0020000000000000 -0.0010399444444444 0.0139083333333333
vn -2.7215175580389404 -2.2220079173887690 -2.1066016702852597
v 0.0040000000000000 0.0011980000000000 0.0164610000000000
vn -0.0000000000000003 -6.2831853071795862 -0.0000000000000009
v 0.0369880000000000 -0.0030000000000000 -0.0119500000000000
vn -3.6336410901908929 -0.3904720533202493 -3.0381629415227138
v 0.0020000000000000 0.0001670000000000 0.0169910000000000
vn -5.3411382127841192 -2.5578887643868753 0.3011391975566865
v 0.0019511538461538 0.0018761538461538 0.0178644615384615
vn 0.0000000000000003 6.2831853071795871 0.0000000000000000
v 0.0269250000000000 0.0030000000000000 -0.0097190000000000
vn 0.8880456036081601 5.0222265676597244 -2.5761068342445683
v 0.0060990000000000 0.0030500000000000 0.0129000000000000
vn -6.2831853071795862 0.0000000000000000 0.0000000000000000
v 0.0020000000000000 -0.0002460000000000 0.0174710000000000
vn -2.4392869470547991 -4.4301665258597014 2.9298428572391457
v -0.0046100000000000 -0.0030000000000000 0.0179000000000000
vn -6.2831853071795871 0.0000000000000018 0.0000000000000001
v -0.0060000000000000 -0.0021430000000000 0.0166860000000000
vn 4.8308416570939610 3.6697060912832402 -0.0603014559292135
v -0.0018720000000000 -0.0020140000000000 0.0138500000000000
vn 0.0000000000000000 0.0000000000000000 6.2831853071795862
v 0.0027860000000000 0.0017208181818182 0.0184000000000000
vn 0.0000000000000000 0.0000000000000000 6.2831853071795862
v 0.0013210000000000 0.0028570000000000 0.0184000000000000
vn -0.0000000000000007 -0.0000000000000007 -6.2831853071795862
v 0.0100000000000000 -0.0007140000000000 0.0124000000000000
vn -3.0971847975383446 -3.1315993714084063 0.1506155558400404
v -0.0060000000000000 -0.0030000000000000 0.0172750000000000
vn 1.2511433091273911 1.7885043074338614 5.4004042082099986
v 0.0037540000000000 0.0034210000000000 0.0184000000000000
vn 0.0142751311756606 -2.2219520671045880 -5.3621524862014089
v 0.0265400000000000 -0.0025000000000000 -0.0184000000000000
vn -0.0000000000000002 -5.3630341226689788 -2.2214414690791813
v 0.0263950000000000 -0.0030000000000000 -0.0179000000000000
vn -0.0000000000000000 -6.2831853071795862 0.0000000000000000
v 0.0309500000000000 -0.0030000000000000 -0.0149250000000000
vn 0.0000000000000006 6.2831853071795871 -0.0000000000000014
v 0.0369880000000000 0.0030000000000000 -0.0139578000000000
vn 0.0000000000000002 -2.2214414690792146 -5.3630341226689753
v 0.0144000000000000 -0.0025000000000000 0.0124000000000000
vn -3.5271786166717933 2.8454821795775853 -1.1817365727685643
v -0.0060000000000000 -0.0014780000000000 0.0160120000000000
vn -0.0000000000000043 2.2214414690792053 -5.3630341226689744
v 0.0093340000000000 0.0025000000000000 0.0124000000000000
vn 0.0000000000000003 -6.2831853071795862 0.0000000000000016
v 0.0349750000000000 -0.0030000000000000 -0.0104630000000000
vn -0.0752781919308324 6.2448508221958630 -0.4782767432028397
v 0.0329630000000000 0.0030000000000000 -0.0171560000000000
vn 4.6747023127339942 3.9988731984467734 -0.0000000000000010
v -0.0018720000000000 -0.0020140000000000 0.0164500000000000
vn 5.8820931800591447 1.6372835547646998 -0.0105002809636858
v -0.0019725454545455 -0.0018341363636364 0.0173698181818182
vn -0.0000000000000001 6.2831853071795871 -0.0000000000000015
v 0.0269250000000000 0.0030000000000000 -0.0126940000000000
vn 0.0000000000000004 6.2831853071795862 -0.0000000000000013
v 0.0349750000000000 0.0030000000000000 -0.0156690000000000
vn 1.1553737788975789 2.0059913364775630 5.2593748880207807
v 0.0025250000000000 0.0043160000000000 0.0184000000000000
vn -3.3127584754360271 -2.4814445096059194 -2.2139847020370782
v 0.0020000000000000 0.0012940000000000 0.0163400000000000
vn 0.9921983293243396 4.1237480494145222 -3.2713006806249005
v 0.0011379166666667 0.0051655833333333 0.0126916666666667
vn -2.4931282887062567 -5.0531144915874577 0.0000000000000000
v -0.0046100000000000 -0.0030000000000000 0.0154000000000000
vn -3.1947552907482342 -5.2757770859198727 -0.0813649364278631
v 0.0012887500000000 0.0024168333333333 0.0151500000000000
vn -6.2831853071795862 0.0000000000000025 -0.0000000000000006
v -0.0060000000000000 -0.0021430000000000 0.0141140000000000
vn 3.0330525062662592 -0.0910378210417099 3.1376697301672607
v 0.0020000000000000 0.0001670000000000 0.0138090000000000
vn -2.9669265676253058 -5.1782814508350397 0.4417232534596227
v 0.0019631250000000 0.0017908750000000 0.0152645833333333
vn 3.5088553501992239 2.1101868248957905 -2.3503412710835585
v -0.0020000000000000 -0.0010710000000000 0.0165890000000000
vn 0.0000000000000000 0.0000000000000000 6.2831853071795862
v -0.0030710000000000 -0.0009087272727273 0.0184000000000000
vn -3.1415926535897909 -3.1415926535897896 0.0000000000000000
v -0.0060000000000000 -0.0030000000000000 0.0147750000000000
vn -0.0000000000000027 0.0000000000000000 -6.2831853071795853
v 0.0060000000000000 0.0000000000000000 0.0124000000000000
vn 0.0000000000000000 0.0000000000000000 6.2831853071795862
v -0.0016070000000000 -0.0023926000000000 0.0184000000000000
vn 5.8751529301175900 -1.7035630009607301 -0.0022525666479788
v -0.0019695454545455 0.0018406818181818 0.0173698181818182
vn 1.1609368840134582 -1.9796481655107518 5.2820329934953616
v 0.0025250000000000 -0.0043160000000000 0.0184000000000000
vn 3.1415926535897931 0.0000000000000000 3.1415926535897931
v -0.0020000000000000 0.0003440000000000 0.0184000000000000
vn 0.0000000000000000 0.0000000000000000 6.2831853071795871
v -0.0030710000000000 0.0008925000000000 0.0184000000000000
vn -1.5011304164593908 4.9651446228180935 -1.9115427288981601
v -0.0020210000000000 0.0051150000000000 0.0129000000000000
vn -6.2831853071795871 -0.0000000000000032 0.0000000000000000
v -0.0060000000000000 0.0021430000000000 0.0166860000000000
vn 4.6843177798886799 -3.9789405881981299 0.0518538257300459
v -0.0018720000000000 0.0020140000000000 0.0164500000000000
vn 3.5653014157232121 -1.5209329735368495 -2.6714080993166403
v -0.0020000000000000 0.0008000000000000 0.0167860000000000
vn -0.0232816319876443 6.2805816777863930 -0.0423211426338573
v 0.0309500000000000 0.0030000000000000 -0.0171560000000000
vn -2.3566654940937655 4.4483775982798592 2.9739796850853062
v -0.0046100000000000 0.0030000000000000 0.0179000000000000
vn -0.0425002067151259 1.4385502786867252 -5.9282776681175644
v 0.0291183846153846 0.0022528461538462 -0.0184000000000000
vn 0.5724607093386538 -5.0496071684017503 -2.5924226624492879
v 0.0060990000000000 -0.0030500000000000 0.0129000000000000
vn 0.0000000000000001 -6.2831853071795862 -0.0000000000000002
v 0.0269250000000000 -0.0030000000000000 -0.0097190000000000
vn -0.0000000000000003 6.2831853071795862 -0.0000000000000009
v 0.0369880000000000 0.0030000000000000 -0.0119500000000000
vn -0.0423863425282028 4.8635152655221425 -2.9686305244216902
v 0.0289325714285714 0.0028571428571429 -0.0180428571428571
vn -0.4769637315282460 1.1976651474009723 5.9450816293090343
v -0.0044269411764706 0.0023320000000000 0.0184000000000000
vn -0.0000000000000005 5.3630341226689771 -2.2214414690791808
v 0.0118670000000000 0.0030000000000000 0.0129000000000000
vn -3.0441599665440582 2.7396599405395747 1.4117022443937639
v 0.0040000000000000 -0.0014170000000000 0.0146560000000000
vn -3.0172781333818763 1.7340080252524286 2.5520169648001705
v 0.0040000000000000 -0.0009090000000000 0.0140830000000000
vn -3.6580353553446447 0.9855958065115336 2.8735411378416664
v -0.0060000000000000 -0.0006120000000000 0.0139220000000000
vn -0.0000000000000003 6.2831853071795862 -0.0000000000000001
v 0.0349750000000000 0.0030000000000000 -0.0134380000000000
vn -2.5498761970016046 5.5199889948623637 -0.2083898797939423
v 0.0019631250000000 -0.0017993333333333 0.0153478333333333
vn 0.0000000000000000 0.0000000000000000 6.2831853071795862
v 0.0013210000000000 -0.0028570000000000 0.0184000000000000
vn -3.0971847975383446 3.1315993714084063 0.1506155558400404
v -0.0060000000000000 0.0030000000000000 0.0172750000000000
vn -0.0991445598223641 -2.2108228574947302 -5.3631901241526663
v 0.0068010000000000 -0.0025000000000000 0.0124000000000000
vn -3.5311967590743056 -2.8469561940439760 -1.1797168496819812
v -0.0060000000000000 0.0014780000000000 0.0160120000000000
vn 1.7537471942625324 -1.8185523528950058 -4.2335347230950937
v 0.0350000000000000 -0.0025000000000000 -0.0184000000000000
vn -1.4007699532346114 -6.0718813785321641 -0.0007347050092301
v 0.0005230000000000 0.0027000000000000 0.0151500000000000
vn 0.0000000000000004 -5.3630341226689779 -2.2214414690791813
v 0.0144000000000000 -0.0030000000000000 0.0129000000000000
vn -2.8464748328589295 -2.3705090207864998 1.9588674908531987
v 0.0040000000000000 0.0011980000000000 0.0143390000000000
vn 0.0000000000000002 6.2831853071795862 0.0000000000000000
v 0.0369880000000000 0.0030000000000000 -0.0149250000000000
vn -3.2962458296118928 0.2398815053071049 3.1243622432052538
v 0.0020000000000000 -0.0003587272727273 0.0138120000000000
vn 6.2739887198771864 -0.0023899733509843 0.1474954300262747
v -0.0020000000000000 -0.0010058181818182 0.0174710000000000
vn 4.6676341090023818 4.0116517896636710 0.0037492947969313
v -0.0018720000000000 -0.0020140000000000 0.0171000000000000
vn 0.0000000000000000 0.0000000000000000 6.2831853071795862
v -0.0030710000000000 -0.0017262083333333 0.0184000000000000
vn 0.0000000000000000 6.2831853071795862 0.0000000000000000
v 0.0309500000000000 0.0030000000000000 -0.0089750000000000
vn 0.3546943107782987 5.2915998165207192 -1.6741659610953037
v 0.0318460000000000 0.0030000000000000 -0.0179000000000000
vn 0.0000000000000000 0.0000000000000000 6.2831853071795862
v -0.0022594347826087 -0.0022825652173913 0.0184000000000000
vn -0.0000000000000001 5.3630341226689779 -2.2214414690791813
v 0.0093340000000000 0.0030000000000000 0.0129000000000000
vn -3.0414843323301586 -5.0057502506918139 -0.9263873467297477
v 0.0019548235294118 0.0017601764705882 0.0157724117647059
vn 2.2214414690791884 0.0000000000000006 -5.3630341226689708
v 0.0350000000000000 0.0000000000000000 -0.0184000000000000
vn 0.7833962111423179 2.1970966659072362 5.2394004067226074
v 0.0017340000000000 0.0046900000000000 0.0184000000000000
vn 0.0000000000000000 2.2214414690791773 -5.3630341226689833
v 0.0320320000000000 0.0025000000000000 -0.0184000000000000
vn 5.8919551404042982 1.6233221081284066 -0.0330683263028547
v -0.0019790000000000 -0.0018194000000000 0.0165058000000000
vn 0.1246638590056723 4.3514215246104273 4.3730974207105486
v -0.0040000000000000 -0.0011420000000000 0.0142800000000000
vn 0.2947774894989108 5.7071628214211465 2.3829788159535479
v -0.0040000000000000 -0.0014810000000000 0.0147950000000000
vn -3.5341260840925885 3.0811205407751125 -0.0007485543627446
v -0.0060000000000000 -0.0016000000000000 0.0154000000000000
vn 0.9636424155638932 5.0683198553531419 -1.8940004014398970
v 0.0004780000000000 0.0054790000000000 0.0129000000000000
vn 0.0000000000000000 0.0000000000000000 6.2831853071795862
v -0.0016070000000000 -0.0028570000000000 0.0184000000000000
vn 2.7157844520536734 4.5008940889379208 2.0784112449018757
v 0.0028750000000000 0.0046880000000000 0.0179000000000000
vn 0.0000000000000001 6.2831853071795862 -0.0000000000000010
v 0.0329630000000000 0.0030000000000000 -0.0164130000000000
vn -3.1415926535897913 -3.1415926535897900 0.0000000000000000
v -0.0060000000000000 -0.0030000000000000 0.0141500000000000
vn 0.0000000000000004 6.2831853071795862 0.0000000000000002
v 0.0269250000000000 0.0030000000000000 -0.0134380000000000
vn 0.0000000000000000 0.0000000000000000 6.2831853071795862
v 0.0027860000000000 0.0035710000000000 0.0184000000000000
vn 4.6487602841300024 -4.0442115356661725 -0.0111459965303979
v -0.0018720000000000 0.0020140000000000 0.0138500000000000
vn -3.2534465378633954 5.2163597656015535 -0.0117868191997899
v 0.0012706153846154 -0.0024256923076923 0.0151500000000000
vn 1.2022453471085504 -1.7829687911467611 5.4300530892931729
v 0.0037540000000000 -0.0034210000000000 0.0184000000000000
vn -2.7092200528575603 4.4384232674405624 2.2009524598254755
v -0.0027840000000000 0.0047440000000000 0.0179000000000000
vn -1.1789320097620224 1.5350363413197941 5.6147463899182668
v -0.0031462727272727 0.0037144545454545 0.0184000000000000
vn 0.0000000000000004 -6.2831853071795862 -0.0000000000000002
v 0.0349750000000000 -0.0030000000000000 -0.0156690000000000
vn 4.5922935047234024 -1.4628948617365447 2.1406861235110393
v -0.0020000000000000 0.0009126315789474 0.0138381578947368
vn -3.6526453024697996 0.9901843818371777 -2.8729569950551408
v -0.0060000000000000 -0.0006120000000000 0.0168780000000000
vn 1.2671503843153291 -5.1143535642656222 2.0083914032765482
v 0.0013150000000000 -0.0053410000000000 0.0179000000000000
vn -0.0000000000000001 -6.2831853071795862 -0.0000000000000015
v 0.0269250000000000 -0.0030000000000000 -0.0126940000000000
vn -2.4931282887062562 5.0531144915874586 0.0000000000000000
v -0.0046100000000000 0.0030000000000000 0.0154000000000000
vn 0.0000000000000003 6.2831853071795862 0.0000000000000016
v 0.0349750000000000 0.0030000000000000 -0.0104630000000000
vn 0.0000000000000006 -6.2831853071795862 -0.0000000000000014
v 0.0369880000000000 -0.0030000000000000 -0.0139578000000000
vn -5.3866710369228503 2.4389278459758241 0.3029894988330406
v 0.0019521538461538 -0.0018728846153846 0.0178644615384615
vn 0.0000000000000000 0.0000000000000000 6.2831853071795862
v 0.0027860000000000 -0.0017208181818182 0.0184000000000000
vn -3.1415926535897931 -0.0000000000000026 3.1415926535897878
v -0.0060000000000000 0.0018750000000000 0.0184000000000000
vn -0.0000000000000043 -2.2214414690792048 -5.3630341226689762
v 0.0093340000000000 -0.0025000000000000 0.0124000000000000
vn 0.0000000000000000 0.0000000000000000 6.2831853071795862
v -0.0045360000000000 -0.0003570000000000 0.0184000000000000
vn 5.8860767317230787 -1.6751455946503468 -0.0382869806116447
v -0.0019784615384615 0.0018213076923077 0.0146144615384615
vn -0.0000000000000002 6.2831853071795862 0.0000000000000002
v 0.0309500000000000 0.0030000000000000 -0.0149250000000000
vn -3.1415926535897913 3.1415926535897896 0.0000000000000000
v -0.0060000000000000 0.0030000000000000 0.0147750000000000
vn -0.0000000000000007 0.0000000000000007 -6.2831853071795862
v 0.0100000000000000 0.0007140000000000 0.0124000000000000
vn -6.2831853071795871 -0.0000000000000025 -0.0000000000000006
v -0.0060000000000000 0.0021430000000000 0.0141140000000000
vn -3.1409679318944672 0.0442857528459565 3.1705699373460829
v 0.0020000000000000 -0.0010330000000000 0.0184000000000000
vn -2.7098497281708349 1.7395279067258576 -2.5164857072901574
v 0.0040000000000000 -0.0009090000000000 0.0167170000000000
vn 0.0000000000000002 2.2214414690792150 -5.3630341226689753
v 0.0144000000000000 0.0025000000000000 0.0124000000000000
vn 0.0000000000000000 0.0000000000000000 6.2831853071795871
v -0.0016070000000000 0.0024105000000000 0.0184000000000000
vn -0.0756893352630117 -6.2760264411421911 0.1858065311273269
v 0.0188750000000000 -0.0030000000000000 0.0164130000000000
vn -0.0958927286642412 -5.3592935901018430 2.1944998843302752
v 0.0200600000000000 -0.0030000000000000 0.0179000000000000
vn -0.0000000000000003 -6.2831853071795871 0.0000000000000006
v 0.0369880000000000 -0.0030000000000000 0.0124910909090909
vn 0.0000000000000001 -6.2831853071795862 0.0000000000000000
v 0.0309500000000000 -0.0030000000000000 0.0074880000000000
vn 0.0000000000000003 -5.3630341226689753 -2.2214414690791831
v 0.0301550000000000 -0.0030000000000000 0.0060000000000000
vn 0.0000000000000006 -6.2831853071795871 -0.0000000000000001
v 0.0349750000000000 -0.0030000000000000 0.0112060000000000
vn 0.0094484411423496 0.0026680432660214 -6.2831342484231998
v 0.0334290000000000 0.0019290000000000 0.0055000000000000
vn -0.0000000000000000 6.2831853071795871 0.0000000000000000
v 0.0309500000000000 0.0030000000000000 0.0134380000000000
vn 0.1612796259687377 3.9434117457943665 -4.8435117207962248
v 0.0108290000000000 0.0027500000000000 -0.0181500000000000
vn 0.0000000000000003 6.2831853071795862 0.0000000000000000
v 0.0269250000000000 0.0030000000000000 0.0089750000000000
vn 1.6328368747908095 5.1176177085747678 2.3403933110741000
v 0.0054100000000000 0.0031970000000000 -0.0129000000000000
vn 0.0000000000000000 0.0000000000000000 -6.2831853071795880
v 0.0042500000000000 -0.0023215000000000 -0.0184000000000000
vn 0.0000000000000000 0.0000000000000000 -6.2831853071795853
v 0.0057140000000000 -0.0007140000000000 -0.0184000000000000
vn 0.0000000000000000 -2.2214414690791866 5.3630341226689717
v 0.0201580000000000 -0.0025000000000000 0.0184000000000000
vn 1.9053029083888489 4.5158577390624313 1.8969745754688228
v 0.0021200000000000 0.0050750000000000 -0.0129000000000000
vn 0.0000000000000015 -2.2214414690791884 -5.3630341226689771
v 0.0294000000000000 -0.0025000000000000 0.0055000000000000
vn -0.0000000000000005 -0.0000000000000016 -6.2831853071795862
v 0.0334290000000000 -0.0019290000000000 0.0055000000000000
vn 0.0000000000000000 0.0000000000000000 -6.2831853071795862
v 0.0057140000000000 0.0007140000000000 -0.0184000000000000
vn -0.0000000000000001 -6.2831853071795862 -0.0000000000000001
v 0.0309500000000000 -0.0030000000000000 0.0104630000000000
vn -0.0000000000000003 -6.2831853071795862 -0.0000000000000000
v 0.0269250000000000 -0.0030000000000000 0.0119500000000000
vn 0.0000000000000000 0.0000000000000000 -6.2831853071795871
v 0.0071790000000000 0.0021430000000000 -0.0184000000000000
vn -0.3673691352650916 2.3135959699643651 -5.2281001797134827
v -0.0008520000000000 0.0049270000000000 -0.0184000000000000
vn 0.0000000000000000 0.0000000000000000 6.2831853071795862
v 0.0174290000000000 0.0021430000000000 0.0184000000000000
vn -0.9280605028025759 4.9804582493506722 -2.2400239444483763
v 0.0272070000000000 0.0030000000000000 0.0060000000000000
vn 0.0000000000000005 -5.3630341226689771 -2.2214414690791813
v 0.0096000000000000 -0.0030000000000000 -0.0179000000000000
vn -0.0000000000000043 2.2214414690792044 5.3630341226689753
v 0.0093340000000000 0.0025000000000000 -0.0124000000000000
vn -1.5709149353501608 -5.3628663721749152 -1.5709149353501579
v 0.0263050000000000 -0.0030000000000000 0.0069020000000000
vn 0.0000000000000003 -6.2831853071795862 -0.0000000000000016
v 0.0349750000000000 -0.0030000000000000 0.0104630000000000
vn -0.0000000000000027 0.0000000000000000 6.2831853071795853
v 0.0060000000000000 0.0000000000000000 -0.0124000000000000
vn 0.2231947420332634 -6.2752468317367791 0.0000000000000001
v 0.0068010000000000 -0.0030000000000000 -0.0154000000000000
vn 0.9840839082111461 4.1399740130145517 3.2653419341985526
v 0.0011379166666667 0.0051655833333333 -0.0126916666666667
vn 0.0000000000000000 2.2214414690791870 -5.3630341226689735
v 0.0142220000000000 0.0025000000000000 -0.0184000000000000
vn 0.0000000000000001 -2.2214414690791839 -5.3630341226689753
v 0.0096210000000000 -0.0025000000000000 -0.0184000000000000
vn -0.0000000000000003 -2.2214414690791866 5.3630341226689726
v 0.0157060000000000 -0.0025000000000000 0.0184000000000000
vn -0.0413347849835220 5.3616547095825187 -2.2169510986480589
v 0.0141670000000000 0.0030000000000000 -0.0179000000000000
vn -0.0000000000000005 0.0000000000000017 -6.2831853071795862
v 0.0366430000000000 0.0006430000000000 0.0055000000000000
vn -0.0000000000000001 6.2831853071795871 0.0000000000000015
v 0.0269250000000000 0.0030000000000000 0.0126940000000000
vn -0.0000000000000001 6.2831853071795862 -0.0000000000000006
v 0.0108260000000000 0.0030000000000000 -0.0149250000000000
vn 0.2491812141974002 -5.3410157015101074 1.9806711956001146
v 0.0156400000000000 -0.0030000000000000 0.0179000000000000
vn 0.0000000000000002 -2.2214414690792150 5.3630341226689753
v 0.0144000000000000 -0.0025000000000000 -0.0124000000000000
vn -2.2214414690791826 0.0000000000000018 -5.3630341226689753
v 0.0270000000000000 -0.0008330000000000 0.0055000000000000
vn 2.1685906094922180 -4.8329174228970091 -2.4156179087827714
v 0.0047490000000000 -0.0034400000000000 -0.0179000000000000
vn 0.0000000000000009 6.2831853071795862 -0.0000000000000010
v 0.0349750000000000 0.0030000000000000 0.0164130000000000
vn -0.0045172424606957 -3.0531855262048206 -3.6230856902931676
v -0.0000510714285714 0.0027882142857143 -0.0184000000000000
vn -6.2790904262912761 -0.1577088681093558 -0.0142001628432163
v 0.0020000000000000 0.0010058181818182 -0.0174710000000000
vn -1.7337781990705998 -5.5414320972287072 -1.0314255562663728
v 0.0241650000000000 -0.0030000000000000 0.0116500000000000
vn 1.3245007444749917 6.1160735536980368 0.1940811955936389
v -0.0005250000000000 -0.0026990000000000 -0.0135250000000000
vn 0.0000000000000000 0.0000000000000000 6.2831853071795871
v 0.0291430000000000 -0.0007140000000000 0.0184000000000000
vn -3.5292826069428340 2.1795803918333965 2.1791057398045126
v -0.0060000000000000 -0.0011310000000000 -0.0165310000000000
vn -2.5754245885569134 1.0555935398379550 2.8450995189391217
v 0.0040000000000000 -0.0005670000000000 -0.0168960000000000
vn -3.1415926535897931 0.0000000000000000 -3.1415926535897927
v 0.0020000000000000 -0.0003440000000000 -0.0184000000000000
vn 0.0000000000000000 0.0000000000000000 -6.2831853071795871
v -0.0045360000000000 -0.0008762727272727 -0.0184000000000000
vn 1.2754698380468994 -1.8365123452185024 5.3454947341156220
v 0.0032380000000000 -0.0038100000000000 -0.0124000000000000
vn -0.2474927710125910 -5.3375875129235393 1.9309674472118334
v 0.0303730000000000 -0.0030000000000000 0.0179000000000000
vn 3.5404871901064618 3.2841015752467717 1.0586251984211221
v -0.0020000000000000 -0.0016300000000000 -0.0157609166666667
vn -2.5986671814962006 1.7384627772995458 2.9458052133647934
v -0.0027020000000000 0.0018060000000000 -0.0119000000000000
vn 3.3671098433571878 5.2856328412308438 0.1072952219074594
v 0.0035620000000000 0.0041900000000000 -0.0154000000000000
vn 0.0000000000000000 0.0000000000000000 -6.2831853071795871
v 0.0027860000000000 0.0001785000000000 -0.0184000000000000
vn 1.1770097983473331 -2.8721546806462799 -3.4322937554970698
v -0.0010060000000000 0.0025590000000000 -0.0184000000000000
vn -1.5809839473463299 2.6619945402598177 3.4926940438897986
v 0.0013170000000000 -0.0024140000000000 -0.0119000000000000
vn 0.0000000000000001 -6.2831853071795862 -0.0000000000000014
v 0.0249130000000000 -0.0030000000000000 0.0126940000000000
vn 4.8084083245781608 3.7207487391138478 0.0695445061796783
v -0.0018720000000000 -0.0020140000000000 -0.0151500000000000
vn 1.9134556672685568 -4.4845181202726261 1.8610660845947720
v 0.0021200000000000 -0.0050750000000000 -0.0129000000000000
vn -6.2831853071795853 -0.0000000000000036 -0.0000000000000009
v -0.0060000000000000 0.0021430000000000 -0.0132570000000000
vn 3.1176802368114260 0.2486214298979288 3.0512941329470480
v -0.0020000000000000 -0.0003440000000000 -0.0119000000000000
vn -0.0371834067788578 -2.2219732070085358 5.3603429926832327
v 0.0305470000000000 -0.0025000000000000 0.0184000000000000
vn -3.0189857915039369 -5.3584379031894489 -0.0647668663483512
v 0.0013170714285714 0.0024017857142857 -0.0167750000000000
vn -2.7497142124577341 2.6122642052069529 1.5430784279526784
v -0.0060000000000000 0.0028611111111111 -0.0127611111111111
vn -3.9056102847927368 3.5077702061584413 2.1620939035373521
v -0.0040940000000000 0.0036730000000000 -0.0129000000000000
vn -3.0729991427075394 -0.5114303552391907 3.3997393111774743
v -0.0031880000000000 -0.0006340000000000 -0.0124000000000000
vn 0.0000000000000000 -2.6749004431861212 4.7768873401739356
v 0.0000000000000000 -0.0032500000000000 -0.0124000000000000
vn 0.0000000000000002 -6.2831853071795853 0.0000000000000002
v 0.0269250000000000 -0.0030000000000000 0.0149250000000000
vn -1.3306352699342572 -1.9432084615352339 -5.1999974481728897
v -0.0024920000000000 -0.0043350000000000 -0.0184000000000000
vn 0.0000000000000040 2.2214414690791928 -5.3630341226689735
v 0.0194670000000000 0.0025000000000000 0.0124000000000000
vn -1.5698998183165567 5.3646267118705842 -1.5694388594878990
v 0.0258540000000000 0.0030000000000000 0.0073540000000000
vn 5.7894010432416492 -2.0038343193175976 0.1828076750774527
v -0.0019655384615385 0.0018608717948718 -0.0126024615384615
vn -4.8605769654302202 -2.7846802004019464 -0.4048725812378330
v 0.0019497368421053 0.0018753157894737 -0.0164940526315789
vn -0.0321411156325806 -2.9962480690863309 2.5312151451530016
v 0.0006340000000000 -0.0031880000000000 -0.0119000000000000
vn 4.6027842721331780 -4.1228816794087999 0.0000000000000000
v -0.0018720000000000 0.0020140000000000 -0.0132000000000000
vn -2.6730963910575061 -4.5419392829988245 -2.1421161960795949
v -0.0027840000000000 -0.0047440000000000 0.0129000000000000
vn -0.0050379565552508 -2.4845682252733670 5.3519129881451404
v 0.0367666666666667 -0.0025520833333333 -0.0055520833333333
vn 0.0285672873751310 -5.3626327442412816 2.2146825578401925
v 0.0360520000000000 -0.0030000000000000 -0.0060000000000000
vn 0.3050816927319741 1.5195963016597567 5.8368480775588836
v 0.0058613333333333 0.0023738333333333 0.0184000000000000
vn 0.0000000000000006 2.2214414690791808 -5.3630341226689788
v 0.0186740000000000 0.0025000000000000 -0.0184000000000000
vn 0.2319158204150326 3.0413859130238583 -3.6921049540162114
v 0.0006340000000000 0.0031880000000000 0.0124000000000000
vn 0.0000000000000017 -0.0000000000000321 -6.2831853071795862
v 0.0000000000000000 0.0035710000000000 0.0124000000000000
vn 0.0000000000000004 -6.2831853071795862 0.0000000000000014
v 0.0188750000000000 -0.0030000000000000 -0.0134380000000000
vn 0.0332276339806680 -6.2822927209475461 0.0349891767291174
v 0.0108260000000000 -0.0030000000000000 0.0164130000000000
vn -0.1400068631654017 5.3395834879178450 -2.5623910159702912
v 0.0187500909090909 0.0028636363636364 -0.0180363636363636
vn -3.1415926535897931 0.0000000000000000 -3.1415926535897931
v 0.0020000000000000 -0.0003440000000000 0.0119000000000000
vn -1.3773375215875241 -6.0745499118873010 0.0086342215210952
v 0.0005230000000000 0.0027000000000000 0.0135250000000000
vn 0.0000000000000006 6.2831853071795862 -0.0000000000000024
v 0.0249130000000000 0.0030000000000000 -0.0119500000000000
vn -0.0000000000000178 -2.2214414690792150 -5.3630341226689806
v -0.0051650000000000 -0.0025000000000000 0.0124000000000000
vn -1.5127855800148964 -4.9774362610021026 -1.9537785979000470
v -0.0020210000000000 -0.0051150000000000 0.0129000000000000
vn 2.7283999972237440 1.3456721748109335 -2.8123917460400145
v 0.0030030000000000 0.0012440000000000 0.0119000000000000
vn -3.1415926535897984 0.0000000000000087 -3.1415926535897931
v -0.0060000000000000 -0.0012500000000000 0.0124000000000000
vn -0.0881777978920925 -0.0238123045681222 -2.5848854576946700
v 0.0000000000000000 0.0029807692307692 0.0119000000000000
vn -2.2702505522813805 -4.6887595623023524 -2.7354667049484207
v -0.0046100000000000 -0.0030000000000000 0.0129000000000000
vn -0.0000000000000002 -6.2831853071795862 -0.0000000000000002
v 0.0229000000000000 -0.0030000000000000 -0.0149250000000000
vn 0.5686671265175259 5.0997130962386903 2.5536616543874313
v 0.0060990000000000 0.0030500000000000 0.0179000000000000
vn 3.0984843038053027 0.3175870473727468 -3.4033831000230790
v 0.0032161818181818 0.0003458181818182 0.0124000000000000
vn -5.1273588749021339 -2.5812105140610178 -0.0437449339601221
v 0.0019530666666667 0.0018812888888889 0.0125954666666667
vn 0.0000000000000000 -2.2214414690791853 -5.3630341226689726
v 0.0237200000000000 -0.0025000000000000 -0.0184000000000000
vn 0.0000000000000000 0.0000000000000000 -6.2831853071795871
v 0.0174290000000000 0.0007140000000000 -0.0184000000000000
vn 0.8962895540470577 -2.9825342456998576 -2.9311869836769060
v -0.0006790000000000 0.0026650000000000 0.0119000000000000
vn 0.0000000000000001 -5.3630341226689779 -2.2214414690791813
v 0.0235960000000000 -0.0030000000000000 -0.0179000000000000
vn 1.8886862430016356 1.6895807999718584 -4.9157604400864363
v 0.0025115000000000 0.0015995000000000 0.0119000000000000
vn 0.0000000000000001 6.2831853071795862 -0.0000000000000000
v 0.0309500000000000 0.0030000000000000 -0.0074880000000000
vn -1.9535453293958065 5.5376161411250298 0.5299618453829694
v 0.0244150000000000 0.0030000000000000 -0.0110470000000000
vn -4.7938919767924686 2.5350763611137292 2.4163137427367039
v 0.0237709230769231 0.0025000000000000 -0.0112755384615385
vn 0.1612796259687377 -3.9434117457943665 4.8435117207962239
v 0.0108290000000000 -0.0027500000000000 0.0181500000000000
vn 0.0000000000000003 5.3630341226689744 2.2214414690791831
v 0.0301550000000000 0.0030000000000000 -0.0060000000000000
vn 0.0000000000000015 2.2214414690791884 5.3630341226689762
v 0.0294000000000000 0.0025000000000000 -0.0055000000000000
vn -1.1377938723211329 -2.9237147496634392 -3.2548667249023913
v 0.0006790000000000 0.0026650000000000 0.0119000000000000
vn -0.0000000000000024 0.0000000000000029 -6.2831853071795862
v -0.0020000000000000 -0.0035710000000000 0.0124000000000000
vn -0.0958927286642412 5.3592935901018430 -2.1944998843302748
v 0.0200600000000000 0.0030000000000000 -0.0179000000000000
vn 1.1975114174651607 2.8878855029428281 -2.9443442827899142
v 0.0012440000000000 0.0030030000000000 0.0119000000000000
vn 0.0000000000000000 0.0000000000000000 6.2831853071795871
v 0.0086430000000000 0.0007140000000000 0.0184000000000000
vn -0.6128296417581043 -2.2007434720672006 -5.2561836812686256
v -0.0016980000000000 -0.0047030000000000 0.0124000000000000
vn 0.0000000000000000 6.2831853071795862 0.0000000000000013
v 0.0249130000000000 0.0030000000000000 -0.0134380000000000
vn -3.1387353421396575 -0.0946989361590538 -3.2024388820922600
v 0.0020000000000000 0.0010330000000000 0.0119000000000000
vn -0.2319158204150278 3.0413859130238490 -3.6921049540162114
v -0.0006340000000000 0.0031880000000000 0.0124000000000000
vn -0.0756893352630117 6.2760264411421911 -0.1858065311273270
v 0.0188750000000000 0.0030000000000000 -0.0164130000000000
vn -3.0971847975383451 -3.1315993714084063 -0.1506155558400404
v -0.0060000000000000 -0.0030000000000000 0.0135250000000000
vn -2.3561944901923475 -1.1107207345396011 -2.6815170613344819
v -0.0060000000000000 -0.0025000000000000 0.0124000000000000
vn 0.0000000000000000 0.0000000000000000 6.2831853071795871
v 0.0115710000000000 -0.0014290000000000 0.0184000000000000
vn -1.4657163064183172 5.5363490494091163 1.3960664022032956
v 0.0237680000000000 0.0030000000000000 -0.0121680000000000
vn 2.2074928966269307 -5.8555227668108785 -0.2148196438785542
v -0.0010310000000000 0.0025490000000000 0.0135250000000000
vn 0.0000000000000000 0.0000000000000000 -6.2831853071795862
v 0.0040000000000000 0.0007140000000000 0.0124000000000000
vn 0.0000000000000000 0.0000000000000000 6.2831853071795871
v 0.0042500000000000 0.0023215000000000 0.0184000000000000
vn -0.1406003738876536 -6.2492747782873703 -0.2632329802334104
v 0.0000000000000000 0.0027500000000000 0.0135250000000000
vn 3.0733337473175744 -0.5010455360175928 -2.8758849750614384
v 0.0031880000000000 -0.0006340000000000 0.0119000000000000
vn 0.0000000000000000 2.2214414690791866 -5.3630341226689726
v 0.0201580000000000 0.0025000000000000 -0.0184000000000000
vn 0.0000000000000004 -5.3630341226689779 2.2214414690791831
v 0.0194670000000000 -0.0030000000000000 -0.0129000000000000
vn -2.6125545335678333 -1.2675769914501782 -3.9019661107838726
v 0.0019500500000000 0.0018649000000000 0.0119000000000000
vn -0.0000000000000010 0.0000000000000067 6.2831853071795862
v 0.0180000000000000 -0.0007140000000000 -0.0124000000000000
vn -0.0000000000000010 -0.2616920486145198 6.2722669695768927
v 0.0366430000000000 -0.0019290000000000 -0.0055000000000000
vn 0.0000000000000000 -5.3630341226689744 2.2214414690791839
v 0.0097470000000000 -0.0030000000000000 0.0179000000000000
vn -5.3630341226689753 0.0000000000000004 2.2214414690791839
v 0.0240000000000000 0.0000000000000000 -0.0085000000000000
vn 1.3637800976953087 2.2183863166715652 4.8547479568190841
v 0.0055210000000000 0.0026510000000000 0.0184000000000000
vn 0.8277503074427566 1.8194311039221891 5.5571613825245301
v 0.0044913888888889 0.0029436111111111 0.0184000000000000
vn 1.5738695632794975 5.0740733726460459 2.4000052630726452
v 0.0054100000000000 0.0031970000000000 0.0179000000000000
vn 0.0000000000000001 -6.2831853071795871 0.0000000000000005
v 0.0148510000000000 -0.0030000000000000 0.0149250000000000
vn -6.1808783695972664 0.0000000000000087 0.7952023249225718
v 0.0240000000000000 0.0008330000000000 -0.0104000000000000
vn 0.0285191056565336 -2.2224295198090296 5.3608462180518073
v 0.0097690000000000 -0.0025000000000000 0.0184000000000000
vn -0.0321411156325806 2.9962480690863309 -2.5312151451530016
v 0.0006340000000000 0.0031880000000000 0.0119000000000000
vn -6.2831853071795862 0.0000000000000000 0.0000000000000000
v 0.0020000000000000 -0.0002460000000000 0.0128290000000000
vn -1.5809839473463303 -2.6619945402598177 -3.4926940438897986
v 0.0013170000000000 0.0024140000000000 0.0119000000000000
vn -1.1482538241841864 -1.9889268494317807 -5.2799490918242658
v -0.0024920000000000 -0.0043350000000000 0.0124000000000000
vn -2.7497142124577341 -2.6122642052069525 -1.5430784279526781
v -0.0060000000000000 -0.0028611111111111 0.0127611111111111
vn -0.0000000000000020 -0.0000000000000016 -6.2831853071795862
v 0.0040000000000000 0.0014290000000000 0.0124000000000000
vn 2.9130360594305746 1.1043749863522434 -3.4002669886962442
v 0.0030030000000000 0.0012440000000000 0.0124000000000000
vn 0.0000000000000001 6.2831853071795871 0.0000000000000014
v 0.0249130000000000 0.0030000000000000 -0.0126940000000000
vn 2.0220835972676916 4.8288418033994240 2.0526098904827368
v 0.0021200000000000 0.0050750000000000 0.0179000000000000
vn -6.2831853071795853 0.0000000000000036 0.0000000000000009
v -0.0060000000000000 -0.0021430000000000 0.0132570000000000
vn -1.7337781990706000 5.5414320972287072 1.0314255562663726
v 0.0241650000000000 0.0030000000000000 -0.0116500000000000
vn -0.4920333445525111 0.0000000000000003 6.2444151733188589
v 0.0220000000000000 0.0008330000000000 -0.0124000000000000
vn 0.0000000000000000 0.0000000000000000 6.2831853071795871
v 0.0115710000000000 -0.0007140000000000 0.0184000000000000
vn 1.3245007444749917 -6.1160735536980368 -0.1940811955936389
v -0.0005250000000000 0.0026990000000000 0.0135250000000000
vn -0.0000000000000000 2.6749004431861212 -4.7768873401739356
v 0.0000000000000000 0.0032500000000000 0.0124000000000000
vn 0.0000000000000000 0.0000000000000000 6.2831853071795871
v 0.0086430000000000 0.0014290000000000 0.0184000000000000
vn 3.0984843038053027 0.3175870473727468 -2.8798022071565077
v 0.0032161818181818 0.0003458181818182 0.0119000000000000
vn 0.0000000000000040 -2.2214414690791928 5.3630341226689735
v 0.0194670000000000 -0.0025000000000000 -0.0124000000000000
vn -1.2062956065340780 -1.9672700611567868 5.2582041538412101
v -0.0024920000000000 -0.0043350000000000 0.0184000000000000
vn 0.0000000000000002 -6.2831853071795853 -0.0000000000000002
v 0.0269250000000000 -0.0030000000000000 -0.0149250000000000
vn 0.0005344800239572 -3.0541403951040751 3.6199412172205339
v -0.0000510714285714 0.0027882142857143 0.0184000000000000
vn 3.5691689930593697 3.0016405252378338 -1.4215549344099561
v -0.0020000000000000 -0.0015699166666667 0.0159464166666667
vn 0.0000000000000000 6.2831853071795871 0.0000000000000001
v 0.0269250000000000 0.0030000000000000 -0.0082310000000000
vn 4.8404582825242128 3.6454834116971608 0.0583943020875051
v -0.0018720000000000 -0.0020140000000000 0.0151500000000000
vn -6.2755850784989464 -0.2167485666214693 0.0047145437479559
v 0.0020000000000000 0.0012290000000000 0.0174710000000000
vn -1.5709149353501535 5.3628663721749241 1.5709149353501486
v 0.0254020000000000 0.0030000000000000 -0.0078050000000000
vn 0.0000000000000025 -6.2831853071795862 -0.0000000000000001
v 0.0369880000000000 -0.0030000000000000 -0.0132520000000000
vn 0.0000000000000000 0.0000000000000000 -6.2831853071795853
v 0.0291430000000000 -0.0007140000000000 -0.0184000000000000
vn -0.0000000000000001 6.2831853071795862 -0.0000000000000001
v 0.0349750000000000 0.0030000000000000 -0.0164130000000000
vn 3.3944914682605876 5.2708496784477887 -0.0989525167342987
v 0.0035620000000000 0.0041900000000000 0.0154000000000000
vn -3.5337414126495235 2.1809805620401037 -2.1767769638904721
v -0.0060000000000000 -0.0011310000000000 0.0165310000000000
vn 0.0000000000000001 -6.2831853071795862 -0.0000000000000017
v 0.0349750000000000 -0.0030000000000000 -0.0119500000000000
vn -0.0000000000000025 -0.0000000000000281 -6.2831853071795845
v 0.0100000000000000 -0.0021430000000000 0.0124000000000000
vn -2.6575409023047656 0.3127270162395150 -3.0312176515203708
v 0.0040000000000000 -0.0001930000000000 0.0169880000000000
vn -2.9706712035884779 -5.3917050549284840 0.0350621440680587
v 0.0012834285714286 0.0024195714285714 0.0167750000000000
vn -3.1415926535897936 0.0000000000000000 3.1415926535897931
v 0.0020000000000000 -0.0003440000000000 0.0184000000000000
vn 0.0000000000000000 0.0000000000000000 6.2831853071795862
v 0.0027860000000000 0.0001785000000000 0.0184000000000000
vn 0.8754211958844569 1.9843215639670895 -5.4109007256080108
v 0.0045800909090909 0.0029787272727273 0.0124000000000000
vn -4.9967116025285367 -2.7446609723712485 0.2344380879369479
v 0.0019564736842105 0.0018603684210526 0.0164940526315789
vn 0.8180151822191388 2.0621554900067722 -5.3551162024178636
v 0.0055210000000000 0.0026510000000000 0.0124000000000000
vn 0.0000000000000000 0.0000000000000000 6.2831853071795871
v -0.0045360000000000 -0.0009087272727273 0.0184000000000000
vn 1.1764375041881616 -2.8722315759267860 3.4338548798490827
v -0.0010060000000000 0.0025590000000000 0.0184000000000000
vn -5.3630341226689735 2.2214414690791817 0.0000000000000046
v 0.0240000000000000 0.0025000000000000 -0.0094500000000000
vn 0.0000000000000000 0.0000000000000000 6.2831853071795871
v 0.0057140000000000 0.0016432000000000 0.0184000000000000
vn 0.0369174465843794 2.2966473769454834 5.2789133831549249
v 0.0000190000000000 0.0050000000000000 0.0184000000000000
vn -0.0000000000000011 2.2214414690791848 -5.3630341226689753
v 0.0171900000000000 0.0025000000000000 -0.0184000000000000
vn -1.7536460190934724 1.8184436534036406 4.2337896469328200
v 0.0270000000000000 0.0025000000000000 -0.0055000000000000
vn 0.0000000000000002 0.0000000000000047 6.2831853071795862
v 0.0302140000000000 0.0019290000000000 -0.0055000000000000
vn -0.5371917400333959 5.5129056497669620 1.9768496678652583
v 0.0226470000000000 0.0030000000000000 -0.0128150000000000
vn -1.7987056136254431 -2.3181914018170491 -2.4107612774602183
v -0.0012440000000000 -0.0030030000000000 0.0119000000000000
vn -0.1996167611473612 -2.3028617889449290 5.2644215986677256
v 0.0127370000000000 -0.0025000000000000 0.0184000000000000
vn -0.2396816269077206 -5.2332257170770848 2.8663638022690767
v 0.0127752727272727 -0.0028636363636364 0.0180363636363636
vn 0.0596383139450667 5.3468199483012473 -2.5183315092052974
v 0.0169728333333333 0.0028541666666667 -0.0180458333333333
vn -0.0000000000000004 6.2831853071795871 0.0000000000000002
v 0.0229000000000000 0.0030000000000000 -0.0134380000000000
vn 5.7894010432416501 2.0038343193175976 -0.1828076750774527
v -0.0019655384615385 -0.0018608717948718 0.0126024615384615
vn -3.9056102847927372 -3.5077702061584417 -2.1620939035373516
v -0.0040940000000000 -0.0036730000000000 0.0129000000000000
vn 0.0000000000000002 6.2831853071795862 -0.0000000000000007
v 0.0188750000000000 0.0030000000000000 -0.0149250000000000
vn -1.9900039324774645 -2.3461530374758359 -2.8858670568286380
v -0.0022980000000000 -0.0022980000000000 0.0119000000000000
vn 4.6027842721331780 4.1228816794087990 0.0000000000000000
v -0.0018720000000000 -0.0020140000000000 0.0132000000000000
vn -1.2101221585091524 5.1337815375332578 2.0562223073915558
v -0.0012100000000000 0.0053650000000000 0.0179000000000000
vn -1.7906072889218023 -1.4768485544105232 -5.2524199544529599
v -0.0038280000000000 -0.0032160000000000 0.0124000000000000
vn -0.0000000000000007 -2.2214414690791831 5.3630341226689735
v 0.0318000000000000 -0.0025000000000000 -0.0055000000000000
vn 1.7384627772995378 2.5986671814961957 -3.3373800938147946
v 0.0018060000000000 0.0027020000000000 0.0124000000000000
vn 1.2754698380468996 1.8365123452185024 -5.3454947341156229
v 0.0032380000000000 0.0038100000000000 0.0124000000000000
vn 0.0000000000000000 -2.2214414690792159 5.3630341226689744
v 0.0169340000000000 -0.0025000000000000 -0.0124000000000000
vn -2.5986671814962010 -1.7384627772995458 -2.9458052133647934
v -0.0027020000000000 -0.0018060000000000 0.0119000000000000
vn -0.3594365745785141 5.2688897817124429 2.1352303094667584
v -0.0003710000000000 0.0054870000000000 0.0179000000000000
vn -1.1400174806670533 -2.0028678832083737 5.2708924748461676
v -0.0024920000000000 -0.0043350000000000 -0.0124000000000000
vn 6.2831853071795871 0.0000000000000000 0.0000000000000000
v -0.0020000000000000 0.0002460000000000 -0.0174710000000000
vn 3.5608643573204235 0.3070978715849624 3.0601486450623989
v -0.0020000000000000 -0.0001670000000000 -0.0169910000000000
vn -6.1779165081826948 -0.0023907363941664 -0.8064335399831226
v 0.0240000000000000 0.0008330000000000 0.0104000000000000
vn -6.2831853071795853 0.0000000000000036 -0.0000000000000009
v -0.0060000000000000 -0.0021430000000000 -0.0132570000000000
vn -2.9706712035884779 5.3917050549284840 -0.0350621440680586
v 0.0012834285714286 -0.0024195714285714 -0.0167750000000000
vn 0.2345682849146831 -6.2092027502390517 -0.0915054623123356
v -0.0040000000000000 0.0016000000000000 -0.0154000000000000
vn -3.1898904073840746 2.9695666582139664 -1.7145195385960115
v 0.0020000000000000 -0.0012940000000000 -0.0144600000000000
vn 0.1143441418396908 -1.2435535232279116 -5.9604081220067089
v -0.0040000000000000 0.0003155000000000 -0.0138650000000000
vn -3.6621157691261366 -2.0014340329306268 -2.2822781131728820
v -0.0060000000000000 0.0011310000000000 -0.0142690000000000
vn 1.3218011583051956 -1.8087102120949941 -5.3439538395525901
v 0.0032380000000000 -0.0038100000000000 -0.0184000000000000
vn 0.0000000000000019 -2.2214414690791973 -5.3630341226689753
v 0.0194670000000000 -0.0025000000000000 0.0124000000000000
vn 1.1082176179216923 -6.1588416153504637 0.0561278181322682
v -0.0005230000000000 0.0027000000000000 -0.0135250000000000
vn -0.0000000000000001 -6.2831853071795862 0.0000000000000001
v 0.0349750000000000 -0.0030000000000000 0.0164130000000000
vn -2.6125185576206422 -1.2648098888303763 3.9053706695753334
v 0.0019500500000000 0.0018649000000000 -0.0119000000000000
vn -1.5920517155729828 -2.6572043613820222 3.4841481950140256
v 0.0013170000000000 0.0024140000000000 -0.0119000000000000
vn 0.0000000000000000 0.0000000000000000 -6.2831853071795862
v -0.0030710000000000 -0.0003570000000000 -0.0184000000000000
vn 2.9110072730204020 -4.5304096286174165 -2.3297045256178075
v 0.0041290000000000 -0.0037730000000000 -0.0179000000000000
vn 0.0000000000000001 6.2831853071795862 -0.0000000000000014
v 0.0249130000000000 0.0030000000000000 0.0126940000000000
vn 3.1584478828043703 -4.3247638972799409 -2.2221907406088302
v 0.0035620000000000 -0.0041900000000000 -0.0179000000000000
vn -5.2240264569625872 2.5768025446481038 -0.0938026275678708
v 0.0019409230769231 -0.0018562307692308 -0.0138500000000000
vn -2.9755193613899227 2.9862757437353289 0.7662005633713220
v 0.0040000000000000 -0.0015540000000000 -0.0157830000000000
vn -5.3630341226689753 -0.0000000000000003 -2.2214414690791844
v 0.0240000000000000 0.0000000000000000 0.0085000000000000
vn -3.5311967590743070 -2.8469561940439663 -1.1797168496819852
v -0.0060000000000000 0.0014780000000000 -0.0147880000000000
vn 0.0000000000000002 6.2831853071795871 0.0000000000000002
v 0.0269250000000000 0.0030000000000000 0.0149250000000000
vn 2.1478742521270782 -0.9857175126450287 -4.8857777974228842
v -0.0021852380952381 0.0018183809523810 -0.0184000000000000
vn -0.0000000000000026 0.0000000000000076 -6.2831853071795862
v 0.0180000000000000 -0.0007140000000000 0.0124000000000000
vn 2.7194147673622968 1.3662777051736299 3.7128768549138393
v 0.0030030000000000 0.0012440000000000 -0.0124000000000000
vn -0.0000000000000018 -0.0000000000000139 6.2831853071795853
v 0.0040000000000000 0.0014290000000000 -0.0124000000000000
vn 4.6517472944576737 -4.0398650660759774 -0.0076220837289129
v -0.0018720000000000 0.0020140000000000 -0.0177500000000000
vn 0.0005344800239572 3.0541403951040755 -3.6199412172205347
v -0.0000510714285714 -0.0027882142857143 -0.0184000000000000
vn -0.4920333445525384 0.0000000000000089 -6.2444151733188535
v 0.0220000000000000 0.0008330000000000 0.0124000000000000
vn 3.1013301621112470 0.2947757267762610 2.8832255994830396
v 0.0032190000000000 0.0003170000000000 -0.0119000000000000
vn -0.3505906383093975 2.7651086437531807 4.5631913109759195
v 0.0000000000000000 0.0032500000000000 -0.0124000000000000
vn 0.3106865219173148 3.0482817386229759 2.8752871939062832
v 0.0006340000000000 0.0031880000000000 -0.0119000000000000
vn 1.1764375041881614 2.8722315759267856 -3.4338548798490827
v -0.0010060000000000 -0.0025590000000000 -0.0184000000000000
vn -1.7395962021173514 5.5381398248014868 -1.0291461204657877
v 0.0241650000000000 0.0030000000000000 0.0116500000000000
vn -1.5709149353501537 -5.3628663721749232 -1.5709149353501486
v 0.0254020000000000 -0.0030000000000000 0.0078050000000000
vn -2.7497142124577341 -2.6122642052069529 1.5430784279526781
v -0.0060000000000000 -0.0028611111111111 -0.0127611111111111
vn 2.0042759639902363 -4.8788497464595517 2.0771217361069390
v 0.0021200000000000 -0.0050750000000000 0.0179000000000000
vn 0.0907234862964185 -5.7033408914038732 -2.3693773239301397
v -0.0040000000000000 0.0014810000000000 0.0160050000000000
vn -0.0000000000000003 6.2831853071795871 -0.0000000000000006
v 0.0369880000000000 0.0030000000000000 -0.0124910909090909
vn 3.1086386666301467 0.3160664411807841 2.9749452993426471
v -0.0020000000000000 0.0010330000000000 0.0184000000000000
vn 0.0000000000000003 -6.2831853071795862 -0.0000000000000000
v 0.0269250000000000 -0.0030000000000000 -0.0089750000000000
vn -4.0163837100228896 1.5983419201708629 2.6056666024355613
v 0.0020000000000000 -0.0010399444444444 0.0139083333333333
vn 6.2831853071795862 0.0000000000000000 0.0000000000000000
v -0.0020000000000000 -0.0002460000000000 0.0174710000000000
vn 1.6328368747908093 -5.1176177085747678 -2.3403933110741000
v 0.0054100000000000 -0.0031970000000000 0.0129000000000000
vn -3.3327155862784834 4.8371037457746047 1.1019902438301503
v 0.0019632000000000 -0.0017488800000000 0.0146392000000000
vn 3.6227433032539471 -0.2892634539213885 -3.0507942330946642
v -0.0020000000000000 0.0001670000000000 0.0169910000000000
vn -0.0000000000000027 -0.0000000000000000 -6.2831853071795862
v 0.0060000000000000 -0.0007140000000000 0.0124000000000000
vn -2.3561944901923444 1.1107207345395913 2.6815170613344841
v -0.0060000000000000 0.0025000000000000 0.0184000000000000
vn -3.7915957219985943 -2.2226664695733960 3.7911464462877431
v 0.0255000000000000 -0.0025000000000000 -0.0070000000000000
vn 0.0000000000000006 6.2831853071795871 0.0000000000000001
v 0.0349750000000000 0.0030000000000000 -0.0112060000000000
vn 5.5505109038107232 -2.5945310739638709 0.8921071286140526
v -0.0019712380952381 0.0018392857142857 0.0178917142857143
vn 0.0000000000000000 0.0000000000000000 6.2831853071795871
v -0.0030710000000000 0.0001622727272727 0.0184000000000000
vn -3.9081875734935734 3.4960929684022455 2.1669336805055481
v -0.0040940000000000 0.0036730000000000 0.0179000000000000
vn -0.0000000000000000 -6.2831853071795871 -0.0000000000000000
v 0.0309500000000000 -0.0030000000000000 -0.0134380000000000
vn -2.9930545059376392 3.0842701542931312 0.0108962843748015
v 0.0040000000000000 -0.0016000000000000 0.0154000000000000
vn 1.8225594593797587 -2.5432925252971108 3.3233776793342535
v -0.0018720000000000 0.0020140000000000 0.0184000000000000
vn -0.0035868189463120 2.0670392842462113 5.7060197978770724
v -0.0040000000000000 -0.0006310000000000 0.0139300000000000
vn -2.7497142124577270 2.6122642052069502 1.5430784279526792
v -0.0060000000000000 0.0028611111111111 0.0180388888888889
vn -2.5754245885569134 -1.0555935398379550 -2.8450995189391217
v 0.0040000000000000 0.0005670000000000 0.0168960000000000
vn -0.7684128726822732 -2.1896588936129446 5.2530188381172103
v -0.0016980000000000 -0.0047030000000000 0.0184000000000000
vn 0.0000000000000000 0.0000000000000000 6.2831853071795862
v -0.0045360000000000 -0.0015937692307692 0.0184000000000000
vn 3.5163329815902427 4.2791790814569550 -0.2861891736602484
v -0.0019863888888889 -0.0017511666666667 0.0153998888888889
vn -0.0000000000000003 -6.2831853071795871 -0.0000000000000006
v 0.0369880000000000 -0.0030000000000000 -0.0124910909090909
vn -3.6745361595126376 -1.5154494184377707 -2.6486318146303880
v 0.0020000000000000 0.0008000000000000 0.0167860000000000
vn -6.2831853071795853 -0.0000000000000001 0.0000000000000013
v -0.0060000000000000 -0.0012860000000000 0.0175430000000000
vn 0.0000000000000003 6.2831853071795862 -0.0000000000000000
v 0.0269250000000000 0.0030000000000000 -0.0089750000000000
vn -3.1415926535897936 0.0000000000000000 3.1415926535897931
v 0.0020000000000000 0.0003440000000000 0.0184000000000000
vn -3.7923564044293419 2.2212737185851341 3.7923564044293334
v 0.0250000000000000 0.0025000000000000 -0.0075000000000000
vn 1.5718768092373794 5.3624032660328194 -1.5706073740463644
v 0.0354700000000000 0.0030000000000000 -0.0172230000000000
vn 1.9134556672685565 4.4845181202726261 -1.8610660845947720
v 0.0021200000000000 0.0050750000000000 0.0129000000000000
vn -0.0000000000000000 6.2831853071795871 -0.0000000000000000
v 0.0309500000000000 0.0030000000000000 -0.0134380000000000
vn 0.0000000000000000 0.0000000000000000 6.2831853071795862
v 0.0027860000000000 -0.0003570000000000 0.0184000000000000
vn 1.5301924995712131 5.2139570678440545 -2.2785729661088432
v 0.0054100000000000 0.0031970000000000 0.0129000000000000
vn -5.1451058848067470 -2.6419745098862015 0.0119305862363768
v 0.0019539259259259 0.0018674444444444 0.0173198518518519
vn 0.0000000000000006 -6.2831853071795862 0.0000000000000001
v 0.0349750000000000 -0.0030000000000000 -0.0112060000000000
vn -2.3561944901923444 -1.1107207345395897 2.6815170613344850
v -0.0060000000000000 -0.0025000000000000 0.0184000000000000
vn 4.7647854400925365 3.8211078240928704 0.0446536786247686
v -0.0018720000000000 -0.0020140000000000 0.0158000000000000
vn -2.7497142124577270 -2.6122642052069502 1.5430784279526792
v -0.0060000000000000 -0.0028611111111111 0.0180388888888889
vn -2.9982575687375697 0.7459454429392423 -3.4938222552959655
v 0.0469190000000000 -0.0005630000000000 0.0050000000000000
vn 3.1062171976353374 0.3393676622856846 -2.9807665076165102
v 0.0477200000000000 0.0002860000000000 0.0050000000000000
vn 1.3205964742320395 2.8030433783318687 -3.4996826968066390
v 0.0461420000000000 0.0025010000000000 0.0055000000000000
vn 2.0110035354993374 4.8864505819392141 -2.1389813140444960
v 0.0469000000000000 0.0046250000000000 0.0060000000000000
vn 1.4213627307265371 1.7962316538718806 -5.2871630055936514
v 0.0477900000000000 0.0035310000000000 0.0055000000000000
vn -2.7068501029710008 1.4077043977939863 3.6222238802017381
v 0.0467710000000000 -0.0009290000000000 0.0115000000000000
vn 0.0000000000000000 0.0000000000000000 -6.2831853071795862
v 0.0414640000000000 -0.0012860000000000 0.0055000000000000
vn -0.9498718613324756 2.9779998617869703 -2.9067699571112779
v 0.0441500000000000 0.0026150000000000 0.0050000000000000
vn -0.6629843870491944 5.4337158617529431 2.4306725009109873
v 0.0399320000000000 0.0029605000000000 0.0111250000000000
vn -2.1887993850375951 3.4367154992513202 3.8724055892124309
v 0.0421800000000000 0.0037600000000000 0.0113000000000000
vn 6.1514986380174577 0.9811288528647193 0.0211139077650372
v 0.0430370000000000 -0.0003850000000000 0.0066250000000000
vn -1.4378310355050490 -3.9676986456686523 -3.6656165486457470
v 0.0408175454545455 -0.0031016363636364 0.0057727272727273
vn -0.1586511780920579 -2.1373194524684886 -5.3951569921767328
v 0.0401710000000000 -0.0026260000000000 0.0055000000000000
vn 0.0044821768138662 -2.2936096412241693 5.2832000979017533
v 0.0450570000000000 -0.0045000000000000 0.0115000000000000
vn 3.9612539142048133 0.0533548251631549 4.7834463196249457
v 0.0388058823529412 0.0012960000000000 0.0119169411764706
vn 2.2630821946545403 0.0016321030108863 5.8387602070705142
v 0.0393060000000000 0.0019440000000000 0.0116270000000000
vn 0.5381549261301789 -6.1412868502153231 -0.0165844380677467
v 0.0448250000000000 0.0019831818181818 0.0066250000000000
vn 1.2569156443232183 -0.0010883053394419 6.1338529103646664
v 0.0395970000000000 0.0012960000000000 0.0115410000000000
vn 0.6613182825674441 6.1285061199971516 0.0372734229288157
v 0.0447801818181818 -0.0019776363636364 0.0082500000000000
vn 5.4074034587579840 0.0226602413057470 2.9418325049240845
v 0.0382385000000000 0.0012960000000000 0.0125725000000000
vn -1.9191733308222259 -2.4151132020130595 -3.5317884066798007
v 0.0463100000000000 0.0015110000000000 0.0050000000000000
vn -0.6165033267071092 6.2470083343021807 -0.0703367852513511
v 0.0394107272727273 0.0030189090909091 0.0086040000000000
vn 0.7619193244735767 2.1523217411622970 -5.2955733981968649
v 0.0465030000000000 0.0042410000000000 0.0055000000000000
vn 5.2309931161128587 3.4247792412067146 -0.0211600723055018
v 0.0433290000000000 -0.0010990000000000 0.0082500000000000
vn 2.2854989517539415 2.1187986065681521 -2.9431971546270130
v 0.0470500000000000 0.0018105454545455 0.0050000000000000
vn 1.8686844282401314 2.4200040248442307 -3.7917219507494342
v 0.0468010000000000 0.0020780000000000 0.0055000000000000
vn -2.3416253457392786 -4.4886585361617106 1.6993664754052786
v 0.0426210000000000 -0.0043980000000000 0.0110000000000000
vn 5.1503071712318764 -3.5459235750945690 0.0087160056002461
v 0.0433500000000000 0.0011300000000000 0.0066250000000000
vn -0.0000000000000006 -0.0000000000000018 -6.2831853071795871
v 0.0398570000000000 -0.0019290000000000 0.0055000000000000
vn -1.6265474242422038 2.6611906842353830 -2.8885724111014630
v 0.0436250000000000 0.0023820000000000 0.0050000000000000
vn 1.2592332099182697 -0.0000000000000000 6.1246743230278131
v 0.0395970000000000 0.0000000000000000 0.0115410000000000
vn -0.0000000000000085 -0.0000000000000085 -6.2831853071795862
v 0.0478930000000000 0.0032140000000000 0.0055000000000000
vn 5.3821781463549758 -0.0197579488331092 3.0563861336936107
v 0.0382385000000000 0.0000000000000000 0.0125725000000000
vn 4.1366474754003200 0.0205677361852977 4.6157960072251596
v 0.0387324615384615 0.0000000000000000 0.0119653846153846
vn -1.6941265833194830 -1.2642136774373329 -5.1677073821883708
v 0.0412880000000000 -0.0029980000000000 0.0055000000000000
vn -0.0000000000000031 0.0000000000000056 6.2831853071795871
v 0.0467860000000000 -0.0032140000000000 0.0115000000000000
vn -0.3690978953015347 3.0347535069461986 3.5863237417642368
v 0.0452410000000000 -0.0019850000000000 0.0115000000000000
vn 2.8423961992655720 1.2646605138596645 -2.8669928695059985
v 0.0475120000000000 0.0011190000000000 0.0050000000000000
vn -0.3153331394555161 -5.2368700287513779 2.1746384887608157
v 0.0447350000000000 -0.0049930000000000 0.0110000000000000
vn 1.6805936034984275 2.5701987621450053 -2.6160991606325368
v 0.0463750000000000 0.0023820000000000 0.0050000000000000
vn 2.1582220988205831 2.2261700211393114 3.4715092400947616
v 0.0435030000000000 -0.0013260000000000 0.0115000000000000
vn 3.1105329862084927 -0.0004292514147612 -3.4813576389312582
v 0.0477500000000000 0.0000000000000000 0.0055000000000000
vn -6.1510255246386878 -0.7498684351932351 0.0232916423680634
v 0.0469815000000000 0.0001925000000000 0.0066250000000000
vn 0.0000000000000012 -0.0000000000000012 -6.2831853071795862
v 0.0446790000000000 0.0032140000000000 0.0055000000000000
vn -1.1680800860765714 1.7581813179227441 -5.1984368678446291
v 0.0429240000000000 0.0039930000000000 0.0055000000000000
vn 1.2753640301552391 -2.8337658543785151 -3.4508249492232235
v 0.0441690000000000 0.0018190000000000 0.0050000000000000
vn 0.3857181780174228 -0.0031721386911901 6.2610407416614482
v 0.0398990000000000 0.0010800000000000 0.0115050000000000
vn -1.3643151415387484 4.2232161468193734 -3.2621086335494800
v 0.0434349090909091 0.0045081818181818 0.0057727272727273
vn 2.0974355384754095 5.4515436419848484 0.3244565107146137
v 0.0375289230769231 0.0030000000000000 0.0132046153846154
vn -1.7892192992535838 5.8970065574996742 0.0306709424184530
v 0.0455873636363636 -0.0019024545454545 0.0082500000000000
vn -1.2962535208016090 2.8384283332840812 -3.3451538378926498
v 0.0438580000000000 0.0025010000000000 0.0055000000000000
vn 0.9109076049101921 5.4307252009594782 2.5048735884958400
v 0.0393018333333333 0.0029075000000000 0.0112134166666667
vn -0.3756012242940001 -5.3329477912525309 -2.6161251812707769
v 0.0390000000000000 -0.0028571428571429 0.0058571428571429
vn -0.0759360627770372 -0.0729329893664594 6.2806201050934147
v 0.0427140000000000 -0.0019290000000000 0.0115000000000000
vn 2.2186600196647506 2.1546019875570686 5.0979301575169975
v 0.0393125833333333 0.0025029166666667 0.0116244166666667
vn 0.0059293817791049 0.0032526404372541 6.2831765558446433
v 0.0413570000000000 -0.0006430000000000 0.0115000000000000
vn 5.3529970043707547 2.3780273000433114 0.8770164044422586
v 0.0380294545454545 0.0025000000000000 0.0132490909090909
vn -0.2711758297473447 -2.0186033625403978 -5.5324055205122935
v 0.0395890000000000 -0.0025320000000000 0.0055000000000000
vn 0.4025101172377006 -2.2480014155067911 5.2949908863628012
v 0.0457910000000000 -0.0044300000000000 0.0115000000000000
vn -1.8176067109784007 -5.8875435111057302 0.0237845201748396
v 0.0455784545454545 0.0019040000000000 0.0066250000000000
vn 3.0636182154423550 -0.4307182636611243 -3.4523493561902359
v 0.0430405000000000 0.0002815000000000 0.0050000000000000
vn -0.0871111544261102 -0.2015697298006554 6.2687931325988009
v 0.0440710000000000 -0.0032140000000000 0.0115000000000000
vn -0.0871105150536000 0.2015372977481637 6.2687953210388665
v 0.0440710000000000 0.0032140000000000 0.0115000000000000
vn 5.3407194643928309 -2.3960683962209650 0.8711485504341236
v 0.0380315000000000 -0.0025000000000000 0.0132316666666667
vn 1.5639699390477020 -2.6869568873513385 -2.8597628929018444
v 0.0463750000000000 -0.0023820000000000 0.0050000000000000
vn -3.0515917276426965 0.0126001081620363 3.6124447763340513
v 0.0470000000000000 0.0000000000000000 0.0115000000000000
vn 0.0000000000000012 -0.0000000000000015 -6.2831853071795862
v 0.0414640000000000 0.0003507272727273 0.0055000000000000
vn -0.3690643350533092 -3.0347995998003041 3.5858411843763807
v 0.0452410000000000 0.0019850000000000 0.0115000000000000
vn 3.3451319890937854 -0.1072762212001137 5.3043855758114633
v 0.0393200000000000 -0.0025030769230769 0.0116214615384615
vn 0.5047076859091825 -5.5191564032483829 2.3726730420391933
v 0.0393823928571428 -0.0029658214285714 0.0111398214285714
vn 5.2304155087642821 3.4244415210590824 0.0243904170597872
v 0.0433290000000000 -0.0010990000000000 0.0066250000000000
vn 5.1371877060014084 -3.5719998887482012 0.0655047791510785
v 0.0433500000000000 0.0011300000000000 0.0082500000000000
vn 2.6817865254937057 -1.4859201112257638 -2.5260845454804763
v 0.0475120000000000 -0.0011190000000000 0.0050000000000000
vn 2.3813169091393993 -2.0087828534952563 -2.9423633865073811
v 0.0470500000000000 -0.0018105454545455 0.0050000000000000
vn -2.4334569251592946 4.3811305357814723 1.6614030460933247
v 0.0426210000000000 0.0043980000000000 0.0110000000000000
vn 2.1204480134733066 -5.4345037910226255 0.3005626554527860
v 0.0375274166666667 -0.0030000000000000 0.0132200000000000
vn -2.2150766969923050 -5.8480333927227743 0.3744056775301882
v 0.0406190000000000 -0.0032690000000000 0.0099070000000000
vn -1.3712293590584923 -2.7893671715405119 -3.3947145649475559
v 0.0438580000000000 -0.0025010000000000 0.0055000000000000
vn 0.0000000000000012 0.0000000000000019 -6.2831853071795871
v 0.0398570000000000 0.0019290000000000 0.0055000000000000
vn -0.4170101791974040 -6.1882679678354151 0.6019134709837470
v 0.0399696875000000 -0.0030963125000000 0.0105580000000000
vn -0.3171760152997355 5.3441438876680039 -2.5557419040117062
v 0.0390000000000000 0.0028846153846154 0.0058846153846154
vn -0.2398737803481564 2.1453660193249435 -5.4220707388974905
v 0.0395890000000000 0.0025320000000000 0.0055000000000000
vn 0.0000000000000004 -0.0000000000000007 -6.2831853071795871
v 0.0446790000000000 -0.0032140000000000 0.0055000000000000
vn 0.7567416171560490 -2.2030139073240074 -5.2437914804616286
v 0.0465030000000000 -0.0042410000000000 0.0055000000000000
vn -0.2023369249903975 -0.5939534676293845 -2.9236999633818792
v -0.0015426923076923 0.0025469230769231 0.0119000000000000
vn 0.0000000000000000 0.0000000000000000 6.2831853071795862
v 0.0071790000000000 -0.0021430000000000 0.0184000000000000
vn -0.6102674120716759 2.2049653671128397 -5.2481065246852463
v -0.0016980000000000 0.0047030000000000 0.0124000000000000
vn 0.0000000000000000 0.0000000000000000 6.2831853071795880
v 0.0115710000000000 0.0014290000000000 0.0184000000000000
vn 0.0000000000000000 0.0000000000000000 -6.2831853071795871
v 0.0174290000000000 -0.0021430000000000 -0.0184000000000000
vn 0.0000000000000000 0.0000000000000000 6.2831853071795871
v 0.0086430000000000 -0.0007140000000000 0.0184000000000000
vn 0.0613656216943090 -1.8107674557321429 -5.1750048661616574
v 0.0000190000000000 -0.0050000000000000 0.0124000000000000
vn 2.2108042992798671 -2.2108042992798684 -3.3373932690667165
v 0.0022980000000000 -0.0022980000000000 0.0124000000000000
vn 2.3957039942513525 -1.3731037589317889 -4.5644940715097571
v 0.0025432500000000 -0.0016339166666667 0.0119000000000000
vn -3.1384886111252945 0.0985412660545651 -3.2088176485543607
v 0.0020000000000000 -0.0010330000000000 0.0119000000000000
vn -0.0000000000000020 -0.0000000000000034 -6.2831853071795862
v -0.0020000000000000 0.0035710000000000 0.0124000000000000
vn -0.9280605028025760 -4.9804582493506722 2.2400239444483763
v 0.0272070000000000 -0.0030000000000000 -0.0060000000000000
vn -3.1415926535897949 -0.0000000000000024 -3.1415926535897940
v -0.0060000000000000 -0.0006250000000000 0.0124000000000000
vn -2.2399425407578248 -4.9801807538985843 0.9285341438781017
v 0.0245000000000000 -0.0030000000000000 -0.0087070000000000
vn -0.0000000000000002 5.3630341226689779 2.2214414690791817
v 0.0169340000000000 0.0030000000000000 -0.0129000000000000
vn -4.2335347230951088 -1.8185523528950087 1.7537471942625418
v 0.0240000000000000 -0.0025000000000000 -0.0085000000000000
vn -1.0402418893839771 -5.4761475445544683 1.8163148069533308
v 0.0232500000000000 -0.0030000000000000 -0.0125650000000000
vn 0.0000000000000000 0.0000000000000000 -6.2831853071795862
v 0.0040000000000000 -0.0007140000000000 0.0124000000000000
vn -1.6752180765030664 -2.3955832065260854 5.1758957284801506
v 0.0226180000000000 -0.0025000000000000 -0.0123020000000000
vn -0.0000000000000001 -6.2831853071795862 0.0000000000000001
v 0.0309500000000000 -0.0030000000000000 0.0119500000000000
vn 0.0000000000000000 2.2214414690792146 5.3630341226689753
v 0.0118670000000000 0.0025000000000000 -0.0124000000000000
vn -0.0000000000000014 6.2831853071795862 -0.0000000000000021
v 0.0369880000000000 0.0030000000000000 0.0113750909090909
vn 0.8525398897091923 5.0455608490053319 -2.5639688324201910
v 0.0060990000000000 0.0030500000000000 -0.0179000000000000
vn -0.0000000000000002 6.2831853071795871 -0.0000000000000018
v 0.0349750000000000 0.0030000000000000 0.0126940000000000
vn 0.0172807679254025 -2.5199384246741152 -5.3485494420177639
v 0.0367818181818182 -0.0025568181818182 0.0055568181818182
vn 0.0000000000000000 0.0000000000000000 6.2831853071795862
v 0.0174290000000000 0.0007140000000000 0.0184000000000000
vn 0.2809464602234191 -1.4319205036927585 5.8897116750465699
v 0.0060650000000000 -0.0023075833333333 -0.0124000000000000
vn 0.0000000000000003 -6.2831853071795862 0.0000000000000001
v 0.0269250000000000 -0.0030000000000000 0.0104630000000000
vn 0.4435805345359420 1.3611718552829073 -5.9034381085262169
v 0.0058700000000000 0.0023664117647059 -0.0184000000000000
vn 0.0160360852213956 -5.2643012041797341 2.3769857151473088
v 0.0068010000000000 -0.0030000000000000 -0.0129000000000000
vn 0.0354318653458361 -5.3624177004096616 -2.2131706883081268
v 0.0360520000000000 -0.0030000000000000 0.0060000000000000
vn -0.0000000000000002 -5.3630341226689788 -2.2214414690791813
v 0.0123990000000000 -0.0030000000000000 -0.0179000000000000
vn -0.0000000000000002 -6.2831853071795871 0.0000000000000002
v 0.0229000000000000 -0.0030000000000000 0.0149250000000000
vn -0.0000000000000002 -5.3630341226689779 -2.2214414690791808
v 0.0179980000000000 -0.0030000000000000 -0.0179000000000000
vn 0.0791158112377244 -2.9800671683960909 -2.4995843703645333
v -0.0006340000000000 -0.0031880000000000 0.0119000000000000
vn 2.6650888254892511 -1.6633303975306852 -3.1358318948364676
v -0.0018720000000000 0.0020140000000000 0.0119000000000000
vn 2.4496506923063546 -4.1844840151874596 -3.0366780340752006
v 0.0027159090909091 -0.0045189090909091 0.0126727272727273
vn 0.0000000000000000 0.0000000000000000 -6.2831853071795871
v 0.0232860000000000 0.0007140000000000 -0.0184000000000000
vn -0.7050262378641182 1.3384222066122975 -5.8341504312227661
v -0.0043300000000000 0.0025000000000000 0.0124000000000000
vn 0.0000000000000000 0.0000000000000000 6.2831853071795862
v 0.0042500000000000 -0.0016212307692308 0.0184000000000000
vn -2.9132711723996012 1.1033829711425738 -3.4009160200785375
v -0.0030030000000000 0.0012440000000000 0.0124000000000000
vn -0.1498554443400039 5.3523716787357660 -2.1933198691620324
v -0.0053050000000000 0.0030000000000000 0.0129000000000000
vn 0.0000000000000022 0.0000000000000041 -6.2831853071795862
v 0.0020000000000000 -0.0035710000000000 0.0124000000000000
vn 0.0564318555632505 -5.3029550133286136 2.3443806158851337
v 0.0068010000000000 -0.0030000000000000 0.0179000000000000
vn 0.0000000000000000 2.2214414690791870 -5.3630341226689717
v 0.0246110000000000 0.0025000000000000 -0.0184000000000000
vn -3.1399884040553241 5.3268766640766341 -0.0904782107977837
v 0.0012706153846154 -0.0024256923076923 0.0135250000000000
vn -0.0000000000000002 -2.2214414690791848 -5.3630341226689744
v 0.0180800000000000 -0.0025000000000000 -0.0184000000000000
vn -0.0688254223448577 5.3608076237252238 -2.2055196634647585
v 0.0244800000000000 0.0030000000000000 -0.0179000000000000
vn -0.0000000000000002 0.0000000000000237 6.2831853071795880
v 0.0180000000000000 0.0021430000000000 -0.0124000000000000
vn -0.0000000000000015 4.4428829381583688 4.4428829381583643
v 0.0370000000000000 0.0027916666666667 -0.0057916666666667
vn -3.1035241543868795 0.2741405518835941 -2.8838582893295612
v -0.0032218181818182 0.0002881818181818 0.0119000000000000
vn 0.0000000000000003 -0.0000000000000003 6.2831853071795862
v 0.0334290000000000 -0.0006430000000000 -0.0055000000000000
vn 0.0000000000000000 0.0000000000000000 6.2831853071795871
v 0.0115710000000000 0.0021430000000000 0.0184000000000000
vn 1.1975114174651562 -2.8878855029428330 -3.3388410243896773
v 0.0012440000000000 -0.0030030000000000 0.0124000000000000
vn 3.1280729530178650 0.2056415808911102 -3.0091657903247127
v -0.0020000000000000 0.0010330000000000 0.0119000000000000
vn -0.1687173523644953 -2.2865417542988209 5.2856182130840788
v 0.0068010000000000 -0.0025000000000000 0.0184000000000000
vn 0.0000000000000000 0.0000000000000000 6.2831853071795862
v 0.0398570000000000 0.0012860000000000 -0.0055000000000000
vn 0.1417249545719549 0.1399612843059615 -6.2732884814973788
v 0.0481430000000000 -0.0019290000000000 -0.0115000000000000
vn -2.6075385653824972 1.6923364965315859 3.4423098499674500
v 0.0466830000000000 -0.0010810000000000 -0.0050000000000000
vn -3.1105329862085012 -0.0004292514147881 3.4813576389311938
v 0.0422500000000000 0.0000000000000000 -0.0055000000000000
vn 0.6175393210324034 -3.0553987437041137 2.9463865652112342
v 0.0455685000000000 -0.0026750000000000 -0.0050000000000000
vn 5.7486083139261694 2.4593984729696716 0.0086507236494960
v 0.0431620000000000 -0.0007890000000000 -0.0066250000000000
vn 0.0000000000000029 -0.0000000000000044 6.2831853071795853
v 0.0462860000000000 -0.0038570000000000 -0.0055000000000000
vn -2.6029539942811946 -1.7059403740061143 3.4712513033744994
v 0.0426870000000000 -0.0014870000000000 -0.0055000000000000
vn -0.3685127235766100 -3.0873715192845155 3.4103270812466477
v 0.0446090000000000 -0.0027220000000000 -0.0055000000000000
vn -0.0755834321907922 2.1899167327341256 5.3892282737702661
v 0.0390000000000000 0.0025000000000000 -0.0055000000000000
vn -0.0000000000000011 -0.0000000000000005 6.2831853071795862
v 0.0414640000000000 -0.0006430000000000 -0.0055000000000000
vn -1.0241271082197900 5.3679725451784828 2.0442057825838025
v 0.0396420000000000 0.0030410000000000 -0.0060000000000000
vn 0.3761389433930082 -2.2624562648718793 5.2829934160297825
v 0.0457910000000000 -0.0044300000000000 -0.0055000000000000
vn 4.2324477300195902 4.5727012260464877 -0.0011496425893322
v 0.0436000000000000 -0.0014280000000000 -0.0066250000000000
vn -3.0676344665515822 -0.5654186370395468 2.8986948415821274
v 0.0423100000000000 -0.0005720000000000 -0.0050000000000000
vn 3.2398792633515185 -1.0013182615966993 3.3874643930502946
v 0.0476390000000000 -0.0007750000000000 -0.0055000000000000
vn 2.0348628730539944 2.3528193641299255 3.4189719329926684
v 0.0436900000000000 -0.0015110000000000 -0.0050000000000000
vn -2.5725765693147320 4.7230219406097849 1.7924092924826260
v 0.0414620000000000 0.0036480000000000 -0.0060000000000000
vn 1.3205964742320393 -2.8030433783318687 3.4996826968066386
v 0.0461420000000000 -0.0025010000000000 -0.0055000000000000
vn -1.4378310355050488 3.9676986456686523 3.6656165486457466
v 0.0408175454545455 0.0031016363636364 -0.0057727272727273
vn -0.1572415960030232 -0.0922337215741420 6.2711244124414458
v 0.0446790000000000 -0.0038570000000000 -0.0055000000000000
vn -5.4132817535738091 3.0349228316816665 0.0514248703138429
v 0.0467697272727273 -0.0009119090909091 -0.0066250000000000
vn -2.8210953211854717 -1.3306237088413315 2.8876708106853783
v 0.0424880000000000 -0.0011190000000000 -0.0050000000000000
vn -0.1586511780920579 2.1373194524684886 5.3951569921767319
v 0.0401710000000000 0.0026260000000000 -0.0055000000000000
vn -0.8986676559939959 -1.6219505248485060 5.0856824149419841
v 0.0443210000000000 -0.0044490000000000 -0.0055000000000000
vn -0.9498718613324756 -2.9779998617869703 2.9067699571112779
v 0.0441500000000000 -0.0026150000000000 -0.0050000000000000
vn 0.0000000000000000 0.0000000000000000 6.2831853071795862
v 0.0414640000000000 0.0003507272727273 -0.0055000000000000
vn 2.8231468468296752 -1.3273990625209571 2.8888471273729555
v 0.0475120000000000 -0.0011190000000000 -0.0050000000000000
vn 1.6805936034984275 -2.5701987621450053 2.6160991606325363
v 0.0463750000000000 -0.0023820000000000 -0.0050000000000000
vn -1.2962535208016090 -2.8384283332840812 3.3451538378926498
v 0.0438580000000000 -0.0025010000000000 -0.0055000000000000
vn 2.2854989517539419 -2.1187986065681521 2.9431971546270130
v 0.0470500000000000 -0.0018105454545455 -0.0050000000000000
vn 0.0000000000000012 0.0000000000000012 6.2831853071795862
v 0.0446790000000000 -0.0032140000000000 -0.0055000000000000
vn 0.7619193244735767 -2.1523217411622970 5.2955733981968640
v 0.0465030000000000 -0.0042410000000000 -0.0055000000000000
vn -0.3756012242940001 5.3329477912525309 2.6161251812707769
v 0.0390000000000000 0.0028571428571429 -0.0058571428571429
vn -0.2711758297473447 2.0186033625403978 5.5324055205122935
v 0.0395890000000000 0.0025320000000000 -0.0055000000000000
vn 5.1503071712318764 3.5459235750945686 -0.0087160056002461
v 0.0433500000000000 -0.0011300000000000 -0.0066250000000000
vn -0.0000000000000006 0.0000000000000018 6.2831853071795871
v 0.0398570000000000 0.0019290000000000 -0.0055000000000000
vn 1.7918771085590910 -0.1553659401918656 -5.1651316780121492
v 0.0491270000000000 -0.0017940000000000 -0.0115000000000000
vn 4.7070272446540429 -2.3612970218719744 -2.0962442429377472
v 0.0495180000000000 -0.0021430000000000 -0.0110000000000000
vn 0.0000000000000000 6.2831853071795862 0.0000000000000000
v 0.0309500000000000 0.0030000000000000 0.0089750000000000
vn -0.0000000000000006 5.3630341226689771 2.2214414690791813
v 0.0093340000000000 0.0030000000000000 -0.0129000000000000
vn 0.9636424155638930 5.0683198553531410 1.8940004014398970
v 0.0004780000000000 0.0054790000000000 -0.0129000000000000
vn -0.0000000000000006 -6.2831853071795871 0.0000000000000002
v 0.0269250000000000 -0.0030000000000000 0.0074880000000000
vn 0.0000000000000003 5.3630341226689806 -2.2214414690791786
v 0.0331040000000000 0.0030000000000000 0.0060000000000000
vn 0.0526309350839285 2.1300892407144101 -5.3611974590223799
v 0.0342000000000000 0.0025000000000000 0.0055000000000000
vn 0.0000000000000004 6.2831853071795862 -0.0000000000000002
v 0.0269250000000000 0.0030000000000000 0.0134380000000000
vn 0.0000000000000005 4.4428829381583679 -4.4428829381583643
v 0.0148580000000000 0.0027500000000000 -0.0181500000000000
vn 0.0000000000000000 0.0000000000000000 -6.2831853071795845
v 0.0086430000000000 -0.0021430000000000 -0.0184000000000000
vn 0.0000000000000000 0.0000000000000000 6.2831853071795862
v 0.0174290000000000 -0.0007140000000000 0.0184000000000000
vn 0.0000000000000003 5.3630341226689771 2.2214414690791813
v 0.0207970000000000 0.0030000000000000 0.0179000000000000
vn 0.0000000000000005 -5.3630341226689771 2.2214414690791813
v 0.0144000000000000 -0.0030000000000000 -0.0129000000000000
vn 0.0000000000000002 2.2214414690791839 5.3630341226689753
v 0.0209000000000000 0.0025000000000000 0.0184000000000000
vn -0.0000000000000000 -0.0000000000000014 -6.2831853071795862
v 0.0366430000000000 -0.0006430000000000 0.0055000000000000
vn -0.9944681899181571 -5.3367062926735365 2.1200994273523817
v 0.0396420000000000 -0.0030410000000000 -0.0060000000000000
vn 3.0023842453520322 0.7317071110817435 3.4797720562132493
v 0.0430810000000000 -0.0005630000000000 -0.0050000000000000
vn 0.3213095465935730 -3.0670888952055835 3.5359457542516486
v 0.0447150000000000 0.0019800000000000 -0.0050000000000000
vn -0.0473246621536279 -0.0953899706320248 6.2812834007319092
v 0.0382500000000000 -0.0019290000000000 -0.0055000000000000
vn 0.6881072564748525 3.0465614389958922 2.9778339439291601
v 0.0455940909090909 0.0026695454545455 -0.0050000000000000
vn -0.0740762307315391 -2.1902281593682082 5.3892543065356024
v 0.0390000000000000 -0.0025000000000000 -0.0055000000000000
vn -6.0927837931003124 1.1587803376546830 -0.0075925390216542
v 0.0469630000000000 -0.0003850000000000 -0.0066250000000000
vn -3.8408572988778369 -4.8250747047271805 0.0126732530467080
v 0.0462358181818182 0.0015605454545455 -0.0066250000000000
vn -0.4305740174911561 3.0877302034395302 3.3656172550559988
v 0.0446090000000000 0.0027220000000000 -0.0055000000000000
vn -2.3679895165233407 4.4593535969758129 1.6881673653079905
v 0.0426210000000000 0.0043980000000000 -0.0060000000000000
vn -6.1455892272129846 -0.7949576344378697 -0.0207550715596862
v 0.0469813636363636 0.0001831818181818 -0.0066250000000000
vn 1.2753213919035340 -2.8344311665887902 3.4477847766507317
v 0.0441690000000000 0.0018190000000000 -0.0050000000000000
vn 3.4149871110915884 4.0068930219265217 -2.0989991466017419
v 0.0481640000000000 0.0038720000000000 -0.0110000000000000
vn 3.0543095970612617 -0.4531590847932682 3.4855010508741535
v 0.0430405000000000 0.0002815000000000 -0.0050000000000000
vn -1.1680800860765823 1.7581813179227372 5.1984368678446256
v 0.0429240000000000 0.0039930000000000 -0.0055000000000000
vn 3.0671810213962170 -0.1527301869919457 3.7221738823847588
v 0.0477500000000000 0.0000000000000000 -0.0055000000000000
vn 1.5639699390477020 2.6869568873513385 2.8597628929018444
v 0.0463750000000000 0.0023820000000000 -0.0050000000000000
vn -0.2398737803481566 -2.1453660193249431 5.4220707388974905
v 0.0395890000000000 -0.0025320000000000 -0.0055000000000000
vn -0.3171760152997357 -5.3441438876680039 2.5557419040117062
v 0.0390000000000000 -0.0028846153846154 -0.0058846153846154
vn 4.6523235900354321 2.3274365097028431 -2.1529158882216319
v 0.0495180000000000 0.0021430000000000 -0.0110000000000000
vn -1.7842138213454728 -5.8979185869082640 -0.0171696995980922
v 0.0455873636363636 0.0019024545454545 -0.0066250000000000
vn -1.3637191635688888 4.2233439426237904 3.2621476168496972
v 0.0434349090909091 0.0045081818181818 -0.0057727272727273
vn -1.3712293590584923 2.7893671715405124 3.3947145649475559
v 0.0438580000000000 0.0025010000000000 -0.0055000000000000
vn 0.0000000000000004 0.0000000000000007 6.2831853071795862
v 0.0446790000000000 0.0032140000000000 -0.0055000000000000
vn 0.3050816927319741 -1.5195963016597567 -5.8368480775588836
v 0.0058613333333333 -0.0023738333333333 -0.0184000000000000
vn -0.0000000000000002 -6.2831853071795871 -0.0000000000000018
v 0.0349750000000000 -0.0030000000000000 0.0126940000000000
vn 0.0000000000000003 0.0000000000000003 -6.2831853071795862
v 0.0334290000000000 0.0006430000000000 0.0055000000000000
vn 0.1931363492241557 5.3931514044415296 2.2555279885731316
v 0.0068010000000000 0.0030000000000000 -0.0129000000000000
vn -1.9292764255486690 4.8873498186997741 -2.1589683556485522
v -0.0020210000000000 0.0051150000000000 -0.0179000000000000
vn 0.0000000000000000 -2.2214414690792146 5.3630341226689753
v 0.0118670000000000 -0.0025000000000000 -0.0124000000000000
vn -0.0050379565552508 2.4845682252733670 -5.3519129881451404
v 0.0367666666666667 0.0025520833333333 0.0055520833333333
vn 0.5686671265175259 -5.0997130962386894 -2.5536616543874309
v 0.0060990000000000 -0.0030500000000000 -0.0179000000000000
vn 0.0332276339806680 6.2822927209475461 -0.0349891767291174
v 0.0108260000000000 0.0030000000000000 -0.0164130000000000
vn 0.0285672873751310 5.3626327442412833 -2.2146825578401925
v 0.0360520000000000 0.0030000000000000 0.0060000000000000
vn 0.1139827031045059 1.4800496161686008 5.8791686221937907
v 0.0060709090909091 0.0023225454545455 -0.0124000000000000
vn -0.0000000000000002 6.2831853071795862 0.0000000000000002
v 0.0229000000000000 0.0030000000000000 0.0149250000000000
vn -0.1400068631654016 -5.3395834879178441 2.5623910159702907
v 0.0187500909090909 -0.0028636363636364 0.0180363636363636
vn -0.0000000000000001 6.2831853071795862 0.0000000000000001
v 0.0309500000000000 0.0030000000000000 0.0119500000000000
vn 0.0000000000000006 -2.2214414690791808 5.3630341226689788
v 0.0186740000000000 -0.0025000000000000 0.0184000000000000
vn 0.0000000000000002 6.2831853071795862 -0.0000000000000003
v 0.0269250000000000 0.0030000000000000 0.0104630000000000
vn 2.2343578842395648 4.9647750645311124 2.2654706181494220
v 0.0047490000000000 0.0034400000000000 -0.0129000000000000
vn 0.0000000000000000 2.2214414690791853 5.3630341226689726
v 0.0237200000000000 0.0025000000000000 0.0184000000000000
vn 0.0000000000000001 5.3630341226689779 2.2214414690791813
v 0.0235960000000000 0.0030000000000000 0.0179000000000000
vn -0.0000000000000014 -6.2831853071795871 -0.0000000000000021
v 0.0369880000000000 -0.0030000000000000 0.0113750909090909
vn 3.6811912198733916 2.3083970521453372 -4.0676116491819538
v 0.0386436666666667 0.0025000000000000 -0.0120484000000000
vn 1.7209535844553419 2.4926155613900240 -5.1893991927808321
v 0.0394325454545454 0.0025594545454545 -0.0115456363636364
vn 1.9127827340875234 5.5023236149385575 -0.7629333836779155
v 0.0376840000000000 0.0030000000000000 -0.0125580000000000
vn 0.8617429148376695 5.6668189833856308 -1.7189450620390869
v 0.0388416000000000 0.0029750000000000 -0.0113254000000000
vn 4.4231039984291209 4.4444149682430769 -0.2027560003842651
v 0.0377500000000000 0.0027500000000000 -0.0135000000000000
vn -1.1469072112990901 6.1620596933445091 -0.2374069523537465
v 0.0400862608695652 0.0031234347826087 -0.0099070000000000
vn -3.9744869919181482 4.7171035735765585 -0.0046559340710666
v 0.0462790000000000 -0.0015250000000000 -0.0082500000000000
vn 2.0136081862998911 -0.4064273721966264 5.1654551129362645
v 0.0491270000000000 -0.0017940000000000 -0.0055000000000000
vn 0.5518636553837363 0.2308757362009169 -6.2429546732544070
v 0.0398990000000000 0.0018360000000000 -0.0115050000000000
vn 0.0059293817791049 -0.0032526404372541 -6.2831765558446424
v 0.0413570000000000 0.0006430000000000 -0.0115000000000000
vn 4.8545482089366194 2.4597882160178672 -2.4495486660988464
v 0.0382110000000000 0.0025000000000000 -0.0126050000000000
vn 4.6572266430685509 -2.3246465730139261 2.1533995334842575
v 0.0495180000000000 -0.0021430000000000 -0.0060000000000000
vn 0.7567416171560346 -2.2030139073240016 -5.2437914804616197
v 0.0465030000000000 -0.0042410000000000 -0.0115000000000000
vn 3.3584292769272350 5.2793103580722169 0.0000000000000000
v -0.0014760000000000 -0.0023200000000000 -0.0151500000000000
vn -0.0000000000000004 -6.2831853071795871 0.0000000000000002
v 0.0309500000000000 -0.0030000000000000 0.0164130000000000
vn 0.6050646093737932 -1.8529611562049593 5.5868284717234040
v 0.0018670000000000 -0.0044880000000000 -0.0124000000000000
vn 0.9285341438780824 4.9801807538986012 2.2399425407578200
v 0.0347930000000000 0.0030000000000000 0.0179000000000000
vn 0.0000000000000000 0.0000000000000000 -6.2831853071795898
v -0.0001430000000000 0.0035710000000000 -0.0184000000000000
vn -2.4572101103564670 -1.3276401393810087 -4.1408741293738469
v 0.0019756969696970 0.0019107272727273 -0.0184000000000000
vn -0.0881777978920924 0.0238123045681221 2.5848854576946700
v 0.0000000000000000 -0.0029807692307692 -0.0119000000000000
vn 0.0302876197080312 4.4028742674909767 4.3231854255904452
v -0.0040000000000000 -0.0011420000000000 -0.0165200000000000
vn -6.2831853071795853 0.0000000000000034 0.0000000000000020
v -0.0060000000000000 -0.0021430000000000 -0.0175430000000000
vn 3.4296956724326222 2.7499650596217817 -1.6172799998149123
v -0.0020000000000000 -0.0012940000000000 -0.0144600000000000
vn -2.5986671814961957 1.7384627772995416 3.3373800938147955
v -0.0027020000000000 0.0018060000000000 -0.0124000000000000
vn -3.6336410901908929 0.3904720533202493 3.0381629415227138
v 0.0020000000000000 -0.0001670000000000 -0.0169910000000000
vn 0.2319158204150326 -3.0413859130238583 3.6921049540162114
v 0.0006340000000000 -0.0031880000000000 -0.0124000000000000
vn 6.2033743312331531 0.6999603320605196 0.0120980487463080
v -0.0020000000000000 -0.0017210000000000 -0.0138500000000000
vn 3.7911464462877600 2.2226664695733818 3.7915957219985992
v 0.0365000000000000 0.0025000000000000 0.0169000000000000
vn 1.5694388594879147 5.3646267118705682 1.5698998183165636
v 0.0361460000000000 0.0030000000000000 0.0165460000000000
vn 0.0000000000000000 0.0000000000000000 -6.2831853071795862
v 0.0027860000000000 0.0008925000000000 -0.0184000000000000
vn -6.2831853071795862 0.0000000000000000 0.0000000000000000
v 0.0020000000000000 0.0002460000000000 -0.0174710000000000
vn 2.2321196010341997 -5.8323722514805496 0.0255523023073820
v -0.0010280000000000 0.0025510000000000 -0.0167750000000000
vn -3.1406313436545261 -3.9494964463737237 -2.3355903206006001
v -0.0034800000000000 -0.0042590000000000 -0.0179000000000000
vn 2.8710489646702024 -0.6298868534082820 3.9681556707228873
v -0.0020847500000000 0.0016786000000000 -0.0119000000000000
vn 4.6707303216920142 4.0051521933571879 0.0000000000000000
v -0.0018720000000000 -0.0020140000000000 -0.0145000000000000
vn -1.1318398176140123 -2.8634800534337908 -3.5777191419893661
v 0.0010060000000000 0.0025590000000000 -0.0184000000000000
vn -0.0000000000000178 2.2214414690792150 5.3630341226689806
v -0.0051650000000000 0.0025000000000000 -0.0124000000000000
vn -0.0470396570079437 -5.2869169187235157 -2.2520784501812225
v -0.0053050000000000 -0.0030000000000000 -0.0179000000000000
vn -2.2702505522813801 4.6887595623023524 2.7354667049484207
v -0.0046100000000000 0.0030000000000000 -0.0129000000000000
vn 0.3149226209145830 -2.3560285628442292 -5.1856321604634923
v -0.0051650000000000 -0.0025000000000000 -0.0184000000000000
vn -3.1415926535897931 0.0000000000000011 -3.1415926535897936
v -0.0060000000000000 -0.0012500000000000 -0.0184000000000000
vn 0.0000000000000004 6.2831853071795862 -0.0000000000000014
v 0.0188750000000000 0.0030000000000000 0.0134380000000000
vn -1.3773375215875243 6.0745499118873001 -0.0086342215210952
v 0.0005230000000000 -0.0027000000000000 -0.0135250000000000
vn -3.1415926535897909 -3.1415926535897905 0.0000000000000000
v -0.0060000000000000 -0.0030000000000000 -0.0166500000000000
vn 0.8962895540470577 2.9825342456998580 2.9311869836769064
v -0.0006790000000000 -0.0026650000000000 -0.0119000000000000
vn 0.0000000000000006 -6.2831853071795871 0.0000000000000024
v 0.0249130000000000 -0.0030000000000000 0.0119500000000000
vn -3.0729279175407340 -0.5134499363694570 2.8837861073295703
v -0.0031880000000000 -0.0006340000000000 -0.0119000000000000
vn 0.4492648337480656 -5.2069945348178379 2.1908078206119970
v 0.0454720000000000 -0.0049780000000000 -0.0060000000000000
vn -0.0000000000000002 -0.0000000000000022 6.2831853071795862
v 0.0398570000000000 0.0002922727272727 -0.0055000000000000
vn -2.9953534063544969 0.8423559559857681 3.4713034882728979
v 0.0423610000000000 0.0007750000000000 -0.0055000000000000
vn -0.1014082672050891 0.1535239733645234 6.2704407346694557
v 0.0414640000000000 0.0019290000000000 -0.0055000000000000
vn 2.7087186109076704 -4.5359629031861264 2.1403330376874896
v 0.0475600000000000 -0.0042950000000000 -0.0060000000000000
vn 1.1051237388806943 -2.0021745582259203 5.2913191573387355
v 0.0471760000000000 -0.0039390000000000 -0.0055000000000000
vn -0.8939553678158108 2.9536258768031365 3.5095329675961118
v 0.0455790000000000 -0.0018933076923077 -0.0050000000000000
vn 3.6937243839603959 -0.5937650695228440 -3.5787563111950758
v 0.0496550000000000 -0.0009155000000000 -0.0112500000000000
vn 0.0000000000000015 4.4428829381583759 4.4428829381583563
v 0.0380000000000000 0.0026250000000000 -0.0056250000000000
vn 4.1369934344279748 -3.2922202354914765 -2.0785789613536672
v 0.0489053636363636 -0.0031003636363636 -0.0110000000000000
vn 2.7059324675833003 5.5811868911431555 0.0407091211976100
v 0.0440725000000000 -0.0017615000000000 -0.0066250000000000
vn -5.4099265656426470 -2.9425329605145336 0.0244438926864912
v 0.0467440000000000 0.0009595000000000 -0.0066250000000000
vn -2.8423961992655729 1.2646605138596629 2.8669928695059834
v 0.0424880000000000 0.0011190000000000 -0.0050000000000000
vn -0.2367128150695442 0.1885295621781178 6.2588254222113822
v 0.0430710000000000 0.0032140000000000 -0.0055000000000000
vn 1.2713105648740657 5.1311063151924587 -2.1382824738731037
v 0.0461990000000000 0.0048540000000000 -0.0110000000000000
vn 0.0000000000000018 -4.4428829381583412 4.4428829381583919
v 0.0380000000000000 -0.0028068181818182 -0.0058068181818182
vn -0.9360600863278303 1.5739794061104706 5.1305343283626010
v 0.0443210000000000 0.0044480000000000 -0.0055000000000000
vn -0.1571397908755830 0.0921189121340545 6.2711347821445607
v 0.0446790000000000 0.0038570000000000 -0.0055000000000000
vn -1.8686844282401252 2.4200040248442458 3.7917219507493738
v 0.0431990000000000 0.0020780000000000 -0.0055000000000000
vn 1.7197969944609242 1.5695048480766856 -5.2471393211865571
v 0.0483290000000000 0.0030280000000000 -0.0115000000000000
vn -2.5098800439930686 -4.7101818792540984 1.8575962357822318
v 0.0414620000000000 -0.0036480000000000 -0.0060000000000000
vn 3.2145729863323913 1.1512568986024565 3.4833887427995132
v 0.0476390000000000 0.0007750000000000 -0.0055000000000000
vn 2.0654710650068253 1.2435293821998559 -5.1507185338720429
v 0.0487790000000000 0.0024440000000000 -0.0115000000000000
vn 2.0331701637454009 -2.3556655858273174 3.4093289135095022
v 0.0436900000000000 0.0015110000000000 -0.0050000000000000
vn 6.1481857279394827 0.0231642077173908 -0.9672504705318885
v 0.0380201818181818 -0.0010855454545455 -0.0132900000000000
vn 6.2119328079885063 -0.5581579780301814 -0.1324874196633528
v 0.0430185000000000 0.0001925000000000 -0.0082500000000000
vn -0.5802123931817336 0.3792870961187421 -6.1959901945495757
v 0.0427140000000000 0.0032140000000000 -0.0115000000000000
vn 1.2643999260979648 5.0757750163620754 2.1878689012305372
v 0.0461990000000000 0.0048540000000000 -0.0060000000000000
vn 0.0000000000000019 -6.2831853071795862 0.0000000000000004
v 0.0379940000000000 -0.0030000000000000 -0.0114089090909091
vn 1.7193649788570555 1.6509177739065379 5.1829881212928042
v 0.0483290000000000 0.0030280000000000 -0.0055000000000000
vn 1.9531474792687433 1.2674339897544438 5.2472210075857868
v 0.0487790000000000 0.0024440000000000 -0.0055000000000000
vn 2.4036459076214851 -0.0250310949629424 -5.7634203544358220
v 0.0393146363636364 -0.0012960000000000 -0.0116238181818182
vn -0.6728262205749336 2.0938212527533198 -5.1981483556245696
v 0.0443210000000000 0.0044480000000000 -0.0115000000000000
vn -2.4672408798854351 -4.7823447593779340 -1.7849548246771598
v 0.0413530000000000 -0.0035880000000000 -0.0110000000000000
vn 1.2599300368127859 -0.0042449754970058 -6.1326906606406286
v 0.0395970000000000 -0.0019440000000000 -0.0115410000000000
vn 3.3163885385730243 0.0566612608089664 -5.2845171018509376
v 0.0389605454545455 -0.0019440000000000 -0.0117943636363636
vn 2.8279738904316249 -5.5157745543958736 0.0004474669893951
v 0.0440405000000000 0.0017440000000000 -0.0082500000000000
vn 1.7161200214820191 -1.6407290241178067 -5.1938584903185934
v 0.0483290000000000 -0.0030280000000000 -0.0115000000000000
vn 0.0000000000000000 0.0000000000000000 6.2831853071795862
v 0.0414640000000000 0.0012860000000000 -0.0055000000000000
vn 1.4213627307265368 -1.7962316538718806 5.2871630055936514
v 0.0477900000000000 -0.0035310000000000 -0.0055000000000000
vn 4.9974055635606156 -0.6049051460511182 -1.7387122040368033
v 0.0497840000000000 -0.0014550000000000 -0.0110000000000000
vn 1.2713105648740586 -5.1311063151924525 2.1382824738731108
v 0.0461990000000000 -0.0048540000000000 -0.0060000000000000
vn 2.0110035354993374 -4.8864505819392141 2.1389813140444955
v 0.0469000000000000 -0.0046250000000000 -0.0060000000000000
vn -2.0435307779181553 -2.3459455906837996 3.4784139413997375
v 0.0431990000000000 -0.0020780000000000 -0.0055000000000000
vn -0.2367128150695423 -0.1885295621781153 6.2588254222113813
v 0.0430710000000000 -0.0032140000000000 -0.0055000000000000
vn -1.9191733308222259 2.4151132020130590 3.5317884066798007
v 0.0463100000000000 -0.0015110000000000 -0.0050000000000000
vn 0.0000000000000016 4.4428829381583688 4.4428829381583617
v 0.0380000000000000 0.0028181818181818 -0.0058181818181818
vn -0.0000000000000002 0.0000000000000008 6.2831853071795862
v 0.0398570000000000 -0.0006430000000000 -0.0055000000000000
vn 1.9553420745033088 -1.2696936556494316 -5.2438879738803763
v 0.0487790000000000 -0.0024440000000000 -0.0115000000000000
vn 0.5381549261301788 6.1412868502153231 0.0165844380677467
v 0.0448250000000000 -0.0019831818181818 -0.0066250000000000
vn 3.7616846567082480 0.7469399410196048 -3.6077215198667720
v 0.0496285454545454 0.0009319090909091 0.0057272727272727
vn 5.3631460141768450 2.2397918446588836 0.0396461848226841
v 0.0380000000000000 0.0025000000000000 0.0144500000000000
vn 2.2207136604875197 5.3637009375254783 0.0070745558654157
v 0.0375000000000000 0.0030000000000000 0.0143460000000000
vn 3.4149871110915879 -4.0068930219265226 2.0989991466017424
v 0.0481640000000000 -0.0038720000000000 0.0110000000000000
vn 4.2337896469328165 1.8184436534036401 1.7536460190934753
v 0.0380000000000000 0.0025000000000000 0.0154000000000000
vn 2.0586134276541466 0.7151804834753724 -5.1630097890156987
v 0.0494850000000000 0.0003690000000000 0.0055000000000000
vn -0.2868388079089990 5.2230109194943726 -2.1877664028259542
v 0.0447350000000000 0.0049930000000000 0.0060000000000000
vn 2.2400239444483754 4.9804582493506731 0.9280605028025743
v 0.0375000000000000 0.0030000000000000 0.0151930000000000
vn 0.2231947420332634 6.2752468317367800 -0.0000000000000001
v 0.0068010000000000 0.0030000000000000 0.0154000000000000
vn -0.0000000000000006 -0.0000000000000047 -6.2831853071795853
v 0.0020000000000000 0.0035710000000000 0.0124000000000000
vn 0.5386226480978624 5.1835134896655255 2.1391677709662731
v 0.0004780000000000 0.0054790000000000 0.0179000000000000
vn -5.3752545534370153 2.3892581391364733 0.6325616402780482
v 0.0240000000000000 0.0025000000000000 -0.0104000000000000
vn -0.0000000000000001 -6.2831853071795853 0.0000000000000006
v 0.0108260000000000 -0.0030000000000000 0.0149250000000000
vn 0.0000000000000000 0.0000000000000000 6.2831853071795853
v 0.0057140000000000 0.0000000000000000 0.0184000000000000
vn -1.5709149353501610 5.3628663721749152 1.5709149353501579
v 0.0263050000000000 0.0030000000000000 -0.0069020000000000
vn 0.0000000000000005 5.3630341226689771 2.2214414690791808
v 0.0096000000000000 0.0030000000000000 0.0179000000000000
vn 0.0000000000000001 2.2214414690791839 5.3630341226689753
v 0.0096210000000000 0.0025000000000000 0.0184000000000000
vn 0.0000000000000000 0.0000000000000000 -6.2831853071795862
v 0.0232860000000000 -0.0007140000000000 -0.0184000000000000
vn 0.2491812141974002 5.3410157015101074 -1.9806711956001146
v 0.0156400000000000 0.0030000000000000 -0.0179000000000000
vn 3.0617391934804816 0.2331309092684258 -2.7256557077613195
v -0.0020000000000000 -0.0010330000000000 0.0119000000000000
vn 0.0000000000000000 -2.2214414690791866 5.3630341226689726
v 0.0142220000000000 -0.0025000000000000 0.0184000000000000
vn -0.0000000000000003 2.2214414690791866 -5.3630341226689735
v 0.0157060000000000 0.0025000000000000 -0.0184000000000000
vn -2.8878855029428445 -1.1975114174651575 -3.3388410243896738
v -0.0030030000000000 -0.0012440000000000 0.0124000000000000
vn -1.2709343877673203 -2.5297264945376345 -4.4748161275949121
v -0.0018060000000000 -0.0027020000000000 0.0124000000000000
vn 0.3806996053301442 2.3248864820655015 5.2129291108131355
v 0.0008900000000000 0.0049200000000000 0.0184000000000000
vn 2.4990276587513627 1.6731208266398796 -2.5549309187996969
v 0.0022980000000000 0.0022980000000000 0.0119000000000000
vn -0.0413347849835220 -5.3616547095825196 2.2169510986480589
v 0.0141670000000000 -0.0030000000000000 0.0179000000000000
vn 1.1692861999874433 1.7951810170117983 -5.4358819107800667
v 0.0037540000000000 0.0034210000000000 0.0124000000000000
vn 0.0000000000000000 0.0000000000000000 6.2831853071795862
v 0.0042500000000000 0.0016075000000000 0.0184000000000000
vn 2.4320018966755548 4.2222555040032184 -2.9378279162937080
v 0.0027291666666667 0.0045330000000000 0.0126916666666667
vn -0.0000000000000003 -0.0000000000000003 6.2831853071795871
v 0.0302140000000000 0.0006430000000000 -0.0055000000000000
vn 2.6397449334931768 1.7030126441398485 -3.1653538666761074
v -0.0018720000000000 -0.0020140000000000 0.0119000000000000
vn -0.4334194789279866 2.2925057805677453 5.4147133672271801
v 0.0220000000000000 0.0025000000000000 -0.0124000000000000
vn -2.1517386544232089 5.4239587920510477 0.1367643325967700
v 0.0245000000000000 0.0030000000000000 -0.0104000000000000
vn 0.3441087896754842 3.0714960064418104 -3.5943502748940284
v 0.0453910000000000 0.0027220000000000 0.0055000000000000
vn -0.3676043796570442 -1.1117265200418551 0.4659053508047383
v 0.0407250000000000 0.0030654545454545 0.0112272727272727
vn 2.7059324675833007 -5.5811868911431555 -0.0407091211976100
v 0.0440725000000000 0.0017615000000000 0.0066250000000000
vn 1.2599300368127859 0.0042449754970058 6.1326906606406286
v 0.0395970000000000 0.0019440000000000 0.0115410000000000
vn 2.8279738904316245 5.5157745543958736 -0.0004474669893952
v 0.0440405000000000 -0.0017440000000000 0.0082500000000000
vn 1.1051237388806943 2.0021745582259207 -5.2913191573387364
v 0.0471760000000000 0.0039390000000000 0.0055000000000000
vn 2.7087186109076709 4.5359629031861264 -2.1403330376874896
v 0.0475600000000000 0.0042950000000000 0.0060000000000000
vn -0.4745368927943666 6.2541020528593529 0.1948792865492641
v 0.0394362727272727 0.0030210909090909 0.0099070000000000
vn -2.4672408798854346 4.7823447593779340 1.7849548246771603
v 0.0413530000000000 0.0035880000000000 0.0110000000000000
vn -3.0611661596518456 -0.4217200669544285 -3.4819357268066846
v 0.0469626153846154 0.0002598461538462 0.0050000000000000
vn -0.1014082672050891 -0.1535239733645234 -6.2704407346694548
v 0.0414640000000000 -0.0019290000000000 0.0055000000000000
vn -0.6328833470763680 -5.3203386851223300 -1.9636105308142353
v 0.0402730000000000 -0.0031650000000000 0.0060000000000000
vn -0.0000000000000006 -0.0000000000000007 -6.2831853071795871
v 0.0462860000000000 0.0032140000000000 0.0055000000000000
vn -3.0051179147043783 -0.7927805555114769 -3.4050490608832846
v 0.0423610000000000 -0.0007750000000000 0.0055000000000000
vn 6.1481857279394827 -0.0231642077173908 0.9672504705318885
v 0.0380201818181818 0.0010855454545455 0.0132900000000000
vn 2.4036459076214851 0.0250310949629424 5.7634203544358211
v 0.0393146363636364 0.0012960000000000 0.0116238181818182
vn -0.8939553678158106 -2.9536258768031365 -3.5095329675961127
v 0.0455790000000000 0.0018933076923077 0.0050000000000000
vn 3.3163885385730243 -0.0566612608089665 5.2845171018509385
v 0.0389605454545455 0.0019440000000000 0.0117943636363636
vn 6.1972808582004735 -0.6028033824877734 0.0274100248940256
v 0.0430186363636364 0.0001831818181818 0.0066250000000000
vn 3.0676344665515676 -0.5654186370395808 -2.8986948415820559
v 0.0476900000000000 -0.0005720000000000 0.0050000000000000
vn 0.6788766430227277 1.9054379472754022 5.3954058701548782
v 0.0398804166666667 0.0025680833333333 0.0115058333333333
vn -0.6728262205749335 -2.0938212527533198 5.1981483556245696
v 0.0443210000000000 -0.0044480000000000 0.0115000000000000
vn -0.1605153876885104 3.1024197614242763 -2.8142958055169500
v 0.0447130000000000 0.0027350000000000 0.0050000000000000
vn -2.1513307596110360 3.6913585749346618 3.6943743405880376
v 0.0421500000000000 0.0038000000000000 -0.0057500000000000
vn 2.7207986865610723 -1.6535397618862586 3.4579279586159148
v 0.0473130000000000 -0.0014870000000000 -0.0055000000000000
vn -0.0000000000000006 0.0000000000000007 6.2831853071795880
v 0.0462860000000000 -0.0032140000000000 -0.0055000000000000
vn 2.6137916245264941 1.6881535695123175 3.4057528599264741
v 0.0433170000000000 -0.0010810000000000 -0.0050000000000000
vn -3.1062171976353374 0.3393676622856445 2.9807665076164525
v 0.0422800000000000 0.0002860000000000 -0.0050000000000000
vn -2.3273874573888560 -2.0854628374939823 2.9785690386249732
v 0.0429675000000000 -0.0018300000000000 -0.0050000000000000
vn 0.3441087896754841 -3.0714960064418104 3.5943502748940284
v 0.0453910000000000 -0.0027220000000000 -0.0055000000000000
vn 0.0626982891781727 -2.3507850169516153 5.2184613894423491
v 0.0450570000000000 -0.0045000000000000 -0.0055000000000000
vn -0.1605153876885104 -3.1024197614242763 2.8142958055169500
v 0.0447130000000000 -0.0027350000000000 -0.0050000000000000
vn -0.6328833470763680 5.3203386851223309 1.9636105308142353
v 0.0402730000000000 0.0031650000000000 -0.0060000000000000
vn 1.5738695632794975 -5.0740733726460459 -2.4000052630726452
v 0.0054100000000000 -0.0031970000000000 -0.0179000000000000
vn 1.3637800976953087 -2.2183863166715652 -4.8547479568190841
v 0.0055210000000000 -0.0026510000000000 -0.0184000000000000
vn 0.0000000000000002 -0.0000000000000047 -6.2831853071795862
v 0.0302140000000000 -0.0019290000000000 0.0055000000000000
vn 0.0000000000000001 -6.2831853071795871 0.0000000000000017
v 0.0349750000000000 -0.0030000000000000 0.0119500000000000
vn 0.0000000000000001 6.2831853071795880 -0.0000000000000005
v 0.0148510000000000 0.0030000000000000 -0.0149250000000000
vn -0.0000000000000025 -0.0000000000000281 6.2831853071795845
v 0.0100000000000000 -0.0021430000000000 -0.0124000000000000
vn 0.0000000000000025 -6.2831853071795862 0.0000000000000001
v 0.0369880000000000 -0.0030000000000000 0.0132520000000000
vn 0.0000000000000000 5.3630341226689744 -2.2214414690791839
v 0.0097470000000000 0.0030000000000000 -0.0179000000000000
vn 0.0285191056565336 2.2224295198090296 -5.3608462180518073
v 0.0097690000000000 0.0025000000000000 -0.0184000000000000
vn 0.8277503074427566 -1.8194311039221889 -5.5571613825245292
v 0.0044913888888889 -0.0029436111111111 -0.0184000000000000
vn 0.0000000000000000 0.0000000000000000 -6.2831853071795871
v 0.0057140000000000 -0.0016432000000000 -0.0184000000000000
vn 1.1113745078072368 2.1932599201398846 5.0884667986976817
v 0.0055210000000000 0.0026510000000000 -0.0124000000000000
vn -0.0000000000000002 6.2831853071795880 -0.0000000000000004
v 0.0269250000000000 0.0030000000000000 0.0082310000000000
vn 0.8807144292018043 1.9809617788098739 5.4117629365862854
v 0.0045576666666667 0.0029885000000000 -0.0124000000000000
vn 0.6175393210324036 3.0553987437041137 -2.9463865652112338
v 0.0455685000000000 0.0026750000000000 0.0050000000000000
vn -6.0747026623155662 1.2169242397658198 0.0147024806164558
v 0.0469590000000000 -0.0004030000000000 0.0066250000000000
vn -3.9320940480452240 -4.7443520965887966 -0.0207517050657797
v 0.0462790000000000 0.0015250000000000 0.0066250000000000
vn -0.3685127235766100 3.0873715192845155 -3.4103270812466482
v 0.0446090000000000 0.0027220000000000 0.0055000000000000
vn 1.0666126259512170 5.5806494100487987 1.6421808261718871
v 0.0388195714285714 0.0030000000000000 0.0113092857142857
vn 0.5517233644482280 0.2193616444542616 6.2428096408563887
v 0.0399081818181818 0.0018261818181818 0.0115045454545455
vn -2.3679895165233247 4.4593535969758396 -1.6881673653079905
v 0.0426210000000000 0.0043980000000000 0.0060000000000000
vn -1.0241271082197900 -5.3679725451784828 -2.0442057825838025
v 0.0396420000000000 -0.0030410000000000 0.0060000000000000
vn 3.6842192813409524 2.3211294805244753 4.0574517303645434
v 0.0386564285714286 0.0025000000000000 0.0120362857142857
vn 0.0059293817791049 -0.0032526404372518 6.2831765558446424
v 0.0413570000000000 0.0006430000000000 0.0115000000000000
vn 4.8721603886317260 2.4518891714331543 2.4331862618306692
v 0.0382110000000000 0.0025000000000000 0.0126050000000000
vn 0.7619193244735692 -2.1523217411622859 5.2955733981968587
v 0.0465030000000000 -0.0042410000000000 0.0115000000000000
vn -0.0755834321907923 -2.1899167327341251 -5.3892282737702661
v 0.0390000000000000 -0.0025000000000000 0.0055000000000000
vn 1.8964508127127262 5.5221595871497975 0.7396653093104811
v 0.0376840000000000 0.0030000000000000 0.0125580000000000
vn -0.3820737681208122 6.2212161585154933 0.2152747651088436
v 0.0399830000000000 0.0030995000000000 0.0099070000000000
vn 2.9964620514109290 0.7493955653429227 -3.4889792606065266
v 0.0430810000000000 -0.0005630000000000 0.0050000000000000
vn -3.9266437385769724 4.7549893574129651 0.0210716238695906
v 0.0462631818181818 -0.0015384545454545 0.0082500000000000
vn 4.4304503467805691 4.4372468392109399 0.2020358301234270
v 0.0377500000000000 0.0027500000000000 0.0135000000000000
vn 0.3124582666634933 -3.0653426938274420 -3.5433454776800493
v 0.0447150000000000 0.0019800000000000 0.0050000000000000
vn 0.8299662779683893 2.1341103104925647 5.4959579815428645
v 0.0395920000000000 0.0025220000000000 0.0115420000000000
vn -0.0516607354404578 -0.1044098901599453 -6.2809086520220374
v 0.0382500000000000 -0.0019290000000000 0.0055000000000000
vn 2.0110035354993396 4.8864505819392186 -2.1389813140444902
v 0.0469000000000000 0.0046250000000000 -0.0110000000000000
vn -0.3676043796570438 1.1117265200418551 -0.4659053508047387
v 0.0407250000000000 -0.0030654545454545 -0.0112272727272727
vn 4.9998030692162407 0.6147649304800257 1.7488378052222862
v 0.0497840000000000 0.0014550000000000 -0.0060000000000000
vn 1.0900175634324150 -2.8540058044304764 -3.5963840219922765
v 0.0442910000000000 0.0018700000000000 -0.0115000000000000
vn 0.6788766430227274 -1.9054379472754022 -5.3954058701548782
v 0.0398804166666667 -0.0025680833333333 -0.0115058333333333
vn -0.4745368927943666 -6.2541020528593529 -0.1948792865492641
v 0.0394362727272727 -0.0030210909090909 -0.0099070000000000
vn 1.4213627307265366 1.7962316538718754 -5.2871630055936505
v 0.0477900000000000 0.0035310000000000 -0.0115000000000000
vn 2.8065153435159336 -0.9715887522997516 -3.8676495996834439
v 0.0429105714285714 0.0005492857142857 -0.0115000000000000
vn -0.1109558326853326 -6.2791366512518065 -0.1187278264520563
v 0.0390000000000000 -0.0030000000000000 0.0086040000000000
vn -0.2836241744259844 -5.2786794833458446 -2.1381489496551880
v 0.0447350000000000 -0.0049930000000000 0.0060000000000000
vn -2.3679895165233402 -4.4593535969758129 -1.6881673653079905
v 0.0426210000000000 -0.0043980000000000 0.0060000000000000
vn -3.9744869919181482 -4.7171035735765585 0.0046559340710666
v 0.0462790000000000 0.0015250000000000 0.0082500000000000
vn 0.7567416171560345 2.2030139073240016 5.2437914804616197
v 0.0465030000000000 0.0042410000000000 0.0115000000000000
vn 0.3213095465935728 3.0670888952055835 -3.5359457542516486
v 0.0447150000000000 -0.0019800000000000 0.0050000000000000
vn -1.1616099383030389 -1.7166577741341738 5.6746407153986951
v 0.0413018235294118 -0.0031464705882353 0.0113750000000000
vn -6.0617119438665066 1.2662424639354652 -0.0407871345785681
v 0.0469590000000000 -0.0004030000000000 0.0082500000000000
vn -0.0473246621536279 0.0953899706320248 -6.2812834007319092
v 0.0382500000000000 0.0019290000000000 0.0055000000000000
vn 0.0000000000000013 -0.0000000000000042 -6.2831853071795862
v 0.0478930000000000 -0.0025710000000000 0.0055000000000000
vn 0.5518636553837362 -0.2308757362009169 6.2429546732544061
v 0.0398990000000000 -0.0018360000000000 0.0115050000000000
vn -0.8756879231328516 1.9885335077535342 -5.3765960184339399
v 0.0418100000000000 0.0032720000000000 0.0055000000000000
vn -3.8408572988778364 4.8250747047271805 -0.0126732530467080
v 0.0462358181818182 -0.0015605454545455 0.0066250000000000
vn 4.9998030692162407 -0.6147649304800257 -1.7488378052222862
v 0.0497840000000000 -0.0014550000000000 0.0060000000000000
vn 0.5384692365709037 5.1993373828242575 2.1900839836234312
v 0.0454720000000000 0.0049780000000000 0.0110000000000000
vn 4.1369934344279748 3.2922202354914769 2.0785789613536672
v 0.0489053636363636 0.0031003636363636 0.0110000000000000
vn 1.9531474792687438 -1.2674339897544438 -5.2472210075857868
v 0.0487790000000000 -0.0024440000000000 0.0055000000000000
vn 1.7193649788570557 -1.6509177739065379 -5.1829881212928059
v 0.0483290000000000 -0.0030280000000000 0.0055000000000000
vn 1.9640037976106692 -0.3310679518018248 -5.2152409885147311
v 0.0491270000000000 -0.0017940000000000 0.0055000000000000
vn 4.7100267524518866 -2.3571987990970302 -2.0971745920021938
v 0.0495180000000000 -0.0021430000000000 0.0060000000000000
vn 1.2643999260979686 5.0757750163620701 2.1878689012305412
v 0.0461990000000000 0.0048540000000000 0.0110000000000000
vn 3.8529093700656927 -0.7474488797805088 -3.5221121547360017
v 0.0496550000000000 -0.0009155000000000 0.0057500000000000
vn 4.1502614700544171 -3.2764586395320880 -2.0783637503971084
v 0.0489260000000000 -0.0030740000000000 0.0060000000000000
vn 1.7161200214820187 1.6407290241178070 5.1938584903185934
v 0.0483290000000000 0.0030280000000000 0.0115000000000000
vn 1.9553420745033088 1.2696936556494314 5.2438879738803763
v 0.0487790000000000 0.0024440000000000 0.0115000000000000
vn 4.7070272446540420 2.3612970218719744 2.0962442429377472
v 0.0495180000000000 0.0021430000000000 0.0110000000000000
vn 3.4030719297946530 3.9733795523613455 2.1303057040384674
v 0.0481640000000000 0.0038720000000000 0.0110000000000000
# 2372 vertices, 0 vertices normals


usemtl material_0
vt 0.0973400026559830 0.1595750004053116
vt 0.1061900034546852 0.1816989928483963
vt 0.1061900034546852 0.1595750004053116
f 1554/1/1554 1781/2/1781 1568/3/1568
vt 0.0176940001547337 0.1816989928483963
vt 0.0265439990907907 0.1595750004053116
vt 0.0176940001547337 0.1595750004053116
f 1820/4/1820 1051/5/1051 1798/6/1798
vt 0.1061900034546852 0.2259459942579269
vt 0.1150399968028069 0.2038230001926422
vt 0.1061900034546852 0.2038230001926422
f 1187/7/1187 953/8/953 1665/9/1665
vt 0.1150399968028069 0.1816989928483963
f 339/9/339 1334/8/1334 1396/10/1396
f 2115/10/2115 436/2/436 185/9/185
vt 0.0088449995964766 0.2038230001926422
vt 0.0176940001547337 0.2038230001926422
f 1252/11/1252 764/12/764 705/4/705
vt 0.0088449995964766 0.1816989928483963
f 1422/4/1422 829/13/829 2004/11/2004
vt 0.0176940001547337 0.2259459942579269
f 517/11/517 1047/14/1047 1808/12/1808
vt 0.0707919970154762 0.2701939940452576
vt 0.0796409994363785 0.2701939940452576
vt 0.0796409994363785 0.2480700016021729
f 1008/15/1008 1114/16/1114 1222/17/1222
vt 0.0707919970154762 0.2480700016021729
f 1417/17/1417 660/18/660 501/15/501
vt 0.0884910002350807 0.2701939940452576
vt 0.0884910002350807 0.2480700016021729
f 979/16/979 957/19/957 1832/20/1832
f 1833/20/1833 1124/17/1124 1307/16/1307
vt 0.0530930012464523 0.2701939940452576
vt 0.0619419999420643 0.2701939940452576
vt 0.0619419999420643 0.2480700016021729
f 483/21/483 1146/22/1146 27/23/27
vt 0.0530930012464523 0.2480700016021729
f 1739/23/1739 1705/24/1705 1722/21/1722
f 1659/22/1659 1666/15/1666 644/18/644
f 1099/18/1099 1581/23/1581 519/22/519
vt 0.0353929996490479 0.2701939940452576
vt 0.0442430004477501 0.2701939940452576
vt 0.0442430004477501 0.2480700016021729
f 600/25/600 2138/26/2138 1636/27/1636
vt 0.0353929996490479 0.2480700016021729
f 118/27/118 144/28/144 154/25/154
f 1745/26/1745 1410/21/1410 2037/24/2037
f 682/24/682 1343/27/1343 1241/26/1241
vt 0.0884910002350807 0.2923179864883423
f 1578/16/1578 1510/29/1510 876/19/876
vt 0.0707919970154762 0.3144420087337494
vt 0.0884910002350807 0.3144420087337494
f 2280/29/2280 1908/30/1908 1073/31/1073
f 277/30/277 1733/16/1733 1763/15/1763
f 2340/16/2340 109/30/109 270/29/270
f 2066/22/2066 207/30/207 210/15/210
vt 0.0530930012464523 0.3144420087337494
f 2274/32/2274 1068/22/1068 146/21/146
f 1332/30/1332 1372/22/1372 1288/32/1288
vt 0.0353929996490479 0.2923179864883423
f 57/33/57 235/26/235 1070/25/1070
f 180/26/180 444/32/444 2110/21/2110
vt 0.0353929996490479 0.3144420087337494
f 1711/32/1711 1503/33/1503 1714/34/1714
f 2124/33/2124 618/32/618 2092/26/2092
vt 0.0707919970154762 0.3586899936199188
vt 0.0884910002350807 0.3586899936199188
f 65/35/65 2369/36/2369 899/31/899
f 24/31/24 209/30/209 2067/35/2067
vt 0.0530930012464523 0.3586899936199188
f 2133/37/2133 2131/35/2131 470/30/470
f 2372/30/2372 2361/32/2361 333/37/333
vt 0.0353929996490479 0.3586899936199188
f 2344/38/2344 432/37/432 102/32/102
f 223/32/223 1061/34/1061 1980/38/1980
vt 0.0707919970154762 0.4029380083084106
vt 0.0884910002350807 0.4029380083084106
f 1509/39/1509 563/40/563 1898/36/1898
f 1702/36/1702 1688/35/1688 1757/39/1757
vt 0.0530930012464523 0.4029380083084106
f 220/41/220 39/39/39 1181/35/1181
f 2156/35/2156 1197/37/1197 965/41/965
vt 0.0353929996490479 0.4029380083084106
f 1819/42/1819 517/41/517 1811/37/1811
f 872/37/872 1539/38/1539 1552/42/1552
vt 0.1036249995231628 0.1535730063915253
f 2203/1/2203 2199/3/2199 2118/43/2118
vt 0.1105479970574379 0.1609939932823181
f 674/44/674 2020/43/2020 301/3/301
vt 0.0905520021915436 0.1746069937944412
vt 0.0963779985904694 0.1836719959974289
f 1407/1/1407 674/45/674 1259/46/1259
vt 0.0955829992890358 0.1473809927701950
f 1934/47/1934 161/1/161 41/43/41
f 2159/3/2159 1141/2/1141 630/44/630
vt 0.1161670014262199 0.1694460064172745
f 2321/48/2321 129/44/129 2325/10/2325
vt 0.0770300030708313 0.1393159925937653
vt 0.0670169964432716 0.1376589983701706
vt 0.0726070031523705 0.1630750000476837
f 1456/49/1456 65/50/65 899/51/899
vt 0.0866380035877228 0.1425859928131104
vt 0.0824090018868446 0.1675509959459305
f 2332/52/2332 1082/49/1082 1972/53/1972
f 857/52/857 355/53/355 773/45/773
f 2164/1/2164 1679/47/1679 942/45/942
f 47/53/47 230/49/230 2351/51/2351
f 1384/45/1384 1829/47/1829 837/52/837
vt 0.0619419999420643 0.1615410000085831
f 562/54/562 1536/51/1536 1542/50/1542
vt 0.1203299984335899 0.1787019968032837
f 2078/10/2078 2051/55/2051 23/48/23
vt 0.1229259967803955 0.1885139942169189
f 1514/56/1514 784/10/784 1782/8/1782
f 508/55/508 668/10/668 1690/56/1690
vt 0.1238839998841286 0.1986179947853088
f 548/57/548 1174/56/1174 886/8/886
vt 0.1208320036530495 0.2186170071363449
vt 0.1231800019741058 0.2087430059909821
f 1612/58/1612 475/59/475 2016/8/2016
f 967/57/967 1302/8/1302 981/59/981
vt 0.0994130000472069 0.1940100044012070
f 1726/46/1726 1769/60/1769 1040/2/1040
f 2217/9/2217 2221/2/2221 465/60/465
f 1263/1/1263 1264/46/1264 656/2/656
vt 0.0994130000472069 0.2047850042581558
f 2148/60/2148 87/61/87 742/9/742
vt 0.0963779985904694 0.2151239961385727
f 778/7/778 1388/61/1388 2156/62/2156
f 1187/61/1187 1202/7/1202 1197/9/1197
vt 0.0905520021915436 0.2241879999637604
vt 0.1032179966568947 0.2504999935626984
f 1661/63/1661 978/64/978 1237/62/1237
vt 0.1169039979577065 0.2279749959707260
f 966/8/966 957/65/957 1217/58/1217
f 1838/44/1838 1383/2/1383 1840/10/1840
vt 0.0372460000216961 0.1425859928131104
vt 0.0414750017225742 0.1675509959459305
vt 0.0468540005385876 0.1393159925937653
f 585/66/585 2121/67/2121 478/68/478
vt 0.0568669997155666 0.1376589983701706
vt 0.0512770004570484 0.1630750000476837
f 784/69/784 1105/68/1105 1782/70/1782
f 555/68/555 920/67/920 553/70/553
f 2257/69/2257 2088/70/2088 1806/54/1806
f 417/54/417 1123/50/1123 1200/69/1200
vt 0.0333320014178753 0.1746069937944412
f 1214/71/1214 1216/67/1216 976/66/976
vt 0.0202590003609657 0.1535730063915253
vt 0.0283010005950928 0.1473809927701950
f 2119/72/2119 616/5/616 2313/73/2313
f 1296/71/1296 1354/73/1354 1828/5/1828
f 1293/6/1293 1190/5/1190 695/72/695
vt 0.0133360000327229 0.1609939932823181
f 890/6/890 1016/74/1016 1607/4/1607
vt 0.0077169998548925 0.1694460064172745
f 1185/74/1185 328/75/328 1186/13/1186
vt 0.0275069996714592 0.1836719959974289
f 826/71/826 1419/5/1419 2024/76/2024
f 560/72/560 1702/74/1702 1442/6/1442
f 964/71/964 1687/66/1687 782/73/782
vt 0.0244709998369217 0.1940100044012070
f 1205/77/1205 944/76/944 1118/4/1118
f 1719/4/1719 1805/74/1805 285/13/285
f 175/12/175 174/77/174 246/4/246
vt 0.0244709998369217 0.2047850042581558
f 1422/78/1422 1765/12/1765 1744/14/1744
f 2258/77/2258 1704/12/1704 1276/78/1276
vt 0.0275069996714592 0.2151239961385727
f 2263/78/2263 2245/14/2245 1817/79/1817
vt 0.0009590000263415 0.1885139942169189
vt 0.0035540000535548 0.1787019968032837
f 108/80/108 2345/13/2345 458/81/458
f 1138/13/1138 984/75/984 1195/81/1195
f 2304/11/2304 1620/13/1620 2119/80/2119
vt 0.0007040000054985 0.2087430059909821
vt 0.0030519999563694 0.2186170071363449
f 2034/82/2034 1765/83/1765 1277/11/1277
vt 0.0069809998385608 0.2279749959707260
f 25/11/25 602/83/602 722/84/722
vt 0.0000000000000000 0.1986179947853088
f 335/11/335 2242/85/2242 2360/82/2360
f 2132/80/2132 32/85/32 602/11/602
vt 0.0206659995019436 0.2504999935626984
vt 0.0333320014178753 0.2241879999637604
f 1257/86/1257 1224/87/1224 1674/79/1674
f 1799/76/1799 1697/5/1697 1692/4/1692
vt 0.1115000024437904 0.2365660071372986
f 42/88/42 139/65/139 216/7/216
f 1774/8/1774 1795/7/1795 1098/65/1098
vt 0.1069850027561188 0.2433110028505325
f 1541/89/1541 736/88/736 1862/7/1862
f 2129/63/2129 2314/20/2314 359/64/359
f 1716/7/1716 319/64/319 922/89/922
vt 0.1002419963479042 0.2580510079860687
f 692/90/692 946/64/946 1329/20/1329
vt 0.0824090018868446 0.2312449961900711
vt 0.0726070031523705 0.2357210069894791
f 627/17/627 1242/91/1242 639/92/639
f 143/91/143 1926/20/1926 1939/63/1939
f 777/20/777 1678/91/1678 711/17/711
vt 0.0619419999420643 0.2372539937496185
f 782/93/782 1687/18/1687 1684/92/1684
vt 0.0980919972062111 0.2658779919147491
f 1251/20/1251 1219/19/1219 1682/94/1682
f 2218/92/2218 462/18/462 452/17/452
f 816/20/816 1992/94/1992 1406/90/1406
f 870/23/870 1772/18/1772 1883/93/1883
vt 0.0963570028543472 0.3150320053100586
vt 0.0963570028543472 0.2819939851760864
f 1593/29/1593 1873/95/1873 803/96/803
vt 0.0967919975519180 0.2738890051841736
f 1594/19/1594 1033/96/1033 732/97/732
f 2235/95/2235 213/31/213 734/36/734
vt 0.0963570028543472 0.3480710089206696
f 929/36/929 1166/98/1166 1499/95/1499
vt 0.0963570028543472 0.4141469895839691
vt 0.0963570028543472 0.3811089992523193
f 2215/40/2215 459/99/459 267/100/267
f 1032/100/1032 668/98/668 1153/36/1153
vt 0.0963570028543472 0.4471859931945801
f 2092/99/2092 618/40/618 403/101/403
f 1338/96/1338 1287/19/1287 1370/29/1370
f 1364/95/1364 1639/29/1639 588/31/588
f 2127/100/2127 574/36/574 1646/40/1646
vt 0.0504699982702732 0.4471859931945801
vt 0.0734139978885651 0.4471859931945801
f 575/41/575 35/102/35 1637/103/1637
f 145/103/145 384/39/384 393/41/393
f 1383/39/1383 621/103/621 629/101/629
f 172/101/172 236/40/236 462/39/462
f 2068/94/2068 2052/19/2052 2045/97/2045
vt 0.0512770004570484 0.2357210069894791
f 1317/24/1317 1285/93/1285 1857/104/1857
vt 0.0414750017225742 0.2312449961900711
f 211/27/211 2204/104/2204 2117/105/2117
f 106/104/106 18/27/18 187/24/187
vt 0.0257920008152723 0.2658779919147491
f 2321/25/2321 393/28/393 135/106/135
f 679/105/679 654/28/654 1260/27/1260
f 1115/93/1115 342/24/342 944/23/944
f 780/28/780 1682/87/1682 356/86/356
vt 0.0123840002343059 0.2365660071372986
f 1678/84/1678 1136/107/1136 711/14/711
vt 0.0168990008533001 0.2433110028505325
f 1091/108/1091 1587/14/1587 1504/107/1504
f 635/11/635 1678/84/1678 1256/14/1256
vt 0.0236419998109341 0.2580510079860687
f 2005/109/2005 396/28/396 1627/86/1627
f 187/14/187 206/108/206 2230/86/2230
f 1772/86/1772 1472/79/1472 1883/14/1883
f 507/109/507 2038/106/2038 1436/28/1436
f 311/28/311 820/105/820 1810/87/1810
vt 0.0275270007550716 0.2819939851760864
f 357/110/357 843/33/843 626/25/626
vt 0.0275270007550716 0.3150320053100586
f 304/33/304 1261/110/1261 678/111/678
f 1080/111/1080 233/34/233 61/33/61
vt 0.0275270007550716 0.4471859931945801
f 654/42/654 2039/112/2039 312/102/312
f 1470/102/1470 907/41/907 1074/42/1074
vt 0.0275270007550716 0.3811089992523193
f 2231/113/2231 21/42/21 2192/38/2192
vt 0.0275270007550716 0.3480710089206696
f 952/34/952 2243/111/2243 2238/114/2238
f 1463/114/1463 1073/38/1073 2283/34/2283
vt 0.0270920004695654 0.2738890051841736
f 1822/25/1822 1318/115/1318 684/110/684
vt 0.0275270007550716 0.4141469895839691
f 2129/42/2129 359/113/359 601/116/601
f 24/112/24 2067/42/2067 2301/116/2301
f 1235/38/1235 2163/114/2163 628/113/628
f 1531/106/1531 1037/115/1037 1875/25/1875
f 2126/62/2126 604/64/604 1638/7/1638
vt 0.4590280055999756 0.8820610046386719
vt 0.4590280055999756 0.8544499874114990
vt 0.4691750109195709 0.8544499874114990
f 1010/117/1010 1128/118/1128 1204/119/1204
vt 0.4691750109195709 0.8820610046386719
f 2263/119/2263 1048/120/1048 1107/117/1107
vt 0.4691750109195709 0.9096729755401611
f 729/117/729 107/120/107 93/121/93
vt 0.4793219864368439 0.9096729755401611
f 87/122/87 2345/121/2345 108/120/108
vt 0.4894689917564392 0.8544499874114990
f 1298/120/1298 712/119/712 717/123/717
vt 0.4894689917564392 0.9096729755401611
f 1616/123/1616 2132/124/2132 1645/122/1645
f 175/122/175 2193/120/2193 174/123/174
vt 0.4691750109195709 0.7992259860038757
vt 0.4691750109195709 0.7440019845962524
vt 0.4894689917564392 0.7440019845962524
f 1907/125/1907 323/126/323 17/127/17
vt 0.4894689917564392 0.7992259860038757
f 597/127/597 603/128/603 1642/125/1642
f 1059/119/1059 1977/125/1977 1611/128/1611
f 1685/128/1685 634/123/634 632/119/632
vt 0.5097630023956299 0.7992259860038757
f 15/123/15 1186/128/1186 328/129/328
vt 0.5097630023956299 0.8544499874114990
f 180/129/180 184/130/184 444/123/444
vt 0.5097630023956299 0.7716140151023865
f 794/131/794 546/129/546 885/128/885
vt 0.5097630023956299 0.7440019845962524
f 127/127/127 1453/132/1453 227/131/227
f 560/128/560 557/127/557 558/131/558
vt 0.5199090242385864 0.7716140151023865
f 449/129/449 374/131/374 450/133/450
vt 0.5199090242385864 0.7992259860038757
f 449/133/449 450/134/450 374/129/374
vt 0.5300559997558594 0.7716140151023865
f 881/134/881 1873/133/1873 1593/135/1593
vt 0.5300559997558594 0.7992259860038757
f 1099/135/1099 536/136/536 1581/134/1581
vt 0.5300559997558594 0.8544499874114990
f 1878/134/1878 1787/136/1787 1545/137/1545
f 1512/130/1512 791/129/791 529/134/529
f 1858/137/1858 1286/130/1286 1635/134/1635
vt 0.4894689917564392 0.9372850060462952
vt 0.4996159970760345 0.9096729755401611
f 2247/138/2247 2269/124/2269 1717/139/1717
vt 0.4996159970760345 0.9372850060462952
f 1162/139/1162 1862/140/1862 884/138/884
vt 0.5046889781951904 0.9372850060462952
f 1125/141/1125 2171/140/2171 1343/139/1343
vt 0.5097630023956299 0.9096729755401611
vt 0.5097630023956299 0.9372850060462952
f 1171/142/1171 1862/143/1862 82/141/82
f 517/139/517 1050/142/1050 1272/141/1272
f 537/139/537 1700/124/1700 1764/123/1764
f 221/130/221 235/142/235 37/139/37
f 58/123/58 78/130/78 1932/139/1932
vt 0.5199090242385864 0.9096729755401611
f 642/144/642 1664/142/1664 2162/130/2162
vt 0.5300559997558594 0.9096729755401611
f 729/137/729 380/145/380 107/144/107
f 1669/130/1669 2184/137/2184 581/144/581
vt 0.5148360133171082 0.9372850060462952
f 900/146/900 1468/143/1468 1460/142/1460
vt 0.5199090242385864 0.9372850060462952
f 219/144/219 47/147/47 68/146/68
f 128/142/128 2322/144/2322 1948/146/1948
vt 0.5249829888343811 0.9372850060462952
f 1365/148/1365 1394/147/1394 1226/144/1226
vt 0.5300559997558594 0.9372850060462952
f 1918/145/1918 231/149/231 2272/148/2272
f 411/144/411 1623/145/1623 953/148/953
vt 0.4691750109195709 0.6887779831886292
vt 0.4691750109195709 0.6335539817810059
vt 0.4894689917564392 0.6335539817810059
f 1405/150/1405 1540/151/1540 1400/152/1400
vt 0.4894689917564392 0.6887779831886292
f 1723/152/1723 1407/153/1407 817/150/817
f 1575/126/1575 532/150/532 798/153/798
f 2089/153/2089 496/127/496 389/126/389
vt 0.4691750109195709 0.5783309936523438
vt 0.4894689917564392 0.5783309936523438
f 843/151/843 1397/154/1397 348/155/348
f 340/155/340 1397/152/1397 747/151/747
vt 0.5097630023956299 0.7163900136947632
f 2115/156/2115 2102/132/2102 260/127/260
vt 0.5097630023956299 0.6887779831886292
f 895/153/895 880/157/880 1554/156/1554
f 2267/127/2267 1054/153/1054 1046/156/1046
f 731/157/731 195/153/195 93/152/93
vt 0.5351300239562988 0.9510909914970398
vt 0.5351300239562988 0.9372850060462952
vt 0.5402029752731323 0.9372850060462952
f 2074/158/2074 2048/159/2048 2054/160/2054
vt 0.5402029752731323 0.9510909914970398
f 2074/160/2074 2228/161/2228 2191/158/2191
f 2232/159/2232 2075/149/2075 319/145/319
vt 0.5402029752731323 0.9096729755401611
f 141/162/141 1453/160/1453 127/159/127
f 1314/145/1314 721/162/721 1358/159/1358
vt 0.5503500103950500 0.9096729755401611
f 887/160/887 929/162/929 1552/163/1552
vt 0.5503500103950500 0.9372850060462952
f 668/163/668 542/164/542 1690/160/1690
f 580/162/580 472/145/472 577/137/577
vt 0.5503500103950500 0.8544499874114990
f 2258/165/2258 1276/163/1276 321/162/321
f 2207/137/2207 109/165/109 190/162/190
vt 0.5706440210342407 0.8544499874114990
f 1631/163/1631 2011/165/2011 609/166/609
vt 0.5706440210342407 0.9096729755401611
f 2124/166/2124 572/167/572 618/163/618
vt 0.5402029752731323 0.7992259860038757
vt 0.5503500103950500 0.7992259860038757
f 22/168/22 210/169/210 199/165/199
f 168/137/168 249/136/249 263/168/263
f 962/165/962 2154/137/2154 982/168/982
f 590/168/590 422/136/422 408/135/408
vt 0.5706440210342407 0.7716140151023865
vt 0.5706440210342407 0.7992259860038757
vt 0.5604969859123230 0.7992259860038757
f 962/170/962 773/171/773 1306/172/1306
f 338/172/338 1396/171/1396 852/166/852
f 338/165/338 633/169/633 757/172/757
f 663/166/663 1276/165/1276 1998/172/1998
vt 0.5807909965515137 0.7992259860038757
vt 0.5909379720687866 0.7992259860038757
vt 0.5909379720687866 0.8544499874114990
f 780/173/780 356/174/356 1386/175/1386
f 1615/166/1615 2121/171/2121 585/173/585
f 32/175/32 570/166/570 2081/173/2081
vt 0.5182579755783081 0.7405260205268860
vt 0.5216649770736694 0.7487990260124207
f 1897/133/1897 1490/176/1490 1788/177/1788
vt 0.5341489911079407 0.7613540291786194
f 15/168/15 328/135/328 2367/178/2367
vt 0.5270850062370300 0.7559030055999756
f 86/135/86 84/179/84 2/178/2
f 935/133/935 1037/177/1037 938/179/938
vt 0.5170959830284119 0.5578640103340149
vt 0.5170959830284119 0.5926210284233093
f 1566/155/1566 2244/180/2244 1270/181/1270
vt 0.5170959830284119 0.6273779869079590
f 2164/181/2164 1686/182/1686 2158/152/2158
f 1956/152/1956 2287/155/2287 1917/181/1917
vt 0.5170959830284119 0.6621350049972534
vt 0.5170959830284119 0.6968920230865479
f 1262/157/1262 1261/183/1261 655/184/655
vt 0.5170959830284119 0.7316489815711975
f 1911/184/1911 234/185/234 1079/156/1079
f 607/156/607 1617/157/1617 2310/184/2310
f 1152/152/1152 1401/182/1401 1151/183/1151
f 1364/132/1364 1222/185/1222 1114/176/1114
vt 0.5170959830284119 0.5231069922447205
f 860/155/860 2179/186/2179 633/180/633
vt 0.5742989778518677 0.7659500241279602
f 2029/173/2029 1415/170/1415 2041/187/2041
vt 0.5866100192070007 0.7783309817314148
f 1234/188/1234 1235/173/1235 628/187/628
vt 0.5627509951591492 0.7659500241279602
f 926/189/926 1178/187/1178 552/170/552
f 731/188/731 6/174/6 195/173/195
vt 0.6112319827079773 0.8435440063476562
vt 0.5989210009574890 0.7907119989395142
f 439/190/439 172/174/172 186/191/186
f 2135/191/2135 1619/174/1619 413/188/413
f 241/171/241 165/170/165 259/173/259
vt 0.5423750281333923 0.7647809982299805
f 1038/168/1038 1019/178/1019 1588/192/1588
vt 0.5512030124664307 0.7659500241279602
f 356/193/356 648/189/648 351/172/351
f 1074/172/1074 1984/169/1984 52/193/52
f 1165/179/1165 1728/135/1728 1580/133/1580
f 2004/172/2004 829/189/829 1451/170/1451
f 1631/193/1631 1989/169/1989 2011/192/2011
f 1681/133/1681 1248/132/1248 1241/176/1241
vt 0.4488810002803802 0.5231069922447205
vt 0.4829879999160767 0.5231069922447205
f 300/154/300 1449/194/1449 1411/195/1411
f 2195/155/2195 738/195/738 214/186/214
f 1603/155/1603 544/154/544 523/195/523
vt 0.4488810002803802 0.6646050214767456
vt 0.4488810002803802 0.6443910002708435
f 1313/196/1313 968/197/968 1201/151/1201
vt 0.4488810002803802 0.5433210134506226
f 1203/198/1203 954/194/954 1124/154/1124
vt 0.4488810002803802 0.6241769790649414
f 1881/154/1881 879/151/879 1551/199/1551
vt 0.4488810002803802 0.6039630174636841
f 430/199/430 1371/200/1371 994/154/994
vt 0.4488810002803802 0.5635349750518799
f 703/154/703 713/201/713 1360/198/1360
vt 0.4488810002803802 0.5837489962577820
f 1065/154/1065 60/202/60 232/201/232
f 1467/151/1467 1465/197/1465 223/199/223
f 107/200/107 83/202/83 93/154/93
f 937/151/937 878/150/878 563/196/563
f 2194/133/2194 316/131/316 2051/132/2051
vt 0.4488810002803802 0.7858890295028687
f 815/126/815 812/125/812 1402/203/1402
vt 0.4488810002803802 0.7656750082969666
f 1356/203/1356 1292/204/1292 1362/126/1362
f 220/132/220 59/156/59 39/185/39
vt 0.4488810002803802 0.7252470254898071
f 2001/150/2001 1999/126/1999 1167/205/1167
vt 0.4488810002803802 0.7050330042839050
f 1761/205/1761 1513/206/1513 1580/150/1580
vt 0.4488810002803802 0.6848189830780029
f 1257/150/1257 1656/207/1656 26/196/26
f 2232/150/2232 319/206/319 2035/207/2035
vt 0.4488810002803802 0.7454609870910645
f 1119/126/1119 427/208/427 1250/205/1250
f 431/204/431 1342/208/1342 1123/126/1123
f 1923/183/1923 1083/157/1083 1982/152/1982
f 1158/174/1158 1604/190/1604 814/175/814
vt 0.6112319827079773 0.8839949965476990
f 692/209/692 1329/175/1329 1291/190/1291
f 1268/167/1268 500/166/500 1437/175/1437
vt 0.6112319827079773 0.9244459867477417
f 903/209/903 63/210/63 1975/175/1975
f 2056/210/2056 2297/167/2297 2045/175/2045
f 2094/192/2094 150/169/150 2337/168/2337
f 1110/167/1110 1113/164/1113 1500/163/1500
f 696/161/696 1355/160/1355 1348/164/1348
vt 0.5757009983062744 0.9648969769477844
f 743/211/743 2151/164/2151 2/167/2
f 1028/211/1028 2025/167/2025 676/210/676
vt 0.6112319827079773 0.8030930161476135
f 26/190/26 1642/191/1642 603/212/603
vt 0.5401700139045715 0.9648969769477844
vt 0.5369679927825928 0.9591159820556641
f 2168/213/2168 620/214/620 1258/161/1258
f 489/214/489 2013/158/2013 1006/161/1006
f 244/213/244 2230/164/2230 170/211/170
f 48/164/48 217/213/217 1061/161/1061
vt 0.6112319827079773 0.9648969769477844
f 1839/211/1839 1645/210/1645 722/215/722
vt 0.5275909900665283 0.9499189853668213
f 747/216/747 1397/148/1397 843/149/843
vt 0.5217639803886414 0.9468460083007812
f 2063/217/2063 740/147/740 2145/148/2145
vt 0.5327230095863342 0.9540609717369080
f 259/149/259 267/218/267 240/216/240
f 2112/214/2112 171/218/171 2100/158/2100
f 1541/216/1541 881/217/881 1320/148/1320
f 2142/218/2142 924/149/924 202/158/202
f 1881/158/1881 891/149/891 1871/159/1871
vt 0.5154590010643005 0.9449549913406372
f 2096/219/2096 2108/147/2108 2056/217/2056
f 1731/118/1731 30/125/30 2307/119/2307
vt 0.4488810002803802 0.8263170123100281
f 2331/220/2331 1923/125/1923 2277/118/2277
f 1551/138/1551 879/122/879 874/124/874
vt 0.4581139981746674 0.9164590239524841
vt 0.4488810002803802 0.9071739912033081
f 410/221/410 31/222/31 422/117/422
vt 0.4488810002803802 0.8869590163230896
f 110/118/110 248/117/248 371/223/371
vt 0.4488810002803802 0.8667449951171875
f 837/223/837 1244/224/1244 1238/118/1238
vt 0.4488810002803802 0.8061029911041260
f 1059/125/1059 1965/220/1965 1977/225/1977
vt 0.4488810002803802 0.8465309739112854
f 1430/118/1430 510/226/510 1714/220/1714
f 1659/117/1659 620/222/620 1666/223/1666
f 871/224/871 569/226/569 1097/118/1097
f 1436/203/1436 308/125/308 2252/225/2252
f 538/219/538 805/143/805 1557/146/1557
vt 0.5089100003242493 0.9443160295486450
f 1468/227/1468 72/141/72 1460/143/1460
vt 0.4973619878292084 0.9443160295486450
f 402/228/402 1145/140/1145 1858/141/1858
f 1613/219/1613 475/227/475 1612/143/1612
f 214/227/214 743/228/743 1319/141/1319
f 1126/219/1126 2152/146/2152 836/147/836
vt 0.4673469960689545 0.9257450103759766
f 2216/221/2216 166/121/166 182/229/182
vt 0.4765810072422028 0.9350309967994690
f 1606/230/1606 1174/229/1174 548/121/548
f 1606/117/1606 1787/121/1787 1174/221/1174
vt 0.4858140051364899 0.9443160295486450
f 600/231/600 2346/138/2346 1065/228/1065
f 22/122/22 739/138/739 2186/231/2186
f 1463/231/1463 908/230/908 1073/122/1073
f 2044/122/2044 264/230/264 2063/121/2063
f 1181/138/1181 39/140/39 2242/228/2242
vt 0.3155060112476349 0.9096729755401611
vt 0.3053599894046783 0.8544499874114990
vt 0.3053599894046783 0.9096729755401611
f 1189/232/1189 997/233/997 1191/234/1191
vt 0.3256529867649078 0.8544499874114990
vt 0.3256529867649078 0.9096729755401611
f 2286/235/2286 2317/232/2317 1941/236/1941
f 264/233/264 258/232/258 249/235/249
vt 0.3459469974040985 0.8544499874114990
vt 0.3459469974040985 0.7992259860038757
f 2102/235/2102 111/237/111 2197/238/2197
vt 0.3256529867649078 0.7992259860038757
f 599/238/599 1613/239/1613 34/235/34
vt 0.3459469974040985 0.7716140151023865
f 1336/240/1336 1120/239/1120 1356/238/1356
vt 0.3256529867649078 0.7440019845962524
vt 0.3459469974040985 0.7440019845962524
f 967/241/967 702/240/702 1302/242/1302
f 137/239/137 2328/240/2328 139/241/139
vt 0.3560940027236938 0.7992259860038757
vt 0.3560940027236938 0.7716140151023865
f 58/238/58 2356/243/2356 78/244/78
f 683/244/683 775/240/775 1359/238/1359
vt 0.3662410080432892 0.7992259860038757
vt 0.3662410080432892 0.7716140151023865
f 1770/243/1770 281/245/281 1715/246/1715
f 2168/246/2168 1250/244/1250 586/243/586
vt 0.3662410080432892 0.8544499874114990
f 2014/243/2014 2008/247/2008 486/245/486
f 493/237/493 486/243/486 474/238/474
f 1368/247/1368 720/243/720 1351/237/1351
vt 0.3256529867649078 0.9372850060462952
vt 0.3357999920845032 0.9372850060462952
vt 0.3357999920845032 0.9096729755401611
f 2334/248/2334 2238/249/2238 2237/250/2237
f 2211/250/2211 458/236/458 2345/248/2345
vt 0.3408739864826202 0.9372850060462952
f 438/251/438 193/250/193 2200/249/2200
vt 0.3459469974040985 0.9096729755401611
vt 0.3459469974040985 0.9372850060462952
f 150/252/150 1076/251/1076 1908/253/1908
f 1968/250/1968 1076/251/1076 44/252/44
f 1826/250/1826 770/235/770 720/236/720
f 1446/237/1446 830/250/830 1418/252/1418
f 2343/235/2343 179/250/179 374/237/374
vt 0.3560940027236938 0.9096729755401611
f 1892/254/1892 1092/237/1092 1510/252/1510
vt 0.3662410080432892 0.9096729755401611
f 1908/247/1908 1076/254/1076 2283/255/2283
f 926/237/926 873/254/873 549/247/549
vt 0.3510209918022156 0.9372850060462952
f 675/256/675 569/252/569 918/253/918
vt 0.3560940027236938 0.9372850060462952
f 71/254/71 2347/256/2347 158/257/158
f 1963/252/1963 131/256/131 1955/254/1955
vt 0.3611679971218109 0.9372850060462952
f 91/258/91 21/254/21 2145/257/2145
vt 0.3662410080432892 0.9372850060462952
f 1935/255/1935 155/258/155 1916/259/1916
f 1888/254/1888 1035/258/1035 1589/255/1589
vt 0.3459469974040985 0.7163900136947632
f 2203/260/2203 2118/241/2118 259/242/259
vt 0.3256529867649078 0.6887779831886292
vt 0.3459469974040985 0.6887779831886292
f 2343/261/2343 437/260/437 179/262/179
f 1353/241/1353 1305/260/1305 691/261/691
vt 0.3256529867649078 0.6335539817810059
f 1320/262/1320 924/263/924 2142/261/2142
vt 0.3713139891624451 0.9510909914970398
vt 0.3763880133628845 0.9510909914970398
vt 0.3763880133628845 0.9372850060462952
f 922/264/922 924/265/924 1593/266/1593
vt 0.3713139891624451 0.9372850060462952
f 2097/266/2097 256/267/256 275/264/275
f 642/267/642 2172/255/2172 1664/259/1664
vt 0.3763880133628845 0.9096729755401611
f 1531/268/1531 938/267/938 1037/266/1037
f 743/255/743 741/267/741 2151/268/2151
vt 0.3865349888801575 0.9372850060462952
vt 0.3865349888801575 0.9096729755401611
f 1059/266/1059 60/269/60 1060/270/1060
f 1281/270/1281 307/268/307 1046/266/1046
f 120/268/120 904/247/904 222/255/222
vt 0.3865349888801575 0.8544499874114990
f 205/271/205 88/268/88 8/270/8
f 363/247/363 947/268/947 781/271/781
vt 0.4068289995193481 0.9096729755401611
vt 0.4068289995193481 0.8544499874114990
f 1631/270/1631 1341/272/1341 2136/273/2136
f 1503/273/1503 1475/271/1475 1091/270/1091
vt 0.3763880133628845 0.7992259860038757
vt 0.3865349888801575 0.7992259860038757
f 149/274/149 2272/271/2272 1081/275/1081
f 994/247/994 2153/274/2153 1680/245/1680
f 1127/271/1127 405/274/405 950/247/950
f 643/274/643 1672/246/1672 998/245/998
vt 0.4068289995193481 0.7716140151023865
vt 0.3966819941997528 0.7992259860038757
vt 0.4068289995193481 0.7992259860038757
f 2117/276/2117 2103/277/2103 2199/278/2199
f 1093/277/1093 1488/273/1488 2214/278/2214
f 1649/271/1649 494/277/494 478/275/478
f 2372/273/2372 1456/277/1456 899/271/899
vt 0.4169760048389435 0.7992259860038757
vt 0.4271219968795776 0.8544499874114990
vt 0.4271219968795776 0.7992259860038757
f 300/279/300 2003/280/2003 1449/281/1449
f 363/273/363 781/279/781 1388/278/1388
f 357/280/357 1226/279/1226 1394/273/1394
vt 0.3785600066184998 0.7647809982299805
vt 0.3703339993953705 0.7613540291786194
f 1438/274/1438 1450/282/1450 825/283/825
vt 0.4104830026626587 0.7659500241279602
vt 0.3989349901676178 0.7659500241279602
f 966/276/966 1297/284/1297 957/285/957
vt 0.3873870074748993 0.7659500241279602
f 1848/286/1848 1295/275/1295 1849/277/1849
f 110/277/110 2107/285/2107 2344/286/2344
f 516/275/516 510/286/510 2032/282/2032
vt 0.3191730082035065 0.5231069922447205
vt 0.3532800078392029 0.5578640103340149
vt 0.3532800078392029 0.5231069922447205
f 229/287/229 49/288/49 55/289/55
vt 0.3632700145244598 0.7559030055999756
vt 0.3578499853610992 0.7487990260124207
f 1937/244/1937 334/290/334 323/291/323
vt 0.3544420003890991 0.7405260205268860
f 369/244/369 446/291/446 432/292/432
f 1211/290/1211 1130/246/1130 982/283/982
f 386/276/386 394/279/394 395/284/395
vt 0.4289500117301941 0.7845209836959839
f 1588/293/1588 545/284/545 940/279/940
f 1612/293/1612 596/279/596 468/281/468
f 167/276/167 190/278/190 166/279/166
vt 0.4474160075187683 0.8030930161476135
f 1290/281/1290 1330/294/1330 1318/293/1318
f 296/290/296 1737/244/1737 804/246/804
f 1904/274/1904 160/275/160 1927/282/1927
f 1485/283/1485 806/246/806 789/274/789
f 1005/277/1005 1144/276/1144 1856/285/1856
f 540/242/540 801/244/801 800/292/800
f 1669/287/1669 1217/263/1217 1205/288/1205
vt 0.3532800078392029 0.5926210284233093
f 1912/295/1912 153/288/153 1082/263/1082
vt 0.3532800078392029 0.6621350049972534
vt 0.3532800078392029 0.6273779869079590
f 2362/263/2362 2364/296/2364 2365/297/2365
vt 0.2850660085678101 0.6383270025253296
vt 0.2850660085678101 0.6767339706420898
f 898/263/898 380/298/380 7/299/7
f 417/299/417 2012/261/2012 397/263/397
f 2263/295/2263 1791/263/1791 1816/297/1816
vt 0.2850660085678101 0.5999199748039246
f 887/300/887 1151/263/1151 1401/287/1401
vt 0.2850660085678101 0.5231069922447205
vt 0.2850660085678101 0.5615140199661255
f 2280/287/2280 1930/301/1930 1908/302/1908
f 1550/263/1550 921/300/921 877/298/877
f 1007/300/1007 1121/287/1121 987/302/987
f 2096/262/2096 2056/296/2056 2064/263/2064
vt 0.3532800078392029 0.6968920230865479
f 173/260/173 253/303/253 248/262/248
f 799/296/799 543/262/543 1106/303/1106
vt 0.3532800078392029 0.7316489815711975
f 2077/242/2077 2055/304/2055 8/260/8
f 815/303/815 1402/260/1402 2031/304/2031
f 2248/242/2248 1479/292/1479 1751/304/1751
vt 0.2850660085678101 0.7151399850845337
vt 0.2850660085678101 0.7535470128059387
f 1350/261/1350 1366/305/1366 1506/306/1506
f 2010/306/2010 418/241/418 2337/261/2337
f 904/299/904 2283/305/2283 1067/261/1067
vt 0.2850660085678101 0.7919539809226990
f 952/307/952 2238/239/2238 986/241/986
f 550/241/550 935/306/935 1036/307/1036
f 2337/242/2337 150/240/150 1930/244/1930
vt 0.4474160075187683 0.8435440063476562
f 1056/280/1056 1715/308/1715 2261/294/2261
f 397/294/397 2012/281/2012 495/280/495
vt 0.4474160075187683 0.9244459867477417
vt 0.4474160075187683 0.8839949965476990
f 1028/309/1028 1895/310/1895 1789/280/1789
f 974/308/974 1304/280/1304 1841/310/1841
f 974/272/974 1841/309/1841 1304/280/1304
f 1326/280/1326 80/273/80 88/272/88
f 277/272/277 1701/270/1701 1733/269/1733
f 941/265/941 1134/269/1134 1224/266/1224
vt 0.4118849933147430 0.9648969769477844
f 488/311/488 2012/272/2012 406/269/406
f 1498/311/1498 1109/309/1109 543/272/543
vt 0.3731530010700226 0.9591159820556641
f 595/264/595 2089/312/2089 33/265/33
vt 0.3763540089130402 0.9648969769477844
f 1740/313/1740 300/265/300 1411/312/1411
f 776/311/776 1623/269/1623 336/313/336
f 146/269/146 1925/265/1925 1942/313/1942
f 1831/264/1831 1840/267/1840 1337/259/1337
vt 0.3637759983539581 0.9499189853668213
f 1655/314/1655 2183/259/2183 2158/258/2158
vt 0.3689079880714417 0.9540609717369080
f 1125/314/1125 1245/315/1245 1229/259/1229
f 2077/264/2077 2296/259/2296 2058/315/2058
f 248/312/248 253/264/253 371/315/371
vt 0.3579489886760712 0.9468460083007812
f 695/316/695 1190/314/1190 1842/258/1842
vt 0.4474160075187683 0.9648969769477844
f 1477/317/1477 1087/309/1087 1772/311/1772
f 794/233/794 885/235/885 1736/239/1736
vt 0.3219990134239197 0.9443160295486450
vt 0.3035320043563843 0.9257450103759766
f 755/318/755 1824/232/1824 1317/319/1317
vt 0.2850660085678101 0.8303599953651428
f 266/307/266 259/320/259 261/233/261
vt 0.2850660085678101 0.8687670230865479
f 550/321/550 891/233/891 1533/320/1533
vt 0.2850660085678101 0.9071739912033081
f 2170/319/2170 698/234/698 846/322/846
f 2093/322/2093 2091/234/2091 491/233/491
f 1892/233/1892 1105/321/1105 1102/322/1102
f 884/232/884 1862/234/1862 1171/319/1171
f 2330/248/2330 423/236/423 1950/232/1950
f 633/239/633 2179/307/2179 2160/233/2160
vt 0.3516440093517303 0.9449549913406372
f 579/323/579 2006/257/2006 414/256/414
f 1086/253/1086 1492/323/1492 2244/256/2244
f 662/316/662 2036/257/2036 663/323/663
vt 0.3450939953327179 0.9443160295486450
f 1940/324/1940 158/323/158 2347/253/2347
f 2122/316/2122 1634/258/1634 2082/257/2082
vt 0.3335460126399994 0.9443160295486450
f 298/325/298 2251/251/2251 2244/249/2244
f 743/248/743 2/318/2 1319/325/1319
f 528/325/528 783/249/783 1565/248/1565
f 2366/251/2366 2360/325/2360 59/324/59
f 498/324/498 1491/253/1491 509/251/509
f 859/232/859 1388/318/1388 781/248/781
vt 0.9379820227622986 0.1934809982776642
vt 0.9723970293998718 0.2065590023994446
vt 0.9723970293998718 0.1934809982776642
f 268/326/268 248/327/248 2338/328/2338
vt 0.9035670161247253 0.1934809982776642
vt 0.9035670161247253 0.2065590023994446
f 685/326/685 1827/329/1827 689/330/689
f 291/330/291 1996/327/1996 1446/326/1446
vt 0.9265109896659851 0.2196370065212250
vt 0.9494540095329285 0.2196370065212250
f 1644/330/1644 1061/331/1061 217/332/217
f 1931/332/1931 126/327/126 1952/330/1952
vt 0.9035670161247253 0.2196370065212250
f 1521/333/1521 533/331/533 785/330/785
vt 0.9723970293998718 0.2196370065212250
f 2071/334/2071 2050/327/2050 2067/332/2067
vt 0.1231620013713837 0.5231069922447205
vt 0.1568440049886703 0.5231069922447205
vt 0.1568440049886703 0.5348399877548218
f 645/335/645 352/336/352 1287/337/1287
vt 0.1568440049886703 0.5465720295906067
vt 0.0894789993762970 0.5465720295906067
f 1549/337/1549 1868/338/1868 1583/339/1583
vt 0.0894789993762970 0.5348399877548218
f 1087/339/1087 297/340/297 1688/337/1688
vt 0.1568440049886703 0.5700370073318481
vt 0.0894789993762970 0.5700370073318481
vt 0.0894789993762970 0.5583050251007080
f 2156/341/2156 989/342/989 1197/343/1197
vt 0.1568440049886703 0.5583050251007080
f 872/343/872 1552/344/1552 1598/341/1598
vt 0.1568440049886703 0.5817700028419495
vt 0.0894789993762970 0.5817700028419495
f 9/345/9 727/346/727 739/342/739
f 1389/342/1389 360/341/360 1367/345/1367
f 6/338/6 2210/344/2210 195/343/195
f 372/343/372 374/339/374 461/338/461
vt 0.0894789993762970 0.5231069922447205
f 1524/347/1524 1562/335/1562 527/340/527
f 1542/340/1542 789/335/789 1176/337/1176
vt 0.1568440049886703 0.5935019850730896
f 1890/346/1890 1790/345/1790 1084/348/1084
vt 0.0894789993762970 0.5935019850730896
f 2301/348/2301 2050/349/2050 2046/346/2046
vt 0.1568440049886703 0.6052349805831909
vt 0.0894789993762970 0.6052349805831909
f 398/348/398 421/350/421 485/351/485
f 843/351/843 2183/349/2183 626/348/626
vt 0.1568440049886703 0.6169679760932922
vt 0.0894789993762970 0.6169679760932922
f 1425/350/1425 1420/352/1420 663/353/663
f 817/353/817 309/351/309 1406/350/1406
vt 0.1568440049886703 0.6404330134391785
vt 0.0894789993762970 0.6404330134391785
vt 0.0894789993762970 0.6287000179290771
f 2132/354/2132 25/355/25 1645/356/1645
vt 0.1568440049886703 0.6287000179290771
f 2263/356/2263 1817/357/1817 1048/354/1048
vt 0.1231620013713837 0.6521649956703186
vt 0.1568440049886703 0.6521649956703186
f 1088/358/1088 1482/354/1482 1780/359/1780
f 138/357/138 2236/356/2236 112/353/112
f 1886/353/1886 1785/352/1785 1088/357/1088
vt 0.0894789993762970 0.6521649956703186
f 1661/358/1661 621/360/621 978/355/978
f 1518/355/1518 1103/354/1103 286/358/286
vt 0.1612589955329895 0.0778250023722649
vt 0.0806289985775948 0.0778250023722649
vt 0.0806289985775948 0.0583689995110035
f 1870/361/1870 1432/362/1432 2003/363/2003
vt 0.1612589955329895 0.0583689995110035
f 597/363/597 1642/364/1642 504/361/504
vt 0.2418880015611649 0.0778250023722649
f 2062/365/2062 2300/361/2300 2054/364/2054
vt 0.2418880015611649 0.0583689995110035
f 1177/364/1177 1535/366/1535 868/365/868
vt 0.3225179910659790 0.0778250023722649
f 1990/367/1990 2032/365/2032 822/366/822
vt 0.3225179910659790 0.0583689995110035
f 330/366/330 1927/368/1927 160/367/160
vt 0.4031470119953156 0.0583689995110035
vt 0.3628320097923279 0.0583689995110035
vt 0.3628320097923279 0.0486409999430180
f 914/369/914 1969/370/1969 1964/371/1964
vt 0.4031470119953156 0.0486409999430180
f 1514/371/1514 1578/372/1578 1601/369/1601
vt 0.3225179910659790 0.0486409999430180
f 90/370/90 2140/368/2140 2139/373/2139
f 2278/373/2278 1910/371/1910 152/370/152
vt 0.3628320097923279 0.0389119982719421
f 680/374/680 752/371/752 1291/373/1291
vt 0.3829900026321411 0.0389119982719421
vt 0.4031470119953156 0.0389119982719421
vt 0.4031470119953156 0.0437770001590252
f 288/375/288 1710/376/1710 1743/377/1743
f 1390/377/1390 866/372/866 1340/371/1340
f 1852/371/1852 1188/374/1188 1218/375/1218
f 537/375/537 1764/377/1764 1717/371/1717
vt 0.3628320097923279 0.0778250023722649
vt 0.4031470119953156 0.0680970028042793
f 537/378/537 1112/370/1112 803/379/803
f 2308/370/2308 397/369/397 572/379/572
vt 0.4031470119953156 0.0778250023722649
f 1473/379/1473 2250/380/2250 1891/378/1891
f 1800/378/1800 1720/367/1720 1041/368/1041
f 927/368/927 1022/370/1022 1883/378/1883
vt 0.4031470119953156 0.0924180001020432
vt 0.4031470119953156 0.0972819998860359
vt 0.3829900026321411 0.0972819998860359
f 2002/381/2002 2004/382/2004 1451/383/1451
vt 0.3628320097923279 0.0972819998860359
vt 0.3628320097923279 0.0875540003180504
f 1207/383/1207 1664/384/1664 2172/385/2172
vt 0.4031470119953156 0.0875540003180504
f 314/385/314 1012/386/1012 1583/381/1583
f 145/381/145 1982/383/1982 2128/385/2128
vt 0.3225179910659790 0.0875540003180504
f 1925/387/1925 1972/385/1972 1082/384/1082
f 365/385/365 1826/387/1826 1851/367/1851
f 760/367/760 1845/378/1845 683/385/683
f 173/386/173 248/385/248 268/378/268
f 2227/378/2227 2074/380/2074 2054/386/2054
vt 0.4535399973392487 0.0389119982719421
vt 0.4434620141983032 0.0389119982719421
vt 0.4434620141983032 0.0364799983799458
f 113/388/113 1464/389/1464 2358/390/2358
vt 0.4535399973392487 0.0364799983799458
f 1002/390/1002 1190/391/1190 1142/388/1142
vt 0.4434620141983032 0.0340479984879494
f 2346/391/2346 2016/390/2016 1954/392/1954
vt 0.4535399973392487 0.0340479984879494
f 564/392/564 1012/393/1012 670/391/670
vt 0.4434620141983032 0.0291840005666018
vt 0.4636189937591553 0.0291840005666018
f 416/392/416 412/394/412 413/395/413
vt 0.4233039915561676 0.0389119982719421
f 1089/390/1089 554/389/554 1523/396/1523
vt 0.4233039915561676 0.0340479984879494
f 1336/397/1336 687/392/687 1352/390/1352
f 555/396/555 897/397/897 1553/390/1553
vt 0.4031470119953156 0.0340479984879494
f 862/396/862 345/376/345 762/398/762
f 2294/398/2294 737/397/737 2057/396/2057
vt 0.4233039915561676 0.0291840005666018
f 54/392/54 2324/397/2324 2281/399/2281
f 696/399/696 999/394/999 1830/392/1830
vt 0.4434620141983032 0.0243200007826090
f 974/395/974 1243/394/1243 1668/400/1668
vt 0.4434620141983032 0.0194559991359711
vt 0.4837769865989685 0.0194559991359711
f 1063/400/1063 1949/401/1949 1976/402/1976
vt 0.4837769865989685 0.0291840005666018
f 1855/402/1855 714/403/714 1854/395/1854
f 1739/395/1739 1767/400/1767 1705/402/1705
vt 0.4233039915561676 0.0486409999430180
vt 0.4434620141983032 0.0486409999430180
vt 0.4434620141983032 0.0535049997270107
f 787/404/787 530/405/530 1739/406/1739
vt 0.4434620141983032 0.0583689995110035
f 1059/406/1059 1060/407/1060 1965/369/1965
f 2331/369/2331 130/372/130 1923/404/1923
f 2335/404/2335 2317/406/2317 2286/369/2286
vt 0.4434620141983032 0.0462090000510216
f 247/408/247 188/405/188 164/404/164
vt 0.4233039915561676 0.0437770001590252
vt 0.4434620141983032 0.0437770001590252
f 1487/409/1487 1882/410/1882 1516/408/1516
f 1497/404/1497 2264/409/2264 1738/408/1738
f 1040/404/1040 1797/372/1797 2264/377/2264
f 1933/377/1933 160/409/160 2282/404/2282
f 1613/409/1613 2084/377/2084 1635/376/1635
f 1602/376/1602 553/396/553 2027/409/2027
vt 0.4434620141983032 0.0413439981639385
f 2278/411/2278 1452/410/1452 1465/409/1465
f 817/396/817 1442/389/1442 1727/411/1727
f 1001/409/1001 948/396/948 1007/411/1007
vt 0.4535399973392487 0.0401280000805855
vt 0.4535399973392487 0.0413439981639385
f 1333/412/1333 1000/413/1000 701/411/701
f 697/389/697 1374/388/1374 765/412/765
f 228/411/228 1148/389/1148 1965/412/1965
vt 0.4434620141983032 0.0729610025882721
vt 0.4434620141983032 0.0778250023722649
f 1093/414/1093 2214/415/2214 526/380/526
vt 0.4434620141983032 0.0680970028042793
f 1449/379/1449 1432/416/1432 811/414/811
f 960/380/960 1006/379/1006 997/414/997
vt 0.4434620141983032 0.0632330030202866
f 2335/417/2335 1909/416/1909 2292/379/2292
f 1905/369/1905 1924/407/1924 326/417/326
f 859/379/859 577/369/577 959/417/959
vt 0.4535399973392487 0.0960659980773926
vt 0.4535399973392487 0.0972819998860359
vt 0.4434620141983032 0.0972819998860359
f 1194/418/1194 628/419/628 1121/420/1121
vt 0.4434620141983032 0.0948500037193298
vt 0.4535399973392487 0.0948500037193298
f 2116/421/2116 2104/422/2104 2109/418/2109
f 1658/420/1658 628/421/628 847/418/847
vt 0.4233039915561676 0.0972819998860359
f 77/421/77 1979/420/1979 908/423/908
vt 0.4233039915561676 0.0924180001020432
vt 0.4434620141983032 0.0924180001020432
f 584/424/584 1436/425/1436 2038/421/2038
f 156/423/156 1078/424/1078 218/421/218
f 1343/423/1343 2171/382/2171 1241/381/1241
f 176/381/176 2209/424/2209 2106/423/2106
f 1512/424/1512 529/381/529 1561/386/1561
vt 0.4233039915561676 0.0875540003180504
f 1792/386/1792 1567/426/1567 1516/424/1516
vt 0.4434620141983032 0.0899859964847565
f 1149/427/1149 1148/425/1148 1182/424/1182
vt 0.4434620141983032 0.0875540003180504
f 271/426/271 2206/428/2206 170/427/170
f 1252/424/1252 651/426/651 1676/427/1676
vt 0.4434620141983032 0.0826890021562576
f 1364/429/1364 681/428/681 759/426/759
f 464/426/464 2217/386/2217 463/380/463
f 2039/380/2039 819/415/819 2028/429/2028
f 516/429/516 2032/426/2032 1990/380/1990
vt 0.4434620141983032 0.1118739992380142
vt 0.4434620141983032 0.1070099994540215
vt 0.4636189937591553 0.1070099994540215
f 1869/430/1869 919/431/919 1535/432/1535
vt 0.4837769865989685 0.1070099994540215
vt 0.4837769865989685 0.1167379990220070
f 1920/432/1920 1951/433/1951 47/434/47
vt 0.4434620141983032 0.1167379990220070
f 2282/434/2282 1945/435/1945 154/430/154
f 48/430/48 222/432/222 1968/434/1968
vt 0.4233039915561676 0.1070099994540215
vt 0.4233039915561676 0.1021459996700287
f 2267/431/2267 1811/436/1811 517/437/517
vt 0.4434620141983032 0.1021459996700287
f 1293/437/1293 1292/438/1292 1004/431/1004
vt 0.4031470119953156 0.1021459996700287
f 1126/437/1126 710/439/710 1856/382/1856
f 1120/382/1120 1139/423/1139 1002/437/1002
vt 0.4434620141983032 0.0997140035033226
f 90/440/90 2140/438/2140 79/437/79
f 90/423/90 79/420/79 2140/440/2140
f 1899/437/1899 1110/423/1110 1901/440/1901
f 1277/432/1277 2268/431/2268 502/438/502
vt 0.4535399973392487 0.1021459996700287
f 846/441/846 713/438/713 1850/440/1850
vt 0.4535399973392487 0.0997140035033226
f 1143/440/1143 1219/442/1219 1607/441/1607
f 799/442/799 1738/440/1738 1749/420/1749
f 2203/420/2203 259/419/259 240/442/240
vt 0.5240910053253174 0.0389119982719421
vt 0.5140129923820496 0.0389119982719421
vt 0.5140129923820496 0.0364799983799458
f 1904/443/1904 1926/444/1926 1941/445/1941
vt 0.5240910053253174 0.0364799983799458
f 1911/445/1911 1079/446/1079 1976/443/1976
vt 0.5039340257644653 0.0364799983799458
vt 0.5039340257644653 0.0340479984879494
f 1739/445/1739 1722/447/1722 1699/448/1699
vt 0.5140129923820496 0.0340479984879494
f 687/448/687 1836/449/1836 1352/445/1352
f 2005/446/2005 1628/445/1628 396/449/396
vt 0.5240910053253174 0.0340479984879494
f 2084/449/2084 402/450/402 1858/446/1858
vt 0.5039340257644653 0.0291840005666018
f 1833/449/1833 1307/448/1307 1210/451/1210
vt 0.5240910053253174 0.0291840005666018
f 750/452/750 720/450/720 1842/449/1842
f 1117/451/1117 1003/452/1003 1236/449/1236
f 1887/451/1887 1516/403/1516 1882/402/1882
vt 0.5240910053253174 0.0194559991359711
f 2187/453/2187 808/452/808 1410/451/1410
f 1410/402/1410 306/453/306 2037/451/2037
vt 0.5442489981651306 0.0583689995110035
vt 0.5240910053253174 0.0583689995110035
vt 0.5240910053253174 0.0535049997270107
f 1609/454/1609 2131/455/2131 597/456/597
vt 0.5442489981651306 0.0535049997270107
f 169/456/169 2208/457/2208 189/454/189
vt 0.5240910053253174 0.0486409999430180
f 1669/457/1669 625/456/625 2184/458/2184
vt 0.5442489981651306 0.0486409999430180
f 751/458/751 831/459/831 360/457/360
vt 0.5140129923820496 0.0486409999430180
vt 0.5140129923820496 0.0462090000510216
f 1524/458/1524 1172/460/1172 1794/461/1794
vt 0.5240910053253174 0.0462090000510216
f 1448/461/1448 1713/462/1713 1986/458/1986
vt 0.5140129923820496 0.0449929982423782
vt 0.5140129923820496 0.0437770001590252
vt 0.5240910053253174 0.0437770001590252
f 107/463/107 380/464/380 441/465/441
f 749/462/749 366/461/366 619/463/619
f 886/465/886 1174/462/1174 1878/463/1878
vt 0.5140129923820496 0.0425599999725819
vt 0.5140129923820496 0.0413439981639385
vt 0.5240910053253174 0.0413439981639385
f 2062/466/2062 2048/467/2048 2073/468/2073
f 2046/465/2046 2050/464/2050 2299/466/2299
f 1933/468/1933 1906/465/1906 329/466/329
vt 0.5089730024337769 0.0413439981639385
vt 0.5089730024337769 0.0401280000805855
f 1237/467/1237 978/469/978 1247/470/1247
vt 0.5140129923820496 0.0401280000805855
f 1488/470/1488 461/471/461 2214/467/2214
vt 0.5089730024337769 0.0389119982719421
f 2147/471/2147 2140/470/2140 99/472/99
f 11/472/11 455/444/455 6/471/6
f 786/471/786 291/444/291 1988/443/1988
f 1655/468/1655 626/467/626 2183/471/2183
f 433/443/433 2148/468/2148 735/471/735
vt 0.5442489981651306 0.0437770001590252
f 685/462/685 855/465/855 1334/473/1334
f 1870/459/1870 1499/458/1499 1166/462/1166
f 2293/473/2293 2109/459/2109 2104/462/2104
vt 0.5442489981651306 0.0389119982719421
f 71/468/71 158/443/158 72/474/72
f 1553/473/1553 897/465/897 1861/468/1861
f 1967/474/1967 1907/473/1907 17/468/17
vt 0.5442489981651306 0.0778250023722649
vt 0.5240910053253174 0.0778250023722649
vt 0.5240910053253174 0.0729610025882721
f 2207/475/2207 168/476/168 263/477/263
vt 0.5442489981651306 0.0729610025882721
f 973/477/973 1308/478/1308 2161/475/2161
vt 0.5240910053253174 0.0680970028042793
f 1405/478/1405 1427/477/1427 823/479/823
vt 0.5442489981651306 0.0680970028042793
f 2140/479/2140 79/480/79 2139/478/2139
vt 0.5240910053253174 0.0632330030202866
f 1085/480/1085 1493/479/1493 1489/481/1489
vt 0.5442489981651306 0.0632330030202866
f 889/481/889 1178/482/1178 1173/480/1173
f 864/482/864 1252/481/1252 705/455/705
f 1756/455/1756 1743/454/1743 1710/482/1710
vt 0.5240910053253174 0.0948500037193298
vt 0.5240910053253174 0.0924180001020432
vt 0.5442489981651306 0.0924180001020432
f 1315/483/1315 754/484/754 1317/485/1317
vt 0.5442489981651306 0.0972819998860359
vt 0.5240910053253174 0.0972819998860359
f 434/486/434 2197/487/2197 111/483/111
f 2195/485/2195 2080/486/2080 738/483/738
vt 0.5240910053253174 0.0899859964847565
vt 0.5240910053253174 0.0875540003180504
vt 0.5442489981651306 0.0875540003180504
f 2075/488/2075 202/489/202 319/490/319
f 110/485/110 2338/484/2338 248/488/248
f 1600/490/1600 933/485/933 552/488/552
vt 0.5140129923820496 0.0960659980773926
vt 0.5140129923820496 0.0948500037193298
f 389/491/389 822/492/822 821/483/821
vt 0.5140129923820496 0.0972819998860359
f 66/487/66 2366/493/2366 59/491/59
f 1877/483/1877 1591/487/1591 1029/491/1029
vt 0.5089730024337769 0.0972819998860359
vt 0.5089730024337769 0.0960659980773926
f 1653/493/1653 632/494/632 634/495/634
f 1837/495/1837 702/491/702 985/493/985
vt 0.5089730024337769 0.0948500037193298
f 2156/491/2156 965/495/965 1208/496/1208
f 1189/496/1189 1378/492/1378 1843/491/1843
vt 0.5140129923820496 0.0936340019106865
vt 0.5140129923820496 0.0924180001020432
f 1491/497/1491 1112/498/1112 2269/484/2269
f 477/483/477 618/492/618 572/497/572
f 1283/484/1283 830/483/830 824/497/824
vt 0.5140129923820496 0.0912019982933998
vt 0.5140129923820496 0.0899859964847565
f 1404/499/1404 825/500/825 1741/488/1741
f 1944/484/1944 1458/498/1458 116/499/116
f 962/488/962 1011/484/1011 361/499/361
vt 0.5140129923820496 0.0875540003180504
f 682/488/682 1248/500/1248 708/501/708
f 1936/501/1936 51/489/51 1979/488/1979
vt 0.5240910053253174 0.0826890021562576
f 362/490/362 1358/489/1358 1346/502/1346
vt 0.5442489981651306 0.0826890021562576
f 646/502/646 652/503/652 2160/490/2160
f 2288/503/2288 218/502/218 50/476/50
f 951/476/951 1229/475/1229 647/503/647
vt 0.5039340257644653 0.1070099994540215
vt 0.5240910053253174 0.1070099994540215
vt 0.5240910053253174 0.1167379990220070
f 2000/504/2000 469/505/469 579/506/579
f 1673/434/1673 854/433/854 1244/504/1244
f 526/506/526 374/434/374 179/504/179
vt 0.5140129923820496 0.1021459996700287
vt 0.5240910053253174 0.1021459996700287
f 1761/507/1761 1700/508/1700 1513/505/1513
vt 0.5039340257644653 0.1021459996700287
f 682/504/682 708/509/708 1310/507/1310
f 2147/505/2147 96/504/96 735/507/735
vt 0.5140129923820496 0.0997140035033226
f 305/508/305 1532/507/1532 1418/510/1418
vt 0.5240910053253174 0.0997140035033226
f 1661/510/1661 1237/511/1237 2154/508/2154
vt 0.5039340257644653 0.0997140035033226
f 1734/507/1734 1435/509/1435 1409/512/1409
f 1391/512/1391 622/510/622 861/507/861
f 1339/511/1339 1374/510/1374 347/493/347
f 623/493/623 396/487/396 1654/511/1654
vt 0.0000000000000000 0.0340479984879494
vt 0.0388190001249313 0.0340479984879494
f 2187/363/2187 2233/513/2233 2052/514/2052
vt 0.0806289985775948 0.0389119982719421
vt 0.0776380002498627 0.0340479984879494
f 1103/515/1103 1901/514/1901 1500/516/1500
vt 0.1940959990024567 0.0340479984879494
vt 0.2418880015611649 0.0389119982719421
vt 0.1552760004997253 0.0340479984879494
f 344/517/344 614/518/614 367/519/367
vt 0.2329149991273880 0.0340479984879494
f 1494/520/1494 1103/518/1103 1518/517/1518
f 1386/518/1386 832/515/832 865/519/865
vt 0.1164570003747940 0.0340479984879494
f 1913/515/1913 2281/516/2281 1914/521/1914
vt 0.4058089852333069 0.0319919995963573
f 846/397/846 1850/398/1850 1316/522/1316
vt 0.3970609903335571 0.0335320010781288
f 1831/398/1831 765/523/765 1840/522/1840
vt 0.3225179910659790 0.0389119982719421
vt 0.2717339992523193 0.0340479984879494
vt 0.3105530142784119 0.0340479984879494
f 398/524/398 1257/525/1257 26/526/26
f 1542/398/1542 1538/376/1538 932/523/932
vt 0.3493719995021820 0.0340479984879494
f 1353/526/1353 691/527/691 688/374/688
f 814/374/814 1420/524/1420 1425/526/1425
f 1317/525/1317 624/518/624 944/520/944
f 242/364/242 2197/363/2197 249/515/249
f 2231/515/2231 2192/518/2192 2070/364/2070
f 2119/515/2119 615/521/615 2126/519/2126
vt 0.0000000000000000 0.0680970028042793
f 468/513/468 596/363/596 1636/528/1636
vt 0.0204310007393360 0.1021459996700287
f 2055/529/2055 2058/528/2058 2196/362/2196
f 400/362/400 420/528/420 591/363/591
f 1389/518/1389 1367/366/1367 343/364/343
f 1010/366/1010 1204/518/1204 972/373/972
f 808/515/808 306/363/306 1410/514/1410
f 914/373/914 75/518/75 70/524/70
vt 0.3881910145282745 0.0340479984879494
f 28/375/28 394/374/394 386/530/386
f 1487/373/1487 1787/524/1787 1882/374/1882
f 180/366/180 1321/373/1321 737/368/737
f 180/530/180 737/376/737 1321/375/1321
f 299/376/299 589/530/589 2308/523/2308
f 1364/524/1364 1114/518/1114 681/525/681
f 922/530/922 319/374/319 202/527/202
vt 0.4143149852752686 0.0294480007141829
f 777/531/777 1358/397/1358 362/522/362
vt 0.4301339983940125 0.0215039998292923
vt 0.4372299909591675 0.0162129998207092
f 597/401/597 2131/532/2131 603/533/603
f 1625/533/1625 418/402/418 471/401/471
f 9/400/9 199/532/199 101/401/101
f 1036/531/1036 561/399/561 1597/397/1597
vt 0.4224599897861481 0.0259360000491142
f 417/534/417 397/394/397 608/399/608
f 1347/534/1347 705/400/705 764/394/764
f 2271/400/2271 1465/534/1465 130/532/130
f 2079/534/2079 2080/399/2080 2234/531/2234
f 351/393/351 399/392/399 2130/395/2130
vt 0.4679630100727081 0.0332389995455742
f 852/391/852 751/535/751 360/388/360
vt 0.4560349881649017 0.0406650006771088
f 1649/412/1649 1331/536/1331 640/413/640
f 627/536/627 619/412/619 1684/388/1684
vt 0.4470509886741638 0.0093200001865625
f 2357/537/2357 906/402/906 114/533/114
vt 0.4547359943389893 0.0424790009856224
f 1781/538/1781 1026/410/1026 1483/411/1483
vt 0.4542779922485352 0.0446549989283085
f 1514/539/1514 1782/408/1782 1578/410/1578
vt 0.4542779922485352 0.0540320016443729
f 234/540/234 1964/406/1964 1079/405/1079
vt 0.4542779922485352 0.0634090006351471
f 599/541/599 2305/417/2305 1624/407/1624
f 2011/407/2011 1766/406/1766 2090/540/2090
f 915/405/915 1072/408/1072 1462/539/1462
f 2218/405/2218 379/539/379 172/540/172
f 1786/539/1786 1095/410/1095 1598/538/1598
f 1127/536/1127 1215/538/1215 405/413/405
f 567/407/567 1014/540/1014 1586/541/1586
vt 0.4542779922485352 0.0727849975228310
f 709/542/709 1128/414/1128 712/416/712
f 1609/541/1609 1751/542/1751 598/416/598
f 2132/416/2132 602/417/602 25/541/25
f 602/415/602 1857/414/1857 722/542/722
f 962/538/962 361/411/361 773/413/773
f 1818/535/1818 1053/391/1053 1742/393/1742
vt 0.2418880015611649 0.0972819998860359
f 1993/543/1993 1423/361/1423 1398/365/1398
f 1497/387/1497 1084/543/1084 2264/365/2264
vt 0.2043109983205795 0.1021459996700287
vt 0.1838800013065338 0.1021459996700287
f 697/544/697 347/545/347 1374/543/1374
vt 0.0806289985775948 0.0972819998860359
f 1160/543/1160 815/546/815 2031/362/2031
f 1613/362/1613 1624/361/1624 475/543/475
vt 0.3225179910659790 0.0972819998860359
vt 0.3064669966697693 0.1021459996700287
vt 0.2860360145568848 0.1021459996700287
f 1851/547/1851 719/548/719 1339/549/1339
f 365/543/365 1851/547/1851 861/549/861
vt 0.2656039893627167 0.1021459996700287
f 302/549/302 2041/550/2041 1987/543/1987
vt 0.2451730072498322 0.1021459996700287
f 299/550/299 1771/551/1771 1422/543/1422
f 1802/367/1802 1807/387/1807 502/365/502
vt 0.0408620014786720 0.1021459996700287
f 181/552/181 2105/362/2105 434/546/434
f 960/547/960 489/387/489 1006/384/1006
vt 0.3473289906978607 0.1021459996700287
f 1771/553/1771 1421/547/1421 829/384/829
f 892/547/892 561/543/561 938/387/938
vt 0.3268980085849762 0.1021459996700287
f 1027/553/1027 2027/554/2027 657/547/657
vt 0.3881910145282745 0.1021459996700287
vt 0.3677600026130676 0.1021459996700287
f 396/555/396 1628/556/1628 2184/383/2184
f 1044/384/1044 502/556/502 2268/553/2268
f 2189/384/2189 2204/383/2204 211/556/211
f 966/548/966 2018/547/2018 598/554/598
vt 0.0612929984927177 0.1021459996700287
vt 0.0817240029573441 0.1021459996700287
f 1154/557/1154 1550/546/1550 877/558/877
vt 0.1225870028138161 0.1021459996700287
vt 0.1021559983491898 0.1021459996700287
f 15/559/15 13/560/13 2241/546/2241
vt 0.0000000000000000 0.1021459996700287
f 1670/529/1670 631/561/631 1233/528/1233
f 675/557/675 511/552/511 569/546/569
f 2101/362/2101 249/552/249 2105/529/2105
f 1475/560/1475 1483/558/1483 1025/546/1025
vt 0.2247419953346252 0.1021459996700287
f 1273/544/1273 2030/543/2030 672/562/672
f 362/562/362 1397/543/1397 1392/551/1392
vt 0.1430180072784424 0.1021459996700287
f 128/563/128 75/559/75 152/546/152
vt 0.1634490042924881 0.1021459996700287
f 147/546/147 1928/543/1928 157/564/157
f 54/546/54 1075/564/1075 911/563/911
f 1181/564/1181 12/543/12 1063/545/1063
vt 0.4542779922485352 0.0821620002388954
f 141/565/141 73/429/73 2348/415/2348
f 2169/565/2169 1258/428/1258 620/429/620
vt 0.3970609903335571 0.1026619970798492
f 1314/555/1314 1859/382/1859 721/566/721
f 962/382/962 1130/555/1130 1011/383/1011
vt 0.4542779922485352 0.0915390029549599
f 1063/567/1063 1079/425/1079 1964/427/1964
f 269/427/269 171/428/171 2112/567/2112
vt 0.4547359943389893 0.0937149971723557
f 1255/568/1255 1385/421/1385 352/425/352
f 1678/565/1678 867/567/867 2185/428/2185
f 1110/422/1110 1500/421/1500 1901/568/1901
vt 0.4560349881649017 0.0955289974808693
f 1938/422/1938 148/569/148 1951/418/1951
vt 0.4679630100727081 0.1029549986124039
f 2319/419/2319 2286/570/2286 1922/442/1922
f 251/569/251 2211/419/2211 383/418/383
f 1695/441/1695 1413/442/1413 1742/570/1742
f 1455/565/1455 902/415/902 2350/542/2350
vt 0.4058089852333069 0.1042020022869110
f 1914/439/1914 1954/571/1954 1959/566/1959
f 665/382/665 666/439/666 930/566/930
f 176/437/176 2106/571/2106 275/439/275
vt 0.4143149852752686 0.1067460030317307
f 57/572/57 76/571/76 2363/437/2363
vt 0.4224599897861481 0.1102579981088638
f 974/431/974 996/573/996 1243/436/1243
f 1501/572/1501 519/436/519 1581/573/1581
f 1033/572/1033 565/437/565 1587/436/1587
f 514/431/514 1056/430/1056 1791/573/1791
f 2307/432/2307 30/438/30 1646/441/1646
vt 0.4301339983940125 0.1146899983286858
f 1263/573/1263 657/430/657 1264/574/1264
vt 0.4372299909591675 0.1199809983372688
f 1202/435/1202 1665/575/1665 849/574/849
vt 0.4470509886741638 0.1268739998340607
f 540/576/540 1113/575/1113 1495/434/1495
f 1767/575/1767 1736/435/1736 1713/434/1713
f 2165/435/2165 2161/574/2161 1238/430/1238
f 1238/567/1238 1244/568/1244 854/425/854
vt 0.4695529937744141 0.0010880000190809
vt 0.5051850080490112 0.0040469998493791
vt 0.4579370021820068 0.0042269998230040
f 1055/577/1055 1048/578/1048 1817/579/1817
vt 0.5161100029945374 0.0090570002794266
f 1055/580/1055 2265/402/2265 1783/537/1783
f 1847/388/1847 1188/535/1188 1350/536/1350
vt 0.4818100035190582 0.0306429993361235
f 703/581/703 1332/535/1332 1363/395/1363
f 339/581/339 1332/395/1332 1376/403/1376
vt 0.4815450012683868 0.0000000000000000
vt 0.4935449957847595 0.0009960000170395
f 1689/582/1689 2100/583/2100 2098/577/2098
f 1034/395/1034 1608/535/1608 1014/393/1014
f 1356/583/1356 1004/578/1004 1292/577/1292
vt 0.4956569969654083 0.0332389995455742
f 1996/448/1996 1694/584/1694 1730/451/1730
f 493/403/493 474/451/474 391/584/391
f 2168/584/2168 586/448/586 1626/447/1626
vt 0.5075849890708923 0.0406650006771088
f 1253/447/1253 1207/585/1207 2172/584/2172
f 2034/403/2034 414/584/414 401/581/401
f 1815/585/1815 1268/447/1268 673/472/673
f 1916/470/1916 2325/585/2325 1921/472/1921
vt 0.5088840126991272 0.0424790009856224
f 30/469/30 1806/586/1806 2254/585/2254
vt 0.5093420147895813 0.0446549989283085
f 1920/587/1920 219/586/219 2274/464/2274
f 1405/586/1405 823/469/823 813/467/813
f 828/469/828 1271/585/1271 1280/470/1280
f 1880/467/1880 940/466/940 545/586/545
vt 0.5093420147895813 0.0634090006351471
vt 0.5093420147895813 0.0540320016443729
f 1245/588/1245 2176/589/2176 1229/455/1229
f 1254/455/1254 2182/481/2182 1236/588/1236
f 1278/587/1278 1406/460/1406 309/589/309
f 908/586/908 1979/466/1979 51/464/51
f 1702/587/1702 1757/464/1757 1727/463/1727
f 1311/445/1311 1303/444/1303 1836/472/1836
f 1497/472/1497 1738/447/1738 799/445/799
f 1749/579/1749 1738/578/1738 1748/580/1748
f 1192/537/1192 2174/579/2174 1228/580/1228
vt 0.5259850025177002 0.0158750005066395
f 679/402/679 1269/590/1269 654/453/654
vt 0.5345079898834229 0.0242909993976355
f 1509/591/1509 542/452/542 1032/453/1032
vt 0.5414180159568787 0.0340479984879494
f 917/452/917 919/592/919 1020/450/1020
f 242/446/242 272/474/272 2197/443/2197
f 2156/592/2156 1388/446/1388 989/450/989
f 1577/591/1577 520/453/520 1783/590/1783
vt 0.5529119968414307 0.0340479984879494
vt 0.5644059777259827 0.0340479984879494
f 744/474/744 2144/593/2144 97/594/97
f 1234/474/1234 628/592/628 1194/593/1194
vt 0.5644059777259827 0.0425599999725819
f 2211/459/2211 2345/473/2345 383/595/383
vt 0.5644059777259827 0.0510729998350143
f 58/595/58 224/596/224 225/459/225
f 1791/474/1791 1056/595/1056 1816/473/1816
f 234/474/234 152/594/152 75/595/75
f 2061/474/2061 2302/446/2302 2065/592/2065
f 1528/591/1528 873/592/873 883/452/883
f 2236/587/2236 40/463/40 2241/461/2241
f 2236/587/2236 2241/461/2241 40/460/40
f 881/460/881 1593/458/1593 924/456/924
f 1293/456/1293 996/455/996 988/589/988
f 2372/588/2372 899/481/899 2361/479/2361
f 1603/596/1603 1526/457/1526 804/459/804
vt 0.5644059777259827 0.0595850013196468
f 2036/596/2036 1272/597/1272 321/454/321
f 256/454/256 2099/457/2099 261/596/261
vt 0.5644059777259827 0.0680970028042793
f 776/597/776 953/598/953 1623/480/1623
f 1115/480/1115 865/482/865 342/597/342
f 2133/597/2133 26/482/26 603/454/603
f 1604/589/1604 1263/460/1263 814/456/814
f 10/402/10 1033/580/1033 1587/590/1587
vt 0.5093420147895813 0.0727849975228310
f 2275/599/2275 154/588/154 1924/479/1924
vt 0.5088840126991272 0.0937149971723557
f 1425/600/1425 663/492/663 1998/496/1998
vt 0.5075849890708923 0.0955289974808693
f 1880/496/1880 545/601/545 1157/600/1157
vt 0.4956569969654083 0.1029549986124039
f 1016/512/1016 1143/602/1143 1607/601/1607
f 1547/601/1547 1157/495/1157 875/494/875
f 1148/495/1148 2237/601/2237 325/496/325
f 1138/494/1138 1195/512/1195 1144/601/1144
f 809/570/809 317/419/317 2024/569/2024
vt 0.5093420147895813 0.0821620002388954
f 1997/501/1997 1167/603/1167 1412/502/1412
f 667/603/667 1997/599/1997 668/477/668
f 1608/477/1608 1795/476/1795 1014/603/1014
vt 0.5093420147895813 0.0915390029549599
f 1600/501/1600 1030/604/1030 933/603/933
f 282/499/282 1755/604/1755 288/500/288
f 2315/501/2315 2081/500/2081 426/604/426
f 1707/604/1707 669/499/669 1441/498/1441
f 1302/600/1302 702/604/702 1361/498/1361
f 1441/512/1441 1275/494/1275 1451/510/1451
vt 0.4818100035190582 0.1055509969592094
f 537/605/537 803/432/803 1108/570/1108
f 674/570/674 1803/432/1803 2020/441/2020
f 1349/433/1349 714/432/714 1311/605/1311
vt 0.4935449957847595 0.1351979970932007
vt 0.4815450012683868 0.1361940056085587
vt 0.4695529937744141 0.1351059973239899
f 145/606/145 1923/607/1923 1982/608/1982
vt 0.5051850080490112 0.1321469992399216
vt 0.4579370021820068 0.1319669932126999
f 681/609/681 1854/608/1854 714/610/714
vt 0.5161100029945374 0.1271370053291321
f 376/611/376 448/576/448 732/434/732
f 771/433/771 782/605/782 1684/602/1684
f 456/509/456 262/602/262 250/512/250
f 215/504/215 1322/602/1322 19/509/19
f 1576/610/1576 1159/611/1159 1527/609/1527
f 1937/606/1937 1960/608/1960 2328/609/2328
f 258/610/258 2057/576/2057 263/611/263
f 898/602/898 1101/504/1101 380/433/380
f 818/498/818 820/497/820 1438/600/1438
f 1357/568/1357 856/569/856 769/422/769
f 1080/479/1080 1983/477/1983 1980/599/1980
f 245/478/245 2213/480/2213 191/598/191
f 1549/501/1549 1545/502/1545 1868/489/1868
f 77/502/77 1459/603/1459 68/476/68
vt 0.5644059777259827 0.0766090005636215
f 2253/503/2253 1403/475/1403 1712/612/1712
vt 0.5644059777259827 0.0851209983229637
f 1735/612/1735 1764/613/1764 1700/503/1700
f 2187/478/2187 2068/612/2068 2042/475/2042
vt 0.5644059777259827 0.0936340019106865
f 1852/614/1852 1218/485/1218 1251/490/1251
f 1423/490/1423 819/613/819 2039/614/2039
f 884/613/884 1894/490/1894 1108/503/1108
f 1572/478/1572 539/598/539 1573/612/1573
f 1188/614/1188 1832/486/1832 1350/485/1350
vt 0.5259850025177002 0.1203190013766289
f 460/615/460 439/434/439 191/506/191
vt 0.5414180159568787 0.1021459996700287
f 915/616/915 1074/508/1074 907/511/907
f 1756/511/1756 1710/487/1710 284/486/284
f 1616/494/1616 2009/493/2009 2132/510/2132
vt 0.5529119968414307 0.1021459996700287
f 1538/617/1538 1450/616/1450 2030/486/2030
f 900/508/900 1071/616/1071 42/505/42
vt 0.5644059777259827 0.1021459996700287
f 1985/486/1985 1071/618/1071 1070/617/1070
f 899/618/899 2369/486/2369 2361/614/2361
vt 0.5345079898834229 0.1119029968976974
f 1187/506/1187 1665/505/1665 1202/619/1202
f 786/506/786 305/619/305 1813/615/1813
f 1470/619/1470 1979/505/1979 77/616/77
f 445/434/445 466/615/466 273/611/273
f 1982/486/1982 61/616/61 611/511/611
f 936/600/936 567/497/567 1543/492/1543
vt 0.1919919997453690 0.5231069922447205
vt 0.2256740033626556 0.5231069922447205
vt 0.2256740033626556 0.5332329869270325
f 1685/620/1685 948/621/948 1675/622/1675
vt 0.2256740033626556 0.5433599948883057
vt 0.2256740033626556 0.5534859895706177
vt 0.1583089977502823 0.5534859895706177
f 970/623/970 347/624/347 1240/625/1240
vt 0.1583089977502823 0.5433599948883057
f 1364/625/1364 759/626/759 336/623/336
f 1584/622/1584 1150/623/1150 1168/626/1168
vt 0.1583089977502823 0.5332329869270325
f 776/626/776 336/627/336 1373/622/1373
vt 0.2256740033626556 0.5737389922142029
vt 0.1583089977502823 0.5737389922142029
vt 0.1583089977502823 0.5636129975318909
f 1154/628/1154 1159/629/1159 1576/630/1576
vt 0.2256740033626556 0.5636129975318909
f 636/630/636 1686/631/1686 637/628/637
vt 0.2256740033626556 0.5838660001754761
vt 0.2256740033626556 0.5939919948577881
vt 0.1583089977502823 0.5939919948577881
f 219/632/219 1459/633/1459 1068/634/1068
vt 0.1583089977502823 0.5838660001754761
f 1753/634/1753 1447/635/1447 1415/632/1415
f 181/628/181 740/632/740 2101/635/2101
f 399/635/399 1270/629/1270 492/628/492
f 967/624/967 630/631/630 984/630/984
f 1879/630/1879 1170/625/1170 1874/624/1874
vt 0.2256740033626556 0.6142449975013733
vt 0.1583089977502823 0.6142449975013733
vt 0.1583089977502823 0.6041190028190613
f 1708/636/1708 1750/637/1750 1691/638/1691
vt 0.2256740033626556 0.6041190028190613
f 1389/638/1389 746/639/746 360/636/360
vt 0.2256740033626556 0.6243709921836853
vt 0.2256740033626556 0.6344980001449585
vt 0.1583089977502823 0.6344980001449585
f 1239/640/1239 2162/641/2162 998/642/998
vt 0.1583089977502823 0.6243709921836853
f 1246/642/1246 2162/643/2162 958/640/958
f 1648/636/1648 2092/640/2092 1053/643/1053
f 1190/643/1190 943/637/943 1142/636/1142
vt 0.2256740033626556 0.6547510027885437
vt 0.1583089977502823 0.6547510027885437
vt 0.1583089977502823 0.6446239948272705
f 863/644/863 1365/645/1365 747/646/747
vt 0.2256740033626556 0.6446239948272705
f 1935/646/1935 55/647/55 155/644/155
vt 0.1583089977502823 0.6750040054321289
vt 0.1583089977502823 0.6648769974708557
vt 0.2256740033626556 0.6648769974708557
f 1225/648/1225 847/649/847 2163/650/2163
vt 0.2256740033626556 0.6750040054321289
f 560/650/560 1444/651/1444 557/648/557
f 1515/644/1515 519/650/519 520/649/520
f 1253/649/1253 1684/645/1684 638/644/638
f 715/647/715 1306/646/1306 355/642/355
f 2010/642/2010 471/641/471 418/647/418
f 1983/633/1983 1467/639/1467 1980/638/1980
f 317/638/317 1264/634/1264 2027/633/2027
vt 0.1583089977502823 0.5231069922447205
f 1695/627/1695 1742/652/1742 1053/620/1053
f 1957/622/1957 1955/627/1955 1454/620/1454
vt 0.2256740033626556 0.6952570080757141
vt 0.1583089977502823 0.6952570080757141
vt 0.1583089977502823 0.6851300001144409
f 1679/653/1679 645/654/645 942/655/942
vt 0.2256740033626556 0.6851300001144409
f 2212/655/2212 381/656/381 452/653/452
vt 0.2256740033626556 0.7053830027580261
vt 0.2256740033626556 0.7155089974403381
vt 0.1583089977502823 0.7155089974403381
f 2079/657/2079 2226/658/2226 2080/659/2080
vt 0.1583089977502823 0.7053830027580261
f 462/659/462 236/660/236 193/657/193
f 1963/657/1963 140/660/140 147/654/147
f 433/654/433 2345/653/2345 2148/657/2148
vt 0.2256740033626556 0.7256360054016113
vt 0.2256740033626556 0.7357620000839233
vt 0.1583089977502823 0.7357620000839233
f 1054/661/1054 511/662/511 1046/663/1046
vt 0.1583089977502823 0.7256360054016113
f 365/663/365 1243/664/1243 770/661/770
vt 0.2256740033626556 0.7560150027275085
vt 0.1583089977502823 0.7560150027275085
vt 0.1583089977502823 0.7458890080451965
f 1946/665/1946 906/666/906 2323/667/2323
vt 0.2256740033626556 0.7458890080451965
f 1273/667/1273 672/668/672 1031/665/1031
f 650/668/650 631/667/631 1670/663/1670
f 2170/663/2170 1210/662/1210 1133/668/1133
f 1162/658/1162 1108/661/1108 1873/664/1873
f 2307/664/2307 313/659/313 1810/658/1810
vt 0.2256740033626556 0.7661420106887817
vt 0.2256740033626556 0.7762680053710938
vt 0.1583089977502823 0.7762680053710938
f 1213/669/1213 985/670/985 1131/671/1131
vt 0.1583089977502823 0.7661420106887817
f 2125/671/2125 611/672/611 61/669/61
vt 0.2256740033626556 0.7965210080146790
vt 0.1583089977502823 0.7965210080146790
vt 0.1583089977502823 0.7863950133323669
f 589/673/589 401/674/401 575/675/575
vt 0.2256740033626556 0.7863950133323669
f 1391/675/1391 710/676/710 836/673/836
f 1315/670/1315 1857/676/1857 602/675/602
f 859/675/859 781/671/781 2123/670/2123
vt 0.2256740033626556 0.8066470026969910
vt 0.2256740033626556 0.8167740106582642
vt 0.1583089977502823 0.8167740106582642
f 1842/677/1842 720/678/720 1354/679/1354
vt 0.1583089977502823 0.8066470026969910
f 1180/679/1180 2370/680/2370 36/677/36
vt 0.2256740033626556 0.8269000053405762
vt 0.1919919997453690 0.8269000053405762
f 754/678/754 2134/681/2134 614/682/614
f 2361/673/2361 2370/677/2370 2371/680/2371
f 971/680/971 1122/674/1122 1209/673/1209
f 252/669/252 2064/672/2064 2056/666/2056
f 1252/666/1252 1676/665/1676 2175/669/2175
f 1334/682/1334 855/679/855 1335/678/1335
f 796/656/796 522/655/522 1558/648/1558
f 1385/648/1385 2183/651/2183 843/656/843
vt 0.1583089977502823 0.8269000053405762
f 926/682/926 549/683/549 1861/679/1861
vt 0.0336829982697964 0.7447339892387390
vt 0.0673649981617928 0.7447339892387390
vt 0.0673649981617928 0.7564669847488403
f 1293/684/1293 1841/685/1841 996/686/996
vt 0.0673649981617928 0.7681990265846252
vt 0.0000000000000000 0.7681990265846252
f 1281/686/1281 918/687/918 564/688/564
vt 0.0000000000000000 0.7564669847488403
f 1278/688/1278 2022/689/2022 882/686/882
vt 0.0673649981617928 0.7916650176048279
vt 0.0000000000000000 0.7916650176048279
vt 0.0000000000000000 0.7799320220947266
f 1774/690/1774 1014/691/1014 1795/692/1795
vt 0.0673649981617928 0.7799320220947266
f 886/692/886 1549/693/1549 939/690/939
vt 0.0673649981617928 0.8033969998359680
vt 0.0000000000000000 0.8033969998359680
f 886/690/886 939/694/939 1549/695/1549
f 2321/695/2321 135/691/135 129/690/129
f 2227/693/2227 2054/692/2054 2186/688/2186
f 1669/688/1669 649/687/649 1217/693/1217
vt 0.0000000000000000 0.7447339892387390
f 733/696/733 99/684/99 90/689/90
f 1038/689/1038 1261/684/1261 1600/686/1600
vt 0.0000000000000000 0.8151299953460693
f 885/697/885 1030/695/1030 1414/694/1414
vt 0.0673649981617928 0.8151299953460693
f 2325/694/2325 2327/698/2327 1921/697/1921
vt 0.0673649981617928 0.8268619775772095
vt 0.0000000000000000 0.8268619775772095
f 2146/698/2146 737/699/737 2294/700/2294
f 1379/700/1379 1370/697/1370 701/698/701
vt 0.0673649981617928 0.8385949730873108
vt 0.0000000000000000 0.8385949730873108
f 1990/699/1990 496/701/496 424/702/424
f 527/702/527 1565/700/1565 793/699/793
vt 0.0673649981617928 0.8503280282020569
vt 0.0673649981617928 0.8620600104331970
vt 0.0000000000000000 0.8620600104331970
f 643/703/643 998/704/998 2175/705/2175
vt 0.0000000000000000 0.8503280282020569
f 760/705/760 993/706/993 1132/703/1132
vt 0.0336829982697964 0.8737930059432983
vt 0.0673649981617928 0.8737930059432983
f 1711/707/1711 1502/704/1502 1503/708/1503
f 1872/703/1872 1167/706/1167 1997/702/1997
f 1020/702/1020 919/701/919 554/703/554
vt 0.0000000000000000 0.8737930059432983
f 2001/707/2001 1427/709/1427 1999/705/1999
f 100/705/100 734/704/734 1326/707/1326
vt 0.5506719946861267 0.1750240027904510
vt 0.5683709979057312 0.1750240027904510
vt 0.5683709979057312 0.1563410013914108
f 447/710/447 373/711/373 448/712/448
vt 0.5506719946861267 0.1563410013914108
f 1650/712/1650 467/713/467 621/710/621
vt 0.5329729914665222 0.1750240027904510
f 465/714/465 372/710/372 455/713/455
vt 0.5329729914665222 0.1563410013914108
f 1475/713/1475 1025/715/1025 1091/714/1091
vt 0.5152739882469177 0.1750240027904510
f 1821/716/1821 1310/714/1310 982/715/982
vt 0.5152739882469177 0.1563410013914108
f 564/715/564 1154/717/1154 1012/716/1012
vt 0.5860710144042969 0.1937060058116913
vt 0.5860710144042969 0.1750240027904510
f 1503/711/1503 1773/718/1773 1707/719/1707
vt 0.4975750148296356 0.1937060058116913
vt 0.4975750148296356 0.1750240027904510
f 1446/720/1446 1996/716/1996 824/721/824
vt 0.5656070113182068 0.1376589983701706
vt 0.5804809927940369 0.1488839983940125
vt 0.5774999856948853 0.1376589983701706
f 572/722/572 397/723/397 495/724/495
vt 0.5851449966430664 0.1595219969749451
f 749/711/749 619/725/619 627/712/627
f 1682/712/1682 648/725/648 356/723/356
vt 0.5537149906158447 0.1376589983701706
f 2017/726/2017 1638/713/1638 1633/712/1633
f 86/712/86 1324/722/1324 727/726/727
f 1269/712/1269 2031/723/2031 1402/722/1402
vt 0.5418230295181274 0.1376589983701706
f 169/727/169 273/713/273 237/726/237
vt 0.5913800001144409 0.1693210005760193
f 67/728/67 2358/725/2358 230/719/230
vt 0.5967839956283569 0.1779119968414307
f 630/718/630 1141/729/1141 1663/719/1663
f 1844/728/1844 689/719/689 690/729/690
vt 0.6007130146026611 0.1872700005769730
f 923/729/923 1570/718/1570 806/730/806
vt 0.6030610203742981 0.1971440017223358
f 1470/731/1470 1074/730/1074 1979/718/1979
vt 0.5600799918174744 0.1858810037374496
f 808/732/808 23/711/23 1424/710/1424
vt 0.5484110116958618 0.1797569990158081
f 1677/710/1677 764/733/764 2177/732/2177
vt 0.5675659775733948 0.1967259943485260
f 1538/711/1538 1273/732/1273 932/734/932
f 1925/734/1925 1082/718/1082 153/711/153
vt 0.5691540241241455 0.2098080068826675
f 1045/734/1045 1692/735/1692 1741/718/1741
f 507/725/507 1989/711/1989 2038/719/2038
vt 0.5352339744567871 0.1797569990158081
f 376/733/376 732/710/732 729/736/729
vt 0.5299299955368042 0.1376589983701706
f 2078/715/2078 23/727/23 2042/737/2042
vt 0.5180379748344421 0.1376589983701706
f 10/715/10 7/737/7 729/738/729
f 1350/738/1350 1832/717/1832 1366/715/1366
f 1673/727/1673 1244/715/1244 639/713/639
vt 0.5031639933586121 0.1488839983940125
vt 0.5061460137367249 0.1376589983701706
f 788/739/788 297/738/297 1087/740/1087
vt 0.4985010027885437 0.1595219969749451
f 1791/739/1791 1107/741/1107 1896/717/1896
f 1963/717/1963 2291/741/2291 1915/716/1915
f 756/739/756 1977/717/1977 1149/738/1149
f 34/716/34 1613/741/1613 1635/721/1635
vt 0.5235660076141357 0.1858810037374496
f 607/742/607 593/714/593 1617/716/1617
f 1316/714/1316 1312/742/1312 1846/736/1846
vt 0.5160800218582153 0.1967259943485260
f 716/743/716 1395/716/1395 1846/720/1846
vt 0.4868609905242920 0.1779119968414307
vt 0.4922649860382080 0.1693210005760193
f 1855/744/1855 700/721/700 1303/745/1303
f 903/721/903 2364/741/2364 63/745/63
vt 0.4829320013523102 0.1872700005769730
f 2147/746/2147 735/720/735 2148/744/2148
f 1773/721/1773 669/744/669 1707/720/1707
vt 0.4805850088596344 0.1971440017223358
f 66/747/66 59/720/59 1964/746/1964
f 1963/742/1963 1915/716/1915 1960/743/1960
f 1497/710/1497 1481/714/1481 1084/736/1084
vt 0.6028059720993042 0.2173729985952377
vt 0.6037650108337402 0.2072689980268478
f 309/718/309 1265/748/1265 2022/749/2022
vt 0.5860710144042969 0.2310709953308105
f 2138/748/2138 1614/718/1614 1636/750/1636
vt 0.6002100110054016 0.2271839976310730
f 1073/748/1073 1908/750/1908 2283/751/2283
vt 0.5644810199737549 0.2221290022134781
f 54/750/54 226/735/226 1075/752/1075
vt 0.5683709979057312 0.2497539967298508
f 1386/750/1386 1382/752/1382 1839/753/1839
vt 0.5546169877052307 0.2308669984340668
f 507/754/507 2252/753/2252 287/752/287
f 2069/735/2069 258/750/258 264/718/264
vt 0.5960479974746704 0.2364410012960434
f 304/750/304 1272/755/1272 2036/751/2036
vt 0.5835059881210327 0.2523140013217926
vt 0.5904290080070496 0.2448929995298386
f 1429/750/1429 318/756/318 1419/757/1419
f 1032/750/1032 542/753/542 668/756/668
vt 0.5754640102386475 0.2585049867630005
f 715/756/715 704/753/704 1306/758/1306
vt 0.5418230295181274 0.2340209931135178
vt 0.5329729914665222 0.2497539967298508
f 1522/753/1522 805/759/805 538/760/538
f 1983/753/1983 1982/754/1982 1083/759/1083
vt 0.5569099783897400 0.2665700018405914
f 2094/761/2094 1625/753/1625 605/760/605
vt 0.5665180087089539 0.2633000016212463
f 311/762/311 503/753/503 1807/761/1807
f 1952/762/1952 126/758/126 69/753/69
vt 0.5468969941139221 0.2682279944419861
f 1839/763/1839 722/761/722 1285/760/1285
f 1377/757/1377 1351/755/1351 847/750/847
vt 0.4975750148296356 0.2310709953308105
vt 0.5144910216331482 0.2098080068826675
f 1879/720/1879 546/764/546 1795/765/1795
vt 0.5152739882469177 0.2497539967298508
vt 0.5191640257835388 0.2221290022134781
f 264/766/264 2101/767/2101 2063/764/2063
f 1333/764/1333 721/767/721 1859/765/1859
vt 0.4798809885978699 0.2072689980268478
f 2330/747/2330 2327/768/2327 129/720/129
vt 0.4834350049495697 0.2271839976310730
vt 0.4808390140533447 0.2173729985952377
f 245/769/245 2203/764/2203 240/770/240
f 173/770/173 240/720/240 253/768/253
vt 0.4875980019569397 0.2364410012960434
f 1232/771/1232 946/764/946 2166/769/2166
f 1900/764/1900 1097/720/1097 1777/770/1777
vt 0.5290279984474182 0.2308669984340668
f 2317/766/2317 2292/772/2292 2320/767/2320
f 1938/743/1938 131/720/131 1963/765/1963
vt 0.5171269774436951 0.2633000016212463
f 10/766/10 732/773/732 1033/760/1033
vt 0.5267350077629089 0.2665700018405914
f 304/774/304 2021/760/2021 1261/773/1261
vt 0.5367479920387268 0.2682279944419861
f 966/760/966 1217/774/1217 2018/775/2018
f 1330/775/1330 1846/763/1846 1318/760/1318
vt 0.4932160079479218 0.2448929995298386
f 887/776/887 1867/764/1867 1151/771/1151
vt 0.5001400113105774 0.2523140013217926
vt 0.5081819891929626 0.2585049867630005
f 2289/777/2289 1903/778/1903 1943/766/1943
f 840/773/840 1393/766/1393 349/778/349
f 378/764/378 2342/776/2342 450/777/450
f 894/766/894 813/764/813 659/777/659
f 1931/760/1931 1947/772/1947 115/766/115
f 1677/760/1677 1009/759/1009 1300/772/1300
f 1987/749/1987 1447/731/1447 1409/718/1409
vt 0.1458940058946609 0.1892199963331223
vt 0.1589709967374802 0.2121630012989044
vt 0.1589709967374802 0.1892199963331223
f 231/779/231 1081/780/1081 2272/781/2272
vt 0.1328160017728806 0.1892199963331223
vt 0.1328160017728806 0.2236350029706955
f 784/779/784 1101/782/1101 1105/783/1105
vt 0.1589709967374802 0.2351060062646866
f 642/784/642 1256/780/1256 639/779/639
vt 0.1458940058946609 0.2580499947071075
vt 0.1589709967374802 0.2580499947071075
f 1850/785/1850 1363/786/1363 1312/784/1312
vt 0.1328160017728806 0.2580499947071075
f 973/787/973 1355/785/1355 1308/783/1308
f 1438/785/1438 672/779/672 1450/783/1450
f 64/784/64 46/779/46 1458/785/1458
vt 0.3346259891986847 0.2473679929971695
vt 0.3542909920215607 0.2473679929971695
vt 0.3542909920215607 0.1925140023231506
f 1602/788/1602 1027/789/1027 1604/790/1604
vt 0.3346259891986847 0.1925140023231506
f 1604/790/1604 897/791/897 555/788/555
vt 0.3346259891986847 0.3022229969501495
vt 0.3542909920215607 0.3022229969501495
f 1651/792/1651 2167/793/2167 993/789/993
f 2106/789/2106 2209/788/2209 250/792/250
vt 0.3739570081233978 0.3296509981155396
vt 0.3641240000724792 0.3570779860019684
vt 0.3739570081233978 0.3570779860019684
f 1667/794/1667 772/795/772 350/796/350
vt 0.3542909920215607 0.3570779860019684
f 917/795/917 1533/793/1533 1553/797/1553
vt 0.3739570081233978 0.3022229969501495
f 1418/793/1418 830/794/830 1585/798/1585
f 1937/794/1937 1938/793/1938 1963/795/1963
vt 0.3444580137729645 0.3570779860019684
vt 0.3346259891986847 0.3570779860019684
f 852/799/852 1396/792/1396 1335/800/1335
f 36/793/36 2370/799/2370 2369/797/2369
f 1365/792/1365 853/799/853 854/793/854
vt 0.3247930109500885 0.3570779860019684
vt 0.3149600028991699 0.3296509981155396
vt 0.3149600028991699 0.3570779860019684
f 110/801/110 102/802/102 2338/803/2338
vt 0.3149600028991699 0.3022229969501495
f 310/802/310 1271/792/1271 1539/804/1539
f 430/792/430 581/801/581 2005/800/2005
f 1528/801/1528 1179/792/1179 1874/802/1874
vt 0.3542909920215607 0.3845050036907196
vt 0.3641240000724792 0.3845050036907196
f 2236/805/2236 2241/806/2241 112/795/112
f 1381/795/1381 856/797/856 2316/805/2316
vt 0.3739570081233978 0.3845050036907196
f 2195/806/2195 2223/807/2223 2234/796/2234
f 2195/796/2195 214/795/214 1319/806/1319
vt 0.3346259891986847 0.3845050036907196
vt 0.3444580137729645 0.3845050036907196
f 1936/808/1936 1979/809/1979 52/799/52
f 256/799/256 261/800/261 2103/808/2103
f 1497/809/1497 1106/805/1106 1481/797/1481
f 2319/797/2319 2349/799/2349 74/809/74
vt 0.3149600028991699 0.3845050036907196
vt 0.3247930109500885 0.3845050036907196
f 1826/810/1826 720/811/720 1368/801/1368
f 1657/801/1657 633/803/633 1236/810/1236
f 1034/811/1034 1014/808/1014 567/800/567
f 1134/800/1134 1680/801/1680 2153/811/2153
vt 0.3936229944229126 0.4667870104312897
vt 0.4034549891948700 0.4393599927425385
vt 0.3936229944229126 0.4393599927425385
f 439/812/439 186/813/186 2202/814/2202
vt 0.4034549891948700 0.4119330048561096
f 1751/814/1751 707/813/707 598/815/598
vt 0.3936229944229126 0.4119330048561096
f 180/815/180 737/816/737 184/814/184
vt 0.2854610085487366 0.4393599927425385
vt 0.2952939867973328 0.4393599927425385
vt 0.2952939867973328 0.4119330048561096
f 2240/817/2240 2243/818/2243 2166/819/2166
vt 0.2854610085487366 0.4119330048561096
f 1899/819/1899 1478/820/1478 1110/817/1110
vt 0.2952939867973328 0.4667870104312897
f 590/817/590 1712/821/1712 1403/818/1403
vt 0.3788729906082153 0.1723989993333817
vt 0.3788729906082153 0.1376589983701706
vt 0.3559300005435944 0.1376589983701706
f 2253/822/2253 1990/823/1990 1403/824/1403
vt 0.3788729906082153 0.2071380019187927
vt 0.3739570081233978 0.1925140023231506
f 903/825/903 2367/822/2367 2364/826/2364
vt 0.3788729906082153 0.3113569915294647
vt 0.3788729906082153 0.2766180038452148
f 2098/798/2098 2100/827/2100 171/828/171
vt 0.3788729906082153 0.2418780028820038
f 1290/798/1290 1367/828/1367 1330/829/1330
f 973/829/973 631/826/631 977/798/977
f 1064/825/1064 1060/826/1060 60/829/60
f 1214/790/1214 1206/826/1206 977/824/977
f 58/822/58 1932/824/1932 224/826/224
f 1934/826/1934 2284/790/2284 161/789/161
vt 0.3329870104789734 0.1376589983701706
f 1474/790/1474 1096/824/1096 1496/830/1496
f 636/830/636 2158/791/2158 1686/790/1686
f 1383/798/1383 1230/794/1230 704/827/704
f 1650/789/1650 1838/798/1838 2312/826/2312
vt 0.3788729906082153 0.3460969924926758
f 1852/831/1852 865/794/865 1188/796/1188
f 566/789/566 1035/793/1035 1094/798/1094
f 1829/827/1829 1830/794/1830 690/831/690
vt 0.3793950080871582 0.3549329936504364
f 1137/832/1137 1286/831/1286 1858/796/1858
vt 0.3870730102062225 0.3802359998226166
vt 0.3835229873657227 0.3721210062503815
f 348/807/348 1346/833/1346 761/834/761
vt 0.3809520006179810 0.3636479973793030
f 1797/807/1797 1691/834/1691 2264/835/2264
vt 0.3968999981880188 0.3949489891529083
vt 0.4038670063018799 0.4047330021858215
f 1385/836/1385 843/815/843 761/837/761
vt 0.4090160131454468 0.4155780076980591
f 835/838/835 1297/837/1297 707/815/707
vt 0.3816579878330231 0.4145990014076233
vt 0.3915520012378693 0.3878799974918365
f 1791/833/1791 1896/839/1896 1793/840/1793
vt 0.3760940134525299 0.4078449904918671
f 73/841/73 52/839/52 1460/833/1460
f 1430/816/1430 1413/836/1413 1695/840/1695
f 1649/807/1649 478/835/478 2305/796/2305
vt 0.3615790009498596 0.3981829881668091
f 583/842/583 387/806/387 573/805/573
vt 0.3693139851093292 0.4023019969463348
f 583/806/583 1134/843/1134 415/807/415
f 536/807/536 1501/843/1501 1581/841/1581
vt 0.3531869947910309 0.3956469893455505
f 1486/805/1486 1047/844/1047 940/842/940
f 562/806/562 1031/842/1031 1274/843/1274
f 1196/807/1196 1132/841/1132 952/833/952
f 427/832/427 1208/796/1208 412/835/412
f 2078/809/2078 2065/844/2065 2076/805/2076
vt 0.3149600028991699 0.1925140023231506
f 1444/845/1444 1442/791/1442 1992/830/1992
f 2195/788/2195 2234/791/2234 2080/845/2080
vt 0.3100430071353912 0.1723989993333817
f 1870/846/1870 2003/845/2003 1526/830/1526
f 350/804/350 2156/792/2156 1652/788/1652
vt 0.3100430071353912 0.3113569915294647
f 2349/847/2349 1066/802/1066 74/804/74
vt 0.3100430071353912 0.3460969924926758
f 2116/803/2116 186/802/186 172/848/172
f 921/788/921 559/845/559 1024/804/1024
vt 0.3100430071353912 0.2418780028820038
vt 0.3100430071353912 0.2766180038452148
f 1652/849/1652 1140/850/1140 1210/804/1210
vt 0.3100430071353912 0.2071380019187927
f 1957/845/1957 2356/851/2356 1461/849/1461
vt 0.3100430071353912 0.1376589983701706
f 430/846/430 2005/830/2005 2120/852/2120
f 1125/851/1125 1229/845/1229 1198/846/1198
f 635/804/635 963/850/963 1221/847/1221
vt 0.3095220029354095 0.3549329936504364
f 2258/848/2258 321/853/321 1050/803/1050
f 176/848/176 192/802/192 2209/847/2209
f 438/845/438 178/849/178 432/804/432
vt 0.3357299864292145 0.3956469893455505
f 915/854/915 1462/809/1462 910/808/910
vt 0.3273369967937469 0.3981829881668091
f 1984/811/1984 910/855/910 1460/808/1460
vt 0.3444580137729645 0.3947910070419312
f 57/809/57 910/854/910 76/856/76
vt 0.3196020126342773 0.4023019969463348
f 512/811/512 1046/857/1046 1803/855/1803
f 2046/808/2046 2070/855/2070 2192/854/2192
f 2014/856/2014 1629/844/1629 388/809/388
f 2113/857/2113 179/811/179 437/810/437
vt 0.3053939938545227 0.3721210062503815
vt 0.3079650104045868 0.3636479973793030
f 2276/858/2276 1905/810/1905 902/859/902
f 2362/803/2362 2368/859/2368 2363/810/2363
vt 0.3018440008163452 0.3802359998226166
f 324/810/324 1906/858/1906 2276/860/2276
vt 0.3128229975700378 0.4078449904918671
f 517/860/517 2255/861/2255 1047/810/1047
vt 0.2973639965057373 0.3878799974918365
vt 0.2920159995555878 0.3949489891529083
f 400/819/400 1615/862/1615 585/863/585
vt 0.3072589933872223 0.4145990014076233
f 2181/862/2181 636/864/636 1668/860/1668
vt 0.2850500047206879 0.4047330021858215
f 698/863/698 964/865/964 368/820/368
f 2025/860/2025 1267/864/1267 676/861/676
f 1657/861/1657 1003/857/1003 2159/810/2159
f 2159/853/2159 981/859/981 839/803/839
f 1416/815/1416 1399/836/1399 1445/816/1445
f 2285/838/2285 2287/815/2287 1916/813/1916
vt 0.4121879935264587 0.4271500110626221
f 1416/866/1416 1445/838/1445 658/813/658
vt 0.4122810065746307 0.4510500133037567
vt 0.4132879972457886 0.4390960037708282
f 1013/813/1013 928/867/928 1550/868/1550
vt 0.4091979861259460 0.4626460075378418
f 1180/867/1180 2371/813/2371 2370/869/2370
f 1269/866/1269 1433/813/1433 1398/868/1398
vt 0.3891980051994324 0.4393599927425385
vt 0.3883379995822906 0.4306649863719940
f 1872/870/1872 1473/814/1473 1747/871/1747
vt 0.3857919871807098 0.4223040044307709
f 1703/816/1703 1715/872/1715 276/871/276
f 1957/872/1957 1454/840/1454 2326/839/2326
f 613/814/613 60/816/60 1611/871/1611
vt 0.3883379995822906 0.4480549991130829
f 460/814/460 193/870/193 439/873/439
vt 0.3857919871807098 0.4564160108566284
vt 0.3816579878330231 0.4641210138797760
vt 0.3887349963188171 0.4918580055236816
f 218/874/218 1078/875/1078 901/876/901
f 2125/812/2125 61/814/61 233/873/233
f 1985/874/1985 1070/812/1070 235/873/235
vt 0.4041329920291901 0.4735299944877625
f 221/877/221 43/869/43 1985/813/1985
vt 0.3972420096397400 0.4833669960498810
f 1909/878/1909 2320/877/2320 2292/812/2292
f 1631/813/1631 2093/812/2093 491/877/491
f 247/876/247 250/878/250 2209/812/2209
vt 0.3702700138092041 0.5216420292854309
vt 0.3788729906082153 0.5101919770240784
vt 0.3788729906082153 0.4987420141696930
f 1134/879/1134 1231/880/1231 1224/881/1224
vt 0.3788729906082153 0.5216420292854309
f 1550/880/1550 559/879/559 921/882/921
f 2335/876/2335 1947/875/1947 1909/881/1909
vt 0.3760940134525299 0.4708749949932098
f 765/883/765 1838/881/1838 1840/875/1840
vt 0.3693139851093292 0.4764179885387421
f 1257/884/1257 1674/881/1674 354/883/354
vt 0.3616659939289093 0.5216420292854309
vt 0.3615790009498596 0.4805369973182678
vt 0.3531869947910309 0.4830729961395264
f 69/885/69 1465/886/1465 1452/887/1452
f 1983/886/1983 1083/879/1083 913/884/913
f 937/886/937 1279/885/1279 315/879/315
vt 0.3444580137729645 0.4839290082454681
vt 0.3530620038509369 0.5216420292854309
f 848/888/848 776/889/776 1373/887/1373
f 16/887/16 38/889/38 1186/885/1186
f 579/884/579 469/879/469 2006/881/2006
vt 0.3444580137729645 0.5216420292854309
f 135/890/135 480/889/480 129/888/129
f 641/812/641 1380/874/1380 851/876/851
vt 0.3031240105628967 0.4223040044307709
f 509/819/509 2247/891/2247 1796/862/1796
f 335/891/335 2360/864/2360 326/862/326
vt 0.3005790114402771 0.4306649863719940
f 181/892/181 2101/891/2101 2105/819/2105
vt 0.3005790114402771 0.4480549991130829
f 514/893/514 1793/818/1793 1111/821/1111
f 1086/818/1086 1111/892/1111 1492/819/1492
vt 0.2997190058231354 0.4393599927425385
f 1283/818/1283 1592/894/1592 1876/892/1876
f 1387/893/1387 368/894/368 771/818/771
vt 0.2799009978771210 0.4155780076980591
f 1045/865/1045 1450/895/1450 1538/820/1538
vt 0.2767280042171478 0.4271500110626221
f 1262/817/1262 1414/895/1414 1582/896/1582
vt 0.2756290137767792 0.4390960037708282
f 2030/896/2030 1450/897/1450 672/817/672
f 2062/820/2062 207/895/207 2066/817/2066
vt 0.2847839891910553 0.4735299944877625
vt 0.2797189950942993 0.4626460075378418
f 1659/898/1659 1377/817/1377 1225/899/1225
vt 0.2766360044479370 0.4510500133037567
f 223/817/223 69/900/69 126/899/126
f 43/897/43 1071/900/1071 1985/817/1985
vt 0.3031240105628967 0.4564160108566284
f 700/821/700 1854/901/1854 1284/893/1284
f 2293/863/2293 2104/820/2104 745/819/745
vt 0.3272509872913361 0.5216420292854309
vt 0.3357299864292145 0.4830729961395264
vt 0.3273369967937469 0.4805369973182678
f 779/902/779 2136/903/2136 1341/904/1341
vt 0.3196020126342773 0.4764179885387421
vt 0.3128229975700378 0.4708749949932098
vt 0.3100430071353912 0.4987420141696930
f 2075/905/2075 2051/906/2051 2076/907/2076
vt 0.3186469972133636 0.5216420292854309
f 293/905/293 1872/908/1872 827/904/827
vt 0.3358550071716309 0.5216420292854309
f 1683/903/1683 842/902/842 2315/909/2315
f 637/890/637 1215/888/1215 972/909/972
f 583/902/583 573/904/573 1609/908/1609
f 334/909/334 142/888/142 2239/903/2239
f 674/908/674 301/905/301 1259/907/1259
vt 0.3072589933872223 0.4641210138797760
vt 0.3001810014247894 0.4918580055236816
f 1514/910/1514 1558/901/1558 435/911/435
vt 0.2916750013828278 0.4833669960498810
f 670/911/670 301/821/301 307/912/307
f 2176/821/2176 652/898/652 2178/912/2178
f 356/821/356 351/911/351 1382/901/1382
f 1915/817/1915 158/898/158 1940/821/1940
vt 0.3100430071353912 0.5101919770240784
f 1251/913/1251 1218/908/1218 1175/907/1175
vt 0.3100430071353912 0.5216420292854309
f 204/913/204 84/914/84 200/908/200
f 718/910/718 1345/911/1345 1342/907/1342
f 2193/907/2193 737/906/737 2226/910/2226
f 350/872/350 358/816/358 866/840/866
vt 0.2020680010318756 0.1432379931211472
vt 0.2244379967451096 0.1432379931211472
vt 0.2244379967451096 0.1376589983701706
f 175/915/175 184/916/184 2193/917/2193
vt 0.2020680010318756 0.1376589983701706
f 1650/917/1650 428/918/428 467/915/467
vt 0.2020680010318756 0.1488170027732849
vt 0.2244379967451096 0.1488170027732849
f 1685/919/1685 1007/920/1007 948/916/948
f 1685/916/1685 948/915/948 1007/919/1007
vt 0.2020680010318756 0.1541859954595566
vt 0.2244379967451096 0.1541859954595566
f 809/921/809 2026/922/2026 1420/920/1420
f 1120/920/1120 1002/919/1002 1142/921/1142
vt 0.2020680010318756 0.1595550030469894
vt 0.2244379967451096 0.1595550030469894
f 771/923/771 368/924/368 782/922/782
f 296/922/296 804/921/804 1526/923/1526
vt 0.2020680010318756 0.1648930013179779
vt 0.2244379967451096 0.1648930013179779
f 10/925/10 729/926/729 732/924/732
f 1340/924/1340 866/923/866 1395/925/1395
vt 0.2020680010318756 0.1702309995889664
vt 0.2244379967451096 0.1702309995889664
f 358/927/358 1316/928/1316 1846/926/1846
f 1459/926/1459 908/925/908 905/927/905
vt 0.2020680010318756 0.1755689978599548
vt 0.2244379967451096 0.1755689978599548
f 77/929/77 908/930/908 1459/928/1459
f 789/928/789 806/927/806 1570/929/1570
vt 0.2020680010318756 0.1809069961309433
vt 0.2244379967451096 0.1809069961309433
f 1485/931/1485 1568/932/1568 806/930/806
f 1313/930/1313 1853/929/1853 712/931/712
vt 0.2020680010318756 0.1864860057830811
vt 0.2244379967451096 0.1864860057830811
f 1080/933/1080 61/934/61 1982/932/1982
f 451/932/451 239/931/239 383/933/383
vt 0.2020680010318756 0.1920659989118576
vt 0.2244379967451096 0.1920659989118576
f 2319/935/2319 1922/936/1922 143/934/143
f 1737/934/1737 1760/933/1760 1759/935/1759
vt 0.2020680010318756 0.1974339932203293
vt 0.2244379967451096 0.1974339932203293
f 529/937/529 793/938/793 792/936/792
f 1911/936/1911 152/935/152 234/937/234
vt 0.2020680010318756 0.2028030008077621
vt 0.2244379967451096 0.2028030008077621
f 2289/939/2289 1974/940/1974 1902/938/1902
f 2315/938/2315 842/937/842 367/939/367
vt 0.2020680010318756 0.2081409990787506
vt 0.2244379967451096 0.2081409990787506
f 778/941/778 1390/942/1390 1300/940/1300
f 2329/940/2329 2337/939/2337 1930/941/1930
vt 0.2020680010318756 0.2134789973497391
vt 0.2244379967451096 0.2134789973497391
f 1742/943/1742 1413/944/1413 1421/942/1421
f 2116/942/2116 172/941/172 379/943/379
vt 0.2020680010318756 0.2188169956207275
vt 0.2244379967451096 0.2188169956207275
f 733/945/733 89/946/89 96/944/96
f 1333/944/1333 1859/943/1859 1289/945/1289
vt 0.2020680010318756 0.2241549938917160
vt 0.2244379967451096 0.2241549938917160
f 1555/947/1555 1519/948/1519 1788/946/1788
f 1282/946/1282 310/945/310 302/947/302
vt 0.2020680010318756 0.2297350019216537
vt 0.2244379967451096 0.2297350019216537
f 1524/949/1524 1884/950/1884 1562/948/1562
f 344/948/344 367/947/367 842/949/842
vt 0.2020680010318756 0.2353139966726303
vt 0.2244379967451096 0.2353139966726303
f 1478/951/1478 1884/952/1884 1094/950/1094
f 1017/950/1017 828/949/828 1168/951/1168
vt 0.2020680010318756 0.2406830042600632
vt 0.2244379967451096 0.2406830042600632
f 973/953/973 977/954/977 1206/952/1206
f 2165/952/2165 1233/951/1233 2161/953/2161
vt 0.2020680010318756 0.2460509985685349
vt 0.2244379967451096 0.2460509985685349
f 973/955/973 2161/956/2161 631/954/631
f 1554/954/1554 1026/953/1026 1781/955/1781
vt 0.2020680010318756 0.2513889968395233
vt 0.2244379967451096 0.2513889968395233
f 1226/957/1226 2173/958/2173 1233/956/1233
f 2302/956/2302 744/955/744 2053/957/2053
vt 0.2020680010318756 0.2567270100116730
vt 0.2244379967451096 0.2567270100116730
f 1860/959/1860 870/960/870 1590/958/1590
f 2359/958/2359 162/957/162 2365/959/2365
vt 0.2020680010318756 0.2620660066604614
vt 0.2244379967451096 0.2620660066604614
f 2079/961/2079 2193/962/2193 2226/960/2226
f 948/960/948 1121/959/1121 1007/961/1007
vt 0.2020680010318756 0.2674039900302887
vt 0.2244379967451096 0.2674039900302887
f 538/963/538 785/964/785 1787/962/1787
f 2084/962/2084 1858/961/1858 1635/963/1635
vt 0.2020680010318756 0.2729830145835876
vt 0.2244379967451096 0.2729830145835876
f 64/965/64 2318/966/2318 2353/964/2353
f 1880/964/1880 541/963/541 1572/965/1572
vt 0.2020680010318756 0.2785620093345642
vt 0.2244379967451096 0.2785620093345642
f 1728/967/1728 1761/968/1761 1580/966/1580
f 1438/966/1438 820/965/820 2033/967/2033
vt 0.2020680010318756 0.2839309871196747
vt 0.2244379967451096 0.2839309871196747
f 2135/969/2135 849/970/849 2316/968/2316
f 1476/968/1476 1508/967/1508 523/969/523
vt 0.2020680010318756 0.2892999947071075
vt 0.2244379967451096 0.2892999947071075
f 143/971/143 1939/972/1939 2279/970/2279
f 1473/970/1473 1891/969/1891 1747/971/1747
vt 0.2020680010318756 0.2946380078792572
vt 0.2244379967451096 0.2946380078792572
f 761/973/761 1346/974/1346 1370/972/1370
f 36/972/36 17/971/17 16/973/16
vt 0.2020680010318756 0.2999759912490845
vt 0.2244379967451096 0.2999759912490845
f 1484/975/1484 1883/976/1883 1472/974/1472
f 1255/974/1255 2158/973/2158 2183/975/2183
vt 0.2020680010318756 0.3053140044212341
vt 0.2244379967451096 0.3053140044212341
f 610/977/610 593/978/593 592/976/592
f 1913/976/1913 226/975/226 2281/977/2281
vt 0.2020680010318756 0.3106519877910614
vt 0.2244379967451096 0.3106519877910614
f 1786/979/1786 1350/980/1350 1506/978/1506
f 2097/978/2097 262/977/262 260/979/260
vt 0.2691780030727386 0.1376589983701706
f 2097/917/2097 275/916/275 2106/981/2106
f 1906/981/1906 154/916/154 2275/920/2275
vt 0.2691780030727386 0.1509660035371780
f 947/920/947 2123/982/2123 781/981/781
f 979/982/979 1115/920/1115 957/922/957
f 2089/982/2089 424/922/424 496/924/496
vt 0.2691780030727386 0.1642729938030243
f 613/924/613 232/983/232 60/982/60
f 2310/983/2310 474/926/474 390/928/390
vt 0.2691780030727386 0.1775799989700317
f 17/928/17 323/930/323 163/984/163
f 36/926/36 1967/983/1967 17/924/17
f 1814/984/1814 1809/983/1809 278/928/278
f 509/932/509 1796/934/1796 1039/984/1039
vt 0.2691780030727386 0.1908880025148392
f 2166/985/2166 2243/984/2243 2167/934/2167
f 1609/930/1609 1052/932/1052 1751/984/1751
f 221/936/221 137/985/137 43/934/43
f 978/985/978 467/938/467 405/940/405
vt 0.2691780030727386 0.2041949927806854
f 2198/940/2198 192/986/192 238/985/238
f 646/986/646 1249/942/1249 1229/944/1229
vt 0.2691780030727386 0.2175019979476929
f 1274/944/1274 2033/987/2033 820/986/820
f 1888/985/1888 1589/936/1589 1784/938/1784
f 1077/987/1077 1148/946/1148 1149/948/1149
f 992/946/992 1201/987/1201 968/944/968
f 961/942/961 1145/986/1145 402/940/402
f 445/987/445 725/948/725 181/950/181
vt 0.2691780030727386 0.2308090031147003
f 725/950/725 201/988/201 740/987/740
vt 0.1796990036964417 0.1455219984054565
f 788/989/788 535/919/535 1494/915/1494
vt 0.1796990036964417 0.1533859968185425
f 1601/990/1601 1580/921/1580 1894/919/1894
vt 0.1796990036964417 0.1612489968538284
f 1408/991/1408 1428/925/1428 1996/923/1996
vt 0.1796990036964417 0.1691119968891144
f 1080/992/1080 2125/927/2125 233/925/233
f 1632/921/1632 425/990/425 385/991/385
f 2290/991/2290 1910/923/1910 1953/921/1953
f 382/989/382 164/915/164 451/918/451
vt 0.1796990036964417 0.1376589983701706
f 2336/918/2336 1953/993/1953 1956/989/1956
f 1217/990/1217 649/919/649 2018/989/2018
f 1254/991/1254 652/992/652 2176/925/2176
vt 0.1796990036964417 0.1769759953022003
f 1098/994/1098 1795/929/1795 546/927/546
f 1599/927/1599 1037/992/1037 935/994/935
f 2193/994/2193 273/931/273 174/929/174
vt 0.1796990036964417 0.1848389953374863
f 992/995/992 1200/933/1200 1201/931/1201
vt 0.1796990036964417 0.1927019953727722
f 2366/933/2366 326/995/326 2360/996/2360
f 1757/996/1757 295/935/295 1723/933/1723
vt 0.1796990036964417 0.2005649954080582
f 1333/997/1333 2176/939/2176 1000/937/1000
vt 0.1796990036964417 0.2084289938211441
f 194/939/194 2201/997/2201 2100/998/2100
f 900/998/900 42/941/42 216/939/216
f 125/996/125 2347/937/2347 216/935/216
f 509/997/509 2269/937/2269 2247/996/2247
vt 0.1796990036964417 0.2162919938564301
f 477/999/477 1638/945/1638 403/943/403
f 1163/999/1163 1536/943/1536 1564/941/1564
f 1886/941/1886 1780/998/1780 448/999/448
vt 0.1796990036964417 0.2241549938917160
f 1416/1000/1416 658/947/658 1424/945/1424
f 697/945/697 765/999/765 1831/1000/1831
f 2289/994/2289 1457/995/1457 1974/931/1974
f 1819/952/1819 1811/988/1811 518/950/518
f 364/988/364 767/952/767 651/954/651
vt 0.2691780030727386 0.2441159933805466
f 1717/954/1717 2269/1001/2269 1112/988/1112
f 1877/1001/1877 931/954/931 1482/956/1482
f 362/1001/362 348/956/348 1397/958/1397
vt 0.2691780030727386 0.2574230134487152
f 1255/958/1255 645/1002/645 2158/1001/2158
vt 0.1796990036964417 0.2320190072059631
f 941/947/941 1224/1000/1224 1212/1003/1212
f 1231/1003/1231 1662/949/1662 1224/947/1224
f 1417/1003/1417 1044/951/1044 2004/949/2004
f 497/1002/497 518/960/518 278/962/278
f 855/960/855 1369/1002/1369 1335/958/1335
f 2259/1002/2259 518/962/518 1811/964/1811
vt 0.2691780030727386 0.2707299888134003
f 1698/964/1698 1995/1004/1995 812/1002/812
f 1181/966/1181 2242/1004/2242 12/964/12
f 1839/1004/1839 1285/966/1285 832/968/832
vt 0.2691780030727386 0.2840369939804077
f 1829/1005/1829 1308/1004/1308 696/968/696
f 329/1005/329 1906/972/1906 324/974/324
vt 0.2691780030727386 0.2973450124263763
f 2102/974/2102 185/1006/185 111/1005/111
f 200/1006/200 207/976/207 3/978/3
vt 0.2691780030727386 0.3106519877910614
f 947/978/947 1222/1007/1222 483/1006/483
f 1543/1005/1543 567/968/567 934/970/934
f 875/1005/875 1157/970/1157 896/972/896
f 1719/1006/1719 280/974/280 1805/976/1805
f 280/1007/280 1746/978/1746 1696/980/1696
vt 0.1796990036964417 0.2398820072412491
vt 0.1796990036964417 0.2477450072765350
f 2357/953/2357 114/1008/114 69/1009/69
f 771/1009/771 749/955/749 689/953/689
f 1847/1009/1847 1350/957/1350 534/955/534
vt 0.1796990036964417 0.2556090056896210
vt 0.1796990036964417 0.2634719908237457
f 118/959/118 154/1010/154 1945/1011/1945
f 1774/1011/1774 1099/961/1099 1014/959/1014
f 686/1011/686 325/963/325 2166/961/2166
f 952/1010/952 993/959/993 2243/957/2243
f 1879/1008/1879 1795/953/1795 1608/951/1608
f 2062/951/2062 2230/1003/2230 206/1008/206
f 2262/957/2262 1696/1009/1696 1052/1010/1052
vt 0.1796990036964417 0.2713350057601929
f 2115/963/2115 185/1011/185 2102/1012/2102
f 916/1012/916 1595/965/1595 1024/963/1024
vt 0.1796990036964417 0.2791979908943176
f 2180/965/2180 648/1012/648 1143/1013/1143
f 1632/1013/1632 1683/967/1683 476/965/476
f 2122/1013/2122 2082/969/2082 1646/967/1646
vt 0.1796990036964417 0.2870619893074036
vt 0.1796990036964417 0.2949250042438507
f 1058/971/1058 501/1014/501 1735/1015/1735
f 771/1015/771 689/973/689 1827/971/1827
f 2071/1015/2071 2230/975/2230 2050/973/2050
f 1416/1014/1416 319/971/319 1399/969/1399
f 1732/1014/1732 1758/969/1758 286/1013/286
vt 0.1796990036964417 0.3027879893779755
vt 0.1796990036964417 0.3106519877910614
f 1752/977/1752 1796/1016/1796 2247/1017/2247
f 1304/1017/1304 1828/979/1828 1354/977/1354
f 2135/975/2135 2316/1015/2316 1619/1016/1619
f 1678/977/1678 2185/975/2185 1256/1016/1256
vt 0.1128370016813278 0.7585499882698059
vt 0.1348409950733185 0.7585499882698059
vt 0.1348409950733185 0.7516419887542725
f 887/1018/887 1401/1019/1401 1166/1020/1166
vt 0.1128370016813278 0.7516419887542725
f 2169/1020/2169 1653/1021/1653 1258/1018/1258
vt 0.0908339992165565 0.7585499882698059
f 959/1022/959 989/1018/989 1388/1021/1388
vt 0.0908339992165565 0.7516419887542725
f 2304/1021/2304 2312/1023/2312 1620/1022/1620
vt 0.1128370016813278 0.7730100154876709
vt 0.1348409950733185 0.7730100154876709
vt 0.1348409950733185 0.7657799720764160
f 1533/1024/1533 1551/1025/1551 874/1026/874
vt 0.1128370016813278 0.7657799720764160
f 176/1026/176 275/1027/275 2117/1024/2117
f 1429/1027/1429 1986/1026/1986 2021/1019/2021
f 1999/1019/1999 1400/1018/1400 1153/1027/1153
vt 0.1128370016813278 0.7875199913978577
vt 0.1348409950733185 0.7875199913978577
vt 0.1348409950733185 0.7802649736404419
f 1348/1028/1348 983/1029/983 1825/1030/1825
vt 0.1128370016813278 0.7802649736404419
f 2117/1030/2117 2204/1031/2204 192/1028/192
f 1819/1031/1819 518/1030/518 497/1025/497
f 2095/1025/2095 2113/1024/2113 437/1031/437
vt 0.1128370016813278 0.7944030165672302
vt 0.1348409950733185 0.7944030165672302
f 1819/1032/1819 1050/1033/1050 517/1029/517
f 976/1029/976 1117/1028/1117 983/1032/983
vt 0.0908339992165565 0.7944030165672302
f 2248/1034/2248 1751/1032/1751 1052/1028/1052
vt 0.0908339992165565 0.7875199913978577
f 428/1028/428 406/1035/406 405/1034/405
vt 0.1568440049886703 0.7541599869728088
vt 0.1480430066585541 0.7447339892387390
f 2005/1036/2005 1627/1037/1627 1614/1020/1614
vt 0.1392409950494766 0.7447339892387390
f 125/1020/125 1940/1037/1940 2347/1038/2347
vt 0.1216380000114441 0.7447339892387390
vt 0.1304399967193604 0.7447339892387390
f 1528/1039/1528 549/1020/549 873/1040/873
f 1126/1038/1126 949/1040/949 995/1020/995
f 2286/1020/2286 1941/1039/1941 1922/1021/1922
vt 0.1568440049886703 0.7447339892387390
f 980/1036/980 945/1041/945 983/1037/983
f 1931/1036/1931 115/1019/115 133/1026/133
vt 0.1568440049886703 0.7635849714279175
f 2336/1026/2336 2273/1042/2273 2290/1036/2290
f 2086/1042/2086 2085/1026/2085 2128/1025/2128
vt 0.1568440049886703 0.7730100154876709
f 1522/1025/1522 525/1043/525 805/1042/805
vt 0.1568440049886703 0.7824360132217407
f 1890/1030/1890 1789/1044/1789 1790/1043/1790
f 1792/1043/1792 1567/1025/1567 1522/1030/1522
f 1792/1020/1792 1522/1019/1522 1567/1036/1567
vt 0.1128370016813278 0.7447339892387390
vt 0.1040360033512115 0.7447339892387390
f 1110/1021/1110 1495/1045/1495 1113/1046/1113
vt 0.0952339991927147 0.7447339892387390
f 2189/1023/2189 238/1046/238 2204/1047/2204
vt 0.0864330008625984 0.7447339892387390
vt 0.0776309967041016 0.7447339892387390
f 453/1023/453 745/1048/745 2104/1049/2104
vt 0.0688299983739853 0.7447339892387390
f 167/1023/167 2111/1049/2111 272/1050/272
f 433/1048/433 442/1023/442 2345/1047/2345
f 562/1039/562 1165/1045/1165 876/1021/876
f 1918/1022/1918 1961/1027/1961 56/1018/56
vt 0.0688299983739853 0.7588719725608826
f 36/1051/36 46/1022/46 1967/1023/1967
vt 0.0688299983739853 0.7730100154876709
f 237/1022/237 273/1051/273 466/1052/466
f 1821/1050/1821 982/1051/982 1287/1023/1287
f 371/1027/371 253/1022/253 267/1052/267
f 118/1046/118 114/1023/114 1946/1021/1946
f 937/1044/937 563/1030/563 894/1029/894
vt 0.1568440049886703 0.7918609976768494
f 365/1053/365 861/1044/861 2181/1029/2181
f 1162/1053/1162 884/1029/884 1108/1033/1108
vt 0.1480430066585541 0.8012859821319580
f 1228/1033/1228 2156/1054/2156 1208/1053/1208
vt 0.1568440049886703 0.8012859821319580
f 1066/1053/1066 1969/1054/1969 74/1055/74
vt 0.1392409950494766 0.8012859821319580
f 677/1033/677 1588/1056/1588 678/1054/678
vt 0.1216380000114441 0.8012859821319580
vt 0.1304399967193604 0.8012859821319580
f 317/1033/317 2027/1057/2027 2024/1058/2024
f 1125/1032/1125 1198/1057/1198 2171/1033/2171
f 1525/1033/1525 1579/1058/1579 286/1056/286
vt 0.1128370016813278 0.8012859821319580
f 1389/1032/1389 343/1059/343 860/1057/860
f 59/1035/59 2360/1028/2360 39/1031/39
vt 0.0688299983739853 0.7871479988098145
f 771/1060/771 1827/1035/1827 841/1052/841
f 1203/1031/1203 1284/1052/1284 954/1035/954
f 507/1035/507 1042/1060/1042 1769/1034/1769
f 1555/1024/1555 1788/1052/1788 1774/1031/1774
vt 0.0952339991927147 0.8012859821319580
vt 0.1040360033512115 0.8012859821319580
f 1005/1061/1005 1856/1062/1856 970/1034/970
f 797/1032/797 524/1034/524 1710/1062/1710
vt 0.0864330008625984 0.8012859821319580
f 797/1063/797 1710/1061/1710 524/1034/524
vt 0.0776309967041016 0.8012859821319580
f 1522/1034/1522 797/1064/797 525/1063/525
vt 0.0688299983739853 0.8012859821319580
f 1357/1034/1357 1298/1065/1298 1848/1064/1848
f 1469/1060/1469 1075/1065/1075 1981/1034/1981
f 357/1062/357 2173/1059/2173 1226/1032/1226
f 1820/1027/1820 1575/1052/1575 798/1024/798
vt 0.0628670006990433 0.6474599838256836
vt 0.0628670006990433 0.6406900286674500
vt 0.0754410028457642 0.6406900286674500
f 777/1066/777 867/1067/867 1678/1068/1678
vt 0.0754410028457642 0.6474599838256836
f 1448/1068/1448 1408/1069/1408 294/1066/294
vt 0.0628670006990433 0.6745390295982361
vt 0.0628670006990433 0.6677690148353577
vt 0.0754410028457642 0.6677690148353577
f 1498/1070/1498 1774/1071/1774 1109/1072/1109
vt 0.0754410028457642 0.6745390295982361
f 1903/1072/1903 2279/1073/2279 1939/1070/1939
vt 0.0792130008339882 0.6339210271835327
vt 0.0880139991641045 0.6339210271835327
f 1919/1074/1919 2273/1075/2273 1917/1068/1917
vt 0.0880139991641045 0.6433979868888855
f 2049/1076/2049 2298/1068/2298 2064/1075/2064
vt 0.0704109966754913 0.6339210271835327
f 311/1077/311 1807/1074/1807 1728/1068/1728
vt 0.0616099983453751 0.6339210271835327
f 1920/1067/1920 47/1078/47 219/1077/219
vt 0.0451259985566139 0.6360700130462646
vt 0.0528080016374588 0.6339210271835327
vt 0.0533559992909431 0.6397950053215027
f 252/1079/252 2045/1080/2045 2052/1081/2052
f 1028/1078/1028 1789/1081/1789 1605/1080/1605
f 1344/1081/1344 1203/1078/1203 699/1067/699
f 1090/1068/1090 1789/1067/1789 1890/1077/1890
vt 0.0880139991641045 0.6528760194778442
f 1656/1082/1656 946/1069/946 1375/1076/1375
vt 0.0754410028457642 0.6609990000724792
f 686/1083/686 946/1069/946 692/1082/692
vt 0.0880139991641045 0.6623529791831970
f 1971/1082/1971 1062/1084/1062 1970/1083/1970
vt 0.0628670006990433 0.6609990000724792
f 1971/1083/1971 1970/1085/1970 1062/1066/1062
f 682/1066/682 1241/1069/1241 1248/1083/1248
vt 0.0593839995563030 0.6466019749641418
f 1886/1081/1886 1488/1067/1488 1785/1086/1785
f 1548/1066/1548 1171/1086/1171 1505/1067/1505
vt 0.0621679984033108 0.6553120017051697
f 779/1086/779 1359/1066/1359 775/1087/775
vt 0.0612270012497902 0.6644210219383240
f 638/1087/638 1684/1085/1684 1687/1088/1687
f 2335/1076/2335 2292/1069/2292 2317/1068/2317
vt 0.0352060012519360 0.6339210271835327
vt 0.0440069995820522 0.6339210271835327
vt 0.0361180007457733 0.6360700130462646
f 2372/1089/2372 333/1090/333 324/1091/324
f 137/1079/137 139/1091/139 43/1090/43
vt 0.0264040008187294 0.6339210271835327
f 1329/1092/1329 946/1089/946 833/1091/833
vt 0.0278880000114441 0.6397950053215027
vt 0.0176030006259680 0.6339210271835327
f 1879/1092/1879 1608/1093/1608 1034/1094/1034
vt 0.0088010001927614 0.6339210271835327
vt 0.0125730000436306 0.6406900286674500
vt 0.0000000000000000 0.6339210271835327
f 1602/1095/1602 1604/1096/1604 555/1097/555
f 204/1096/204 1325/1095/1325 84/1094/84
f 1960/1092/1960 139/1091/139 2328/1093/2328
f 2075/1094/2075 2065/1093/2065 2053/1096/2053
vt 0.0125730000436306 0.6542299985885620
vt 0.0218589995056391 0.6466019749641418
vt 0.0190760008990765 0.6553120017051697
f 1621/1098/1621 644/1099/644 578/1100/578
f 1333/1096/1333 1346/1093/1346 721/1099/721
vt 0.0000000000000000 0.6433979868888855
f 1775/1097/1775 1523/1096/1523 1571/1101/1571
f 857/1096/857 850/1099/850 1380/1098/1380
vt 0.0125730000436306 0.6609990000724792
vt 0.0000000000000000 0.6623529791831970
f 1311/1098/1311 714/1102/714 1855/1103/1855
vt 0.0000000000000000 0.6528760194778442
f 1971/1103/1971 1981/1104/1981 1466/1098/1466
f 2135/1104/2135 413/1101/413 490/1096/490
f 2187/1096/2187 2052/1098/2052 2068/1104/2068
f 2235/1102/2235 2196/1098/2196 24/1100/24
f 431/1079/431 1637/1090/1637 1342/1080/1342
f 835/1087/835 1366/1066/1366 1297/1085/1297
vt 0.0880139991641045 0.6718310117721558
f 1002/1084/1002 987/1105/987 628/1072/628
f 279/1072/279 1750/1083/1750 1896/1084/1896
f 967/1072/967 981/1071/981 630/1085/630
f 210/1085/210 207/1083/207 200/1072/200
vt 0.0567220002412796 0.6723520159721375
f 2321/1088/2321 1953/1071/1953 2277/1106/2277
f 1547/1071/1547 292/1070/292 541/1106/541
f 4/1085/4 463/1071/463 2217/1088/2217
f 550/1073/550 1035/1072/1035 935/1105/935
vt 0.0792130008339882 0.6813079714775085
vt 0.0880139991641045 0.6813079714775085
f 887/1107/887 1552/1073/1552 1539/1108/1539
f 386/1105/386 1630/1108/1630 2123/1073/2123
vt 0.0704109966754913 0.6813079714775085
f 2150/1073/2150 738/1107/738 2080/1109/2080
f 1173/1070/1173 1178/1073/1178 897/1109/897
vt 0.0616099983453751 0.6813079714775085
f 1122/1109/1122 1240/1110/1240 1198/1070/1198
vt 0.0494339987635612 0.6777359843254089
f 1745/1106/1745 2037/1070/2037 1043/1111/1043
f 1711/1110/1711 516/1111/516 1990/1070/1990
vt 0.0528080016374588 0.6813079714775085
f 1584/1111/1584 828/1110/828 1280/1112/1280
vt 0.0440069995820522 0.6813079714775085
f 312/1113/312 1259/1111/1259 1260/1112/1260
vt 0.0200169999152422 0.6644210219383240
vt 0.0125730000436306 0.6677690148353577
f 1786/1114/1786 929/1115/929 1499/1102/1499
f 2332/1114/2332 905/1102/905 1463/1100/1463
vt 0.0245220009237528 0.6723520159721375
f 296/1116/296 2003/1115/2003 300/1114/300
vt 0.0000000000000000 0.6718310117721558
f 709/1117/709 988/1103/988 1129/1102/1129
f 679/1102/679 2031/1115/2031 1269/1117/1269
vt 0.0000000000000000 0.6813079714775085
vt 0.0125730000436306 0.6745390295982361
f 1476/1118/1476 523/1117/523 1111/1119/1111
f 746/1115/746 852/1119/852 360/1117/360
f 1775/1119/1775 1885/1115/1885 521/1116/521
vt 0.0176030006259680 0.6813079714775085
f 858/1119/858 1843/1116/1843 1378/1120/1378
vt 0.0352060012519360 0.6813079714775085
vt 0.0318100005388260 0.6777359843254089
vt 0.0406219996511936 0.6796399950981140
f 2001/1121/2001 1872/1122/1872 1747/1123/1747
f 1055/1123/1055 1783/1113/1783 1048/1121/1048
vt 0.0264040008187294 0.6813079714775085
f 1055/1124/1055 1817/1122/1817 2265/1121/2265
f 1211/1124/1211 982/1120/982 1310/1116/1310
vt 0.0088010001927614 0.6813079714775085
f 982/1125/982 942/1118/942 1287/1119/1287
f 962/1120/962 982/1125/982 1130/1119/1130
f 1417/1116/1417 501/1122/501 1044/1124/1044
f 889/1123/889 1173/1111/1173 1158/1113/1158
vt 0.1128370016813278 0.8693640232086182
vt 0.1348409950733185 0.8693640232086182
vt 0.1348409950733185 0.8624560236930847
f 1357/1126/1357 359/1127/359 856/1128/856
vt 0.1128370016813278 0.8624560236930847
f 1934/1128/1934 1935/1129/1935 1921/1126/1921
vt 0.0908339992165565 0.8693640232086182
f 137/1130/137 124/1126/124 2328/1129/2328
vt 0.0908339992165565 0.8624560236930847
f 296/1129/296 1709/1131/1709 1737/1130/1737
vt 0.1128370016813278 0.8838239908218384
vt 0.1348409950733185 0.8838239908218384
vt 0.1348409950733185 0.8765940070152283
f 1990/1132/1990 424/1133/424 1403/1134/1403
vt 0.1128370016813278 0.8765940070152283
f 1622/1134/1622 582/1135/582 26/1132/26
f 1612/1135/1612 2016/1134/2016 596/1127/596
f 872/1127/872 2248/1126/2248 810/1135/810
vt 0.1128370016813278 0.8983340263366699
vt 0.1348409950733185 0.8983340263366699
vt 0.1348409950733185 0.8910790085792542
f 2029/1136/2029 310/1137/310 810/1138/810
vt 0.1128370016813278 0.8910790085792542
f 1167/1138/1167 1999/1139/1999 1153/1136/1153
f 687/1139/687 1835/1138/1835 1836/1133/1836
f 729/1133/729 2210/1132/2210 447/1139/447
vt 0.1128370016813278 0.9052169919013977
vt 0.1348409950733185 0.9052169919013977
f 26/1140/26 2256/1141/2256 1642/1137/1642
f 1689/1137/1689 194/1136/194 2100/1140/2100
vt 0.0908339992165565 0.9052169919013977
f 429/1142/429 570/1140/570 32/1136/32
vt 0.0908339992165565 0.8983340263366699
f 1839/1136/1839 1382/1143/1382 1301/1142/1301
vt 0.1568440049886703 0.8649730086326599
vt 0.1480430066585541 0.8555480241775513
f 1386/1144/1386 356/1145/356 1382/1128/1382
vt 0.1392409950494766 0.8555480241775513
f 1382/1128/1382 351/1145/351 2130/1146/2130
vt 0.1216380000114441 0.8555480241775513
vt 0.1304399967193604 0.8555480241775513
f 2212/1147/2212 452/1128/452 433/1148/433
f 1594/1146/1594 931/1148/931 1033/1128/1033
f 1371/1128/1371 617/1147/617 756/1129/756
vt 0.1568440049886703 0.8555480241775513
f 1214/1144/1214 983/1149/983 1206/1145/1206
f 1887/1144/1887 1489/1127/1489 1090/1134/1090
vt 0.1568440049886703 0.8743990063667297
f 668/1134/668 1412/1150/1412 1153/1144/1153
f 26/1150/26 2090/1134/2090 1734/1133/1734
vt 0.1568440049886703 0.8838239908218384
f 2087/1133/2087 1645/1151/1645 1839/1150/1839
vt 0.1568440049886703 0.8932499885559082
f 2013/1138/2013 1627/1152/1627 396/1151/396
f 1602/1151/1602 555/1133/555 553/1138/553
f 355/1128/355 1380/1127/1380 641/1144/641
vt 0.1128370016813278 0.8555480241775513
vt 0.1040360033512115 0.8555480241775513
f 850/1129/850 851/1153/851 1380/1154/1380
vt 0.0952339991927147 0.8555480241775513
f 1098/1131/1098 546/1154/546 794/1155/794
vt 0.0864330008625984 0.8555480241775513
vt 0.0776309967041016 0.8555480241775513
f 2069/1131/2069 2057/1156/2057 258/1157/258
vt 0.0688299983739853 0.8555480241775513
f 1469/1131/1469 1971/1157/1971 1065/1158/1065
f 2288/1156/2288 1912/1131/1912 1962/1155/1962
f 1912/1147/1912 50/1153/50 153/1129/153
f 494/1130/494 640/1135/640 385/1126/385
vt 0.0688299983739853 0.8696860074996948
f 1001/1159/1001 1675/1130/1675 948/1131/948
vt 0.0688299983739853 0.8838239908218384
f 414/1130/414 2006/1159/2006 1634/1160/1634
f 1579/1158/1579 1732/1159/1732 286/1131/286
f 1826/1135/1826 834/1130/834 763/1160/763
f 452/1154/452 446/1131/446 2341/1129/2341
f 1774/1152/1774 1098/1138/1098 530/1137/530
vt 0.1568440049886703 0.9026749730110168
f 1213/1161/1213 1209/1152/1209 951/1137/951
f 2151/1161/2151 741/1137/741 1327/1141/1327
vt 0.1480430066585541 0.9121000170707703
f 1509/1141/1509 1898/1162/1898 1093/1161/1093
vt 0.1568440049886703 0.9121000170707703
f 177/1161/177 104/1162/104 2339/1163/2339
vt 0.1392409950494766 0.9121000170707703
f 1213/1141/1213 951/1164/951 985/1162/985
vt 0.1216380000114441 0.9121000170707703
vt 0.1304399967193604 0.9121000170707703
f 244/1141/244 187/1165/187 2230/1166/2230
f 2073/1140/2073 2299/1165/2299 2050/1141/2050
f 1503/1141/1503 1707/1166/1707 1714/1164/1714
vt 0.1128370016813278 0.9121000170707703
f 357/1140/357 626/1167/626 2152/1165/2152
f 1860/1143/1860 1278/1136/1278 882/1139/882
vt 0.0688299983739853 0.8979619741439819
f 2215/1168/2215 241/1143/241 2216/1160/2216
f 786/1139/786 1813/1160/1813 798/1143/798
f 1988/1143/1988 291/1168/291 1446/1142/1446
f 1126/1132/1126 1144/1160/1144 1195/1139/1195
vt 0.0952339991927147 0.9121000170707703
vt 0.1040360033512115 0.9121000170707703
f 975/1169/975 706/1170/706 1309/1142/1309
f 887/1140/887 1539/1142/1539 1867/1170/1867
vt 0.0864330008625984 0.9121000170707703
f 1557/1171/1557 790/1169/790 785/1142/785
vt 0.0776309967041016 0.9121000170707703
f 1173/1142/1173 1604/1172/1604 1158/1171/1158
vt 0.0688299983739853 0.9121000170707703
f 895/1142/895 1587/1173/1587 1155/1172/1155
f 1621/1168/1621 341/1173/341 644/1142/644
f 1381/1170/1381 1311/1167/1311 353/1140/353
f 183/1135/183 457/1160/457 2219/1132/2219
vt 0.0628670006990433 0.5366460084915161
vt 0.0754410028457642 0.5366460084915161
vt 0.0754410028457642 0.5298770070075989
f 1356/1174/1356 1299/1175/1299 1835/1176/1835
vt 0.0628670006990433 0.5298770070075989
f 1711/1176/1711 1483/1177/1483 1502/1174/1502
vt 0.0628670006990433 0.5637249946594238
vt 0.0754410028457642 0.5637249946594238
vt 0.0754410028457642 0.5569549798965454
f 909/1178/909 2356/1179/2356 912/1180/912
vt 0.0628670006990433 0.5569549798965454
f 1731/1180/1731 818/1181/818 1724/1178/1724
vt 0.0792130008339882 0.5231069922447205
vt 0.0880139991641045 0.5231069922447205
f 1246/1182/1246 998/1176/998 2162/1183/2162
vt 0.0880139991641045 0.5325840115547180
f 1257/1184/1257 354/1183/354 1656/1176/1656
vt 0.0704109966754913 0.5231069922447205
f 2106/1185/2106 250/1176/250 262/1182/262
vt 0.0616099983453751 0.5231069922447205
f 73/1177/73 72/1185/72 2348/1186/2348
vt 0.0451259985566139 0.5252569913864136
vt 0.0533559992909431 0.5289819836616516
vt 0.0528080016374588 0.5231069922447205
f 315/1187/315 1591/1188/1591 556/1189/556
f 673/1186/673 1268/1189/1268 1437/1188/1437
f 203/1188/203 108/1177/108 458/1186/458
f 1232/1176/1232 1375/1185/1375 946/1177/946
vt 0.0880139991641045 0.5420619845390320
f 177/1190/177 2220/1184/2220 443/1175/443
vt 0.0754410028457642 0.5501859784126282
vt 0.0880139991641045 0.5515400171279907
f 1093/1191/1093 1785/1192/1785 1488/1190/1488
f 228/1190/228 41/1175/41 161/1191/161
f 299/1191/299 1422/1175/1422 1744/1174/1744
vt 0.0628670006990433 0.5501859784126282
f 29/1174/29 590/1193/590 408/1191/408
vt 0.0593839995563030 0.5357879996299744
f 2295/1188/2295 2073/1194/2073 2048/1177/2048
f 2319/1174/2319 116/1177/116 2349/1194/2349
vt 0.0621679984033108 0.5444989800453186
f 2319/1194/2319 1961/1195/1961 2286/1174/2286
vt 0.0612270012497902 0.5536069869995117
f 1252/1195/1252 1246/1196/1246 2177/1193/2177
f 195/1184/195 2210/1176/2210 93/1175/93
vt 0.0352060012519360 0.5231069922447205
vt 0.0361180007457733 0.5252569913864136
vt 0.0440069995820522 0.5231069922447205
f 155/1197/155 2285/1198/2285 1916/1199/1916
f 4/1187/4 196/1199/196 94/1198/94
vt 0.0264040008187294 0.5231069922447205
f 106/1200/106 2219/1198/2219 457/1197/457
vt 0.0176030006259680 0.5231069922447205
vt 0.0278880000114441 0.5289819836616516
f 916/1200/916 1493/1201/1493 1085/1202/1085
vt 0.0088010001927614 0.5231069922447205
vt 0.0000000000000000 0.5231069922447205
vt 0.0125730000436306 0.5298770070075989
f 777/1203/777 711/1204/711 1358/1205/1358
f 885/1205/885 1414/1201/1414 1736/1203/1736
f 1746/1200/1746 1440/1202/1440 1696/1198/1696
f 1681/1201/1681 347/1205/347 1337/1202/1337
vt 0.0125730000436306 0.5434160232543945
vt 0.0190760008990765 0.5444989800453186
vt 0.0218589995056391 0.5357879996299744
f 1913/1206/1913 227/1207/227 226/1208/226
f 4/1205/4 85/1208/85 742/1202/742
vt 0.0000000000000000 0.5325840115547180
f 1915/1204/1915 125/1209/125 1960/1205/1960
f 2159/1205/2159 630/1206/630 981/1208/981
vt 0.0000000000000000 0.5515400171279907
vt 0.0125730000436306 0.5501859784126282
f 674/1210/674 512/1211/512 1803/1206/1803
vt 0.0000000000000000 0.5420619845390320
f 1125/1206/1125 1379/1212/1379 1000/1210/1000
f 1298/1212/1298 769/1206/769 1835/1205/1835
f 2330/1205/2330 1950/1209/1950 2327/1212/2327
f 1192/1211/1192 2157/1207/2157 2174/1206/2174
f 1674/1187/1674 838/1189/838 354/1199/354
f 1622/1195/1622 26/1193/26 2133/1174/2133
f 497/1192/497 2258/1191/2258 1050/1180/1050
vt 0.0880139991641045 0.5610169768333435
f 500/1180/500 2266/1213/2266 827/1192/827
f 729/1180/729 7/1191/7 380/1193/380
f 4/1193/4 730/1181/730 85/1180/85
vt 0.0567220002412796 0.5615389943122864
f 2017/1196/2017 821/1214/821 403/1181/403
f 409/1181/409 480/1214/480 2007/1178/2007
f 1119/1193/1119 1250/1196/1250 2157/1181/2157
f 872/1179/872 1598/1213/1598 1021/1180/1021
vt 0.0792130008339882 0.5704950094223022
vt 0.0880139991641045 0.5704950094223022
f 345/1215/345 1149/1216/1149 1182/1179/1182
f 2017/1213/2017 1641/1179/1641 389/1216/389
vt 0.0704109966754913 0.5704950094223022
f 1877/1179/1877 1029/1217/1029 1504/1215/1504
vt 0.0616099983453751 0.5704950094223022
f 1455/1178/1455 2350/1218/2350 1456/1217/1456
f 54/1217/54 911/1179/911 62/1178/62
vt 0.0494339987635612 0.5669220089912415
f 2002/1214/2002 1451/1219/1451 1275/1178/1275
f 1534/1218/1534 873/1178/873 552/1219/552
vt 0.0528080016374588 0.5704950094223022
f 482/1219/482 2082/1220/2082 2006/1218/2006
vt 0.0440069995820522 0.5704950094223022
f 498/1221/498 1039/1220/1039 1776/1219/1776
vt 0.0200169999152422 0.5536069869995117
vt 0.0125730000436306 0.5569549798965454
f 481/1222/481 1196/1211/1196 986/1223/986
f 1190/1222/1190 628/1207/628 1842/1211/1842
vt 0.0245220009237528 0.5615389943122864
f 117/1224/117 137/1222/137 221/1223/221
vt 0.0000000000000000 0.5610169768333435
f 537/1225/537 795/1223/795 1700/1211/1700
f 494/1211/494 385/1210/385 585/1225/585
vt 0.0000000000000000 0.5704950094223022
vt 0.0125730000436306 0.5637249946594238
f 2307/1226/2307 469/1227/469 2000/1225/2000
f 2306/1223/2306 613/1225/613 1611/1227/1611
f 1542/1227/1542 1176/1224/1176 1538/1223/1538
vt 0.0176030006259680 0.5704950094223022
f 1385/1227/1385 761/1228/761 352/1224/352
vt 0.0352060012519360 0.5704950094223022
vt 0.0406219996511936 0.5688260197639465
vt 0.0318100005388260 0.5669220089912415
f 269/1229/269 257/1230/257 171/1231/171
f 571/1230/571 26/1229/26 1656/1221/1656
vt 0.0264040008187294 0.5704950094223022
f 1622/1232/1622 2133/1229/2133 470/1231/470
f 1069/1232/1069 53/1224/53 1464/1228/1464
vt 0.0088010001927614 0.5704950094223022
f 2114/1233/2114 459/1227/459 375/1226/375
f 698/1228/698 368/1227/368 1387/1233/1387
f 1617/1224/1617 474/1232/474 2310/1231/2310
f 660/1230/660 1279/1221/1279 659/1219/659
vt 0.7534790039062500 0.1596519947052002
vt 0.7878940105438232 0.1596519947052002
vt 0.7878940105438232 0.1692209988832474
f 1773/1234/1773 1029/1235/1029 669/1236/669
vt 0.7792900204658508 0.1787900030612946
vt 0.7878940105438232 0.1787900030612946
f 2236/1237/2236 14/1236/14 322/1238/322
vt 0.7190639972686768 0.1692209988832474
vt 0.7190639972686768 0.1596519947052002
f 2134/1239/2134 32/1240/32 614/1234/614
vt 0.7706859707832336 0.1787900030612946
f 2278/1237/2278 121/1241/121 1452/1236/1452
f 2205/1236/2205 2107/1239/2107 189/1234/189
vt 0.7534790039062500 0.1787900030612946
f 2205/1242/2205 237/1239/237 432/1236/432
vt 0.7620829939842224 0.1787900030612946
f 1557/1236/1557 525/1241/525 790/1243/790
f 411/1236/411 953/1243/953 989/1242/989
vt 0.7448750138282776 0.1787900030612946
vt 0.7362710237503052 0.1787900030612946
f 1937/1239/1937 148/1244/148 1938/1245/1938
vt 0.7276679873466492 0.1787900030612946
vt 0.7190639972686768 0.1787900030612946
f 1698/1239/1698 281/1246/281 1995/1247/1995
f 1087/1239/1087 1472/1245/1472 1772/1246/1772
f 138/1239/138 14/1242/14 2236/1244/2236
vt 0.6711400151252747 0.6983559727668762
vt 0.6828290224075317 0.6983559727668762
vt 0.6828290224075317 0.7101550102233887
f 861/1248/861 622/1249/622 2181/1250/2181
vt 0.6243849992752075 0.7101550102233887
vt 0.6243849992752075 0.6983559727668762
vt 0.6360740065574646 0.6983559727668762
f 1616/1251/1616 481/1252/481 2009/1253/2009
vt 0.6828290224075317 0.7455530166625977
vt 0.6828290224075317 0.7573530077934265
vt 0.6711400151252747 0.7573530077934265
f 2218/1254/2218 172/1255/172 462/1256/462
vt 0.6360740065574646 0.7573530077934265
vt 0.6243849992752075 0.7573530077934265
vt 0.6243849992752075 0.7455530166625977
f 1067/1257/1067 2283/1258/2283 1076/1259/1076
vt 0.6876990199089050 0.6865559816360474
vt 0.6911079883575439 0.6899979710578918
f 2132/1249/2132 429/1260/429 32/1261/32
vt 0.6945170164108276 0.6934390068054199
f 1463/1261/1463 905/1262/905 908/1249/908
vt 0.6945170164108276 0.7020429968833923
f 1667/1263/1667 1652/1249/1652 2170/1262/2170
vt 0.6791759729385376 0.6865559816360474
f 984/1264/984 955/1260/955 949/1249/949
vt 0.6706529855728149 0.6865559816360474
f 2308/1265/2308 608/1264/608 397/1249/397
f 1753/1249/1753 1415/1248/1415 1719/1265/1719
vt 0.6621299982070923 0.6865559816360474
vt 0.6477620005607605 0.6983559727668762
vt 0.6536070108413696 0.6865559816360474
f 1971/1266/1971 1466/1267/1466 912/1268/912
f 605/1265/605 2305/1248/2305 478/1266/478
vt 0.6619570255279541 0.7075049877166748
vt 0.6536070108413696 0.7058280110359192
f 241/1269/241 266/1270/266 166/1248/166
vt 0.6945170164108276 0.7106469869613647
f 1161/1263/1161 554/1271/554 919/1250/919
f 1370/1250/1370 1287/1249/1287 352/1263/352
vt 0.6754260063171387 0.7278540134429932
vt 0.6828290224075317 0.7337539792060852
f 316/1272/316 1424/1250/1424 23/1273/23
vt 0.6945170164108276 0.7192500233650208
f 285/1250/285 1734/1271/1734 1409/1274/1409
vt 0.6690350174903870 0.7122799754142761
f 911/1269/911 2346/1248/2346 62/1275/62
f 1023/1275/1023 557/1248/557 816/1250/816
vt 0.6737650036811829 0.7194250226020813
f 726/1250/726 745/1276/745 453/1275/453
f 1888/1273/1888 1110/1250/1110 1478/1274/1478
vt 0.6945170164108276 0.7278540134429932
f 498/1274/498 1889/1277/1889 1491/1273/1491
f 1345/1250/1345 1201/1272/1201 1123/1276/1123
f 778/1267/778 866/1248/866 1390/1270/1390
vt 0.6365609765052795 0.6865559816360474
vt 0.6450840234756470 0.6865559816360474
f 1892/1278/1892 1782/1279/1782 1105/1267/1105
f 2321/1267/2321 1956/1253/1956 1953/1278/1953
vt 0.6452569961547852 0.7075049877166748
f 2321/1280/2321 1953/1253/1953 1956/1267/1956
f 575/1279/575 601/1268/601 35/1267/35
vt 0.6280379891395569 0.6865559816360474
f 1494/1281/1494 1480/1278/1480 1103/1253/1103
f 1304/1253/1304 1841/1252/1841 1828/1281/1828
vt 0.6195150017738342 0.6865559816360474
f 835/1252/835 707/1282/707 1751/1281/1751
vt 0.6126959919929504 0.6934390068054199
vt 0.6161059737205505 0.6899979710578918
f 966/1283/966 598/1284/598 707/1252/707
f 473/1282/473 408/1252/408 1629/1284/1629
vt 0.6126959919929504 0.7020429968833923
f 1955/1285/1955 1942/1283/1942 1454/1252/1454
vt 0.6381790041923523 0.7122799754142761
f 2213/1286/2213 460/1253/460 191/1280/191
vt 0.6334490180015564 0.7194250226020813
f 834/1251/834 1377/1286/1377 763/1287/763
f 1468/1253/1468 71/1286/71 72/1251/72
vt 0.6126959919929504 0.7106469869613647
f 1886/1288/1886 377/1285/377 461/1252/461
f 967/1252/967 984/1251/984 1138/1288/1138
vt 0.6126959919929504 0.7192500233650208
f 984/1251/984 949/1289/949 1195/1288/1195
vt 0.6317880153656006 0.7278540134429932
f 1935/1290/1935 1916/1251/1916 1921/1287/1921
vt 0.6126959919929504 0.7278540134429932
vt 0.6243849992752075 0.7337539792060852
f 767/1291/767 999/1289/999 1672/1292/1672
f 117/1292/117 142/1251/142 124/1290/124
f 2141/1270/2141 83/1280/83 82/1267/82
f 1135/1266/1135 999/1248/999 696/1267/696
vt 0.6945170164108276 0.7364580035209656
f 84/1254/84 1325/1273/1325 80/1293/80
vt 0.6945170164108276 0.7450619935989380
f 1736/1293/1736 1414/1294/1414 1986/1254/1986
f 1017/1277/1017 666/1293/666 1152/1273/1152
vt 0.6945170164108276 0.7536649703979492
f 1182/1294/1182 844/1295/844 762/1255/762
f 213/1255/213 2192/1254/2192 21/1294/21
vt 0.6690350174903870 0.7434290051460266
vt 0.6737650036811829 0.7362830042839050
f 1925/1254/1925 153/1296/153 1942/1297/1942
f 1089/1256/1089 1589/1296/1589 554/1254/554
vt 0.6536070108413696 0.7498800158500671
vt 0.6619570255279541 0.7482029795646667
f 1154/1298/1154 877/1299/877 1164/1256/1164
f 1307/1299/1307 1133/1296/1133 1210/1256/1210
f 1812/1254/1812 511/1297/511 1054/1273/1054
vt 0.6911079883575439 0.7657110095024109
vt 0.6945170164108276 0.7622690200805664
f 238/1300/238 192/1255/192 2204/1301/2204
f 1698/1295/1698 1755/1301/1755 282/1255/282
vt 0.6876990199089050 0.7691519856452942
f 812/1255/812 1559/1300/1559 1755/1302/1755
vt 0.6791759729385376 0.7691519856452942
f 1865/1303/1865 812/1255/812 815/1302/815
vt 0.6706529855728149 0.7691519856452942
f 1274/1303/1274 672/1304/672 2033/1256/2033
f 594/1256/594 612/1255/612 2129/1303/2129
vt 0.6621299982070923 0.7691519856452942
f 636/1256/636 622/1304/622 2158/1305/2158
vt 0.6477620005607605 0.7573530077934265
f 2019/1256/2019 2032/1306/2032 510/1298/510
f 1531/1306/1531 1875/1256/1875 1530/1305/1530
vt 0.6536070108413696 0.7691519856452942
f 2034/1305/2034 1443/1307/1443 1765/1306/1765
vt 0.6334490180015564 0.7362830042839050
f 2335/1292/2335 2286/1290/2286 1918/1308/1918
vt 0.6381790041923523 0.7434290051460266
f 1477/1257/1477 783/1259/783 535/1309/535
f 980/1259/980 1333/1308/1333 945/1309/945
vt 0.6126959919929504 0.7364580035209656
f 1365/1292/1365 2165/1310/2165 853/1291/853
vt 0.6126959919929504 0.7450619935989380
f 271/1292/271 269/1259/269 254/1311/254
f 12/1311/12 2242/1310/2242 136/1292/136
vt 0.6126959919929504 0.7536649703979492
f 1090/1312/1090 1489/1311/1489 1493/1259/1493
f 1792/1259/1792 1897/1258/1897 1788/1312/1788
f 1285/1259/1285 722/1292/722 1857/1308/1857
vt 0.6452569961547852 0.7482029795646667
f 212/1313/212 2072/1257/2072 2060/1309/2060
f 1462/1292/1462 2355/1289/2355 910/1251/910
f 63/1313/63 1462/1306/1462 1966/1257/1966
vt 0.6450840234756470 0.7691519856452942
f 534/1257/534 1175/1306/1175 1218/1314/1218
vt 0.6365609765052795 0.7691519856452942
f 382/1314/382 247/1315/247 164/1257/164
f 1851/1314/1851 347/1306/347 970/1307/970
vt 0.6280379891395569 0.7691519856452942
f 16/1315/16 17/1316/17 38/1258/38
f 1571/1258/1571 1561/1257/1561 1511/1315/1511
vt 0.6126959919929504 0.7622690200805664
f 1517/1312/1517 499/1258/499 1762/1317/1762
vt 0.6161059737205505 0.7657110095024109
f 212/1318/212 2060/1317/2060 19/1258/19
vt 0.6195150017738342 0.7691519856452942
f 2332/1318/2332 1962/1258/1962 1912/1319/1912
f 673/1316/673 1437/1319/1437 667/1258/667
f 1843/1306/1843 640/1313/640 1331/1298/1331
f 2344/1273/2344 2205/1297/2205 432/1272/432
vt 0.7534790039062500 0.2230509966611862
vt 0.7878940105438232 0.2326200008392334
vt 0.7878940105438232 0.2230509966611862
f 974/1320/974 996/1321/996 1841/1322/1841
vt 0.7792900204658508 0.2421890050172806
vt 0.7878940105438232 0.2421890050172806
f 974/1323/974 1841/1324/1841 996/1321/996
vt 0.7190639972686768 0.2326200008392334
vt 0.7190639972686768 0.2230509966611862
f 1563/1325/1563 1491/1320/1491 1889/1326/1889
vt 0.7706859707832336 0.2421890050172806
f 1936/1323/1936 1913/1321/1913 2280/1327/2280
f 2359/1321/2359 331/1320/331 162/1325/162
vt 0.7534790039062500 0.2421890050172806
f 1812/1328/1812 1054/1321/1054 1808/1325/1808
vt 0.7620829939842224 0.2421890050172806
f 2267/1321/2267 517/1329/517 1808/1327/1808
f 1572/1321/1572 1486/1328/1486 940/1329/940
vt 0.7362710237503052 0.2421890050172806
vt 0.7448750138282776 0.2421890050172806
f 16/1325/16 2236/1330/2236 1147/1331/1147
vt 0.7190639972686768 0.2421890050172806
vt 0.7276679873466492 0.2421890050172806
f 2154/1325/2154 1671/1332/1671 1230/1333/1230
f 817/1325/817 1992/1333/1992 1442/1330/1442
f 794/1325/794 1736/1331/1736 1767/1328/1767
vt 0.2271389961242676 0.5575219988822937
vt 0.2364850044250488 0.5231069922447205
vt 0.2271389961242676 0.5231069922447205
f 386/1334/386 395/1335/395 1630/1336/1630
vt 0.2364850044250488 0.5919370055198669
vt 0.2458299994468689 0.5919370055198669
f 2282/1335/2282 1904/1337/1904 2270/1338/2270
vt 0.2458299994468689 0.5231069922447205
f 671/1338/671 1275/1339/1275 315/1335/315
vt 0.2271389961242676 0.5919370055198669
f 56/1337/56 74/1334/74 1969/1340/1969
f 670/1335/670 314/1334/314 301/1337/301
vt 0.2551760077476501 0.5919370055198669
vt 0.2551760077476501 0.5231069922447205
f 1822/1338/1822 684/1341/684 1288/1342/1288
f 886/1342/886 1549/1339/1549 1583/1338/1583
vt 0.2645210027694702 0.5919370055198669
f 86/1342/86 727/1341/727 84/1343/84
vt 0.2645210027694702 0.5231069922447205
f 211/1343/211 20/1344/20 2293/1342/2293
vt 0.2738670110702515 0.5575219988822937
vt 0.2738670110702515 0.5231069922447205
f 1635/1345/1635 1286/1346/1286 1331/1344/1331
vt 0.2738670110702515 0.5919370055198669
f 1649/1343/1649 599/1347/599 1331/1345/1331
f 1509/1343/1509 526/1345/526 542/1344/542
vt 0.6613709926605225 0.2030909955501556
vt 0.6632210016250610 0.2210170030593872
vt 0.6632210016250610 0.2030909955501556
f 1116/1348/1116 1220/1349/1220 2176/1350/2176
vt 0.6595199704170227 0.2210170030593872
vt 0.6595199704170227 0.2030909955501556
f 1463/1351/1463 2283/1348/2283 1471/1352/1471
f 994/1349/994 337/1348/337 2153/1351/2153
vt 0.6595199704170227 0.1941280066967010
vt 0.6576700210571289 0.1941280066967010
f 1603/1352/1603 804/1353/804 544/1354/544
vt 0.6576700210571289 0.2030909955501556
f 1277/1354/1277 664/1355/664 1439/1352/1439
vt 0.6632210016250610 0.1941280066967010
vt 0.6613709926605225 0.1941280066967010
f 416/1350/416 413/1356/413 2008/1357/2008
f 2261/1357/2261 1715/1348/1715 1743/1350/1743
f 1637/1348/1637 1295/1357/1295 1342/1353/1342
f 671/1353/671 315/1352/315 1279/1348/1279
vt 0.6687729954719543 0.2030909955501556
vt 0.6706230044364929 0.2210170030593872
vt 0.6706230044364929 0.2030909955501556
f 1468/1358/1468 2347/1359/2347 71/1360/71
vt 0.6669219732284546 0.2210170030593872
vt 0.6669219732284546 0.2030909955501556
f 995/1361/995 955/1358/955 631/1362/631
f 941/1359/941 421/1358/421 415/1361/415
vt 0.6650720238685608 0.2030909955501556
f 610/1363/610 1640/1361/1640 1045/1362/1045
f 1172/1349/1172 1875/1363/1875 1599/1350/1599
f 1524/1361/1524 802/1363/802 1172/1349/1172
vt 0.6669219732284546 0.1941280066967010
vt 0.6650720238685608 0.1941280066967010
f 2325/1362/2325 129/1364/129 2327/1365/2327
f 2257/1365/2257 1045/1363/1045 1640/1362/1640
f 695/1363/695 1842/1365/1842 1296/1356/1296
f 403/1356/403 821/1350/821 2019/1363/2019
vt 0.6706230044364929 0.1941280066967010
vt 0.6687729954719543 0.1941280066967010
f 1309/1360/1309 699/1366/699 1833/1367/1833
f 760/1367/760 1132/1358/1132 1196/1360/1196
f 488/1358/488 406/1367/406 428/1364/428
f 1408/1364/1408 1730/1362/1730 294/1358/294
vt 0.6775000095367432 0.2210170030593872
vt 0.6775000095367432 0.2030909955501556
vt 0.6740610003471375 0.2030909955501556
f 2200/1368/2200 460/1369/460 2213/1370/2213
vt 0.6740610003471375 0.2210170030593872
f 872/1370/872 810/1371/810 1539/1368/1539
f 1499/1371/1499 1175/1370/1175 534/1360/534
f 243/1360/243 2098/1359/2098 171/1371/171
vt 0.6587269902229309 0.1864230036735535
vt 0.6558200120925903 0.1851650029420853
f 575/1354/575 401/1372/401 414/1373/414
f 76/1372/76 910/1354/910 2355/1353/2355
vt 0.6617199778556824 0.1873230040073395
f 2346/1353/2346 596/1374/596 2016/1372/2016
f 2086/1355/2086 591/1354/591 2085/1373/2085
vt 0.6647620201110840 0.1878599971532822
f 435/1356/435 1558/1375/1558 105/1374/105
f 440/1374/440 435/1357/435 441/1356/441
f 266/1356/266 261/1365/261 2099/1375/2099
f 864/1353/864 705/1357/705 1369/1374/1369
vt 0.6558200120925903 0.2210170030593872
f 1915/1351/1915 2291/1355/2291 158/1376/158
vt 0.6558200120925903 0.2568680047988892
f 1740/1376/1740 1411/1377/1411 281/1351/281
f 1503/1352/1503 1091/1355/1091 1773/1351/1773
f 1160/1373/1160 1402/1376/1402 1868/1355/1868
f 1160/1375/1160 1868/1365/1868 1402/1364/1402
vt 0.6642820239067078 0.2568680047988892
f 1471/1378/1471 2283/1349/2283 904/1351/904
f 500/1349/500 827/1378/827 1437/1361/1437
f 1546/1377/1546 1787/1378/1787 785/1351/785
vt 0.6678410172462463 0.1880380064249039
f 1973/1364/1973 1078/1379/1078 1929/1375/1929
f 2002/1366/2002 1275/1379/1275 671/1367/671
f 2147/1370/2147 99/1366/99 96/1360/96
vt 0.6779379844665527 0.1880380064249039
f 1647/1366/1647 2262/1380/2262 1052/1379/1052
vt 0.6880339980125427 0.1880380064249039
f 909/1369/909 45/1381/45 2352/1380/2352
f 1474/1370/1474 1777/1369/1777 1096/1380/1096
f 783/1381/783 1576/1369/1576 1565/1368/1565
vt 0.6981310248374939 0.1880380064249039
vt 0.6981310248374939 0.2224529981613159
f 856/1382/856 353/1381/353 769/1383/769
f 1988/1366/1988 1446/1370/1446 1418/1380/1418
vt 0.6727439761161804 0.2568680047988892
f 2343/1384/2343 103/1359/103 370/1361/370
f 868/1368/868 1874/1371/1874 1170/1384/1170
f 2207/1359/2207 2110/1384/2110 444/1371/444
f 1799/1378/1799 1045/1384/1045 2257/1361/2257
vt 0.6812059879302979 0.2568680047988892
vt 0.6896690130233765 0.2568680047988892
f 15/1381/15 16/1385/16 1186/1386/1186
f 154/1383/154 144/1381/144 1924/1386/1924
f 2228/1381/2228 2190/1368/2190 2191/1385/2191
vt 0.6981310248374939 0.2568680047988892
f 1095/1383/1095 1479/1386/1479 1021/1387/1021
f 464/1384/464 2221/1385/2221 2217/1368/2217
f 1457/1379/1457 1943/1364/1943 13/1367/13
vt 0.7541829943656921 0.3225319981575012
vt 0.7717429995536804 0.3225319981575012
vt 0.7717429995536804 0.3186840116977692
f 183/1388/183 2219/1389/2219 103/1390/103
vt 0.7541829943656921 0.3186840116977692
f 2119/1390/2119 2126/1391/2126 2303/1388/2303
vt 0.7717429995536804 0.3148359954357147
f 1752/1391/1752 2247/1390/2247 1718/1392/1718
vt 0.7541829943656921 0.3148359954357147
f 465/1392/465 455/1393/455 11/1391/11
vt 0.7541829943656921 0.3263800144195557
vt 0.7717429995536804 0.3263800144195557
f 1527/1394/1527 793/1395/793 1565/1389/1565
f 1/1389/1 2075/1388/2075 2053/1394/2053
vt 0.7864879965782166 0.2968969941139221
vt 0.7864879965782166 0.2864510118961334
vt 0.7527760267257690 0.2864510118961334
f 459/1396/459 371/1397/371 267/1398/267
vt 0.7864879965782166 0.3177889883518219
vt 0.7864879965782166 0.3073430061340332
f 1994/1392/1994 807/1399/807 1433/1400/1433
vt 0.7190639972686768 0.2952060103416443
vt 0.7190639972686768 0.3039619922637939
f 1718/1396/1718 1717/1401/1717 1764/1402/1764
f 36/1402/36 1066/1400/1066 46/1396/46
f 568/1400/568 939/1393/939 1164/1392/1164
vt 0.7190639972686768 0.2864510118961334
f 231/1403/231 914/1401/914 70/1398/70
f 1251/1401/1251 1607/1396/1607 1219/1398/1219
vt 0.7190639972686768 0.3127169907093048
f 1584/1404/1584 928/1393/928 869/1402/869
f 1207/1393/1207 958/1404/958 1664/1391/1664
f 1064/1402/1064 41/1393/41 1060/1400/1060
f 2354/1399/2354 1980/1392/1980 1061/1390/1061
f 1733/1389/1733 1701/1399/1701 1758/1390/1758
vt 0.7893019914627075 0.3302269876003265
vt 0.7871959805488586 0.3241569995880127
f 2034/1395/2034 579/1405/579 414/1406/414
vt 0.7541829943656921 0.3302269876003265
f 2165/1407/2165 1238/1405/1238 853/1395/853
f 36/1389/36 65/1395/65 1066/1406/1066
f 315/1389/315 1275/1406/1275 1591/1399/1591
vt 0.7190639972686768 0.3214719891548157
f 1616/1408/1616 1196/1388/1196 481/1391/481
f 1899/1394/1899 1104/1388/1104 1480/1408/1480
f 1677/1404/1677 1300/1408/1300 764/1391/764
vt 0.7190639972686768 0.3302269876003265
f 1959/1409/1959 1954/1407/1954 2329/1394/2329
f 62/1408/62 2346/1409/2346 1954/1394/1954
f 1648/1395/1648 1053/1394/1053 1818/1407/1818
vt 0.7534790039062500 0.0000000000000000
vt 0.7878940105438232 0.0096389995887876
vt 0.7878940105438232 0.0000000000000000
f 1695/1410/1695 1053/1411/1053 403/1412/403
vt 0.7190639972686768 0.0096389995887876
vt 0.7190639972686768 0.0192770007997751
f 1517/1411/1517 291/1413/291 532/1414/532
vt 0.7878940105438232 0.0192770007997751
f 1540/1414/1540 1864/1415/1864 1400/1411/1400
vt 0.7190639972686768 0.0000000000000000
f 1681/1413/1681 1241/1410/1241 1240/1416/1240
f 411/1411/411 989/1410/989 959/1413/959
vt 0.7190639972686768 0.0289159994572401
vt 0.7878940105438232 0.0289159994572401
f 1470/1414/1470 2351/1417/2351 907/1418/907
f 2275/1418/2275 1924/1415/1924 1905/1414/1905
vt 0.7190639972686768 0.0385540015995502
f 17/1418/17 163/1417/163 328/1419/328
vt 0.7878940105438232 0.0385540015995502
f 546/1419/546 883/1420/883 1534/1418/1534
vt 0.7534790039062500 0.0481930002570152
vt 0.7878940105438232 0.0481930002570152
f 1074/1421/1074 52/1422/52 1979/1420/1979
vt 0.7190639972686768 0.0481930002570152
f 33/1419/33 2089/1423/2089 615/1421/615
f 724/1419/724 6/1421/6 731/1420/731
vt 0.6207579970359802 0.2030040025711060
vt 0.6234449744224548 0.2208420038223267
vt 0.6234449744224548 0.2030040025711060
f 2173/1424/2173 2152/1425/2152 1670/1426/1670
vt 0.6180710196495056 0.2208420038223267
vt 0.6180710196495056 0.2030040025711060
f 1408/1427/1408 1996/1424/1996 1730/1428/1730
f 1632/1425/1632 426/1424/426 425/1427/425
vt 0.6180710196495056 0.1940840035676956
vt 0.6153839826583862 0.1940840035676956
f 1289/1428/1289 1859/1429/1859 1825/1430/1825
vt 0.6153839826583862 0.2030040025711060
f 1347/1430/1347 1340/1431/1340 705/1428/705
vt 0.6234449744224548 0.1940840035676956
vt 0.6207579970359802 0.1940840035676956
f 1894/1426/1894 1580/1432/1580 1513/1433/1513
f 892/1433/892 1543/1424/1543 561/1426/561
f 736/1424/736 2142/1433/2142 2139/1429/2139
f 290/1429/290 284/1428/284 1710/1424/1710
vt 0.6207579970359802 0.2476000040769577
vt 0.6207579970359802 0.2386800050735474
vt 0.6180710196495056 0.2386800050735474
f 46/1434/46 1066/1435/1066 1458/1436/1458
vt 0.6180710196495056 0.2476000040769577
f 116/1436/116 1458/1437/1458 2349/1434/2349
vt 0.6234449744224548 0.2476000040769577
vt 0.6234449744224548 0.2386800050735474
f 1152/1438/1152 1151/1439/1151 1867/1435/1867
f 1058/1435/1058 1802/1434/1802 501/1438/501
vt 0.6153839826583862 0.2386800050735474
f 2271/1437/2271 2278/1436/2278 1465/1440/1465
vt 0.6153839826583862 0.2476000040769577
f 558/1440/558 1022/1441/1022 927/1437/927
f 1162/1435/1162 1873/1427/1873 881/1436/881
f 991/1425/991 1208/1435/1208 965/1439/965
f 1546/1427/1546 785/1435/785 533/1425/533
vt 0.6337869763374329 0.2208420038223267
vt 0.6337869763374329 0.2030040025711060
vt 0.6286159753799438 0.2030040025711060
f 87/1442/87 104/1443/104 443/1444/443
vt 0.6286159753799438 0.2208420038223267
f 1711/1444/1711 1714/1445/1714 516/1442/516
vt 0.6260300278663635 0.2030040025711060
f 1887/1446/1887 1787/1445/1787 1489/1444/1489
f 2172/1425/2172 639/1446/639 1242/1426/1242
f 433/1445/433 2341/1446/2341 442/1425/442
vt 0.6286159753799438 0.1940840035676956
vt 0.6260300278663635 0.1940840035676956
f 1899/1444/1899 1480/1447/1480 1478/1448/1478
f 1914/1448/1914 2324/1446/2324 1954/1444/1954
f 1057/1446/1057 1486/1448/1486 1100/1432/1100
f 427/1432/427 412/1426/412 416/1446/416
vt 0.6260300278663635 0.2476000040769577
vt 0.6260300278663635 0.2386800050735474
f 1847/1449/1847 534/1450/534 1218/1439/1218
f 1962/1439/1962 132/1438/132 156/1449/156
vt 0.6286159753799438 0.2476000040769577
vt 0.6286159753799438 0.2386800050735474
f 1919/1451/1919 1932/1452/1932 1948/1450/1948
f 2359/1450/2359 2367/1449/2367 331/1451/331
f 1572/1450/1572 1573/1425/1573 1486/1439/1486
f 2308/1445/2308 589/1450/589 608/1452/608
f 514/1425/514 276/1450/276 1056/1445/1056
vt 0.6337869763374329 0.2386800050735474
f 1487/1453/1487 1516/1442/1516 1567/1445/1567
f 979/1445/979 1832/1452/1832 1188/1453/1188
vt 0.6440709829330444 0.2208420038223267
vt 0.6440709829330444 0.2030040025711060
vt 0.6389290094375610 0.2030040025711060
f 1647/1454/1647 1052/1455/1052 597/1456/597
vt 0.6389290094375610 0.2208420038223267
f 1956/1456/1956 1953/1457/1953 2325/1454/2325
f 1584/1457/1584 1280/1456/1280 928/1443/928
f 313/1443/313 503/1442/503 1810/1457/1810
vt 0.6389290094375610 0.2386800050735474
f 755/1458/755 1378/1457/1378 1824/1442/1824
f 605/1442/605 2121/1453/2121 1644/1458/1644
vt 0.6440709829330444 0.2386800050735474
f 1232/1459/1232 2167/1454/2167 2155/1457/2155
f 2318/1457/2318 1464/1458/1464 2353/1459/2353
vt 0.6492130160331726 0.2208420038223267
vt 0.6492130160331726 0.2030040025711060
f 840/1460/840 349/1461/349 748/1455/748
f 1254/1455/1254 2176/1454/2176 2182/1460/2182
vt 0.6492130160331726 0.2386800050735474
f 1621/1462/1621 31/1460/31 595/1454/595
f 1101/1454/1101 1568/1459/1568 1102/1462/1102
vt 0.6153960227966309 0.1857270002365112
vt 0.6126959919929504 0.1851650029420853
f 875/1430/875 896/1463/896 1158/1464/1158
vt 0.6126959919929504 0.1970569938421249
f 1019/1465/1019 896/1430/896 1157/1464/1157
vt 0.6126959919929504 0.2089499980211258
f 513/1466/513 1716/1431/1716 1776/1465/1776
f 381/1430/381 453/1465/453 379/1431/379
f 2218/1431/2218 452/1466/452 379/1427/379
vt 0.6181129813194275 0.1861220002174377
f 332/1467/332 334/1463/334 327/1430/327
vt 0.6236100196838379 0.1864269971847534
vt 0.6208400130271912 0.1863529980182648
f 1089/1432/1089 1775/1468/1775 1507/1469/1507
f 1702/1433/1702 1727/1469/1727 1442/1467/1442
f 1865/1469/1865 533/1433/533 1559/1432/1559
f 90/1433/90 2139/1467/2139 2142/1429/2142
f 1439/1430/1439 2000/1429/2000 579/1467/579
f 1637/1428/1637 35/1431/35 1295/1427/1295
vt 0.6126959919929504 0.2327339947223663
f 1514/1440/1514 1601/1427/1601 796/1470/796
vt 0.6126959919929504 0.2208420038223267
f 2087/1471/2087 1839/1470/1839 1301/1427/1301
vt 0.6126959919929504 0.2446269989013672
f 797/1472/797 1519/1440/1519 284/1470/284
vt 0.6126959919929504 0.2565189898014069
f 593/1441/593 1643/1472/1643 2088/1473/2088
vt 0.6154130101203918 0.2559539973735809
f 1369/1473/1369 688/1474/688 1335/1441/1335
f 550/1441/550 1020/1474/1020 1035/1437/1035
f 2194/1441/2194 2051/1440/2051 2075/1472/2075
f 1721/1440/1721 1801/1436/1801 1445/1427/1445
vt 0.6208680272102356 0.2553299963474274
vt 0.6181480288505554 0.2555580139160156
f 2352/1475/2352 1955/1434/1955 1461/1476/1461
f 11/1437/11 6/1476/6 724/1434/724
vt 0.6236100196838379 0.2552570104598999
f 964/1477/964 1124/1438/1124 638/1475/638
f 1313/1434/1313 1345/1475/1345 1853/1438/1853
f 297/1474/297 1809/1476/1809 1814/1437/1814
f 1809/1427/1809 1518/1466/1518 1706/1471/1706
f 279/1448/279 1107/1468/1107 1048/1432/1048
vt 0.6297590136528015 0.1864269971847534
f 1249/1478/1249 2179/1448/2179 647/1447/647
f 5/1468/5 734/1448/734 91/1478/91
vt 0.6359080076217651 0.1864269971847534
f 258/1479/258 263/1478/263 249/1443/249
f 926/1443/926 552/1447/552 873/1444/873
f 1088/1478/1088 1785/1447/1785 878/1443/878
f 1370/1443/1370 1346/1456/1346 701/1479/701
vt 0.6420570015907288 0.1864269971847534
f 146/1456/146 1068/1480/1068 1972/1479/1972
vt 0.6543549895286560 0.1864269971847534
vt 0.6482059955596924 0.1864269971847534
f 1603/1461/1603 1499/1481/1499 1526/1482/1526
f 520/1455/520 531/1482/531 1783/1480/1783
f 1283/1482/1283 824/1455/824 1428/1461/1428
vt 0.6543549895286560 0.2323140054941177
vt 0.6543549895286560 0.2093700021505356
f 1585/1483/1585 830/1484/830 1015/1460/1015
f 1405/1461/1405 1999/1460/1999 1427/1484/1427
f 1469/1484/1469 1065/1481/1065 911/1461/911
f 1952/1456/1952 114/1455/114 2320/1480/2320
f 2044/1449/2044 2063/1438/2063 21/1477/21
f 869/1453/869 928/1452/928 1013/1451/1013
vt 0.6297590136528015 0.2552570104598999
f 1314/1485/1314 1825/1451/1825 1859/1449/1859
f 1705/1449/1705 1693/1477/1693 1754/1485/1754
f 44/1453/44 1076/1451/1076 150/1485/150
vt 0.6359080076217651 0.2552570104598999
f 1412/1485/1412 1167/1486/1167 1153/1453/1153
f 738/1486/738 1323/1458/1323 1322/1453/1322
vt 0.6420570015907288 0.2552570104598999
f 2225/1487/2225 197/1459/197 1322/1458/1322
vt 0.6482059955596924 0.2552570104598999
f 1426/1488/1426 1425/1462/1425 1998/1459/1998
f 976/1459/976 1216/1487/1216 1141/1488/1141
vt 0.6543549895286560 0.2552570104598999
f 1017/1488/1017 1168/1489/1168 666/1462/666
f 1704/1483/1704 292/1462/292 1998/1489/1998
f 2215/1486/2215 165/1487/165 241/1458/241
f 1381/1462/1381 353/1483/353 856/1460/856
vt 0.4422729909420013 0.1376589983701706
vt 0.4336479902267456 0.1376589983701706
vt 0.4336479902267456 0.1606020033359528
f 2169/1490/2169 2163/1491/2163 1235/1492/1235
vt 0.4422729909420013 0.2064889967441559
f 2260/1493/2260 1762/1490/1762 499/1492/499
vt 0.4508979916572571 0.2064889967441559
f 636/1490/636 637/1493/637 1668/1494/1668
vt 0.4508979916572571 0.1376589983701706
f 2351/1494/2351 1072/1495/1072 907/1490/907
vt 0.4336479902267456 0.1835460066795349
vt 0.4336479902267456 0.2064889967441559
f 412/1493/412 490/1496/490 413/1497/413
f 1533/1492/1533 874/1496/874 555/1493/555
vt 0.4595220088958740 0.2064889967441559
vt 0.4595220088958740 0.1376589983701706
f 1018/1498/1018 549/1499/549 1535/1495/1535
f 917/1495/917 1018/1494/1018 919/1498/919
vt 0.4681470096111298 0.2064889967441559
f 2044/1499/2044 2072/1498/2072 2069/1500/2069
vt 0.4681470096111298 0.1376589983701706
f 2294/1500/2294 2072/1501/2072 212/1499/212
vt 0.4767720103263855 0.1606020033359528
vt 0.4767720103263855 0.1376589983701706
f 2168/1501/2168 1258/1502/1258 1250/1503/1250
vt 0.4767720103263855 0.1835460066795349
f 1708/1502/1708 298/1501/298 2244/1504/2244
vt 0.4767720103263855 0.2064889967441559
f 1737/1500/1737 544/1505/544 804/1504/804
f 439/1500/439 2202/1504/2202 191/1501/191
vt 0.6159690022468567 0.4537239968776703
vt 0.6273919939994812 0.4542370140552521
vt 0.6241359710693359 0.4613650143146515
f 1959/1506/1959 2329/1507/2329 1930/1508/1930
vt 0.6199259757995605 0.4468699991703033
f 1930/1506/1930 150/1509/150 1908/1507/1908
vt 0.6230210065841675 0.4691219925880432
vt 0.6135240197181702 0.4612509906291962
f 1703/1510/1703 276/1511/276 1760/1508/1760
f 1091/1506/1091 1025/1508/1025 880/1511/880
vt 0.6126959919929504 0.4691219925880432
f 2114/1512/2114 189/1511/189 459/1510/459
vt 0.6325230002403259 0.4483140110969543
vt 0.6252220273017883 0.4409889876842499
f 925/1513/925 1515/1509/1515 1569/1514/1569
vt 0.6388549804687500 0.4331179857254028
vt 0.6391159892082214 0.4440779983997345
vt 0.6316249966621399 0.4363369941711426
f 429/1515/429 409/1516/409 2007/1517/2007
vt 0.6465960144996643 0.4314729869365692
vt 0.6466349959373474 0.4418700039386749
f 963/1518/963 998/1519/998 1672/1515/1672
f 635/1513/635 1239/1507/1239 963/1509/963
f 1089/1515/1089 1784/1519/1784 1589/1516/1589
f 1315/1516/1315 2134/1513/2134 754/1517/754
vt 0.6545100212097168 0.4314729869365692
f 925/1519/925 1586/1518/1586 1099/1520/1099
f 627/1517/627 1684/1513/1684 2172/1514/2172
vt 0.6135240197181702 0.4769920110702515
f 67/1512/67 230/1510/230 47/1521/47
vt 0.6241359710693359 0.4768779873847961
f 1586/1522/1586 1585/1521/1585 1015/1510/1015
vt 0.6159690022468567 0.4845190048217773
f 1349/1523/1349 759/1521/759 714/1522/714
vt 0.6199259757995605 0.4913730025291443
vt 0.6273919939994812 0.4840070009231567
f 761/1524/761 1370/1523/1370 352/1525/352
vt 0.6325230002403259 0.4899289906024933
vt 0.6252220273017883 0.4972540140151978
f 417/1526/417 608/1527/608 431/1524/431
f 2096/1522/2096 2296/1525/2296 2047/1523/2047
vt 0.6316249966621399 0.5019059777259827
vt 0.6391159892082214 0.4941659867763519
f 1213/1528/1213 1131/1526/1131 967/1529/967
f 426/1527/426 2128/1526/2128 2085/1528/2085
vt 0.6388549804687500 0.5051249861717224
f 1547/1530/1547 875/1528/875 1426/1529/1426
vt 0.6466349959373474 0.4963729977607727
vt 0.6544709801673889 0.4963729977607727
vt 0.6545100212097168 0.5067710280418396
f 464/1531/464 378/1532/378 449/1533/449
vt 0.6465960144996643 0.5067710280418396
f 489/1533/489 1627/1534/1627 2013/1531/2013
f 231/1530/231 70/1531/70 1081/1534/1081
f 1892/1530/1892 1102/1529/1102 1485/1531/1485
f 373/1525/373 455/1526/455 372/1524/372
vt 0.6622509956359863 0.4331179857254028
vt 0.6544709801673889 0.4418700039386749
f 1667/1535/1667 350/1536/350 1652/1520/1652
vt 0.6694809794425964 0.4363369941711426
vt 0.6619899868965149 0.4440779983997345
f 2198/1537/2198 2297/1538/2297 2108/1535/2108
f 550/1535/550 1036/1538/1036 891/1536/891
vt 0.6685829758644104 0.4483140110969543
f 2040/1537/2040 678/1539/678 653/1538/653
vt 0.6758840084075928 0.4409889876842499
f 2119/1539/2119 2313/1537/2313 33/1540/33
f 1431/1519/1431 1427/1520/1427 1796/1536/1796
vt 0.6737139821052551 0.4542370140552521
vt 0.6811800003051758 0.4468699991703033
f 2215/1541/2215 2216/1539/2216 459/1542/459
vt 0.6851369738578796 0.4537239968776703
f 1666/1543/1666 2168/1541/2168 1626/1542/1626
vt 0.6769700050354004 0.4613650143146515
f 1349/1544/1349 1381/1541/1381 758/1543/758
vt 0.6884089708328247 0.4691219925880432
vt 0.6780850291252136 0.4691219925880432
vt 0.6875820159912109 0.4612509906291962
f 138/1545/138 112/1546/112 1939/1547/1939
f 583/1544/583 415/1547/415 484/1546/484
f 857/1544/857 1380/1543/1380 355/1547/355
f 316/1540/316 2035/1542/2035 1416/1539/1416
vt 0.6694809794425964 0.5019059777259827
vt 0.6619899868965149 0.4941659867763519
vt 0.6685829758644104 0.4899289906024933
f 716/1548/716 1330/1549/1330 831/1550/831
vt 0.6622509956359863 0.5051249861717224
f 885/1551/885 546/1532/546 547/1549/547
f 1718/1533/1718 1764/1532/1764 1735/1551/1735
f 176/1548/176 2117/1551/2117 192/1549/192
vt 0.6758840084075928 0.4972540140151978
f 2010/1548/2010 487/1550/487 471/1552/471
vt 0.6769700050354004 0.4768779873847961
vt 0.6875820159912109 0.4769920110702515
f 589/1553/589 1744/1546/1744 401/1554/401
f 1966/1545/1966 1462/1554/1462 1072/1546/1072
vt 0.6851369738578796 0.4845190048217773
f 888/1555/888 1530/1553/1530 1875/1554/1875
vt 0.6737139821052551 0.4840070009231567
vt 0.6811800003051758 0.4913730025291443
f 1150/1556/1150 882/1557/882 1169/1550/1169
f 1597/1552/1597 1543/1550/1543 1871/1557/1871
f 449/1556/449 378/1555/378 450/1557/450
f 135/1555/135 2007/1556/2007 480/1553/480
vt 0.9494569897651672 0.2547479867935181
vt 0.9494569897651672 0.2626770138740540
vt 0.9425740242004395 0.2655610144138336
f 143/1558/143 1922/1559/1922 1926/1560/1926
vt 0.9425740242004395 0.2547479867935181
f 1115/1560/1115 944/1561/944 1205/1558/1205
vt 0.9494569897651672 0.2706060111522675
f 37/1560/37 2368/1559/2368 327/1562/327
vt 0.9494569897651672 0.2785350084304810
vt 0.9494569897651672 0.2864640057086945
vt 0.9425740242004395 0.2871850132942200
f 382/1563/382 2222/1564/2222 247/1565/247
vt 0.9425740242004395 0.2763729989528656
f 1834/1565/1834 844/1566/844 693/1563/693
vt 0.9494569897651672 0.2943930029869080
vt 0.9425740242004395 0.2979969978332520
f 3/1564/3 207/1567/207 18/1568/18
f 1476/1568/1476 1111/1565/1111 1086/1564/1086
f 1298/1566/1298 1299/1562/1299 712/1563/712
vt 0.9425740242004395 0.3088090121746063
vt 0.9494569897651672 0.3023209869861603
vt 0.9494569897651672 0.3102500140666962
f 712/1569/712 1853/1570/1853 717/1571/717
vt 0.9494569897651672 0.3181790113449097
vt 0.9425740242004395 0.3196209967136383
f 1501/1571/1501 531/1572/531 520/1573/520
f 1048/1573/1048 1783/1569/1783 531/1571/531
vt 0.9425740242004395 0.3304330110549927
vt 0.9494569897651672 0.3261080086231232
vt 0.9494569897651672 0.3340370059013367
f 1405/1574/1405 1400/1575/1400 1999/1576/1999
vt 0.9494569897651672 0.3419660031795502
vt 0.9494569897651672 0.3498939871788025
vt 0.9425740242004395 0.3520570099353790
f 2228/1577/2228 1327/1578/1327 2190/1579/2190
vt 0.9425740242004395 0.3412449955940247
f 660/1579/660 823/1580/823 1431/1577/1431
f 1517/1576/1517 1893/1577/1893 506/1580/506
f 506/1580/506 2265/1574/2265 1817/1576/1817
f 433/1573/433 452/1572/452 2341/1575/2341
f 684/1568/684 1318/1567/1318 1846/1570/1846
f 1885/1566/1885 1777/1560/1777 1474/1562/1474
f 726/1568/726 381/1570/381 2212/1569/2212
vt 0.9425740242004395 0.3628689944744110
vt 0.9494569897651672 0.3578230142593384
vt 0.9494569897651672 0.3657520115375519
f 447/1581/447 2210/1582/2210 455/1583/455
vt 0.9425740242004395 0.3736810088157654
f 226/1584/226 227/1581/227 1978/1583/1978
vt 0.9494569897651672 0.3736810088157654
f 2150/1583/2150 2226/1585/2226 1321/1584/1321
f 1398/1581/1398 1433/1579/1433 807/1578/807
f 65/1578/65 66/1582/66 1964/1581/1964
f 1892/1575/1892 1510/1574/1510 1782/1573/1782
vt 0.9425740242004395 0.3844929933547974
vt 0.9494569897651672 0.3816100060939789
vt 0.9494569897651672 0.3895390033721924
f 1799/1586/1799 2257/1587/2257 1806/1588/1806
vt 0.9425740242004395 0.3953050076961517
vt 0.9494569897651672 0.3974680006504059
f 1786/1589/1786 534/1588/534 1350/1590/1350
vt 0.9494569897651672 0.4053960144519806
vt 0.9494569897651672 0.4133250117301941
vt 0.9425740242004395 0.4169290065765381
f 1786/1591/1786 1598/1592/1598 929/1593/929
vt 0.9425740242004395 0.4061169922351837
f 1605/1593/1605 1789/1594/1789 1493/1591/1493
vt 0.9494569897651672 0.4212540090084076
f 1183/1593/1183 325/1592/325 1184/1595/1184
f 1206/1590/1206 983/1591/983 1348/1594/1348
f 2042/1594/2042 2068/1589/2068 2224/1590/2224
vt 0.9494569897651672 0.4291830062866211
vt 0.9494569897651672 0.4371120035648346
vt 0.9425740242004395 0.4385530054569244
f 560/1596/560 1484/1597/1484 1702/1598/1702
vt 0.9425740242004395 0.4277409911155701
f 1993/1598/1993 1398/1599/1398 807/1596/807
vt 0.9494569897651672 0.4450410008430481
f 1987/1598/1987 1409/1597/1409 1435/1600/1435
vt 0.9494569897651672 0.4529690146446228
vt 0.9494569897651672 0.4608980119228363
vt 0.9425740242004395 0.4601770043373108
f 1708/1601/1708 2244/1602/2244 1492/1603/1492
vt 0.9425740242004395 0.4493649899959564
f 1368/1603/1368 720/1604/720 1354/1601/1354
vt 0.9425740242004395 0.4709889888763428
vt 0.9494569897651672 0.4688270092010498
vt 0.9494569897651672 0.4767560064792633
f 1368/1605/1368 1354/1606/1354 720/1607/720
f 2203/1602/2203 2202/1606/2202 2116/1605/2116
f 2130/1605/2130 399/1603/399 2137/1602/2137
f 568/1604/568 916/1600/916 548/1601/548
f 1944/1599/1944 116/1595/116 2279/1596/2279
f 1090/1586/1090 1493/1584/1493 1789/1585/1789
f 353/1585/353 1835/1587/1835 769/1586/769
f 1298/1589/1298 1835/1586/1835 1299/1588/1299
f 786/1593/786 798/1595/798 532/1599/532
f 718/1600/718 1342/1604/1342 1295/1598/1295
vt 0.9494569897651672 0.4846850037574768
vt 0.9494569897651672 0.4926140010356903
vt 0.9425740242004395 0.4926140010356903
f 717/1608/717 1853/1609/1853 718/1610/718
vt 0.9425740242004395 0.4818010032176971
f 1752/1610/1752 1718/1611/1718 1431/1608/1431
f 1336/1605/1336 687/1607/687 1193/1611/1193
f 1336/1611/1336 1193/1607/1193 687/1608/687
vt 0.1782339960336685 0.1892199963331223
vt 0.1782339960336685 0.1980050057172775
vt 0.1721539944410324 0.1980050057172775
f 1428/1612/1428 2024/1613/2024 303/1614/303
vt 0.1721539944410324 0.1892199963331223
f 894/1614/894 1540/1615/1540 813/1612/813
vt 0.1782339960336685 0.2067890018224716
vt 0.1782339960336685 0.2155739963054657
vt 0.1721539944410324 0.2155739963054657
f 28/1616/28 386/1617/386 27/1618/27
vt 0.1721539944410324 0.2067890018224716
f 537/1618/537 1108/1619/1108 795/1616/795
f 786/1613/786 1988/1616/1988 1532/1619/1532
f 1469/1619/1469 1981/1614/1981 1971/1613/1971
vt 0.1782339960336685 0.2243590056896210
vt 0.1782339960336685 0.2331440001726151
vt 0.1721539944410324 0.2331440001726151
f 10/1620/10 898/1621/898 7/1622/7
vt 0.1721539944410324 0.2243590056896210
f 2224/1622/2224 2068/1623/2068 2188/1620/2188
vt 0.1782339960336685 0.2419289946556091
vt 0.1782339960336685 0.2507129907608032
vt 0.1721539944410324 0.2507129907608032
f 205/1624/205 2196/1625/2196 100/1626/100
vt 0.1721539944410324 0.2419289946556091
f 1010/1626/1010 972/1627/972 1127/1624/1127
f 1864/1621/1864 1153/1624/1153 1400/1627/1400
f 951/1627/951 1209/1622/1209 1229/1621/1229
f 1031/1617/1031 672/1620/672 1274/1623/1274
f 1356/1623/1356 1362/1618/1362 1299/1617/1299
vt 0.1782339960336685 0.2682830095291138
vt 0.1721539944410324 0.2682830095291138
vt 0.1721539944410324 0.2594980001449585
f 1405/1628/1405 813/1629/813 1540/1630/1540
vt 0.1782339960336685 0.2594980001449585
f 594/1630/594 2129/1631/2129 601/1628/601
vt 0.1782339960336685 0.2770679891109467
vt 0.1782339960336685 0.2858519852161407
vt 0.1721539944410324 0.2858519852161407
f 686/1632/686 844/1633/844 1184/1634/1184
vt 0.1721539944410324 0.2770679891109467
f 1905/1634/1905 2366/1635/2366 902/1632/902
f 985/1632/985 702/1635/702 1131/1629/1131
f 1831/1629/1831 1337/1628/1337 347/1632/347
vt 0.1782339960336685 0.2946369946002960
vt 0.1782339960336685 0.3034220039844513
vt 0.1721539944410324 0.3034220039844513
f 1477/1636/1477 1772/1637/1772 1013/1638/1013
vt 0.1721539944410324 0.2946369946002960
f 1137/1638/1137 1858/1639/1858 1145/1636/1145
vt 0.1782339960336685 0.3122070133686066
vt 0.1782339960336685 0.3209919929504395
vt 0.1721539944410324 0.3209919929504395
f 1315/1640/1315 1317/1641/1317 1857/1642/1857
vt 0.1721539944410324 0.3122070133686066
f 2231/1642/2231 2044/1643/2044 21/1640/21
f 1919/1637/1919 2285/1640/2285 1932/1643/1932
f 2227/1643/2227 739/1638/739 1324/1637/1324
f 2095/1633/2095 254/1636/254 2112/1639/2112
f 1016/1639/1016 1270/1634/1270 1143/1633/1143
f 918/1631/918 871/1630/871 1154/1626/1154
f 304/1626/304 662/1625/662 1266/1631/1266
vt 0.1782339960336685 0.3297759890556335
vt 0.1721539944410324 0.3297759890556335
f 662/1641/662 663/1644/663 2026/1645/2026
f 1610/1645/1610 470/1642/470 2131/1641/2131
vt 0.1782339960336685 0.3385609984397888
vt 0.1782339960336685 0.3473460078239441
vt 0.1721539944410324 0.3473460078239441
f 1541/1646/1541 1162/1647/1162 881/1648/881
vt 0.1721539944410324 0.3385609984397888
f 1966/1648/1966 53/1649/53 1975/1646/1975
vt 0.1782339960336685 0.3561309874057770
vt 0.1782339960336685 0.3649159967899323
vt 0.1721539944410324 0.3649159967899323
f 686/1650/686 1184/1651/1184 325/1652/325
vt 0.1721539944410324 0.3561309874057770
f 1818/1652/1818 1742/1653/1742 1771/1650/1771
f 836/1647/836 2152/1650/2152 626/1653/626
f 1197/1653/1197 1202/1648/1202 991/1647/991
vt 0.1782339960336685 0.3824850022792816
vt 0.1721539944410324 0.3824850022792816
vt 0.1721539944410324 0.3736999928951263
f 2097/1654/2097 2106/1655/2106 262/1656/262
vt 0.1782339960336685 0.3736999928951263
f 1402/1656/1402 812/1657/812 1433/1654/1433
vt 0.1782339960336685 0.4000549912452698
vt 0.1721539944410324 0.4000549912452698
vt 0.1721539944410324 0.3912700116634369
f 1731/1658/1731 1724/1659/1724 1697/1660/1697
vt 0.1782339960336685 0.3912700116634369
f 22/1660/22 2300/1661/2300 210/1658/210
f 1251/1661/1251 1156/1660/1156 1607/1655/1607
f 1391/1655/1391 1655/1654/1655 622/1661/622
f 340/1657/340 854/1656/854 766/1652/766
f 445/1652/445 273/1651/273 2043/1657/2043
vt 0.1782339960336685 0.4088400006294250
vt 0.1782339960336685 0.4176239967346191
vt 0.1721539944410324 0.4176239967346191
f 380/1662/380 440/1663/440 441/1664/441
vt 0.1721539944410324 0.4088400006294250
f 470/1664/470 573/1665/573 387/1662/387
vt 0.1782339960336685 0.4264090061187744
vt 0.1782339960336685 0.4351939857006073
vt 0.1721539944410324 0.4351939857006073
f 937/1666/937 894/1667/894 659/1668/659
vt 0.1721539944410324 0.4264090061187744
f 439/1668/439 193/1669/193 236/1666/236
f 667/1663/667 1437/1666/1437 1997/1669/1997
f 508/1669/508 667/1664/667 668/1663/668
vt 0.1782339960336685 0.4439789950847626
vt 0.1782339960336685 0.4527629911899567
vt 0.1721539944410324 0.4527629911899567
f 1121/1670/1121 628/1671/628 987/1672/987
vt 0.1721539944410324 0.4439789950847626
f 654/1672/654 312/1673/312 1260/1670/1260
vt 0.1782339960336685 0.4703330099582672
vt 0.1721539944410324 0.4703330099582672
vt 0.1721539944410324 0.4615480005741119
f 2014/1674/2014 486/1675/486 493/1676/493
vt 0.1782339960336685 0.4615480005741119
f 138/1676/138 1926/1677/1926 1927/1674/1927
f 726/1671/726 198/1677/198 96/1676/96
f 107/1676/107 105/1672/105 2143/1671/2143
f 1501/1667/1501 1749/1670/1749 531/1673/531
f 1269/1673/1269 1398/1668/1398 654/1667/654
f 1269/1658/1269 1402/1662/1402 1433/1665/1433
f 753/1665/753 748/1659/748 349/1658/349
f 1708/1649/1708 1691/1645/1691 287/1644/287
f 808/1644/808 1424/1646/1424 658/1649/658
vt 0.8526279926300049 0.1284829974174500
vt 0.8603619933128357 0.1326179951429367
vt 0.8546800017356873 0.1378600001335144
f 1438/1678/1438 2033/1679/2033 672/1680/672
vt 0.8592000007629395 0.1422850042581558
f 818/1681/818 1438/1680/1438 1404/1679/1404
vt 0.8614000082015991 0.1427440047264099
f 2114/1681/2114 375/1679/375 2340/1682/2340
vt 0.8671420216560364 0.1381819993257523
f 2114/1683/2114 255/1682/255 169/1679/169
vt 0.8497229814529419 0.1422850042581558
f 1778/1684/1778 1106/1680/1106 1490/1681/1490
vt 0.8442350029945374 0.1259369999170303
f 259/1685/259 165/1678/165 267/1680/267
vt 0.8291149735450745 0.1378600001335144
f 1577/1686/1577 1569/1680/1569 1515/1684/1515
vt 0.8402450084686279 0.1422850042581558
f 1152/1684/1152 819/1687/819 1423/1686/1423
f 190/1680/190 182/1686/182 166/1685/166
vt 0.8793860077857971 0.1610890030860901
vt 0.8721889853477478 0.1604640036821365
vt 0.8768399953842163 0.1526959985494614
f 703/1688/703 1363/1689/1363 713/1690/713
vt 0.8802459836006165 0.1698170006275177
vt 0.8733630180358887 0.1698170006275177
f 1365/1688/1365 340/1691/340 747/1692/747
vt 0.8793860077857971 0.1785449981689453
f 1255/1693/1255 352/1692/352 645/1691/645
f 1436/1692/1436 576/1689/576 308/1688/308
vt 0.8632329702377319 0.1440429985523224
f 1731/1694/1731 1806/1682/1806 30/1683/30
vt 0.8727059960365295 0.1449609994888306
vt 0.8687419891357422 0.1516920030117035
f 2124/1695/2124 2308/1690/2308 572/1696/572
f 1657/1689/1657 839/1696/839 757/1690/757
f 584/1694/584 576/1695/576 1436/1696/1436
f 1304/1694/1304 770/1683/770 1243/1695/1243
vt 0.8267779946327209 0.1259369999170303
vt 0.8355060219764709 0.1250779926776886
f 477/1686/477 572/1697/572 495/1698/495
vt 0.8163319826126099 0.1378600001335144
vt 0.8307679891586304 0.1422850042581558
f 264/1699/264 249/1686/249 2101/1700/2101
vt 0.8212900161743164 0.1422850042581558
f 1525/1700/1525 286/1701/286 800/1699/800
f 283/1698/283 1725/1685/1725 1754/1686/1754
f 2011/1686/2011 2090/1687/2090 609/1700/609
vt 0.8183850049972534 0.1284829974174500
f 489/1702/489 419/1697/419 468/1686/468
vt 0.8106510043144226 0.1326179951429367
f 960/1699/960 961/1703/961 489/1702/489
vt 0.8038709759712219 0.1381819993257523
vt 0.8096129894256592 0.1427440047264099
f 2367/1704/2367 328/1703/328 331/1705/331
vt 0.8118129968643188 0.1422850042581558
f 1457/1703/1457 2367/1699/2367 903/1706/903
f 224/1699/224 49/1702/49 225/1686/225
f 1548/1699/1548 522/1701/522 1894/1706/1894
vt 0.8077790141105652 0.1440429985523224
vt 0.7983070015907288 0.1449609994888306
f 1290/1704/1290 343/1707/343 1367/1708/1367
f 1367/1705/1367 831/1707/831 1330/1704/1330
vt 0.7941730022430420 0.1526959985494614
vt 0.8022710084915161 0.1516920030117035
f 683/1709/683 1359/1708/1359 969/1710/969
f 2155/1707/2155 1651/1710/1651 683/1708/683
vt 0.7916269898414612 0.1610890030860901
vt 0.7988229990005493 0.1604640036821365
f 1232/1711/1232 2155/1709/2155 956/1712/956
f 607/1710/607 2310/1712/2310 2127/1709/2127
vt 0.7976499795913696 0.1698170006275177
f 1448/1712/1448 1986/1713/1986 826/1711/826
f 1986/1706/1986 655/1705/655 2021/1703/2021
vt 0.8768399953842163 0.1869380027055740
vt 0.8721889853477478 0.1791699975728989
f 1469/1714/1469 911/1715/911 1075/1693/1075
vt 0.8687419891357422 0.1879429966211319
f 244/1716/244 170/1715/170 2206/1714/2206
vt 0.8727059960365295 0.1946730017662048
f 850/1717/850 1011/1716/1011 1223/1714/1223
vt 0.8632329702377319 0.1955920010805130
f 183/1717/183 104/1718/104 80/1716/80
vt 0.8614000082015991 0.1968909949064255
vt 0.8603619933128357 0.2070170044898987
vt 0.8592000007629395 0.1973489969968796
f 256/1719/256 2103/1720/2103 275/1721/275
vt 0.8671420216560364 0.2014530003070831
f 2225/1722/2225 2048/1719/2048 2191/1718/2191
f 2236/1717/2236 40/1722/40 1147/1718/1147
vt 0.8546800017356873 0.2017740011215210
vt 0.8497229814529419 0.1973489969968796
f 852/1721/852 1335/1723/1335 691/1724/691
f 630/1723/630 1663/1721/1663 955/1720/955
vt 0.8526279926300049 0.2111510038375854
f 1379/1723/1379 1338/1720/1338 1370/1725/1370
vt 0.8442350029945374 0.2136970013380051
f 477/1723/477 2015/1725/2015 1638/1726/1638
vt 0.8402450084686279 0.1973489969968796
f 1776/1727/1776 1039/1724/1039 1779/1723/1779
vt 0.8291149735450745 0.2017740011215210
vt 0.8307679891586304 0.1973489969968796
f 632/1728/632 1194/1729/1194 948/1727/948
f 339/1723/339 1372/1726/1372 1332/1728/1332
f 1946/1728/1946 114/1727/114 906/1723/906
vt 0.8355060219764709 0.2145570069551468
f 322/1730/322 1147/1728/1147 40/1726/40
f 978/1720/978 1215/1719/1215 1247/1722/1247
vt 0.8022710084915161 0.1879429966211319
vt 0.7941730022430420 0.1869380027055740
vt 0.7988229990005493 0.1791699975728989
f 765/1731/765 2312/1732/2312 1838/1733/1838
vt 0.8038709759712219 0.2014530003070831
vt 0.7983070015907288 0.1946730017662048
vt 0.8077790141105652 0.1955920010805130
f 1763/1734/1763 1758/1735/1758 1732/1736/1732
f 2160/1731/2160 2179/1736/2179 1249/1735/1249
f 1236/1735/1236 633/1732/633 2160/1731/2160
vt 0.7907670140266418 0.1698170006275177
f 1860/1711/1860 1406/1713/1406 1278/1737/1278
vt 0.7916269898414612 0.1785449981689453
f 1937/1738/1937 1963/1737/1963 1960/1713/1960
f 2276/1733/2276 1906/1738/1906 2275/1713/2275
f 2133/1738/2133 603/1733/603 2131/1732/2131
vt 0.8163319826126099 0.2017740011215210
vt 0.8212900161743164 0.1973489969968796
f 468/1728/468 419/1739/419 402/1740/402
f 1612/1740/1612 402/1729/402 2084/1728/2084
vt 0.8267779946327209 0.2136970013380051
vt 0.8183850049972534 0.2111510038375854
f 119/1728/119 136/1741/136 118/1742/118
f 2086/1741/2086 1615/1728/1615 591/1730/591
f 1813/1742/1813 305/1739/305 551/1728/551
vt 0.8106510043144226 0.2070170044898987
vt 0.8096129894256592 0.1968909949064255
vt 0.8118129968643188 0.1973489969968796
f 994/1743/994 1680/1744/1680 479/1745/479
f 222/1734/222 1067/1744/1067 1968/1743/1968
f 1822/1739/1822 1288/1743/1288 1823/1745/1823
f 281/1742/281 1411/1743/1411 1994/1739/1994
f 1503/1739/1503 1502/1745/1502 1475/1740/1475
f 886/1736/886 1164/1744/1164 939/1734/939
f 1879/1693/1879 1179/1715/1179 546/1692/546
vt 0.8315219879150391 0.5094599723815918
vt 0.8544650077819824 0.4899919927120209
vt 0.8315219879150391 0.4899919927120209
f 594/1746/594 414/1747/414 1634/1748/1634
vt 0.8315219879150391 0.5289279818534851
vt 0.8659369945526123 0.5483959913253784
f 1915/1746/1915 1940/1749/1940 125/1750/125
vt 0.8315219879150391 0.5483959913253784
f 1892/1749/1892 1485/1751/1485 1092/1750/1092
vt 0.9003520011901855 0.5191940069198608
f 2180/1747/2180 1143/1746/1143 1270/1752/1270
vt 0.9003520011901855 0.4899919927120209
vt 0.8774089813232422 0.4899919927120209
f 1799/1752/1799 1692/1753/1692 1045/1754/1045
vt 0.9003520011901855 0.5483959913253784
f 482/1755/482 2006/1752/2006 469/1750/469
f 1722/1752/1722 1754/1746/1754 1725/1750/1725
f 864/1754/864 768/1747/768 1252/1752/1252
vt 0.8659369945526123 0.7281770110130310
vt 0.8315219879150391 0.7427780032157898
vt 0.8315219879150391 0.7281770110130310
f 376/1756/376 447/1757/447 448/1758/448
vt 0.8659369945526123 0.7865809798240662
vt 0.8315219879150391 0.7719799876213074
vt 0.8315219879150391 0.7573789954185486
f 2077/1759/2077 2047/1760/2047 2296/1761/2296
vt 0.8315219879150391 0.7865809798240662
f 1948/1759/1948 1932/1762/1932 123/1760/123
f 1044/1761/1044 1765/1757/1765 2004/1756/2004
vt 0.9003520011901855 0.7573789954185486
vt 0.9003520011901855 0.7281770110130310
f 1080/1763/1080 2354/1756/2354 2125/1764/2125
vt 0.9003520011901855 0.7865809798240662
f 1098/1765/1098 794/1759/794 530/1763/530
f 889/1763/889 1158/1759/1158 896/1761/896
f 339/1756/339 338/1763/338 1372/1761/1372
vt 0.6528609991073608 0.0000000000000000
vt 0.6431270241737366 0.0038499999791384
vt 0.6431270241737366 0.0134190004318953
f 528/1766/528 1565/1767/1565 527/1768/527
vt 0.6528609991073608 0.0114940004423261
f 1679/1768/1679 2158/1769/2158 645/1766/645
vt 0.6479939818382263 0.0229870006442070
f 2078/1769/2078 2224/1768/2224 2189/1770/2189
vt 0.6431270241737366 0.0229870006442070
f 423/1770/423 404/1768/404 1950/1771/1950
vt 0.6528609991073608 0.0229870006442070
f 778/1772/778 350/1769/350 866/1770/866
vt 0.7078649997711182 0.0000000000000000
vt 0.7078649997711182 0.0133250001817942
vt 0.6995959877967834 0.0158019997179508
f 217/1773/217 1968/1774/1968 44/1775/44
vt 0.6995959877967834 0.0040569999255240
f 941/1775/941 407/1776/407 421/1773/421
vt 0.7078649997711182 0.0266510006040335
vt 0.7078649997711182 0.0399760007858276
vt 0.6995959877967834 0.0392920002341270
f 2101/1777/2101 740/1778/740 2063/1779/2063
vt 0.6995959877967834 0.0275469999760389
f 1161/1779/1161 1560/1780/1560 1523/1777/1523
vt 0.7078649997711182 0.0533009991049767
vt 0.6995959877967834 0.0510369986295700
f 679/1778/679 301/1781/301 314/1782/314
f 1834/1782/1834 693/1779/693 1291/1778/1291
f 364/1774/364 768/1777/768 767/1780/767
f 2057/1780/2057 180/1775/180 2110/1774/2110
vt 0.6995959877967834 0.0627830028533936
f 1299/1783/1299 1362/1782/1362 712/1781/712
vt 0.7078649997711182 0.0666270032525063
f 251/1781/251 265/1784/265 2211/1783/2211
vt 0.7078649997711182 0.0799520015716553
vt 0.6995959877967834 0.0745280012488365
f 1324/1784/1324 739/1785/739 727/1786/727
f 1718/1786/1718 2247/1783/2247 1717/1784/1717
vt 0.7078649997711182 0.0932769998908043
vt 0.6995959877967834 0.0980179980397224
f 468/1785/468 1636/1787/1636 1627/1788/1627
vt 0.6995959877967834 0.0862729996442795
f 817/1788/817 2028/1789/2028 309/1785/309
vt 0.7078649997711182 0.1066029965877533
vt 0.7078649997711182 0.1199280023574829
vt 0.6995959877967834 0.1215080022811890
f 1757/1790/1757 1723/1791/1723 817/1792/817
vt 0.6995959877967834 0.1097629964351654
f 2125/1792/2125 587/1793/587 1615/1790/1615
vt 0.7078649997711182 0.1332529932260513
vt 0.6995959877967834 0.1332529932260513
f 1923/1791/1923 130/1794/130 1083/1795/1083
f 491/1795/491 2091/1792/2091 492/1791/492
f 2093/1787/2093 2137/1790/2137 2091/1793/2091
f 681/1793/681 714/1788/714 759/1787/759
f 623/1785/623 1654/1789/1654 624/1786/624
vt 0.6872680187225342 0.0000000000000000
vt 0.6778709888458252 0.0000000000000000
vt 0.6778709888458252 0.0088349999859929
f 1345/1796/1345 1123/1797/1123 1342/1798/1342
vt 0.6872680187225342 0.0106020001694560
f 592/1798/592 2088/1799/2088 1640/1796/1640
vt 0.6778709888458252 0.0176710002124310
f 2255/1799/2255 1272/1798/1272 1047/1800/1047
vt 0.6872680187225342 0.0212050005793571
f 1311/1800/1311 1836/1801/1836 353/1799/353
vt 0.6778709888458252 0.0265059992671013
f 1834/1800/1834 762/1802/762 844/1801/844
vt 0.6872680187225342 0.0318070016801357
vt 0.6778709888458252 0.0353409983217716
vt 0.6778709888458252 0.0441769994795322
f 2307/1803/2307 482/1804/482 469/1805/469
vt 0.6872680187225342 0.0424100011587143
f 425/1805/425 2085/1806/2085 591/1803/591
vt 0.6778709888458252 0.0530119985342026
f 990/1806/990 1124/1805/1124 954/1807/954
vt 0.6872680187225342 0.0530119985342026
f 1833/1807/1833 699/1808/699 1124/1806/1124
f 156/1803/156 132/1802/132 1929/1804/1929
f 1683/1801/1683 2315/1802/2315 476/1803/476
vt 0.9985349774360657 0.1250779926776886
vt 0.9985349774360657 0.1638969928026199
vt 0.9898110032081604 0.1636119931936264
f 504/1809/504 1642/1810/1642 2256/1811/2256
vt 0.9898110032081604 0.1250779926776886
f 1249/1811/1249 647/1812/647 1229/1809/1229
vt 0.9985349774360657 0.2027159929275513
vt 0.9985349774360657 0.2415349930524826
vt 0.9898110032081604 0.2406799942255020
f 108/1813/108 8/1814/8 88/1815/88
vt 0.9898110032081604 0.2021459937095642
f 108/1815/108 80/1816/80 104/1813/104
vt 0.9985349774360657 0.2803539931774139
vt 0.9898110032081604 0.2792139947414398
f 2357/1814/2357 69/1817/69 1452/1818/1452
f 1182/1818/1182 1184/1815/1184 844/1814/844
f 1819/1810/1819 497/1813/497 1050/1816/1050
f 451/1816/451 383/1811/383 442/1810/442
vt 0.9898110032081604 0.3177480101585388
f 269/1819/269 2112/1818/2112 254/1817/254
vt 0.9985349774360657 0.3191730082035065
f 2086/1817/2086 611/1820/611 2125/1819/2125
vt 0.9985349774360657 0.3579919934272766
vt 0.9898110032081604 0.3562819957733154
f 1135/1820/1135 1348/1821/1348 1136/1822/1136
f 1126/1822/1126 1195/1819/1195 949/1820/949
vt 0.9985349774360657 0.3968110084533691
vt 0.9985349774360657 0.4356310069561005
vt 0.9898110032081604 0.4333499968051910
f 1347/1823/1347 1300/1824/1300 1390/1825/1390
vt 0.9898110032081604 0.3948160111904144
f 1216/1825/1216 977/1826/977 631/1823/631
vt 0.9985349774360657 0.4744499921798706
vt 0.9898110032081604 0.4718840122222900
f 175/1824/175 246/1827/246 255/1828/255
f 1257/1828/1257 485/1825/485 407/1824/407
f 1514/1821/1514 796/1823/796 1558/1826/1558
f 243/1826/243 257/1822/257 274/1821/274
vt 0.9898110032081604 0.5104179978370667
f 723/1829/723 92/1828/92 79/1827/79
vt 0.9985349774360657 0.5132690072059631
f 107/1827/107 435/1830/435 105/1829/105
vt 0.8111439943313599 0.5191940069198608
vt 0.8111439943313599 0.4899919927120209
vt 0.8198680281639099 0.4928430020809174
f 2225/1831/2225 2190/1832/2190 197/1833/197
vt 0.8198680281639099 0.5191940069198608
f 2190/1833/2190 1327/1834/1327 741/1831/741
vt 0.8111439943313599 0.5483959913253784
f 789/1835/789 1570/1831/1570 1176/1834/1176
vt 0.8198680281639099 0.5455449819564819
f 760/1834/760 1196/1836/1196 1616/1835/1616
vt 0.7515059709548950 0.4445500075817108
vt 0.7598559856414795 0.4459759891033173
vt 0.7598559856414795 0.4343239963054657
f 1196/1837/1196 952/1838/952 986/1839/986
vt 0.7515059709548950 0.4314729869365692
f 255/1839/255 109/1840/109 184/1837/184
vt 0.7556809782981873 0.4576280117034912
vt 0.7598559856414795 0.4576280117034912
f 593/1841/593 2127/1842/2127 1643/1838/1643
vt 0.7515059709548950 0.4576280117034912
f 1729/1841/1729 288/1837/288 1743/1843/1743
f 2019/1838/2019 822/1837/822 2032/1841/2032
vt 0.7907670140266418 0.0259629990905523
vt 0.7987340092658997 0.0210960004478693
vt 0.7907670140266418 0.0210960004478693
f 895/1844/895 1554/1845/1554 898/1846/898
vt 0.7974060177803040 0.0308299995958805
vt 0.8040450215339661 0.0308299995958805
f 1070/1845/1070 1071/1847/1071 1460/1848/1460
vt 0.8067010045051575 0.0210960004478693
f 482/1848/482 1646/1849/1646 2082/1845/2082
vt 0.7907670140266418 0.0308299995958805
f 1976/1847/1976 2323/1844/2323 121/1850/121
f 1028/1845/1028 676/1844/676 1895/1847/1895
vt 0.8106840252876282 0.0308299995958805
f 1528/1848/1528 883/1851/883 1179/1849/1179
vt 0.8146679997444153 0.0210960004478693
vt 0.8173230290412903 0.0308299995958805
vt 0.8239619731903076 0.0308299995958805
f 1848/1852/1848 718/1853/718 1295/1854/1295
vt 0.8226349949836731 0.0210960004478693
f 266/1854/266 2099/1855/2099 2111/1852/2111
vt 0.8306009769439697 0.0259629990905523
vt 0.8306009769439697 0.0210960004478693
f 1191/1855/1191 624/1856/624 1824/1857/1824
f 1962/1856/1962 1471/1855/1471 904/1854/904
f 1361/1852/1361 1318/1851/1318 1822/1853/1822
vt 0.8306009769439697 0.0308299995958805
f 1289/1856/1289 1825/1854/1825 945/1858/945
f 2063/1849/2063 2145/1851/2145 21/1852/21
vt 0.6224600076675415 0.0531280003488064
vt 0.6191999912261963 0.0433040000498295
vt 0.6257140040397644 0.0433060005307198
f 2221/1859/2221 449/1860/449 372/1861/372
vt 0.6126959919929504 0.0482169985771179
vt 0.6126959919929504 0.0433060005307198
vt 0.6159399747848511 0.0531280003488064
f 1135/1862/1135 1136/1863/1136 1221/1864/1221
f 97/1863/97 2144/1860/2144 728/1864/728
vt 0.6257140040397644 0.0482169985771179
f 1211/1865/1211 1223/1859/1223 1130/1861/1130
vt 0.6192049980163574 0.0531280003488064
f 143/1859/143 2279/1866/2279 116/1860/116
f 2184/1866/2184 1628/1864/1628 581/1860/581
vt 0.6126959919929504 0.0531280003488064
f 477/1862/477 495/1864/495 2015/1867/2015
vt 0.6257140040397644 0.0531280003488064
f 144/1868/144 136/1859/136 2242/1865/2242
vt 0.9035670161247253 0.1755470037460327
vt 0.9151899814605713 0.1706800013780594
vt 0.9035670161247253 0.1706800013780594
f 2280/1869/2280 1073/1870/1073 51/1871/51
vt 0.9035670161247253 0.1804140061140060
vt 0.9151899814605713 0.1804140061140060
f 1913/1869/1913 1914/1872/1914 2280/1873/2280
vt 0.9268140196800232 0.1706800013780594
f 1657/1874/1657 2159/1870/2159 839/1869/839
vt 0.9268140196800232 0.1804140061140060
vt 0.9384369850158691 0.1804140061140060
f 2200/1874/2200 193/1875/193 460/1876/460
vt 0.9384369850158691 0.1706800013780594
f 709/1876/709 1292/1877/1292 988/1874/988
f 1913/1875/1913 127/1869/127 227/1873/227
f 1681/1874/1681 641/1869/641 1248/1875/1248
vt 0.9883459806442261 0.2547479867935181
vt 0.9883459806442261 0.2660000026226044
vt 0.9796230196952820 0.2648749947547913
f 1091/1878/1091 880/1879/880 1155/1880/1155
vt 0.9796230196952820 0.2547479867935181
f 1025/1880/1025 1026/1881/1026 880/1878/880
vt 0.9883459806442261 0.2772519886493683
vt 0.9796230196952820 0.2750009894371033
f 66/1879/66 2350/1882/2350 902/1883/902
f 454/1883/454 254/1880/254 2095/1879/2095
vt 0.9883459806442261 0.2885029911994934
vt 0.9883459806442261 0.2997550070285797
vt 0.9796230196952820 0.2952539920806885
f 2079/1884/2079 2234/1885/2234 2043/1886/2043
vt 0.9796230196952820 0.2851279973983765
f 1867/1886/1867 1539/1887/1539 1271/1884/1271
vt 0.9883459806442261 0.3110069930553436
vt 0.9883459806442261 0.3222579956054688
vt 0.9796230196952820 0.3256340026855469
f 1677/1888/1677 2177/1889/2177 1246/1890/1246
vt 0.9796230196952820 0.3155069947242737
f 1659/1890/1659 644/1891/644 341/1888/341
f 1797/1885/1797 1042/1888/1042 1691/1891/1691
vt 0.9796230196952820 0.3053810000419617
f 2240/1891/2240 325/1892/325 2237/1885/2237
f 329/1882/329 330/1884/330 160/1887/160
f 90/1887/90 2142/1883/2142 728/1882/728
vt 0.9883459806442261 0.3335100114345551
vt 0.9883459806442261 0.3447610139846802
vt 0.9796230196952820 0.3458870053291321
f 177/1893/177 2339/1894/2339 2342/1895/2342
vt 0.9796230196952820 0.3357599973678589
f 509/1895/509 1491/1896/1491 2269/1893/2269
vt 0.9883459806442261 0.3560130000114441
vt 0.9796230196952820 0.3560130000114441
f 1910/1894/1910 2277/1897/2277 1953/1898/1953
f 1065/1898/1065 1971/1895/1971 1064/1894/1064
vt 0.9883459806442261 0.3672649860382080
vt 0.9883459806442261 0.3785159885883331
vt 0.9796230196952820 0.3762660026550293
f 1064/1899/1064 229/1900/229 55/1901/55
vt 0.9796230196952820 0.3661389946937561
f 625/1901/625 1118/1902/1118 944/1899/944
vt 0.9883459806442261 0.3897680044174194
vt 0.9883459806442261 0.4010190069675446
vt 0.9796230196952820 0.3965190052986145
f 726/1903/726 95/1904/95 745/1905/745
vt 0.9796230196952820 0.3863919973373413
f 1654/1905/1654 625/1906/625 624/1903/624
f 1722/1900/1722 1725/1903/1725 1756/1906/1756
f 1200/1906/1200 1123/1901/1123 1201/1900/1201
f 507/1897/507 1436/1899/1436 2252/1902/2252
f 2042/1902/2042 23/1898/23 808/1897/808
f 1296/1889/1296 1842/1893/1842 1354/1896/1354
f 1954/1896/1954 122/1890/122 134/1889/134
f 1544/1892/1544 1508/1886/1508 1566/1885/1566
vt 0.9796230196952820 0.4066449999809265
f 2146/1905/2146 212/1904/212 1323/1907/1323
vt 0.9796230196952820 0.4167720079421997
vt 0.9883459806442261 0.4122709929943085
f 138/1908/138 1939/1907/1939 1926/1909/1926
vt 0.9883459806442261 0.4235230088233948
vt 0.9796230196952820 0.4268980026245117
f 459/1909/459 189/1910/189 371/1911/371
f 308/1911/308 576/1908/576 1270/1909/1270
vt 0.9883459806442261 0.4347740113735199
vt 0.9883459806442261 0.4460259974002838
vt 0.9796230196952820 0.4471510052680969
f 795/1912/795 1513/1913/1513 1700/1914/1700
vt 0.9796230196952820 0.4370250105857849
f 2096/1914/2096 251/1915/251 2108/1912/2108
f 926/1910/926 1861/1912/1861 1178/1915/1178
f 63/1915/63 2355/1911/2355 1462/1910/1462
vt 0.9883459806442261 0.4572769999504089
vt 0.9796230196952820 0.4572769999504089
f 1313/1913/1313 1201/1916/1201 1345/1917/1345
f 2055/1917/2055 205/1914/205 8/1913/8
vt 0.9883459806442261 0.4685289859771729
vt 0.9796230196952820 0.4674040079116821
f 892/1916/892 938/1918/938 1531/1919/1531
f 1731/1919/1731 1697/1917/1697 1806/1916/1806
f 1547/1904/1547 541/1909/541 1880/1907/1880
vt 0.9883459806442261 0.4797810018062592
vt 0.9796230196952820 0.4775300025939941
f 1505/1918/1505 82/1920/82 105/1921/105
f 976/1921/976 1003/1919/1003 1117/1918/1117
vt 0.9883459806442261 0.4910320043563843
vt 0.9883459806442261 0.5022839903831482
vt 0.9796230196952820 0.4977830052375793
f 715/1922/715 1681/1923/1681 1337/1924/1337
vt 0.9796230196952820 0.4876570105552673
f 1667/1924/1667 846/1925/846 1316/1922/1316
f 394/1920/394 580/1922/580 395/1925/395
f 1994/1925/1994 1449/1921/1449 811/1920/811
vt 0.9883459806442261 0.5135350227355957
vt 0.9883459806442261 0.5247870087623596
vt 0.9796230196952820 0.5281630158424377
f 1588/1926/1588 940/1927/940 320/1928/320
vt 0.9796230196952820 0.5180360078811646
f 488/1928/488 2126/1929/2126 1638/1926/1638
vt 0.9883459806442261 0.5360389947891235
vt 0.9883459806442261 0.5472900271415710
vt 0.9796230196952820 0.5484150052070618
f 1638/1930/1638 604/1931/604 1633/1932/1633
vt 0.9796230196952820 0.5382890105247498
f 1826/1932/1826 719/1933/719 1851/1930/1851
f 2115/1927/2115 260/1930/260 262/1933/262
f 2036/1933/2036 321/1928/321 1276/1927/1276
vt 0.9796230196952820 0.5079100131988525
f 1726/1923/1726 2249/1926/2249 1991/1934/1991
f 1666/1934/1666 1626/1924/1626 578/1923/578
vt 0.9883459806442261 0.5585420131683350
vt 0.9796230196952820 0.5585420131683350
f 335/1931/335 326/1935/326 144/1936/144
f 266/1936/266 2111/1932/2111 166/1931/166
f 1594/1926/1594 1780/1929/1780 1482/1934/1482
vt 0.9296039938926697 0.1527460068464279
vt 0.9296039938926697 0.1503120064735413
vt 0.9207699894905090 0.1503120064735413
f 1807/1937/1807 503/1938/503 502/1939/502
vt 0.9207699894905090 0.1527460068464279
f 685/1939/685 689/1940/689 1844/1937/1844
vt 0.9296039938926697 0.1551789939403534
f 2290/1941/2290 2271/1937/2271 1910/1940/1910
vt 0.9207699894905090 0.1551789939403534
f 979/1940/979 1188/1942/1188 1115/1941/1115
vt 0.9151899814605713 0.1478790044784546
vt 0.9035670161247253 0.1478790044784546
f 1444/1939/1444 1992/1943/1992 816/1944/816
f 111/1944/111 185/1940/185 466/1939/466
f 2062/1943/2062 2073/1939/2073 2230/1938/2230
vt 0.9268140196800232 0.1478790044784546
f 2062/1938/2062 206/1945/206 207/1943/207
vt 0.9035670161247253 0.1576129943132401
f 2062/1946/2062 2066/1940/2066 2300/1944/2300
vt 0.9151899814605713 0.1576129943132401
f 320/1942/320 653/1946/653 678/1947/678
vt 0.9268140196800232 0.1576129943132401
f 1763/1948/1763 1732/1941/1732 1520/1942/1520
f 1704/1942/1704 1763/1947/1763 292/1948/292
f 293/1942/293 1473/1940/1473 1872/1946/1872
vt 0.9384369850158691 0.1478790044784546
f 1281/1949/1281 670/1945/670 307/1938/307
vt 0.9384369850158691 0.1511240005493164
f 318/1938/318 809/1950/809 2024/1949/2024
f 915/1937/915 907/1950/907 1072/1938/1072
vt 0.9384369850158691 0.1543679982423782
f 72/1951/72 157/1937/157 2348/1941/2348
vt 0.9384369850158691 0.1576129943132401
f 1509/1941/1509 1093/1952/1093 526/1951/526
f 308/1951/308 2251/1950/2251 2252/1937/2252
f 373/1948/373 372/1952/372 461/1941/461
vt 0.6257140040397644 0.0032740000169724
vt 0.6224669814109802 0.0000000000000000
vt 0.6257140040397644 0.0000000000000000
f 1963/1953/1963 157/1954/157 2291/1955/2291
vt 0.6192049980163574 0.0098219998180866
vt 0.6192049980163574 0.0000000000000000
f 1814/1956/1814 1723/1957/1723 295/1954/295
vt 0.6126959919929504 0.0024560000747442
vt 0.6126959919929504 0.0000000000000000
vt 0.6159459948539734 0.0000000000000000
f 1067/1958/1067 1076/1959/1076 1968/1960/1968
vt 0.6126959919929504 0.0049109999090433
f 1816/1958/1816 505/1960/505 1725/1961/1725
vt 0.6159620285034180 0.0098219998180866
f 1890/1960/1890 1084/1957/1084 1481/1962/1481
vt 0.6224700212478638 0.0098219998180866
f 2223/1953/2223 2043/1963/2043 2234/1954/2234
f 2029/1954/2029 1440/1963/1440 1415/1956/1415
vt 0.6257140040397644 0.0098219998180866
vt 0.6257140040397644 0.0065480000339448
f 1034/1964/1034 567/1963/567 936/1965/936
f 188/1956/188 192/1962/192 2198/1957/2198
vt 0.6126959919929504 0.0073669999837875
f 307/1962/307 1803/1966/1803 1046/1961/1046
vt 0.6126959919929504 0.0098219998180866
f 995/1966/995 949/1962/949 955/1967/955
f 1228/1961/1228 2174/1960/2174 1652/1962/1652
f 1302/1963/1302 1823/1953/1823 981/1965/981
vt 0.7987340092658997 0.0000000000000000
vt 0.7907670140266418 0.0000000000000000
vt 0.7907670140266418 0.0048670000396669
f 1909/1968/1909 1931/1969/1931 1952/1970/1952
vt 0.7974060177803040 0.0097340000793338
f 2149/1971/2149 731/1968/731 83/1970/83
vt 0.8040450215339661 0.0097340000793338
f 1878/1968/1878 1545/1971/1545 1549/1972/1549
vt 0.8067010045051575 0.0000000000000000
f 1972/1972/1972 1068/1973/1068 905/1968/905
vt 0.7907670140266418 0.0097340000793338
f 1448/1970/1448 294/1974/294 1713/1971/1713
vt 0.8106840252876282 0.0097340000793338
f 1379/1973/1379 701/1972/701 1000/1975/1000
vt 0.8146679997444153 0.0000000000000000
f 1776/1975/1776 1563/1976/1563 1889/1973/1889
vt 0.8173230290412903 0.0097340000793338
vt 0.8239619731903076 0.0097340000793338
f 997/1976/997 624/1977/624 1191/1978/1191
vt 0.8226349949836731 0.0000000000000000
f 282/1978/282 1715/1979/1715 281/1976/281
vt 0.8306009769439697 0.0024339999072254
vt 0.8306009769439697 0.0000000000000000
f 2055/1979/2055 2196/1980/2196 205/1981/205
vt 0.8306009769439697 0.0048670000396669
f 286/1980/286 1758/1979/1758 1701/1982/1701
vt 0.8306009769439697 0.0073009999468923
f 473/1978/473 1629/1983/1629 391/1982/391
vt 0.8306009769439697 0.0097340000793338
f 1232/1978/1232 2166/1984/2166 2167/1983/2167
f 1062/1978/1062 49/1982/49 1970/1979/1970
f 562/1975/562 1274/1977/1274 820/1976/820
vt 0.7696710228919983 0.4445500075817108
vt 0.7654960155487061 0.4314729869365692
vt 0.7696710228919983 0.4314729869365692
f 680/1985/680 1329/1986/1329 838/1987/838
vt 0.7613210082054138 0.4431250095367432
vt 0.7613210082054138 0.4314729869365692
f 1357/1988/1357 769/1989/769 1298/1986/1298
vt 0.7696710228919983 0.4576280117034912
vt 0.7613210082054138 0.4547770023345947
f 108/1985/108 88/1990/88 80/1991/80
f 2253/1991/2253 1781/1988/1781 1483/1985/1483
f 605/1986/605 478/1985/478 2121/1988/2121
vt 0.8096799850463867 0.4928430020809174
vt 0.8009560108184814 0.4899919927120209
vt 0.8009560108184814 0.5045930147171021
f 2113/1992/2113 2201/1993/2201 289/1994/289
vt 0.8096799850463867 0.5060189962387085
f 2113/1994/2113 1690/1995/1690 179/1992/179
vt 0.8009560108184814 0.5191940069198608
vt 0.8096799850463867 0.5191940069198608
f 1213/1996/1213 967/1997/967 1138/1995/1138
f 392/1995/392 471/1994/471 475/1996/475
vt 0.8009560108184814 0.5337949991226196
vt 0.8096799850463867 0.5323699712753296
f 2321/1998/2321 2277/1999/2277 145/1997/145
f 2025/1997/2025 661/1996/661 1267/1998/1267
vt 0.8009560108184814 0.5483959913253784
vt 0.8096799850463867 0.5455449819564819
f 302/2000/302 1987/2001/1987 1267/1999/1267
f 2362/1999/2362 2363/1998/2363 2355/2000/2355
vt 0.2794660031795502 0.5508350133895874
vt 0.2836009860038757 0.5462390184402466
vt 0.2836009860038757 0.5259580016136169
f 1989/2002/1989 1434/2003/1434 2011/2004/2011
vt 0.2836009860038757 0.5665199756622314
f 392/2002/392 2305/2005/2305 1625/2003/1625
vt 0.2794660031795502 0.6062909960746765
vt 0.2836009860038757 0.5868009924888611
f 1510/2006/1510 1536/2007/1536 876/2005/876
f 538/2005/538 1787/2002/1787 1487/2006/1487
vt 0.2836009860038757 0.6070820093154907
f 2228/2008/2228 1324/2007/1324 1327/2006/1327
vt 0.2753320038318634 0.5639690160751343
vt 0.2753320038318634 0.5843999981880188
f 1802/2002/1802 1044/2009/1044 501/2010/501
f 1620/2010/1620 2312/2006/2312 840/2002/840
vt 0.2753320038318634 0.5231069922447205
f 2087/2011/2087 760/2002/760 1616/2004/1616
vt 0.2794660031795502 0.6340190172195435
vt 0.2836009860038757 0.6273630261421204
f 786/2012/786 1532/2013/1532 305/2008/305
f 1752/2008/1752 1431/2006/1431 1796/2012/1796
vt 0.2836009860038757 0.6476439833641052
f 1818/2012/1818 1771/2014/1771 299/2013/299
vt 0.2794660031795502 0.6617469787597656
vt 0.2836009860038757 0.6679250001907349
f 2059/2014/2059 745/2015/745 95/2016/95
f 1540/2012/1540 1032/2015/1032 1864/2014/1864
vt 0.2794660031795502 0.6894749999046326
f 1305/2016/1305 1294/2015/1294 691/2017/691
vt 0.2836009860038757 0.6882060170173645
f 393/2017/393 384/2018/384 570/2016/570
vt 0.2794660031795502 0.7172020077705383
f 1876/2018/1876 1537/2017/1537 1543/2019/1543
vt 0.2836009860038757 0.7084869742393494
f 1106/2019/1106 1788/2020/1788 1490/2018/1490
vt 0.2753320038318634 0.6048309803009033
vt 0.2753320038318634 0.6252620220184326
f 1928/2006/1928 1453/2021/1453 2348/2022/2348
f 580/2022/580 577/2012/577 395/2006/395
vt 0.2753320038318634 0.5435379743576050
f 577/2023/577 472/2002/472 959/2011/959
f 2329/2009/2329 1954/2002/1954 134/2023/134
f 2087/2021/2087 1616/2006/1616 1645/2010/1645
vt 0.2753320038318634 0.6661249995231628
vt 0.2753320038318634 0.6865559816360474
f 686/2015/686 693/2024/693 844/2025/844
f 2372/2025/2372 2276/2017/2276 1455/2015/1455
vt 0.2753320038318634 0.7069870233535767
f 2259/2017/2259 1046/2025/1046 512/2026/512
f 358/2026/358 1846/2019/1846 1395/2017/1395
vt 0.2753320038318634 0.6456940174102783
f 813/2015/813 660/2027/660 659/2024/659
vt 0.2753320038318634 0.7274180054664612
f 1865/2026/1865 1868/2028/1868 1546/2019/1546
f 2118/2012/2118 2103/2022/2103 261/2027/261
f 2240/2015/2240 2237/2012/2237 2243/2027/2243
vt 0.2836009860038757 0.7287679910659790
f 1658/2019/1658 750/2029/750 628/2020/628
vt 0.2794660031795502 0.7449300289154053
vt 0.2836009860038757 0.7490500211715698
f 2010/2030/2010 2337/2031/2337 2329/2029/2329
vt 0.2794660031795502 0.7726579904556274
f 695/2031/695 1296/2030/1296 1828/2032/1828
vt 0.2836009860038757 0.7693309783935547
f 1800/2032/1800 1041/2033/1041 1473/2031/1473
vt 0.2836009860038757 0.7896119952201843
f 1800/2034/1800 1721/2033/1721 1720/2032/1720
vt 0.2794660031795502 0.8003860116004944
f 1399/2035/1399 1716/2034/1716 1720/2032/1720
vt 0.2753320038318634 0.7478489875793457
vt 0.2753320038318634 0.7682800292968750
f 287/2030/287 2251/2036/2251 298/2037/298
f 837/2037/837 627/2032/627 1244/2030/1244
f 700/2019/700 1309/2028/1309 706/2036/706
f 149/2036/149 115/2030/115 2272/2019/2272
vt 0.2794660031795502 0.8281139731407166
vt 0.2836009860038757 0.8301740288734436
vt 0.2836009860038757 0.8098930120468140
f 1543/2038/1543 1537/2039/1537 879/2040/879
f 149/2040/149 1973/2035/1973 1929/2038/1929
vt 0.2836009860038757 0.8504549860954285
vt 0.2794660031795502 0.8558419942855835
vt 0.2836009860038757 0.8707360029220581
f 986/2041/986 1950/2042/1950 404/2043/404
f 612/2039/612 2122/2038/2122 606/2042/606
f 204/2042/204 3/2041/3 457/2039/457
vt 0.2836009860038757 0.8910170197486877
vt 0.2794660031795502 0.8835700154304504
f 767/2044/767 768/2043/768 855/2045/855
vt 0.2836009860038757 0.9112979769706726
f 2304/2046/2304 2119/2044/2119 2303/2045/2303
f 2317/2034/2317 1904/2035/1904 1941/2040/1941
vt 0.2753320038318634 0.7887110114097595
f 1649/2032/1649 640/2037/640 494/2047/494
f 1888/2047/1888 1094/2035/1094 1035/2032/1035
vt 0.2753320038318634 0.8091419935226440
vt 0.2753320038318634 0.8295739889144897
f 1020/2035/1020 1589/2048/1589 1035/2049/1035
f 1459/2049/1459 905/2038/905 1068/2035/1068
f 1182/2048/1182 1148/2035/1148 1183/2047/1183
vt 0.2753320038318634 0.8500049710273743
f 863/2050/863 1394/2042/1394 1365/2038/1365
f 167/2038/167 242/2049/242 168/2050/168
f 2340/2043/2340 182/2042/182 109/2045/109
vt 0.2753320038318634 0.8704360127449036
f 456/2042/456 446/2050/446 436/2051/436
f 1091/2051/1091 1155/2045/1155 1587/2042/1587
vt 0.2753320038318634 0.8908669948577881
vt 0.2753320038318634 0.9112979769706726
f 1091/2045/1091 1504/2052/1504 1773/2053/1773
f 365/2052/365 770/2045/770 1826/2051/1826
f 1907/2053/1907 148/2046/148 323/2045/323
f 406/2029/406 950/2019/950 405/2030/405
vt 0.7794870138168335 0.4314729869365692
vt 0.7711359858512878 0.4314729869365692
vt 0.7711359858512878 0.4403080046176910
f 1339/2054/1339 840/2055/840 1374/2056/1374
vt 0.7794870138168335 0.4420750141143799
f 791/2056/791 1560/2057/1560 527/2054/527
vt 0.7711359858512878 0.4491429924964905
f 1524/2057/1524 527/2056/527 802/2058/802
vt 0.7794870138168335 0.4526770114898682
f 141/2058/141 159/2059/159 52/2057/52
vt 0.7711359858512878 0.4579780101776123
f 986/2058/986 2238/2060/2238 1950/2059/1950
vt 0.7794870138168335 0.4632799923419952
vt 0.7711359858512878 0.4668140113353729
vt 0.7711359858512878 0.4756489992141724
f 2112/2061/2112 2100/2062/2100 2113/2063/2113
vt 0.7794870138168335 0.4738819897174835
f 1601/2063/1601 876/2064/876 1165/2061/1165
vt 0.7711359858512878 0.4844839870929718
f 961/2064/961 419/2063/419 489/2065/489
vt 0.7794870138168335 0.4844839870929718
f 853/2065/853 1238/2066/1238 854/2064/854
f 878/2061/878 556/2060/556 1591/2062/1591
f 1293/2059/1293 988/2060/988 1292/2061/1292
vt 0.7907670140266418 0.0617909990251064
vt 0.8040919899940491 0.0617909990251064
vt 0.8025119900703430 0.0715250000357628
f 631/2067/631 2161/2068/2161 1233/2069/1233
vt 0.7907670140266418 0.0715250000357628
f 2173/2069/2173 1670/2070/1670 1233/2067/1233
vt 0.8174179792404175 0.0617909990251064
vt 0.8307430148124695 0.0617909990251064
vt 0.8260020017623901 0.0715250000357628
f 2059/2071/2059 2293/2072/2293 745/2073/745
vt 0.8142570257186890 0.0715250000357628
f 1584/2073/1584 1168/2074/1168 828/2071/828
vt 0.8440679907798767 0.0617909990251064
vt 0.8377469778060913 0.0715250000357628
f 1529/2072/1529 882/2075/882 1150/2076/1150
f 2294/2076/2294 2069/2073/2069 2072/2072/2072
f 339/2068/339 1376/2071/1376 1334/2074/1334
f 1887/2074/1887 1090/2069/1090 1778/2068/1778
vt 0.8494920134544373 0.0715250000357628
f 680/2075/680 1291/2077/1291 1329/2076/1329
vt 0.8573930263519287 0.0617909990251064
vt 0.8612369894981384 0.0715250000357628
f 693/2075/693 692/2078/692 1291/2079/1291
f 848/2079/848 758/2077/758 849/2075/849
vt 0.8707190155982971 0.0617909990251064
vt 0.8729829788208008 0.0715250000357628
f 1373/2078/1373 759/2080/759 758/2081/758
f 2147/2081/2147 730/2079/730 98/2078/98
vt 0.8840439915657043 0.0617909990251064
vt 0.8847280144691467 0.0715250000357628
f 2147/2080/2147 2148/2082/2148 85/2083/85
f 2318/2083/2318 1902/2081/1902 1464/2080/1464
vt 0.8973690271377563 0.0617909990251064
vt 0.9106950163841248 0.0617909990251064
vt 0.9082180261611938 0.0715250000357628
f 34/2084/34 1635/2085/1635 1331/2086/1331
vt 0.8964729905128479 0.0715250000357628
f 1521/2086/1521 790/2087/790 1559/2084/1559
vt 0.9240199923515320 0.0617909990251064
vt 0.9199630022048950 0.0715250000357628
f 310/2085/310 1539/2088/1539 810/2089/810
f 1726/2089/1726 1040/2086/1040 2249/2085/2249
f 1243/2082/1243 996/2084/996 1841/2087/1841
f 498/2087/498 1776/2083/1776 1889/2082/1889
vt 0.6398419737815857 0.0095690004527569
vt 0.6349750161170959 0.0000000000000000
vt 0.6398419737815857 0.0000000000000000
f 610/2090/610 2311/2091/2311 1617/2092/1617
vt 0.6301079988479614 0.0114940004423261
vt 0.6301079988479614 0.0000000000000000
f 391/2093/391 474/2094/474 2311/2091/2311
vt 0.6398419737815857 0.0191380009055138
vt 0.6301079988479614 0.0229870006442070
f 1848/2090/1848 717/2095/717 718/2096/718
f 1357/2096/1357 1849/2093/1849 359/2090/359
f 1372/2091/1372 757/2090/757 839/2093/839
vt 0.6220939755439758 0.0961830019950867
vt 0.6220939755439758 0.0866139978170395
vt 0.6173949837684631 0.0866139978170395
f 1823/2097/1823 839/2098/839 981/2099/981
vt 0.6126959919929504 0.0981080010533333
vt 0.6126959919929504 0.0866139978170395
f 2017/2100/2017 1633/2099/1633 1641/2101/1641
vt 0.6126959919929504 0.1096019968390465
f 733/2097/733 96/2100/96 99/2102/99
vt 0.6220939755439758 0.1057519987225533
f 560/2102/560 558/2103/558 927/2097/927
f 2077/2099/2077 203/2100/203 2047/2097/2047
vt 0.7175989747047424 0.0000000000000000
vt 0.7175989747047424 0.0133250001817942
vt 0.7093300223350525 0.0158019997179508
f 1122/2104/1122 1198/2105/1198 1229/2106/1229
vt 0.7093300223350525 0.0040569999255240
f 64/2106/64 1458/2107/1458 1944/2104/1944
vt 0.7175989747047424 0.0266510006040335
vt 0.7175989747047424 0.0399760007858276
vt 0.7093300223350525 0.0392920002341270
f 2141/2108/2141 82/2109/82 1862/2110/1862
vt 0.7093300223350525 0.0275469999760389
f 2334/2110/2334 2237/2111/2237 1958/2108/1958
vt 0.7175989747047424 0.0533009991049767
vt 0.7093300223350525 0.0510369986295700
f 915/2109/915 1984/2112/1984 1074/2113/1074
f 82/2113/82 83/2110/83 2143/2109/2143
f 438/2105/438 432/2108/432 452/2111/452
f 1639/2111/1639 411/2106/411 472/2105/472
vt 0.7093300223350525 0.0627830028533936
f 1983/2114/1983 913/2113/913 1467/2112/1467
vt 0.7175989747047424 0.0666270032525063
f 1474/2112/1474 1808/2115/1808 1100/2114/1100
vt 0.7175989747047424 0.0799520015716553
vt 0.7093300223350525 0.0745280012488365
f 524/2115/524 790/2116/790 525/2117/525
f 268/2117/268 2200/2114/2200 2213/2115/2213
vt 0.7175989747047424 0.0932769998908043
vt 0.7093300223350525 0.0980179980397224
f 12/2116/12 119/2118/119 1949/2119/1949
vt 0.7093300223350525 0.0862729996442795
f 1779/2119/1779 1891/2120/1891 2250/2116/2250
vt 0.7175989747047424 0.1066029965877533
vt 0.7175989747047424 0.1199280023574829
vt 0.7093300223350525 0.1215080022811890
f 1756/2121/1756 1725/2122/1725 505/2123/505
vt 0.7093300223350525 0.1097629964351654
f 1768/2123/1768 1705/2124/1705 1730/2121/1730
vt 0.7175989747047424 0.1332529932260513
vt 0.7093300223350525 0.1332529932260513
f 980/2122/980 983/2125/983 1117/2126/1117
f 921/2126/921 1024/2123/1024 877/2122/877
f 1594/2118/1594 1482/2121/1482 931/2124/931
f 555/2124/555 874/2119/874 920/2118/920
f 2241/2116/2241 13/2120/13 1943/2117/1943
vt 0.6764060258865356 0.0000000000000000
vt 0.6670089960098267 0.0000000000000000
vt 0.6670089960098267 0.0088349999859929
f 283/2127/283 1754/2128/1754 1693/2129/1693
vt 0.6764060258865356 0.0106020001694560
f 1008/2129/1008 1009/2130/1009 1199/2127/1199
vt 0.6670089960098267 0.0176710002124310
f 1336/2130/1336 1193/2129/1193 1120/2131/1120
vt 0.6764060258865356 0.0212050005793571
f 1090/2131/1090 1890/2132/1890 1778/2130/1778
vt 0.6670089960098267 0.0265059992671013
f 1653/2131/1653 1235/2133/1235 632/2132/632
vt 0.6764060258865356 0.0318070016801357
vt 0.6670089960098267 0.0353409983217716
vt 0.6670089960098267 0.0441769994795322
f 2138/2134/2138 2306/2135/2306 1614/2136/1614
vt 0.6764060258865356 0.0424100011587143
f 2056/2136/2056 2108/2137/2108 2297/2134/2297
vt 0.6670089960098267 0.0530119985342026
f 229/2137/229 1970/2136/1970 49/2138/49
vt 0.6764060258865356 0.0530119985342026
f 2157/2138/2157 1258/2139/1258 1653/2137/1653
f 1815/2134/1815 673/2133/673 667/2135/667
f 1449/2132/1449 2003/2133/2003 1432/2134/1432
vt 0.8253949880599976 0.1039820015430450
vt 0.8253949880599976 0.1137159988284111
vt 0.7907670140266418 0.1137159988284111
f 2357/2140/2357 1452/2141/1452 906/2142/906
vt 0.7907670140266418 0.1039820015430450
f 1108/2142/1108 1513/2143/1513 795/2140/795
vt 0.8600230216979980 0.1039820015430450
vt 0.8600230216979980 0.1137159988284111
f 1655/2144/1655 2158/2145/2158 622/2141/622
f 1816/2141/1816 1056/2140/1056 505/2144/505
vt 0.8946509957313538 0.1137159988284111
f 1699/2146/1699 1722/2145/1722 1756/2144/1756
vt 0.8946509957313538 0.1039820015430450
f 787/2144/787 1699/2147/1699 1555/2146/1555
vt 0.9292790293693542 0.1039820015430450
vt 0.9292790293693542 0.1137159988284111
f 1676/2147/1676 643/2148/643 2175/2149/2175
f 838/2149/838 833/2146/833 354/2147/354
vt 0.9639070034027100 0.1039820015430450
vt 0.9639070034027100 0.1137159988284111
f 222/2148/222 904/2150/904 1067/2151/1067
f 486/2151/486 2008/2149/2008 574/2148/574
vt 0.9985349774360657 0.1137159988284111
f 700/2152/700 1344/2151/1344 699/2150/699
vt 0.9985349774360657 0.1039820015430450
f 1837/2150/1837 343/2153/343 1290/2152/1290
vt 0.7994909882545471 0.4899919927120209
vt 0.7907670140266418 0.4899919927120209
vt 0.7907670140266418 0.4989759922027588
f 502/2154/502 503/2155/503 664/2156/664
vt 0.7994909882545471 0.5007730126380920
f 345/2156/345 756/2157/756 1149/2154/1149
vt 0.7907670140266418 0.5079600214958191
f 888/2157/888 1875/2156/1875 1172/2158/1172
vt 0.7994909882545471 0.5115540027618408
f 1127/2158/1127 972/2159/972 1215/2157/1215
vt 0.7907670140266418 0.5169439911842346
f 1723/2158/1723 674/2160/674 1407/2159/1407
vt 0.7994909882545471 0.5223349928855896
vt 0.7907670140266418 0.5259280204772949
vt 0.7907670140266418 0.5349119901657104
f 2205/2161/2205 189/2162/189 2208/2163/2208
vt 0.7994909882545471 0.5331150293350220
f 1724/2163/1724 1404/2164/1404 1697/2161/1697
vt 0.7907670140266418 0.5438960194587708
f 14/2164/14 1927/2163/1927 330/2165/330
vt 0.7994909882545471 0.5438960194587708
f 1643/2165/1643 30/2166/30 2254/2164/2254
f 1781/2161/1781 2023/2160/2023 923/2162/923
f 1538/2159/1538 2030/2160/2030 1273/2161/1273
vt 0.6452839970588684 0.0982659980654716
vt 0.6452839970588684 0.0866139978170395
vt 0.6546810269355774 0.0866139978170395
f 1639/2167/1639 336/2168/336 1623/2169/1623
vt 0.6546810269355774 0.0996920019388199
f 220/2169/220 1063/2170/1063 1964/2167/1964
vt 0.6546810269355774 0.1127699986100197
vt 0.6452839970588684 0.1099189966917038
f 1237/2170/1237 942/2171/942 2154/2172/2154
f 2114/2172/2114 270/2167/270 255/2170/255
vt 0.8300570249557495 0.4928430020809174
vt 0.8300570249557495 0.5104110240936279
vt 0.8213329911231995 0.5094599723815918
f 1650/2173/1650 2312/2174/2312 2303/2175/2303
vt 0.8213329911231995 0.4899919927120209
f 1199/2175/1199 990/2176/990 954/2173/954
vt 0.8300570249557495 0.5279780030250549
vt 0.8213329911231995 0.5289279818534851
f 1485/2174/1485 789/2177/789 1092/2178/1092
f 731/2178/731 93/2175/93 83/2174/83
vt 0.8300570249557495 0.5455449819564819
vt 0.8213329911231995 0.5483959913253784
f 1261/2177/1261 2021/2179/2021 655/2180/655
f 2217/2180/2217 465/2178/465 196/2177/196
vt 0.7830389738082886 0.4590040147304535
vt 0.7830389738082886 0.4452390074729919
vt 0.7851269841194153 0.4452390074729919
f 1367/2181/1367 360/2182/360 831/2183/831
vt 0.7851269841194153 0.4590040147304535
f 1022/2183/1022 1023/2184/1023 1590/2181/1590
vt 0.7872139811515808 0.4452390074729919
f 345/2184/345 1371/2183/1371 756/2185/756
vt 0.7872139811515808 0.4590040147304535
f 1311/2185/1311 1855/2186/1855 1303/2184/1303
vt 0.7851269841194153 0.4314729869365692
vt 0.7893019914627075 0.4314729869365692
f 1040/2187/1040 1769/2188/1769 1797/2185/1797
f 1364/2185/1364 1146/2183/1146 1222/2187/1222
vt 0.7893019914627075 0.4720579981803894
f 908/2189/908 51/2186/51 1073/2185/1073
f 1661/2189/1661 1230/2185/1230 629/2188/629
vt 0.7809519767761230 0.4314729869365692
f 1480/2182/1480 528/2190/528 1562/2187/1562
f 937/2183/937 659/2182/659 1279/2187/1279
vt 0.7809519767761230 0.4975489974021912
f 2034/2191/2034 401/2181/401 1443/2184/1443
vt 0.7809519767761230 0.4645110070705414
f 2331/2192/2331 1910/2190/1910 2271/2182/2271
f 698/2182/698 845/2181/845 846/2192/846
f 755/2184/755 1317/2186/1317 754/2189/754
vt 0.7893019914627075 0.5126429796218872
f 1317/2191/1317 1824/2189/1824 624/2193/624
vt 0.7893019914627075 0.5532280206680298
vt 0.7893019914627075 0.5938130021095276
vt 0.7809519767761230 0.5966640114784241
f 1317/2194/1317 342/2195/342 1285/2196/1285
vt 0.7809519767761230 0.5636259913444519
f 1278/2196/1278 309/2197/309 2022/2194/2022
f 485/2193/485 421/2194/421 407/2197/407
vt 0.7809519767761230 0.5305879712104797
f 1617/2197/1617 2311/2198/2311 474/2193/474
f 610/2191/610 592/2192/592 1640/2181/1640
f 280/2198/280 1696/2191/1696 1805/2193/1805
f 837/2189/837 749/2191/749 627/2184/627
vt 0.9636070132255554 0.2547479867935181
vt 0.9679690003395081 0.2643789947032928
vt 0.9679690003395081 0.2547479867935181
f 302/2199/302 2029/2200/2029 2041/2201/2041
vt 0.9592450261116028 0.2707999944686890
vt 0.9679690003395081 0.2740100026130676
f 210/2202/210 200/2203/200 199/2200/199
vt 0.9592450261116028 0.2627739906311035
vt 0.9592450261116028 0.2547479867935181
f 1321/2204/1321 2226/2199/2226 737/2205/737
f 184/2199/184 737/2204/737 2193/2202/2193
f 2057/2202/2057 737/2200/737 180/2199/180
vt 0.9592450261116028 0.2788250148296356
f 429/2202/429 2007/2206/2007 570/2203/570
vt 0.9679690003395081 0.2932719886302948
vt 0.9679690003395081 0.2836410105228424
vt 0.9592450261116028 0.2868509888648987
f 2295/2207/2295 19/2208/19 2060/2209/2060
vt 0.9636070132255554 0.3029020130634308
vt 0.9679690003395081 0.3029020130634308
f 2149/2207/2149 2139/2210/2139 731/2211/731
f 889/2210/889 896/2207/896 552/2209/552
f 1476/2208/1476 1086/2206/1086 1566/2209/1566
vt 0.9592450261116028 0.2948769927024841
vt 0.9592450261116028 0.3029020130634308
f 941/2210/941 1212/2212/1212 407/2213/407
f 1470/2212/1470 77/2210/77 68/2209/68
f 1263/2203/1263 1027/2206/1027 657/2208/657
vt 0.4276979863643646 0.1376589983701706
vt 0.4321840107440948 0.1376589983701706
vt 0.4321840107440948 0.1489109992980957
f 513/2214/513 1720/2215/1720 1716/2216/1716
vt 0.4232130050659180 0.1477849930524826
f 1099/2217/1099 1586/2214/1586 1014/2216/1014
vt 0.4321840107440948 0.1601620018482208
vt 0.4321840107440948 0.1714140027761459
vt 0.4232130050659180 0.1680379956960678
f 1437/2218/1437 1872/2219/1872 1997/2220/1997
vt 0.4232130050659180 0.1579120010137558
f 249/2220/249 2197/2221/2197 2105/2218/2105
f 964/2216/964 638/2218/638 1687/2221/1687
f 612/2221/612 1634/2217/1634 2122/2216/2122
vt 0.4321840107440948 0.1826650053262711
vt 0.4232130050659180 0.1781650036573410
f 15/2219/15 2367/2222/2367 13/2223/13
f 2207/2223/2207 444/2220/444 109/2219/109
vt 0.4321840107440948 0.1939170062541962
vt 0.4232130050659180 0.1984180063009262
f 600/2222/600 232/2224/232 2138/2225/2138
vt 0.4232130050659180 0.1882909983396530
f 323/2225/323 332/2226/332 163/2222/163
vt 0.4321840107440948 0.2051690071821213
vt 0.4232130050659180 0.2085440009832382
f 507/2224/507 1769/2227/1769 1989/2228/1989
f 1020/2228/1020 554/2225/554 1589/2224/1589
vt 0.4321840107440948 0.2164199948310852
vt 0.4321840107440948 0.2276719957590103
vt 0.4232130050659180 0.2287970036268234
f 583/2229/583 598/2230/598 2018/2231/2018
vt 0.4232130050659180 0.2186709940433502
f 1077/2231/1077 1149/2232/1149 1977/2229/1977
f 1812/2227/1812 1496/2229/1496 511/2232/511
f 2178/2232/2178 652/2228/652 646/2227/646
vt 0.4321840107440948 0.2389229983091354
vt 0.4321840107440948 0.2501749992370605
vt 0.4232130050659180 0.2490500062704086
f 2307/2233/2307 1646/2234/1646 482/2235/482
vt 0.4232130050659180 0.2389229983091354
f 1125/2235/1125 1000/2236/1000 1245/2233/1245
vt 0.4321840107440948 0.2614269852638245
vt 0.4321840107440948 0.2726779878139496
vt 0.4232130050659180 0.2693029940128326
f 1125/2237/1125 1343/2238/1343 1379/2239/1379
vt 0.4232130050659180 0.2591759860515594
f 523/2239/523 1508/2240/1508 1156/2237/1156
f 2000/2234/2000 664/2237/664 313/2240/313
f 220/2240/220 1181/2235/1181 1063/2234/1063
f 870/2230/870 1883/2233/1883 1022/2236/1022
f 614/2236/614 2081/2231/2081 1618/2230/1618
vt 0.4321840107440948 0.2839300036430359
vt 0.4232130050659180 0.2794289886951447
f 666/2238/666 1168/2241/1168 930/2242/930
f 1533/2242/1533 555/2239/555 1553/2238/1553
vt 0.4232130050659180 0.1376589983701706
f 665/2214/665 819/2217/819 666/2243/666
f 966/2226/966 707/2223/707 1297/2222/1297
vt 0.4232130050659180 0.2895559966564178
f 290/2242/290 524/2241/524 284/2244/284
vt 0.4321840107440948 0.2951819896697998
vt 0.4321840107440948 0.3064329922199249
vt 0.4232130050659180 0.3098089993000031
f 787/2245/787 1555/2246/1555 1774/2247/1774
vt 0.4232130050659180 0.2996819913387299
f 843/2247/843 348/2248/348 761/2245/761
vt 0.4321840107440948 0.3176850080490112
vt 0.4232130050659180 0.3199349939823151
f 756/2246/756 2309/2249/2309 1977/2250/1977
f 2066/2250/2066 210/2247/210 2300/2246/2300
vt 0.4321840107440948 0.3289360105991364
vt 0.4321840107440948 0.3401879966259003
vt 0.4232130050659180 0.3401879966259003
f 305/2251/305 1585/2252/1585 925/2253/925
vt 0.4232130050659180 0.3300609886646271
f 756/2253/756 617/2254/617 2309/2251/2309
vt 0.4321840107440948 0.3514400124549866
vt 0.4321840107440948 0.3626909852027893
vt 0.4232130050659180 0.3604409992694855
f 438/2255/438 2200/2256/2200 178/2257/178
vt 0.4232130050659180 0.3503139913082123
f 346/2257/346 1224/2258/1224 1662/2255/1662
f 1377/2252/1377 847/2255/847 1225/2258/1225
f 957/2258/957 1297/2253/1297 1832/2252/1832
f 1966/2249/1966 230/2251/230 53/2254/53
f 2132/2254/2132 409/2250/409 429/2249/429
vt 0.4321840107440948 0.3739430010318756
vt 0.4321840107440948 0.3851940035820007
vt 0.4232130050659180 0.3806940019130707
f 351/2259/351 648/2260/648 2180/2261/2180
vt 0.4232130050659180 0.3705669939517975
f 516/2261/516 1714/2262/1714 510/2259/510
vt 0.4321840107440948 0.3964459896087646
vt 0.4321840107440948 0.4076980054378510
vt 0.4232130050659180 0.4110729992389679
f 1709/2263/1709 1760/2264/1760 1737/2265/1737
vt 0.4232130050659180 0.4009470045566559
f 1760/2265/1760 276/2266/276 1759/2263/1759
f 1986/2260/1986 1414/2263/1414 655/2266/655
vt 0.4232130050659180 0.3908199965953827
f 369/2266/369 237/2267/237 466/2260/466
vt 0.4321840107440948 0.4189490079879761
vt 0.4321840107440948 0.4302009940147400
vt 0.4232130050659180 0.4313260018825531
f 2122/2268/2122 1646/2269/1646 574/2270/574
vt 0.4232130050659180 0.4212000072002411
f 145/2270/145 2128/2271/2128 384/2268/384
vt 0.4321840107440948 0.4414519965648651
vt 0.4276979863643646 0.4414519965648651
f 133/2269/133 132/2272/132 120/2273/120
f 2290/2264/2290 2273/2268/2273 2322/2271/2322
f 438/2271/438 462/2265/462 193/2264/193
f 1886/2256/1886 1088/2259/1088 1780/2262/1780
f 1967/2262/1967 2353/2257/2353 113/2256/113
f 387/2270/387 484/2269/484 421/2273/421
f 1615/2245/1615 587/2248/587 2121/2244/2121
f 589/2267/589 575/2261/575 608/2260/608
vt 0.4232130050659180 0.4414519965648651
f 412/2273/412 991/2274/991 490/2270/490
f 1092/2241/1092 789/2245/789 1510/2244/1510
vt 0.9737960100173950 0.2547479867935181
vt 0.9781579971313477 0.2643789947032928
vt 0.9781579971313477 0.2547479867935181
f 1163/2275/1163 1542/2276/1542 1536/2277/1536
vt 0.9694340229034424 0.2627739906311035
vt 0.9694340229034424 0.2707999944686890
f 1024/2276/1024 1595/2278/1595 1164/2279/1164
vt 0.9781579971313477 0.2740100026130676
f 835/2279/835 1556/2280/1556 1506/2276/1506
vt 0.9694340229034424 0.2547479867935181
f 1297/2278/1297 1366/2275/1366 1832/2281/1832
f 600/2276/600 1636/2275/1636 596/2278/596
vt 0.9694340229034424 0.2788250148296356
f 307/2279/307 301/2282/301 2020/2280/2020
vt 0.9781579971313477 0.2836410105228424
vt 0.9694340229034424 0.2868509888648987
vt 0.9694340229034424 0.2948769927024841
f 1365/2283/1365 1233/2284/1233 2165/2285/2165
vt 0.9781579971313477 0.2932719886302948
f 882/2285/882 930/2286/930 1169/2283/1169
vt 0.9737960100173950 0.3029020130634308
vt 0.9781579971313477 0.3029020130634308
f 265/2286/265 458/2287/458 2211/2288/2211
f 1231/2287/1231 346/2286/346 1662/2285/1662
f 2284/2283/2284 1958/2282/1958 2237/2284/2237
vt 0.9694340229034424 0.3029020130634308
f 1613/2287/1613 1612/2285/1612 2084/2289/2084
f 2261/2280/2261 1743/2282/1743 505/2283/505
vt 0.9345660209655762 0.4061740040779114
vt 0.9367470145225525 0.4061740040779114
vt 0.9367470145225525 0.3924080133438110
f 1829/2290/1829 1238/2291/1238 1308/2292/1308
vt 0.9345660209655762 0.3924080133438110
f 353/2292/353 1836/2293/1836 1835/2290/1835
vt 0.9389280080795288 0.4061740040779114
vt 0.9389280080795288 0.3924080133438110
f 287/2291/287 2252/2294/2252 2251/2295/2251
f 287/2295/287 1691/2292/1691 1042/2291/1042
vt 0.9411090016365051 0.2547479867935181
vt 0.9323850274085999 0.2576000094413757
vt 0.9323850274085999 0.2981849908828735
f 680/2296/680 838/2297/838 752/2298/752
vt 0.9411090016365051 0.2877869904041290
f 497/2298/497 277/2299/277 2258/2296/2258
vt 0.9323850274085999 0.3387700021266937
vt 0.9411090016365051 0.3538640141487122
vt 0.9411090016365051 0.3208250105381012
f 1498/2300/1498 1099/2301/1099 1774/2302/1774
f 885/2298/885 933/2302/933 1030/2299/1030
vt 0.9323850274085999 0.3793550133705139
f 1936/2300/1936 141/2303/141 127/2301/127
f 1633/2302/1633 604/2298/604 615/2300/615
vt 0.9411090016365051 0.3869020044803619
f 615/2304/615 2089/2301/2089 1641/2295/1641
f 1716/2301/1716 922/2303/922 1563/2292/1563
f 1814/2301/1814 2259/2292/2259 512/2295/512
vt 0.9411090016365051 0.4199399948120117
f 1685/2305/1685 632/2294/632 948/2291/948
vt 0.9367470145225525 0.4199399948120117
f 1013/2291/1013 1154/2306/1154 1576/2305/1576
f 1880/2304/1880 1572/2295/1572 940/2294/940
f 1231/2294/1231 752/2305/752 838/2304/838
vt 0.9323850274085999 0.4199399948120117
f 54/2307/54 2281/2306/2281 226/2290/226
f 1017/2291/1017 1152/2290/1152 1867/2306/1867
f 1598/2307/1598 1552/2290/1552 929/2293/929
f 2019/2293/2019 821/2303/821 822/2307/822
f 560/2303/560 927/2293/927 1484/2292/1484
vt 0.9327690005302429 0.1348119974136353
vt 0.9327690005302429 0.1250779926776886
vt 0.9064180254936218 0.1250779926776886
f 373/2308/373 377/2309/377 448/2310/448
vt 0.9035670161247253 0.1348119974136353
f 1253/2310/1253 638/2311/638 1124/2308/1124
vt 0.9619709849357605 0.1348119974136353
vt 0.9591199755668640 0.1250779926776886
f 1582/2312/1582 1414/2313/1414 1030/2309/1030
f 1426/2309/1426 1998/2308/1998 292/2312/292
vt 0.6344209909439087 0.0996920019388199
vt 0.6438189744949341 0.1011179983615875
vt 0.6438189744949341 0.0894649997353554
f 1234/2314/1234 632/2315/632 1235/2316/1235
vt 0.6344209909439087 0.0866139978170395
f 954/2316/954 1284/2317/1284 1114/2314/1114
vt 0.6344209909439087 0.1127699986100197
f 1963/2315/1963 1955/2314/1955 140/2318/140
vt 0.6438189744949341 0.1127699986100197
f 2171/2318/2171 1240/2319/1240 1241/2315/1241
vt 0.6981310248374939 0.0000000000000000
vt 0.6887329816818237 0.0000000000000000
vt 0.6887329816818237 0.0089840004220605
f 862/2320/862 762/2321/762 994/2322/994
vt 0.6981310248374939 0.0107810003682971
f 296/2322/296 1526/2323/1526 2003/2320/2003
vt 0.6887329816818237 0.0179680008441210
f 566/2323/566 1094/2322/1094 1794/2324/1794
vt 0.6981310248374939 0.0215620007365942
f 1024/2324/1024 1164/2325/1164 877/2323/877
vt 0.6887329816818237 0.0269520003348589
f 1281/2324/1281 1046/2326/1046 675/2325/675
vt 0.6981310248374939 0.0323420017957687
vt 0.6887329816818237 0.0359360016882420
vt 0.6887329816818237 0.0449200011789799
f 1746/2327/1746 1415/2328/1415 1440/2329/1440
vt 0.6981310248374939 0.0431229993700981
f 605/2329/605 1625/2330/1625 2305/2327/2305
vt 0.6887329816818237 0.0539040006697178
f 1441/2330/1441 1451/2329/1451 1421/2331/1421
vt 0.6981310248374939 0.0539040006697178
f 1413/2331/1413 1707/2332/1707 1441/2330/1441
f 1632/2327/1632 476/2326/476 426/2328/426
f 2284/2325/2284 228/2326/228 161/2327/161
vt 0.1706890016794205 0.1892199963331223
vt 0.1614850014448166 0.1892199963331223
vt 0.1614850014448166 0.2240920066833496
f 1564/2333/1564 1536/2334/1536 789/2335/789
vt 0.1706890016794205 0.2240920066833496
f 609/2335/609 1375/2336/1375 1341/2333/1341
vt 0.1614850014448166 0.2589640021324158
f 571/2336/571 1656/2335/1656 1375/2337/1375
vt 0.1706890016794205 0.2589640021324158
f 285/2337/285 1805/2338/1805 1804/2336/1804
vt 0.1614850014448166 0.2938359975814819
vt 0.1706890016794205 0.2938359975814819
f 1326/2339/1326 84/2340/84 80/2338/80
f 251/2338/251 239/2337/239 2108/2339/2108
vt 0.1614850014448166 0.3287079930305481
f 1150/2340/1150 1169/2339/1169 1168/2341/1168
vt 0.1706890016794205 0.3287079930305481
f 1069/2341/1069 1974/2342/1974 1975/2340/1975
vt 0.1614850014448166 0.3635810017585754
f 685/2342/685 767/2341/767 855/2343/855
vt 0.1706890016794205 0.3635810017585754
f 2092/2343/2092 403/2344/403 1053/2342/1053
vt 0.1614850014448166 0.3984529972076416
vt 0.1706890016794205 0.3984529972076416
f 434/2345/434 2105/2346/2105 2197/2344/2197
f 445/2344/445 181/2343/181 434/2345/434
vt 0.6655439734458923 0.0000000000000000
vt 0.6561459898948669 0.0000000000000000
vt 0.6561459898948669 0.0088349999859929
f 992/2347/992 950/2348/950 1200/2349/1200
vt 0.6655439734458923 0.0106020001694560
f 1197/2349/1197 989/2350/989 953/2347/953
vt 0.6561459898948669 0.0176710002124310
f 1957/2350/1957 1461/2349/1461 1955/2351/1955
vt 0.6655439734458923 0.0212050005793571
f 2289/2351/2289 2279/2352/2279 1903/2350/1903
vt 0.6561459898948669 0.0265059992671013
f 247/2351/247 2222/2353/2222 250/2352/250
vt 0.6655439734458923 0.0318070016801357
vt 0.6561459898948669 0.0353409983217716
vt 0.6561459898948669 0.0441769994795322
f 2046/2354/2046 2060/2355/2060 2070/2356/2070
vt 0.6655439734458923 0.0424100011587143
f 47/2356/47 2351/2357/2351 68/2354/68
vt 0.6561459898948669 0.0530119985342026
f 1122/2357/1122 1229/2356/1229 1209/2358/1209
vt 0.6655439734458923 0.0530119985342026
f 1252/2358/1252 2177/2359/2177 764/2357/764
f 562/2354/562 820/2353/820 311/2355/311
f 72/2352/72 158/2353/158 157/2354/157
vt 0.7907670140266418 0.0828870013356209
vt 0.8040919899940491 0.0828870013356209
vt 0.8025119900703430 0.0926209986209869
f 834/2360/834 1351/2361/1351 1377/2362/1377
vt 0.7907670140266418 0.0926209986209869
f 425/2362/425 426/2363/426 2085/2360/2085
vt 0.8174179792404175 0.0828870013356209
vt 0.8307430148124695 0.0828870013356209
vt 0.8260020017623901 0.0926209986209869
f 1673/2364/1673 766/2365/766 854/2366/854
vt 0.8142570257186890 0.0926209986209869
f 82/2366/82 2143/2367/2143 105/2364/105
vt 0.8440679907798767 0.0828870013356209
vt 0.8377469778060913 0.0926209986209869
f 551/2365/551 305/2368/305 925/2369/925
f 1865/2369/1865 1546/2366/1546 533/2365/533
f 1914/2361/1914 2281/2364/2281 2324/2367/2324
f 2220/2367/2220 2342/2362/2342 378/2361/378
vt 0.8494920134544373 0.0926209986209869
f 170/2368/170 2230/2370/2230 2071/2369/2071
vt 0.8573930263519287 0.0828870013356209
vt 0.8612369894981384 0.0926209986209869
f 1527/2368/1527 1159/2371/1159 793/2372/793
f 504/2372/504 1804/2370/1804 1805/2368/1805
vt 0.8707190155982971 0.0828870013356209
vt 0.8729829788208008 0.0926209986209869
f 1293/2371/1293 695/2373/695 1828/2374/1828
f 909/2374/909 1461/2372/1461 2356/2371/2356
vt 0.8840439915657043 0.0828870013356209
vt 0.8847280144691467 0.0926209986209869
f 584/2373/584 492/2375/492 576/2376/576
f 2241/2376/2241 1943/2374/1943 112/2373/112
vt 0.8973690271377563 0.0828870013356209
vt 0.9106950163841248 0.0828870013356209
vt 0.9082180261611938 0.0926209986209869
f 490/2377/490 991/2378/991 1202/2379/1202
vt 0.8964729905128479 0.0926209986209869
f 725/2379/725 2043/2380/2043 201/2377/201
vt 0.9240199923515320 0.0828870013356209
vt 0.9199630022048950 0.0926209986209869
f 1658/2378/1658 1351/2381/1351 750/2382/750
f 1368/2382/1368 1351/2379/1351 834/2378/834
f 373/2375/373 461/2377/461 377/2380/377
f 2336/2380/2336 1956/2376/1956 1917/2375/1917
vt 0.6329560279846191 0.0866139978170395
vt 0.6329560279846191 0.0981080010533333
vt 0.6235589981079102 0.1000330001115799
f 382/2383/382 442/2384/442 2341/2385/2341
vt 0.6235589981079102 0.0904640033841133
f 700/2385/700 1284/2386/1284 1344/2383/1344
vt 0.6282579898834229 0.1096019968390465
f 681/2384/681 1114/2387/1114 1284/2385/1284
vt 0.6235589981079102 0.1096019968390465
f 1199/2387/1199 954/2388/954 1114/2385/1114
vt 0.6329560279846191 0.1096019968390465
f 1230/2389/1230 1671/2387/1671 1306/2384/1306
vt 0.7230110168457031 0.4314729869365692
vt 0.7500410079956055 0.4406990110874176
vt 0.7500410079956055 0.4314729869365692
f 1024/2390/1024 559/2391/559 1596/2392/1596
vt 0.7230110168457031 0.4489890038967133
vt 0.7500410079956055 0.4499250054359436
f 1770/2393/1770 1715/2394/1715 1703/2391/1703
vt 0.6959819793701172 0.4401220083236694
f 1897/2393/1897 1778/2391/1778 1490/2395/1490
f 1173/2390/1173 897/2395/897 1604/2391/1604
vt 0.7230110168457031 0.4575299918651581
vt 0.7500410079956055 0.4591509997844696
f 835/2396/835 1751/2397/1751 1556/2394/1556
f 369/2394/369 185/2393/185 436/2396/436
vt 0.6959819793701172 0.4487720131874084
vt 0.6959819793701172 0.4574210047721863
f 627/2393/627 639/2398/639 1244/2399/1244
f 2155/2399/2155 2167/2396/2167 1651/2393/1651
vt 0.7230110168457031 0.4660710096359253
f 17/2397/17 1185/2396/1185 38/2400/38
vt 0.7500410079956055 0.4683780074119568
f 2157/2400/2157 1250/2401/1250 1258/2397/1258
vt 0.7230110168457031 0.4749979972839355
vt 0.7500410079956055 0.4776040017604828
f 803/2402/803 1112/2403/1112 1491/2401/1491
f 1816/2401/1816 1725/2400/1725 283/2402/283
vt 0.7230110168457031 0.4835880100727081
f 1384/2403/1384 837/2402/837 1238/2404/1238
vt 0.7500410079956055 0.4868299961090088
f 1651/2404/1651 993/2405/993 683/2403/683
vt 0.7230110168457031 0.4921289980411530
f 488/2405/488 1638/2404/1638 2015/2406/2015
vt 0.7500410079956055 0.4960559904575348
f 2012/2406/2012 1200/2407/1200 950/2405/950
vt 0.6959819793701172 0.4660710096359253
f 992/2396/992 1127/2399/1127 950/2408/950
f 1577/2408/1577 1762/2400/1762 1569/2396/1569
vt 0.6959819793701172 0.4314729869365692
f 267/2395/267 253/2390/253 240/2409/240
f 2225/2398/2225 2295/2393/2295 2048/2395/2048
vt 0.6959819793701172 0.4747210144996643
f 871/2410/871 1159/2402/1159 1154/2400/1154
f 1588/2400/1588 1019/2408/1019 1157/2410/1157
vt 0.6959819793701172 0.4833700060844421
f 297/2402/297 295/2410/295 1688/2411/1688
f 268/2411/268 2338/2404/2338 2200/2402/2200
vt 0.6959819793701172 0.4920200109481812
f 791/2404/791 527/2411/527 793/2412/793
f 2278/2412/2278 152/2406/152 1911/2404/1911
vt 0.6959819793701172 0.5006700158119202
vt 0.7230110168457031 0.5006700158119202
f 2289/2413/2289 1943/2414/1943 1457/2406/1457
f 1733/2406/1733 1758/2412/1758 1763/2413/1763
f 1661/2414/1661 2154/2407/2154 1230/2406/1230
vt 0.7500410079956055 0.5052829980850220
f 1239/2414/1239 642/2415/642 2162/2407/2162
vt 0.7230110168457031 0.5095959901809692
vt 0.7230110168457031 0.5181859731674194
f 1829/2415/1829 696/2416/696 1830/2417/1830
vt 0.7500410079956055 0.5145090222358704
f 2320/2417/2320 114/2418/114 1945/2415/1945
vt 0.7230110168457031 0.5267270207405090
f 2270/2418/2270 2317/2417/2317 2320/2419/2320
vt 0.7500410079956055 0.5237349867820740
f 1724/2419/1724 818/2420/818 1404/2418/1404
vt 0.6959819793701172 0.5093190073966980
vt 0.6959819793701172 0.5179690122604370
f 1995/2416/1995 1433/2421/1433 812/2422/812
f 209/2422/209 2058/2417/2058 208/2416/208
vt 0.6959819793701172 0.5266190171241760
f 2219/2417/2219 2339/2422/2339 103/2423/103
f 1652/2423/1652 2174/2419/2174 1675/2417/1675
vt 0.7230110168457031 0.5352680087089539
f 278/2420/278 518/2419/518 2259/2424/2259
vt 0.7500410079956055 0.5329620242118835
f 868/2424/868 549/2425/549 1528/2420/1528
f 146/2414/146 1972/2413/1972 1925/2421/1925
f 1134/2421/1134 2153/2416/2153 1231/2414/1231
vt 0.7230110168457031 0.5441949963569641
f 868/2425/868 1535/2424/1535 549/2426/549
vt 0.7500410079956055 0.5421879887580872
f 1544/2426/1544 1270/2427/1270 1016/2425/1016
vt 0.7500410079956055 0.5514140129089355
vt 0.7230110168457031 0.5527849793434143
vt 0.7230110168457031 0.5613260269165039
f 1430/2428/1430 1695/2429/1695 403/2430/403
vt 0.7500410079956055 0.5606399774551392
f 2236/2430/2236 322/2431/322 40/2428/40
f 1497/2427/1497 799/2426/799 1106/2429/1106
f 2119/2429/2119 33/2428/33 615/2427/615
vt 0.7230110168457031 0.5698670148849487
f 19/2431/19 1322/2430/1322 1323/2432/1323
vt 0.7500410079956055 0.5698670148849487
f 1676/2432/1676 1672/2433/1672 643/2431/643
vt 0.6959819793701172 0.5352680087089539
f 2017/2419/2017 403/2423/403 1638/2434/1638
f 2313/2434/2313 595/2424/595 33/2419/33
vt 0.6959819793701172 0.5439180135726929
f 1740/2435/1740 1709/2426/1709 300/2424/300
f 2289/2424/2289 1902/2434/1902 2279/2435/2279
vt 0.6959819793701172 0.5525670051574707
f 1888/2426/1888 1784/2435/1784 1495/2436/1495
f 1694/2436/1694 2245/2429/2245 1693/2426/1693
vt 0.6959819793701172 0.5612170100212097
f 697/2429/697 1831/2436/1831 347/2437/347
f 1948/2437/1948 123/2430/123 2326/2429/2326
vt 0.6959819793701172 0.5698670148849487
f 2232/2438/2232 2035/2432/2035 316/2430/316
f 1745/2430/1745 2098/2437/2098 1410/2438/1410
f 1948/2415/1948 2322/2414/2322 2273/2416/2273
vt 0.9309200048446655 0.2547479867935181
vt 0.9035670161247253 0.2547479867935181
vt 0.9035670161247253 0.2639749944210052
f 1484/2439/1484 1688/2440/1688 1702/2441/1702
vt 0.9309200048446655 0.2653940021991730
f 1870/2441/1870 1526/2442/1526 1499/2439/1499
vt 0.9035670161247253 0.2732009887695312
f 583/2442/583 2018/2441/2018 1134/2443/1134
vt 0.9309200048446655 0.2760399878025055
f 29/2443/29 408/2444/408 473/2442/473
vt 0.9309200048446655 0.2866860032081604
vt 0.9035670161247253 0.2916539907455444
vt 0.9035670161247253 0.3008800148963928
f 408/2445/408 422/2446/422 388/2447/388
vt 0.9309200048446655 0.2973310053348541
f 860/2447/860 1660/2448/1660 2179/2445/2179
vt 0.9309200048446655 0.3079769909381866
vt 0.9035670161247253 0.3101060092449188
vt 0.9035670161247253 0.3193320035934448
f 1826/2449/1826 763/2450/763 349/2451/349
vt 0.9309200048446655 0.3186230063438416
f 1281/2451/1281 564/2452/564 670/2449/670
f 1826/2448/1826 1368/2447/1368 834/2450/834
f 121/2450/121 2323/2449/2323 906/2448/906
vt 0.9035670161247253 0.2824270129203796
f 1655/2444/1655 836/2443/836 626/2453/626
f 445/2453/445 2043/2445/2043 725/2444/725
f 445/2446/445 111/2445/111 466/2453/466
vt 0.9035670161247253 0.3285590112209320
vt 0.9309200048446655 0.3292680084705353
f 1904/2454/1904 1927/2455/1927 1926/2452/1926
f 1518/2452/1518 286/2451/286 1706/2454/1706
vt 0.9035670161247253 0.3377850055694580
f 278/2455/278 1701/2454/1701 277/2456/277
vt 0.9309200048446655 0.3399139940738678
f 840/2456/840 2312/2457/2312 1374/2455/1374
vt 0.9035670161247253 0.3470109999179840
f 1993/2457/1993 811/2456/811 1401/2458/1401
vt 0.9309200048446655 0.3505600094795227
f 1547/2458/1547 1426/2459/1426 292/2457/292
vt 0.9309200048446655 0.3612059950828552
vt 0.9035670161247253 0.3654640018939972
vt 0.9035670161247253 0.3746899962425232
f 1192/2460/1192 1228/2461/1228 1119/2462/1119
vt 0.9309200048446655 0.3718509972095490
f 1070/2462/1070 1460/2463/1460 910/2460/910
vt 0.9309200048446655 0.3824970126152039
vt 0.9035670161247253 0.3839159905910492
vt 0.9035670161247253 0.3931429982185364
f 1087/2464/1087 1688/2465/1688 1472/2466/1472
vt 0.9309200048446655 0.3931429982185364
f 1477/2466/1477 788/2467/788 1087/2464/1087
f 2148/2463/2148 742/2462/742 85/2465/85
f 87/2465/87 443/2464/443 742/2463/742
vt 0.9035670161247253 0.3562380075454712
f 84/2459/84 101/2458/101 200/2468/200
f 1744/2468/1744 1765/2460/1765 1443/2459/1443
f 2304/2461/2304 2303/2460/2303 2312/2468/2312
vt 0.1692869961261749 0.1425579935312271
vt 0.1494099944829941 0.1376589983701706
vt 0.1599519997835159 0.1376589983701706
f 1429/2469/1429 304/2470/304 1266/2471/1266
vt 0.1752749979496002 0.1512340009212494
f 614/2472/614 32/2470/32 2081/2469/2081
vt 0.1340869963169098 0.1512340009212494
vt 0.1400749981403351 0.1425579935312271
vt 0.1328160017728806 0.1616989970207214
f 1344/2473/1344 1284/2474/1284 1203/2475/1203
f 1949/2474/1949 1946/2470/1946 2323/2475/2323
f 2144/2475/2144 96/2470/96 89/2472/89
vt 0.1728080064058304 0.1715569943189621
f 2175/2475/2175 998/2472/998 1246/2476/1246
vt 0.1649170070886612 0.1785469949245453
f 1017/2477/1017 1867/2475/1867 1271/2476/1271
vt 0.1444450020790100 0.1785469949245453
vt 0.1365540027618408 0.1715569943189621
f 214/2478/214 738/2479/738 197/2475/197
vt 0.1546809971332550 0.1810699999332428
f 271/2475/271 454/2480/454 2339/2478/2339
f 1283/2480/1283 303/2475/303 1592/2477/1592
vt 0.1765460073947906 0.1616989970207214
f 540/2481/540 1103/2476/1103 1113/2472/1113
vt 0.8674629926681519 0.0542020015418530
vt 0.8738549947738647 0.0542020015418530
vt 0.8738549947738647 0.0530969984829426
f 18/2482/18 207/2483/207 206/2484/206
vt 0.8674629926681519 0.0530969984829426
f 1669/2484/1669 479/2485/479 649/2482/649
vt 0.7971580028533936 0.0542020015418530
vt 0.8035500049591064 0.0542020015418530
vt 0.8035500049591064 0.0530969984829426
f 1554/2486/1554 1568/2487/1568 898/2488/898
vt 0.7971580028533936 0.0530969984829426
f 1430/2488/1430 403/2489/403 2019/2486/2019
vt 0.8674629926681519 0.0553580000996590
vt 0.8738549947738647 0.0553580000996590
f 311/2490/311 1810/2491/1810 503/2483/503
f 571/2483/571 1375/2482/1375 609/2490/609
vt 0.7971580028533936 0.0553580000996590
vt 0.8035500049591064 0.0553580000996590
f 293/2492/293 1801/2493/1801 1800/2487/1800
f 1656/2487/1656 833/2486/833 946/2492/946
vt 0.8802459836006165 0.0519910007715225
vt 0.8712980151176453 0.0519910007715225
f 1530/2484/1530 868/2494/868 1863/2495/1863
vt 0.8623499870300293 0.0519910007715225
vt 0.8534020185470581 0.0519910007715225
f 963/2485/963 1672/2496/1672 999/2497/999
f 1051/2496/1051 2260/2485/2260 1798/2495/1798
vt 0.8802459836006165 0.0542519986629486
f 1798/2484/1798 499/2483/499 2246/2498/2246
vt 0.8418980240821838 0.0542020015418530
vt 0.8444539904594421 0.0519910007715225
f 770/2499/770 1354/2497/1354 720/2500/720
f 346/2482/346 838/2485/838 1224/2497/1224
f 375/2482/375 459/2497/459 2216/2499/2216
f 48/2484/48 223/2495/223 151/2485/151
f 2293/2498/2293 2199/2494/2199 2109/2484/2109
vt 0.8291149735450745 0.0542020015418530
vt 0.8355060219764709 0.0519910007715225
vt 0.8265590071678162 0.0519910007715225
f 923/2501/923 2023/2502/2023 1045/2503/1045
vt 0.8163319826126099 0.0542020015418530
vt 0.8086630105972290 0.0519910007715225
f 2253/2504/2253 2023/2505/2023 1781/2488/1781
vt 0.7997149825096130 0.0519910007715225
f 888/2488/888 1172/2505/1172 802/2506/802
vt 0.8176109790802002 0.0519910007715225
f 302/2507/302 1267/2504/1267 661/2501/661
f 302/2501/302 310/2503/310 2029/2507/2029
f 1937/2504/1937 323/2507/323 148/2505/148
vt 0.8265590071678162 0.0565130002796650
vt 0.8355060219764709 0.0565130002796650
f 1227/2501/1227 2157/2508/2157 1653/2509/1653
f 1837/2509/1837 1290/2499/1290 702/2501/702
vt 0.7907670140266418 0.0519910007715225
f 715/2510/715 641/2489/641 1681/2506/1681
f 2248/2489/2248 1052/2488/1052 1696/2506/1696
vt 0.7907670140266418 0.0542519986629486
f 1522/2511/1522 1519/2486/1519 797/2489/797
f 685/2489/685 1334/2510/1334 1827/2511/1827
f 1152/2501/1152 666/2499/666 819/2502/819
f 784/2499/784 440/2500/440 1101/2502/1101
vt 0.8534020185470581 0.0565130002796650
f 1786/2499/1786 1506/2512/1506 1095/2482/1095
vt 0.8802459836006165 0.0565130002796650
f 2315/2491/2315 367/2513/367 1618/2498/1618
vt 0.8712980151176453 0.0565130002796650
f 1135/2490/1135 1221/2514/1221 999/2491/999
f 427/2513/427 388/2491/388 586/2514/586
vt 0.8623499870300293 0.0565130002796650
f 909/2515/909 912/2514/912 1466/2490/1466
f 1531/2490/1531 1530/2482/1530 1863/2512/1863
f 2126/2490/2126 615/2512/615 604/2515/604
vt 0.8444539904594421 0.0565130002796650
f 2352/2516/2352 45/2499/45 140/2509/140
f 178/2512/178 2338/2499/2338 102/2516/102
vt 0.8176109790802002 0.0565130002796650
f 198/2504/198 2212/2517/2212 433/2508/433
f 2153/2508/2153 337/2501/337 752/2504/752
f 1505/2488/1505 105/2487/105 1558/2504/1558
f 1881/2493/1881 1871/2504/1871 893/2487/893
f 2295/2492/2295 2299/2486/2299 2073/2511/2073
vt 0.8086630105972290 0.0565130002796650
f 1333/2493/1333 1289/2518/1289 945/2504/945
vt 0.7997149825096130 0.0565130002796650
f 1204/2518/1204 1668/2493/1668 972/2519/972
vt 0.7907670140266418 0.0565130002796650
f 1663/2520/1663 1141/2519/1141 1216/2492/1216
f 48/2519/48 1968/2493/1968 217/2492/217
f 1340/2511/1340 1294/2520/1294 694/2492/694
f 665/2517/665 2022/2504/2022 1265/2518/1265
f 2147/2491/2147 98/2498/98 2140/2483/2140
vt 0.8674629926681519 0.0445129983127117
vt 0.8738549947738647 0.0445129983127117
vt 0.8738549947738647 0.0433520004153252
f 2203/2521/2203 191/2522/191 2202/2523/2202
vt 0.8674629926681519 0.0433520004153252
f 2203/2523/2203 2109/2524/2109 2199/2521/2199
vt 0.7971580028533936 0.0445129983127117
vt 0.8035500049591064 0.0445129983127117
vt 0.8035500049591064 0.0433520004153252
f 2278/2525/2278 1911/2526/1911 121/2527/121
vt 0.7971580028533936 0.0433520004153252
f 1227/2527/1227 1653/2528/1653 634/2525/634
vt 0.8674629926681519 0.0456129983067513
vt 0.8738549947738647 0.0456129983067513
f 923/2529/923 1045/2530/1045 1538/2522/1538
f 1761/2522/1761 1735/2521/1735 1700/2529/1700
vt 0.7971580028533936 0.0456129983067513
vt 0.8035500049591064 0.0456129983067513
f 2087/2531/2087 1845/2532/1845 760/2526/760
f 2150/2526/2150 2146/2525/2146 738/2531/738
vt 0.8802459836006165 0.0421909987926483
vt 0.8712980151176453 0.0421909987926483
f 1934/2523/1934 55/2533/55 1935/2534/1935
vt 0.8623499870300293 0.0421909987926483
vt 0.8534020185470581 0.0421909987926483
f 55/2524/55 49/2535/49 224/2536/224
f 1844/2535/1844 1830/2524/1830 767/2534/767
vt 0.8802459836006165 0.0444520004093647
f 1775/2522/1775 1571/2537/1571 1885/2523/1885
f 606/2533/606 2122/2523/2122 574/2537/574
f 1059/2536/1059 1611/2521/1611 60/2524/60
f 1704/2522/1704 1998/2530/1998 1276/2537/1276
f 663/2534/663 2036/2524/2036 1276/2523/1276
vt 0.8418980240821838 0.0445129983127117
vt 0.8444539904594421 0.0421909987926483
f 215/2538/215 2225/2536/2225 1322/2539/1322
vt 0.8355060219764709 0.0421909987926483
f 2163/2538/2163 847/2539/847 628/2540/628
vt 0.8176109790802002 0.0421909987926483
vt 0.8086630105972290 0.0421909987926483
vt 0.8163319826126099 0.0445129983127117
f 894/2541/894 563/2542/563 1540/2543/1540
f 67/2543/67 47/2542/47 1951/2527/1951
vt 0.8265590071678162 0.0421909987926483
vt 0.8291149735450745 0.0445129983127117
f 2276/2544/2276 902/2545/902 1455/2540/1455
vt 0.7997149825096130 0.0421909987926483
f 331/2528/331 328/2527/328 162/2546/162
f 1537/2542/1537 1592/2546/1592 879/2527/879
vt 0.7907670140266418 0.0444520004093647
vt 0.7907670140266418 0.0421909987926483
f 2013/2547/2013 396/2528/396 623/2548/623
f 363/2546/363 1300/2548/1300 1009/2528/1009
f 2014/2528/2014 493/2547/493 1629/2525/1629
f 1821/2541/1821 1343/2543/1343 682/2545/682
f 2087/2545/2087 1301/2544/1301 1845/2541/1845
f 814/2521/814 1425/2536/1425 1426/2538/1426
vt 0.8712980151176453 0.0467129983007908
f 1612/2549/1612 468/2530/468 402/2529/402
vt 0.8802459836006165 0.0467129983007908
f 278/2537/278 1706/2530/1706 286/2550/286
vt 0.8265590071678162 0.0467129983007908
vt 0.8355060219764709 0.0467129983007908
f 1301/2545/1301 1382/2551/1382 2130/2552/2130
f 1355/2552/1355 1206/2538/1206 1348/2545/1348
vt 0.8534020185470581 0.0467129983007908
f 1480/2553/1480 1104/2529/1104 1103/2521/1103
f 1171/2521/1171 82/2538/82 1505/2553/1505
f 483/2540/483 1222/2545/1222 1146/2538/1146
f 568/2550/568 548/2530/548 939/2549/939
vt 0.8623499870300293 0.0467129983007908
f 724/2529/724 723/2554/723 94/2549/94
vt 0.8444539904594421 0.0467129983007908
f 507/2538/507 287/2555/287 1042/2553/1042
f 2284/2538/2284 2237/2552/2237 228/2555/228
f 1407/2529/1407 1259/2553/1259 312/2554/312
f 301/2527/301 1260/2526/1260 1259/2543/1259
f 660/2532/660 1431/2543/1431 1718/2526/1718
vt 0.7997149825096130 0.0467129983007908
f 313/2556/313 664/2532/664 503/2531/503
vt 0.7907670140266418 0.0467129983007908
f 947/2557/947 483/2531/483 2123/2525/2123
f 1476/2525/1476 1566/2547/1566 1508/2557/1508
vt 0.8086630105972290 0.0467129983007908
f 1669/2532/1669 1118/2558/1118 625/2543/625
f 2017/2551/2017 389/2545/389 821/2543/821
vt 0.8176109790802002 0.0467129983007908
f 57/2543/57 37/2559/37 235/2551/235
f 2244/2532/2244 308/2556/308 1270/2558/1270
f 48/2531/48 1061/2557/1061 223/2556/223
f 2263/2543/2263 283/2558/283 2245/2559/2245
vt 0.9568340182304382 0.2675310075283051
vt 0.9568340182304382 0.2611399888992310
vt 0.9556729793548584 0.2611399888992310
f 333/2560/333 322/2561/322 14/2562/14
vt 0.9556729793548584 0.2675310075283051
f 515/2562/515 1690/2563/1690 289/2560/289
vt 0.9568340182304382 0.3378359973430634
vt 0.9568340182304382 0.3314450085163116
vt 0.9556729793548584 0.3314450085163116
f 384/2564/384 2081/2565/2081 570/2566/570
vt 0.9556729793548584 0.3378359973430634
f 363/2566/363 1009/2567/1009 947/2564/947
vt 0.9579340219497681 0.2675310075283051
vt 0.9579340219497681 0.2611399888992310
f 2127/2568/2127 390/2569/390 486/2561/486
f 1505/2561/1505 1558/2560/1558 522/2568/522
vt 0.9579340219497681 0.3378359973430634
vt 0.9579340219497681 0.3314450085163116
f 117/2570/117 124/2571/124 137/2565/137
f 117/2565/117 221/2564/221 37/2570/37
vt 0.9545120000839233 0.2547479867935181
vt 0.9545120000839233 0.2636960148811340
f 37/2562/37 327/2572/327 2239/2573/2239
vt 0.9545120000839233 0.2726440131664276
vt 0.9545120000839233 0.2815920114517212
f 64/2563/64 1944/2574/1944 2318/2575/2318
f 183/2574/183 1325/2563/1325 457/2573/457
vt 0.9567729830741882 0.2547479867935181
f 183/2561/183 103/2576/103 2339/2562/2339
f 753/2572/753 341/2562/341 748/2576/748
f 684/2575/684 1332/2560/1332 1288/2563/1288
f 980/2561/980 1116/2569/1116 1333/2576/1333
f 606/2573/606 574/2563/574 2008/2562/2008
vt 0.9568340182304382 0.2930969893932343
vt 0.9545120000839233 0.2905400097370148
f 612/2577/612 606/2575/606 2129/2578/2129
vt 0.9545120000839233 0.2994880080223083
f 1105/2577/1105 1101/2578/1101 1102/2579/1102
vt 0.9545120000839233 0.3173840045928955
vt 0.9545120000839233 0.3263320028781891
vt 0.9568340182304382 0.3186619877815247
f 1301/2580/1301 2130/2581/2130 1845/2582/1845
f 1093/2582/1093 1898/2581/1898 1785/2566/1785
vt 0.9545120000839233 0.3084360063076019
vt 0.9568340182304382 0.3058789968490601
f 1293/2583/1293 943/2584/943 1190/2579/1190
vt 0.9545120000839233 0.3352800011634827
f 65/2567/65 1969/2566/1969 1066/2585/1066
f 616/2581/616 1620/2585/1620 748/2566/748
vt 0.9567729830741882 0.3442269861698151
vt 0.9545120000839233 0.3442269861698151
f 1557/2586/1557 805/2567/805 525/2587/525
f 1358/2585/1358 1348/2587/1348 1825/2567/1825
f 1905/2567/1905 326/2586/326 2366/2564/2366
f 1924/2580/1924 144/2582/144 326/2584/326
f 1991/2584/1991 676/2583/676 1267/2580/1267
f 1650/2560/1650 621/2575/621 1838/2577/1838
vt 0.9590340256690979 0.2636960148811340
f 2155/2588/2155 683/2569/683 969/2568/969
vt 0.9590340256690979 0.2547479867935181
f 1750/2576/1750 1749/2569/1749 1748/2589/1748
vt 0.9590340256690979 0.3084360063076019
vt 0.9590340256690979 0.2994880080223083
f 2027/2584/2027 879/2590/879 1592/2591/1592
f 930/2591/930 1168/2577/1168 1169/2584/1169
vt 0.9590340256690979 0.2815920114517212
f 657/2592/657 2027/2568/2027 1264/2560/1264
f 1373/2560/1373 336/2577/336 759/2592/759
f 1802/2579/1802 1761/2584/1761 1807/2577/1807
f 1567/2589/1567 1788/2569/1788 1519/2588/1519
vt 0.9590340256690979 0.2726440131664276
f 716/2568/716 1846/2593/1846 1330/2588/1330
vt 0.9590340256690979 0.2905400097370148
f 1454/2577/1454 218/2594/218 901/2592/901
f 2096/2577/2096 2064/2591/2064 2296/2594/2296
f 736/2568/736 1320/2592/1320 2142/2593/2142
f 736/2566/736 2141/2565/2141 1862/2582/1862
f 164/2571/164 2108/2582/2108 239/2565/239
vt 0.9590340256690979 0.3352800011634827
f 1069/2595/1069 1975/2571/1975 53/2570/53
vt 0.9590340256690979 0.3442269861698151
f 1464/2596/1464 53/2570/53 2358/2564/2358
f 1663/2564/1663 631/2586/631 955/2596/955
vt 0.9590340256690979 0.3263320028781891
f 832/2571/832 1285/2597/1285 342/2582/342
f 1245/2590/1245 1000/2584/1000 2176/2582/2176
vt 0.9590340256690979 0.3173840045928955
f 584/2582/584 2038/2598/2038 1631/2590/1631
f 1634/2571/1634 2006/2595/2006 2082/2597/2082
f 2127/2570/2127 1646/2596/1646 30/2595/30
f 2097/2582/2097 2099/2597/2099 256/2598/256
vt 0.9519889950752258 0.2675310075283051
vt 0.9519889950752258 0.2611399888992310
vt 0.9508839845657349 0.2611399888992310
f 2057/2599/2057 2110/2600/2110 263/2601/263
vt 0.9508839845657349 0.2675310075283051
f 2142/2601/2142 202/2602/202 97/2599/97
vt 0.9519889950752258 0.3378359973430634
vt 0.9519889950752258 0.3314450085163116
vt 0.9508839845657349 0.3314450085163116
f 1726/2603/1726 1991/2604/1991 1434/2605/1434
vt 0.9508839845657349 0.3378359973430634
f 2038/2605/2038 1989/2606/1989 1631/2603/1631
vt 0.9531450271606445 0.2675310075283051
vt 0.9531450271606445 0.2611399888992310
f 1094/2607/1094 1884/2608/1884 1794/2600/1794
f 1384/2600/1384 1238/2599/1238 1829/2607/1829
vt 0.9531450271606445 0.3378359973430634
vt 0.9531450271606445 0.3314450085163116
f 1018/2609/1018 1861/2610/1861 549/2604/549
f 920/2604/920 879/2603/879 553/2609/553
vt 0.9497789740562439 0.2547479867935181
vt 0.9497789740562439 0.2636960148811340
f 1187/2601/1187 1197/2611/1197 953/2612/953
vt 0.9497789740562439 0.2726440131664276
vt 0.9497789740562439 0.2815920114517212
f 1148/2602/1148 325/2613/325 1183/2614/1183
f 198/2613/198 735/2602/735 96/2612/96
vt 0.9520400166511536 0.2547479867935181
f 1751/2601/1751 1479/2600/1479 1556/2615/1556
vt 0.9519889950752258 0.2930969893932343
vt 0.9497789740562439 0.2905400097370148
f 149/2616/149 1929/2614/1929 115/2617/115
f 2335/2599/2335 1918/2602/1918 2272/2614/2272
f 599/2599/599 1624/2614/1624 1613/2616/1613
f 669/2601/669 1029/2612/1029 1275/2602/1275
f 1731/2615/1731 820/2611/820 818/2601/818
vt 0.9519889950752258 0.3058789968490601
vt 0.9497789740562439 0.2994880080223083
vt 0.9497789740562439 0.3084360063076019
f 1639/2618/1639 580/2619/580 2083/2620/2083
vt 0.9519889950752258 0.3186619877815247
vt 0.9497789740562439 0.3263320028781891
f 607/2621/607 2127/2622/2127 593/2605/593
vt 0.9497789740562439 0.3352800011634827
f 410/2605/410 424/2622/424 31/2623/31
vt 0.9497789740562439 0.3173840045928955
f 189/2624/189 2107/2621/2107 371/2618/371
f 992/2618/992 968/2620/968 1128/2624/1128
f 900/2621/900 1460/2624/1460 1071/2622/1071
vt 0.9543009996414185 0.3084360063076019
vt 0.9543009996414185 0.2994880080223083
f 1480/2618/1480 535/2625/535 783/2626/783
f 94/2626/94 98/2616/98 730/2618/730
vt 0.9497789740562439 0.3442269861698151
f 196/2627/196 724/2606/724 94/2623/94
f 465/2606/465 11/2605/11 196/2623/196
vt 0.9520400166511536 0.3442269861698151
f 916/2628/916 1085/2603/1085 548/2606/548
f 2227/2606/2227 2186/2627/2186 739/2628/739
f 2229/2618/2229 170/2616/170 2071/2619/2071
f 1013/2616/1013 1529/2617/1529 1150/2619/1150
vt 0.9543009996414185 0.2815920114517212
f 1756/2616/1756 505/2629/505 1743/2599/1743
vt 0.9543009996414185 0.2547479867935181
f 1365/2608/1365 1226/2630/1226 1233/2615/1233
vt 0.9543009996414185 0.2636960148811340
f 1080/2607/1080 1982/2631/1982 1983/2608/1983
f 1918/2630/1918 2286/2608/2286 1961/2631/1961
vt 0.9543009996414185 0.2726440131664276
f 1918/2632/1918 56/2631/56 231/2607/231
f 1726/2607/1726 1434/2599/1434 1989/2629/1989
f 1916/2607/1916 2287/2629/2287 2325/2632/2325
vt 0.9543009996414185 0.2905400097370148
f 2319/2633/2319 143/2616/143 116/2626/116
f 514/2629/514 1759/2616/1759 276/2633/276
vt 0.9543009996414185 0.3173840045928955
f 1538/2621/1538 1176/2634/1176 1570/2625/1570
f 1227/2625/1227 634/2618/634 1675/2621/1675
f 2/2605/2 2043/2604/2043 2223/2621/2223
f 1369/2610/1369 705/2621/705 688/2604/688
f 426/2609/426 2081/2603/2081 384/2628/384
vt 0.9543009996414185 0.3263320028781891
f 1353/2610/1353 705/2635/705 1305/2621/1305
vt 0.9543009996414185 0.3352800011634827
f 476/2635/476 2315/2610/2315 426/2636/426
vt 0.9543009996414185 0.3442269861698151
f 1829/2637/1829 690/2636/690 837/2609/837
f 1084/2636/1084 1790/2610/1790 1040/2609/1040
f 1268/2628/1268 1043/2637/1043 500/2609/500
f 553/2634/553 879/2621/879 2027/2635/2027
f 1214/2608/1214 976/2615/976 983/2600/983
f 1041/1/1041 2250/2/2250 1473/3/1473
f 1821/4/1821 682/5/682 1310/6/1310
f 1246/7/1246 958/8/958 990/9/990
f 708/9/708 1211/8/1211 1310/10/1310
f 174/10/174 273/2/273 246/9/246
f 1514/11/1514 435/12/435 784/4/784
f 1413/4/1413 1441/13/1441 1421/11/1421
f 175/11/175 255/14/255 184/12/184
f 875/15/875 814/16/814 1426/17/1426
f 106/17/106 187/18/187 2206/15/2206
f 281/16/281 1994/19/1994 1995/20/1995
f 1358/20/1358 721/17/721 1346/16/1346
f 1194/21/1194 1121/22/1121 948/23/948
f 304/23/304 678/24/678 2040/21/2040
f 1534/22/1534 883/15/883 873/18/873
f 1189/18/1189 1824/23/1824 1378/22/1378
f 1665/25/1665 953/26/953 776/27/776
f 1129/27/1129 988/28/988 1204/25/1204
f 724/26/724 2139/21/2139 92/24/92
f 1185/24/1185 331/27/331 328/26/328
f 1185/16/1185 328/29/328 331/19/331
f 2005/29/2005 2306/30/2306 2120/31/2120
f 252/30/252 2056/16/2056 2045/15/2045
f 564/16/564 918/30/918 1154/29/1154
f 1851/22/1851 1339/30/1339 347/15/347
f 415/32/415 421/22/421 484/21/484
f 787/30/787 1774/22/1774 530/32/530
f 962/33/962 1306/26/1306 1671/25/1671
f 1689/26/1689 2201/32/2201 194/21/194
f 282/32/282 288/33/288 1729/34/1729
f 551/33/551 1569/32/1569 2260/26/2260
f 2265/35/2265 1577/36/1577 1783/31/1783
f 1263/31/1263 656/30/656 809/35/809
f 57/37/57 2363/35/2363 2368/30/2368
f 1866/30/1866 1161/32/1161 1869/37/1869
f 428/38/428 405/37/405 467/32/467
f 733/32/733 90/34/90 89/38/89
f 1757/39/1757 1688/40/1688 295/36/295
f 1556/36/1556 1095/35/1095 1506/39/1506
f 2254/41/2254 1806/39/1806 2088/35/2088
f 1347/35/1347 764/37/764 1300/41/1300
f 363/42/363 778/41/778 1300/37/1300
f 808/37/808 658/38/658 306/42/306
f 1484/1/1484 1472/3/1472 1688/43/1688
f 2187/44/2187 2042/43/2042 808/3/808
f 211/1/211 2293/45/2293 2059/46/2059
f 2061/47/2061 2189/1/2189 211/43/211
f 2271/3/2271 152/2/152 1910/44/1910
f 1609/48/1609 597/44/597 1052/10/1052
f 2295/49/2295 2060/50/2060 2299/51/2299
f 177/52/177 2342/49/2342 2220/53/2220
f 2332/52/2332 1912/53/1912 1082/45/1082
f 1775/1/1775 521/47/521 1507/45/1507
f 1885/53/1885 1474/49/1474 521/51/521
f 2315/45/2315 1618/47/1618 2081/52/2081
f 792/54/792 1511/51/1511 1561/50/1561
f 1193/10/1193 1352/55/1352 1139/48/1139
f 2282/56/2282 2270/10/2270 1945/8/1945
f 1610/55/1610 573/10/573 470/56/470
f 1644/57/1644 2121/56/2121 587/8/587
f 595/58/595 424/59/424 2089/8/2089
f 1062/57/1062 225/8/225 49/59/49
f 1971/46/1971 1062/60/1062 1064/2/1064
f 1967/9/1967 113/2/113 1907/60/1907
f 1441/1/1441 669/46/669 1275/2/1275
f 1957/60/1957 2326/61/2326 123/9/123
f 1099/7/1099 519/61/519 1515/62/1515
f 1501/61/1501 520/7/520 519/9/519
f 411/63/411 959/64/959 472/62/472
f 650/8/650 1126/65/1126 995/58/995
f 1182/44/1182 1183/2/1183 1184/10/1184
f 917/66/917 1020/67/1020 550/68/550
f 1126/69/1126 836/68/836 710/70/710
f 1753/68/1753 1719/67/1719 285/70/285
f 719/69/719 349/70/349 1393/54/1393
f 668/54/668 1997/50/1997 1412/69/1412
f 890/71/890 1156/67/1156 1508/66/1508
f 980/72/980 1117/5/1117 1116/73/1116
f 2144/71/2144 81/73/81 96/5/96
f 473/6/473 391/5/391 2311/72/2311
f 1480/6/1480 1562/74/1562 1884/4/1884
f 945/74/945 1825/75/1825 983/13/983
f 1789/71/1789 1895/5/1895 1790/76/1790
f 1753/72/1753 285/74/285 1409/6/1409
f 1422/71/1422 1771/66/1771 829/73/829
f 67/77/67 1951/76/1951 2333/4/2333
f 1480/4/1480 783/74/783 528/13/528
f 1644/12/1644 587/77/587 2354/4/2354
f 1813/78/1813 551/12/551 1051/14/1051
f 961/77/961 402/12/402 419/78/419
f 488/78/488 2015/14/2015 2012/79/2012
f 1879/80/1879 1034/13/1034 1170/81/1170
f 1512/13/1512 1560/75/1560 791/81/791
f 600/11/600 1065/13/1065 232/80/232
f 128/82/128 2271/83/2271 2322/11/2322
f 1522/11/1522 538/83/538 1567/84/1567
f 279/11/279 1749/85/1749 1750/82/1750
f 1254/80/1254 1236/85/1236 2160/11/2160
f 994/86/994 762/87/762 337/79/337
f 1830/76/1830 999/5/999 767/4/767
f 1399/88/1399 1721/65/1721 1445/7/1445
f 1115/8/1115 1205/7/1205 957/65/957
f 86/89/86 2151/88/2151 1327/7/1327
f 1135/63/1135 696/20/696 1348/64/1348
f 2225/7/2225 2191/64/2191 2190/89/2190
f 1457/90/1457 903/64/903 1975/20/1975
f 63/17/63 1966/91/1966 1975/92/1975
f 2061/91/2061 211/20/211 2059/63/2059
f 849/20/849 758/91/758 2316/17/2316
f 685/93/685 1844/18/1844 767/92/767
f 1555/20/1555 284/19/284 1519/94/1519
f 2005/92/2005 581/18/581 1628/17/1628
f 703/20/703 1360/94/1360 845/90/845
f 1911/23/1911 1976/18/1976 121/93/121
f 1850/29/1850 713/95/713 1363/96/1363
f 1677/19/1677 1246/96/1246 1199/97/1199
f 1719/95/1719 1746/31/1746 280/36/280
f 544/36/544 1111/98/1111 523/95/523
f 25/40/25 722/99/722 1645/100/1645
f 376/100/376 729/98/729 447/36/447
f 934/99/934 1586/40/1586 1015/101/1015
f 1328/96/1328 81/19/81 2144/29/2144
f 1333/95/1333 701/29/701 1346/31/1346
f 1544/100/1544 1566/36/1566 1270/40/1270
f 399/41/399 2180/102/2180 1270/103/1270
f 128/103/128 2326/39/2326 901/41/901
f 1731/39/1731 1810/103/1810 820/101/820
f 1352/101/1352 1836/40/1836 1303/39/1303
f 696/94/696 1308/19/1308 1355/97/1355
f 610/24/610 29/93/29 473/104/473
f 1177/27/1177 868/104/868 1530/105/1530
f 1494/104/1494 535/27/535 1480/24/1480
f 835/25/835 1506/28/1506 1366/106/1366
f 1722/105/1722 1705/28/1705 1754/27/1754
f 430/93/430 479/24/479 581/23/581
f 5/28/5 2/87/2 84/86/84
f 2/84/2 2223/107/2223 1319/14/1319
f 2181/108/2181 622/14/622 636/107/636
f 700/11/700 699/84/699 1309/14/1309
f 455/109/455 2210/28/2210 6/86/6
f 754/14/754 614/108/614 344/86/344
f 1876/86/1876 1015/79/1015 830/14/830
f 919/109/919 1018/106/1018 1535/28/1535
f 623/28/623 624/105/624 997/87/997
f 1815/110/1815 667/33/667 508/25/508
f 197/33/197 738/110/738 1322/111/1322
f 1815/111/1815 1043/34/1043 1268/33/1268
f 937/42/937 315/112/315 556/102/556
f 1180/102/1180 36/41/36 16/42/16
f 1837/113/1837 985/42/985 774/38/774
f 817/34/817 1406/111/1406 1992/114/1992
f 1522/114/1522 1567/38/1567 1519/34/1519
f 635/25/635 1136/115/1136 1678/110/1678
f 2249/42/2249 1895/113/1895 676/116/676
f 1583/112/1583 1868/42/1868 2031/116/2031
f 703/38/703 841/114/841 1376/113/1376
f 1569/106/1569 1762/115/1762 2260/25/2260
f 96/62/96 81/64/81 95/7/95
f 923/117/923 1538/118/1538 1570/119/1570
f 1008/119/1008 1199/120/1199 1114/117/1114
f 2215/117/2215 267/120/267 165/121/165
f 1602/122/1602 2027/121/2027 1027/120/1027
f 79/120/79 92/119/92 2139/123/2139
f 398/123/398 582/124/582 387/122/387
f 1937/122/1937 124/120/124 142/123/142
f 729/125/729 93/126/93 2210/127/2210
f 1/127/1 744/128/744 97/125/97
f 2034/119/2034 1439/125/1439 579/128/579
f 755/128/755 754/123/754 344/119/344
f 344/123/344 842/128/842 1378/129/1378
f 1663/129/1663 1216/130/1216 631/123/631
f 2296/131/2296 2298/129/2298 2058/128/2058
f 307/127/307 2020/132/2020 1803/131/1803
f 2235/128/2235 100/127/100 2196/131/2196
f 610/129/610 1045/131/1045 29/133/29
f 2235/133/2235 2192/134/2192 213/129/213
f 967/134/967 1131/133/1131 702/135/702
f 1290/135/1290 1318/136/1318 1361/134/1361
f 420/134/420 385/136/385 425/137/425
f 978/130/978 621/129/621 467/134/467
f 1364/137/1364 336/130/336 1639/134/1639
f 2014/138/2014 416/124/416 2008/139/2008
f 1392/139/1392 340/140/340 867/138/867
f 318/141/318 2024/140/2024 1419/139/1419
f 654/142/654 1398/143/1398 1423/141/1423
f 746/139/746 633/142/633 338/141/338
f 2150/139/2150 737/124/737 2146/123/2146
f 112/130/112 1943/142/1943 1903/139/1903
f 1214/123/1214 977/130/977 1216/139/1216
f 1/144/1 97/142/97 202/130/202
f 146/137/146 1942/145/1942 131/144/131
f 1681/130/1681 1240/137/1240 347/144/347
f 1262/146/1262 1582/143/1582 1261/142/1261
f 492/144/492 1270/147/1270 576/146/576
f 1038/142/1038 677/144/677 1261/146/1261
f 1069/148/1069 1902/147/1902 1974/144/1974
f 1096/145/1096 1777/149/1777 1097/148/1097
f 1994/144/1994 1433/145/1433 1995/148/1995
f 299/150/299 1744/151/1744 589/152/589
f 452/152/452 432/153/432 446/150/446
f 1077/126/1077 1977/150/1977 1965/153/1965
f 1474/153/1474 1573/127/1573 521/126/521
f 1573/151/1573 539/154/539 1574/155/1574
f 2140/155/2140 723/152/723 79/151/79
f 99/156/99 2140/132/2140 90/127/90
f 992/153/992 1128/157/1128 1127/156/1127
f 1128/127/1128 1129/153/1129 1204/156/1204
f 909/157/909 1075/153/1075 1978/152/1978
f 746/158/746 338/159/338 852/160/852
f 852/160/852 691/161/691 751/158/751
f 164/159/164 239/149/239 451/145/451
f 760/162/760 683/160/683 993/159/993
f 265/145/265 2047/162/2047 458/159/458
f 163/160/163 162/162/162 328/163/328
f 571/163/571 2090/164/2090 26/160/26
f 1445/162/1445 1801/145/1801 658/137/658
f 1377/165/1377 349/163/349 763/162/763
f 650/137/650 2152/165/2152 1126/162/1126
f 2096/163/2096 265/165/265 251/166/251
f 1657/166/1657 757/167/757 633/163/633
f 724/168/724 92/169/92 723/165/723
f 410/137/410 1403/136/1403 424/168/424
f 2137/165/2137 399/137/399 2091/168/2091
f 540/168/540 800/136/800 1103/135/1103
f 1563/170/1563 922/171/922 1593/172/1593
f 2114/172/2114 2340/171/2340 270/166/270
f 67/165/67 2333/169/2333 2358/172/2358
f 1544/166/1544 1016/165/1016 890/172/890
f 1909/173/1909 1952/174/1952 2320/175/2320
f 70/166/70 901/171/901 1973/173/1973
f 1899/175/1899 1901/166/1901 1104/173/1104
f 1740/133/1740 281/176/281 1770/177/1770
f 1698/168/1698 282/135/282 281/178/281
f 203/135/203 8/179/8 108/178/108
f 203/133/203 458/177/458 2047/179/2047
f 1950/155/1950 1958/180/1958 2327/181/2327
f 1950/181/1950 2238/182/2238 2334/152/2334
f 393/152/393 570/155/570 2007/181/2007
f 28/157/28 27/183/27 588/184/588
f 1866/184/1866 1560/185/1560 1161/156/1161
f 2077/156/2077 2058/157/2058 2055/184/2055
f 481/152/481 986/182/986 404/183/404
f 151/132/151 120/185/120 222/176/222
f 593/155/593 2088/186/2088 592/180/592
f 610/173/610 1617/170/1617 593/187/593
f 2259/188/2259 1811/173/1811 1046/187/1046
f 1583/189/1583 1012/187/1012 1164/170/1164
f 219/188/219 1068/174/1068 2274/173/2274
f 2253/190/2253 1483/174/1483 1990/191/1990
f 1757/191/1757 817/174/817 1727/188/1727
f 2068/171/2068 2045/170/2045 2188/173/2188
f 2359/168/2359 2364/178/2364 2367/192/2367
f 1728/193/1728 1807/189/1807 1761/172/1761
f 850/172/850 1223/169/1223 851/193/851
f 1165/179/1165 311/135/311 1728/133/1728
f 306/172/306 658/189/658 1801/170/1801
f 1800/193/1800 1801/169/1801 1721/192/1721
f 2127/133/2127 2310/132/2310 390/176/390
f 2127/154/2127 30/194/30 1643/195/1643
f 2244/155/2244 2251/195/2251 308/186/308
f 975/155/975 1001/154/1001 706/195/706
f 1614/196/1614 1627/197/1627 1636/151/1636
f 2005/198/2005 1614/194/1614 2306/154/2306
f 279/154/279 1048/151/1048 531/199/531
f 1665/199/1665 848/200/848 849/154/849
f 848/154/848 1373/201/1373 758/198/758
f 1729/154/1729 1743/202/1743 1715/201/1715
f 2115/151/2115 262/197/262 436/199/436
f 255/200/255 270/202/270 246/154/246
f 255/151/255 246/150/246 270/196/270
f 1193/133/1193 1139/131/1139 1120/132/1120
f 1034/126/1034 936/125/936 1170/203/1170
f 1160/203/1160 1868/204/1868 1865/126/1865
f 1868/132/1868 1545/156/1545 1546/185/1546
f 661/150/661 1596/126/1596 559/205/559
f 1909/205/1909 1947/206/1947 1931/150/1931
f 1931/150/1931 133/207/133 126/196/126
f 1189/150/1189 1843/206/1843 1137/207/1137
f 2272/126/2272 115/208/115 1947/205/1947
f 5/204/5 91/208/91 201/126/201
f 960/183/960 1145/157/1145 961/152/961
f 1982/174/1982 611/190/611 2128/175/2128
f 1641/209/1641 2089/175/2089 389/190/389
f 1422/167/1422 2004/166/2004 1765/175/1765
f 642/209/642 639/210/639 2172/175/2172
f 917/210/917 550/167/550 1533/175/1533
f 454/192/454 2095/169/2095 437/168/437
f 340/167/340 2185/164/2185 867/163/867
f 677/161/677 678/160/678 1261/164/1261
f 355/211/355 1306/164/1306 773/167/773
f 45/211/45 227/167/227 1453/210/1453
f 1349/190/1349 758/191/758 759/212/759
f 1605/213/1605 1493/214/1493 916/161/916
f 892/214/892 1170/158/1170 936/161/936
f 913/213/913 1083/164/1083 130/211/130
f 1870/164/1870 1166/213/1166 1432/161/1432
f 1631/211/1631 2136/210/2136 2093/215/2093
f 660/216/660 1718/148/1718 501/149/501
f 755/217/755 344/147/344 1378/148/1378
f 1517/149/1517 1575/218/1575 2246/216/2246
f 1531/214/1531 1863/218/1863 1170/158/1170
f 868/216/868 1528/217/1528 1874/148/1874
f 794/218/794 1767/149/1767 530/158/530
f 2074/158/2074 2191/149/2191 2048/159/2048
f 234/219/234 75/147/75 1964/217/1964
f 106/118/106 2206/125/2206 2219/119/2219
f 1654/220/1654 396/125/396 2184/118/2184
f 1343/138/1343 1338/122/1338 1379/124/1379
f 708/221/708 1248/222/1248 1211/117/1211
f 244/118/244 2206/117/2206 187/223/187
f 187/223/187 18/224/18 206/118/206
f 870/125/870 1022/220/1022 1590/225/1590
f 1838/118/1838 621/226/621 1383/220/1383
f 442/117/442 383/222/383 2345/223/2345
f 1887/224/1887 1882/226/1882 1787/118/1787
f 1427/203/1427 1747/125/1747 1796/225/1796
f 2198/219/2198 2188/143/2188 2297/146/2297
f 1876/227/1876 1592/141/1592 1537/143/1537
f 423/228/423 480/140/480 409/141/409
f 2178/219/2178 646/227/646 1229/143/1229
f 1254/227/1254 2160/228/2160 652/141/652
f 2014/219/2014 427/146/427 416/147/416
f 526/221/526 179/121/179 542/229/542
f 1002/230/1002 628/229/628 1190/121/1190
f 43/117/43 42/121/42 1071/221/1071
f 630/231/630 955/138/955 984/228/984
f 1944/122/1944 1902/138/1902 2318/231/2318
f 917/231/917 1553/230/1553 1018/122/1018
f 1674/122/1674 1224/230/1224 838/121/838
f 1309/138/1309 1833/140/1833 1140/228/1140
f 780/232/780 865/233/865 1852/234/1852
f 212/235/212 19/232/19 1323/236/1323
f 2266/233/2266 306/232/306 1801/235/1801
f 2029/235/2029 1696/237/1696 1440/238/1440
f 824/238/824 1996/239/1996 1428/235/1428
f 1227/240/1227 1675/239/1675 2157/238/2157
f 1894/241/1894 1513/240/1513 1108/242/1108
f 1317/239/1317 944/240/944 342/241/342
f 973/238/973 1206/243/1206 1355/244/1355
f 1290/244/1290 1361/240/1361 702/238/702
f 2248/243/2248 1021/245/1021 1479/246/1479
f 1484/246/1484 927/244/927 1883/243/1883
f 539/243/539 541/247/541 1520/245/1520
f 106/237/106 457/243/457 3/238/3
f 73/247/73 1460/243/1460 72/237/72
f 2159/248/2159 1003/249/1003 1141/250/1141
f 453/250/453 2104/236/2104 379/248/379
f 1386/251/1386 1839/250/1839 832/249/832
f 857/252/857 773/251/773 361/253/361
f 1032/250/1032 1153/251/1153 1864/252/1864
f 279/250/279 1896/235/1896 1107/236/1107
f 1109/237/1109 1788/250/1788 1106/252/1106
f 1605/235/1605 1024/250/1024 1596/237/1596
f 1971/254/1971 912/237/912 1062/252/1062
f 358/247/358 1395/254/1395 866/255/866
f 488/237/488 428/254/428 2126/247/2126
f 365/256/365 2181/252/2181 1243/253/1243
f 1485/254/1485 1102/256/1102 1568/257/1568
f 372/252/372 450/256/450 374/254/374
f 1302/258/1302 1822/254/1822 1823/257/1823
f 1341/255/1341 969/258/969 1359/259/1359
f 84/254/84 727/258/727 101/255/101
f 1033/260/1033 931/241/931 565/242/565
f 874/261/874 879/260/879 920/262/920
f 542/241/542 179/260/179 1690/261/1690
f 66/262/66 902/263/902 2366/261/2366
f 252/264/252 2052/265/2052 274/266/274
f 1387/266/1387 771/267/771 841/264/841
f 841/267/841 1827/255/1827 1376/259/1376
f 252/268/252 2049/267/2049 2064/266/2064
f 778/255/778 2156/267/2156 350/268/350
f 709/266/709 1129/269/1129 1128/270/1128
f 1043/270/1043 2037/268/2037 500/266/500
f 1283/268/1283 1876/247/1876 830/255/830
f 1660/271/1660 774/268/774 985/270/985
f 2149/247/2149 736/268/736 2139/271/2139
f 1660/270/1660 647/272/647 2179/273/2179
f 709/273/709 1362/271/1362 1292/270/1292
f 1477/274/1477 1013/271/1013 1576/275/1576
f 1205/247/1205 1217/274/1217 957/245/957
f 859/271/859 959/274/959 1388/247/1388
f 1881/274/1881 1551/246/1551 891/245/891
f 1648/276/1648 2308/277/2308 2124/278/2124
f 445/277/445 434/273/434 111/278/111
f 1648/271/1648 1818/277/1818 299/275/299
f 28/273/28 2083/277/2083 394/271/394
f 540/279/540 1495/280/1495 801/281/801
f 45/273/45 1453/279/1453 1928/278/1928
f 2231/280/2231 2070/279/2070 2072/273/2072
f 860/274/860 774/282/774 1660/283/1660
f 1374/276/1374 2312/284/2312 765/285/765
f 215/286/215 2295/275/2295 2225/277/2225
f 443/277/443 2220/285/2220 463/286/463
f 2319/275/2319 74/286/74 1961/282/1961
f 2097/287/2097 260/288/260 2099/289/2099
f 2267/244/2267 1808/290/1808 1054/291/1054
f 2132/244/2132 2009/291/2009 409/292/409
f 1956/290/1956 2325/246/2325 2287/283/2287
f 594/276/594 1634/279/1634 612/284/612
f 2118/293/2118 2199/284/2199 2103/279/2103
f 208/293/208 2298/279/2298 2229/281/2229
f 914/276/914 1964/278/1964 75/279/75
f 1283/281/1283 1428/294/1428 303/293/303
f 1252/290/1252 2175/244/2175 1246/246/1246
f 2150/274/2150 2080/275/2080 2226/282/2226
f 169/283/169 237/246/237 2208/274/2208
f 888/277/888 802/276/802 1866/285/1866
f 1906/242/1906 2282/244/2282 154/292/154
f 724/287/724 731/263/731 2139/288/2139
f 1266/295/1266 662/288/662 2026/263/2026
f 420/263/420 425/296/425 591/297/591
f 1152/263/1152 1423/298/1423 1993/299/1993
f 1633/299/1633 615/261/615 1641/263/1641
f 1682/295/1682 1219/263/1219 648/297/648
f 865/300/865 832/263/832 342/287/342
f 1029/287/1029 1591/301/1591 1275/302/1275
f 1365/263/1365 854/300/854 340/298/340
f 1430/300/1430 2019/287/2019 510/302/510
f 826/262/826 1428/296/1428 1408/263/1408
f 1888/260/1888 1495/303/1495 1110/262/1110
f 1691/296/1691 1738/262/1738 2264/303/2264
f 1786/242/1786 1499/304/1499 534/260/534
f 285/303/285 1804/260/1804 2256/304/2256
f 1474/242/1474 1496/292/1496 1808/304/1808
f 1850/261/1850 1312/305/1312 1316/306/1316
f 1886/306/1886 448/241/448 377/261/377
f 1639/299/1639 472/305/472 580/261/580
f 90/307/90 728/239/728 89/241/89
f 498/241/498 509/306/509 1039/307/1039
f 184/242/184 109/240/109 444/244/444
f 1698/280/1698 812/308/812 1755/294/1755
f 2009/294/2009 404/281/404 423/280/423
f 1976/309/1976 1949/310/1949 2323/280/2323
f 422/308/422 31/280/31 578/310/578
f 590/272/590 410/309/410 422/280/422
f 2086/280/2086 2128/273/2128 611/272/611
f 2086/272/2086 2125/270/2125 1615/269/1615
f 290/265/290 1710/269/1710 288/266/288
f 1293/311/1293 1004/272/1004 943/269/943
f 528/311/528 527/309/527 1562/272/1562
f 86/264/86 1327/312/1327 1324/265/1324
f 909/313/909 1981/265/1981 1075/312/1075
f 2235/311/2235 734/269/734 100/313/100
f 2331/269/2331 2271/265/2271 130/313/130
f 398/264/398 26/267/26 582/259/582
f 1897/314/1897 1516/259/1516 1778/258/1778
f 1914/314/1914 1930/315/1930 2280/259/2280
f 1120/264/1120 1142/259/1142 1004/315/1004
f 223/312/223 126/264/126 151/315/151
f 333/316/333 330/314/330 329/258/329
f 514/317/514 1791/309/1791 1793/311/1793
f 656/233/656 1264/235/1264 317/239/317
f 470/318/470 387/232/387 582/319/582
f 1898/307/1898 563/320/563 878/233/878
f 155/321/155 1932/233/1932 2285/320/2285
f 2147/319/2147 85/234/85 730/322/730
f 98/322/98 723/234/723 2140/233/2140
f 1896/233/1896 1708/321/1708 1492/322/1492
f 2/232/2 201/234/201 2043/319/2043
f 1143/248/1143 648/236/648 1219/232/1219
f 112/239/112 1903/307/1903 1939/233/1939
f 2061/323/2061 2065/257/2065 2189/256/2189
f 2075/253/2075 2076/323/2076 2065/256/2065
f 394/316/394 2083/257/2083 580/323/580
f 558/324/558 557/323/557 1023/253/1023
f 2359/316/2359 2365/258/2365 2364/257/2364
f 913/325/913 130/251/130 1465/249/1465
f 2242/248/2242 39/318/39 2360/325/2360
f 133/325/133 115/249/115 132/248/132
f 872/251/872 1021/325/1021 2248/324/2248
f 1063/324/1063 1976/253/1976 1079/251/1079
f 65/232/65 1964/318/1964 1969/248/1969
f 703/326/703 1376/327/1376 1332/328/1332
f 1888/326/1888 1478/329/1478 1094/330/1094
f 243/330/243 171/327/171 257/326/257
f 271/330/271 170/331/170 257/332/257
f 1853/332/1853 1345/327/1345 718/330/718
f 1753/333/1753 1409/331/1409 1447/330/1447
f 956/334/956 969/327/969 1341/332/1341
f 183/335/183 80/336/80 1325/337/1325
f 2285/337/2285 1917/338/1917 2287/339/2287
f 2010/339/2010 134/340/134 122/337/122
f 1823/341/1823 1372/342/1372 839/343/839
f 2260/343/2260 499/344/499 1798/341/1798
f 956/345/956 1341/346/1341 1375/342/1375
f 432/342/432 178/341/178 102/345/102
f 1192/338/1192 1119/344/1119 2157/343/2157
f 925/343/925 1585/339/1585 1586/338/1586
f 1877/347/1877 878/335/878 1591/340/1591
f 925/340/925 1099/335/1099 1515/337/1515
f 649/346/649 479/345/479 1680/348/1680
f 660/348/660 671/349/671 1279/346/1279
f 684/348/684 1846/350/1846 1312/351/1312
f 558/351/558 1023/349/1023 1022/348/1022
f 340/350/340 639/352/639 2185/353/2185
f 1792/353/1792 1788/351/1788 1567/350/1567
f 1329/354/1329 833/355/833 838/356/838
f 135/356/135 393/357/393 2007/354/2007
f 1647/358/1647 504/354/504 2262/359/2262
f 1277/357/1277 502/356/502 664/353/664
f 1812/353/1812 1808/352/1808 1496/357/1496
f 650/358/650 995/360/995 631/355/631
f 1430/355/1430 1707/354/1707 1413/358/1413
f 291/361/291 1694/362/1694 1996/363/1996
f 584/363/584 1631/364/1631 491/361/491
f 571/365/571 609/361/609 2090/364/2090
f 128/364/128 152/366/152 2271/365/2271
f 2094/367/2094 2337/365/2337 418/366/418
f 1364/366/1364 27/368/27 1146/367/1146
f 1277/369/1277 1765/370/1765 2268/371/2268
f 1358/371/1358 711/372/711 1348/369/1348
f 1383/370/1383 629/368/629 1230/373/1230
f 1630/373/1630 577/371/577 859/370/859
f 1834/374/1834 752/371/752 337/373/337
f 956/375/956 2155/376/2155 969/377/969
f 670/377/670 1012/372/1012 314/371/314
f 637/371/637 1247/374/1247 1215/375/1215
f 594/375/594 575/377/575 414/371/414
f 1444/378/1444 816/370/816 557/379/557
f 2263/370/2263 1107/369/1107 1791/379/1791
f 366/379/366 1684/380/1684 619/378/619
f 1154/378/1154 1164/367/1164 1012/368/1012
f 1711/368/1711 1990/370/1990 1483/378/1483
f 350/381/350 772/382/772 358/383/358
f 1622/383/1622 470/384/470 582/385/582
f 1252/385/1252 364/386/364 651/381/651
f 1389/381/1389 860/383/860 746/385/746
f 1799/387/1799 1806/385/1806 1697/384/1697
f 860/385/860 343/387/343 774/367/774
f 26/367/26 1734/378/1734 285/385/285
f 1843/386/1843 1331/385/1331 1286/378/1286
f 886/378/886 1583/380/1583 1164/386/1164
f 1896/388/1896 1492/389/1492 1793/390/1793
f 716/390/716 1340/391/1340 1395/388/1395
f 709/391/709 712/390/712 1362/392/1362
f 1716/392/1716 1563/393/1563 1776/391/1776
f 1308/392/1308 1238/394/1238 2161/395/2161
f 238/390/238 2224/389/2224 2188/396/2188
f 941/397/941 415/392/415 1134/390/1134
f 245/396/245 173/397/173 268/390/268
f 1152/396/1152 1993/376/1993 1401/398/1401
f 245/398/245 240/397/240 173/396/173
f 2146/392/2146 1323/397/1323 738/399/738
f 1429/399/1429 1419/394/1419 1986/392/1986
f 2146/395/2146 2294/394/2294 212/400/212
f 1117/400/1117 1236/401/1236 2182/402/2182
f 243/402/243 1410/403/1410 2098/395/2098
f 1723/395/1723 512/400/512 674/402/674
f 1017/404/1017 1271/405/1271 828/406/828
f 245/406/245 191/407/191 2203/369/2203
f 1005/369/1005 970/372/970 971/404/971
f 2150/404/2150 1321/406/1321 737/369/737
f 1193/408/1193 687/405/687 1139/404/1139
f 1193/409/1193 1139/410/1139 687/408/687
f 395/404/395 577/409/577 1630/408/1630
f 1417/404/1417 671/372/671 660/377/660
f 547/377/547 1534/409/1534 552/404/552
f 1137/409/1137 1843/377/1843 1286/376/1286
f 813/376/813 823/396/823 660/409/660
f 9/411/9 22/410/22 199/409/199
f 2094/396/2094 44/389/44 150/411/150
f 2229/409/2229 2298/396/2298 2049/411/2049
f 1621/412/1621 595/413/595 2313/411/2313
f 513/389/513 1779/388/1779 2250/412/2250
f 430/411/430 994/389/994 479/412/479
f 426/414/426 384/415/384 2128/380/2128
f 823/379/823 1427/416/1427 1431/414/1431
f 2207/380/2207 263/379/263 2110/414/2110
f 1600/417/1600 1261/416/1261 1582/379/1582
f 1669/369/1669 581/407/581 479/417/479
f 2129/379/2129 1619/369/1619 2314/417/2314
f 952/418/952 1132/419/1132 993/420/993
f 2235/421/2235 24/422/24 2192/418/2192
f 1189/420/1189 1137/421/1137 1145/418/1145
f 2321/421/2321 2325/420/2325 1953/423/1953
f 871/424/871 1097/425/1097 792/421/792
f 686/423/686 2166/424/2166 946/421/946
f 1933/423/1933 2282/382/2282 1906/381/1906
f 650/381/650 1670/424/1670 2152/423/2152
f 231/424/231 56/381/56 914/386/914
f 24/386/24 2046/426/2046 2192/424/2192
f 118/427/118 136/425/136 144/424/144
f 2027/426/2027 303/428/303 2024/427/2024
f 951/424/951 1660/426/1660 985/427/985
f 627/429/627 2172/428/2172 1242/426/1242
f 1282/426/1282 661/386/661 1280/380/1280
f 788/380/788 1518/415/1518 1809/429/1809
f 1360/429/1360 846/426/846 845/380/845
f 1509/430/1509 1032/431/1032 563/432/563
f 2363/432/2363 76/433/76 2355/434/2355
f 4/434/4 2217/435/2217 196/430/196
f 2187/430/2187 1410/432/1410 2233/434/2233
f 2343/431/2343 374/436/374 450/437/450
f 513/437/513 1776/438/1776 1779/431/1779
f 1478/437/1478 1480/439/1480 1884/382/1884
f 562/382/562 1542/423/1542 1031/437/1031
f 1049/440/1049 1796/438/1796 1747/437/1747
f 892/423/892 1531/420/1531 1170/440/1170
f 2229/437/2229 257/423/257 170/440/170
f 892/432/892 936/431/936 1543/438/1543
f 1987/441/1987 1435/438/1435 1267/440/1267
f 750/440/750 1351/442/1351 720/441/720
f 1821/442/1821 1287/440/1287 1338/420/1338
f 1507/420/1507 1574/419/1574 801/442/801
f 2135/443/2135 1202/444/1202 849/445/849
f 56/445/56 1961/446/1961 74/443/74
f 565/445/565 931/447/931 1504/448/1504
f 2176/448/2176 2178/449/2178 1229/445/1229
f 1611/446/1611 1977/445/1977 2309/449/2309
f 1383/449/1383 704/450/704 1840/446/1840
f 2102/449/2102 272/448/272 260/451/260
f 167/452/167 272/450/272 242/449/242
f 817/451/817 1407/452/1407 2028/449/2028
f 1544/451/1544 890/403/890 1508/402/1508
f 297/453/297 1814/452/1814 295/451/295
f 255/402/255 273/453/273 169/451/169
f 2222/454/2222 456/455/456 250/456/250
f 1477/456/1477 1576/457/1576 783/454/783
f 1336/457/1336 1356/456/1356 687/458/687
f 1058/458/1058 1761/459/1761 1802/457/1802
f 1605/458/1605 916/460/916 1024/461/1024
f 123/461/123 1932/462/1932 78/458/78
f 2016/463/2016 487/464/487 122/465/122
f 1432/462/1432 1401/461/1401 811/463/811
f 802/465/802 1560/462/1560 1866/463/1866
f 1293/466/1293 1828/467/1828 1841/468/1841
f 1739/465/1739 530/464/530 1767/466/1767
f 869/468/869 1013/465/1013 1150/466/1150
f 583/467/583 1609/469/1609 598/470/598
f 392/470/392 1625/471/1625 471/467/471
f 784/471/784 435/470/435 440/472/440
f 2351/472/2351 230/444/230 1072/471/1072
f 1334/471/1334 1335/444/1335 1396/443/1396
f 705/468/705 1340/467/1340 694/471/694
f 504/443/504 2256/468/2256 1804/471/1804
f 886/462/886 1878/465/1878 1549/473/1549
f 198/459/198 433/458/433 735/462/735
f 29/473/29 1712/459/1712 590/462/590
f 1876/468/1876 934/443/934 1015/474/1015
f 2249/473/2249 676/465/676 1991/468/1991
f 797/474/797 524/473/524 525/468/525
f 2262/475/2262 1805/476/1805 1696/477/1696
f 293/477/293 827/478/827 2266/475/2266
f 1483/478/1483 1026/477/1026 1025/479/1025
f 1502/479/1502 1483/480/1483 1475/478/1475
f 623/480/623 997/479/997 1006/481/1006
f 125/481/125 139/482/139 1960/480/1960
f 2134/482/2134 602/481/602 32/455/32
f 43/455/43 139/454/139 42/482/42
f 943/483/943 1004/484/1004 1142/485/1142
f 1658/486/1658 847/487/847 1351/483/1351
f 860/485/860 633/486/633 746/483/746
f 475/488/475 471/489/471 2016/490/2016
f 780/485/780 1386/484/1386 865/488/865
f 1594/490/1594 732/485/732 448/488/448
f 539/491/539 1520/492/1520 1574/483/1574
f 2016/487/2016 471/493/471 487/491/487
f 2016/483/2016 122/487/122 1954/491/1954
f 1597/493/1597 561/494/561 1543/495/1543
f 1644/495/1644 2354/491/2354 1061/493/1061
f 1089/491/1089 1507/495/1507 1784/496/1784
f 858/496/858 1378/492/1378 842/491/842
f 858/497/858 640/498/640 1843/484/1843
f 392/483/392 475/492/475 1624/497/1624
f 1492/484/1492 1111/483/1111 1793/497/1793
f 960/499/960 997/500/997 1189/488/1189
f 121/484/121 906/498/906 1452/499/1452
f 70/488/70 75/484/75 901/499/901
f 1768/488/1768 1694/500/1694 1693/501/1693
f 1578/501/1578 1782/489/1782 1510/488/1510
f 2164/490/2164 2158/489/2158 1679/502/1679
f 1257/502/1257 407/503/407 1212/490/1212
f 351/503/351 2180/502/2180 399/476/399
f 546/476/546 1179/475/1179 883/503/883
f 1936/504/1936 159/505/159 141/506/141
f 656/434/656 317/433/317 809/504/809
f 1231/506/1231 838/434/838 346/504/346
f 661/507/661 559/508/559 928/505/928
f 661/504/661 928/509/928 1280/507/1280
f 151/505/151 133/504/133 120/507/120
f 1282/508/1282 1280/507/1280 1271/510/1271
f 1834/510/1834 337/511/337 762/508/762
f 1994/507/1994 811/509/811 807/512/807
f 372/512/372 449/510/449 450/507/450
f 131/511/131 1942/510/1942 1955/493/1955
f 48/493/48 151/487/151 222/511/222
f 791/363/791 793/513/793 529/514/529
f 1189/515/1189 1191/514/1191 1824/516/1824
f 1705/517/1705 1713/518/1713 294/519/294
f 12/520/12 136/518/136 119/517/119
f 1548/518/1548 1505/515/1505 522/519/522
f 456/515/456 436/516/436 262/521/262
f 26/397/26 285/398/285 2256/522/2256
f 1900/398/1900 1511/523/1511 792/522/792
f 1139/524/1139 1007/525/1007 987/526/987
f 190/398/190 109/376/109 182/523/182
f 1621/526/1621 578/527/578 31/374/31
f 2127/374/2127 486/524/486 574/526/574
f 1621/525/1621 616/518/616 341/520/341
f 2266/364/2266 2037/363/2037 306/515/306
f 1952/515/1952 69/518/69 114/364/114
f 566/515/566 1599/521/1599 935/519/935
f 1120/513/1120 1004/363/1004 1356/528/1356
f 691/529/691 1335/528/1335 688/362/688
f 2094/362/2094 217/528/217 44/363/44
f 1639/518/1639 1623/366/1623 411/364/411
f 1767/366/1767 1713/518/1713 1705/373/1705
f 548/515/548 886/363/886 939/514/939
f 188/373/188 2198/518/2198 2108/524/2108
f 751/375/751 1340/374/1340 831/530/831
f 2331/373/2331 2277/524/2277 1910/374/1910
f 1439/366/1439 664/373/664 2000/368/2000
f 2170/530/2170 1133/376/1133 698/375/698
f 2303/376/2303 2126/530/2126 428/523/428
f 1103/524/1103 1104/518/1104 1901/525/1901
f 1849/530/1849 35/374/35 601/527/601
f 1648/531/1648 299/397/299 2308/522/2308
f 430/401/430 617/532/617 1371/533/1371
f 1328/533/1328 744/402/744 2302/401/2302
f 1572/400/1572 541/532/541 539/401/539
f 1547/531/1547 1880/399/1880 1157/397/1157
f 1750/534/1750 1748/394/1748 1691/399/1691
f 1467/534/1467 223/400/223 1980/394/1980
f 1001/400/1001 1007/534/1007 1139/532/1139
f 1429/534/1429 1266/399/1266 318/531/318
f 2356/393/2356 225/392/225 1062/395/1062
f 1234/391/1234 1194/535/1194 632/388/632
f 2249/412/2249 1790/536/1790 1895/413/1895
f 1049/536/1049 1039/412/1039 1796/388/1796
f 2349/537/2349 1458/402/1458 1066/533/1066
f 1013/538/1013 1550/410/1550 1154/411/1154
f 28/539/28 588/408/588 2083/410/2083
f 318/540/318 2026/406/2026 809/405/809
f 2120/541/2120 1611/417/1611 2309/407/2309
f 2352/407/2352 140/406/140 1955/540/1955
f 214/405/214 2190/408/2190 741/539/741
f 614/405/614 1618/539/1618 367/540/367
f 1049/539/1049 1779/410/1779 1039/538/1039
f 1038/536/1038 1600/538/1600 1019/413/1019
f 796/407/796 1601/540/1601 522/541/522
f 205/542/205 100/414/100 88/416/88
f 1669/541/1669 1205/542/1205 1118/416/1118
f 1768/416/1768 1693/417/1693 1705/541/1705
f 296/415/296 300/414/300 1709/542/1709
f 1851/538/1851 1856/411/1856 710/413/710
f 1177/535/1177 888/391/888 1866/393/1866
f 401/543/401 1744/361/1744 1443/365/1443
f 400/387/400 385/543/385 420/365/420
f 290/544/290 790/545/790 524/543/524
f 893/543/893 1871/546/1871 1543/362/1543
f 726/362/726 453/361/453 381/543/381
f 1391/547/1391 861/548/861 1851/549/1851
f 1391/543/1391 836/547/836 1655/549/1655
f 951/549/951 647/550/647 1660/543/1660
f 777/550/777 362/551/362 1392/543/1392
f 1860/367/1860 882/387/882 1529/365/1529
f 637/552/637 1686/362/1686 1247/546/1247
f 1643/547/1643 2254/387/2254 2088/384/2088
f 1814/553/1814 278/547/278 2259/384/2259
f 2001/547/2001 1167/543/1167 1872/387/1872
f 1407/553/1407 312/554/312 2028/547/2028
f 862/555/862 994/556/994 1371/383/1371
f 837/384/837 690/556/690 749/553/749
f 271/384/271 254/383/254 454/556/454
f 1991/548/1991 1267/547/1267 1435/554/1435
f 654/557/654 1423/546/1423 2039/558/2039
f 566/559/566 935/560/935 1035/546/1035
f 1207/529/1207 990/561/990 958/528/958
f 850/557/850 361/552/361 1011/546/1011
f 1069/362/1069 1464/552/1464 1902/529/1902
f 1304/560/1304 1354/558/1354 770/546/770
f 1781/544/1781 923/543/923 1568/562/1568
f 1391/562/1391 1851/543/1851 710/551/710
f 271/563/271 257/559/257 269/546/269
f 1610/546/1610 2131/543/2131 1609/564/1609
f 1896/546/1896 1750/564/1750 1708/563/1708
f 1517/564/1517 506/543/506 291/545/291
f 2341/565/2341 456/429/456 2222/415/2222
f 881/565/881 924/428/924 1320/429/1320
f 1525/555/1525 800/382/800 801/566/801
f 1893/382/1893 1762/555/1762 2265/383/2265
f 2270/567/2270 1904/425/1904 2317/427/2317
f 1211/427/1211 851/428/851 1223/567/1223
f 863/568/863 747/421/747 843/425/843
f 1928/565/1928 2348/567/2348 157/428/157
f 787/422/787 1739/421/1739 1699/568/1699
f 750/422/750 1842/569/1842 628/418/628
f 753/419/753 349/570/349 1377/442/1377
f 107/569/107 2143/419/2143 83/418/83
f 2169/441/2169 1235/442/1235 1653/570/1653
f 1545/565/1545 1787/415/1787 1546/542/1546
f 110/439/110 2344/571/2344 102/566/102
f 1667/382/1667 1316/439/1316 772/566/772
f 1770/437/1770 1703/571/1703 1760/439/1760
f 223/572/223 1465/571/1465 69/437/69
f 975/431/975 1309/573/1309 1140/436/1140
f 1577/572/1577 1515/436/1515 520/573/520
f 2326/572/2326 1454/437/1454 901/436/901
f 513/431/513 2250/430/2250 1720/573/1720
f 2078/432/2078 2042/438/2042 2224/441/2224
f 1517/573/1517 1762/430/1762 1893/574/1893
f 1689/435/1689 289/575/289 2201/574/2201
f 1619/576/1619 2316/575/2316 2314/434/2314
f 255/575/255 246/435/246 273/434/273
f 521/435/521 1573/574/1573 1574/430/1574
f 1588/567/1588 1157/568/1157 545/425/545
f 1852/577/1852 1251/578/1251 1682/579/1682
f 1228/580/1228 1652/402/1652 2156/537/2156
f 864/388/864 1369/535/1369 855/536/855
f 255/581/255 270/535/270 109/395/109
f 1507/581/1507 1495/395/1495 1784/403/1784
f 2193/582/2193 2043/583/2043 273/577/273
f 2130/395/2130 2137/535/2137 775/393/775
f 1639/583/1639 2083/578/2083 588/577/588
f 138/448/138 1927/584/1927 14/451/14
f 864/403/864 855/451/855 768/584/768
f 526/584/526 2214/448/2214 374/447/374
f 1057/447/1057 1047/585/1047 1486/584/1486
f 1517/403/1517 532/584/532 1575/581/1575
f 1001/585/1001 1139/447/1139 1352/472/1352
f 1038/470/1038 1588/585/1588 677/472/677
f 2078/469/2078 2076/586/2076 2051/585/2051
f 1601/587/1601 1894/586/1894 522/464/522
f 15/586/15 2241/469/2241 2236/467/2236
f 2181/469/2181 1668/585/1668 1243/470/1243
f 779/467/779 1341/466/1341 1359/586/1359
f 214/588/214 741/589/741 743/455/743
f 1820/455/1820 798/481/798 1813/588/1813
f 2094/587/2094 1644/460/1644 217/589/217
f 1792/586/1792 1516/466/1516 1897/464/1897
f 2232/587/2232 2194/464/2194 2075/463/2075
f 107/445/107 441/444/441 435/472/435
f 1252/472/1252 768/447/768 364/445/364
f 1632/579/1632 640/578/640 1683/580/1683
f 438/537/438 452/579/452 462/580/462
f 228/402/228 1965/590/1965 41/453/41
f 2203/591/2203 2116/452/2116 2109/453/2109
f 1404/452/1404 1692/592/1692 1697/450/1697
f 1203/446/1203 1124/474/1124 699/443/699
f 2249/592/2249 1040/446/1040 1790/450/1790
f 1253/591/1253 1124/453/1124 1207/590/1207
f 1834/474/1834 1291/593/1291 752/594/752
f 369/474/369 466/592/466 185/593/185
f 681/459/681 1284/473/1284 1854/595/1854
f 1957/595/1957 123/596/123 78/459/78
f 271/474/271 2339/595/2339 2219/473/2219
f 9/474/9 101/594/101 727/595/727
f 2270/474/2270 2320/446/2320 1945/592/1945
f 1013/591/1013 1772/592/1772 1529/452/1529
f 1962/587/1962 120/463/120 132/461/132
f 304/587/304 2040/461/2040 1272/460/1272
f 802/460/802 527/458/527 1560/456/1560
f 9/456/9 739/455/739 22/589/22
f 1056/588/1056 276/481/276 1715/479/1715
f 529/596/529 792/457/792 1561/459/1561
f 483/596/483 27/597/27 386/454/386
f 1860/454/1860 1529/457/1529 870/596/870
f 153/597/153 1454/598/1454 1942/480/1942
f 17/480/17 328/482/328 1185/597/1185
f 651/597/651 767/482/767 1672/454/1672
f 57/589/57 1070/460/1070 910/456/910
f 974/402/974 1204/580/1204 988/590/988
f 243/599/243 2233/588/2233 1410/479/1410
f 1246/600/1246 990/492/990 1199/496/1199
f 2336/496/2336 2290/601/2290 1953/600/1953
f 2029/512/2029 810/602/810 1696/601/1696
f 976/601/976 1141/495/1141 1003/494/1003
f 2362/495/2362 63/601/63 2364/496/2364
f 2274/494/2274 146/512/146 131/601/131
f 1178/570/1178 1861/419/1861 897/569/897
f 1967/501/1967 64/603/64 2353/502/2353
f 188/603/188 2209/599/2209 192/477/192
f 1517/477/1517 2246/476/2246 499/603/499
f 506/501/506 2245/604/2245 1694/603/1694
f 1498/499/1498 799/604/799 536/500/536
f 2189/501/2189 2224/500/2224 238/604/238
f 2010/604/2010 2329/499/2329 134/498/134
f 703/600/703 845/604/845 841/498/841
f 2248/512/2248 1696/494/1696 810/510/810
f 1434/605/1434 1766/432/1766 2011/570/2011
f 1847/570/1847 1218/432/1218 1188/441/1188
f 1232/433/1232 956/432/956 1375/605/1375
f 464/606/464 449/607/449 2221/608/2221
f 1887/609/1887 1778/608/1778 1516/610/1516
f 279/611/279 531/576/531 1749/434/1749
f 2164/433/2164 942/605/942 1237/602/1237
f 1504/509/1504 1029/602/1029 1773/512/1773
f 698/504/698 1387/602/1387 845/509/845
f 895/610/895 10/611/10 1587/609/1587
f 2372/606/2372 1455/608/1455 1456/609/1456
f 882/610/882 2022/576/2022 930/611/930
f 110/602/110 371/504/371 2107/433/2107
f 208/498/208 2229/497/2229 2071/600/2071
f 1808/568/1808 1047/569/1047 1057/422/1057
f 1314/479/1314 1358/477/1358 1825/599/1825
f 1890/478/1890 1481/480/1481 1778/598/1778
f 1769/501/1769 1042/502/1042 1797/489/1797
f 1919/502/1919 1948/603/1948 2273/476/2273
f 493/503/493 391/475/391 1629/612/1629
f 1028/612/1028 1605/613/1605 1596/503/1596
f 1213/478/1213 971/612/971 1209/475/1209
f 2343/614/2343 450/485/450 103/490/103
f 1814/490/1814 512/613/512 1723/614/1723
f 1456/613/1456 2350/490/2350 65/503/65
f 1967/478/1967 46/598/46 64/612/64
f 1088/614/1088 1877/486/1877 1482/485/1482
f 2336/615/2336 1917/434/1917 2273/506/2273
f 1117/616/1117 2182/508/2182 1220/511/1220
f 1028/511/1028 1596/487/1596 2025/486/2025
f 1049/494/1049 1891/493/1891 1779/510/1779
f 590/617/590 1403/616/1403 410/486/410
f 338/508/338 757/616/757 1372/505/1372
f 2188/486/2188 2045/618/2045 2297/617/2297
f 1994/618/1994 1411/486/1411 1449/614/1449
f 962/506/962 1671/505/1671 2154/619/2154
f 155/506/155 224/619/224 1932/615/1932
f 2142/619/2142 97/505/97 728/616/728
f 857/434/857 361/615/361 850/611/850
f 1601/486/1601 1578/616/1578 876/511/876
f 562/600/562 876/497/876 1536/492/1536
f 1430/620/1430 1714/621/1714 1707/622/1707
f 1820/623/1820 1813/624/1813 1051/625/1051
f 1498/625/1498 536/626/536 1099/623/1099
f 715/622/715 1337/623/1337 704/626/704
f 1512/626/1512 1523/627/1523 1560/622/1560
f 2288/628/2288 50/629/50 1912/630/1912
f 2288/630/2288 1962/631/1962 156/628/156
f 363/632/363 1388/633/1388 778/634/778
f 1404/634/1404 1741/635/1741 1692/632/1692
f 1180/628/1180 16/632/16 1147/635/1147
f 290/635/290 288/629/288 790/628/790
f 1774/624/1774 1788/631/1788 1109/630/1109
f 188/630/188 2108/625/2108 164/624/164
f 625/636/625 944/637/944 624/638/624
f 1049/638/1049 1747/639/1747 1891/636/1891
f 2034/640/2034 1277/641/1277 1439/642/1439
f 117/642/117 37/643/37 2239/640/2239
f 335/636/335 144/640/144 2242/643/2242
f 583/643/583 484/637/484 387/636/387
f 332/644/332 327/645/327 163/646/163
f 2077/646/2077 8/647/8 203/644/203
f 1161/648/1161 1523/649/1523 554/650/554
f 780/650/780 1852/651/1852 1682/648/1682
f 2009/644/2009 423/650/423 409/649/409
f 515/649/515 1043/645/1043 1815/644/1815
f 2079/647/2079 2043/646/2043 2193/642/2193
f 333/642/333 2371/641/2371 322/647/322
f 2227/633/2227 1324/639/1324 2228/638/2228
f 606/638/606 2008/634/2008 413/633/413
f 600/627/600 596/652/596 2346/620/2346
f 271/622/271 2219/627/2219 2206/620/2206
f 1740/653/1740 1770/654/1770 1709/655/1709
f 1334/655/1334 1376/656/1376 1827/653/1827
f 1600/657/1600 552/658/552 1019/659/1019
f 704/659/704 1230/660/1230 1306/657/1306
f 1088/657/1088 878/660/878 1877/654/1877
f 2368/654/2368 2365/653/2365 162/657/162
f 1900/661/1900 792/662/792 1097/663/1097
f 517/663/517 1272/664/1272 2255/661/2255
f 58/665/58 225/666/225 2356/667/2356
f 2154/667/2154 942/668/942 982/665/982
f 975/668/975 1675/667/1675 1001/663/1001
f 447/663/447 455/662/455 373/668/373
f 698/658/698 1133/661/1133 964/664/964
f 2138/664/2138 613/659/613 2306/658/2306
f 1802/669/1802 502/670/502 1044/671/1044
f 963/671/963 999/672/999 1221/669/1221
f 1328/673/1328 95/674/95 81/675/81
f 2271/675/2271 1910/676/1910 2278/673/2278
f 975/670/975 1140/676/1140 1652/675/1652
f 1364/675/1364 588/671/588 27/670/27
f 257/677/257 2049/678/2049 274/679/274
f 1417/679/1417 2002/680/2002 671/677/671
f 2195/678/2195 1319/681/1319 2223/682/2223
f 2113/673/2113 2100/677/2100 2201/680/2201
f 1631/680/1631 609/674/609 1341/673/1341
f 2170/669/2170 1652/672/1652 1210/666/1210
f 584/666/584 491/665/491 492/669/492
f 1885/682/1885 1900/679/1900 1777/678/1777
f 1064/656/1064 55/655/55 41/648/41
f 2362/648/2362 2355/651/2355 63/656/63
f 1920/682/1920 2274/683/2274 131/679/131
f 506/684/506 1817/685/1817 2245/686/2245
f 2111/686/2111 2099/687/2099 260/688/260
f 1253/688/1253 2172/689/2172 1684/686/1684
f 1075/690/1075 226/691/226 1978/692/1978
f 586/692/586 388/693/388 1626/690/1626
f 141/690/141 52/694/52 73/695/73
f 1305/695/1305 705/691/705 694/690/694
f 2167/693/2167 2243/692/2243 993/688/993
f 845/688/845 1387/687/1387 841/693/841
f 2276/696/2276 2275/684/2275 1905/689/1905
f 646/689/646 2160/684/2160 1249/686/1249
f 1920/697/1920 1938/695/1938 1951/694/1951
f 900/694/900 2347/698/2347 1468/697/1468
f 1649/698/1649 2305/699/2305 599/700/599
f 890/700/890 1607/697/1607 1156/698/1156
f 536/699/536 799/701/799 1749/702/1749
f 151/702/151 126/700/126 133/699/133
f 1934/703/1934 41/704/41 55/705/55
f 2136/705/2136 775/706/775 2137/703/2137
f 2257/707/2257 1640/704/1640 2088/708/2088
f 1392/703/1392 1397/706/1397 340/702/340
f 2078/702/2078 2189/701/2189 2065/703/2065
f 1705/707/1705 294/709/294 1730/705/1730
f 1907/705/1907 2333/704/2333 148/707/148
f 423/710/423 129/711/129 480/712/480
f 339/712/339 1396/713/1396 338/710/338
f 119/714/119 118/710/118 1949/713/1949
f 1347/713/1347 1390/715/1390 1340/714/1340
f 814/716/814 1263/714/1263 809/715/809
f 316/715/316 1416/717/1416 1424/716/1424
f 2114/711/2114 169/718/169 189/719/189
f 887/720/887 1166/716/1166 929/721/929
f 726/722/726 96/723/96 95/724/95
f 511/711/511 1496/725/1496 1096/712/1096
f 1665/712/1665 776/725/776 848/723/848
f 2361/726/2361 2369/713/2369 2370/712/2370
f 1357/712/1357 1848/722/1848 1849/726/1849
f 1647/712/1647 597/723/597 504/722/504
f 1281/727/1281 675/713/675 918/726/918
f 2073/728/2073 2050/725/2050 2230/719/2230
f 292/718/292 1763/729/1763 1520/719/1520
f 359/728/359 2316/719/2316 856/729/856
f 893/729/893 1543/718/1543 879/730/879
f 1877/731/1877 1504/730/1504 931/718/931
f 1555/732/1555 1699/711/1699 284/710/284
f 500/710/500 2037/733/2037 2266/732/2266
f 2324/711/2324 62/732/62 1954/734/1954
f 1991/734/1991 1766/718/1766 1434/711/1434
f 398/734/398 387/735/387 421/718/421
f 1065/725/1065 2346/711/2346 911/719/911
f 1630/733/1630 859/710/859 2123/736/2123
f 1944/715/1944 2279/727/2279 1902/737/1902
f 252/715/252 274/737/274 2049/738/2049
f 392/738/392 1624/717/1624 2305/715/2305
f 788/727/788 1809/715/1809 297/713/297
f 91/739/91 2145/738/2145 201/740/201
f 91/739/91 213/741/213 21/717/21
f 2145/717/2145 740/741/740 201/716/201
f 2221/739/2221 372/717/372 465/738/465
f 20/716/20 2199/741/2199 2293/721/2293
f 1363/742/1363 1332/714/1332 684/716/684
f 863/714/863 843/742/843 357/736/357
f 2111/743/2111 260/716/260 272/720/272
f 399/744/399 492/721/492 2091/745/2091
f 551/721/551 2260/741/2260 1051/745/1051
f 575/746/575 1637/720/1637 608/744/608
f 1457/721/1457 1975/744/1975 1974/720/1974
f 875/747/875 1158/720/1158 814/746/814
f 1654/742/1654 2184/716/2184 625/743/625
f 715/710/715 355/714/355 641/736/641
f 2372/718/2372 324/748/324 2276/749/2276
f 2332/748/2332 1471/718/1471 1962/750/1962
f 1962/748/1962 904/750/904 120/751/120
f 1610/750/1610 1609/735/1609 573/752/573
f 1188/750/1188 865/752/865 1115/753/1115
f 635/754/635 1221/753/1221 1136/752/1136
f 24/735/24 2196/750/2196 209/718/209
f 2164/750/2164 1237/755/1237 1247/751/1247
f 1001/750/1001 1352/756/1352 706/757/706
f 1140/750/1140 1833/753/1833 1210/756/1210
f 464/756/464 2220/753/2220 378/758/378
f 50/753/50 218/759/218 1454/760/1454
f 1084/753/1084 1040/754/1040 2264/759/2264
f 922/761/922 202/753/202 924/760/924
f 1844/762/1844 690/753/690 1830/761/1830
f 242/762/242 249/758/249 168/753/168
f 422/763/422 578/761/578 1626/760/1626
f 814/757/814 809/755/809 1420/750/1420
f 2093/720/2093 2136/764/2136 2137/765/2137
f 1109/766/1109 1106/767/1106 543/764/543
f 1045/764/1045 1741/767/1741 825/765/825
f 208/747/208 2071/768/2071 2067/720/2067
f 1161/769/1161 919/764/919 1869/770/1869
f 562/770/562 311/720/311 1165/768/1165
f 1936/771/1936 52/764/52 159/769/159
f 1563/764/1563 1593/720/1593 803/770/803
f 2284/766/2284 1921/772/1921 1958/767/1958
f 1036/743/1036 935/720/935 938/765/938
f 147/766/147 45/773/45 1928/760/1928
f 1481/774/1481 1106/760/1106 1778/773/1778
f 52/760/52 1984/774/1984 1460/775/1460
f 2306/775/2306 1611/763/1611 2120/760/2120
f 65/776/65 2350/764/2350 66/771/66
f 22/777/22 2186/778/2186 2054/766/2054
f 1533/773/1533 891/766/891 1551/778/1551
f 1667/764/1667 2170/776/2170 846/777/846
f 2025/766/2025 1596/764/1596 661/777/661
f 1282/760/1282 302/772/302 661/766/661
f 1594/760/1594 448/759/448 1780/772/1780
f 635/749/635 1256/731/1256 1239/718/1239
f 970/779/970 1122/780/1122 971/781/971
f 1748/779/1748 1738/782/1738 1691/783/1691
f 1621/784/1621 2313/780/2313 616/779/616
f 2018/785/2018 649/786/649 1680/784/1680
f 1699/787/1699 1756/785/1756 284/783/284
f 292/785/292 1520/779/1520 541/783/541
f 57/784/57 2368/779/2368 37/785/37
f 970/788/970 1240/789/1240 1122/790/1122
f 1326/790/1326 5/791/5 84/788/84
f 1116/792/1116 2176/793/2176 1333/789/1333
f 1251/789/1251 1175/788/1175 1156/792/1156
f 2262/794/2262 504/795/504 1805/796/1805
f 2265/795/2265 1762/793/1762 1577/797/1577
f 1019/793/1019 552/794/552 896/798/896
f 1553/794/1553 1861/793/1861 1018/795/1018
f 2240/799/2240 2166/792/2166 325/800/325
f 245/793/245 268/799/268 2213/797/2213
f 1288/792/1288 1372/799/1372 1823/793/1823
f 800/801/800 286/802/286 1103/803/1103
f 2330/802/2330 129/792/129 423/804/423
f 1673/792/1673 639/801/639 766/800/766
f 293/801/293 2266/792/2266 1801/802/1801
f 1937/805/1937 2328/806/2328 124/795/124
f 163/795/163 327/797/327 162/805/162
f 1304/806/1304 1243/807/1243 1841/796/1841
f 1951/796/1951 148/795/148 2333/806/2333
f 515/808/515 1689/809/1689 1043/799/1043
f 1837/799/1837 774/800/774 343/808/343
f 167/809/167 166/805/166 2111/797/2111
f 1919/797/1919 1917/799/1917 2285/809/2285
f 1239/810/1239 998/811/998 963/801/963
f 1207/801/1207 1124/803/1124 990/810/990
f 960/811/960 1189/808/1189 1145/800/1145
f 2207/800/2207 190/801/190 167/811/167
f 511/812/511 1096/813/1096 1097/814/1097
f 1878/814/1878 1174/813/1174 1787/815/1787
f 2149/815/2149 2141/816/2141 736/814/736
f 2044/817/2044 2069/818/2069 264/819/264
f 1477/819/1477 535/820/535 788/817/788
f 2282/817/2282 160/821/160 1904/818/1904
f 974/822/974 1668/823/1668 1204/824/1204
f 2343/825/2343 370/822/370 437/826/437
f 340/798/340 766/827/766 639/828/639
f 1089/798/1089 1523/828/1523 1775/829/1775
f 1336/829/1336 1352/826/1352 1193/798/1193
f 1352/825/1352 1303/826/1303 706/829/706
f 1659/790/1659 753/826/753 1377/824/1377
f 1659/822/1659 1225/824/1225 620/826/620
f 1313/826/1313 712/790/712 1128/789/1128
f 1574/790/1574 1520/824/1520 801/830/801
f 1045/830/1045 2023/791/2023 1712/790/1712
f 1863/798/1863 868/794/868 1170/827/1170
f 2125/789/2125 2354/798/2354 587/826/587
f 1399/831/1399 319/794/319 1716/796/1716
f 2035/789/2035 319/793/319 1416/798/1416
f 94/827/94 723/794/723 98/831/98
f 274/832/274 2052/831/2052 2233/796/2233
f 2307/807/2307 2000/833/2000 313/834/313
f 964/807/964 782/834/782 368/835/368
f 964/836/964 1133/815/1133 1307/837/1307
f 1117/838/1117 1220/837/1220 1116/815/1116
f 915/833/915 910/839/910 1984/840/1984
f 1855/841/1855 1854/839/1854 700/833/700
f 36/816/36 2369/836/2369 65/840/65
f 1023/807/1023 816/835/816 1406/796/1406
f 2129/842/2129 606/806/606 1619/805/1619
f 900/806/900 216/843/216 2347/807/2347
f 494/807/494 585/843/585 478/841/478
f 1266/805/1266 2026/844/2026 318/842/318
f 1160/806/1160 2031/842/2031 1868/843/1868
f 219/807/219 68/841/68 1459/833/1459
f 1683/832/1683 640/796/640 858/835/858
f 975/809/975 1652/844/1652 1675/805/1675
f 1898/845/1898 878/791/878 1785/830/1785
f 1446/788/1446 824/791/824 830/845/830
f 215/846/215 19/845/19 2295/830/2295
f 50/804/50 1454/792/1454 153/788/153
f 2288/847/2288 156/802/156 218/804/218
f 1256/803/1256 2185/802/2185 639/848/639
f 1579/788/1579 1520/845/1520 1732/804/1732
f 665/849/665 1265/850/1265 819/804/819
f 1584/845/1584 869/851/869 1150/849/1150
f 309/846/309 2028/830/2028 1265/852/1265
f 937/851/937 556/845/556 878/846/878
f 645/804/645 1287/850/1287 942/847/942
f 772/848/772 1316/853/1316 358/803/358
f 909/848/909 1978/802/1978 227/847/227
f 1185/845/1185 1186/849/1186 38/804/38
f 2012/854/2012 950/809/950 406/808/406
f 1600/811/1600 1582/855/1582 1030/808/1030
f 417/809/417 431/854/431 1123/856/1123
f 933/811/933 547/857/547 552/855/552
f 637/808/637 972/855/972 1668/854/1668
f 1926/856/1926 1922/844/1922 1941/809/1941
f 345/857/345 1182/811/1182 762/810/762
f 1339/858/1339 1393/810/1393 840/859/840
f 2001/803/2001 1747/859/1747 1427/810/1427
f 483/810/483 386/858/386 2123/860/2123
f 2301/860/2301 2067/861/2067 2050/810/2050
f 547/819/547 546/862/546 1534/863/1534
f 1262/862/1262 655/864/655 1414/860/1414
f 1991/863/1991 1435/865/1435 1766/820/1766
f 978/860/978 405/864/405 1215/861/1215
f 1771/861/1771 1742/857/1742 1421/810/1421
f 1421/853/1421 1451/859/1451 829/803/829
f 1587/815/1587 565/836/565 1504/816/1504
f 2148/838/2148 2345/815/2345 87/813/87
f 147/866/147 140/838/140 45/813/45
f 2341/813/2341 446/867/446 456/868/456
f 1661/867/1661 629/813/629 621/869/621
f 1736/866/1736 1986/813/1986 1713/868/1713
f 369/870/369 436/814/436 446/871/446
f 369/816/369 432/872/432 237/871/237
f 909/872/909 227/840/227 45/839/45
f 616/814/616 748/816/748 341/871/341
f 1576/814/1576 1527/870/1527 1565/873/1565
f 1826/874/1826 349/875/349 719/876/719
f 1666/812/1666 578/814/578 644/873/644
f 293/874/293 1800/812/1800 1473/873/1473
f 2362/877/2362 2365/869/2365 2368/813/2368
f 220/878/220 1964/877/1964 59/812/59
f 663/813/663 1420/812/1420 2026/877/2026
f 1965/876/1965 1060/878/1060 41/812/41
f 1160/879/1160 1402/880/1402 815/881/815
f 1160/880/1160 815/879/815 1402/882/1402
f 1177/876/1177 1866/875/1866 1869/881/1869
f 56/883/56 1969/881/1969 914/875/914
f 1302/884/1302 1361/881/1361 1822/883/1822
f 1213/885/1213 1138/886/1138 1144/887/1144
f 863/886/863 357/879/357 1394/884/1394
f 128/886/128 901/885/901 75/879/75
f 2094/888/2094 418/889/418 1625/887/1625
f 2094/887/2094 605/889/605 1644/885/1644
f 1588/884/1588 320/879/320 678/881/678
f 1541/890/1541 1862/889/1862 1162/888/1162
f 1873/812/1873 1108/874/1108 803/876/803
f 15/819/15 2236/891/2236 16/862/16
f 1/891/1 2053/864/2053 744/862/744
f 913/892/913 1465/891/1465 1467/819/1467
f 4/893/4 443/818/443 463/821/463
f 86/818/86 2/892/2 2151/819/2151
f 1415/818/1415 1447/894/1447 2041/892/2041
f 2149/893/2149 83/894/83 2141/818/2141
f 1770/865/1770 1760/895/1760 1709/820/1709
f 1064/817/1064 1062/895/1062 1970/896/1970
f 1134/896/1134 2018/897/2018 1680/817/1680
f 1239/820/1239 1256/895/1256 642/817/642
f 1886/898/1886 461/817/461 1488/899/1488
f 454/817/454 437/900/437 370/899/370
f 1273/897/1273 1031/900/1031 932/817/932
f 1045/821/1045 825/901/825 1450/893/1450
f 1524/863/1524 1794/820/1794 1884/819/1884
f 1993/902/1993 807/903/807 811/904/811
f 333/905/333 14/906/14 330/907/330
f 333/905/333 329/908/329 324/904/324
f 333/903/333 2361/902/2361 2371/909/2371
f 2321/890/2321 145/888/145 393/909/393
f 1726/902/1726 1989/904/1989 1769/908/1769
f 2263/909/2263 1816/888/1816 283/903/283
f 2040/908/2040 653/905/653 1272/907/1272
f 1708/910/1708 287/901/287 298/911/298
f 282/911/282 1729/821/1729 1715/912/1715
f 375/821/375 182/898/182 2340/912/2340
f 22/821/22 2054/911/2054 2300/901/2300
f 259/817/259 2118/898/2118 261/821/261
f 1/913/1 202/908/202 2075/907/2075
f 1601/913/1601 1165/914/1165 1580/908/1580
f 2027/910/2027 1592/911/1592 303/907/303
f 277/907/277 1704/906/1704 2258/910/2258
f 771/872/771 366/816/366 749/840/749
f 751/915/751 1294/916/1294 1340/917/1340
f 359/917/359 2314/918/2314 2316/915/2316
f 700/919/700 706/920/706 1303/916/1303
f 1305/916/1305 694/915/694 1294/919/1294
f 1399/921/1399 1720/922/1720 1721/920/1721
f 1470/920/1470 68/919/68 2351/921/2351
f 454/923/454 370/924/370 2339/922/2339
f 599/922/599 34/921/34 1331/923/1331
f 711/925/711 1136/926/1136 1348/924/1348
f 316/924/316 23/923/23 2051/925/2051
f 1620/927/1620 840/928/840 748/926/748
f 2171/926/2171 1198/925/1198 1240/927/1240
f 1657/929/1657 1236/930/1236 1003/928/1003
f 1598/928/1598 1095/927/1095 1021/929/1021
f 477/931/477 403/932/403 618/930/618
f 1556/930/1556 1479/929/1479 1095/931/1095
f 1659/933/1659 341/934/341 753/932/753
f 2232/932/2232 316/931/316 2194/933/2194
f 2294/935/2294 2057/936/2057 2069/934/2069
f 786/934/786 532/933/532 291/935/291
f 464/937/464 463/938/463 2220/936/2220
f 305/936/305 1418/935/1418 1585/937/1585
f 909/939/909 2352/940/2352 1461/938/1461
f 2339/938/2339 103/937/103 2342/939/2342
f 177/941/177 443/942/443 104/940/104
f 1063/940/1063 12/939/12 1949/941/1949
f 214/943/214 197/944/197 2190/942/2190
f 1603/942/1603 523/941/523 1156/943/1156
f 1474/945/1474 1486/946/1486 1573/944/1573
f 719/944/719 1393/943/1393 1339/945/1339
f 1719/947/1719 1415/948/1415 1746/946/1746
f 1177/946/1177 1530/945/1530 888/947/888
f 1360/949/1360 713/950/713 846/948/846
f 788/948/788 1494/947/1494 1518/949/1518
f 1119/951/1119 1208/952/1208 427/950/427
f 1005/950/1005 971/949/971 1144/951/1144
f 117/953/117 2239/954/2239 142/952/142
f 243/952/243 274/951/274 2233/953/2233
f 2253/955/2253 1712/956/1712 2023/954/2023
f 2227/954/2227 2228/953/2228 2074/955/2074
f 1851/957/1851 970/958/970 1856/956/1856
f 400/956/400 591/955/591 1615/957/1615
f 1213/959/1213 1144/960/1144 971/958/971
f 2200/958/2200 2338/957/2338 178/959/178
f 1315/961/1315 602/962/602 2134/960/2134
f 2207/960/2207 167/959/167 168/961/168
f 923/963/923 806/964/806 1568/962/1568
f 1603/962/1603 1156/961/1156 1175/963/1175
f 2015/965/2015 495/966/495 2012/964/2012
f 1554/964/1554 880/963/880 1026/965/1026
f 895/967/895 1155/968/1155 880/966/880
f 895/966/895 898/965/898 10/967/10
f 898/969/898 1568/970/1568 1101/968/1101
f 1737/968/1737 1759/967/1759 544/969/544
f 560/971/560 1442/972/1442 1444/970/1444
f 375/970/375 2216/969/2216 182/971/182
f 2229/973/2229 2049/974/2049 257/972/257
f 1197/972/1197 991/971/991 965/973/965
f 1745/975/1745 1043/976/1043 1689/974/1689
f 1328/974/1328 2302/973/2302 2061/975/2061
f 4/977/4 742/978/742 443/976/443
f 2231/976/2231 2072/975/2072 2044/977/2044
f 204/979/204 200/980/200 3/978/3
f 1002/978/1002 1139/977/1139 987/979/987
f 2072/917/2072 2070/916/2070 2060/981/2060
f 277/981/277 1763/916/1763 1704/920/1704
f 1166/920/1166 1401/982/1401 1432/981/1432
f 2046/982/2046 2299/920/2299 2060/922/2060
f 1650/982/1650 2303/922/2303 428/924/428
f 1130/924/1130 1223/983/1223 1011/982/1011
f 1731/983/1731 2307/926/2307 1810/928/1810
f 278/928/278 286/930/286 1701/984/1701
f 278/926/278 1809/983/1809 1706/924/1706
f 1337/984/1337 1840/983/1840 704/928/704
f 2113/932/2113 289/934/289 1690/984/1690
f 1056/985/1056 2261/984/2261 505/934/505
f 679/930/679 314/932/314 2031/984/2031
f 536/936/536 1749/985/1749 1501/934/1501
f 1541/985/1541 1320/938/1320 736/940/736
f 889/940/889 552/986/552 1178/985/1178
f 1542/986/1542 932/942/932 1031/944/1031
f 1163/944/1163 1564/987/1564 1542/986/1542
f 1632/985/1632 385/936/385 640/938/640
f 100/987/100 1326/946/1326 88/948/88
f 1875/946/1875 1037/987/1037 1599/944/1599
f 1080/942/1080 1980/986/1980 2354/940/2354
f 544/987/544 1759/948/1759 1111/950/1111
f 862/950/862 1371/988/1371 345/987/345
f 1933/989/1933 329/919/329 160/915/160
f 884/990/884 1548/921/1548 1894/919/1894
f 24/991/24 2301/925/2301 2046/923/2046
f 398/992/398 485/927/485 1257/925/1257
f 1685/921/1685 1675/990/1675 634/991/634
f 1160/991/1160 1865/923/1865 815/921/815
f 538/989/538 1487/915/1487 1567/918/1567
f 2290/918/2290 2322/993/2322 2271/989/2271
f 1860/990/1860 1590/919/1590 1406/989/1406
f 1356/991/1356 1835/992/1835 687/925/687
f 1474/994/1474 1100/929/1100 1486/927/1486
f 1988/927/1988 1418/992/1418 1532/994/1532
f 610/994/610 473/931/473 2311/929/2311
f 1448/995/1448 826/933/826 1408/931/1408
f 1008/933/1008 947/995/947 1009/996/1009
f 320/996/320 1272/935/1272 653/933/653
f 826/997/826 1986/939/1986 1419/937/1419
f 430/939/430 2120/997/2120 617/998/617
f 241/998/241 259/941/259 266/939/266
f 1720/996/1720 2250/937/2250 1041/935/1041
f 2176/997/2176 1220/937/1220 2182/996/2182
f 382/999/382 451/945/451 442/943/442
f 2332/999/2332 1972/943/1972 905/941/905
f 819/941/819 1265/998/1265 2028/999/2028
f 2169/1000/2169 620/947/620 1225/945/1225
f 675/945/675 1046/999/1046 511/1000/511
f 2335/994/2335 2272/995/2272 1947/931/1947
f 1211/952/1211 1248/988/1248 851/950/851
f 304/988/304 2036/952/2036 662/954/662
f 1328/954/1328 2061/1001/2061 95/988/95
f 1231/1001/1231 2153/954/2153 752/956/752
f 1328/1001/1328 2144/956/2144 744/958/744
f 2144/958/2144 89/1002/89 728/1001/728
f 125/947/125 216/1000/216 139/1003/139
f 1921/1003/1921 2327/949/2327 1958/947/1958
f 211/1003/211 2199/951/2199 20/949/20
f 771/1002/771 1684/960/1684 366/962/366
f 1126/960/1126 1856/1002/1856 1144/958/1144
f 928/1002/928 559/962/559 1550/964/1550
f 1282/964/1282 1271/1004/1271 310/1002/310
f 501/966/501 1718/1004/1718 1735/964/1735
f 1058/1004/1058 1735/966/1735 1761/968/1761
f 1540/1005/1540 563/1004/563 1032/968/1032
f 1228/1005/1228 1208/972/1208 1119/974/1119
f 909/974/909 1466/1006/1466 1981/1005/1981
f 1604/1006/1604 1027/976/1027 1263/978/1263
f 871/978/871 792/1007/792 1159/1006/1159
f 1404/1005/1404 1438/968/1438 825/970/825
f 515/1005/515 289/970/289 1689/972/1689
f 1963/1006/1963 147/974/147 157/976/157
f 1023/1007/1023 1406/978/1406 1590/980/1590
f 1180/953/1180 1147/1008/1147 2371/1009/2371
f 568/1009/568 1595/955/1595 916/953/916
f 1172/1009/1172 1599/957/1599 1794/955/1794
f 54/959/54 62/1010/62 2324/1011/2324
f 1036/1011/1036 1597/961/1597 891/959/891
f 1606/1011/1606 1085/963/1085 1787/961/1787
f 1606/1010/1606 548/959/548 1085/957/1085
f 1010/1008/1010 1127/953/1127 1128/951/1128
f 515/951/515 508/1003/508 1690/1008/1690
f 686/957/686 692/1009/692 693/1010/693
f 320/963/320 940/1011/940 1047/1012/1047
f 1457/1012/1457 13/965/13 2367/963/2367
f 1881/965/1881 893/1012/893 879/1013/879
f 551/1013/551 925/967/925 1569/965/1569
f 885/1013/885 547/969/547 933/967/933
f 1248/971/1248 641/1014/641 851/1015/851
f 1745/1015/1745 1689/973/1689 2098/971/2098
f 1683/1015/1683 858/975/858 842/973/842
f 489/1014/489 468/971/468 1627/969/1627
f 427/1014/427 586/969/586 1250/1013/1250
f 651/977/651 1672/1016/1672 1676/1017/1676
f 251/1017/251 383/979/383 239/977/239
f 106/975/106 3/1015/3 18/1016/18
f 1876/977/1876 1543/975/1543 934/1016/934
f 1077/1018/1077 1965/1019/1965 1148/1020/1148
f 1820/1020/1820 1798/1021/1798 2246/1018/2246
f 1353/1022/1353 688/1018/688 705/1021/705
f 1313/1021/1313 1128/1023/1128 968/1022/968
f 1900/1024/1900 1571/1025/1571 1511/1026/1511
f 2116/1026/2116 2202/1027/2202 186/1024/186
f 1820/1027/1820 2246/1026/2246 1575/1019/1575
f 1521/1019/1521 785/1018/785 790/1027/790
f 1507/1028/1507 521/1029/521 1574/1030/1574
f 617/1030/617 2120/1031/2120 2309/1028/2309
f 87/1031/87 108/1030/108 104/1025/104
f 1050/1025/1050 321/1024/321 1272/1031/1272
f 2302/1032/2302 2053/1033/2053 2065/1029/2065
f 1101/1029/1101 440/1028/440 380/1032/380
f 749/1034/749 690/1032/690 689/1028/689
f 2296/1028/2296 2064/1035/2064 2298/1034/2298
f 1521/1036/1521 1559/1037/1559 533/1020/533
f 2356/1020/2356 1062/1037/1062 912/1038/912
f 790/1039/790 1755/1020/1755 1559/1040/1559
f 1848/1038/1848 1298/1040/1298 717/1020/717
f 400/1020/400 585/1039/585 385/1021/385
f 2344/1036/2344 2107/1041/2107 2205/1037/2205
f 1564/1036/1564 789/1019/789 1542/1026/1542
f 789/1026/789 1536/1042/1536 1510/1036/1510
f 381/1042/381 379/1026/379 452/1025/452
f 390/1025/390 474/1043/474 486/1042/486
f 2135/1030/2135 490/1044/490 1202/1043/1202
f 431/1043/431 608/1025/608 1637/1030/1637
f 2169/1020/2169 1225/1019/1225 2163/1036/2163
f 204/1021/204 457/1045/457 1325/1046/1325
f 2062/1023/2062 2054/1046/2054 2048/1047/2048
f 2267/1023/2267 1046/1048/1046 1811/1049/1811
f 2332/1023/2332 1463/1049/1463 1471/1050/1471
f 2196/1048/2196 2058/1023/2058 209/1047/209
f 1103/1039/1103 1500/1045/1500 1113/1021/1113
f 1990/1022/1990 822/1027/822 496/1018/496
f 1498/1051/1498 543/1022/543 799/1023/799
f 155/1022/155 55/1051/55 224/1052/224
f 322/1050/322 2371/1051/2371 1147/1023/1147
f 103/1027/103 450/1022/450 2342/1052/2342
f 2157/1046/2157 1675/1023/1675 2174/1021/2174
f 665/1044/665 930/1030/930 2022/1029/2022
f 2061/1053/2061 2059/1044/2059 95/1029/95
f 221/1053/221 1985/1029/1985 235/1033/235
f 70/1033/70 1973/1054/1973 1081/1053/1081
f 156/1053/156 1929/1054/1929 1078/1055/1078
f 1044/1033/1044 2268/1056/2268 1765/1054/1765
f 506/1033/506 1694/1057/1694 291/1058/291
f 362/1032/362 1346/1057/1346 348/1033/348
f 884/1033/884 1171/1058/1171 1548/1056/1548
f 2164/1032/2164 1247/1059/1247 1686/1057/1686
f 2102/1035/2102 2197/1028/2197 272/1031/272
f 1879/1060/1879 1874/1035/1874 1179/1052/1179
f 1768/1031/1768 1730/1052/1730 1694/1035/1694
f 312/1035/312 2039/1060/2039 2028/1034/2028
f 1512/1024/1512 1561/1052/1561 1571/1031/1571
f 1937/1061/1937 142/1062/142 334/1034/334
f 1648/1032/1648 2124/1034/2124 2092/1062/2092
f 389/1063/389 496/1061/496 822/1034/822
f 1257/1034/1257 1212/1064/1212 1224/1063/1224
f 1349/1034/1349 1311/1065/1311 1381/1064/1381
f 1920/1060/1920 131/1065/131 1938/1034/1938
f 91/1062/91 734/1059/734 213/1032/213
f 606/1027/606 413/1052/413 1619/1024/1619
f 2138/1066/2138 232/1067/232 613/1068/613
f 2095/1068/2095 2112/1069/2112 2113/1066/2113
f 1936/1070/1936 2280/1071/2280 51/1072/51
f 1865/1072/1865 1559/1073/1559 812/1070/812
f 918/1074/918 569/1075/569 871/1068/871
f 1255/1076/1255 2183/1068/2183 1385/1075/1385
f 726/1077/726 2212/1074/2212 198/1068/198
f 118/1067/118 1945/1078/1945 114/1077/114
f 2119/1079/2119 1620/1080/1620 616/1081/616
f 370/1078/370 103/1081/103 2339/1080/2339
f 2358/1081/2358 53/1078/53 230/1067/230
f 2013/1068/2013 623/1067/623 1006/1077/1006
f 568/1082/568 1164/1069/1164 1595/1076/1595
f 4/1083/4 94/1069/94 730/1082/730
f 974/1082/974 988/1084/988 996/1083/996
f 1381/1083/1381 2316/1085/2316 758/1066/758
f 683/1066/683 1845/1069/1845 775/1083/775
f 716/1081/716 831/1067/831 1340/1086/1340
f 2058/1066/2058 2298/1086/2298 208/1067/208
f 1036/1086/1036 938/1066/938 561/1087/561
f 2238/1087/2238 2243/1085/2243 2237/1088/2237
f 2014/1076/2014 388/1069/388 427/1068/427
f 1677/1089/1677 1199/1090/1199 1009/1091/1009
f 792/1079/792 793/1091/793 1159/1090/1159
f 515/1092/515 1815/1089/1815 508/1091/508
f 1987/1092/1987 2041/1093/2041 1447/1094/1447
f 1437/1095/1437 827/1096/827 1872/1097/1872
f 283/1096/283 1693/1095/1693 2245/1094/2245
f 1893/1092/1893 2265/1091/2265 506/1093/506
f 2096/1094/2096 2047/1093/2047 265/1096/265
f 1563/1098/1563 803/1099/803 1491/1100/1491
f 141/1096/141 2348/1093/2348 1453/1099/1453
f 594/1097/594 601/1096/601 575/1101/575
f 181/1096/181 725/1099/725 740/1098/740
f 2130/1098/2130 775/1102/775 1845/1103/1845
f 359/1103/359 1849/1104/1849 601/1098/601
f 511/1104/511 1097/1101/1097 569/1096/569
f 1429/1096/1429 2021/1098/2021 304/1104/304
f 1950/1102/1950 2334/1098/2334 1958/1100/1958
f 1821/1079/1821 1338/1090/1338 1343/1080/1343
f 211/1087/211 2117/1066/2117 2199/1085/2199
f 934/1084/934 567/1105/567 1586/1072/1586
f 412/1072/412 1208/1083/1208 991/1084/991
f 1957/1072/1957 78/1071/78 2356/1085/2356
f 1417/1085/1417 2004/1083/2004 2002/1072/2002
f 2117/1088/2117 275/1071/275 2103/1106/2103
f 113/1071/113 2358/1070/2358 2333/1106/2333
f 113/1085/113 2353/1071/2353 1464/1088/1464
f 5/1073/5 201/1072/201 2/1105/2
f 1326/1107/1326 734/1073/734 5/1108/5
f 417/1105/417 1200/1108/1200 2012/1073/2012
f 228/1073/228 2237/1107/2237 1148/1109/1148
f 1177/1070/1177 1869/1073/1869 1535/1109/1535
f 1914/1109/1914 1959/1110/1959 1930/1070/1930
f 1529/1106/1529 1772/1070/1772 870/1111/870
f 1525/1110/1525 801/1111/801 1520/1070/1520
f 1085/1111/1085 1489/1110/1489 1787/1112/1787
f 481/1113/481 404/1111/404 2009/1112/2009
f 1363/1114/1363 684/1115/684 1312/1102/1312
f 595/1114/595 31/1102/31 424/1100/424
f 1656/1116/1656 354/1115/354 833/1114/833
f 1734/1117/1734 1766/1103/1766 1435/1102/1435
f 1525/1102/1525 1520/1115/1520 1579/1117/1579
f 679/1118/679 1260/1117/1260 301/1119/301
f 891/1115/891 1597/1119/1597 1871/1117/1871
f 241/1119/241 166/1115/166 2216/1116/2216
f 1936/1119/1936 127/1116/127 1913/1120/1913
f 1849/1121/1849 1295/1122/1295 35/1123/35
f 382/1123/382 2341/1113/2341 2222/1121/2222
f 101/1124/101 199/1122/199 200/1121/200
f 113/1124/113 2333/1120/2333 1907/1116/1907
f 826/1125/826 2024/1118/2024 1428/1119/1428
f 314/1120/314 1583/1125/1583 2031/1119/2031
f 290/1116/290 524/1122/524 1710/1124/1710
f 290/1123/290 1710/1111/1710 524/1113/524
f 439/1126/439 236/1127/236 172/1128/172
f 797/1128/797 284/1129/284 524/1126/524
f 1512/1130/1512 1571/1126/1571 1523/1129/1523
f 29/1129/29 1045/1131/1045 1712/1130/1712
f 149/1132/149 1081/1133/1081 1973/1134/1973
f 320/1134/320 1047/1135/1047 1272/1132/1272
f 537/1135/537 1717/1134/1717 1112/1127/1112
f 1666/1127/1666 620/1126/620 2168/1135/2168
f 1064/1136/1064 1970/1137/1970 229/1138/229
f 964/1138/964 1307/1139/1307 1124/1136/1124
f 1507/1139/1507 801/1138/801 1495/1133/1495
f 2205/1133/2205 2208/1132/2208 237/1139/237
f 2090/1140/2090 1766/1141/1766 1734/1137/1734
f 1008/1137/1008 1222/1136/1222 947/1140/947
f 1934/1142/1934 1921/1140/1921 2284/1136/2284
f 145/1136/145 2277/1143/2277 1923/1142/1923
f 323/1144/323 334/1145/334 332/1128/332
f 209/1128/209 208/1145/208 2067/1146/2067
f 357/1147/357 2152/1128/2152 2173/1148/2173
f 461/1146/461 374/1148/374 2214/1128/2214
f 538/1128/538 1557/1147/1557 785/1129/785
f 1885/1144/1885 1571/1149/1571 1900/1145/1900
f 566/1144/566 1794/1127/1794 1599/1134/1599
f 514/1134/514 1111/1150/1111 1759/1144/1759
f 2010/1150/2010 122/1134/122 487/1133/487
f 334/1133/334 2239/1151/2239 327/1150/327
f 2368/1138/2368 162/1152/162 327/1151/327
f 777/1151/777 1392/1133/1392 867/1138/867
f 408/1128/408 388/1127/388 1629/1144/1629
f 132/1129/132 115/1153/115 1929/1154/1929
f 1966/1131/1966 1072/1154/1072 230/1155/230
f 2116/1131/2116 379/1156/379 2104/1157/2104
f 11/1131/11 724/1157/724 196/1158/196
f 1065/1156/1065 1064/1131/1064 60/1155/60
f 422/1147/422 1626/1153/1626 388/1129/388
f 1973/1130/1973 901/1135/901 1078/1126/1078
f 183/1159/183 2339/1130/2339 104/1131/104
f 779/1130/779 775/1159/775 2136/1160/2136
f 118/1158/118 1946/1159/1946 1949/1131/1949
f 1603/1135/1603 1175/1130/1175 1499/1160/1499
f 128/1154/128 1948/1131/1948 2326/1129/2326
f 751/1152/751 691/1138/691 1294/1137/1294
f 1086/1161/1086 2244/1152/2244 1566/1137/1566
f 2198/1161/2198 238/1137/238 2188/1141/2188
f 1808/1141/1808 1057/1162/1057 1100/1161/1100
f 157/1161/157 158/1162/158 2291/1163/2291
f 958/1141/958 2162/1164/2162 1664/1162/1664
f 247/1141/247 2209/1165/2209 188/1166/188
f 497/1140/497 278/1165/278 277/1141/277
f 288/1141/288 1755/1166/1755 790/1164/790
# 4804 faces, 2637 coords texture

# End of File
