####
#
# OBJ File Generated by Meshlab
#
####
# Object right_arm_link4_1.obj
#
# Vertices: 1561
# Faces: 3042
#
####
mtllib ./right_arm_link4_1.obj.mtl

vn 4.3327102596629334 4.5463453581751576 0.0916054920148103
v 0.0236660000000000 0.0248010000000000 0.0613200000000000
vn 2.0866405567272630 2.3444774387769947 -0.0391566680044774
v 0.0228280000000000 0.0255730000000000 0.0569980000000000
vn 4.3397118104942507 4.5421652326938107 -0.0265375180801575
v 0.0236660000000000 0.0248010000000000 0.0596170000000000
vn 4.0261106891817793 4.8221481577828227 -0.0154299872926517
v 0.0220340000000000 0.0262580000000000 0.0596170000000000
vn 4.1804396982926031 4.6893854063628400 0.0050441058402047
v 0.0228620000000000 0.0255430000000000 0.0596170000000000
vn 4.7268518891005336 4.1346532754679517 -0.0088788863242195
v 0.0256001818181818 0.0228000000000000 0.0596170000000000
vn 4.4846382624138723 4.3977948349011973 -0.0263151162991467
v 0.0244470000000000 0.0240350000000000 0.0596170000000000
vn 2.6985359448457524 1.6034625498784301 -0.0000000000000014
v 0.0297350000000000 0.0170930000000000 0.0569980000000000
vn -1.8236875541594961 2.5542908136498577 -0.0372227611313651
v -0.0199690000000000 0.0278570000000000 0.0569980000000000
vn -3.7273665343693976 5.0572161700192044 -0.0081264503548427
v -0.0203340000000000 0.0275920000000000 0.0596170000000000
vn -2.6996220995929083 1.6014437223948872 -0.0038106234539312
v -0.0297350000000000 0.0170930000000000 0.0569980000000000
vn -2.8121972858273718 1.3975775404611825 -0.0091351105884102
v -0.0308030000000000 0.0150990000000000 0.0569980000000000
vn -6.1466102156446309 1.2992166997059238 -0.0015591200823758
v -0.0343680000000000 0.0044520000000000 0.0608060000000000
vn -6.1782133372096775 0.9008435090309858 0.4767732429419778
v -0.0349500000000000 0.0011220000000000 0.0608060000000000
vn -6.1993162703951379 1.0211201240451118 0.0043210325512582
v -0.0347780000000000 0.0022350000000000 0.0595370000000000
vn 0.0723446021453741 -0.1804453369177549 6.2796181806189209
v 0.0051460000000000 -0.0401740000000000 0.0645070000000000
vn 0.3833416880259709 -0.0466268415164044 6.2699705477764169
v 0.0202430000000000 -0.0238170000000000 0.0643440000000000
vn 0.0018598640714315 0.0032082787674837 6.2831819527167658
v 0.0009390000000000 -0.0067440909090909 0.0647000000000000
vn -1.4487048313728266 0.1061674865448597 6.1118712541990270
v -0.0326000000000000 -0.0038950000000000 0.0627560000000000
vn -3.9432214298310839 0.6510727131328415 3.2874211852944599
v -0.0349590000000000 0.0000885000000000 0.0620091428571429
vn -1.1875098613536068 0.2242314559632783 6.1630680268519242
v -0.0300710000000000 0.0029160000000000 0.0631330000000000
vn -0.0152460951427916 0.0029010681546282 6.2831455895569395
v -0.0047110000000000 -0.0098733333333333 0.0646986666666667
vn -0.0039903978719266 0.0056291609321028 6.2831754034896861
v -0.0025470000000000 -0.0073550000000000 0.0647000000000000
vn -5.9020216915691464 2.1523643083178525 -0.0094754300876312
v -0.0325560000000000 0.0109590000000000 0.0582670000000000
vn -3.9193589832143187 0.9215332508170370 2.9749500134461648
v -0.0340010000000000 0.0060960000000000 0.0619940000000000
vn 4.0262245171280222 -4.2641559824143762 1.5336772113568780
v 0.0237992285714286 -0.0516485714285715 0.0616858571428572
vn 1.1571579171122033 -1.1146868315713543 6.0715622048657050
v 0.0233280000000000 -0.0502550000000000 0.0624910000000000
vn 2.7153242369508930 -2.4732030290067142 4.4424011655232674
v 0.0241523770491803 -0.0509114262295082 0.0621844754098361
vn 1.4232834046395375 -0.9159750423940917 6.0474573388676838
v 0.0279810000000000 -0.0448860000000000 0.0623780000000000
vn 1.2063370622033993 -0.7174659833441721 6.1207053514124068
v 0.0269690000000000 -0.0437370000000000 0.0627540000000000
vn -1.3858226334388206 0.5595747224702972 6.1014071291268523
v -0.0296020000000000 0.0123090000000000 0.0626660000000000
vn -1.5447206975232937 0.6595744866222210 6.0535646381797132
v -0.0304386451612903 0.0131642903225806 0.0623738064516129
vn -1.5102846107687025 1.8511760569210804 4.4426845714595631
v -0.0307840000000000 0.0147150000000000 0.0620930000000000
vn -4.2113983362574992 2.0724694816256770 2.7835077002423261
v -0.0315283504672897 0.0134570700934580 0.0619172149532710
vn -0.6710127107128804 0.0576184630311135 6.2450547954405060
v -0.0257380000000000 -0.0028220000000000 0.0638910000000000
vn 1.2296448911744537 -2.8870641655446452 -0.0230968552046650
v 0.0135950000000000 -0.0584290000000000 0.0569980000000000
vn 2.6732475822379644 -5.6846811934095305 -0.0196487420775202
v 0.0145330000000000 -0.0580080000000000 0.0596170000000000
vn 3.7223003176216833 -5.0608982239319165 -0.0084561647349763
v 0.0203150000000000 -0.0545810000000000 0.0596170000000000
vn 5.6696605040825165 -2.7020844077219790 0.0621078265795340
v 0.0311590000000000 -0.0413150000000000 0.0606444285714286
vn 2.9297243656548706 -1.1328296146783603 -0.0000000000000062
v 0.0322530000000000 -0.0387600000000000 0.0569980000000000
vn 2.8844654361723316 -1.2431123327178866 -0.0000000000000015
v 0.0316990000000000 -0.0401215000000000 0.0569980000000000
vn -6.2829659365600392 -0.0114381864915377 -0.0050279994015661
v -0.0358090000000000 -0.0134870000000000 0.0594600000000000
vn -3.1412626220686617 0.0404409688765522 0.0000000000000000
v -0.0357950000000000 -0.0112330000000000 0.0569980000000000
vn 0.8296777935265709 -0.2296314191306218 6.2223309509327924
v 0.0262280000000000 -0.0328070000000000 0.0636440000000000
vn 0.6653044134265009 -0.0652148763175184 6.2455912519843526
v 0.0256220000000000 -0.0248080000000000 0.0638970000000000
vn 1.7408497089110997 -3.2881696922335744 4.2477181954112444
v 0.0160607692307692 -0.0568631538461538 0.0622749230769231
vn 0.6787276903256569 -1.4360006038225708 6.0743623086399925
v 0.0148010000000000 -0.0561430000000000 0.0626280000000000
vn 2.7880836600418260 -0.8531214572602757 4.7313474440814485
v 0.0333600000000000 -0.0345140000000000 0.0620860000000000
vn 2.2968746569511920 -0.5848840450384908 5.7674115382410385
v 0.0325638235294118 -0.0350894705882353 0.0622727058823530
vn 1.5129058810191582 -0.3982835871325894 6.0838675135791842
v 0.0317193636363636 -0.0340427272727273 0.0625730909090909
vn 1.1218808506546820 -0.2464679738667981 6.1757956123382023
v 0.0295420000000000 -0.0317990000000000 0.0631620000000000
vn 1.3349596587333510 -0.3124764828152948 6.1307462379864646
v 0.0307480000000000 -0.0325560000000000 0.0628840000000000
vn -1.2976728019828561 0.0052702300550414 6.1451584495645868
v -0.0317030000000000 -0.0097970000000000 0.0629990000000000
vn -1.6464907030990452 0.0488248478585446 6.0627648850116813
v -0.0341686000000000 -0.0071986000000000 0.0623924000000000
vn -2.5811168706965235 -0.0895998136429743 5.6477368092735620
v -0.0349228285714286 -0.0060605714285714 0.0621632571428572
vn -4.3592699514830260 0.0930212649814819 2.9782500129753391
v -0.0355398524590164 -0.0053778565573771 0.0618632745901638
vn 2.4357433355379157 -5.7895703265249923 0.0102260132332174
v 0.0134780000000000 -0.0584790000000000 0.0609270000000000
vn 5.9388389038276577 -2.0466591101826976 0.0631939140858936
v 0.0326987741935484 -0.0375272580645161 0.0605796451612903
vn 6.0740963593442618 -1.5990739463610979 0.0905855539792714
v 0.0337353684210526 -0.0341183157894737 0.0608270000000000
vn 5.9865022583383416 -1.9061337399312479 -0.0017647678070422
v 0.0330468666666667 -0.0364788000000000 0.0595500000000000
vn 6.0360649368239754 -1.7427080002239439 -0.0027394875674198
v 0.0334840000000000 -0.0350410000000000 0.0595500000000000
vn -6.2770099821929008 0.1956715403048041 0.1222359736734793
v -0.0357510000000000 -0.0089810000000000 0.0608060000000000
vn -6.2784725071418412 0.2407629263003631 -0.0019305302931884
v -0.0357130000000000 -0.0078260000000000 0.0595370000000000
vn -6.2764164007136500 0.2885554123735258 -0.0040969628058021
v -0.0356640000000000 -0.0066720000000000 0.0582670000000000
vn -3.1361737457169543 0.1835949898036058 -0.0000000000000000
v -0.0356030000000000 -0.0055190000000000 0.0569980000000000
vn 0.9110357776291321 -1.2735312561180125 6.0832514435468337
v 0.0182690000000000 -0.0541934545454546 0.0625810909090909
vn 0.7318868233822028 -1.0317018868166530 6.1511697556925098
v 0.0170390000000000 -0.0530650000000000 0.0629670000000000
vn 4.3730294261103584 -1.9014703154787806 2.6879841493869558
v 0.0315765555555556 -0.0403358888888889 0.0618406296296297
vn 4.4393005502044982 -2.0085976556422276 2.3911910407498129
v 0.0322545233918128 -0.0387123713450293 0.0618091900584795
vn 2.4869919081664014 -0.6723361221979938 5.6332207936999312
v 0.0316683461538462 -0.0386788461538462 0.0621994615384615
vn 1.1804430289419277 -0.1628985728158906 6.1675922116429076
v 0.0305040000000000 -0.0280220000000000 0.0631070000000000
vn 2.2901349810689671 -3.3350490660137093 2.9268216834316547
v 0.0191580000000000 -0.0553940000000000 0.0621460000000000
vn -1.2371566772737788 0.0567435991873410 6.1584875387808413
v -0.0314140000000000 -0.0051930000000000 0.0630340000000000
vn -0.9814477225551556 0.0325171202889673 6.2043979596800316
v -0.0289000000000000 -0.0067250000000000 0.0634970000000000
vn -0.2728877128042413 0.1300593688316918 6.2749015851466599
v -0.0165400000000000 0.0053010000000000 0.0644150000000000
vn -0.2000685034477181 0.1591420718646267 6.2771861496311905
v -0.0132120000000000 0.0089270000000000 0.0644540000000000
vn -0.0481562429244497 0.0255786466870428 6.2828748337516807
v -0.0074940000000000 -0.0031380000000000 0.0646800000000000
vn -4.0440454927238108 0.0631457716313352 2.9918455481173307
v -0.0357930000000000 -0.0110150000000000 0.0619250000000000
vn 0.8486451159826992 -6.2242015009949077 -0.0373035563722744
v 0.0045930000000000 -0.0609270000000000 0.0596170000000000
vn 1.5500956760495272 -6.0868523013908238 0.0514451136076720
v 0.0085636060606061 -0.0601487272727273 0.0617570808080807
vn 1.7638013957022465 -6.0282488412456416 0.0496759720788764
v 0.0095048852459016 -0.0598911803278689 0.0615362131147541
vn -3.1345222033097873 -0.2029052297841694 -0.0000000000000001
v -0.0355440000000000 -0.0224950000000000 0.0569980000000000
vn 6.1460160858764974 -1.3033794762641377 0.0053823400417332
v 0.0343090000000000 -0.0316965000000000 0.0608270000000000
vn 6.1791897025369771 -1.1370000184672016 -0.0009508342098963
v 0.0345990000000000 -0.0302410000000000 0.0582740000000000
vn 6.1106366559956982 -1.4599327856768920 0.0020368551116797
v 0.0339850000000000 -0.0331400000000000 0.0595500000000000
vn 3.1012071080674448 -0.5005522164372420 -0.0000000000000027
v 0.0347690000000000 -0.0292660000000000 0.0569980000000000
vn 0.2799181291005756 -0.3677948766314899 6.2634218912840511
v 0.0124400000000000 -0.0443750000000000 0.0641800000000000
vn 0.5314554758181224 -0.1932141574849345 6.2560306874133520
v 0.0225050000000000 -0.0340070000000000 0.0640080000000000
vn 0.6853639463003123 -0.3668471844543376 6.2326126628426533
v 0.0238540000000000 -0.0376080000000000 0.0637220000000000
vn 0.4946114078120054 -0.2209039468835028 6.2580663289014025
v 0.0216990000000000 -0.0354180000000000 0.0640280000000000
vn 0.0769636225691376 -0.8119375485132809 6.2256513612471167
v 0.0019470000000000 -0.0544750000000000 0.0636390000000000
vn 0.4766880337561937 -1.4767994650896679 6.0860353370841915
v 0.0093732727272727 -0.0582320000000000 0.0626799090909091
vn 0.5432750639122410 -0.6765784612426314 6.2179971044746747
v 0.0165720000000000 -0.0495230000000000 0.0635150000000000
vn 0.7875740564763083 -1.0038010957004291 6.1490664131702033
v 0.0184386666666667 -0.0521540833333333 0.0629442500000000
vn 0.6009701867581300 -0.6513501126338488 6.2154008789029218
v 0.0181680000000000 -0.0484020000000000 0.0634880000000000
vn 1.3675583964037208 -0.5551012241846712 6.1052333487767045
v 0.0296460000000000 -0.0391980000000000 0.0626640000000000
vn 1.8396971375609508 -0.8593712280301553 5.9233136526109504
v 0.0305326363636364 -0.0402405000000000 0.0623372500000000
vn 1.2614083579848610 -0.6918229319905966 6.1134205344020343
v 0.0278420000000000 -0.0424180000000000 0.0627270000000000
vn 1.1136146945195744 -0.5984545003200247 6.1524701828859385
v 0.0270640000000000 -0.0408860000000000 0.0630350000000000
vn 1.4230736448890464 -0.1579580636059870 6.1168673894924019
v 0.0321220000000000 -0.0266280000000000 0.0627980000000000
vn 1.5981431956836718 -0.2157184470207749 6.0718385133318744
v 0.0332380000000000 -0.0279275000000000 0.0624815000000000
vn 1.6342944011832945 -0.1095214309633702 6.0631933083186196
v 0.0338100000000000 -0.0240160000000000 0.0624330000000000
vn 1.2780321683419809 -3.7957289496120881 2.9612048151761226
v 0.0108050000000000 -0.0594910000000000 0.0622050000000000
vn 0.8107183659019025 -3.9418842676010075 2.9815201251720791
v 0.0071243684210526 -0.0604834210526316 0.0622215263157895
vn -0.6918058972740904 0.0273777843653991 6.2430266412635733
v -0.0261500000000000 -0.0058070000000000 0.0638650000000000
vn -0.0963674014064268 0.1783779600915656 6.2793225140732520
v -0.0068630000000000 0.0126530000000000 0.0645000000000000
vn -0.0536740235458631 0.0244709010101122 6.2828076323267830
v -0.0082710000000000 -0.0040930000000000 0.0646780000000000
vn 1.0617769685488330 -6.1894392862644612 0.0887648632188363
v 0.0057350000000000 -0.0607530000000000 0.0613438181818182
vn 1.2529782032709167 -6.1559703712486122 0.0054040234291727
v 0.0068710000000000 -0.0605410000000000 0.0596170000000000
vn 2.1137587600993668 -5.9126180519354481 -0.0427359856563211
v 0.0113240000000000 -0.0593140000000000 0.0596170000000000
vn 5.5913687942812853 -2.8655727453347577 0.0034894381107001
v 0.0306460000000000 -0.0423450000000000 0.0582740000000000
vn 3.1138849921051195 -0.4137948183691760 -0.0024629671864799
v 0.0350620000000000 -0.0272930000000000 0.0569980000000000
vn 0.1813059301392990 -1.5384742950930734 6.0862849145607800
v 0.0035485000000000 -0.0593930000000000 0.0627070000000000
vn 0.0796769139415418 -1.2077655423002422 6.1613387680906033
v 0.0021070000000000 -0.0578460000000000 0.0630880000000000
vn 0.2772418263245096 -3.8006130042237016 4.2009972416683175
v 0.0045305517241379 -0.0607053793103448 0.0622859310344827
vn 0.4253699148251294 -0.7201488392103363 6.2222563653936502
v 0.0131830000000000 -0.0514510000000000 0.0635630000000000
vn 1.4489483448636453 -0.5363848589639078 6.0886721406839266
v 0.0304658181818182 -0.0378883181818182 0.0625886818181818
vn 1.0488036561886491 -0.3340511964828195 6.1843777358579386
v 0.0282190000000000 -0.0354630000000000 0.0632230000000000
vn 1.2543930159009058 -0.4278202565148568 6.1406143035383334
v 0.0293720000000000 -0.0363720000000000 0.0629490000000000
vn 2.2554944391527796 -0.6530169599391397 5.7834261105498346
v 0.0337280000000000 -0.0319530000000000 0.0621530000000000
vn 1.5892521189925275 -0.2798470328951647 6.0709556236266629
v 0.0327610000000000 -0.0302530000000000 0.0625140000000000
vn 1.3888886726504361 -0.2244865664148537 6.1225762942295532
v 0.0316311538461538 -0.0291571538461538 0.0628325384615385
vn -1.6138538062229340 0.0338518854946727 6.0663485538859874
v -0.0340410000000000 -0.0215900000000000 0.0624090000000000
vn -0.8166825224597403 -0.0168546282456740 6.2269784573214206
v -0.0269810000000000 -0.0134870000000000 0.0637760000000000
vn 4.7680927410394078 -1.2140715038548655 2.5522773265414376
v 0.0340145384615385 -0.0330150769230769 0.0617905384615385
vn -0.1350192035981450 0.0613441512068027 6.2811396635996619
v -0.0124070000000000 0.0006040000000000 0.0645960000000000
vn -0.1169964115267257 0.0680495211450344 6.2814830481085178
v -0.0112400000000000 0.0020370000000000 0.0646040000000000
vn -0.0986323391247246 0.0734642018668824 6.2817678622762001
v -0.0099110000000000 0.0033230000000000 0.0646120000000000
vn -0.0814005924174391 0.0766965090086344 6.2820155161326356
v -0.0084390000000000 0.0044430000000000 0.0646190000000000
vn -0.0642919053790102 0.0787467150819142 6.2821950367443504
v -0.0068440000000000 0.0053800000000000 0.0646260000000000
vn 0.6667535671667268 -5.9661708410304026 1.2616335159756802
v 0.0046645000000000 -0.0609159272727273 0.0617797454545454
vn 1.4969862149373108 -6.1003072246393666 -0.0311182732542983
v 0.0079990000000000 -0.0602910000000000 0.0596170000000000
vn 1.7669572183964679 -6.0280156933103157 -0.0057527333228054
v 0.0096725000000000 -0.0598400000000000 0.0596170000000000
vn 2.7956931325814391 -1.4327934759023069 -0.0000000000000141
v 0.0306460000000000 -0.0423450000000000 0.0569980000000000
vn 6.2485954785682774 -0.6528047400968272 0.0004577513299746
v 0.0352960000000000 -0.0253120000000000 0.0595500000000000
vn 0.0542531976007337 -1.5555962292035139 6.0825788400610303
v 0.0021860000000000 -0.0595170000000000 0.0627090000000000
vn 0.1580653203752776 -1.1910815356387479 6.1637811094728825
v 0.0036810000000000 -0.0576905000000000 0.0630850000000000
vn 0.3096858060509664 -0.7503376193226106 6.2255657657566452
v 0.0095750000000000 -0.0529310000000000 0.0636010000000000
vn 0.4510613390969882 -1.1374560762954304 6.1593484558104858
v 0.0103600000000000 -0.0561850000000000 0.0630470000000000
vn 0.3965236207700237 -1.1503775372431251 6.1608059555935109
v 0.0093550000000000 -0.0565060000000000 0.0630560000000000
vn 0.8626525393538982 -0.5122430052432154 6.1981789854918867
v 0.0249310000000000 -0.0414280000000000 0.0633350000000000
vn 0.8220134089476562 -0.5267306692637139 6.2016558480679009
v 0.0237610000000000 -0.0429870000000000 0.0633670000000000
vn 1.4466802974724235 -0.4730351444427647 6.0947601459015619
v 0.0308106363636364 -0.0365682727272727 0.0626163636363636
vn 1.2261237028199499 -0.4686462661249773 6.1431805782647348
v 0.0287465000000000 -0.0377595000000000 0.0629745000000000
vn 2.5699247994773557 -0.6568039021871193 5.6025917741209579
v 0.0334480000000000 -0.0330110000000000 0.0621690000000000
vn 1.5974226777535172 -0.2423670903493682 6.0707573721729871
v 0.0330390000000000 -0.0289635000000000 0.0624955000000000
vn -1.6306435636487224 -0.1142924661752921 6.0635625137252571
v -0.0338430000000000 -0.0237030000000000 0.0624300000000000
vn -3.9536207170860282 -0.1455123732319642 3.0060163842531216
v -0.0356770000000000 -0.0201440000000000 0.0619360000000000
vn -0.0092403038330340 0.1972453181018189 6.2797448012337425
v 0.0000000000000000 0.0148130000000000 0.0644920000000000
vn -0.4167088875048273 0.0090810594266807 6.2679055683293150
v -0.0210470000000000 -0.0085680000000000 0.0643150000000000
vn -0.1534438338652823 0.0519020261129733 6.2807524923567168
v -0.0133930000000000 -0.0009570000000000 0.0645880000000000
vn -0.3894885425031694 -6.2684720109013385 -0.0175474520442633
v -0.0024290000000000 -0.0611490000000000 0.0612247272727273
vn -0.6875175199539361 -6.2445874303224436 -0.0079387749556154
v -0.0036400000000000 -0.0610420000000000 0.0596170000000000
vn -6.2000689833750799 -1.0134722727536827 0.0518418463914529
v -0.0347714736842105 -0.0292405789473684 0.0608060000000000
vn -6.1779962836616207 -1.1430773224601536 -0.0026584213598862
v -0.0345840000000000 -0.0303210000000000 0.0595370000000000
vn -6.1458117714215801 -1.3028757762522765 0.0000000000000000
v -0.0343680000000000 -0.0314260000000000 0.0595370000000000
vn 6.2630131825014876 -0.4984625615359599 -0.0012689097821580
v 0.0354730000000000 -0.0233580000000000 0.0595500000000000
vn 6.2743653551168492 -0.1810665911651273 0.1277367831420357
v 0.0357980000000000 -0.0154660000000000 0.0608270000000000
vn 6.2830811381537632 -0.0349052934534864 0.0000006984715884
v 0.0358050000000000 -0.0144760000000000 0.0595500000000000
vn 1.2519443327363229 -0.0201308416332362 6.1557721955020659
v 0.0316540000000000 -0.0183590000000000 0.0630060000000000
vn 1.8571293788619712 -0.1674651668511459 5.9944104503712756
v 0.0349890000000000 -0.0145610000000000 0.0621780000000000
vn 5.9118714389535247 -0.2233146334334108 4.1005182737496719
v 0.0356603333333333 -0.0161176666666667 0.0618136666666667
vn 1.8778958003415016 -0.0434300463077377 5.9859188078112746
v 0.0343320000000000 -0.0155960000000000 0.0623660000000000
vn 1.4772258224498875 -0.0156162484477035 6.1062116457849429
v 0.0330045000000000 -0.0170380000000000 0.0627060000000000
vn -1.5330429667652754 -0.3368029221926628 6.0818355711668355
v -0.0320240000000000 -0.0330630000000000 0.0625570000000000
vn -4.4103845421851675 -0.5182873262112877 3.1683358145593914
v -0.0348523793103448 -0.0281190000000000 0.0618916206896552
vn -1.6091898931533366 -0.1465947297900895 6.0689128738132219
v -0.0335800000000000 -0.0258070000000000 0.0624540000000000
vn -0.2495459219517879 -0.7619735504051368 6.2268392329351752
v -0.0077530000000000 -0.0534850000000000 0.0636160000000000
vn -0.9815727355623497 -0.4015196420899887 6.1913498351164584
v -0.0270570000000000 -0.0379280000000000 0.0632670000000000
vn -0.7642602344772439 -0.2948642135702368 6.2280612110504237
v -0.0248240000000000 -0.0358940000000000 0.0636930000000000
vn -0.3015895737592650 -1.1882194415367995 6.1583423324360966
v -0.0073590000000000 -0.0570420000000000 0.0630700000000000
vn 0.0453219867155383 0.1763726588895325 6.2801452931250212
v 0.0025940000000000 0.0137190000000000 0.0645140000000000
vn 0.7074031805203616 0.0054377812408597 6.2413352699276601
v 0.0264630000000000 -0.0102370000000000 0.0638390000000000
vn 0.9587981829680214 -0.0013800634535426 6.2087994947948930
v 0.0291514444444444 -0.0121971111111111 0.0634678888888889
vn -0.6054708181114089 -3.0796978801749226 -0.0402657008480336
v -0.0066230000000000 -0.0605900000000000 0.0569980000000000
vn -0.8868437087364454 -6.2187288284189801 -0.0329842036274456
v -0.0048460000000000 -0.0608920000000000 0.0596170000000000
vn -6.1470717085660969 -1.2951160609350998 0.0323570258153968
v -0.0343680000000000 -0.0314260000000000 0.0608060000000000
vn -6.1785784114015971 -1.1397969836084982 -0.0000000000000000
v -0.0345840000000000 -0.0303210000000000 0.0608060000000000
vn -6.1990237346366328 -1.0230048442742217 0.0044260141897544
v -0.0347780000000000 -0.0292120000000000 0.0595370000000000
vn 6.2723321410699686 -0.3635488064000605 0.0014654366813170
v 0.0356070000000000 -0.0214000000000000 0.0595500000000000
vn 3.1389434798907243 -0.1267058988122310 -0.0016461242146932
v 0.0357020000000000 -0.0194230000000000 0.0569980000000000
vn 6.2830815130241842 -0.0348109970668905 0.0001200523316692
v 0.0358050000000000 -0.0144760000000000 0.0604784545454545
vn 6.2827920628436331 -0.0666797545809197 0.0000000000000056
v 0.0357980000000000 -0.0154660000000000 0.0595500000000000
vn 1.4737245606804519 -0.0290240676516513 6.1069130333424164
v 0.0329430000000000 -0.0185590000000000 0.0627160000000000
vn 3.4635898691807991 -0.2720640535723761 4.7280630716251775
v 0.0356240000000000 -0.0145810000000000 0.0619820000000000
vn 1.6120620360053368 -0.0012181846088992 6.0723631572032026
v 0.0340058461538462 -0.0145302307692308 0.0624536153846154
vn 1.2565869535611207 -0.0134734999882986 6.1548016116507975
v 0.0316970000000000 -0.0173850000000000 0.0630000000000000
vn -0.3025861961541735 -3.9852933129897123 2.9521339166770271
v -0.0024170000000000 -0.0611510000000000 0.0622350000000000
vn -2.0881061874816096 -0.7587922886637291 5.7822797826475894
v -0.0346670000000000 -0.0273620000000000 0.0620900000000000
vn -0.1875013965026788 -0.7715976657262549 6.2278859565539939
v -0.0058430000000000 -0.0539370000000000 0.0636270000000000
vn -0.6909674251917525 -0.3644300770554662 6.2320753255357335
v -0.0239430000000000 -0.0374620000000000 0.0637200000000000
vn -0.8005791242636834 -0.2616340135838375 6.2249083454380143
v -0.0256100000000000 -0.0342770000000000 0.0636670000000000
vn -1.3370012939093079 -0.3064842195609447 6.1301527364058970
v -0.0305170000000000 -0.0332920000000000 0.0628960000000000
vn -0.2810618907257142 -1.2083058840639267 6.1549920324556480
v -0.0063220000000000 -0.0572690000000000 0.0630750000000000
vn 0.9648551702204687 -0.0000951412242548 6.2072588359218752
v 0.0292240000000000 -0.0134870000000000 0.0634560000000000
vn 0.3859576750132612 0.0454992314934038 6.2698617687077514
v 0.0202430000000000 -0.0031570000000000 0.0643440000000000
vn 1.1320013258793586 0.0141053062274016 6.1797805490815918
v 0.0304520000000000 -0.0116200000000000 0.0632460000000000
vn -1.5226169076431244 -2.7417489304801959 -0.0040750305789789
v -0.0168820000000000 -0.0567980000000000 0.0569980000000000
vn -0.9300955507890747 -2.9976165839869378 -0.0399696431124557
v -0.0101720000000000 -0.0596940000000000 0.0569980000000000
vn -1.9344685911964223 -5.9769961248484300 -0.0032224619030170
v -0.0105460000000000 -0.0595760000000000 0.0596170000000000
vn -5.8619090279538657 -2.2496792778011376 0.0504786675586661
v -0.0322705000000000 -0.0387030000000000 0.0614410000000000
vn -5.9300046774160355 -2.0739764719269891 0.0379933025296971
v -0.0326920000000000 -0.0375459354838710 0.0605397096774193
vn -5.9703711581929664 -1.9565281861328694 0.0012615356700165
v -0.0329430000000000 -0.0368090000000000 0.0595370000000000
vn -6.0218062790037825 -1.7905028840823616 -0.0092761121814273
v -0.0332890000000000 -0.0357100000000000 0.0582670000000000
vn -5.7864707101373130 -2.4465768115297566 0.0078358203142916
v -0.0317370000000000 -0.0400330000000000 0.0595370000000000
vn 3.1414858404861299 0.0108057983477636 0.0013359184406974
v 0.0358090000000000 -0.0134860000000000 0.0569980000000000
vn 3.1354223265454007 0.1874979682188729 -0.0082711669198823
v 0.0356150000000000 -0.0055990000000000 0.0569980000000000
vn 0.9883176448573960 -0.0204157273131379 6.2033410630015293
v 0.0290000000000000 -0.0188460000000000 0.0634870000000000
vn 1.1365269672442497 -0.0299167597375402 6.1787476825734400
v 0.0304520000000000 -0.0153550000000000 0.0632460000000000
vn 1.4576418775403732 -0.0014792723480670 6.1112439249376704
v 0.0328668387096774 -0.0135117096774194 0.0627413548387097
vn -1.0813390458884373 -0.2952717521037865 6.1808785562372970
v -0.0288499090909091 -0.0338517272727273 0.0631952727272727
vn -1.0530494988860803 -0.3306924661170590 6.1838244897144383
v -0.0283020000000000 -0.0352640000000000 0.0632190000000000
vn -0.8708496868580079 -0.1875080036649567 6.2179548739629373
v -0.0269010000000000 -0.0309240000000000 0.0636170000000000
vn -1.4293499915205439 -0.5204887049211407 6.0947401872694300
v -0.0303819090909091 -0.0375942727272727 0.0626348181818182
vn -1.5685301394558724 -0.4802858843507434 6.0640344975925471
v -0.0314711153846154 -0.0364232307692308 0.0624620769230769
vn -0.5487655822789808 -1.1701977157118022 6.1425655378995296
v -0.0124080000000000 -0.0554180000000000 0.0630270000000000
vn -1.7062837990085518 -3.5686767793134599 2.9502313789922310
v -0.0149660000000000 -0.0578020000000000 0.0621800000000000
vn 0.0153966771007309 0.0288587221707585 6.2830580020452604
v 0.0025730000000000 -0.0001440000000000 0.0646890000000000
vn 0.1049794162893607 0.0697924392576146 6.2817341807084475
v 0.0105880000000000 0.0027070000000000 0.0646080000000000
vn 0.4701717928488600 0.2913996212236141 6.2560124927668346
v 0.0198280000000000 0.0111010000000000 0.0640690000000000
vn 1.2890204412251389 0.0006881460805914 6.1489706421262751
v 0.0317740000000000 -0.0125130000000000 0.0629870000000000
vn 1.6043322955986796 0.1313629109395954 6.0684045834837974
v 0.0342690000000000 -0.0092690000000000 0.0623770000000000
vn -0.0681728556164208 -1.8728806488027494 0.0255179988399451
v -0.0025000000000000 -0.0611440000000000 0.0594980000000000
vn -0.4854499887403839 -6.0937970722560708 0.9440534289349293
v -0.0048235904761905 -0.0608931809523809 0.0617735714285713
vn -6.2190235460972003 -0.8586820998878260 0.1347289396264637
v -0.0351050000000000 -0.0269800000000000 0.0608060000000000
vn -6.1617605432971594 -1.1471990266694403 0.2843989401930691
v -0.0345840000000000 -0.0303210000000000 0.0614410000000000
vn -6.2163765502542274 -0.9120938171224993 -0.0018384134876366
v -0.0349510000000000 -0.0280980000000000 0.0595370000000000
vn 6.2830634334477180 -0.0338713085410422 0.0094935293572622
v 0.0358050000000000 -0.0144760000000000 0.0614650000000000
vn 6.2822968323096697 -0.1044229742377833 -0.0015627449873502
v 0.0357840000000000 -0.0164550000000000 0.0595500000000000
vn 1.2769395512308184 -0.0648229879102787 6.1492295603010882
v 0.0314610000000000 -0.0212760000000000 0.0630290000000000
vn 1.4688030238884762 -0.0563786706911736 6.1078559224448927
v 0.0328880000000000 -0.0195730000000000 0.0627230000000000
vn -0.8254176186095811 -0.5246366586978216 6.2013835499031771
v -0.0238620000000000 -0.0428590000000000 0.0633640000000000
vn -0.9644002712491349 -0.4757103742916545 6.1877198369956528
v -0.0260970000000000 -0.0396380000000000 0.0632990000000000
vn -0.9414556400794569 -0.1008829260056258 6.2098429676086537
v -0.0282090000000000 -0.0256950000000000 0.0635490000000000
vn -1.5298462598913638 -0.3144888538420749 6.0835929844788046
v -0.0324586363636364 -0.0314818181818182 0.0625322727272727
vn -1.7535857153459313 -0.3875777226781401 6.0198979129271306
v -0.0335210000000000 -0.0327460000000000 0.0621650000000000
vn -0.3725929106716921 -1.6320334301935082 6.0537287536829147
v -0.0072932857142857 -0.0595206428571428 0.0624917857142857
vn -0.2523112947184237 -1.7896186422767624 6.0143835431920589
v -0.0039155185185185 -0.0603380000000000 0.0624370370370370
vn 0.0072400837073476 -1.1972736839013818 6.1618332739618698
v 0.0000000000000000 -0.0574680000000000 0.0631770000000000
vn 4.0254743290610602 -0.3056226361479601 2.9911882503240528
v 0.0354820000000000 -0.0232440000000000 0.0619500000000000
vn 0.0353521034335674 0.0799404461956166 6.2824577241383377
v 0.0038600000000000 0.0065280000000000 0.0646340000000000
vn 0.1070406681677177 0.1758045155541826 6.2792611766350834
v 0.0076140000000000 0.0123640000000000 0.0644960000000000
vn 0.7412874824481495 0.0271904327566825 6.2359693530129210
v 0.0262650000000000 -0.0069940000000000 0.0638570000000000
vn -0.4352905309004474 -5.9080027679622349 0.0030033929371611
v -0.0028125000000000 -0.0611190000000000 0.0604980000000000
vn -0.7954587246615972 -6.1741908756244310 0.5555262815917951
v -0.0038140468750000 -0.0610200468750000 0.0615230000000000
vn -3.1263046904103420 -0.3059922346416519 -0.0000000000000003
v -0.0353580000000000 -0.0247400000000000 0.0569980000000000
vn -6.2133407280868980 -0.8641114363977787 0.2241132865730816
v -0.0349510000000000 -0.0280980000000000 0.0608060000000000
vn -6.2339498427643276 -0.7812836668963363 -0.0000000000000001
v -0.0351050000000000 -0.0269800000000000 0.0595370000000000
vn 2.9920228643470024 -0.3039392349190255 -0.1373999802313629
v 0.0357980000000000 -0.0154660000000000 0.0619250000000000
vn 6.2550294504553978 -0.1046326149253417 0.4083523692585579
v 0.0357840000000000 -0.0164550000000000 0.0608270000000000
vn 3.1406117631884261 -0.0752915779339849 -0.0024638643689800
v 0.0357650000000000 -0.0174450000000000 0.0569980000000000
vn 1.6365761231078961 -0.0896877613403910 6.0629331955323504
v 0.0340170000000000 -0.0219180000000000 0.0624110000000000
vn 1.2478602468447479 -0.0321101891010666 6.1564725440364523
v 0.0316010000000000 -0.0193320000000000 0.0630130000000000
vn -4.6798907621651207 -0.7627124598746020 2.7412043793416787
v -0.0347582261904762 -0.0292001190476190 0.0618272619047619
vn -0.9704287387805467 -0.0352287042483853 6.2054914288022553
v -0.0284960000000000 -0.0239220000000000 0.0635300000000000
vn -1.2589146526964310 -0.1024179656095607 6.1520989880568893
v -0.0310540000000000 -0.0248680000000000 0.0630670000000000
vn -1.8146454450877216 -0.3495466938819836 6.0034579564516397
v -0.0337960000000000 -0.0316800000000000 0.0621490000000000
vn -0.2927525369297300 -3.8055722227991304 4.1504266103832714
v -0.0046061729729730 -0.0607145351351351 0.0622835027027027
vn -0.3166925596461826 -1.5688573231234866 6.0728639712422865
v -0.0057677647058824 -0.0593674117647059 0.0626213529411765
vn -0.2043351255220378 -1.4813624787117363 6.0940760188307523
v -0.0076370000000000 -0.0586890000000000 0.0626910000000000
vn -3.9765075586447747 -0.9106742232367727 2.9564326952058542
v -0.0340300000000000 -0.0329490000000000 0.0619940000000000
vn 0.0051884938697553 -0.8146006514836049 6.2273480257358447
v 0.0000000000000000 -0.0543510000000000 0.0636650000000000
vn 4.0330636248434057 -0.2180808813730100 2.9911754324119837
v 0.0355805454545455 -0.0218192727272727 0.0619443636363636
vn 0.1621907311580478 0.0443648107641965 6.2806036686782001
v 0.0139450000000000 -0.0020500000000000 0.0645830000000000
vn 0.0220374510572559 0.0795705416190761 6.2825554416132485
v 0.0019460000000000 0.0069170000000000 0.0646370000000000
vn 0.3299969447467038 0.0944832095403196 6.2727173930635258
v 0.0185900000000000 0.0017630000000000 0.0643820000000000
vn 0.2085170178512261 -1.6186223939834807 -0.0202657582449987
v 0.0030000000000000 -0.0611040000000000 0.0569980000000000
vn 1.0426626939880972 -6.1948547161133325 -0.0136538013327594
v 0.0057350000000000 -0.0607530000000000 0.0596170000000000
vn 1.3082394728352629 -6.1441664363366808 0.0171473047522508
v 0.0071770416666667 -0.0604754583333333 0.0612272083333333
vn 2.0859813136083623 -5.9238965438433944 -0.0036201614121488
v 0.0113240000000000 -0.0593140000000000 0.0609270000000000
vn 6.1084691475115589 -1.4684970036208926 0.0018203732680994
v 0.0339850000000000 -0.0331400000000000 0.0608270000000000
vn 3.0896647384894527 -0.5681002351041461 -0.0000000000000009
v 0.0345990000000000 -0.0302410000000000 0.0569980000000000
vn 6.1448509314937541 -1.3091436762018316 0.0028400664186152
v 0.0342997272727273 -0.0317404545454545 0.0595500000000000
vn 6.2013175674016692 -1.0084990070179072 -0.0047503093048597
v 0.0347690000000000 -0.0292660000000000 0.0582740000000000
vn 0.7556730956962994 -0.2981474812912189 6.2288742942450561
v 0.0247400000000000 -0.0360560000000000 0.0636960000000000
vn 1.0984065666933456 -4.0452091399967678 2.9703463034037485
v 0.0087163225806452 -0.0601020322580645 0.0621998870967742
vn 0.1262259543364663 -0.7801520237421125 6.2282894893397680
v 0.0038860000000000 -0.0542710000000000 0.0636350000000000
vn 0.5905942468607380 -1.4609126336905218 6.0784071182727013
v 0.0107510000000000 -0.0578010000000000 0.0626690000000000
vn 0.5337052673964419 -1.7648435348248659 6.0032576407908174
v 0.0094198888888889 -0.0593987407407407 0.0623650000000000
vn 1.3818173694061440 -0.6245776691452677 6.0958005105612401
v 0.0293240833333333 -0.0402848750000000 0.0626295000000000
vn 1.4908737794790348 -0.5736812601040874 6.0753952709381522
v 0.0303298421052632 -0.0388973157894737 0.0625290000000000
vn 1.4097367997217800 -0.1850002675835758 6.1192234645604353
v 0.0319450000000000 -0.0276270000000000 0.0628110000000000
vn 1.6524069834412785 -0.1573134365203920 6.0584796632090505
v 0.0335370000000000 -0.0261070000000000 0.0624570000000000
vn -1.2468540448082805 -0.0553345259082386 6.1538673807656856
v -0.0312990000000000 -0.0229250000000000 0.0630460000000000
vn -0.2802860839281674 -0.0005484302278406 6.2764604464536031
v -0.0179970000000000 -0.0134870000000000 0.0644730000000000
vn -3.9371093086476092 -0.1006971406621969 3.0221277537651816
v -0.0357530000000000 -0.0180210000000000 0.0619290000000000
vn 4.0780618361230996 -0.4629489036797627 3.0589304518953941
v 0.0353100000000000 -0.0251700000000000 0.0619580000000000
vn -0.0012970222045078 0.0544593996717052 6.2828789885837200
v 0.0000000000000000 0.0053780000000000 0.0646560000000000
vn -0.4158526067466421 0.0090790950826870 6.2682157561494645
v -0.0211870000000000 -0.0110260000000000 0.0643070000000000
vn 0.9368452463356447 -2.9950567292549590 -0.0280102363626945
v 0.0101650000000000 -0.0596960000000000 0.0569980000000000
vn 0.1527112593924017 -5.8263708573166602 1.5553585317270466
v 0.0038489531250000 -0.0610180000000000 0.0616508593750000
vn 5.5925651086174764 -2.8609210142893957 0.0646911530644651
v 0.0306402127659574 -0.0423539787234043 0.0605550851063830
vn 6.1708790906857187 -0.9780693966886322 0.4464222742776034
v 0.0349230000000000 -0.0282800000000000 0.0608270000000000
vn 6.2307967401445872 -0.8066393543807689 -0.0000000000000011
v 0.0350620000000000 -0.0272930000000000 0.0595500000000000
vn 0.3246216165402848 -1.6108101981290639 6.0608521779356845
v 0.0061678888888889 -0.0595112777777778 0.0625620555555556
vn 0.3529043598698786 -1.1604764756351842 6.1617405267253709
v 0.0083400000000000 -0.0567950000000000 0.0630630000000000
vn 0.6559424044996238 -0.6240231096025243 6.2126249584474218
v 0.0196910000000000 -0.0471820000000000 0.0634590000000000
vn 0.7104034162463246 -0.5950931982342488 6.2095364199094938
v 0.0211350000000000 -0.0458690000000000 0.0634290000000000
vn 1.0038507385403317 -0.3843903200238885 6.1890020867993227
v 0.0274080000000000 -0.0372360000000000 0.0632540000000000
vn 0.9252324315507401 -0.4522350051997254 6.1966606881045303
v 0.0260000000000000 -0.0397970000000000 0.0633020000000000
vn 1.0792489918112111 -0.2998640788049720 6.1809921063296427
v 0.0287725454545455 -0.0340625454545455 0.0631988181818182
vn 1.2889039863086706 -0.3850895260517968 6.1362293911785599
v 0.0297540000000000 -0.0354320000000000 0.0629320000000000
vn 1.3638153232806354 -0.2774395591794409 6.1257778367694415
v 0.0310320000000000 -0.0315820000000000 0.0628690000000000
vn 1.6260494757399742 -0.3554002169895421 6.0578454492822749
v 0.0326443529411765 -0.0327838823529412 0.0624098823529412
vn 4.8542852794906182 -0.7394580640224924 2.6045824882644180
v 0.0347411328903655 -0.0293068073089701 0.0618117009966776
vn 2.0033616680737119 -0.4591603239272748 5.9158386874427329
v 0.0340420500000000 -0.0290955833333333 0.0622079500000000
vn -1.3064634527236998 -0.0166140820605457 6.1377683455926864
v -0.0317050000000000 -0.0170580000000000 0.0629990000000000
vn -4.0293313175914429 -0.2671029281745398 2.9819801802933754
v -0.0355660000000000 -0.0221680000000000 0.0619430000000000
vn 0.5724153861841552 -3.9247318342386248 2.7847331763750747
v 0.0024150000000000 -0.0611500000000000 0.0622350000000000
vn 3.9766780665637134 -0.5991469910870300 2.9519228550970653
v 0.0344620000000000 -0.0309600000000000 0.0619840000000000
vn -0.1849713153486987 0.0301830761759093 6.2799493600451353
v -0.0148140000000000 -0.0043580000000000 0.0645730000000000
vn -0.0467352195556306 0.0804006344006877 6.2823610579711735
v -0.0051480000000000 0.0061180000000000 0.0646310000000000
vn 0.0764067669167215 -1.8481123468310265 0.0049614994682924
v 0.0025000000000000 -0.0611440000000000 0.0594980000000000
vn 0.6519343568252050 -6.2486024514477485 -0.0052600208179729
v 0.0034490000000000 -0.0610620000000000 0.0596170000000000
vn 6.1758891954757820 -1.1541009294677282 0.0059156635529563
v 0.0345990000000000 -0.0302410000000000 0.0595500000000000
vn 3.0759790435390921 -0.6373562283108958 0.0000000000000000
v 0.0344110000000000 -0.0312130000000000 0.0569980000000000
vn 6.2026445670651746 -0.9757633931454066 0.1193628339926466
v 0.0347525135135135 -0.0293569189189189 0.0606024864864865
vn 0.3742591464114704 -1.6243345675706009 6.0557392729871165
v 0.0074009565217391 -0.0594420000000000 0.0625066521739130
vn 0.2315544531667270 -1.1992659122974527 6.1591736128056374
v 0.0052480000000000 -0.0574690000000000 0.0630800000000000
vn 0.4255366482524935 -1.4909506808485458 6.0864628704220021
v 0.0083690769230769 -0.0585067692307692 0.0626866153846154
vn 0.8898426844512517 -0.9567551934857794 6.1422622559522457
v 0.0204890000000000 -0.0506400000000000 0.0629080000000000
vn 2.0610906069755202 -0.7438239222522680 5.8424833481058389
v 0.0305184226804124 -0.0413115154639175 0.0622152680412371
vn 4.2442581451993044 -2.3583540717321410 2.6826390544850760
v 0.0306170669216062 -0.0423376195028681 0.0618766978967495
vn 1.4931580360669041 -0.7959928536859417 6.0494611658455320
v 0.0293195000000000 -0.0428190000000000 0.0623375000000000
vn 1.1909407001150076 -0.5067956161179272 6.1469693314662885
v 0.0280680000000000 -0.0391220000000000 0.0630000000000000
vn 7.7043706860893106 -0.7107450875437520 4.8233877972258687
v 0.0348052631578947 -0.0281432631578947 0.0618549473684211
vn 1.9503551777519856 -0.2286293682000547 5.9562441991505075
v 0.0339152222222222 -0.0278778888888889 0.0622952222222222
vn 1.2144603961786196 -0.1016761784671741 6.1623477883806776
v 0.0310150000000000 -0.0251450000000000 0.0630700000000000
vn -1.2568375632303890 -0.0225644222373923 6.1494826943909109
v -0.0314830000000000 -0.0209740000000000 0.0630270000000000
vn -0.6995138749386064 0.0171125812898529 6.2421368071285022
v -0.0262930000000000 -0.0073380000000000 0.0638550000000000
vn -0.0197668894397877 0.0799937864606085 6.2825654520050991
v -0.0015530000000000 0.0069660000000000 0.0646370000000000
vn -2.9182318033370951 -5.5623637800876589 0.0367330219841263
v -0.0156730000000000 -0.0574500000000000 0.0609270000000000
vn -5.9817359135423249 -1.9064762786334510 0.0985916571449268
v -0.0332890000000000 -0.0357100000000000 0.0614410000000000
vn 0.6964883925277311 -0.0224006311346196 6.2423701115535053
v 0.0262660000000000 -0.0199810000000000 0.0638570000000000
vn -1.7503046703751681 -0.4263982318300283 6.0181291813133999
v -0.0332200000000000 -0.0338060000000000 0.0621810000000000
vn -0.0911224592333931 -0.3993322610112118 6.2678085868924809
v -0.0032610000000000 -0.0474880000000000 0.0642420000000000
vn -2.1639870586430723 -0.8909863903910753 5.7738447138649454
v -0.0306260000000000 -0.0408305000000000 0.0622460000000000
vn -1.3753934148518485 -0.5828479481736109 6.1016481962114533
v -0.0294112000000000 -0.0396648000000000 0.0626726000000000
vn -1.1686991880804380 -0.5225390572484252 6.1496828582976573
v -0.0281640000000000 -0.0389390000000000 0.0629970000000000
vn -4.9425722365238292 -2.0198469788646145 1.6039455221288095
v -0.0313297377049181 -0.0408932950819672 0.0617768688524591
vn -0.5979139273509821 -1.0879169574882810 6.1559269877277680
v -0.0143430000000000 -0.0545460000000000 0.0630040000000000
vn -0.8207007921586090 -1.4078620481207669 6.0659144071775781
v -0.0161660000000000 -0.0557644117647059 0.0625337647058823
vn -2.3689952054273009 -3.2321997021997961 3.0897316964461208
v -0.0171670000000000 -0.0565417500000000 0.0621882500000000
vn -1.0480566631273114 -3.4763993628786465 4.4438034118748408
v -0.0094176727272727 -0.0595106727272727 0.0623320363636364
vn -0.4293550384446615 -1.4912950286408957 6.0860557264791728
v -0.0084180000000000 -0.0584938461538462 0.0626866153846154
vn 0.0002556293966855 -0.5618872508390095 6.2548507752852034
v 0.0000000000000000 -0.0512160000000000 0.0639950000000000
vn -4.0669962960695027 -2.0830540676439662 2.7385404980288341
v -0.0306680000000000 -0.0423420000000000 0.0618617058823529
vn -1.7123240160443420 -6.0068728639759250 0.3254815379279852
v -0.0105460000000000 -0.0595760000000000 0.0612247272727273
vn -5.8609531561303845 -2.2604802211701651 0.0169019221755645
v -0.0322798181818182 -0.0386786363636364 0.0608060000000000
vn -2.1237854540778720 -2.5026039779766922 2.6068278252447117
v -0.0089043148148148 -0.0600605185185185 0.0621822037037037
vn -0.1420722487697215 -0.3965664060822679 6.2665775358543048
v -0.0064680000000000 -0.0468320000000000 0.0642290000000000
vn -1.4616755668822403 -0.5662595221637422 6.0832186212088359
v -0.0302723478260870 -0.0387443478260870 0.0625572173913043
vn -2.3593427407713312 -0.8467618744350301 5.6867981924982542
v -0.0325260136986301 -0.0365428493150685 0.0621620136986301
vn -5.0133837687902156 -1.9013503013911783 2.2210330794686532
v -0.0327210775862069 -0.0374073103448276 0.0617125948275863
vn -1.7372031743922982 -0.8268427158815698 5.9654728232527914
v -0.0292870000000000 -0.0428740000000000 0.0623390000000000
vn -1.2649469407557383 -0.6506260865982312 6.1169264210530860
v -0.0282290000000000 -0.0417990000000000 0.0627140000000000
vn -2.3780526472530723 -1.1009041006821922 5.6047329207911218
v -0.0311968441558442 -0.0401191298701299 0.0621723506493506
vn -0.8390002068782678 -1.3211540239769783 6.0827334200419436
v -0.0170675000000000 -0.0549320000000000 0.0625985000000000
vn -0.6896947643303035 -1.0581267922491639 6.1514799787424099
v -0.0162190000000000 -0.0535510000000000 0.0629790000000000
vn -0.5917645230964139 -1.4608749435842332 6.0780759152253392
v -0.0108130000000000 -0.0577800000000000 0.0626690000000000
vn -0.0001258012827743 -0.3970245531656844 6.2698495331061173
v 0.0000000000000000 -0.0480750000000000 0.0642250000000000
vn -3.6401262682933377 -1.5426562031216362 2.8610108649794306
v -0.0320570000000000 -0.0392540000000000 0.0620230000000000
vn 1.2626682132883542 0.0405018856457667 6.1486565877199721
v 0.0314610000000000 -0.0056990000000000 0.0630290000000000
vn 4.0408959214636369 0.0993529259463174 2.9936570807802161
v 0.0357580000000000 -0.0091300000000000 0.0619290000000000
vn -0.2079399957419364 -1.6109908265082522 -0.0202837749982899
v -0.0030000000000000 -0.0611040000000000 0.0569980000000000
vn -1.3754147854446193 -6.1293981415970391 0.0340475794041465
v -0.0074912727272727 -0.0604066363636364 0.0612842727272727
vn 6.2799144882051197 -0.2013699066436285 0.0001899246804493
v 0.0357370000000000 -0.0184340000000000 0.0595500000000000
vn 6.2635858390230101 -0.1091678751273034 0.3344210244044465
v 0.0357703846153846 -0.0171784615384615 0.0608270000000000
vn 1.2696238180265282 -0.0719293627416433 6.1504196015472825
v 0.0312680000000000 -0.0232140000000000 0.0630480000000000
vn -0.5416114816552324 -3.9549578079699259 2.9696696270771685
v -0.0056160000000000 -0.0607730000000000 0.0622270000000000
vn -1.4015822371031375 -0.1986525533740975 6.1206490898707591
v -0.0318030000000000 -0.0283550000000000 0.0628210000000000
vn -2.6456913349058899 -0.6202341802129281 5.5558598171418403
v -0.0344330000000000 -0.0287180000000000 0.0621080000000000
vn -1.6010641910842671 -0.2409605996608451 6.0698592513747665
v -0.0330440000000000 -0.0289440000000000 0.0624950000000000
vn -2.4364099712953915 -0.3227319125499233 5.7263907265462368
v -0.0341065000000000 -0.0303385000000000 0.0621300000000000
vn -0.4897920372992046 -0.6970154960198582 6.2201873963461383
v -0.0149900000000000 -0.0504950000000000 0.0635390000000000
vn -0.8806522790880945 -0.5045434686698361 6.1958923820771012
v -0.0250310000000000 -0.0412840000000000 0.0633320000000000
vn -1.1966126684728318 -0.1335150539567294 6.1652776278015855
v -0.0307410000000000 -0.0268020000000000 0.0630900000000000
vn -0.9164086386971442 -0.1365176240651346 6.2128030837494466
v -0.0278500000000000 -0.0274580000000000 0.0635700000000000
vn -0.2126908639454810 -0.3858118897945012 6.2651530942560951
v -0.0095680000000000 -0.0457770000000000 0.0642080000000000
vn -0.2607590011405195 -1.5334185246491563 6.0843115066193061
v -0.0046615000000000 -0.0592505000000000 0.0627040000000000
vn -0.1565711487301776 -1.1918892814908655 6.1636356475668350
v -0.0036624615384615 -0.0576923846153846 0.0630850769230769
vn 0.0519983462919054 0.0787649884394813 6.2823542114903628
v 0.0057110000000000 0.0059010000000000 0.0646290000000000
vn 0.2938066286765776 0.1175224081605773 6.2742376731246949
v 0.0173690000000000 0.0040580000000000 0.0644030000000000
vn -1.0929637265314045 -6.1863710544592845 -0.0073994341352311
v -0.0060150000000000 -0.0607040000000000 0.0596170000000000
vn -3.0750578212865758 -0.6401883949877822 -0.0050789712494140
v -0.0343680000000000 -0.0314260000000000 0.0569980000000000
vn 3.1315219155600866 -0.2489579120912314 0.0000000000000002
v 0.0354730000000000 -0.0233580000000000 0.0569980000000000
vn 6.2699554768418961 -0.1803767062492552 0.2323037593306526
v 0.0357020000000000 -0.0194230000000000 0.0608270000000000
vn 3.1415405677987485 -0.0174529630891794 -0.0000000000000000
v 0.0358050000000000 -0.0144760000000000 0.0569980000000000
vn 6.2827163218387287 -0.0716857334615928 -0.0019319882874022
v 0.0357980000000000 -0.0154660000000000 0.0582740000000000
vn 1.6519904992832903 -0.0354595461059366 6.0613443981275426
v 0.0342360000000000 -0.0184965000000000 0.0623825000000000
vn 1.4386669014975066 0.0014060738618763 6.1157065254600882
v 0.0327151818181818 -0.0144900909090909 0.0627773636363636
vn 4.6049552074875759 -0.1076395535320522 3.2316840732850838
v 0.0356082857142857 -0.0181374047619048 0.0618417619047619
vn 2.2227818015718426 0.0713948121094149 5.8506418456253488
v 0.0349305555555555 -0.0170990000000000 0.0621900000000000
vn 1.2756205155576312 -0.0196858638333376 6.1512878082916984
v 0.0317418181818182 -0.0159672727272727 0.0629927272727273
vn -1.9498449627229373 -0.0592887033791189 5.9599375602141622
v -0.0338640000000000 -0.0281750000000000 0.0622990000000000
vn -0.1267090861069219 -0.7800220959504779 6.2283024434869381
v -0.0039090000000000 -0.0542670000000000 0.0636350000000000
vn -0.3719684380410890 -0.7370872537705951 6.2236783118058314
v -0.0114680000000000 -0.0522210000000000 0.0635830000000000
vn -1.1119481907417095 -0.2589343448600517 6.1769654186033405
v -0.0293190000000000 -0.0325060000000000 0.0631730000000000
vn -1.1680596356983781 -0.1820248612864721 6.1694464525238386
v -0.0303510000000000 -0.0287250000000000 0.0631160000000000
vn -0.4218480592849811 -0.3219643450910978 6.2577293878499178
v -0.0177200000000000 -0.0403970000000000 0.0641080000000000
vn -0.2283105978778022 -1.1954031033618131 6.1602207898231356
v -0.0052790000000000 -0.0574630000000000 0.0630800000000000
vn -0.0531097600933751 -1.5510656295393730 6.0838283553569710
v -0.0021990000000000 -0.0595160000000000 0.0627090000000000
vn -4.0071964647742488 -0.4673406822728331 2.9695416456300068
v -0.0352340000000000 -0.0259170000000000 0.0619600000000000
vn 0.0037180649194567 -3.9279419633778163 2.9673733232855146
v 0.0000000000000000 -0.0612350000000000 0.0622370000000000
vn 0.3593723404690862 0.0702211055475369 6.2713473859977382
v 0.0195410000000000 -0.0006560000000000 0.0643620000000000
vn 0.9822265125270461 0.0412239309028459 6.2041703620298616
v 0.0290880000000000 -0.0099130000000000 0.0634770000000000
vn 0.7307149898422280 -0.0334747625248803 6.2382211496523610
v 0.0265130000000000 -0.0118630000000000 0.0638340000000000
vn 1.1352674789440269 -0.0331450892021112 6.1789096463112250
v 0.0304690000000000 -0.0125540000000000 0.0632430000000000
vn -0.0000414866232917 -3.1393634850966219 0.0018670139441868
v 0.0000000000000000 -0.0612350000000000 0.0594980000000000
vn -1.1048482483582118 -6.1841723839782343 -0.0062771489976646
v -0.0060150000000000 -0.0607040000000000 0.0612293076923077
vn -6.2529919475239044 -0.6073492830385195 0.0089119829823698
v -0.0353580000000000 -0.0247400000000000 0.0595370000000000
vn -3.1155904354413830 -0.4004400822613644 -0.0043984454541291
v -0.0351050000000000 -0.0269800000000000 0.0569980000000000
vn 6.2538911868243154 -0.2223090793844635 0.3889602957524470
v 0.0357445000000000 -0.0181865000000000 0.0608270000000000
vn 6.2813514403660848 -0.1491390394329229 0.0001456892123807
v 0.0357650000000000 -0.0174450000000000 0.0595500000000000
vn 4.0237590051117138 0.0425247360547711 3.1864489732465984
v 0.0356244545454545 -0.0193115454545455 0.0619614545454545
vn 1.6808151849779764 -0.0604223360461036 6.0525774307696114
v 0.0341670000000000 -0.0198130000000000 0.0623920000000000
vn -0.8130483886275072 -3.9341654093306717 2.9715679845391030
v -0.0067230000000000 -0.0605710000000000 0.0622230000000000
vn -1.4225548449552710 -0.1496770202978023 6.1169275562094860
v -0.0319960000000000 -0.0273530000000000 0.0628070000000000
vn -1.5910571624006788 -0.2745634442855971 6.0707853362249775
v -0.0328230000000000 -0.0299830000000000 0.0625100000000000
vn -2.1477513133884494 -0.4127809645513484 5.8647770328009727
v -0.0340545806451613 -0.0291118709677420 0.0622028064516129
vn -0.4284971569970519 -0.7188400581557554 6.2222406036052300
v -0.0132560000000000 -0.0514150000000000 0.0635620000000000
vn -0.5463569930612678 -0.6745614032176517 6.2180116046936247
v -0.0166600000000000 -0.0494650000000000 0.0635130000000000
vn -1.1819023533288098 -0.1567248180487127 6.1675473784087682
v -0.0305560000000000 -0.0277650000000000 0.0631030000000000
vn -0.2834961698418439 -0.3700582818828143 6.2632340011179846
v -0.0125070000000000 -0.0443350000000000 0.0641790000000000
vn -0.4734414087708699 -0.2898155284820679 6.2558445723820597
v -0.0199140000000000 -0.0379690000000000 0.0640670000000000
vn -0.4977712711642871 -0.2192473845124962 6.2580012756329992
v -0.0217800000000000 -0.0352840000000000 0.0640260000000000
vn -0.0839515300171321 -0.8046290802256081 6.2267898111187394
v -0.0019590000000000 -0.0544740000000000 0.0636390000000000
vn -0.1783392713406237 -1.5157612946427219 6.0927191287008844
v -0.0036440909090909 -0.0593821818181818 0.0627067272727273
vn 0.5880617476203424 -0.0008201238746517 6.2535955894178326
v 0.0243750000000000 -0.0134870000000000 0.0640600000000000
vn 0.1798682109262092 0.0314717651314966 6.2801487448492619
v 0.0146580000000000 -0.0038640000000000 0.0645750000000000
vn 0.1443426395771128 0.0546533270255699 6.2810264587073252
v 0.0130280000000000 -0.0003290000000000 0.0645910000000000
vn 0.1426788653070507 0.1704680955809446 6.2786754674945771
v 0.0099560000000000 0.0112240000000000 0.0644810000000000
vn -1.3167238240666328 -6.1426283735630660 -0.0062875010864098
v -0.0071760000000000 -0.0604770000000000 0.0596170000000000
vn -3.0989580482125465 -0.5131998782648550 -0.0094790331078162
v -0.0347780000000000 -0.0292120000000000 0.0569980000000000
vn 6.2776264937912183 -0.2611148179561839 0.0007893313784602
v 0.0357020000000000 -0.0194230000000000 0.0595500000000000
vn 3.1361166054980885 -0.1826438663354874 -0.0000000000000025
v 0.0356070000000000 -0.0214000000000000 0.0569980000000000
vn 6.2830811355974969 -0.0349059261783518 0.0000000000000032
v 0.0358050000000000 -0.0144760000000000 0.0582740000000000
vn 3.1413350479998599 -0.0372958898615292 -0.0000000000000001
v 0.0357980000000000 -0.0154660000000000 0.0569980000000000
vn 1.2897985087364656 0.0007477967524360 6.1488109566941116
v 0.0317740000000000 -0.0144610000000000 0.0629870000000000
vn 4.4567695975853150 -0.0949434210217732 3.1006828355701717
v 0.0356665864661654 -0.0174028045112782 0.0618531654135339
vn 2.1127685395364812 0.0444153728365268 5.9002358212807557
v 0.0348840000000000 -0.0183223333333333 0.0621976666666667
vn 1.4828722424300422 -0.0085487944758274 6.1049723040494825
v 0.0330480000000000 -0.0155160000000000 0.0626980000000000
vn 1.6517857787942996 -0.0210552112376595 6.0615431376492008
v 0.0342863125000000 -0.0172112500000000 0.0623741875000000
vn -1.6429918874345435 -0.1972766802947578 6.0576921639923000
v -0.0334220000000000 -0.0268550000000000 0.0624670000000000
vn -1.3800825644089285 -0.2459181356346369 6.1235527179806004
v -0.0315900000000000 -0.0293550000000000 0.0628350000000000
vn -2.6104184131446289 0.0708524059024041 5.5657115519189206
v -0.0344830000000000 -0.0284470000000000 0.0621040000000000
vn -1.5958131652466845 -0.2188946852337938 6.0723377337315352
v -0.0331900909090909 -0.0281857272727273 0.0624848181818182
vn -1.1723792254959466 -0.2314958771442297 6.1658027837173979
v -0.0298790000000000 -0.0306270000000000 0.0631440000000000
vn -0.5324831540950743 -0.1899341480995354 6.2560872431251893
v -0.0225820000000000 -0.0338600000000000 0.0640060000000000
vn -0.0854015278543043 -1.2140217640449902 6.1601573458396457
v -0.0021190000000000 -0.0578450000000000 0.0630880000000000
vn 0.1249755065177125 0.0632219245499503 6.2813846286529653
v 0.0119050000000000 0.0012660000000000 0.0646000000000000
vn 0.0714948463197008 0.1795872454150061 6.2796929304360072
v 0.0051460000000000 0.0132000000000000 0.0645070000000000
vn -2.2445973480645662 -5.8631848150561749 -0.0380456958237501
v -0.0116090000000000 -0.0592130000000000 0.0596170000000000
vn -1.5250717289289191 -6.0938219240615830 -0.0374640544794849
v -0.0083290000000000 -0.0602100000000000 0.0596170000000000
vn -3.0463320640279927 -0.7648409041701356 -0.0043118495104555
v -0.0338760000000000 -0.0335780000000000 0.0569980000000000
vn -5.9756306366314211 -1.9374356976110974 0.0655804492347151
v -0.0330114444444445 -0.0365958888888889 0.0605943333333333
vn -5.9234422342011550 -2.0940756582292859 0.0065476376032819
v -0.0326840000000000 -0.0375708000000000 0.0595370000000000
vn -3.0127387602148179 -0.8886800078090110 -0.0000000000000121
v -0.0332890000000000 -0.0357100000000000 0.0569980000000000
vn -5.7871460061196505 -2.4394949633170020 0.0974389684389565
v -0.0317232777777778 -0.0400573333333333 0.0608060000000000
vn -2.8119150352114368 -1.3981859549896138 -0.0093692721739783
v -0.0308000000000000 -0.0420780000000000 0.0569980000000000
vn 0.6825523505770303 -0.0413174236042180 6.2438740902965773
v 0.0258920000000000 -0.0232070000000000 0.0638820000000000
vn 1.1348599844655998 0.0311148697258325 6.1789994835759998
v 0.0304700000000000 -0.0144210000000000 0.0632430000000000
vn 0.7312834675750597 0.0331040201444121 6.2382297960333872
v 0.0265140000000000 -0.0151120000000000 0.0638330000000000
vn 0.9884987482096512 -0.0151727355877041 6.2034248531477019
v 0.0290880000000000 -0.0170610000000000 0.0634770000000000
vn 1.2783217528678810 -0.0012887069579002 6.1509982536501653
v 0.0317810000000000 -0.0134495384615385 0.0629850000000000
vn -0.5625142615402896 -0.1660452943275191 6.2541783479088320
v -0.0232970000000000 -0.0323890000000000 0.0639850000000000
vn -2.0225706775389471 -0.7373088649754045 5.8611934462223498
v -0.0317241304347826 -0.0375526086956522 0.0622953478260869
vn -1.4649789616868709 -0.4451280224039963 6.0921111168032400
v -0.0308110000000000 -0.0365710000000000 0.0626160000000000
vn -0.4507680141313105 -1.1383066544362217 6.1590807443730196
v -0.0104200000000000 -0.0561640000000000 0.0630470000000000
vn -1.5360772760088595 -3.6297481509772784 2.9406229613375023
v -0.0128380000000000 -0.0587450000000000 0.0621930000000000
vn 0.0202687932887633 0.0291894133836448 6.2830515222101253
v 0.0038070000000000 -0.0005620000000000 0.0646870000000000
vn 0.0691010144082036 0.0772460055556482 6.2821912299565854
v 0.0074680000000000 0.0050460000000000 0.0646230000000000
vn 0.2547695847778315 0.1368419996115118 6.2757068690501505
v 0.0158710000000000 0.0061840000000000 0.0644240000000000
vn 0.1786500329354360 0.1629748712427795 6.2778822578197815
v 0.0121330000000000 0.0097960000000000 0.0644640000000000
vn 0.4191183232513767 0.3232189090679545 6.2578971354957282
v 0.0176360000000000 0.0135030000000000 0.0641090000000000
vn 1.6895725418462502 0.0174353098891112 6.0504999238646473
v 0.0343320000000000 -0.0113790000000000 0.0623660000000000
vn 1.4421954130357790 0.0012316955541138 6.1148823773184517
v 0.0327445000000000 -0.0124830000000000 0.0627705000000000
vn -4.1247331464238384 -4.6480736502341848 0.6009211099869323
v -0.0228650000000000 -0.0525140000000000 0.0609270000000000
vn 5.8671579199369015 2.2427777177921513 0.0162652158948924
v 0.0322600000000000 0.0117580000000000 0.0608060000000000
vn 5.9343935489515456 2.0623602449977914 0.0027130694763777
v 0.0326972000000000 0.0105576000000000 0.0595370000000000
vn 0.0854351490146360 -0.0019160489436952 6.2824447724019006
v 0.0105940000000000 -0.0147880000000000 0.0646660000000000
vn -3.9709972290293889 -4.4310436290942050 1.3282370881793173
v -0.0244326017699115 -0.0510213893805310 0.0617131592920354
vn -0.7160369191177141 -0.5930815354531349 6.2089897595573458
v -0.0212350000000000 -0.0457710000000000 0.0634270000000000
vn -0.3520716262097653 -0.3495417052838100 6.2608049537070629
v -0.0152370000000000 -0.0425310000000000 0.0641450000000000
vn -0.0091783054609801 -0.0282108726607997 6.2830851057747994
v -0.0013050000000000 -0.0270890000000000 0.0646900000000000
vn -0.0692498887899460 -0.0771328627912640 6.2821909520615611
v -0.0075080000000000 -0.0319970000000000 0.0646230000000000
vn -0.0521039631479752 -0.0787181162834269 6.2823535490101357
v -0.0057440000000000 -0.0328620000000000 0.0646290000000000
vn -0.1804706267171437 -0.1626466394775640 6.2778532139813334
v -0.0121960000000000 -0.0367240000000000 0.0644630000000000
vn -1.6720384798465870 -1.5400613390274625 5.7714351473332712
v -0.0253610000000000 -0.0481780000000000 0.0624460000000000
vn -1.1965820459371872 -1.1889399015993205 6.0511740150703579
v -0.0231704545454545 -0.0508797272727273 0.0623985454545455
vn -0.0006329636843605 -0.0146667292540494 6.2831496686044792
v 0.0000000000000000 -0.0260640000000000 0.0646940000000000
vn -2.9908203566370508 -2.5385136351011899 2.9510185902838346
v -0.0271350000000000 -0.0479380000000000 0.0620710000000000
vn -4.6496951025611342 -3.4775955579082858 1.4561013235753912
v -0.0255136363636364 -0.0498722727272727 0.0613914090909091
vn 0.1303288474953968 -0.0172664138185177 6.2813789340161579
v 0.0123000000000000 -0.0134870000000000 0.0646410000000000
vn 0.2165596384731285 0.0028526241311698 6.2790227128601206
v 0.0158900000000000 -0.0115370000000000 0.0645520000000000
vn 0.4037643631505943 0.0259932664962909 6.2688303688589908
v 0.0207260000000000 -0.0057110000000000 0.0643280000000000
vn 1.1681280365370650 0.1907377737455499 6.1690596270868898
v 0.0302940000000000 0.0020000000000000 0.0631200000000000
vn 0.9121270026449401 0.1410308274081215 6.2133207936720050
v 0.0277980000000000 0.0007120000000000 0.0635730000000000
vn 1.5326281236208990 0.4397722530046105 6.0763422179055944
v 0.0315751333333333 0.0084164333333333 0.0625146000000000
vn 2.4164517729019823 1.0401561695777854 5.5973378155972160
v 0.0325310405405405 0.0095463243243243 0.0621625135135135
vn 0.8155489193510078 -0.3107297032209283 -0.0681204215326283
v 0.0329320000000000 0.0088520000000000 0.0621060000000000
vn -4.0421651052232717 -4.6426598741358243 0.8251515045237192
v -0.0236690000000000 -0.0517730000000000 0.0613200000000000
vn 5.9340151504223257 2.0580291866821350 0.0847206626748263
v 0.0327113103448276 0.0105157931034483 0.0605213448275862
vn 5.8626175544155972 2.2573823632412617 0.0028901233339486
v 0.0322600000000000 0.0117580000000000 0.0595370000000000
vn 2.8753131718155709 1.2635269530251332 -0.0065165443923282
v 0.0315140000000000 0.0135750000000000 0.0569980000000000
vn 0.0855693209699395 -0.0022951270278945 6.2824073835771612
v 0.0105150000000000 -0.0160850000000000 0.0646670000000000
vn -0.0153904766568219 -0.0288499988637707 6.2830580941164795
v -0.0025880000000000 -0.0268260000000000 0.0646890000000000
vn -2.3089498563529087 -2.6767981545853532 4.6700444989338772
v -0.0241557704918033 -0.0509081311475410 0.0621846721311475
vn -3.2140231830703385 -1.2377054248514401 4.6937666533855928
v -0.0250560000000000 -0.0496290000000000 0.0622450000000000
vn -2.5954943141465341 -2.8866166436881184 3.9083390178578603
v -0.0227487272727273 -0.0521862727272727 0.0622100000000000
vn 0.2095515279568816 0.0031393214319559 6.2792143799078195
v 0.0157710000000000 -0.0095900000000000 0.0645560000000000
vn 0.6459960423395796 0.0885051807189232 6.2473760137973215
v 0.0252880000000000 -0.0005760000000000 0.0639130000000000
vn 1.1814749645991620 0.1624260065128733 6.1674032490095136
v 0.0305030000000000 0.0010480000000000 0.0631070000000000
vn 1.7886577767899181 0.5501114720758193 5.9919784945661441
v 0.0325583333333333 0.0081730000000000 0.0622696666666667
vn 1.6054605922238170 0.5033767164404063 6.0527746764803432
v 0.0315920000000000 0.0095090000000000 0.0624270000000000
vn 3.5780860675755721 2.2057075422689962 2.7976805335618460
v 0.0329178333333333 0.0098165562248996 0.0618811044176707
vn 3.9245612108148835 0.8928167757604833 2.9736830497562439
v 0.0340300000000000 0.0059740000000000 0.0619940000000000
vn -2.3316723790014127 -2.1000704714291309 -0.0208811758257693
v -0.0254280000000000 -0.0499720000000000 0.0569980000000000
vn -2.0879827277744867 -2.3432001069844408 -0.0378620551463643
v -0.0228280000000000 -0.0525480000000000 0.0569980000000000
vn 6.0395459150087190 1.7263710570076796 0.0196417335246120
v 0.0334980000000000 0.0080180000000000 0.0608060000000000
vn 5.9853339459540056 1.9095397379106736 -0.0049504655184610
v 0.0330574615384615 0.0094716153846154 0.0582670000000000
vn 0.0182116117482959 -0.0016522198374274 6.2831352146127459
v 0.0051215000000000 -0.0157505000000000 0.0646980000000000
vn 0.0591666312067718 -0.0212239442216150 6.2827459635629257
v 0.0086860000000000 -0.0222600000000000 0.0646770000000000
vn 0.0675220428364796 -0.0166006852097572 6.2826809880349819
v 0.0092970000000000 -0.0211120000000000 0.0646740000000000
vn -0.7728818703313520 -0.5608302491307103 6.2048918204295447
v -0.0225950000000000 -0.0443570000000000 0.0633960000000000
vn -0.0257253481879367 -0.0290391095791637 6.2830120708338422
v -0.0050060000000000 -0.0258270000000000 0.0646860000000000
vn -1.0534895432183193 -0.8380180799490269 6.1338483695686188
v -0.0240815000000000 -0.0472970000000000 0.0628305000000000
vn -0.9439193363907846 -0.9239875962492142 6.1393693575860935
v -0.0218355384615385 -0.0494958461538462 0.0628803846153846
vn -0.8376708879923327 -1.0039416860273607 6.1415217599237382
v -0.0189000000000000 -0.0518380000000000 0.0629360000000000
vn 0.1927985044621907 0.0206386163778724 6.2797968736260517
v 0.0151840000000000 -0.0057400000000000 0.0645670000000000
vn 0.4205354060606347 0.0019495535328504 6.2678199166817716
v 0.0211840000000000 -0.0108870000000000 0.0643070000000000
vn 0.5822447888003529 0.1494189276957607 6.2526622792935305
v 0.0238590000000000 0.0040780000000000 0.0639680000000000
vn 4.6485419490810225 2.0733566840341986 2.5253719860128743
v 0.0312728888888889 0.0140080444444444 0.0617457111111111
vn 2.1926445904157745 1.4222561955844546 5.5285289602649348
v 0.0312281428571429 0.0131655000000000 0.0621613428571428
vn -6.2348092371441428 0.7746739832930107 0.0000000000000000
v -0.0351020000000000 0.0000060000000000 0.0595370000000000
vn -3.1263309968356805 0.3060062799196883 -0.0010418940487729
v -0.0353470000000000 -0.0021750000000000 0.0569980000000000
vn -6.2663621153370190 0.4560583950399736 0.0004427439957472
v -0.0355290000000000 -0.0043660000000000 0.0582670000000000
vn 0.0227322932037108 -0.0800075080115234 6.2825431277142147
v 0.0019460000000000 -0.0338930000000000 0.0646370000000000
vn 0.1649925747075169 -0.0453001879521272 6.2804657356634017
v 0.0139450000000000 -0.0249250000000000 0.0645830000000000
vn 0.3269417820699274 -0.0934125841864315 6.2728341706546997
v 0.0185900000000000 -0.0287370000000000 0.0643820000000000
vn -0.2098249594774265 0.0006350858642031 6.2792865362559223
v -0.0158950000000000 -0.0152740000000000 0.0645520000000000
vn -0.0481054607706508 -0.0248094474094518 6.2828721522100386
v -0.0079710000000000 -0.0232800000000000 0.0646790000000000
vn -1.2460854580067930 0.1063303722347714 6.1550313709044566
v -0.0311010000000000 -0.0024450000000000 0.0630630000000000
vn -3.5832215654402253 1.1465669660009459 4.1361010811501249
v -0.0345230000000000 0.0029920000000000 0.0620200000000000
vn -5.2757155417334980 0.4284605293055529 2.2319912683241583
v -0.0347438482758621 0.0022998206896552 0.0618222068965517
vn -1.7473146297216520 0.3962355159637189 6.0201100617848216
v -0.0337360000000000 0.0049440000000000 0.0621530000000000
vn -1.5546732174068019 0.2828040131648458 6.0788957594800772
v -0.0327640000000000 0.0032610000000000 0.0625140000000000
vn -0.9620628948766460 0.4222286712634577 6.1931188765638785
v -0.0267260000000000 0.0115660000000000 0.0632790000000000
vn -0.8666173742701277 0.4929315700476465 6.1983138189704849
v -0.0247610000000000 0.0146890000000000 0.0633400000000000
vn -0.9610782610036189 0.0697769583901811 6.2072049851314333
v -0.0285390000000000 -0.0033630000000000 0.0635270000000000
vn -0.4941507292303349 0.2729418469377122 6.2548097012238024
v -0.0206640000000000 0.0099980000000000 0.0640520000000000
vn -0.0126437570894536 0.0035363463092461 6.2831628457805717
v -0.0039410000000000 -0.0085520000000000 0.0646990000000000
vn 4.0129664526975146 -4.6531584104402306 0.8885903835954631
v 0.0216745128205128 -0.0535275128205128 0.0614894871794872
vn -6.2295059392176411 0.6025279905300701 0.3622833968413982
v -0.0353470000000000 -0.0021750000000000 0.0608060000000000
vn -6.2642634734291001 0.4847450179726846 0.0008575836371497
v -0.0354870000000000 -0.0038180000000000 0.0595370000000000
vn 0.2917291131521783 -0.1187313796687750 6.2742305003705408
v 0.0173680000000000 -0.0310320000000000 0.0644030000000000
vn -0.0666434692857397 -0.0158155815942676 6.2827052714953089
v -0.0093260000000000 -0.0210480000000000 0.0646740000000000
vn -1.1946192062088239 0.1335914394837376 6.1656176153745976
v -0.0307378000000000 -0.0001708000000000 0.0630906000000000
vn -1.5964386978562823 0.2448489955526181 6.0709688422839241
v -0.0330378181818182 0.0019906363636364 0.0624957272727273
vn -3.0043240366466533 0.2344033919041881 5.3362371464258347
v -0.0344741176470588 0.0020387058823529 0.0620809411764706
vn -1.9172183659097874 0.2011061211501290 5.9683515499569477
v -0.0338744000000000 0.0011294000000000 0.0622986500000000
vn -0.9460482298594648 0.0923928776071421 6.2092101294895370
v -0.0282920000000000 -0.0017580000000000 0.0635440000000000
vn -0.5172544458145979 0.2044448148043030 6.2567722542769557
v -0.0223050000000000 0.0073960000000000 0.0640130000000000
vn -5.4720759084401767 1.1259280173637747 1.8624364530851409
v -0.0345969230769231 0.0032760769230769 0.0617317692307692
vn -6.2521886731792717 0.6176310628939197 -0.0001895713530020
v -0.0353470000000000 -0.0021750000000000 0.0595370000000000
vn -3.1159698946998526 0.3975911803851434 -0.0045930494922829
v -0.0351020000000000 0.0000060000000000 0.0569980000000000
vn -6.2500410885131590 0.5238922715052836 0.2435301914514143
v -0.0354837692307692 -0.0037758461538462 0.0608060000000000
vn 0.1268768787052187 -0.0645789682763545 6.2812826507871744
v 0.0119050000000000 -0.0282410000000000 0.0646000000000000
vn 0.1467803848396319 -0.0558125252400171 6.2809027300103013
v 0.0130290000000000 -0.0266460000000000 0.0645910000000000
vn 0.0315623750664371 -0.0635156509914625 -0.0191066209298247
v 0.0213950000000000 -0.0534460000000000 0.0622010000000000
vn -0.2100541704057246 -0.0021806025405366 6.2791925252355529
v -0.0157830000000000 -0.0172330000000000 0.0645560000000000
vn -0.0720875109939771 -0.0125681885690377 6.2826208202902762
v -0.0097960000000000 -0.0198290000000000 0.0646720000000000
vn 3.1405722001289162 -0.0009992342013722 3.1415923289464378
v 0.0000000000000000 -0.0103430000000000 0.0646990000000000
vn -1.5913262911753541 0.2105381060948693 6.0739309563927462
v -0.0332194545454545 0.0010485454545455 0.0624827272727273
vn -1.4288837729430621 0.1336611002618910 6.1157794611518526
v -0.0320900000000000 -0.0001660000000000 0.0628000000000000
vn -1.7573541932714472 0.2756936636088427 6.0257547085956702
v -0.0340400322580645 0.0023190322580645 0.0621990322580645
vn -2.8908612348749627 -0.7530295870343704 5.0670970225044858
v -0.0344990000000000 0.0013770000000000 0.0621030000000000
vn -0.9018498410499196 0.4793665175020900 6.1954061146291686
v -0.0257900000000000 0.0131570000000000 0.0633090000000000
vn -0.9215515864949654 0.1256665318984922 6.2121492100714448
v -0.0279880000000000 -0.0001610000000000 0.0635630000000000
vn -4.7265119511816511 -4.1350730869372221 -0.0094552911522022
v -0.0256021818181818 -0.0497720000000000 0.0596170000000000
vn -4.4821161405376557 -4.4000846637565729 -0.0351469178471505
v -0.0244490000000000 -0.0510070000000000 0.0596170000000000
vn -4.1802524938481849 -4.6896558511504400 0.0063577407496953
v -0.0228650000000000 -0.0525140000000000 0.0596170000000000
vn 3.0229448639820529 0.8531323166662300 0.0003193270250096
v 0.0334980000000000 0.0080180000000000 0.0569980000000000
vn 6.1070490606541181 1.4721252488643042 0.0002687841449046
v 0.0339980000000000 0.0061080000000000 0.0595370000000000
vn 5.9899684629481751 1.8950153031669059 -0.0006257704949526
v 0.0330785294117647 0.0094084117647059 0.0595370000000000
vn 0.0161501288219169 -0.0022703892582588 6.2831450481692510
v 0.0047670000000000 -0.0169975000000000 0.0646985000000000
vn -0.0362523290411798 -0.0269375826825418 6.2829602487338576
v -0.0060990000000000 -0.0251050000000000 0.0646840000000000
vn -0.0429043513132616 -0.0256936837433453 6.2829285632384746
v -0.0070930000000000 -0.0242510000000000 0.0646810000000000
vn -0.9082514513528899 -1.2625842796968250 6.0802926769726824
v -0.0207185000000000 -0.0524750000000000 0.0625410000000000
vn -1.0742739574646367 -1.1455549171967496 6.0800839625400576
v -0.0222130000000000 -0.0512580000000000 0.0625130000000000
vn 0.3242699029932544 0.0086559600233410 6.2740819015875502
v 0.0195040000000000 -0.0134870000000000 0.0644020000000000
vn 0.2024190181850118 0.0115831830318086 6.2794605033452244
v 0.0155470000000000 -0.0076550000000000 0.0645610000000000
vn 1.7007438300742757 0.7474995816606747 5.9963012579752597
v 0.0313260000000000 0.0122053043478261 0.0622423043478261
vn 3.3597377463642046 0.5998359112396672 4.8605567128802161
v 0.0324020000000000 0.0103042000000000 0.0621304000000000
vn 3.8607189373679507 1.2189056503914162 2.9124861433868729
v 0.0324320000000000 0.0113000000000000 0.0620180000000000
vn 5.4153597656842489 -3.1765780372155179 -0.0154758067968449
v 0.0297200000000000 -0.0440940000000000 0.0595220000000000
vn 5.5624430632004138 -2.9212883389260877 0.0196662918737065
v 0.0301870000000000 -0.0432210000000000 0.0605365454545455
vn -5.9746319410446027 1.9405560232889996 0.0604172924709133
v -0.0330066206896552 0.0096362413793103 0.0604994482758620
vn -6.0554593870049809 1.6744619702750994 0.0032925565421765
v -0.0335760000000000 0.0077420000000000 0.0608060000000000
vn -3.0455154784612812 0.7679002077036081 -0.0044964901572186
v -0.0338640000000000 0.0066530000000000 0.0569980000000000
vn -6.0142922374505918 1.8171030286933312 0.0000000000000071
v -0.0332630000000000 0.0088210000000000 0.0595370000000000
vn 0.0207547696591457 -0.0299616838917906 6.2830396571254870
v 0.0038080000000000 -0.0264130000000000 0.0646870000000000
vn 0.0265329373992639 -0.0302259488873680 6.2829944235359800
v 0.0049790000000000 -0.0258430000000000 0.0646860000000000
vn 0.0700874877977671 -0.0786398274953593 6.2821343859789200
v 0.0074680000000000 -0.0320210000000000 0.0646230000000000
vn 0.1804183635807745 -0.1647075375308275 6.2776793075656094
v 0.0121330000000000 -0.0367700000000000 0.0644640000000000
vn 1.0748834965929701 -0.8236037709759150 6.1323191460916435
v 0.0243330000000000 -0.0470300000000000 0.0628240000000000
vn -0.0175562084063436 -0.0015910395724030 6.2831388378185329
v -0.0051300000000000 -0.0157065000000000 0.0646980000000000
vn 3.0156305914244124 -2.5214341147984980 2.9529449817356754
v 0.0271330000000000 -0.0479410000000000 0.0620710000000000
vn -1.4570418231972111 0.4676592163793468 6.0925183486840861
v -0.0307255000000000 0.0098035000000000 0.0626200000000000
vn -1.5212618990141809 0.4543742046996063 6.0778175309207887
v -0.0315277058823529 0.0085051764705882 0.0625202941176471
vn -4.7645234229810836 1.9095384593356457 2.4113514010683508
v -0.0327418169934640 0.0103741307189542 0.0617816013071896
vn -0.3900368627228128 0.0413437420440872 6.2695610327537654
v -0.0203810000000000 -0.0037940000000000 0.0643400000000000
vn -0.0860866501235273 -0.0042845962953872 6.2824204534460080
v -0.0105960000000000 -0.0122560000000000 0.0646660000000000
vn 4.1809369745390113 -4.6890035608601410 0.0088592324035042
v 0.0228790000000000 -0.0525020000000000 0.0596170000000000
vn 4.7208695819449407 -4.1415432337222446 -0.0077753984397604
v 0.0255547272727273 -0.0498256363636364 0.0596170000000000
vn 5.5548041503848724 -2.9362567771985359 -0.0003502216398584
v 0.0301870000000000 -0.0432210000000000 0.0595500000000000
vn -5.9754592911554392 1.9412734244909069 0.0022644918294150
v -0.0330173636363636 0.0096026363636364 0.0595370000000000
vn -2.8931734148191968 1.2216070133718731 -0.0124864869584544
v -0.0317390000000000 0.0130550000000000 0.0569980000000000
vn -6.0087160921745015 1.8343139794356051 0.0191487929980082
v -0.0332630000000000 0.0088210000000000 0.0604885000000000
vn -6.0541179290219977 1.6792815954066804 -0.0080253592393341
v -0.0335760000000000 0.0077420000000000 0.0595370000000000
vn 0.0022748349551897 -0.0034803284533524 6.2831812260522231
v 0.0009142500000000 -0.0202348333333333 0.0647000000000000
vn 0.0158213635720569 -0.0290630250934870 6.2830518404010114
v 0.0025730000000000 -0.0268310000000000 0.0646890000000000
vn 0.0366922923201460 -0.0278126238006660 6.2829438869305934
v 0.0060680000000000 -0.0251290000000000 0.0646840000000000
vn 0.0886245298444715 -0.0756717113036313 6.2819080745043978
v 0.0091010000000000 -0.0309500000000000 0.0646160000000000
vn 0.1073656626852138 -0.0712856414028830 6.2816349549032822
v 0.0105890000000000 -0.0296830000000000 0.0646080000000000
vn 0.2184898944747710 -0.1532245580788391 6.2766483688294388
v 0.0141160000000000 -0.0350810000000000 0.0644450000000000
vn -0.0212716981246687 0.0018438807635292 6.2831130019755230
v -0.0052610000000000 -0.0147360000000000 0.0646980000000000
vn 0.0000119078283377 0.0005816584986723 6.2831849123873553
v 0.0000000000000000 -0.0197750000000000 0.0647000000000000
vn -1.2930647945312523 0.3907577555261135 6.1349142582580862
v -0.0298340000000000 0.0082460000000000 0.0629290000000000
vn -1.0804919395739458 0.2918416909048804 6.1811236620607417
v -0.0287900000000000 0.0070360000000000 0.0631984000000000
vn -1.5621062128250269 0.4793637167115009 6.0656932158992793
v -0.0314715200000000 0.0094309200000000 0.0624634000000000
vn -2.2931188526326132 2.7724584762593931 3.6416791001347009
v -0.0323667647058823 0.0103930000000000 0.0621315294117647
vn -0.5777364547154494 0.1563948782133856 6.2529543951958164
v -0.0236380000000000 0.0046230000000000 0.0639750000000000
vn -0.5998760567169702 0.1363198715369336 6.2512143647240128
v -0.0241910000000000 0.0031880000000000 0.0639570000000000
vn -0.3681947930610863 0.0614207427771196 6.2707366723036175
v -0.0197490000000000 -0.0013150000000000 0.0643580000000000
vn -0.2055443076426413 0.0100967036628903 6.2793377059189321
v -0.0155900000000000 -0.0079630000000000 0.0645600000000000
vn -4.9378978870914638 1.4746529550466649 2.3239919674180474
v -0.0323511304347826 0.0115155652173913 0.0617425652173913
vn -6.2059181342450858 0.8049852687298978 0.3684059043733743
v -0.0351020000000000 0.0000060000000000 0.0608060000000000
vn -3.1329759884794162 0.2306409708430352 0.0000000000000001
v -0.0355290000000000 -0.0043660000000000 0.0569980000000000
vn 0.0358857388655837 -0.0807778410310912 6.2824320375470242
v 0.0038600000000000 -0.0335030000000000 0.0646340000000000
vn 0.1081943217868360 -0.1768770279846802 6.2791482225107389
v 0.0076140000000000 -0.0393390000000000 0.0644960000000000
vn -0.0584525115530117 -0.0200832050534083 6.2827726528327794
v -0.0087180000000000 -0.0222060000000000 0.0646770000000000
vn 0.0000471109964914 -0.0000085706144271 6.2831850682916013
v 0.0000000000000000 -0.0134870000000000 0.0646979999999999
vn -1.2294176905654020 0.0719618685852974 6.1598115938237052
v -0.0313230000000000 -0.0042750000000000 0.0630430000000000
vn -2.4453323766004500 0.4326099126893765 5.6852099499461906
v -0.0341101176470588 0.0033394117647059 0.0621298823529412
vn -4.8734044526383107 0.5297242939696782 3.0312916290534191
v -0.0347810000000000 0.0011733333333333 0.0618460000000000
vn -1.5309026237675294 0.3082102032868081 6.0829373302091954
v -0.0325210000000000 0.0042710000000000 0.0625290000000000
vn -0.9906958700120920 0.3915439998810191 6.1906691076338749
v -0.0271590000000000 0.0107520000000000 0.0632640000000000
vn -0.0088192412186895 0.0043253065453591 6.2831641446650028
v -0.0033030000000000 -0.0078840000000000 0.0647000000000000
vn -4.0011830579528489 0.6541319145522495 2.9663615133933652
v -0.0344240000000000 0.0041770000000000 0.0619850000000000
vn -3.0750138905008804 0.6403075907814204 -0.0050348476972164
v -0.0343680000000000 0.0044520000000000 0.0569980000000000
vn -6.1783389292890867 1.1412382712640938 -0.0023170463892488
v -0.0345840000000000 0.0033450000000000 0.0595370000000000
vn 0.2570554454098448 -0.1380733500117213 6.2754390529707669
v 0.0158710000000000 -0.0331590000000000 0.0644240000000000
vn 0.3584369384919117 -0.0693339999494105 6.2713211715523940
v 0.0195410000000000 -0.0263190000000000 0.0643620000000000
vn -0.1927801696041887 -0.0210634490081126 6.2797766946705149
v -0.0152130000000000 -0.0211100000000000 0.0645670000000000
vn -0.0782926748114928 -0.0070565997567091 6.2825375140825619
v -0.0101420000000000 -0.0185690000000000 0.0646700000000000
vn -0.0128579717890765 -0.0014169995032342 6.2831526363189125
v -0.0049784000000000 -0.0138446000000000 0.0646984000000000
vn -0.0848315394351760 0.0051095986575046 6.2824324026272018
v -0.0105970000000000 -0.0146790000000000 0.0646660000000000
vn -1.6153002469227822 0.1548110294075752 6.0672297823564083
v -0.0336310000000000 -0.0015340000000000 0.0624500000000000
vn -4.4530092947269786 0.4473680570019583 3.0395644424871189
v -0.0354346250000000 -0.0040402500000000 0.0618131875000000
vn -1.4090960126750174 0.1825666291614199 6.1194861856162373
v -0.0319270000000000 0.0007420000000000 0.0628120000000000
vn -1.6039079897552426 0.1884284743355050 6.0713785805458809
v -0.0333410000000000 0.0003610000000000 0.0624730000000000
vn -0.7818293017468863 0.2747402901681257 6.2267599981416772
v -0.0252950000000000 0.0079770000000000 0.0636780000000000
vn -0.5504205938577492 0.1787545080807629 6.2548186286053529
v -0.0230100000000000 0.0060280000000000 0.0639940000000000
vn -4.3435043470235932 -4.5381784224860180 -0.0341192110577869
v -0.0236690000000000 -0.0517730000000000 0.0596170000000000
vn 6.0460461739645206 1.7057468939003670 -0.0010358696656534
v 0.0334980000000000 0.0080180000000000 0.0582670000000000
vn 5.9842691169990605 1.9085502443560687 0.0679573652143145
v 0.0330552439024390 0.0094818536585366 0.0605117317073170
vn 0.0122112328314100 -0.0048453670139855 6.2831539483287928
v 0.0043430000000000 -0.0178730000000000 0.0646990000000000
vn -0.0203026354039238 -0.0291795088973664 6.2830513341057568
v -0.0038290000000000 -0.0264040000000000 0.0646870000000000
vn -1.1257183344842461 -1.2388492631635664 6.0543706796526857
v -0.0215461538461538 -0.0522861538461538 0.0624279230769231
vn -0.9075313661245843 -0.9553871723984503 6.1395023485388549
v -0.0205930000000000 -0.0505560000000000 0.0629060000000000
vn -0.0005458661409975 -0.0549963663738959 6.2828824841460973
v 0.0000000000000000 -0.0323530000000000 0.0646560000000000
vn 0.6143899764932171 0.1212646316614054 6.2500701243523755
v 0.0244110000000000 0.0025510000000000 0.0639490000000000
vn 0.9376574416537665 0.1052065808682295 6.2103609453781985
v 0.0281640000000000 -0.0010370000000000 0.0635520000000000
vn 1.1950212700606011 0.1394667615380526 6.1653778989521415
v 0.0306930000000000 0.0000920000000000 0.0630940000000000
vn 1.6575559753460865 0.5880784542626949 6.0309682120489505
v 0.0318565333333333 0.0107339333333333 0.0622448666666667
vn 5.5581098028705291 1.7967517127071739 1.5998942061397330
v 0.0327596250000000 0.0102798281250000 0.0616042187500000
vn 3.6495120901339870 1.6383434465566871 2.9163581043511559
v 0.0320380000000000 0.0123280000000000 0.0620230000000000
vn 4.4908117865821726 -4.3915804454392662 -0.0245958583743128
v 0.0244820000000000 -0.0509740000000000 0.0596170000000000
vn 2.7764410309364296 -1.4699655265726650 0.0000000000000040
v 0.0301870000000000 -0.0432210000000000 0.0569980000000000
vn -5.6775524718880304 2.6810636505087029 0.1084029239586449
v -0.0311561818181818 0.0143606363636364 0.0608060000000000
vn -2.9824904985627958 0.9862776489724068 0.0000000000000044
v -0.0329230000000000 0.0098950000000000 0.0569980000000000
vn -5.7863124217993596 2.4468739469850456 0.0079160563673004
v -0.0317390000000000 0.0130550000000000 0.0595370000000000
vn -6.0969017898175561 1.5149928810706084 0.0025131286933832
v -0.0338640000000000 0.0066530000000000 0.0608060000000000
vn -6.0190800395217989 1.7997559701223043 -0.0109156943075285
v -0.0332630000000000 0.0088210000000000 0.0582670000000000
vn 1.0277205803320668 -0.8640466500785947 6.1347591883436303
v 0.0236100000000000 -0.0477990000000000 0.0628420000000000
vn 1.1645529945478332 -0.8051318501465633 6.1165117105190294
v 0.0257030000000000 -0.0454250000000000 0.0627890000000000
vn -0.0154787309759446 -0.0019072301081774 6.2831486447977953
v -0.0047805000000000 -0.0169630000000000 0.0646985000000000
vn -0.0101116949790855 -0.0040841206733563 6.2831698319387694
v -0.0037655000000000 -0.0186265000000000 0.0646990000000000
vn -0.0028518173395601 -0.0048216424771461 6.2831784466756453
v -0.0022090000000000 -0.0198015000000000 0.0647000000000000
vn -0.0018651348782259 -0.0032094466048044 6.2831819487787932
v -0.0009438181818182 -0.0202290000000000 0.0647000000000000
vn -0.0442361494620381 -0.0047442339331572 6.2828546998144352
v -0.0089980000000000 -0.0134870000000000 0.0646820000000000
vn -1.0539062669643833 0.3286491411937989 6.1838211484610399
v -0.0283210000000000 0.0082390000000000 0.0632190000000000
vn -1.2494140700400249 0.4317594984279221 6.1413843862609800
v -0.0292749230769231 0.0096134615384615 0.0629536153846154
vn -1.5020557063140527 0.3820296976169101 6.0869158426636334
v -0.0316680000000000 0.0072250000000000 0.0625760000000000
vn -0.8821881294491881 0.1735462292786188 6.2167394419614466
v -0.0271210000000000 0.0032460000000000 0.0636070000000000
vn -0.0856233800099043 0.0015189749373346 6.2824079196875342
v -0.0105250000000000 -0.0110270000000000 0.0646670000000000
vn 2.0856023998237259 -2.3454040502690954 -0.0391151121725805
v 0.0228130000000000 -0.0525610000000000 0.0569980000000000
vn 2.3314000209435850 -2.1003850964335484 -0.0211261648638905
v 0.0254120000000000 -0.0499900000000000 0.0569980000000000
vn 2.5338117829865348 -1.8503119048313192 -0.0139876918441859
v 0.0277230000000000 -0.0471570000000000 0.0569980000000000
vn 4.3449296235839974 -4.5369433556513714 -0.0334166649611819
v 0.0236930000000000 -0.0517510000000000 0.0596170000000000
vn 2.7009086680388679 -1.5988189554567709 0.0000000000000011
v 0.0297200000000000 -0.0440940000000000 0.0569980000000000
vn 5.5533193380549424 -2.9390955613357539 0.0010104336284365
v 0.0301870000000000 -0.0432210000000000 0.0582740000000000
vn -5.7015169236469498 2.6374739740934041 0.0011075262690290
v -0.0312860000000000 0.0140830000000000 0.0595370000000000
vn -5.7791382312227535 2.4593327148233812 0.0889225116523701
v -0.0317247368421053 0.0130805263157895 0.0608060000000000
vn -5.9649328695181465 1.9727834836207456 -0.0008743635136307
v -0.0329230000000000 0.0098950000000000 0.0582670000000000
vn -6.0995083470473261 1.5044538787223187 0.0000000000000002
v -0.0338640000000000 0.0066530000000000 0.0595370000000000
vn -3.0112568418134016 0.8937053577663940 0.0000000000000165
v -0.0332630000000000 0.0088210000000000 0.0569980000000000
vn 0.4163392615603491 -0.3204673575254297 6.2581023413449248
v 0.0176360000000000 -0.0404790000000000 0.0641090000000000
vn 0.7655577319011992 -0.5624842297905451 6.2057308109144662
v 0.0224930000000000 -0.0444690000000000 0.0633990000000000
vn -0.0113253840640538 -0.0042760601121846 6.2831584727188661
v -0.0043590000000000 -0.0178470000000000 0.0646990000000000
vn -0.0023047632725897 -0.0084285556610561 6.2831483419720557
v 0.0000000000000000 -0.0229190000000000 0.0646990000000000
vn -1.5134006671112465 0.3410057126423818 6.0854492614660183
v -0.0319680000000000 0.0062720000000000 0.0625600000000000
vn -1.3212103794127406 0.3356211184402209 6.1317908110562200
v -0.0301670000000000 0.0073440000000000 0.0629140000000000
vn -1.0228390760153765 0.3607391537542632 6.1873397903019960
v -0.0277800909090909 0.0094679090909091 0.0632408181818182
vn -0.6283008587467072 0.1073124445588849 6.2488704769215966
v -0.0246720000000000 0.0017270000000000 0.0639390000000000
vn -0.8516534888419551 0.2106226819828868 6.2199680550051646
v -0.0265920000000000 0.0048530000000000 0.0636300000000000
vn -0.1974281301117308 0.0183566165201380 6.2795783838031447
v -0.0152890000000000 -0.0062170000000000 0.0645660000000000
vn -0.0837239791232501 0.0031007745201795 6.2824559238266939
v -0.0103940000000000 -0.0098040000000000 0.0646680000000000
vn -2.9484874381815018 1.0826687427136488 0.0000000000000022
v -0.0325560000000000 0.0109590000000000 0.0569980000000000
vn 4.2475594276485538 -4.0331873785106449 1.5387140912614943
v 0.0243227333333333 -0.0511323333333333 0.0616802444444444
vn 0.9413224634291588 -0.9207572458454966 6.1403613273591793
v 0.0217650000000000 -0.0495592500000000 0.0628820833333333
vn 0.9994111393238312 -0.8894582523151608 6.1354446845143293
v 0.0228640000000000 -0.0485450000000000 0.0628590000000000
vn -0.0075427174056087 -0.0037801442625658 6.2831692299692294
v -0.0030490000000000 -0.0192960000000000 0.0647000000000000
vn -1.7501887342786653 0.4068664877072067 6.0191716330756382
v -0.0331630000000000 0.0070220000000000 0.0621840000000000
vn -1.1877773460739545 0.4950226374141649 6.1489166823223229
v -0.0282710000000000 0.0117550000000000 0.0629930000000000
vn -1.2312309719391581 0.4628214778589601 6.1425132881838795
v -0.0286970000000000 0.0108940000000000 0.0629770000000000
vn -1.9324355565748870 0.9339778523028943 5.8689487948347452
v -0.0304767333333333 0.0140880666666667 0.0622577000000000
vn -4.3910251802061406 1.9880026796204211 2.7100374936046254
v -0.0312746666666667 0.0140255952380952 0.0618676309523810
vn -2.1467164002802952 1.1366343893155619 5.7404366493182666
v -0.0311806666666667 0.0131732380952381 0.0621736309523809
vn -0.6834734019494724 0.0392088297527238 6.2438182961021598
v -0.0259640000000000 -0.0042810000000000 0.0638780000000000
vn -0.3049011539214290 0.1109210113626922 6.2737303098726862
v -0.0178540000000000 0.0032190000000000 0.0643950000000000
vn -0.0689524005404980 0.0164970300402549 6.2826468020729704
v -0.0094620000000000 -0.0062430000000000 0.0646740000000000
vn -0.0612881641858789 0.0211510373902309 6.2827294286246147
v -0.0089290000000000 -0.0051340000000000 0.0646760000000000
vn 2.9268751113084797 1.1400689770054715 -0.0000000000000161
v 0.0322600000000000 0.0117580000000000 0.0569980000000000
vn 5.9252406926919896 2.0884139124314647 -0.0014146437783496
v 0.0326000000000000 0.0108360000000000 0.0582670000000000
vn 5.6984229148648069 2.6334344496741129 0.1443461931204250
v 0.0312377272727273 0.0141861818181818 0.0608060000000000
vn 5.7832737670758068 2.4540090103660548 -0.0035092840045799
v 0.0317060000000000 0.0131235000000000 0.0595370000000000
vn 0.0032121063117999 -0.0055371200199675 6.2831766502778672
v 0.0021965000000000 -0.0198075000000000 0.0647000000000000
vn -0.6590770547451984 -0.6226047591219821 6.2124317193498975
v -0.0197880000000000 -0.0470980000000000 0.0634570000000000
vn -0.1444301866934813 -0.1701477197404480 6.2786272316861842
v -0.0100100000000000 -0.0381680000000000 0.0644810000000000
vn -1.1531196299380795 -1.0614809816430308 6.0809642393721628
v -0.0246110000000000 -0.0489850000000000 0.0624630000000000
vn -1.1675309268820147 -1.1043917216020671 6.0716821878855995
v -0.0234400000000000 -0.0501490000000000 0.0624880000000000
vn -3.1180939845007623 -2.3704755480107265 2.8150413654978959
v -0.0250100000000000 -0.0504240000000000 0.0620910000000000
vn 0.6630633175154923 0.0645274747599863 6.2458819376975629
v 0.0256220000000000 -0.0021670000000000 0.0638970000000000
vn 1.1712526876774829 0.2372474120875422 6.1656662382563718
v 0.0298140000000000 0.0038890000000000 0.0631480000000000
vn 1.5052052048026789 0.4045591803458768 6.0851443632611382
v 0.0316300000000000 0.0073420000000000 0.0625780000000000
vn 1.5364970497134149 0.3275081159008574 6.0803771753554861
v 0.0322430000000000 0.0053230000000000 0.0625450000000000
vn 3.8635658725005135 1.1698449031524703 2.9533742203633557
v 0.0335270000000000 0.0079160000000000 0.0620030000000000
vn 4.0296114848901432 -4.8192480521660999 -0.0131699789963565
v 0.0220420000000000 -0.0532260000000000 0.0596170000000000
vn -6.1814366897559392 1.1227353883780602 0.0144528120448555
v -0.0345840000000000 0.0033450000000000 0.0608060000000000
vn -3.0992561654957504 0.5112665590060368 -0.0096295274786456
v -0.0347780000000000 0.0022350000000000 0.0569980000000000
vn 0.1443426142211391 -0.1717873553028922 6.2785138808941809
v 0.0099560000000000 -0.0381980000000000 0.0644810000000000
vn -0.1796927320634782 -0.0321058871778748 6.2801682175174625
v -0.0146940000000000 -0.0230000000000000 0.0645740000000000
vn -0.2027027268941844 -0.0108313501772069 6.2794508066489012
v -0.0155670000000000 -0.0191810000000000 0.0645610000000000
vn -0.0843108445406976 -0.0013794451345770 6.2824358576385180
v -0.0105220000000000 -0.0159850000000000 0.0646670000000000
vn -0.0003780189044661 -0.0007932845369181 6.2831847863280332
v 0.0000000000000000 -0.0071990000000000 0.0647000000000000
vn -2.2235993294217526 0.4299006645228552 5.8213903805178049
v -0.0346010000000000 -0.0043390000000000 0.0622340000000000
vn -1.1790772433512942 0.1653042300185031 6.1677449219251530
v -0.0305020000000000 0.0010470000000000 0.0631070000000000
vn -1.3904760150585376 0.2314386505318050 6.1216949646443748
v -0.0317470000000000 0.0016480000000000 0.0628250000000000
vn -1.6252504428389654 0.1539140333351941 6.0653323826114356
v -0.0334940000000000 -0.0005850000000000 0.0624610000000000
vn -1.1686861786924123 0.2504398490969243 6.1654422233491228
v -0.0295580000000000 0.0047640000000000 0.0631610000000000
vn -0.4491217528245692 0.3050677920378675 6.2565502542226916
v -0.0187220000000000 0.0123870000000000 0.0640900000000000
vn -0.0174615079949658 0.0018144896454039 6.2831368202577060
v -0.0052795000000000 -0.0125645000000000 0.0646980000000000
vn -0.0012354767994549 0.0044587754988916 6.2831803213969319
v -0.0011250000000000 -0.0067760000000000 0.0647000000000000
vn -6.2074959391650006 0.9120141987496124 0.1822935507444242
v -0.0347811052631579 0.0022054210526316 0.0608060000000000
vn -6.2174378711760108 0.9046995811739492 -0.0023456816483594
v -0.0349500000000000 0.0011220000000000 0.0595370000000000
vn -6.1457753930044259 1.3028811624111167 0.0000000000000001
v -0.0343680000000000 0.0044520000000000 0.0595370000000000
vn 0.0441438455797965 -0.1802057533829388 6.2799988591507505
v 0.0025940000000000 -0.0406930000000000 0.0645140000000000
vn -0.0817839503573630 -0.0041758489968501 6.2824930724266919
v -0.0103780000000000 -0.0172830000000000 0.0646680000000000
vn -1.8172812229209443 0.1183238556928621 6.0049069160381494
v -0.0338700000000000 -0.0035160000000000 0.0624270000000000
vn -3.9855040574451053 0.3698555911976686 3.3383726759635670
v -0.0351461538461538 -0.0015277692307692 0.0620022307692308
vn -0.8176098624349795 0.2423695490968540 6.2234134503333722
v -0.0259850000000000 0.0064320000000000 0.0636540000000000
vn -0.7158403943662206 0.3463292518360421 6.2302594847629633
v -0.0245210000000000 0.0094820000000000 0.0637030000000000
vn -0.0183333780857695 0.0014873250411313 6.2831348695544484
v -0.0051460000000000 -0.0113550000000000 0.0646980000000000
vn -0.0023320656180055 0.0049949698643863 6.2831786211702747
v -0.0017160000000000 -0.0069530000000000 0.0647000000000000
vn -0.0011267211848831 0.0029761872955729 6.2831824321967229
v -0.0005180000000000 -0.0066700000000000 0.0647000000000000
vn -2.5355725965041946 -1.8479180881036728 -0.0141933908240527
v -0.0277390000000000 -0.0471350000000000 0.0569980000000000
vn 6.2128631335036175 0.8813162366580345 0.1904880817735814
v 0.0350670000000000 0.0002950000000000 0.0608060000000000
vn 6.2500118950209087 0.6360644782831826 -0.0120787550974010
v 0.0353000000000000 -0.0016660000000000 0.0595370000000000
vn 0.2082424870407680 -0.0051062615150501 6.2793117932722140
v 0.0158910000000000 -0.0154380000000000 0.0645520000000000
vn 0.4040607936764238 -0.0245363093573264 6.2686616326233402
v 0.0207260000000000 -0.0212640000000000 0.0643290000000000
vn -0.1642006761225834 -0.0427861401422005 6.2805772311905708
v -0.0139880000000000 -0.0248290000000000 0.0645820000000000
vn -0.0354114334814992 -0.0799140534155914 6.2824578511458125
v -0.0038820000000000 -0.0334960000000000 0.0646340000000000
vn -0.0453870670068122 -0.1764027447327466 6.2801428047124181
v -0.0026090000000000 -0.0406920000000000 0.0645140000000000
vn 0.0000616500215885 -0.1201158292596519 6.2818989726527787
v 0.0000000000000000 -0.0386420000000000 0.0645650000000000
vn 0.0075424902418100 0.0037922534606421 6.2831692029904449
v 0.0030340000000000 -0.0076670000000000 0.0647000000000000
vn 0.0817535647521506 0.0045700968457118 6.2824934616533623
v 0.0103650000000000 -0.0095990000000000 0.0646680000000000
vn 1.1130570909203343 0.2648033749104484 6.1763125106117309
v 0.0292460000000000 0.0057530000000000 0.0631770000000000
vn 1.0424376609641652 0.3504151021697536 6.1843852711114229
v 0.0278260000000000 0.0093800000000000 0.0632380000000000
vn 1.7186170989894305 0.2453164167667560 6.0378204548743728
v 0.0338110000000000 0.0014910000000000 0.0623030000000000
vn 2.8742405594569407 0.7879922079388769 5.3292963480005895
v 0.0344280000000000 0.0017690000000000 0.0621080000000000
vn 4.5354445092978599 0.4620035959764314 3.1062183936182302
v 0.0348707500000000 0.0009905000000000 0.0618687500000000
vn 1.3191227619900938 0.3380428319701382 6.1324536535560314
v 0.0302627692307692 0.0070643846153846 0.0629086153846154
vn -1.8188954250102842 -2.5574222408328473 -0.0356437176853792
v -0.0199680000000000 -0.0548320000000000 0.0569980000000000
vn -4.0308112507358933 -4.8183065538443035 -0.0128046653030129
v -0.0220380000000000 -0.0532290000000000 0.0596170000000000
vn -3.7206588977047570 -5.0620731949798161 -0.0076118892782044
v -0.0203180000000000 -0.0545790000000000 0.0596170000000000
vn -3.5429443862958281 -5.1880155450772598 -0.0083260739476877
v -0.0194260000000000 -0.0552110000000000 0.0596170000000000
vn -5.4080802367381811 -3.1904067877982736 -0.0173200078274935
v -0.0297350000000000 -0.0440680000000000 0.0595220000000000
vn 3.1139197320255332 0.4137697437317897 -0.0033432750427822
v 0.0350670000000000 0.0002950000000000 0.0569980000000000
vn 0.2103808457201994 -0.0035723218157618 6.2791492474369939
v 0.0157720000000000 -0.0173840000000000 0.0645560000000000
vn -0.1464797212449988 -0.0532456219243273 6.2809718333329592
v -0.0130770000000000 -0.0265660000000000 0.0645910000000000
vn -0.1056405134357996 -0.0698709766858577 6.2817172910087651
v -0.0106390000000000 -0.0296330000000000 0.0646080000000000
vn 0.9588274426345972 0.4794243078164089 6.1882066085695833
v 0.0260000000000000 0.0128220000000000 0.0633030000000000
vn 0.6850144321349106 0.3677357446680921 6.2326332236212147
v 0.0238540000000000 0.0106330000000000 0.0637220000000000
vn 1.5931432608636049 0.2181185930657575 6.0730739940544618
v 0.0331910000000000 0.0012120000000000 0.0624850000000000
vn 1.3873841582949167 0.2326713845579058 6.1225105904274582
v 0.0316478461538462 0.0021058461538462 0.0628314615384615
vn 1.2709042119333680 0.3940226394486592 6.1389828135427491
v 0.0297540000000000 0.0084570000000000 0.0629330000000000
vn -4.0103183273656340 -4.7120121532571755 0.7210222159440656
v -0.0211890000000000 -0.0539180000000000 0.0615966818181818
vn -3.1430540448222151 -5.3318410925482347 0.6730624193492515
v -0.0182742400000000 -0.0559673200000000 0.0612414000000000
vn 6.1530798860612554 1.2670132856308209 0.0380582532318194
v 0.0344220000000000 0.0041830000000000 0.0608060000000000
vn 6.1809288707574179 1.1273340624318036 0.0000000000000000
v 0.0346080000000000 0.0032160000000000 0.0608060000000000
vn 3.0989857277136452 0.5134942202019701 -0.0074669019058549
v 0.0347770000000000 0.0022450000000000 0.0569980000000000
vn 0.2037657025575768 -0.0118500028878713 6.2793741457093573
v 0.0155470000000000 -0.0193200000000000 0.0645610000000000
vn -0.1257461758490633 -0.0631004327379979 6.2813651788444185
v -0.0119560000000000 -0.0281770000000000 0.0646000000000000
vn -0.0716562744580161 -0.1795338685159369 6.2796925296086492
v -0.0051760000000000 -0.0401660000000000 0.0645070000000000
vn -2.6665584375886251 -2.8542402568483651 3.8497915296322311
v -0.0214363750000000 -0.0534730312500000 0.0621846875000000
vn -2.5783717690476413 -3.0608989185775131 3.5164184724524987
v -0.0207813478260870 -0.0541328695652174 0.0621556956521739
vn 0.0000238001829057 -0.0983349056695576 6.2823139819264933
v 0.0000000000000000 -0.0354970000000000 0.0646190000000000
vn -3.2950287990589495 -2.1934167290863460 2.9596691998990461
v -0.0284770000000000 -0.0460820000000000 0.0620580000000000
vn -3.4652042941749075 -1.9430756443557806 2.9663411562076214
v -0.0297350000000000 -0.0440680000000000 0.0620450000000000
vn -2.1139196898050092 -3.4215544557465827 2.9296331724290816
v -0.0191600000000000 -0.0553920000000000 0.0621460000000000
vn 0.0154578113354356 0.0019748415336540 6.2831487331851417
v 0.0047670000000000 -0.0099770000000000 0.0646985000000000
vn 0.5294217794643120 0.1919013853711127 6.2563074195380510
v 0.0225040000000000 0.0070310000000000 0.0640080000000000
vn 1.6208034917937777 0.1202143804786830 6.0662610095619343
v 0.0338100000000000 -0.0029580000000000 0.0624330000000000
vn 1.4292666614331706 0.5243594413526816 6.0942410756817562
v 0.0303695714285714 0.0106490000000000 0.0626350714285714
vn 1.3570883564978036 0.5578253377611336 6.1071371483911427
v 0.0296450000000000 0.0122230000000000 0.0626640000000000
vn 4.0210918226649737 0.3314044113157695 2.9804995948828314
v 0.0354380000000000 -0.0031020000000000 0.0619510000000000
vn -2.7001544638217059 -1.6004557959834997 -0.0030957035347094
v -0.0297350000000000 -0.0440680000000000 0.0569980000000000
vn 6.2303013487711674 0.8104929602342356 -0.0000000000000060
v 0.0350670000000000 0.0002950000000000 0.0595370000000000
vn -0.0877331670093068 -0.0741037546172311 6.2819687620780646
v -0.0091480000000000 -0.0309140000000000 0.0646160000000000
vn 0.0421426253205407 0.0001532585565905 6.2829229986164696
v 0.0086980000000000 -0.0134870000000000 0.0646840000000000
vn 0.0100924888456905 0.0041099380449989 6.2831698786737373
v 0.0037485000000000 -0.0083295000000000 0.0646990000000000
vn 0.0028355568394413 0.0048232458631281 6.2831784603970311
v 0.0021965000000000 -0.0071670000000000 0.0647000000000000
vn 0.0845690164122939 0.0019081176982421 6.2824346387290824
v 0.0105140000000000 -0.0108890000000000 0.0646670000000000
vn 0.8334269927329450 0.2313700597678475 6.2218161512216721
v 0.0262280000000000 0.0058320000000000 0.0636440000000000
vn 1.0740228227645938 0.3072701098765500 6.1814365775133426
v 0.0287720909090909 0.0070875454545455 0.0631988181818182
vn 2.2292036183098358 0.4306978825606010 5.8202823645550783
v 0.0339634782608696 0.0022115217391304 0.0622265217391304
vn 1.5836221276336586 0.2887187489059393 6.0717925496818586
v 0.0327610000000000 0.0032790000000000 0.0625140000000000
vn 4.8766248610002396 0.8329252408366602 2.5842987788343570
v 0.0347675760869565 0.0022119021739130 0.0617545760869566
vn 2.8441232685758862 -0.0135523173867378 5.3971242334456830
v 0.0345260000000000 0.0012300000000000 0.0621010000000000
vn -3.6556805826761991 -5.1090122283352812 0.0449485168615465
v -0.0198750000000000 -0.0548980000000000 0.0612545000000000
vn 6.2139703238378408 0.8662481465055918 0.2119971713678985
v 0.0349290000000000 0.0012710000000000 0.0608060000000000
vn 6.1991190759445978 1.0227326511985291 0.0042227938233887
v 0.0347770000000000 0.0022450000000000 0.0595370000000000
vn 0.1816185869249385 -0.0321840307499909 6.2800366847904199
v 0.0146580000000000 -0.0231110000000000 0.0645750000000000
vn -0.0220742697931287 -0.0795887679035748 6.2825547446975367
v -0.0019570000000000 -0.0338910000000000 0.0646370000000000
vn -0.2955700849385972 -0.1165765045868867 6.2741664796512211
v -0.0174340000000000 -0.0309260000000000 0.0644020000000000
vn -0.8971424292669981 -1.3077322750168032 6.0775269144054409
v -0.0177760000000000 -0.0545080000000000 0.0625880000000000
vn -1.0226465230007948 -1.1976341260982786 6.0795383828686118
v -0.0193860000000000 -0.0534510000000000 0.0625635000000000
vn 0.0168761168164746 0.0014117909268148 6.2831386398116189
v 0.0052788181818182 -0.0125420000000000 0.0646980000000000
vn 0.0713988688024941 0.0127384237525123 6.2826324579570043
v 0.0097720000000000 -0.0070720000000000 0.0646720000000000
vn 0.4958456101723903 0.2210677968431319 6.2580786636998695
v 0.0216990000000000 0.0084430000000000 0.0640280000000000
vn 0.7968703598647646 0.2647018388437845 6.2252567877628886
v 0.0255300000000000 0.0074780000000000 0.0636700000000000
vn 1.0027470181229314 0.3816449419299986 6.1893946619564737
v 0.0274080000000000 0.0102610000000000 0.0632540000000000
vn 1.7974895902769366 0.1324868634651141 6.0082182276405272
v 0.0333740000000000 0.0001740000000000 0.0624710000000000
vn 2.0623602317750960 0.5788419494491872 5.8575012896547829
v 0.0347870000000000 -0.0003900000000000 0.0620810000000000
vn 1.3014911673252079 0.6293944063607024 6.1120299655932921
v 0.0286590000000000 0.0140880000000000 0.0627000000000000
vn 3.2493447906013873 0.8320712932422677 4.8803479208196832
v 0.0308040000000000 0.0146780000000000 0.0620920000000000
vn 1.8389244019808391 0.9351824703676993 5.9038199364852755
v 0.0305462045454545 0.0132377727272727 0.0623367500000000
vn 3.5661117018825284 -5.1682174101359442 0.0781112004456600
v 0.0194270000000000 -0.0552110000000000 0.0611999166666667
vn 5.9383444058996790 -2.0515281484287193 0.0009475924881568
v 0.0326778181818182 -0.0375884545454546 0.0595500000000000
vn 5.9979379763589318 -1.8399081831957029 0.1848129802816292
v 0.0330496428571429 -0.0364698809523809 0.0605227142857143
vn 6.0474182996190331 -1.7041847363249882 0.0003434658639765
v 0.0334840000000000 -0.0350410000000000 0.0608270000000000
vn 6.0753037675348027 -1.6013137772706849 -0.0000967651373400
v 0.0337440000000000 -0.0340940000000000 0.0595500000000000
vn -6.2713632260449508 0.2640717670697766 0.1843461459020820
v -0.0357130000000000 -0.0078260000000000 0.0608060000000000
vn -3.1382851088318420 0.1421311644828207 -0.0000000000000001
v -0.0356640000000000 -0.0066720000000000 0.0569980000000000
vn -6.2722920250468084 0.3682276644960520 -0.0011714403368909
v -0.0356030000000000 -0.0055190000000000 0.0582670000000000
vn -6.2808869304608077 0.1646731796702826 0.0000000000000001
v -0.0357510000000000 -0.0089810000000000 0.0595370000000000
vn 0.5615966023423946 -0.1701122552901675 6.2541229792186144
v 0.0232250000000000 -0.0325490000000000 0.0639870000000000
vn 0.6114177594526924 -0.1248259442734385 6.2504069180850657
v 0.0244120000000000 -0.0295260000000000 0.0639480000000000
vn 0.9149060754231252 -0.1345326638253027 6.2131130496550799
v 0.0277980000000000 -0.0276870000000000 0.0635730000000000
vn 0.8461680650805850 -1.3102632806417134 6.0847528465526999
v 0.0169755000000000 -0.0549855000000000 0.0626000000000000
vn 2.2014478886483668 -1.8367383475596164 5.3141612762509292
v 0.0311189545454545 -0.0400910909090909 0.0621981363636364
vn 3.9891511641472848 -1.3298274204314029 3.4906019528367409
v 0.0320806966292135 -0.0388786516853932 0.0619515505617978
vn 1.1922265405056580 -0.1424402753548359 6.1659348450195486
v 0.0306930000000000 -0.0270660000000000 0.0630940000000000
vn -0.4175172171355371 -0.0083221263385481 6.2679311119391192
v -0.0210410000000000 -0.0184820000000000 0.0643150000000000
vn -0.6832092145004814 -0.0399892690356662 6.2438833144335240
v -0.0259250000000000 -0.0229760000000000 0.0638800000000000
vn 1.5068611593607739 -3.6410835491080906 2.9743234849173206
v 0.0128450000000000 -0.0587420000000000 0.0621930000000000
vn -1.2428183232128438 0.0454252437605891 6.1573728167354265
v -0.0314930000000000 -0.0061120000000000 0.0630260000000000
vn -0.9722288385497776 0.0491810486598893 6.2056800976970630
v -0.0287440000000000 -0.0050410000000000 0.0635110000000000
vn -0.1655557619065800 0.1676083458184626 6.2780832435857485
v -0.0112500000000000 0.0104200000000000 0.0644710000000000
vn -0.0407608793786269 0.0269436277159984 6.2829156685876697
v -0.0066070000000000 -0.0022810000000000 0.0646830000000000
vn -0.0247818104700361 0.0299453443305040 6.2830224639955903
v -0.0045630000000000 -0.0009100000000000 0.0646860000000000
vn -0.0192491773460383 0.0292669017619105 6.2830386839836905
v -0.0034320000000000 -0.0004170000000000 0.0646880000000000
vn 2.6611289137053902 -5.6902760692805368 0.0120040047060357
v 0.0145330000000000 -0.0580080000000000 0.0609270000000000
vn 3.6939908442590959 -4.9372902912087904 0.7861834988839846
v 0.0207422608695652 -0.0542604000000000 0.0617882086956521
vn 2.9644726516344679 -1.0389734740320808 -0.0000000000000081
v 0.0325900000000000 -0.0378410000000000 0.0569980000000000
vn 6.0403328339990647 -1.7266268000948364 -0.0078512333545312
v 0.0334840000000000 -0.0350410000000000 0.0582740000000000
vn 5.9856030360867605 -1.9089179809050778 -0.0029846079006665
v 0.0330560000000000 -0.0364475000000000 0.0582740000000000
vn -6.2681507236160083 0.3719563151618701 0.1412374968550154
v -0.0355893888888889 -0.0052946111111111 0.0605943333333333
vn -6.2754301197318325 0.3102245971688847 0.0019084774669551
v -0.0356472000000000 -0.0063264000000000 0.0595370000000000
vn -3.1402159743815798 0.0888106764178639 -0.0018576072528412
v -0.0357510000000000 -0.0089810000000000 0.0569980000000000
vn 0.2102839735663866 -0.3840627646934373 6.2653016992519879
v 0.0095140000000000 -0.0458000000000000 0.0642080000000000
vn 0.5860094135452288 -0.1492978455487782 6.2522104209610996
v 0.0238600000000000 -0.0310530000000000 0.0639680000000000
vn 0.9355136629105013 -0.1051383061310812 6.2106352437171539
v 0.0281640000000000 -0.0259370000000000 0.0635520000000000
vn 1.6510320631159898 -3.6554150847972031 3.2277251305022769
v 0.0169113513513514 -0.0566606216216216 0.0621975405405405
vn 1.0620536150836322 -1.4186144394319362 6.0268870330970596
v 0.0194570588235294 -0.0543668235294117 0.0623478235294118
vn 0.9879837652500150 -1.4822473462051842 6.0237515065058460
v 0.0180010000000000 -0.0553120000000000 0.0623690000000000
vn 1.1720163479334060 -1.4079438009126084 6.0087028374537415
v 0.0207675714285714 -0.0536823968253968 0.0622667777777777
vn 4.3869768751991867 -1.6719357342183330 2.7155260289320582
v 0.0311436855895196 -0.0412932751091703 0.0618939694323143
vn -0.4162197778423093 -0.0084911529679544 6.2681897389045194
v -0.0211900000000000 -0.0158700000000000 0.0643070000000000
vn -0.7602198134160448 -0.0106460754246514 6.2332282443064821
v -0.0262840000000000 -0.0197290000000000 0.0638550000000000
vn -1.6366915240171145 -0.0426398123074892 6.0626889615872885
v -0.0343340000000000 -0.0114910000000000 0.0623650000000000
vn -0.2364872796057387 0.1464402198131777 6.2761312655312249
v -0.0149850000000000 0.0072120000000000 0.0644350000000000
vn -0.1315009489497561 0.1735629495627059 6.2787741653992093
v -0.0091250000000000 0.0116690000000000 0.0644870000000000
vn 2.3993126831767366 -5.8043446644781005 -0.0164901422285631
v 0.0134780000000000 -0.0584790000000000 0.0596170000000000
vn 2.8338327353772215 -1.3548387574877609 0.0000000000000058
v 0.0310880000000000 -0.0414630000000000 0.0569980000000000
vn 5.7937965776092160 -2.4116392106420044 0.1519756358374720
v 0.0317405833333333 -0.0400280833333333 0.0606672500000000
vn 5.8875403959910599 -2.1918846178566680 0.0419960635386648
v 0.0323068857142857 -0.0386157428571428 0.0605714000000000
vn 5.8316984969670109 -2.3368190365891865 -0.0047336875526726
v 0.0320760000000000 -0.0392170000000000 0.0595500000000000
vn 0.1415180602136576 -0.3951497765226386 6.2666385576196859
v 0.0064300000000000 -0.0468430000000000 0.0642290000000000
vn 0.6298653664697468 -0.1060465429786074 6.2488006214827969
v 0.0248870000000000 -0.0279720000000000 0.0639300000000000
vn 0.5958105702882590 -1.0891477407275454 6.1558653250125941
v 0.0142640000000000 -0.0545850000000000 0.0630050000000000
vn 0.3691280750805264 -0.7376075111865416 6.2238549645182548
v 0.0114030000000000 -0.0522480000000000 0.0635830000000000
vn 0.6852126011668260 -1.0515709363978365 6.1534331102489377
v 0.0161310000000000 -0.0536010000000000 0.0629800000000000
vn 2.6045391849843544 -0.7441295727136515 5.5578490222191288
v 0.0325241285714286 -0.0365160714285715 0.0621650000000000
vn 5.1362758319896242 -1.7506667182650411 2.2103562400339021
v 0.0327247368421053 -0.0373678842105263 0.0617500210526316
vn 1.8412167156488275 -0.7723520489910752 5.9401352582860660
v 0.0316605581395349 -0.0376740465116279 0.0623006511627907
vn 4.7920927666276452 -1.0466587819208673 2.8254421539341052
v 0.0336583658536586 -0.0342032195121951 0.0618263170731708
vn 1.1657863765804712 -0.1913318463648763 6.1694729982208454
v 0.0302940000000000 -0.0289750000000000 0.0631200000000000
vn -0.4053405089855663 -0.0242586938038408 6.2686774347639354
v -0.0207530000000000 -0.0210790000000000 0.0643280000000000
vn -1.2558552630588242 -0.0109062189744468 6.1496651760821450
v -0.0314350000000000 -0.0134870000000000 0.0630570000000000
vn -0.0014445592696224 0.0081698730503071 6.2831357219743591
v 0.0000000000000000 -0.0040550000000000 0.0646990000000000
vn -1.6482754656930410 0.0637354509595231 6.0620261279555248
v -0.0341061538461539 -0.0062318461538462 0.0624006923076923
vn -1.9680831774315768 0.2148501682554503 5.9508004590252863
v -0.0348063846153846 -0.0071104615384615 0.0622091538461539
vn -4.0368552724708717 0.1550729147514614 3.1642467925965541
v -0.0356877500000000 -0.0087315000000000 0.0619492500000000
vn -1.4581289707331488 0.0735765232653691 6.1102938894861367
v -0.0326950000000000 -0.0048510000000000 0.0627460000000000
vn -0.3845686324215086 0.3334479657878389 6.2595886720348384
v -0.0165080000000000 0.0145300000000000 0.0641270000000000
vn -0.0085601545265733 0.0283129216696282 6.2830858330662194
v -0.0010350000000000 0.0001480000000000 0.0646900000000000
vn 3.0582974473386733 -5.4869240568027999 -0.0052311581542750
v 0.0165930000000000 -0.0569600000000000 0.0596170000000000
vn 3.0091680309061370 -5.4297878575543184 0.5955796770038649
v 0.0158391304347826 -0.0573622173913044 0.0612402608695652
vn 3.3168485736756184 -5.3343302961739196 -0.0283380257759278
v 0.0180930769230769 -0.0560764615384615 0.0596170000000000
vn 3.8828113173049035 -4.9382108069146309 -0.0404318471274257
v 0.0211820000000000 -0.0539230000000000 0.0596170000000000
vn 5.6613047088859698 -2.7229232478092205 0.0008895684704463
v 0.0310880000000000 -0.0414630000000000 0.0595500000000000
vn 5.8612464218951530 -2.2613120794755548 -0.0089905254810105
v 0.0322530000000000 -0.0387600000000000 0.0582740000000000
vn 5.7675312493722277 -2.4897938824365666 -0.0077382758919409
v 0.0316990000000000 -0.0401215000000000 0.0582740000000000
vn 0.0904083983007788 -0.3971648224276531 6.2679019699472800
v 0.0032410000000000 -0.0474920000000000 0.0642420000000000
vn 0.8608269056348753 -0.1977622576425755 6.2192060289022573
v 0.0268350000000000 -0.0311270000000000 0.0636190000000000
vn 0.7947771932264265 -1.3518965252608195 6.0820995619203835
v 0.0160195000000000 -0.0555195000000000 0.0626130000000000
vn 1.5300268416724476 -0.4392258685404170 6.0769923888512878
v 0.0315904838709678 -0.0353855483870968 0.0625108709677419
vn 4.3548651690980895 -1.6553828441861953 3.5064031488705085
v 0.0331799411764706 -0.0354069411764706 0.0618750588235294
vn 2.1190956333416127 -0.5344898181564250 5.8579777899052212
v 0.0329167500000000 -0.0340440250000000 0.0622501250000000
vn 1.1047205814611487 -0.2701136883824960 6.1777998040282753
v 0.0292460000000000 -0.0327270000000000 0.0631770000000000
vn -0.3873257087402590 -0.0449589717473996 6.2697880894728790
v -0.0202810000000000 -0.0236500000000000 0.0643430000000000
vn 0.0091597048159563 0.0282119644229941 6.2830851159735346
v 0.0012970000000000 0.0001160000000000 0.0646900000000000
vn -0.0004150705295992 0.0142901024275240 6.2831482298702053
v 0.0000000000000000 -0.0009110000000000 0.0646940000000000
vn -1.2865015301990592 -0.0146374021805623 6.1462507272482885
v -0.0317560000000000 -0.0116430000000000 0.0629900000000000
vn -1.4739189650576785 0.0132905660781720 6.1067250566016034
v -0.0329060000000000 -0.0077250000000000 0.0627210000000000
vn -2.1600809480574261 0.1633608021657940 5.8794500427469609
v -0.0348145312500000 -0.0053150625000000 0.0621856562500000
vn -5.0674433962613197 -0.0457614482508078 2.6197217160467932
v -0.0355622900763359 -0.0059062671755725 0.0617333740458016
vn -1.6549811106295853 0.0130497432183258 6.0594627360859414
v -0.0342360000000000 -0.0084950000000000 0.0623830000000000
vn -1.0024848966820976 -0.0219314878117025 6.2007673974353885
v -0.0290930000000000 -0.0101040000000000 0.0634760000000000
vn -2.7375978351259675 -5.6444816434134006 -0.1116626241865058
v -0.0156730000000000 -0.0574500000000000 0.0596170000000000
vn -6.0982651827420362 -1.5097364639005368 0.0030557793385346
v -0.0338760000000000 -0.0335780000000000 0.0608060000000000
vn -6.0571201390129392 -1.6685103450523640 -0.0076021112725181
v -0.0335950000000000 -0.0346470000000000 0.0595370000000000
vn -6.0078595432482649 -1.8361433706259214 0.0245476345580930
v -0.0332890000000000 -0.0357100000000000 0.0608060000000000
vn -5.9036336072879472 -2.1476939640096533 -0.0092019407217609
v -0.0325700000000000 -0.0378960000000000 0.0582670000000000
vn -2.9840522434830117 -0.9815427532179477 0.0000000000000058
v -0.0329430000000000 -0.0368090000000000 0.0569980000000000
vn -5.6943624245898175 -2.6501467475678071 0.0542470637421426
v -0.0311650000000000 -0.0413165000000000 0.0608060000000000
vn -5.5676713455138689 -2.9096957414757143 -0.0054829711324666
v -0.0304716363636364 -0.0427156363636364 0.0608060000000000
vn -2.8930763749154162 -1.2218367847580174 -0.0129790391699625
v -0.0317370000000000 -0.0400330000000000 0.0569980000000000
vn 6.2830611064527675 0.0116971695623224 -0.0033683218219937
v 0.0358084285714286 -0.0136274285714286 0.0594857142857143
vn 0.7038324007235481 -0.0087063217646675 6.2416883264714267
v 0.0263840000000000 -0.0183600000000000 0.0638470000000000
vn 2.1976323251525050 -2.5904998498637832 7.5979504355952159
v 0.0348296470588235 -0.0134817450980392 0.0622246078431372
vn -1.5170778057449357 -0.4008392527600705 6.0823131237884551
v -0.0317090000000000 -0.0340760000000000 0.0625740000000000
vn -0.8350730834654427 -0.2276571066182686 6.2217566995178917
v -0.0263010000000000 -0.0326170000000000 0.0636410000000000
vn -0.3613278784810889 -0.0689703724509659 6.2712249343070399
v -0.0195900000000000 -0.0261710000000000 0.0643610000000000
vn -0.5858857912697073 -0.1457252061980010 6.2524479229205836
v -0.0239260000000000 -0.0308810000000000 0.0639650000000000
vn -1.2534830465645552 -0.4177832981926488 6.1415680834048594
v -0.0294590000000000 -0.0361650000000000 0.0629450000000000
vn -1.2890955310696530 -0.3859313830122306 6.1359456775142966
v -0.0298370000000000 -0.0352160000000000 0.0629290000000000
vn -0.3576317473012595 -1.1596192379986114 6.1615454238759595
v -0.0083890000000000 -0.0567820000000000 0.0630630000000000
vn 0.0126179932696730 -0.2519517024364372 6.2771340946862564
v 0.0000000000000000 -0.0449320000000000 0.0643850000000000
vn 0.0361877907215001 0.0270007630953815 6.2829605114793026
v 0.0060670000000000 -0.0018460000000000 0.0646840000000000
vn 0.0872241545805326 0.0740829301846543 6.2819790113523384
v 0.0091010000000000 0.0039750000000000 0.0646160000000000
vn 0.2164295842306624 0.1518812209055709 6.2768790447382008
v 0.0141160000000000 0.0081060000000000 0.0644450000000000
vn 1.3179469755575557 0.0575197694495667 6.1401481479603870
v 0.0316970000000000 -0.0095900000000000 0.0630000000000000
vn 1.4800799485223033 0.0213153734199795 6.1055033943070143
v 0.0330480000000000 -0.0114590000000000 0.0626980000000000
vn 1.6128621130934537 0.0015034432778772 6.0721617379012134
v 0.0340058461538462 -0.0124437692307692 0.0624536153846154
vn 2.7825095997456923 -0.1286751640949612 5.5269233866296821
v 0.0356240000000000 -0.0123940000000000 0.0619820000000000
vn -2.1358570014455265 -5.9078741134926620 0.0158860089593216
v -0.0116090000000000 -0.0592130000000000 0.0609270000000000
vn -1.5506132160329993 -6.0875951975674125 0.0228691626505584
v -0.0087510543478261 -0.0601005434782609 0.0617686413043478
vn -5.8565551709473738 -2.2733365270518373 -0.0014585928846965
v -0.0321680000000000 -0.0389710000000000 0.0595370000000000
vn 0.9782203971030412 -0.0390026073319982 6.2047350491425135
v 0.0288710000000000 -0.0206290000000000 0.0635000000000000
vn -0.9075785941772145 -3.8590462021392464 2.8044295377520863
v -0.0107980000000000 -0.0594930000000000 0.0622050000000000
vn -0.3317222019737051 -0.0930954112208839 6.2726272623536348
v -0.0186480000000000 -0.0286100000000000 0.0643810000000000
vn -0.6482597688238797 -0.0859427061915111 6.2471423105426043
v -0.0253360000000000 -0.0261900000000000 0.0639110000000000
vn -1.6756977226520466 -0.7159015847139716 6.0082957257193597
v -0.0313210000000000 -0.0389700000000000 0.0622670000000000
vn -2.2033249739432694 -2.8345356150390857 3.2682562063520200
v -0.0323456666666667 -0.0374239333333333 0.0621326000000000
vn -3.8390223370579761 -1.8090144654286320 2.9609371936513882
v -0.0329138150684932 -0.0367939246575342 0.0619225000000000
vn -1.3076302548438457 -0.6265887299341221 6.1110497297079736
v -0.0287610000000000 -0.0408820000000000 0.0626960000000000
vn -1.5428925541358354 -0.6436255947068756 6.0558879005260415
v -0.0303827837837838 -0.0400556486486486 0.0623967567567568
vn -3.8310587694155829 -2.0936078459652814 2.9025188311738939
v -0.0315547532467532 -0.0403798181818183 0.0619277835497835
vn -0.7317446951226426 -1.0309195292887885 6.1515367789334015
v -0.0171300000000000 -0.0530090000000000 0.0629650000000000
vn -0.6590431190936473 -1.0771310172389004 6.1512703329267016
v -0.0152890000000000 -0.0540640000000000 0.0629920000000000
vn -0.6986072166208668 -1.4290794398985716 6.0734481715411723
v -0.0148840000000000 -0.0561030000000000 0.0626270000000000
vn 0.0479373163825651 0.0249918940915029 6.2828730178945644
v 0.0079370000000000 -0.0036520000000000 0.0646790000000000
vn 0.0427947424983303 0.0258111688035214 6.2829290530867130
v 0.0070590000000000 -0.0026910000000000 0.0646810000000000
vn 3.9574639280866286 0.1573068068247187 3.0112214822378278
v 0.0356880000000000 -0.0070520000000000 0.0619350000000000
vn 4.0463366555216833 0.0361607785993034 2.9921227338987935
v 0.0357970000000000 -0.0112760000000000 0.0619250000000000
vn -4.0851436571585111 -4.5955188402539013 0.8651308649660873
v -0.0216840250000000 -0.0535196250000000 0.0614672500000000
vn -3.8276369487161341 -4.9004587496544536 0.6061589822560993
v -0.0207634747474747 -0.0542443434343434 0.0617537777777777
vn -3.5308171732199929 -5.1965283555877466 0.0016424026728727
v -0.0194260000000000 -0.0552110000000000 0.0613200000000000
vn 6.1530932458322773 1.2691681973832436 0.0000000000000000
v 0.0344220000000000 0.0041830000000000 0.0595370000000000
vn 6.1802696243287309 1.1311068998129679 -0.0014704942827492
v 0.0346080000000000 0.0032160000000000 0.0595370000000000
vn 0.1945070499918919 -0.0210738977737675 6.2796885034261134
v 0.0151850000000000 -0.0212350000000000 0.0645670000000000
vn 0.4219331426170833 -0.0037651520056909 6.2677356622107743
v 0.0211840000000000 -0.0160880000000000 0.0643070000000000
vn -0.2563909027336847 -0.1363638572975991 6.2756472805369619
v -0.0159400000000000 -0.0330740000000000 0.0644230000000000
vn -1.0981466998452059 -1.3401010012621235 6.0383320183940050
v -0.0207298333333333 -0.0536349305555556 0.0622834166666667
vn -1.9478939308116312 -3.1746972667022040 4.2512129662250988
v -0.0178774482758621 -0.0558078275862069 0.0622624482758621
vn 0.0177070329755204 0.0014981662364440 6.2831381181322126
v 0.0051215000000000 -0.0112240000000000 0.0646980000000000
vn 0.0660364485884776 0.0160923608499482 6.2827139430781695
v 0.0092970000000000 -0.0058630000000000 0.0646740000000000
vn 0.5580868944800628 0.1696888797654009 6.2545280990520009
v 0.0232240000000000 0.0055740000000000 0.0639870000000000
vn 1.2585830132897979 0.1054121114508078 6.1521059484639675
v 0.0310150000000000 -0.0018290000000000 0.0630700000000000
vn 0.7581435366581222 0.2987015864404547 6.2286077296185622
v 0.0247390000000000 0.0090810000000000 0.0636960000000000
vn 1.4911386776504489 0.5715756506191596 6.0755316737544787
v 0.0303295263157895 0.0119226315789474 0.0625290000000000
vn 1.2268896949777441 0.4629353276690372 6.1434518427839073
v 0.0287465000000000 0.0107845000000000 0.0629745000000000
vn 3.0536170342255002 0.7356828732701957 -0.0000000000000000
v 0.0339980000000000 0.0061080000000000 0.0569980000000000
vn 6.0466763423213656 1.7036631047757358 0.0006292097668989
v 0.0334980000000000 0.0080180000000000 0.0595370000000000
vn 2.9931142229897363 0.9532713473045074 0.0003800764623566
v 0.0330690000000000 0.0094355000000000 0.0569980000000000
vn 0.0107965230509403 -0.0045179484106464 6.2831673220235960
v 0.0037485000000000 -0.0186450000000000 0.0646990000000000
vn 0.0170389405159863 -0.0016726488103673 6.2831376006901820
v 0.0052765000000000 -0.0144615000000000 0.0646980000000000
vn 0.0499772169764061 -0.0259527182703538 6.2828384133218531
v 0.0079370000000000 -0.0233230000000000 0.0646790000000000
vn 0.0735037908706078 -0.0130400364083582 6.2825897780023610
v 0.0097720000000000 -0.0199030000000000 0.0646720000000000
vn -0.6036812662359095 -0.6495417444355575 6.2153574401647189
v -0.0182610000000000 -0.0483310000000000 0.0634860000000000
vn -0.2173741851138557 -0.1516178186479100 6.2768583481929481
v -0.0141830000000000 -0.0350160000000000 0.0644440000000000
vn -1.1781524290821790 -0.7983337183194732 6.1143577550718646
v -0.0258130000000000 -0.0452870000000000 0.0627860000000000
vn -1.2374910654233582 -0.7452911309834221 6.1095471775942896
v -0.0270770000000000 -0.0435820000000000 0.0627510000000000
vn -0.8443765215666974 -0.9988866455348453 6.1416932594729463
v -0.0197560000000000 -0.0512110000000000 0.0629210000000000
vn -0.7692322486981308 -1.0121355138293289 6.1500708192019857
v -0.0180250000000000 -0.0524370000000000 0.0629510000000000
vn -0.0012570153471620 -0.0438893496778149 6.2829617388462715
v 0.0000000000000000 -0.0292080000000000 0.0646800000000000
vn 0.9688351726008063 0.0382492220497965 6.2056562453657786
v 0.0284600000000000 -0.0027980000000000 0.0635330000000000
vn 3.7921616664069626 2.1962727289071076 2.8649876675190322
v 0.0315481872509960 0.0134174541832669 0.0619291752988048
vn 6.2144719695879251 0.9255011037995888 -0.0006959226662872
v 0.0349290000000000 0.0012710000000000 0.0595370000000000
vn 6.2000342569403069 1.0158388520535415 0.0360278967618496
v 0.0347710526315789 0.0022705789473684 0.0608060000000000
vn 3.0785171722843576 0.6241330495194679 -0.0041247289216077
v 0.0344220000000000 0.0041830000000000 0.0569980000000000
vn 0.4167973922155840 -0.0101825367708475 6.2678771753126643
v 0.0210260000000000 -0.0186830000000000 0.0643160000000000
vn -0.1072666348746156 -0.1756824186047610 6.2792599463302885
v -0.0076570000000000 -0.0393210000000000 0.0644960000000000
vn -0.9261308408548053 -1.2717670406494315 6.0813039729006722
v -0.0187030000000000 -0.0539160000000000 0.0625740000000000
vn -1.0635897616124679 -1.4277828387397946 6.0244428202499645
v -0.0194470000000000 -0.0543733750000000 0.0623478750000000
vn 0.0107450557491915 -0.0000385141832220 6.2831665490014892
v 0.0050950000000000 -0.0134870000000000 0.0646980000000000
vn 0.0780806135587462 0.0072369309950119 6.2825413866691173
v 0.0101230000000000 -0.0083220000000000 0.0646700000000000
vn 0.0583125832926787 0.0203256571801138 6.2827733428235524
v 0.0086860000000000 -0.0047150000000000 0.0646770000000000
vn 1.2454866142191710 0.0598787383836389 6.1541957456415455
v 0.0312680000000000 -0.0037600000000000 0.0630480000000000
vn 0.9754566471473900 0.4088693629797140 6.1919630961729455
v 0.0269640000000000 0.0111290000000000 0.0632700000000000
vn 1.6416066526034991 0.2171061004725865 6.0556571497488614
v 0.0335370000000000 -0.0008680000000000 0.0624570000000000
vn 1.4049017432872306 0.6157487852722130 6.0917182380522457
v 0.0294622500000000 0.0131776250000000 0.0626111250000000
vn 2.3545368810232938 0.5335809474926122 5.7200040938486758
v 0.0305022307692308 0.0140651538461538 0.0622538461538461
vn 1.1741800549701022 0.5300719134636841 6.1478705782001182
v 0.0280670000000000 0.0121470000000000 0.0630000000000000
vn 4.0069114578590925 0.4755910460829817 2.9793092363087035
v 0.0352540000000000 -0.0012330000000000 0.0619590000000000
vn 1.5438122966128440 -2.7325769415646848 -0.0357035882688765
v 0.0168700000000000 -0.0568050000000000 0.0569980000000000
vn 1.8222743787859847 -2.5553386689939006 -0.0378228982679094
v 0.0199550000000000 -0.0548410000000000 0.0569980000000000
vn 3.5173158838857965 -5.2045982064336629 -0.0172086641849388
v 0.0194270000000000 -0.0552110000000000 0.0596170000000000
vn 5.6667352466815544 -2.7116322610630172 -0.0001772537470697
v 0.0310880000000000 -0.0414630000000000 0.0582740000000000
vn 5.8108012729686891 -2.3702305728050197 0.1701643917931296
v 0.0320760000000000 -0.0392170000000000 0.0605075000000000
vn 5.8909228116213583 -2.1843827233019062 0.0045180444190229
v 0.0323468181818182 -0.0385096363636364 0.0595500000000000
vn 5.7554388874948739 -2.5185675031856398 -0.0025267491725817
v 0.0316602000000000 -0.0402116000000000 0.0595500000000000
vn -3.1414454070920765 -0.0094110657594858 0.0000000000000000
v -0.0358090000000000 -0.0134870000000000 0.0569980000000000
vn -6.2825329877548741 0.0804334679964498 -0.0007548385466021
v -0.0357950000000000 -0.0112330000000000 0.0595370000000000
vn 0.8906684036613098 -0.1643104008991123 6.2158375176278398
v 0.0273570000000000 -0.0294180000000000 0.0635960000000000
vn 0.6503725933609733 -0.0841000940245777 6.2469904770703470
v 0.0252890000000000 -0.0263990000000000 0.0639130000000000
vn 0.6446527426826205 -1.0690622438561388 6.1546906234246563
v 0.0152050000000000 -0.0541080000000000 0.0629930000000000
vn 0.5454028701032815 -1.1706152274646129 6.1427129181001572
v 0.0123380000000000 -0.0554470000000000 0.0630280000000000
vn 4.2130130364047567 -1.5623175820928958 2.7791244245786686
v 0.0328968238095238 -0.0368504333333333 0.0618712690476191
vn 1.6021559775047247 -0.5016663226895045 6.0536503693781585
v 0.0315998461538462 -0.0364646923076923 0.0624266923076923
vn 2.9838395738608536 -1.0752809571704591 5.1152753571779197
v 0.0323276666666667 -0.0374670000000000 0.0621333333333333
vn 1.1445808138228053 -0.2171837885635710 6.1725788129957451
v 0.0298140000000000 -0.0308630000000000 0.0631480000000000
vn -0.7740552285995743 -0.0151559568516573 6.2317003143828869
v -0.0264710000000000 -0.0164650000000000 0.0638380000000000
vn 4.6654287448804972 -1.7682729492906339 2.3556772801427819
v 0.0334988235294117 -0.0349880588235294 0.0617490588235294
vn -1.4644811037303773 0.0543439509184148 6.1090001029232059
v -0.0328120000000000 -0.0062870000000000 0.0627330000000000
vn -1.6407083473620236 0.0811742989030415 6.0638827389655576
v -0.0340085294117647 -0.0049774117647059 0.0624122941176471
vn -3.0682751096774461 0.4905173409246991 5.1850436702421119
v -0.0354560000000000 -0.0072710000000000 0.0620120000000000
vn -0.0125959182305023 0.0294932021980501 6.2830656227320771
v -0.0022500000000000 -0.0000630000000000 0.0646890000000000
vn -1.3065535093472076 -2.8439886082378680 0.1395613699336422
v -0.0136040000000000 -0.0584250000000000 0.0569980000000000
vn -3.3524195061647730 -5.2267763237584592 0.5489855450489433
v -0.0172051428571429 -0.0566109285714286 0.0614941250000000
vn -2.1429144631012655 -5.5150688088670350 1.3797790439251070
v -0.0095004680851064 -0.0598930425531914 0.0615748723404255
vn 3.1404377091055036 0.0745547356429323 -0.0054540394338431
v 0.0357680000000000 -0.0095430000000000 0.0569980000000000
vn -1.8034368362782309 -0.5852634120146062 5.9845910403333136
v -0.0328085000000000 -0.0351190000000000 0.0622020000000000
vn -0.6656250901637770 -0.0619321991118622 6.2456317478353949
v -0.0256620000000000 -0.0245880000000000 0.0638950000000000
vn -1.9304497420017794 -1.0077489340509227 5.8591862863805169
v -0.0298400000000000 -0.0419220000000000 0.0623210000000000
vn -2.3648687378091555 -1.3468717883810395 4.9084745485994752
v -0.0309090000000000 -0.0414520000000000 0.0620890000000000
vn -0.9251809352213879 -1.5202823953378999 6.0245919430906811
v -0.0171536923076923 -0.0560252564102564 0.0623262307692308
vn -1.2115038005688250 -2.1224566565615115 5.6416702380052639
v -0.0087092014388489 -0.0597637553956835 0.0623194244604316
vn -0.4868660170691326 -1.4796241137801214 6.0843780813418853
v -0.0095000000000000 -0.0581940000000000 0.0626790000000000
vn -3.8939306105957763 -1.1358973430382922 2.9763100365954043
v -0.0335270000000000 -0.0348910000000000 0.0620030000000000
vn 5.5720811697946937 -0.5262173984785999 2.0286438276795371
v 0.0358083970588237 -0.0135914558823529 0.0617689803921569
vn 1.6146554700511544 0.0015968285058452 6.0673425732988626
v 0.0340170000000000 -0.0050570000000000 0.0624110000000000
vn 4.0314616790040141 0.2460005047787142 2.9874383101911102
v 0.0355820000000000 -0.0050420000000000 0.0619420000000000
vn -3.1568248180989875 -5.4302396694252613 -0.0264925284901643
v -0.0171474615384615 -0.0566415384615385 0.0596170000000000
vn -1.7234504692192956 -6.0411515567606671 -0.0131315185872209
v -0.0094720000000000 -0.0599030000000000 0.0596170000000000
vn -6.0583594430903958 -1.6640075605271367 0.0038304887525234
v -0.0335950000000000 -0.0346470000000000 0.0608060000000000
vn -6.1009480355756489 -1.4988541516395280 0.0000000000000033
v -0.0338760000000000 -0.0335780000000000 0.0595370000000000
vn -6.0158869270861262 -1.8115300024745102 -0.0010357508660737
v -0.0332890000000000 -0.0357100000000000 0.0595370000000000
vn -2.9492957942992248 -1.0803176400280301 0.0000000000000220
v -0.0325700000000000 -0.0378960000000000 0.0569980000000000
vn -5.9686222451381630 -1.9615725127810855 -0.0018049130125644
v -0.0329430000000000 -0.0368090000000000 0.0582670000000000
vn -5.5844544169214902 -2.8770162912672186 -0.0017250487256061
v -0.0305654545454545 -0.0425334545454545 0.0595370000000000
vn -5.7026325529408481 -2.6350862921963429 0.0003736688926330
v -0.0312840000000000 -0.0410620000000000 0.0595370000000000
vn 6.2831367496477837 -0.0246665644954561 0.0005274972855024
v 0.0358073333333333 -0.0138983333333333 0.0606140000000000
vn 0.9575749886403065 0.0006664608164438 6.2089672842840669
v 0.0291498000000000 -0.0149164000000000 0.0634682000000000
vn 0.7080105761648082 -0.0008754160197619 6.2412525636245944
v 0.0264640000000000 -0.0167370000000000 0.0638390000000000
vn 3.0518320385511362 -2.5474963058259057 5.0174333455182003
v 0.0356323846153846 -0.0135714615384615 0.0619795384615385
vn 1.6252445523725854 -0.0898706678193091 6.1302280290399986
v 0.0339764310544612 -0.0134873858632677 0.0624631042873696
vn -0.3109984834969157 -0.7505229455757977 6.2254508011063585
v -0.0096300000000000 -0.0529120000000000 0.0636010000000000
vn -1.0184683778781694 -0.3654612715330410 6.1876967283950268
v -0.0276866363636364 -0.0366483636363636 0.0632437272727273
vn -0.6153256602773650 -0.1193105069294339 6.2500714084105295
v -0.0244720000000000 -0.0293410000000000 0.0639460000000000
vn -1.2272446311205341 -0.4605650146631904 6.1437279585841811
v -0.0288213846153846 -0.0376000769230769 0.0629711538461538
vn -1.5171880031246407 -0.4490134392270541 6.0791698752064525
v -0.0315053333333333 -0.0353843333333333 0.0625330000000000
vn -1.3152417955888933 -0.3590025938539296 6.1322111411741886
v -0.0301890000000000 -0.0342590000000000 0.0629120000000000
vn -0.4001587432979041 -1.1506181997985494 6.1606417021255249
v -0.0094090000000000 -0.0564890000000000 0.0630550000000000
vn 0.0256661060773303 0.0290797859767886 6.2830121283474289
v 0.0049790000000000 -0.0011320000000000 0.0646860000000000
vn 1.2953120077043998 0.0084388519728726 6.1475833976147154
v 0.0317560000000000 -0.0115390000000000 0.0629900000000000
vn 1.7922867812022418 0.0233415835875749 6.0212624210137289
v 0.0349890000000000 -0.0124130000000000 0.0621780000000000
vn 5.8559707970626551 2.2747066600462613 -0.0035461124829233
v 0.0322600000000000 0.0117580000000000 0.0582670000000000
vn 2.9632776013950997 1.0422799795581605 -0.0000000000000047
v 0.0326000000000000 0.0108360000000000 0.0569980000000000
vn 5.7812985241323513 2.4515480622745969 0.1000076304978489
v 0.0317070000000000 0.0131240000000000 0.0608060000000000
vn 5.6897550895043345 2.6634763748154135 -0.0015397138851648
v 0.0311060000000000 0.0144700000000000 0.0595370000000000
vn 0.0079567353760745 -0.0044805780944106 6.2831667122661834
v 0.0030340000000000 -0.0193080000000000 0.0647000000000000
vn 0.0095181793551073 -0.0285267377518105 6.2830826042680785
v 0.0012970000000000 -0.0270910000000000 0.0646900000000000
vn 0.0791464883131482 -0.0079768753062268 6.2825109383573690
v 0.0101230000000000 -0.0186520000000000 0.0646700000000000
vn 0.0831479369663045 -0.0044676433021775 6.2824624562719471
v 0.0103650000000000 -0.0173760000000000 0.0646680000000000
vn -1.2538817121412862 -1.1301797540531564 6.0508566820689520
v -0.0242982500000000 -0.0498515000000000 0.0623657500000000
vn -1.0114611550212600 -0.8833239616311386 6.1341615556135531
v -0.0229730000000000 -0.0484400000000000 0.0628560000000000
vn 0.2094118935543717 0.0012556410577432 6.2793654434742674
v 0.0159020000000000 -0.0134870000000000 0.0645520000000000
vn 0.4161524473495018 0.0098497770424149 6.2679896823031997
v 0.0210260000000000 -0.0082910000000000 0.0643160000000000
vn 0.6802799718224102 0.0429508816382001 6.2441991044327949
v 0.0258910000000000 -0.0037680000000000 0.0638820000000000
vn 0.8684937574834427 0.1906532524976012 6.2182901992873791
v 0.0268350000000000 0.0041520000000000 0.0636190000000000
vn 1.5155894308033648 0.3482637178942791 6.0855307477518998
v 0.0319490000000000 0.0063360000000000 0.0625610000000000
vn 1.7515379207663024 0.4234889082911317 6.0179382785310498
v 0.0331430000000000 0.0070880000000000 0.0621850000000000
vn -5.8704098004791065 2.2360615321527337 0.0167679918769689
v -0.0322716363636364 0.0117256363636364 0.0608060000000000
vn -5.9818778445085670 1.9087955722709959 0.0880579788323699
v -0.0332630000000000 0.0088210000000000 0.0614410000000000
vn -5.9237219207410341 2.0929384815330563 0.0087939207444057
v -0.0326580000000000 0.0106693636363636 0.0595370000000000
vn 3.4236273128254782 -1.3706318630255865 2.9615336907492340
v 0.0297200000000000 -0.0440940000000000 0.0620460000000000
vn 4.2709120013493385 -3.5199816230212910 1.9328581326017715
v 0.0255745833333333 -0.0498051666666667 0.0614764166666667
vn 0.0531865573347735 -0.0798052615157585 6.2823109074800749
v 0.0057110000000000 -0.0328760000000000 0.0646290000000000
vn 1.2003352169141719 -1.2042357267472414 6.0473373208222982
v 0.0230995000000000 -0.0510365833333333 0.0623819166666667
vn 1.1356155187126022 -1.2607400109325435 6.0482748672204814
v 0.0215050000000000 -0.0524954545454545 0.0623916363636364
vn 1.6838851131787909 -1.5126965787406641 5.7825867741893875
v 0.0252470000000000 -0.0483040000000000 0.0624480000000000
vn 1.2372427729577868 -1.1273491906266933 6.0550799778524977
v 0.0241497391304348 -0.0499286521739130 0.0623823478260870
vn 3.2286248948110225 -1.8973747100063658 4.0951828937260046
v 0.0299900000000000 -0.0431120000000000 0.0621190000000000
vn -0.1389982305947435 -0.0007185199510538 6.2813125475855918
v -0.0134980000000000 -0.0134870000000000 0.0646170000000000
vn 4.0059918468048785 -4.6304028156523405 0.9528336664316819
v 0.0231895312500000 -0.0522188750000000 0.0614632812500000
vn -2.0996966936694115 0.8419149887009429 5.8079082517588700
v -0.0317582307692308 0.0105476923076923 0.0622886153846154
vn -2.2828461732021097 0.8801054941747890 5.7277223384601612
v -0.0325124142857143 0.0096011714285714 0.0621630857142857
vn -1.3655211255909296 0.6218682679928584 6.0999100186088304
v -0.0291435000000000 0.0131965000000000 0.0626825000000000
vn -1.4770869774024136 0.5671909542697334 6.0794462589470637
v -0.0303539032258064 0.0118007741935484 0.0625348064516129
vn -3.6965457975783922 1.3429348679426010 3.7874292433626775
v -0.0319350000000000 0.0123420000000000 0.0620520000000000
vn -1.2964498993678228 0.6453661473928730 6.1112470746645826
v -0.0284160000000000 0.0145060000000000 0.0627080000000000
vn -0.6537979112860693 0.0804824846189652 6.2465264131337443
v -0.0254620000000000 -0.0013710000000000 0.0639050000000000
vn -0.2099233796535882 0.0002933196809611 6.2792774694206628
v -0.0158930000000000 -0.0116410000000000 0.0645520000000000
vn -0.0801334173166074 0.0061469632480769 6.2824924545822505
v -0.0101930000000000 -0.0086400000000000 0.0646700000000000
vn 0.5949889375687433 -6.2257533736589483 0.2555805988993475
v 0.0026124583333333 -0.0611347083333334 0.0612272083333333
vn -3.1398439667931322 -0.0915611664358207 -0.0064870137783998
v -0.0357540000000000 -0.0179940000000000 0.0569980000000000
vn 5.5925882245538077 -2.8633780593967542 0.0027031729227619
v 0.0306445882352941 -0.0423446470588235 0.0595500000000000
vn 6.1942117481389349 -0.8596996253348632 0.3998440384597208
v 0.0350620000000000 -0.0272930000000000 0.0608270000000000
vn 6.2136977064242629 -0.9302104098570391 -0.0026799545913055
v 0.0349230000000000 -0.0282800000000000 0.0595500000000000
vn 3.1243423934944765 -0.3259727070013543 0.0000000000000001
v 0.0352960000000000 -0.0253120000000000 0.0569980000000000
vn 0.1872139569837452 -3.5210928231873893 4.6079451989470277
v 0.0039351250000000 -0.0606323750000000 0.0623467678571428
vn 0.3012625010219387 -1.1875890836592875 6.1585191002081050
v 0.0073160000000000 -0.0570520000000000 0.0630700000000000
vn 0.2704535112465642 -1.5374600002559391 6.0823636918283146
v 0.0048410000000000 -0.0592232941176471 0.0627034705882353
vn 0.2480866954681862 -0.7618952898773439 6.2269325742075692
v 0.0077080000000000 -0.0534970000000000 0.0636160000000000
vn 0.4862366396359379 -0.6985279596439887 6.2203648806419736
v 0.0149090000000000 -0.0505410000000000 0.0635400000000000
vn 0.9825885108568044 -0.4030223315611965 6.1912666669689216
v 0.0269640000000000 -0.0381040000000000 0.0632700000000000
vn 1.0267191475675073 -0.3599887243855246 6.1868148956890439
v 0.0278260000000000 -0.0363550000000000 0.0632380000000000
vn 1.5676709044652164 -0.3120003552370418 6.0748746136983085
v 0.0325140000000000 -0.0312790000000000 0.0625290000000000
vn 1.5363360567768107 -0.3360789698018054 6.0818347660714815
v 0.0320308181818182 -0.0330350000000000 0.0625566363636363
vn 1.3124525987527482 -0.3572673185512260 6.1329814209538860
v 0.0302755000000000 -0.0340025000000000 0.0629080000000000
vn 2.5620520036235392 -1.5702423476800726 4.8901577201944830
v 0.0344844285714286 -0.0290777500000000 0.0620753214285714
vn 2.5526061207665185 -0.1265849924661529 5.6495065730659881
v 0.0341021250000000 -0.0303536875000000 0.0621303125000000
vn -0.4963972277324874 -0.0006787515891346 6.2623112122091040
v -0.0224950000000000 -0.0134870000000000 0.0642170000000000
vn 5.2987755653761894 -0.7939943216462122 2.1533472092444996
v 0.0346135000000000 -0.0301612142857143 0.0617225000000000
vn -0.0021861350028975 0.1186526740334917 6.2819114609241780
v 0.0000000000000000 0.0116680000000000 0.0645650000000000
vn -0.7109966627614661 0.0068658014857890 6.2410489095465307
v -0.0264690000000000 -0.0104110000000000 0.0638390000000000
vn -0.4054640895008818 0.0221729349616844 6.2686625137294314
v -0.0207830000000000 -0.0061220000000000 0.0643260000000000
vn -0.0388601980437611 0.1788484406205376 6.2801008198334349
v -0.0020700000000000 0.0137820000000000 0.0645150000000000
vn -0.1700920844590450 0.0414839902931553 6.2803668311003147
v -0.0141930000000000 -0.0026210000000000 0.0645800000000000
vn -0.0302803310545618 0.0811032585686890 6.2824607441725409
v -0.0033750000000000 0.0066490000000000 0.0646350000000000
vn 0.5137462034391567 -5.9202821157805481 0.0100427882403596
v 0.0027857142857143 -0.0611211428571429 0.0604980000000000
vn 0.6054390255903477 -3.0796549806478755 -0.0396368763889197
v 0.0066200000000000 -0.0605910000000000 0.0569980000000000
vn -6.2682345232610368 -0.4205066961805576 -0.0056559249875936
v -0.0355440000000000 -0.0224950000000000 0.0595370000000000
vn 6.1778574562847428 -1.1418369467828180 0.0135198923150883
v 0.0345990000000000 -0.0302410000000000 0.0604784545454545
vn 3.0529210951846157 -0.7386362759206803 -0.0048563677937157
v 0.0339850000000000 -0.0331400000000000 0.0569980000000000
vn 6.1536281445539185 -1.2669745102860595 -0.0007064597883045
v 0.0344110000000000 -0.0312130000000000 0.0582740000000000
vn 6.1955009586547654 -1.0448416222652597 0.0046089339813215
v 0.0347192000000000 -0.0295582000000000 0.0595500000000000
vn 0.7941559089427719 -0.2633543680448737 6.2256160688911875
v 0.0255310000000000 -0.0344530000000000 0.0636700000000000
vn 0.1222854566324620 -1.4839435215159014 6.0915480611796404
v 0.0075920000000000 -0.0586990000000000 0.0626910000000000
vn 0.1869758869940747 -0.7716622951373164 6.2279048659582488
v 0.0058080000000000 -0.0539440000000000 0.0636270000000000
vn 0.2766575007412172 -1.2105102064770068 6.1547039201731479
v 0.0062850000000000 -0.0572770000000000 0.0630750000000000
vn 0.5314446094277785 -1.8418422335702858 5.9787664155579536
v 0.0086708226950355 -0.0597300992907801 0.0623324468085106
vn 1.0467023160894013 -1.1970779483336109 6.0763746587006686
v 0.0206302307692308 -0.0525426923076923 0.0625422307692308
vn 0.8370028707698525 -0.9778265567290604 6.1467281864103942
v 0.0196560000000000 -0.0512870000000000 0.0629230000000000
vn 2.8500325917472686 -0.9893029139954186 4.6454297636615323
v 0.0308855000000000 -0.0415310000000000 0.0620848571428571
vn 2.4678235402034892 -1.2113447221873921 5.5207449728410332
v 0.0301742592592593 -0.0422107962962963 0.0621929629629629
vn 1.4032980389606904 -0.6674755223433506 6.0861274194691877
v 0.0291236315789474 -0.0412487368421053 0.0625735263157895
vn 0.9540067197483645 -0.4266730291660437 6.1941733132584762
v 0.0264950000000000 -0.0389580000000000 0.0632860000000000
vn 1.1628952267033017 -0.5445467074549643 6.1491350624811307
v 0.0275790000000000 -0.0400120000000000 0.0630170000000000
vn 6.3175336380772720 -1.1633217297626486 5.2499341150002961
v 0.0349320000000000 -0.0268835000000000 0.0620240000000000
vn 1.6120301986736760 -0.1824054326655989 6.0692321653438244
v 0.0333740000000000 -0.0271480000000000 0.0624710000000000
vn 2.9417763713875749 0.2715462842198698 5.2853034482123080
v 0.0344972000000000 -0.0283664000000000 0.0621034000000000
vn 1.4382098738089499 -0.1200977863134570 6.1140476705449576
v 0.0322800000000000 -0.0256270000000000 0.0627850000000000
vn -3.9339396485305009 -0.0406582243476101 3.0227159648903772
v -0.0357950000000000 -0.0158010000000000 0.0619250000000000
vn -0.0028210975258104 0.0994257484964686 6.2822794776407900
v 0.0000000000000000 0.0085230000000000 0.0646190000000000
vn -0.7043308752881915 0.0076903608748465 6.2416458610370222
v -0.0263970000000000 -0.0088730000000000 0.0638460000000000
vn -0.0633311879916118 0.1806036681876319 6.2797414397071165
v -0.0044990000000000 0.0133600000000000 0.0645090000000000
vn 2.8215459357368173 -5.4767516940467900 0.7606913680758071
v 0.0169483965517241 -0.0567593965517241 0.0615761551724138
vn 2.8345812009388283 -5.6058166885172511 -0.0294786210762350
v 0.0155720000000000 -0.0575010000000000 0.0596170000000000
vn 3.2396488219545141 -5.3647676334582455 0.2608275242429675
v 0.0179870512820513 -0.0561435641025641 0.0613719743589743
vn 3.5784481913789681 -5.1346826026274206 0.3639346758319938
v 0.0198740000000000 -0.0548990000000000 0.0612545000000000
vn 3.9912022302862504 -4.7157539868532838 0.7645050094639299
v 0.0211820000000000 -0.0539230000000000 0.0616174347826087
vn 5.9285673328514532 -2.0791655468030954 -0.0034378831023334
v 0.0325900000000000 -0.0378410000000000 0.0582740000000000
vn 5.8931902331840620 -2.0520545366982521 0.4311009173268897
v 0.0333470000000000 -0.0355120000000000 0.0608270000000000
vn 3.0216913568654808 -0.8575995542343376 -0.0000000000000118
v 0.0334840000000000 -0.0350410000000000 0.0569980000000000
vn 2.9924656985881071 -0.9554642061618311 -0.0000000000000151
v 0.0330560000000000 -0.0364475000000000 0.0569980000000000
vn -6.2708171726174671 0.3214993045820661 0.1499501119685342
v -0.0356442758620690 -0.0062745517241379 0.0605213448275862
vn -6.2715215350537372 0.3807504248845967 0.0018006640803641
v -0.0356030000000000 -0.0055190000000000 0.0595370000000000
vn 0.9556320757339988 -0.0728165654923999 6.2079168863480971
v 0.0284600000000000 -0.0241770000000000 0.0635330000000000
vn 2.4444754237291799 -3.1815452180694397 3.4666376299886958
v 0.0206262912621359 -0.0542514854368932 0.0621568446601942
vn 0.9772712416431890 -1.2418436944304632 6.0793860120010237
v 0.0195330555555556 -0.0533450000000000 0.0625609444444444
vn 0.9305808520036549 -1.5112564540653208 6.0262479045455795
v 0.0170144814814815 -0.0559756666666667 0.0623604444444444
vn 1.2019831299650290 -0.1248891431425539 6.1643646188995476
v 0.0308630000000000 -0.0261070000000000 0.0630820000000000
vn -3.9528908417743187 -0.0263020748787098 3.0224778439033209
v -0.0358090000000000 -0.0134870000000000 0.0619230000000000
vn 1.8578581946012493 -3.4818360542690616 2.9421781076525471
v 0.0149700000000000 -0.0578000000000000 0.0621800000000000
vn -0.0013128808898128 0.0441429810140090 6.2829468649562159
v 0.0000000000000000 0.0022340000000000 0.0646800000000000
vn -1.6424908330719605 0.0185697601744876 6.0621503089748456
v -0.0342770000000000 -0.0094930000000000 0.0623760000000000
vn -1.2468676162960965 0.0296111553840711 6.1567341303138114
v -0.0315834000000000 -0.0074008000000000 0.0630152000000000
vn -0.9896349269125961 0.0173739149246723 6.2030815316628569
v -0.0290150000000000 -0.0084130000000000 0.0634860000000000
vn -0.0304698400837389 0.0300498256605679 6.2829712244437417
v -0.0056260000000000 -0.0015340000000000 0.0646850000000000
vn -5.9297990385807164 2.0736049103999261 0.0458290633920949
v -0.0326864000000000 0.0105872000000000 0.0605520000000000
vn -5.8562979912706323 2.2741133453265934 -0.0011647428527590
v -0.0321620000000000 0.0120120000000000 0.0595370000000000
vn 4.9729742124058705 -2.5844389801215115 1.8753203133827971
v 0.0301694615384615 -0.0432551538461538 0.0617336153846154
vn 0.0440336757332502 -0.0268101525600888 6.2829062534195508
v 0.0070590000000000 -0.0242840000000000 0.0646810000000000
vn 0.3483833298797304 -0.3470752343999257 6.2610539929244142
v 0.0151600000000000 -0.0425910000000000 0.0641460000000000
vn 0.4668826359449009 -0.2888314317105809 6.2562472708501096
v 0.0198290000000000 -0.0380760000000000 0.0640690000000000
vn 2.5332737518143880 -2.8649352407030575 4.1011746321989762
v 0.0228369200000000 -0.0521792400000000 0.0621927200000000
vn 1.1059754407024540 -1.1600352547447979 6.0726639414433752
v 0.0221040000000000 -0.0513520000000000 0.0625150000000000
vn 2.9737719492090369 -1.7813638100606439 4.7091113675861642
v 0.0249400000000000 -0.0497490000000000 0.0622480000000000
vn 1.1914184016901490 -1.0675454057342755 6.0739483329686657
v 0.0244980000000000 -0.0491030000000000 0.0624650000000000
vn 1.7154506295191021 -0.8115370486388023 5.9707081655812733
v 0.0290386000000000 -0.0438238000000000 0.0622668000000000
vn -3.1410900763820737 0.0009992342412973 3.1415924544785314
v 0.0000000000000000 -0.0166310000000000 0.0646990000000000
vn 3.3068857348962410 -2.2304391738136640 2.9504948923569616
v 0.0284700000000000 -0.0460940000000000 0.0620580000000000
vn -4.1092861697082519 1.7971459980217155 2.8646045369931699
v -0.0329033591549295 0.0098655352112676 0.0619024137323945
vn -1.7262537465121706 0.4869080535111439 6.0204548757488610
v -0.0327546000000000 0.0083056000000000 0.0622048000000000
vn -1.1436828408097635 0.5504651668183993 6.1521080073343413
v -0.0278200000000000 0.0126030000000000 0.0630090000000000
vn -1.6355923385451505 0.6317759526663648 6.0322904253086449
v -0.0312864000000000 0.0120702000000000 0.0622682000000000
vn -1.3433555109929947 0.5618537752846017 6.1081197727109222
v -0.0302390000000000 0.0109530000000000 0.0626410000000000
vn -0.3366485963660728 0.0867281532997606 6.2723849689142419
v -0.0189210000000000 0.0010010000000000 0.0643760000000000
vn -0.2107362230563300 0.0032886584999258 6.2791244320693194
v -0.0157880000000000 -0.0097970000000000 0.0645560000000000
vn -0.0748856691873438 0.0112140946912396 6.2825697301923462
v -0.0098760000000000 -0.0074010000000000 0.0646720000000000
vn -3.9159164667772415 1.1182923183479974 2.9696279294201031
v -0.0335010000000000 0.0080110000000000 0.0620030000000000
vn -3.8844589823438098 -4.9368672685646002 -0.0399914339333942
v -0.0211890000000000 -0.0539180000000000 0.0596170000000000
vn -3.3452185004268742 -5.3142648790350533 -0.0781026251302916
v -0.0185150000000000 -0.0558160000000000 0.0596170000000000
vn 3.1256069108586386 0.3107394737992819 -0.0000000000000025
v 0.0353000000000000 -0.0016660000000000 0.0569980000000000
vn 6.1627311741187576 1.1438943309550871 0.2826696087829253
v 0.0346080000000000 0.0032160000000000 0.0614410000000000
vn 0.0091120661547434 -0.1958846518491679 6.2797922370550037
v 0.0000000000000000 -0.0417870000000000 0.0644920000000000
vn 0.0112897282629399 0.0043255231516633 6.2831585297740729
v 0.0043430000000000 -0.0091010000000000 0.0646990000000000
vn 0.0829060866444265 0.0020000288287245 6.2824949725991850
v 0.0105940000000000 -0.0121870000000000 0.0646660000000000
vn 0.8754894368597651 0.5086216103514738 6.1963159135046082
v 0.0249310000000000 0.0144530000000000 0.0633350000000000
vn 2.6029191025191651 0.3159799842874857 5.6198042552041541
v 0.0340810833333333 0.0034681666666667 0.0621317500000000
vn 1.5955336348093803 0.2427381850253993 6.0713029915211383
v 0.0330494000000000 0.0019368000000000 0.0624948000000000
vn 1.4182032685778956 0.1590189590344271 6.1176540802495447
v 0.0319450000000000 0.0006530000000000 0.0628110000000000
vn 1.4485589258355276 0.4524984546395375 6.0959761286087639
v 0.0309170000000000 0.0093260000000000 0.0626120000000000
vn 0.6012070111154024 3.0802866425677129 -0.0369825960605715
v 0.0066230000000000 0.0336160000000000 0.0569980000000000
vn 0.4174572695483733 5.9088636180777536 0.0138832608393894
v 0.0028125000000000 0.0341443750000000 0.0604980000000000
vn 2.1282313410901721 5.5594278305119653 1.3090259750004793
v 0.0094892127659574 0.0329217872340426 0.0615748723404255
vn 0.3506090256762750 0.3499809408928327 6.2608824652228048
v 0.0151590000000000 0.0156150000000000 0.0641460000000000
vn 0.2811386478649679 0.3704863497691036 6.2632988684648350
v 0.0124390000000000 0.0173990000000000 0.0641800000000000
vn 0.6559430976503742 0.6238468895996391 6.2126497210429212
v 0.0196900000000000 0.0202070000000000 0.0634590000000000
vn 0.5432825891650815 0.6765192979151927 6.2179992341423871
v 0.0165720000000000 0.0225480000000000 0.0635150000000000
vn 0.1869411099273257 0.7716000394180200 6.2279138810825803
v 0.0058080000000000 0.0269690000000000 0.0636270000000000
vn 0.8367228384578871 0.9778248042181580 6.1467615252662293
v 0.0196560000000000 0.0243120000000000 0.0629230000000000
vn 0.3534872808622021 1.1602819325147440 6.1617538864498123
v 0.0083400000000000 0.0298200000000000 0.0630630000000000
vn 0.3464361174653532 1.4668902750210717 6.0976095226010321
v 0.0075920000000000 0.0317240000000000 0.0626910000000000
vn 0.0837333293425411 0.8046212010607873 6.2268063384535877
v 0.0019470000000000 0.0275000000000000 0.0636390000000000
vn 0.9234508274129491 3.8571220607798060 2.8133997801301236
v 0.0108010000000000 0.0325170000000000 0.0622050000000000
vn 2.9170083409848249 5.5631564838745611 0.0354778907623989
v 0.0156650000000000 0.0304790000000000 0.0609270000000000
vn 3.1304224780202055 5.4463320598221046 -0.0003785645376217
v 0.0171045000000000 0.0296920000000000 0.0596170000000000
vn 0.2110402555615387 0.3861222858982804 6.2652174762120971
v 0.0095130000000000 0.0188240000000000 0.0642080000000000
vn 0.0910055822930079 0.3993107735939550 6.2678165924782601
v 0.0032410000000000 0.0205160000000000 0.0642420000000000
vn 1.1326440272660361 1.3830053853534263 6.0227671212438203
v 0.0207577540983607 0.0266625737704918 0.0622794754098360
vn 2.0035368183069941 3.3017907304549965 3.9458692241157665
v 0.0178978695652174 0.0289307826086957 0.0622338260869565
vn 0.8559384616818877 1.3175643997139952 6.0815407334926821
v 0.0169755000000000 0.0280110000000000 0.0626000000000000
vn 3.8398085494727292 4.8642554064099937 0.6965106877333815
v 0.0207585959595960 0.0272729393939394 0.0617537777777777
vn 3.5328860922630021 5.1950498899613331 0.0010627309831119
v 0.0194210000000000 0.0282400000000000 0.0613200000000000
vn 0.1416804479168287 0.3967123937012745 6.2665770068725619
v 0.0064300000000000 0.0198680000000000 0.0642290000000000
vn 1.0509210066060377 1.4244000194732986 6.0273223226076329
v 0.0193451250000000 0.0274676250000000 0.0623496250000000
vn 1.5355879751685062 3.6282990581669416 2.9417181820127061
v 0.0128420000000000 0.0317680000000000 0.0621930000000000
vn 2.8004590775782390 1.4214414650650427 -0.0061417363254746
v 0.0306740000000000 0.0153550000000000 0.0569980000000000
vn 0.8215539165386959 0.5263793828159420 6.2017814232317976
v 0.0237600000000000 0.0160120000000000 0.0633670000000000
vn 2.3325821116235366 2.0990984203857987 -0.0216735577452928
v 0.0254280000000000 0.0229980000000000 0.0569980000000000
vn 5.5871814606906831 2.8714179414877319 -0.0000000000000131
v 0.0306740000000000 0.0153550000000000 0.0595370000000000
vn 0.7651740145857745 0.5623731264505292 6.2057939606750496
v 0.0224930000000000 0.0174940000000000 0.0633990000000000
vn 1.9331445441608071 5.9775364122433494 -0.0026583561059098
v 0.0105350000000000 0.0326040000000000 0.0596170000000000
vn 0.8016234596607862 6.1543075744193114 0.6461624208363739
v 0.0039640754716981 0.0340299056603774 0.0615725471698113
vn 0.7100904928364016 0.5950686650075981 6.2095880149290599
v 0.0211340000000000 0.0188940000000000 0.0634290000000000
vn 0.2765770841826455 1.2004635046040435 6.1570666216839403
v 0.0062850000000000 0.0303020000000000 0.0630750000000000
vn 0.1817264697726159 1.5230279278897938 6.0905562698903468
v 0.0036221818181818 0.0324098181818182 0.0627067272727273
vn 0.2825867538190713 3.9864503073659248 2.9349056996425289
v 0.0024140000000000 0.0341760000000000 0.0622350000000000
vn 1.5476017829427307 6.0883637866857496 0.0237424012918340
v 0.0087390543478261 0.0331290543478261 0.0617686413043478
vn 0.8634888592717488 6.2208943866671831 -0.0730574013191949
v 0.0048320000000000 0.0339190000000000 0.0596170000000000
vn 0.6010499794412985 0.6512680725276611 6.2153938999090634
v 0.0181680000000000 0.0214270000000000 0.0634880000000000
vn 1.3259981209545284 2.2786347616330875 5.5115101554309129
v 0.0088075809523809 0.0327405238095238 0.0623254666666666
vn 0.4840162140932404 1.4811993505188963 6.0841390664493744
v 0.0094450000000000 0.0312360000000000 0.0626795000000000
vn 0.8124761170323971 3.9383440245593020 2.9728359152287984
v 0.0067220000000000 0.0335960000000000 0.0622230000000000
vn 1.7223966498446819 6.0413116121109578 -0.0144729203988599
v 0.0094610000000000 0.0329320000000000 0.0596170000000000
vn 0.4376883788655743 6.2654661919877128 -0.0049100834642046
v 0.0027240000000000 0.0341510000000000 0.0612545000000000
vn 0.4862198039207825 0.6984125891989530 6.2203784289174271
v 0.0149090000000000 0.0235660000000000 0.0635400000000000
vn 0.2480895594352607 0.7618073231635842 6.2269505464215191
v 0.0077070000000000 0.0265220000000000 0.0636160000000000
vn 0.2227817319235412 1.1890492575496077 6.1619165012783004
v 0.0052470000000000 0.0304940000000000 0.0630800000000000
vn 0.0540422000985100 1.5523227530052077 6.0834092429308670
v 0.0021860000000000 0.0325430000000000 0.0627090000000000
vn 0.2560018530578773 1.8154705787637400 6.0061069292774789
v 0.0039600294117647 0.0334542647058824 0.0624080000000000
vn 0.9299883082921020 2.9976948955699059 -0.0400586435113313
v 0.0101710000000000 0.0327190000000000 0.0569980000000000
vn 1.1019841345461874 6.1846539612592935 -0.0045246301349717
v 0.0060010000000000 0.0337320000000000 0.0612293076923077
vn 1.3152331838575784 6.1429694130479477 -0.0057648059079190
v 0.0071630000000000 0.0335050000000000 0.0596170000000000
vn 0.4254292593030893 0.7195834615916774 6.2223329014062987
v 0.0131830000000000 0.0244760000000000 0.0635630000000000
vn 0.3147861625688835 3.8005589602089684 4.1692241532054526
v 0.0046016404494382 0.0337403651685394 0.0622831067415730
vn 0.3129368685057638 1.5869933926245894 6.0688770381247030
v 0.0060706153846154 0.0324282307692308 0.0625959230769231
vn 0.0849936014580920 1.2136432886833692 6.1602703993763344
v 0.0021070000000000 0.0308710000000000 0.0630880000000000
vn 1.5226304474449575 6.0944851125250210 -0.0380539120000371
v 0.0083170000000000 0.0332380000000000 0.0596170000000000
vn 0.5005932987934988 6.0908524790651155 0.9550869423072337
v 0.0048100952380952 0.0339203428571429 0.0617735714285713
vn 0.3684939777027887 0.7374853511401369 6.2239170558694870
v 0.0114030000000000 0.0252730000000000 0.0635830000000000
vn 0.3098809571561858 0.7504752627946609 6.2255279712388472
v 0.0095750000000000 0.0259560000000000 0.0636010000000000
vn 0.4503095778972849 1.1388152735070447 6.1591030504502076
v 0.0103600000000000 0.0292100000000000 0.0630470000000000
vn 0.2677717448180224 1.5362835497156331 6.0831592109381782
v 0.0049043333333333 0.0322383333333333 0.0627033333333333
vn 0.1562736863919331 1.1926058977560958 6.1634765208696072
v 0.0036406923076923 0.0307208461538462 0.0630850769230769
vn 0.5402969096702703 3.9517933231744120 2.9735980962092805
v 0.0056150000000000 0.0337980000000000 0.0622270000000000
vn 0.0681729254273943 1.8728825666867825 0.0266885765752906
v 0.0025000000000000 0.0341700000000000 0.0594980000000000
vn 1.7192860706216493 6.0071097452238451 0.3191218767936321
v 0.0105350000000000 0.0326040000000000 0.0612247272727273
vn 0.7039394011215404 6.2422770765385138 -0.0318880770393014
v 0.0036290000000000 0.0340680000000000 0.0596170000000000
vn 0.1262745534076193 0.7800731563287273 6.2282982037179764
v 0.0038860000000000 0.0272960000000000 0.0636350000000000
vn 0.9043815243245716 0.9590901584278138 6.1393623404212256
v 0.0204890000000000 0.0236650000000000 0.0629080000000000
vn 1.0049790277578490 3.5428573773476870 4.3448959977675017
v 0.0094688333333333 0.0325449047619048 0.0623247380952381
vn 0.4320891984393272 1.4816063532795414 6.0884697057490440
v 0.0083690769230769 0.0315323076923077 0.0626866153846154
vn 0.3036423487866544 1.1787243662047471 6.1603950071761924
v 0.0073160000000000 0.0300780000000000 0.0630700000000000
vn 1.4914204564350353 0.8500759076190281 6.0412157787958725
v 0.0291790000000000 0.0160790000000000 0.0623420000000000
vn 1.0751722776496069 0.8238258190799472 6.1322462223529257
v 0.0243330000000000 0.0200550000000000 0.0628240000000000
vn 1.7190436048552846 1.5636304708226523 5.7440787337127572
v 0.0252470000000000 0.0213290000000000 0.0624480000000000
vn 0.9394364467041351 0.9284409241060269 6.1393181352359729
v 0.0217644166666667 0.0225848333333333 0.0628820833333333
vn 1.2089913838723612 1.2195394918871238 6.0422990924882853
v 0.0231734000000000 0.0240570000000000 0.0623682000000000
vn 3.6338097054586260 1.7780146986066625 2.9331367030029587
v 0.0306060000000000 0.0154890000000000 0.0620370000000000
vn 1.2596671264121033 0.6584411237551711 6.1171136199783342
v 0.0281240000000000 0.0149970000000000 0.0627180000000000
vn 1.2324067588340100 0.7516796394995972 6.1098107513032200
v 0.0269690000000000 0.0167620000000000 0.0627540000000000
vn 2.3178631265612051 2.5210328290063488 4.8276878229532452
v 0.0242088571428571 0.0238664897959184 0.0621870000000000
vn 3.0442930922401024 1.1155432190892838 4.9509985754565005
v 0.0249400000000000 0.0227750000000000 0.0622480000000000
vn 1.0280592812976896 0.8649251922920669 6.1345266988508493
v 0.0236100000000000 0.0208250000000000 0.0628420000000000
vn 3.1374726532531154 2.2277402652405960 2.7858700066295126
v 0.0250160000000000 0.0234440000000000 0.0620910000000000
vn 1.5432121539908592 0.7647381003623123 6.0408158748311669
v 0.0297340000000000 0.0151350000000000 0.0623240000000000
vn 1.1812240012870938 1.0722702711835170 6.0745571041544650
v 0.0244980000000000 0.0221280000000000 0.0624660000000000
vn 1.0680171443247430 1.1534518880271243 6.0791506858598225
v 0.0221040000000000 0.0243770000000000 0.0625150000000000
vn 1.1535832171909568 1.1139733503034865 6.0722141101948575
v 0.0233280000000000 0.0232800000000000 0.0624910000000000
vn 3.2951243456787727 2.1919268845910582 2.9587645368754898
v 0.0284850000000000 0.0190970000000000 0.0620580000000000
vn 3.4540939923407925 2.0200341828978510 2.9589648496241607
v 0.0297350000000000 0.0170930000000000 0.0620450000000000
vn 5.4106476120021263 3.1857738697233078 -0.0155390216395633
v 0.0297350000000000 0.0170930000000000 0.0595210000000000
vn 5.6068569414783367 2.8297105460080503 0.0344451664638052
v 0.0306740000000000 0.0153550000000000 0.0608060000000000
vn 1.1769083017318389 0.8011404594971128 6.1143750517071460
v 0.0257030000000000 0.0184500000000000 0.0627890000000000
vn 3.0055376318243994 2.5284083367948123 2.9517602042758853
v 0.0271460000000000 0.0209490000000000 0.0620710000000000
vn 2.5356327540443022 1.8478585524291193 -0.0143520693650279
v 0.0277390000000000 0.0201600000000000 0.0569980000000000
vn 1.2497518110628267 1.1398969456563428 6.0500469549990843
v 0.0241990800000000 0.0229972800000000 0.0623635200000000
vn 1.0012844736618676 0.8904356471825476 6.1348963326434385
v 0.0228640000000000 0.0215710000000000 0.0628590000000000
vn 4.5860388841370430 3.4502065760653742 1.5647188588838574
v 0.0255143636363636 0.0228970000000000 0.0613914090909091
vn 4.1120933053340849 4.3135699148175064 1.3141449901457194
v 0.0244335585585586 0.0240458918918919 0.0617062342342342
vn 2.5127041078850465 3.1422556524200553 3.3211993992449296
v 0.0214967894736842 0.0266162105263158 0.0621444736842105
vn 2.6766675503185544 3.0034254037372841 2.9654022813750656
v 0.0226550000000000 0.0257260000000000 0.0621140000000000
vn 3.8733530619038516 4.9061084900521834 0.4240188951608304
v 0.0211840000000000 0.0269460000000000 0.0615966818181818
vn 3.1966625680168161 5.3454893132735650 0.5065640158576342
v 0.0182682400000000 0.0289963200000000 0.0612414000000000
vn 2.1341972521116936 5.9083738883990886 0.0160480773687038
v 0.0115990000000000 0.0322420000000000 0.0609270000000000
vn 1.0409241795824955 1.2006575022295463 6.0768311013616394
v 0.0206130000000000 0.0255810000000000 0.0625425000000000
vn 0.9482178895969673 1.4955741680351851 6.0276189767485429
v 0.0171503750000000 0.0289888250000000 0.0623422500000000
vn 0.9077557573168070 1.2988507540711764 6.0778636443388487
v 0.0180170000000000 0.0273789090909091 0.0625849090909091
vn 0.9742027241561435 1.2436159933016622 6.0794634658443849
v 0.0195318421052632 0.0263716842105263 0.0625609473684210
vn 0.8692244984078723 1.5438448276484766 6.0264397213435279
v 0.0160640000000000 0.0294380000000000 0.0623950000000000
vn 1.7068305787556761 3.5773375114641373 2.9469842301093028
v 0.0149690000000000 0.0308260000000000 0.0621790000000000
vn 4.1702369057410404 4.6980050569333152 0.0018384410042516
v 0.0228620000000000 0.0255430000000000 0.0609270000000000
vn 3.9643033852328826 4.8610502324977585 0.2217234467479639
v 0.0216800250000000 0.0265486250000000 0.0614672500000000
vn 1.1296924953036112 1.2429100566852640 6.0527666927848669
v 0.0214525000000000 0.0254250000000000 0.0624215000000000
vn 0.6855467965925228 1.0511948327237375 6.1534769191518741
v 0.0161310000000000 0.0266260000000000 0.0629800000000000
vn 1.5122604279905234 2.7481603944470607 -0.0159570166271943
v 0.0168820000000000 0.0298240000000000 0.0569980000000000
vn 3.6577378442959327 5.1076543652013946 0.0428658620644388
v 0.0198690000000000 0.0279270000000000 0.0612545000000000
vn 0.7320783527207004 1.0314527910901743 6.1511955572936383
v 0.0170390000000000 0.0260900000000000 0.0629670000000000
vn 0.7864287274588496 1.0051478062848678 6.1489710259536512
v 0.0183995384615385 0.0252056923076923 0.0629449230769231
vn 2.4770940812262405 3.1249643950696004 3.6425106382711441
v 0.0207351500000000 0.0271777500000000 0.0621599499999999
vn 2.1638115471660977 3.4006590710229574 2.9377143451062362
v 0.0191570000000000 0.0284200000000000 0.0621460000000000
vn 3.7221383371953873 5.0610421069897544 -0.0074353058108940
v 0.0203130000000000 0.0276070000000000 0.0596170000000000
vn 3.5433563335636826 5.1876466826263927 -0.0088576127199576
v 0.0194210000000000 0.0282400000000000 0.0596170000000000
vn 0.5449893084732654 1.1711393796672562 6.1426452039792316
v 0.0123380000000000 0.0284720000000000 0.0630280000000000
vn 3.8819393735607663 4.9389458254023797 -0.0407531805542028
v 0.0211840000000000 0.0269460000000000 0.0596170000000000
vn 3.3691179326073071 5.3012614054005489 -0.0267226008584853
v 0.0185090000000000 0.0288450000000000 0.0596170000000000
vn 2.2408917583472570 5.8645005402131005 -0.0373327707176405
v 0.0115990000000000 0.0322420000000000 0.0596170000000000
vn 0.5955143479825632 1.0891758358113632 6.1559070032777239
v 0.0142640000000000 0.0276110000000000 0.0630050000000000
vn 0.7995440108418178 1.3317404652673424 6.0863752909570792
v 0.0160847272727273 0.0285091818181818 0.0626121818181818
vn 2.2182214203451123 3.3522489736898464 3.4253980906071488
v 0.0171056206896552 0.0295539655172414 0.0622017241379310
vn 1.8257881261865014 2.5529284588472700 -0.0398741077457371
v 0.0199680000000000 0.0278570000000000 0.0569980000000000
vn 1.3064270043256139 2.8438587362679515 0.1412347778865615
v 0.0136040000000000 0.0314510000000000 0.0569980000000000
vn 2.7339316386664851 5.6464346845317328 -0.1118877443438268
v 0.0156650000000000 0.0304790000000000 0.0596170000000000
vn 3.2615862646245617 5.2819340844133276 0.6084499886409157
v 0.0171987321428571 0.0296404285714286 0.0614941250000000
vn 0.6452376187975561 1.0686114571608627 6.1546982352636341
v 0.0152050000000000 0.0271340000000000 0.0629930000000000
vn 0.6692148419338684 1.4351484002445718 6.0757987310671684
v 0.0148010000000000 0.0291690000000000 0.0626280000000000
vn 0.2143033891500389 1.6101908347379121 -0.0139653267874581
v 0.0030000000000000 0.0341290000000000 0.0569980000000000
vn 1.3732216363652612 6.1298317865093273 0.0346096914300726
v 0.0074782727272727 0.0334351818181818 0.0612842727272727
vn 1.0896581729743189 6.1869186279627613 -0.0074431814757567
v 0.0060010000000000 0.0337320000000000 0.0596170000000000
vn 0.3984286152293970 1.1516421458449857 6.1603823438451748
v 0.0093550000000000 0.0295310000000000 0.0630560000000000
vn 0.5887944634869742 1.4613761806310934 6.0783790114955423
v 0.0107510000000000 0.0308260000000000 0.0626690000000000
vn 0.4242237241654353 1.6973596144802343 6.0328164049646196
v 0.0077300000000000 0.0325410000000000 0.0624680000000000
vn 2.0617461632254086 3.0380508279427421 2.6802523707605417
v 0.0088964150943396 0.0330880000000000 0.0621816226415095
vn -2.4393002069788912 5.7880612831189477 0.0107610638203920
v -0.0134980000000000 0.0314960000000000 0.0609270000000000
vn -0.0191825658419342 0.2497566355388182 6.2770880633676169
v 0.0000000000000000 0.0179580000000000 0.0643850000000000
vn -0.3865105616468984 0.7334167872282294 6.2232399604756221
v -0.0119940000000000 0.0250220000000000 0.0635770000000000
vn -0.6677264711687234 1.4283768847709144 6.0785930875991951
v -0.0134670000000000 0.0297820000000000 0.0626430000000000
vn -1.9607978015840624 3.4641718845871554 2.9126754586517762
v -0.0149820000000000 0.0308200000000000 0.0621790000000000
vn -0.4638067606418331 6.0613274898801723 1.0348379886340942
v -0.0026361304347826 0.0341581304347826 0.0612402608695652
vn -0.6532495253479710 6.2484326245134554 -0.0056915962576806
v -0.0034620000000000 0.0340860000000000 0.0596170000000000
vn -0.0040287275281140 1.1841818003282261 6.1645734665931524
v 0.0000000000000000 0.0304940000000000 0.0631770000000000
vn -0.2184613514125008 0.7672328487608218 6.2275269186286488
v -0.0067390000000000 0.0267640000000000 0.0636220000000000
vn -0.1004654023998234 0.7816273457686799 6.2286116935915281
v -0.0031010000000000 0.0273910000000000 0.0636380000000000
vn -0.1378245891517740 1.5377676733602690 6.0879179580122793
v -0.0027090000000000 0.0325000000000000 0.0627085000000000
vn -1.0631046795731960 6.1894221208733571 0.0846714766311327
v -0.0057530000000000 0.0337750000000000 0.0613438181818182
vn 0.0008323565634582 0.8123884921975688 6.2277422197474275
v 0.0000000000000000 0.0273770000000000 0.0636650000000000
vn -0.4430173309631028 0.7137046987671084 6.2218956731034440
v -0.0136650000000000 0.0242340000000000 0.0635570000000000
vn -0.1859267818018707 1.1892609208067950 6.1633506254743198
v -0.0043470000000000 0.0306320000000000 0.0630840000000000
vn -0.3044863832050189 1.5935215130229494 6.0670681977263525
v -0.0059898823529412 0.0323516470588235 0.0626202941176471
vn -0.1893644888134492 0.3876488619555783 6.2658519981481975
v -0.0085750000000000 0.0191860000000000 0.0642150000000000
vn -0.8011711230182768 3.9415863459856504 2.9810197614036116
v -0.0071132941176471 0.0335117058823529 0.0622215882352941
vn -2.0883091054560228 5.9230068431548117 -0.0034337118591255
v -0.0113430000000000 0.0323330000000000 0.0609270000000000
vn -3.0627686530910365 5.4844320401470785 -0.0048741200368821
v -0.0166120000000000 0.0299750000000000 0.0596170000000000
vn -0.0196300894646975 0.5658811720547690 6.2538251217262868
v 0.0000000000000000 0.0242420000000000 0.0639950000000000
vn -0.7812507814036962 1.3545639403750673 6.0832979710731365
v -0.0157747647058824 0.0286726470588235 0.0626163529411765
vn -0.8457439762153216 1.3171670535448345 6.0831264377051841
v -0.0168742727272727 0.0280688181818182 0.0626014545454546
vn -0.3902354483777445 1.1515060288807657 6.1611034149177355
v -0.0092240000000000 0.0295690000000000 0.0630570000000000
vn -0.4303825825822370 1.4826033517950798 6.0883400662432283
v -0.0085990526315789 0.0314696315789474 0.0626854736842105
vn -2.4183507070128014 5.7969757957887058 -0.0009111719066935
v -0.0134980000000000 0.0314960000000000 0.0596170000000000
vn 0.0035821542657107 0.3974198941282504 6.2698651125850731
v 0.0000000000000000 0.0211020000000000 0.0642250000000000
vn -0.6705205402819973 1.0576351305187279 6.1538689136049962
v -0.0156680000000000 0.0268840000000000 0.0629870000000000
vn -0.6197867113311488 1.0831655328459546 6.1544936118141909
v -0.0147860000000000 0.0273500000000000 0.0629990000000000
vn -0.5367717749191326 1.7687048312129869 6.0020056862040603
v -0.0093618181818182 0.0324073636363637 0.0623747272727273
vn -0.5436356545218352 1.4754175922626611 6.0802184177431631
v -0.0105610000000000 0.0308890000000000 0.0626710000000000
vn -0.5988503115665071 1.4587062628279981 6.0787409646186745
v -0.0115410000000000 0.0305490000000000 0.0626620000000000
vn -1.0967783759900971 4.0554185913583396 2.9138542923271009
v -0.0087323272727273 0.0331311090909091 0.0621951454545455
vn -0.0595005383313937 3.9305224750245085 2.9522698334567390
v 0.0000000000000000 0.0342610000000000 0.0622370000000000
vn -1.0674431889484739 0.8269632405072387 6.1331397724813703
v -0.0242710000000000 0.0201210000000000 0.0628260000000000
vn -1.0016436816153531 0.8878468922684432 6.1352595742291625
v -0.0228780000000000 0.0215550000000000 0.0628590000000000
vn -4.2659224478017412 3.4920222743026685 1.9715884822380663
v -0.0255923333333333 0.0228105833333333 0.0614764166666667
vn -4.7302541233115241 4.1312402410911542 -0.0171654763786012
v -0.0255722727272727 0.0228311818181818 0.0596170000000000
vn 0.0014486795946085 3.1391533934467493 0.0067624656852290
v 0.0000000000000000 0.0342610000000000 0.0594980000000000
vn -1.2142732117807344 0.7583588918873339 6.1129945333068347
v -0.0267860000000000 0.0170190000000000 0.0627590000000000
vn -0.6612916416002764 0.6219916218360271 6.2122632159791289
v -0.0197830000000000 0.0201250000000000 0.0634580000000000
vn -0.8508222302872692 0.9936398702900029 6.1416397014004698
v -0.0198510000000000 0.0241630000000000 0.0629200000000000
vn -0.6057399389315362 0.6482710856236497 6.2153147513771847
v -0.0183480000000000 0.0212880000000000 0.0634850000000000
vn -1.2451865118839300 0.6708323281866877 6.1187706664659203
v -0.0278980000000000 0.0153600000000000 0.0627250000000000
vn -1.4779182933920600 0.8457698390248012 6.0458280281549879
v -0.0289450000000000 0.0164560000000000 0.0623490000000000
vn -0.7743704617391117 1.0157018826789170 6.1486234783946374
v -0.0182270000000000 0.0253270000000000 0.0629480000000000
vn -0.9989354306414716 1.2126701991714877 6.0809880801685932
v -0.0193150000000000 0.0265231176470588 0.0625644117647059
vn -2.4608998458007418 3.1696298304977999 3.4197739532250271
v -0.0206619042553191 0.0272623829787234 0.0621534468085106
vn -2.0869800205332254 2.3441768269956857 -0.0387690803798759
v -0.0228280000000000 0.0255730000000000 0.0569980000000000
vn -2.5353632892404185 1.8481863622012733 -0.0139168093138632
v -0.0277390000000000 0.0201600000000000 0.0569980000000000
vn -3.6992626602193175 4.9560211225530688 0.7176034035375853
v -0.0207528250000000 0.0272776666666666 0.0617987083333333
vn -1.9383897953705918 0.8260580610189748 5.8884739964766348
v -0.0294830000000000 0.0155700000000000 0.0623320000000000
vn -0.8445903335594133 1.0048582172545126 6.1403369908951788
v -0.0190480000000000 0.0247570000000000 0.0629340000000000
vn -0.7646083951627177 0.5630119572976642 6.2059613684272659
v -0.0224350000000000 0.0175540000000000 0.0634000000000000
vn -0.7106162013413826 0.5939983762367878 6.2095995300061091
v -0.0211470000000000 0.0188790000000000 0.0634290000000000
vn -2.7009293001254164 2.3745501194127367 4.5800090464726839
v -0.0241765245901639 0.0239139508196721 0.0621840983606558
vn -1.1564878312089115 1.1126490434081313 6.0721210949995079
v -0.0233640000000000 0.0232450000000000 0.0624900000000000
vn -3.0250257244870578 2.5134862837818241 2.9527810921590851
v -0.0271510000000000 0.0209430000000000 0.0620710000000000
vn -2.3329173374653100 2.0986618616034787 -0.0209234515226580
v -0.0254280000000000 0.0229980000000000 0.0569980000000000
vn -1.1706213467463400 0.8044030368631031 6.1151074070544480
v -0.0255750000000000 0.0186080000000000 0.0627930000000000
vn -0.8138938309897465 0.5308913135230682 6.2024054760730412
v -0.0236410000000000 0.0161570000000000 0.0633700000000000
vn -0.9445697270582309 0.9188466450013233 6.1401855627436266
v -0.0218393333333333 0.0225172500000000 0.0628806666666667
vn -0.8971176501512865 0.9519147242711156 6.1420814646456403
v -0.0206360000000000 0.0235450000000000 0.0629050000000000
vn -1.2038696019372865 1.2002612714846963 6.0475022902290494
v -0.0231612916666667 0.0240050833333333 0.0623806250000000
vn -1.2344172353316087 1.1273341486882891 6.0557214481753263
v -0.0241522608695652 0.0229508260869565 0.0623823478260870
vn -1.7106323817512303 1.5139716349795904 5.7704297757148293
v -0.0251840000000000 0.0213980000000000 0.0624500000000000
vn -4.0653103260162657 4.0040708880733158 1.7793121155097023
v -0.0241963775510204 0.0242849897959184 0.0617694897959184
vn -4.4880047482211971 4.3947771998889475 -0.0389277118637250
v -0.0245000000000000 0.0239810000000000 0.0596170000000000
vn -1.1097286989308617 1.1549433000431346 6.0728955074367077
v -0.0222090000000000 0.0242870000000000 0.0625130000000000
vn -3.5214310700268765 5.2017525120916561 -0.0167403043576039
v -0.0194470000000000 0.0282230000000000 0.0596170000000000
vn -4.0331118633833256 4.8163350354719512 -0.0127923462070106
v -0.0220610000000000 0.0262350000000000 0.0596170000000000
vn -4.3165243094513173 4.5601125703867371 0.1298919620878909
v -0.0237110000000000 0.0247590000000000 0.0614590625000000
vn -5.4073828790273648 3.1917647280986796 -0.0148278340936521
v -0.0297350000000000 0.0170930000000000 0.0595210000000000
vn -5.5868826050891300 2.8711790197765907 0.0126922012829150
v -0.0305445000000000 0.0156005000000000 0.0608060000000000
vn -2.5177929204153173 2.8508334251700562 4.1550560287494642
v -0.0228830416666667 0.0251482500000000 0.0621955416666667
vn -4.5687015980705672 4.3084556764838515 0.0986246708202891
v -0.0248760000000000 0.0235920000000000 0.0612247272727273
vn -1.1832127293702941 1.0689043811208696 6.0752799855881783
v -0.0244720000000000 0.0221530000000000 0.0624660000000000
vn -1.0257191317788583 0.8644081774341907 6.1351989768355608
v -0.0235850000000000 0.0208490000000000 0.0628420000000000
vn -2.9554658228242872 1.7614810479999563 4.7451178208592113
v -0.0249140000000000 0.0228010000000000 0.0622490000000000
vn -0.4084270914499994 5.9500342360163927 0.0106770921296608
v -0.0027500000000000 0.0341495000000000 0.0604980000000000
vn -0.1569308770335970 5.8091083084333697 1.5843858248617491
v -0.0038640000000000 0.0340415937500000 0.0616508593750000
vn -0.5538638239012684 0.6722569007025272 6.2175898261867832
v -0.0168460000000000 0.0223640000000000 0.0635110000000000
vn -0.3729194702789400 1.4808692315534888 6.0924256486990211
v -0.0075670000000000 0.0317300000000000 0.0626920000000000
vn -0.2055119541114440 1.5454729172638677 6.0836979097161352
v -0.0037824166666667 0.0323910000000000 0.0627064166666667
vn -0.2463138806569408 3.7582123292617879 4.2528947693133405
v -0.0045283144654088 0.0337176792452830 0.0622911257861635
vn -0.2655682499129913 1.1894795328795262 6.1599685401980668
v -0.0063160000000000 0.0302950000000000 0.0630760000000000
vn -3.5646179263624393 5.1697251721589774 0.0711260997970050
v -0.0194470000000000 0.0282230000000000 0.0611999166666667
vn -4.0125134456870786 4.6426416739534799 0.9142430333992007
v -0.0216935128205128 0.0265372307692308 0.0614894871794872
vn -4.3472168712567658 4.5347693569224230 -0.0349870984256640
v -0.0237110000000000 0.0247590000000000 0.0596170000000000
vn -1.0583742791608692 1.4233614903405918 6.0262515514160366
v -0.0194932727272727 0.0273690000000000 0.0623471818181818
vn -1.1254079021106815 1.3481421988004487 6.0307900504538825
v -0.0206790615384615 0.0266561230769231 0.0622940000000000
vn -1.1595546558559682 1.2782750819992654 6.0394785335084240
v -0.0216592727272727 0.0253961818181818 0.0623886363636364
vn -4.2711195941583986 2.2048257838808154 2.5433563664076164
v -0.0306840000000000 0.0153340833333333 0.0617886666666667
vn -3.2410216090973134 5.3634921442550549 0.2657442174261586
v -0.0180063333333333 0.0291565641025641 0.0613719743589743
vn -3.5901913670080745 5.1314870747530028 0.3298326055998042
v -0.0198930000000000 0.0279110000000000 0.0612545000000000
vn -4.0090784339316548 4.7108587303422667 0.7319693507670775
v -0.0212010000000000 0.0269330000000000 0.0616174347826087
vn -4.1839599798846159 4.6863145374809960 0.0092104119186561
v -0.0228980000000000 0.0255100000000000 0.0596170000000000
vn -0.9430378848507558 1.2238881257296121 6.0846531665634540
v -0.0208030000000000 0.0254340000000000 0.0625395000000000
vn -0.0581082487432084 0.0414761658066978 -0.0183458808315624
v -0.0213880000000000 0.0259790000000000 0.0623160000000000
vn -0.9109779136729788 1.3026180016240765 6.0760128971140315
v -0.0180450000000000 0.0273650000000000 0.0625850000000000
vn -3.5181542561937098 1.9422572601662402 2.9507842959071895
v -0.0297350000000000 0.0170930000000000 0.0620450000000000
vn -3.2954633987077555 2.2020329640875942 2.9580733570954862
v -0.0284870000000000 0.0190930000000000 0.0620580000000000
vn -2.2644314150234148 3.3234610984836541 2.9374589501260715
v -0.0191720000000000 0.0284100000000000 0.0621460000000000
vn -1.5449727273960150 2.7319097787449893 -0.0353612417885758
v -0.0168820000000000 0.0298240000000000 0.0569980000000000
vn -1.5414502500796921 6.0900795586983660 0.0029981935647187
v -0.0085819595959596 0.0331692525252525 0.0617570808080807
vn -1.7728235607358940 6.0262063303580859 0.0276231667304859
v -0.0095234426229508 0.0329110163934426 0.0615362131147541
vn -2.6766275076983597 5.6831207518966158 -0.0194312557227904
v -0.0145530000000000 0.0310240000000000 0.0596170000000000
vn -0.7258854494087990 1.0339407470184365 6.1515723048041648
v -0.0169635000000000 0.0261305000000000 0.0629685000000000
vn -0.5588904223847208 1.1009741467434635 6.1571040785892954
v -0.0133974615384615 0.0280108461538462 0.0630159230769231
vn -0.7290464405562213 1.3965805839911436 6.0793834513610250
v -0.0144110000000000 0.0293550000000000 0.0626330000000000
vn -0.5510504455984251 1.8567484522395907 5.9717832014449224
v -0.0087172000000000 0.0327283619047619 0.0623368285714286
vn -0.0660654862042911 1.8149858847333937 0.0206908390859612
v -0.0025000000000000 0.0341700000000000 0.0594980000000000
vn -0.6588665220146739 5.9477042716370674 1.3031960830456766
v -0.0046812818181818 0.0339387727272727 0.0617797454545454
vn -0.4979235582934862 0.6941165620317905 6.2199093536558143
v -0.0152840000000000 0.0233470000000000 0.0635350000000000
vn -0.3117507873514913 1.1684916076417822 6.1624325283087060
v -0.0072920000000000 0.0300820000000000 0.0630700000000000
vn -0.2594127964434815 1.5535942698265282 6.0786372476618649
v -0.0047872307692308 0.0322576153846154 0.0627039230769231
vn -0.0222584028639117 3.5200711957614477 4.6066961787854650
v -0.0038724833333333 0.0336320500000000 0.0623576333333333
vn -0.0565694408208604 0.8182303452147889 6.2252421824762667
v -0.0012620000000000 0.0275400000000000 0.0636400000000000
vn -0.2541433419619806 0.3744583302034134 6.2642093168302040
v -0.0114010000000000 0.0179570000000000 0.0641910000000000
vn -0.9221664440939303 2.9996572941033937 -0.0262064984623339
v -0.0101720000000000 0.0327190000000000 0.0569980000000000
vn -2.0970905386360994 5.9194853172707429 -0.0153964696385420
v -0.0113430000000000 0.0323330000000000 0.0596170000000000
vn -2.7151710310204624 5.4863285036538656 0.8518497671215584
v -0.0169677068965517 0.0297738965517241 0.0615761551724138
vn -1.6689635555317455 3.1070340023876715 4.5855490774560401
v -0.0159588421052632 0.0297992631578947 0.0623137894736842
vn -0.3339657769964390 0.7460150085693900 6.2247915922769259
v -0.0102780000000000 0.0257070000000000 0.0635950000000000
vn -0.2734795219642996 0.7568162122895784 6.2265642944202364
v -0.0085240000000000 0.0262880000000000 0.0636100000000000
vn -0.4317257364806921 1.1403349637423050 6.1604299230754709
v -0.0101770000000000 0.0292700000000000 0.0630490000000000
vn -1.2409087142105573 2.8827444897164223 -0.0339600936430298
v -0.0136040000000000 0.0314510000000000 0.0569980000000000
vn -2.8375860063782277 5.6042753140679542 -0.0290197021894599
v -0.0155910000000000 0.0305170000000000 0.0596170000000000
vn -0.9460939969683012 1.5046922128362934 6.0252035152216097
v -0.0170068928571428 0.0290023214285714 0.0623615357142857
vn -0.3500385400289529 1.1616341670338344 6.1615431418717659
v -0.0082620000000000 0.0298400000000000 0.0630640000000000
vn -0.4844921112257516 1.4727966205499194 6.0863296890548293
v -0.0095720000000000 0.0311990000000000 0.0626790000000000
vn -0.0799401053558411 0.3968829086647517 6.2682012605355926
v -0.0025870000000000 0.0205960000000000 0.0642440000000000
vn -1.2794105099306650 3.7953156072111947 2.9617617169592845
v -0.0108150000000000 0.0325130000000000 0.0622050000000000
vn -3.0243979001294714 5.3586161761518296 0.7891098860264554
v -0.0158586521739131 0.0303776956521739 0.0612402608695652
vn -1.4541561178625564 3.7134650630104327 3.1143271901412892
v -0.0169101944444444 0.0296829722222222 0.0621986944444444
vn -1.5185532803461719 6.0940411945191233 -0.0612171720773671
v -0.0080170000000000 0.0333120000000000 0.0596170000000000
vn -1.7491352833770835 6.0326599449336564 -0.0254246882228718
v -0.0096483846153846 0.0328720769230769 0.0596170000000000
vn -2.6650908759306069 5.6884704181158492 0.0105201961870028
v -0.0145530000000000 0.0310240000000000 0.0609270000000000
vn -0.4882527313075656 1.1273480716506075 6.1582609417303891
v -0.0111220000000000 0.0289420000000000 0.0630400000000000
vn -0.1246884293101324 0.3967863285227907 6.2668946347281924
v -0.0056220000000000 0.0200700000000000 0.0642340000000000
vn -1.5092685400203090 3.7017230139576753 2.9602220861157988
v -0.0128550000000000 0.0317630000000000 0.0621930000000000
vn -0.2092201757630600 1.6288136944754286 -0.0203726888559050
v -0.0030000000000000 0.0341290000000000 0.0569980000000000
vn -1.3121880944305651 6.1432637734309949 0.0167491216292956
v -0.0071950416666667 0.0334974583333333 0.0612272083333333
vn -0.4267164986569912 1.6840957465261954 6.0362416829647652
v -0.0077040000000000 0.0325470000000000 0.0624680000000000
vn -0.2357524424942419 1.1949345454726474 6.1602966784866977
v -0.0053340000000000 0.0304780000000000 0.0630800000000000
vn -0.1433625234197254 1.1945481029233151 6.1636233536396805
v -0.0033560000000000 0.0307560000000000 0.0630860000000000
vn -0.6113896163396377 3.0781963145257913 -0.0357320241061122
v -0.0066230000000000 0.0336160000000000 0.0569980000000000
vn -0.8516589652427057 6.2237757522841877 -0.0371561156648861
v -0.0046100000000000 0.0339500000000000 0.0596170000000000
vn -0.1604777017840709 0.7751266208970047 6.2281878926681786
v -0.0049290000000000 0.0271320000000000 0.0636320000000000
vn 0.0195363049513272 1.5526316012289607 6.0826385549465813
v -0.0014170000000000 0.0325880000000000 0.0627090000000000
vn -0.3681748304291270 3.6289431736484428 4.4184843263677083
v -0.0026692222222222 0.0336539444444444 0.0623871666666667
vn -1.0452651281263687 6.1944774877731446 -0.0124569366932470
v -0.0057530000000000 0.0337750000000000 0.0596170000000000
vn -0.0458274499406749 1.2164407542857985 6.1603691832123442
v -0.0013650000000000 0.0309140000000000 0.0630880000000000
vn -0.3197302886609581 0.3560951468446119 6.2621641133605008
v -0.0140560000000000 0.0163960000000000 0.0641610000000000
vn -1.2556858389528198 6.1553697548922450 0.0049202786834178
v -0.0068890000000000 0.0335630000000000 0.0596170000000000
vn -0.1002771820115343 1.1992281630767310 6.1633507480810135
v -0.0023620000000000 0.0308500000000000 0.0630880000000000
vn -3.3200267272491466 5.3323996593366827 -0.0278738354079267
v -0.0181126153846154 0.0290894615384615 0.0596170000000000
vn -3.8863788202855369 4.9354280526075476 -0.0400900379425128
v -0.0212010000000000 0.0269330000000000 0.0596170000000000
vn -5.5780574221398629 2.8892069237772739 0.0013446015031055
v -0.0305210000000000 0.0156460909090909 0.0595370000000000
vn -4.0049612186375843 4.5882098519380534 1.0509814298420457
v -0.0232164848484848 0.0252193333333333 0.0614827575757576
# 1561 vertices, 0 vertices normals


usemtl material_0
vt 0.0499409995973110 0.5642709732055664
vt 0.0000000000000000 0.5309029817581177
vt 0.0499409995973110 0.5309029817581177
f 1514/1/1514 1413/2/1413 1419/3/1419
vt 0.0499409995973110 0.5976369976997375
vt 0.0000000000000000 0.5642709732055664
f 1481/4/1481 1440/5/1440 1513/1/1513
vt 0.0499409995973110 0.6309900283813477
vt 0.0000000000000000 0.5976369976997375
f 1482/6/1482 1407/7/1407 1481/4/1481
vt 0.0499409995973110 0.6642959713935852
vt 0.0000000000000000 0.6309900283813477
f 1556/8/1556 1553/9/1553 1548/6/1548
vt 0.0499409995973110 0.6975950002670288
vt 0.0000000000000000 0.6642959713935852
f 1549/10/1549 1543/11/1543 1548/8/1548
vt 0.0499409995973110 0.7308940291404724
vt 0.0000000000000000 0.6975950002670288
f 1549/12/1549 1548/13/1548 1553/10/1553
vt 0.0499409995973110 0.7642030119895935
vt 0.0000000000000000 0.7308940291404724
f 1538/14/1538 1521/15/1521 1522/12/1522
vt 0.0499409995973110 0.7975389957427979
vt 0.0000000000000000 0.7642030119895935
f 1556/16/1556 1548/17/1548 1537/14/1537
vt 0.0499409995973110 0.8309040069580078
vt 0.0000000000000000 0.7975389957427979
f 1505/18/1505 1529/19/1529 1528/16/1528
vt 0.0499409995973110 0.8642690181732178
vt 0.0000000000000000 0.8309040069580078
f 1528/20/1528 1508/21/1508 1427/18/1427
vt 0.0499409995973110 0.8976709842681885
vt 0.0000000000000000 0.8642690181732178
f 1402/22/1402 1539/23/1539 1406/20/1406
vt 0.0499409995973110 0.9311100244522095
vt 0.0000000000000000 0.8976709842681885
f 1402/24/1402 1420/25/1420 1427/22/1427
vt 0.0499409995973110 0.9645640254020691
vt 0.0000000000000000 0.9311100244522095
f 1402/26/1402 1542/27/1542 1420/24/1420
vt 0.0998729988932610 0.5642709732055664
f 1535/28/1535 1406/1/1406 1539/3/1539
vt 0.0998729988932610 0.5309029817581177
f 1506/3/1506 1434/29/1434 1419/28/1419
vt 0.0998729988932610 0.5976369976997375
f 1435/30/1435 1407/4/1407 1552/1/1552
f 1514/1/1514 1486/28/1486 1482/30/1482
vt 0.0998729988932610 0.6309900283813477
f 1544/31/1544 1506/6/1506 1419/4/1419
f 1514/4/1514 1419/30/1419 1486/31/1486
vt 0.0998729988932610 0.6642959713935852
f 1507/32/1507 1434/8/1434 1506/6/1506
f 1535/6/1535 1523/31/1523 1524/32/1524
vt 0.0998729988932610 0.6975950002670288
f 9/33/9 1558/10/1558 1505/8/1505
f 1505/8/1505 1421/32/1421 1529/33/1529
vt 0.0998729988932610 0.7308940291404724
f 1505/34/1505 1558/12/1558 1421/10/1421
f 1488/10/1488 1504/33/1504 1495/34/1495
vt 0.0998729988932610 0.7642030119895935
f 1496/35/1496 1449/14/1449 1488/12/1488
f 1460/12/1460 1439/34/1439 1469/35/1469
vt 0.0998729988932610 0.7975389957427979
f 1450/36/1450 1472/16/1472 1559/14/1559
f 1450/14/1450 1498/35/1498 1472/36/1472
vt 0.0998729988932610 0.8309040069580078
f 1450/37/1450 1469/18/1469 1490/16/1490
f 1460/16/1460 1469/36/1469 1450/37/1450
vt 0.0998729988932610 0.8642690181732178
f 1451/38/1451 1439/20/1439 1460/18/1460
f 1451/18/1451 1459/37/1459 1439/38/1439
vt 0.0998729988932610 0.8976709842681885
f 1451/39/1451 1474/22/1474 1503/20/1503
f 1489/20/1489 1561/38/1561 1476/39/1476
vt 0.0998729988932610 0.9311100244522095
f 1439/40/1439 1459/24/1459 1438/22/1438
f 1477/22/1477 1438/39/1438 1468/40/1468
vt 0.0998729988932610 0.9645640254020691
f 1488/41/1488 1449/26/1449 1504/24/1504
f 1496/24/1496 1452/40/1452 1449/41/1449
vt 0.1498049944639206 0.5642709732055664
f 1495/42/1495 1536/28/1536 1523/29/1523
vt 0.1498049944639206 0.5309029817581177
f 1489/29/1489 1476/43/1476 1497/42/1497
vt 0.1498049944639206 0.5976369976997375
f 1497/44/1497 1449/30/1449 1452/28/1452
f 1473/28/1473 1468/42/1468 1561/44/1561
vt 0.1498049944639206 0.6309900283813477
f 1514/45/1514 1549/31/1549 1553/30/1553
f 1514/30/1514 1553/44/1553 1413/45/1413
vt 0.1498049944639206 0.6642959713935852
f 1535/46/1535 1508/32/1508 1529/31/1529
f 1427/31/1427 1508/45/1508 1539/46/1539
vt 0.1498049944639206 0.6975950002670288
f 1495/47/1495 1523/33/1523 1558/32/1558
f 1535/32/1535 1529/46/1529 1421/47/1421
vt 0.1498049944639206 0.7308940291404724
f 1535/48/1535 1539/34/1539 1508/33/1508
f 1535/33/1535 1421/47/1421 1523/48/1523
vt 0.1498049944639206 0.7642030119895935
f 1497/49/1497 1452/35/1452 1559/34/1559
f 1496/34/1496 1471/48/1471 10/49/10
vt 0.1498049944639206 0.7975389957427979
f 1496/50/1496 1488/36/1488 1471/35/1471
f 1489/35/1489 1472/49/1472 1561/50/1561
vt 0.1498049944639206 0.8309040069580078
f 1498/51/1498 1561/37/1561 1472/36/1472
f 1489/36/1489 1497/50/1497 1559/51/1559
vt 0.1498049944639206 0.8642690181732178
f 1469/52/1469 1468/38/1468 1490/37/1490
f 1490/37/1490 1468/51/1468 1473/52/1473
vt 0.1498049944639206 0.8976709842681885
f 1490/53/1490 1473/39/1473 1561/38/1561
f 1477/38/1477 1469/52/1469 1439/53/1439
vt 0.1498049944639206 0.9311100244522095
f 1477/54/1477 1468/40/1468 1469/39/1469
f 1350/39/1350 1354/53/1354 1348/54/1348
vt 0.1498049944639206 0.9645640254020691
f 1287/55/1287 7/41/7 6/40/6
f 8/40/8 1354/54/1354 1350/55/1350
vt 0.1997289955615997 0.5642709732055664
f 1354/56/1354 1287/42/1287 6/43/6
vt 0.1997289955615997 0.5309029817581177
f 2/43/2 4/57/4 5/56/5
vt 0.1997289955615997 0.5976369976997375
f 1343/58/1343 1357/44/1357 1358/42/1358
f 1360/42/1360 1/56/1 1370/58/1370
vt 0.1997289955615997 0.6309900283813477
f 1389/59/1389 1384/45/1384 1381/44/1381
f 1389/44/1389 1383/58/1383 2/59/2
vt 0.1997289955615997 0.6642959713935852
f 1374/60/1374 1391/46/1391 1274/45/1274
f 1374/45/1374 1274/59/1274 1384/60/1384
vt 0.1997289955615997 0.6975950002670288
f 1379/61/1379 1281/47/1281 1362/46/1362
f 1379/46/1379 1375/60/1375 1281/61/1281
vt 0.1997289955615997 0.7308940291404724
f 1280/62/1280 1378/48/1378 1361/47/1361
f 1349/47/1349 1350/61/1350 1348/62/1348
vt 0.1997289955615997 0.7642030119895935
f 1353/63/1353 1348/49/1348 1354/48/1354
f 1359/48/1359 1360/62/1360 1371/63/1371
vt 0.1997289955615997 0.7975389957427979
f 1360/64/1360 1358/50/1358 1/49/1
f 1379/49/1379 1280/63/1280 1375/64/1375
vt 0.1997289955615997 0.8309040069580078
f 1392/65/1392 1278/51/1278 1362/50/1362
f 1388/50/1388 1278/64/1278 1392/65/1392
vt 0.1997289955615997 0.8642690181732178
f 1388/66/1388 1392/52/1392 1369/51/1369
f 1301/51/1301 1296/65/1296 1396/66/1396
vt 0.1997289955615997 0.8976709842681885
f 1309/67/1309 1290/53/1290 1385/52/1385
f 1374/52/1374 1390/66/1390 1385/67/1385
vt 0.1997289955615997 0.9311100244522095
f 1284/68/1284 1391/54/1391 1385/53/1385
f 1369/53/1369 1273/67/1273 1391/68/1391
vt 0.1997289955615997 0.9645640254020691
f 1260/69/1260 1311/55/1311 1316/54/1316
f 1260/54/1260 1316/68/1316 1309/69/1309
vt 0.2496149986982346 0.5642709732055664
f 1309/70/1309 1302/56/1302 1290/57/1290
vt 0.2496149986982346 0.5309029817581177
f 1272/57/1272 1363/71/1363 1325/70/1325
vt 0.2496149986982346 0.5976369976997375
f 1329/72/1329 1325/58/1325 1262/56/1262
f 1395/56/1395 1326/70/1326 1260/72/1260
vt 0.2496149986982346 0.6143140196800232
vt 0.2496149986982346 0.6309900283813477
f 1261/73/1261 1326/74/1326 1395/59/1395
f 1301/58/1301 1396/72/1396 1310/73/1310
f 1323/59/1323 1310/58/1310 1317/73/1317
vt 0.2496149986982346 0.6642959713935852
f 1369/75/1369 1391/60/1391 1284/59/1284
f 1313/59/1313 1323/74/1323 1317/75/1317
vt 0.2496149986982346 0.6809449791908264
vt 0.2496149986982346 0.6975950002670288
f 1329/76/1329 1272/77/1272 1325/61/1325
f 1299/60/1299 1262/75/1262 1401/76/1401
f 1301/61/1301 1401/60/1401 1296/76/1296
vt 0.2496149986982346 0.7142450213432312
vt 0.2496149986982346 0.7308940291404724
f 1301/78/1301 1310/79/1310 1323/62/1323
f 1295/61/1295 1291/77/1291 1303/78/1303
f 1358/62/1358 6/61/6 7/78/7
vt 0.2496149986982346 0.7642030119895935
f 1370/80/1370 1/63/1 3/62/3
f 5/62/5 1370/79/1370 3/80/3
vt 0.2496149986982346 0.7975389957427979
f 1261/81/1261 1324/64/1324 1440/63/1440
f 1358/63/1358 3/80/3 1/81/1
vt 0.2496149986982346 0.8309040069580078
f 1383/82/1383 1371/65/1371 4/64/4
f 1381/64/1381 1375/81/1375 1380/82/1380
vt 0.2496149986982346 0.8642690181732178
f 1381/83/1381 1281/66/1281 1375/65/1375
f 1280/65/1280 1380/82/1380 1375/83/1375
vt 0.2496149986982346 0.8976709842681885
f 1280/84/1280 1383/67/1383 1380/66/1380
f 1392/66/1392 1362/83/1362 1274/84/1274
vt 0.2496149986982346 0.9311100244522095
f 1381/85/1381 1362/68/1362 1281/67/1281
f 1392/67/1392 1274/84/1274 1273/85/1273
vt 0.2496149986982346 0.9645640254020691
f 1262/86/1262 1290/69/1290 1302/68/1302
f 1262/68/1262 1325/85/1325 1290/86/1290
vt 0.2994540035724640 0.5642709732055664
f 1385/87/1385 1325/70/1325 1363/71/1363
vt 0.2994540035724640 0.5309029817581177
f 1385/71/1385 1290/88/1290 1325/87/1325
vt 0.2994540035724640 0.5809540152549744
vt 0.2994540035724640 0.5976369976997375
vt 0.2745350003242493 0.5976369976997375
f 1311/89/1311 1396/90/1396 1316/91/1316
f 1296/91/1296 1302/72/1302 1316/70/1316
f 1317/70/1317 1310/87/1310 1397/89/1397
f 1311/89/1311 1397/91/1397 1310/70/1310
vt 0.2994540035724640 0.6226519942283630
vt 0.2994540035724640 0.6309900283813477
vt 0.2745350003242493 0.6309900283813477
f 1291/92/1291 1297/93/1297 1326/94/1326
vt 0.2745350003242493 0.6143140196800232
vt 0.2994540035724640 0.6143140196800232
f 799/95/799 778/96/778 820/92/820
f 492/94/492 778/95/778 580/92/580
f 799/94/799 829/74/829 778/73/778
f 581/73/581 580/95/580 518/94/518
f 665/95/665 518/73/518 519/72/519
f 582/72/582 665/91/665 519/95/519
f 1507/96/1507 1420/95/1420 1534/91/1534
f 1248/91/1248 796/90/796 519/96/519
vt 0.2745350003242493 0.6642959713935852
vt 0.2994540035724640 0.6476430296897888
f 1317/97/1317 1397/94/1397 1297/98/1297
f 798/94/798 797/93/797 795/98/795
vt 0.2994540035724640 0.6642959713935852
f 1248/98/1248 795/99/795 797/97/797
f 1088/97/1088 1249/75/1249 795/74/795
f 198/74/198 1088/94/1088 795/97/795
vt 0.2994540035724640 0.6892700195312500
vt 0.2994540035724640 0.6975950002670288
vt 0.2745350003242493 0.6975950002670288
f 502/100/502 510/101/510 482/102/482
vt 0.2745350003242493 0.6809449791908264
vt 0.2994540035724640 0.6809449791908264
f 1299/103/1299 1329/104/1329 1262/100/1262
f 744/102/744 493/103/493 482/100/482
f 1002/102/1002 822/77/822 842/76/842
f 470/76/470 953/103/953 453/102/453
f 198/103/198 953/76/953 1088/75/1088
f 1073/75/1073 453/97/453 198/103/198
vt 0.2994540035724640 0.6726199984550476
f 199/105/199 200/104/200 453/103/453
f 199/97/199 453/99/453 1073/105/1073
f 199/103/199 1089/97/1089 200/105/200
vt 0.2994540035724640 0.7308940291404724
vt 0.2745350003242493 0.7308940291404724
vt 0.2745350003242493 0.7142450213432312
f 199/106/199 454/107/454 1089/108/1089
vt 0.2994540035724640 0.7142450213432312
f 175/108/175 384/109/384 433/106/433
f 175/107/175 433/79/433 454/78/454
f 409/78/409 244/108/244 223/107/223
f 409/108/409 313/78/313 1150/77/1150
f 175/77/175 176/102/176 384/108/384
vt 0.2994540035724640 0.7059199810028076
f 244/110/244 245/109/245 153/108/153
f 365/102/365 153/101/153 176/110/176
f 410/108/410 417/102/417 366/110/366
vt 0.2994540035724640 0.7475479841232300
f 217/107/217 332/106/332 953/111/953
vt 0.2994540035724640 0.7642030119895935
f 1176/111/1176 1150/112/1150 313/80/313
f 1353/80/1353 1354/79/1354 6/107/6
f 245/107/245 152/111/152 188/80/188
vt 0.2994540035724640 0.7808709740638733
vt 0.2994540035724640 0.7975389957427979
f 404/113/404 409/114/409 1150/81/1150
f 492/80/492 820/112/820 778/113/778
f 809/81/809 817/80/817 1000/113/1000
vt 0.2994540035724640 0.8142219781875610
vt 0.2994540035724640 0.8309040069580078
f 1001/115/1001 842/116/842 822/82/822
f 810/81/810 1009/114/1009 822/115/822
f 1000/82/1000 817/81/817 510/115/510
vt 0.2994540035724640 0.8475869894027710
vt 0.2994540035724640 0.8642690181732178
f 818/117/818 817/118/817 809/83/809
f 343/82/343 1074/116/1074 217/117/217
f 343/83/343 1009/82/1009 1074/117/1074
vt 0.2994540035724640 0.8809700012207031
vt 0.2994540035724640 0.8976709842681885
f 1074/119/1074 1009/120/1009 810/84/810
f 470/83/470 453/118/453 980/119/980
f 1082/84/1082 1075/83/1075 350/119/350
vt 0.2994540035724640 0.9143909811973572
vt 0.2994540035724640 0.9311100244522095
f 981/121/981 350/122/350 1075/85/1075
f 366/84/366 417/120/417 981/121/981
f 224/85/224 370/84/370 410/121/410
vt 0.2994540035724640 0.9478369951248169
vt 0.2994540035724640 0.9645640254020691
f 224/123/224 258/124/258 370/86/370
f 1176/85/1176 267/122/267 314/123/314
f 1177/86/1177 132/85/132 109/123/109
vt 0.3242850005626678 0.5976369976997375
f 1177/125/1177 268/90/268 79/89/79
vt 0.3242850005626678 0.5809540152549744
f 1177/89/1177 109/126/109 268/125/268
f 1176/126/1176 314/89/314 291/87/291
vt 0.3242850005626678 0.5642709732055664
f 1176/87/1176 291/127/291 1150/126/1150
vt 0.3304930031299591 0.6226519942283630
vt 0.3367010056972504 0.6226519942283630
vt 0.3367010056972504 0.6268209815025330
f 133/128/133 132/129/132 290/130/290
vt 0.3367010056972504 0.6309900283813477
vt 0.3242850005626678 0.6309900283813477
f 133/130/133 290/131/290 110/132/110
vt 0.3242850005626678 0.6226519942283630
f 906/132/906 110/133/110 290/128/290
f 906/128/906 290/130/290 36/132/36
vt 0.3367010056972504 0.6205670237541199
f 906/134/906 36/129/36 37/128/37
vt 0.3304930031299591 0.6184830069541931
vt 0.3367010056972504 0.6184830069541931
f 348/135/348 984/136/984 980/134/980
f 1204/128/1204 37/135/37 36/134/36
vt 0.3242850005626678 0.6184830069541931
f 104/128/104 131/133/131 108/137/108
f 582/137/582 519/135/519 796/128/796
vt 0.3242850005626678 0.6143140196800232
f 291/135/291 1156/137/1156 1150/138/1150
vt 0.3304930031299591 0.6143140196800232
f 104/138/104 108/139/108 269/135/269
vt 0.3367010056972504 0.6163979768753052
f 885/140/885 1220/136/1220 57/135/57
vt 0.3367010056972504 0.6143140196800232
f 906/139/906 270/141/270 110/140/110
f 57/135/57 878/139/878 270/140/270
vt 0.3398039937019348 0.6226519942283630
f 931/142/931 1220/129/1220 885/134/885
vt 0.3398039937019348 0.6205670237541199
f 933/134/933 1051/143/1051 698/142/698
vt 0.3398039937019348 0.6195250153541565
f 1204/144/1204 1050/143/1050 930/134/930
vt 0.3398039937019348 0.6184830069541931
f 932/136/932 930/145/930 1050/144/1050
f 932/134/932 1050/136/1050 1051/144/1051
vt 0.3398039937019348 0.6174399852752686
f 1052/146/1052 1051/145/1051 38/136/38
vt 0.3398039937019348 0.6163979768753052
f 933/140/933 38/147/38 1051/146/1051
f 615/136/615 700/140/700 608/146/608
f 614/147/614 750/140/750 698/141/698
vt 0.3398039937019348 0.6143140196800232
f 933/141/933 698/148/698 750/147/750
vt 0.3118700087070465 0.6309900283813477
vt 0.3118700087070465 0.6226519942283630
f 700/132/700 596/149/596 1238/150/1238
f 700/150/700 702/133/702 596/132/596
f 614/149/614 698/93/698 701/92/701
f 1206/92/1206 1215/150/1215 860/149/860
f 1488/150/1488 1495/92/1495 1558/96/1558
vt 0.3118700087070465 0.6143140196800232
f 615/96/615 608/151/608 1132/150/1132
f 115/137/115 1156/133/1156 291/150/291
f 57/151/57 1220/138/1220 878/137/878
f 81/150/81 276/151/276 80/137/80
vt 0.3242850005626678 0.6059749722480774
f 931/152/931 46/138/46 1220/151/1220
f 931/151/931 1203/96/1203 46/90/46
f 344/90/344 348/125/348 1075/152/1075
f 1203/152/1203 896/151/896 46/90/46
vt 0.3367010056972504 0.6101440191268921
f 81/153/81 103/141/103 276/139/276
f 860/139/860 1215/138/1215 72/152/72
vt 0.3367010056972504 0.6059749722480774
f 1207/152/1207 1232/154/1232 1215/153/1215
f 1207/153/1207 1215/139/1215 886/152/886
f 478/154/478 502/152/502 665/125/665
vt 0.3367010056972504 0.6642959713935852
vt 0.3242850005626678 0.6642959713935852
vt 0.3242850005626678 0.6559690237045288
f 582/155/582 478/156/478 665/157/665
vt 0.3367010056972504 0.6559690237045288
f 665/157/665 502/158/502 482/155/482
vt 0.3242850005626678 0.6476430296897888
f 582/158/582 1000/157/1000 478/159/478
vt 0.3367010056972504 0.6476430296897888
f 809/159/809 1000/160/1000 1248/158/1248
vt 0.3118700087070465 0.6642959713935852
f 582/157/582 796/156/796 1000/161/1000
f 1001/161/1001 797/99/797 842/98/842
f 1001/98/1001 1248/159/1248 797/157/797
f 798/157/798 1249/161/1249 810/98/810
vt 0.3242850005626678 0.6393160223960876
f 1074/149/1074 1088/132/1088 332/162/332
f 1082/162/1082 344/159/344 1075/98/1075
f 1075/98/1075 348/93/348 200/149/200
f 453/149/453 348/162/348 980/98/980
f 453/160/453 200/159/200 348/162/348
vt 0.3367010056972504 0.6393160223960876
f 365/162/365 176/163/176 175/160/175
f 244/163/244 153/162/153 365/132/365
f 433/132/433 366/131/366 454/163/454
vt 0.3304930031299591 0.6975950002670288
vt 0.3242850005626678 0.6975950002670288
vt 0.3242850005626678 0.6892700195312500
f 366/164/366 981/165/981 454/166/454
vt 0.3304930031299591 0.6892700195312500
f 981/166/981 1089/167/1089 454/164/454
vt 0.3367010056972504 0.6892700195312500
vt 0.3367010056972504 0.6975950002670288
f 224/167/224 384/168/384 176/169/176
f 79/169/79 291/164/291 314/167/314
vt 0.3304930031299591 0.6851080060005188
f 269/168/269 108/167/108 268/170/268
vt 0.3367010056972504 0.6851080060005188
f 269/170/269 268/171/268 109/168/109
vt 0.3242850005626678 0.6851080060005188
f 131/167/131 79/166/79 268/172/268
f 131/172/131 268/170/268 108/167/108
vt 0.3242850005626678 0.6809449791908264
f 133/170/133 80/172/80 132/173/132
vt 0.3304930031299591 0.6809449791908264
f 81/173/81 80/174/80 133/170/133
vt 0.3367010056972504 0.6830270290374756
f 269/175/269 109/171/109 132/170/132
vt 0.3367010056972504 0.6809449791908264
f 269/174/269 132/176/132 80/175/80
f 133/170/133 110/174/110 270/175/270
vt 0.3398039937019348 0.6851080060005188
f 1204/177/1204 36/171/36 1050/175/1050
vt 0.3398039937019348 0.6830270290374756
f 932/175/932 1203/178/1203 930/177/930
f 1205/178/1205 1203/175/1203 932/176/932
vt 0.3398039937019348 0.6809449791908264
f 931/176/931 885/179/885 37/178/37
vt 0.3118700087070465 0.6975950002670288
vt 0.3118700087070465 0.6892700195312500
f 931/165/931 930/180/930 1203/181/1203
f 860/181/860 1205/166/1205 932/165/932
f 933/180/933 886/101/886 38/100/38
f 1207/100/1207 886/181/886 933/180/933
f 1206/181/1206 38/100/38 886/104/886
vt 0.3118700087070465 0.6809449791908264
f 553/104/553 1140/182/1140 1232/181/1232
f 1206/172/1206 860/166/860 1052/181/1052
f 553/182/553 750/173/750 1140/172/1140
f 981/181/981 1075/182/1075 1089/172/1089
vt 0.3242850005626678 0.6767830252647400
f 614/183/614 1140/173/1140 750/182/750
vt 0.3118700087070465 0.6726199984550476
vt 0.3242850005626678 0.6726199984550476
f 553/184/553 1207/185/1207 933/183/933
f 1374/182/1374 1385/184/1385 1391/183/1391
f 701/182/701 26/104/26 1140/105/1140
f 679/105/679 615/184/615 721/182/721
f 1151/184/1151 1199/105/1199 42/99/42
f 1151/99/1151 42/161/42 1057/184/1057
f 1178/185/1178 148/184/148 1151/161/1151
f 225/161/225 403/156/403 411/185/411
vt 0.3413560092449188 0.6809449791908264
vt 0.3398039937019348 0.6799049973487854
f 225/186/225 247/179/247 166/187/166
vt 0.3413560092449188 0.6799049973487854
f 261/187/261 177/188/177 954/186/954
vt 0.3398039937019348 0.6788640022277832
f 178/188/178 177/187/177 226/189/226
vt 0.3413560092449188 0.6788640022277832
f 1091/189/1091 177/190/177 156/188/156
f 956/187/956 333/179/333 1090/176/1090
vt 0.3367010056972504 0.6788640022277832
f 261/191/261 254/189/254 226/187/226
f 1084/176/1084 954/191/954 1090/187/1090
vt 0.3398039937019348 0.6778240203857422
f 261/192/261 226/189/226 177/191/177
vt 0.3367010056972504 0.6767830252647400
vt 0.3398039937019348 0.6767830252647400
f 308/193/308 148/194/148 1178/192/1178
f 308/191/308 411/193/411 403/192/403
vt 0.3421320021152496 0.6788640022277832
vt 0.3413560092449188 0.6783440113067627
f 580/195/580 482/190/482 493/196/493
vt 0.3421320021152496 0.6783440113067627
f 225/196/225 166/197/166 403/195/403
vt 0.3413560092449188 0.6778240203857422
f 1084/197/1084 333/196/333 989/198/989
vt 0.3421320021152496 0.6778240203857422
f 261/198/261 954/199/954 1084/197/1084
f 992/196/992 362/190/362 201/189/201
f 799/192/799 821/198/821 960/196/960
f 981/189/981 417/192/417 350/196/350
vt 0.3413560092449188 0.6773030161857605
f 410/200/410 370/198/370 417/192/417
vt 0.3413560092449188 0.6767830252647400
f 799/194/799 1095/201/1095 829/200/829
f 799/192/799 960/194/960 1095/200/1095
vt 0.3425199985504150 0.6778240203857422
vt 0.3421320021152496 0.6775630116462708
f 201/202/201 362/199/362 354/203/354
vt 0.3425199985504150 0.6775630116462708
f 340/203/340 347/204/347 992/202/992
vt 0.3421320021152496 0.6773030161857605
f 1374/204/1374 1384/203/1384 1389/205/1389
vt 0.3425199985504150 0.6773030161857605
f 246/205/246 248/206/248 411/204/411
f 82/203/82 246/199/246 411/198/411
f 154/200/154 254/205/254 247/203/247
f 225/198/225 248/200/248 247/203/247
vt 0.3421320021152496 0.6770430207252502
f 154/207/154 226/205/226 254/200/254
vt 0.3421320021152496 0.6767830252647400
f 798/201/798 795/208/795 1249/207/1249
f 155/200/155 177/201/177 178/207/178
vt 0.3427140116691589 0.6773030161857605
vt 0.3425199985504150 0.6771730184555054
f 179/209/179 155/206/155 154/210/154
vt 0.3427140116691589 0.6771730184555054
f 155/210/155 178/211/178 154/209/154
vt 0.3425199985504150 0.6770430207252502
f 385/211/385 156/210/156 155/212/155
vt 0.3427140116691589 0.6770430207252502
f 434/212/434 155/213/155 179/211/179
f 227/210/227 248/206/248 412/205/412
f 1091/207/1091 955/212/955 1090/210/1090
f 204/205/204 955/207/955 455/210/455
f 455/212/455 955/207/955 1091/208/1091
vt 0.3425199985504150 0.6767830252647400
f 204/208/204 1092/214/1092 955/212/955
vt 0.3413560092449188 0.6762629747390747
f 385/208/385 455/201/455 1091/215/1091
vt 0.3421320021152496 0.6762629747390747
f 956/215/956 989/216/989 333/208/333
vt 0.3413560092449188 0.6757419705390930
f 456/216/456 989/215/989 956/217/956
vt 0.3421320021152496 0.6757419705390930
f 821/217/821 347/218/347 960/216/960
f 203/215/203 202/201/202 456/194/456
vt 0.3398039937019348 0.6757419705390930
f 457/219/457 202/217/202 203/215/203
f 202/194/202 201/219/201 354/215/354
vt 0.3398039937019348 0.6747019886970520
f 349/217/349 201/219/201 202/220/202
vt 0.3413560092449188 0.6747019886970520
f 992/220/992 201/221/201 349/217/349
f 459/219/459 349/194/349 982/193/982
vt 0.3367010056972504 0.6747019886970520
f 457/222/457 982/220/982 202/219/202
f 205/193/205 982/222/982 961/219/961
vt 0.3367010056972504 0.6726199984550476
f 957/220/957 982/222/982 457/223/457
vt 0.3398039937019348 0.6726199984550476
f 1094/223/1094 957/224/957 457/220/457
f 958/191/958 957/176/957 1094/174/1094
vt 0.3304930031299591 0.6767830252647400
f 958/225/958 1093/193/1093 957/191/957
f 458/174/458 1094/225/1094 204/191/204
f 1094/174/1094 457/173/457 203/183/203
f 458/183/458 958/225/958 1094/174/1094
f 340/225/340 992/183/992 459/185/459
vt 0.3304930031299591 0.6726199984550476
f 340/185/340 959/226/959 347/225/347
f 1095/222/1095 960/193/960 959/225/959
f 906/226/906 885/223/885 57/222/57
f 961/225/961 957/226/957 1093/222/1093
vt 0.3367010056972504 0.6684579849243164
f 1096/227/1096 959/223/959 459/226/459
f 1096/226/1096 460/185/460 1095/156/1095
f 1096/156/1096 205/155/205 961/227/961
f 597/227/597 1131/226/1131 596/156/596
vt 0.3367010056972504 0.7308940291404724
vt 0.3242850005626678 0.7308940291404724
vt 0.3242850005626678 0.7225689888000488
f 703/228/703 616/229/616 596/230/596
vt 0.3367010056972504 0.7225689888000488
f 680/230/680 703/231/703 702/228/702
vt 0.3304930031299591 0.7142450213432312
vt 0.3367010056972504 0.7142450213432312
f 616/232/616 597/233/597 596/231/596
vt 0.3242850005626678 0.7142450213432312
f 597/230/597 1228/234/1228 1131/232/1131
f 305/231/305 326/230/326 1195/232/1195
vt 0.3118700087070465 0.7142450213432312
f 1261/235/1261 1440/234/1440 1303/230/1303
f 1153/230/1153 1195/229/1195 326/106/326
f 125/106/125 271/109/271 83/235/83
f 263/235/263 157/230/157 180/106/180
vt 0.3242850005626678 0.7100819945335388
f 437/236/437 388/234/388 206/235/206
vt 0.3118700087070465 0.7059199810028076
vt 0.3242850005626678 0.7059199810028076
f 437/237/437 962/238/962 159/236/159
f 182/235/182 228/237/228 158/236/158
f 437/235/437 206/109/206 962/110/962
f 1097/110/1097 962/237/962 1085/235/1085
f 158/237/158 249/110/249 162/101/162
f 310/101/310 125/180/125 83/237/83
vt 0.3242850005626678 0.7017580270767212
f 249/239/249 440/238/440 162/237/162
f 227/180/227 179/165/179 154/239/154
f 292/237/292 323/180/323 597/239/597
vt 0.3398039937019348 0.7100819945335388
vt 0.3429079949855804 0.7100819945335388
vt 0.3429079949855804 0.7142450213432312
f 616/240/616 292/241/292 597/242/597
vt 0.3367010056972504 0.7100819945335388
f 1152/233/1152 292/243/292 616/240/616
f 292/242/292 39/233/39 323/240/323
vt 0.3413560092449188 0.7080010175704956
vt 0.3429079949855804 0.7080010175704956
f 908/244/908 900/245/900 39/241/39
vt 0.3398039937019348 0.7080010175704956
f 908/240/908 68/246/68 900/244/900
f 700/241/700 1238/240/1238 608/244/608
vt 0.3367010056972504 0.7080010175704956
f 1056/240/1056 908/243/908 39/247/39
f 1056/247/1056 39/246/39 934/240/934
vt 0.3398039937019348 0.7069609761238098
f 1152/248/1152 39/246/39 292/247/292
vt 0.3367010056972504 0.7059199810028076
vt 0.3398039937019348 0.7059199810028076
f 1152/249/1152 1053/250/1053 934/248/934
f 1056/247/1056 934/249/934 1053/248/1053
vt 0.3413560092449188 0.7069609761238098
f 936/245/936 1056/244/1056 1053/251/1053
vt 0.3429079949855804 0.7069609761238098
f 936/251/936 1053/252/1053 907/245/907
f 1538/244/1538 1537/246/1537 1548/248/1548
f 134/248/134 907/251/907 1053/244/1053
f 701/251/701 721/248/721 26/250/26
vt 0.3413560092449188 0.7059199810028076
f 111/250/111 1152/253/1152 703/251/703
vt 0.3429079949855804 0.7064399719238281
f 703/254/703 1152/252/1152 616/251/616
vt 0.3429079949855804 0.7059199810028076
f 680/253/680 134/255/134 111/254/111
f 909/251/909 69/253/69 1054/254/1054
vt 0.3436839878559113 0.7069609761238098
f 908/256/908 874/252/874 68/254/68
vt 0.3436839878559113 0.7064399719238281
f 910/254/910 909/257/909 1054/256/1054
vt 0.3436839878559113 0.7061799764633179
f 910/258/910 1055/257/1055 909/254/909
vt 0.3436839878559113 0.7059199810028076
f 1435/255/1435 1303/259/1303 1440/258/1440
f 1151/254/1151 148/255/148 286/258/286
vt 0.3304930031299591 0.7100819945335388
f 910/233/910 1054/232/1054 1056/260/1056
f 58/260/58 917/243/917 69/233/69
f 909/232/909 58/234/58 69/236/69
f 58/236/58 1063/260/1063 917/232/917
f 862/260/862 1063/236/1063 58/238/58
vt 0.3304930031299591 0.7059199810028076
f 287/238/287 135/261/135 157/260/157
f 1055/247/1055 58/243/58 909/260/909
f 9/261/9 10/249/10 1471/247/1471
f 1055/260/1055 861/261/861 58/247/58
vt 0.3367010056972504 0.7038390040397644
f 1055/262/1055 1208/249/1208 861/261/861
vt 0.3304930031299591 0.7017580270767212
vt 0.3367010056972504 0.7017580270767212
f 889/263/889 861/264/861 1208/262/1208
f 889/261/889 1208/263/1208 887/262/887
f 936/261/936 935/238/935 910/239/910
f 935/239/935 1055/263/1055 910/261/910
f 936/263/936 910/239/910 1056/165/1056
f 41/165/41 935/164/935 936/263/936
f 41/264/41 40/263/40 935/164/935
f 941/164/941 862/169/862 1209/264/1209
vt 0.3436839878559113 0.7056599855422974
f 61/265/61 863/259/863 1209/255/1209
vt 0.3429079949855804 0.7053999900817871
vt 0.3436839878559113 0.7053999900817871
f 1068/266/1068 863/267/863 59/265/59
f 1068/255/1068 59/266/59 919/265/919
vt 0.3429079949855804 0.7048789858818054
f 125/267/125 919/266/919 59/268/59
vt 0.3436839878559113 0.7048789858818054
f 61/268/61 59/269/59 863/267/863
f 85/266/85 864/255/864 1180/253/1180
vt 0.3413560092449188 0.7048789858818054
f 1211/270/1211 888/268/888 889/266/889
f 273/253/273 83/270/83 85/266/85
vt 0.3398039937019348 0.7048789858818054
f 1182/253/1182 317/250/317 315/271/315
f 273/271/273 1179/270/1179 83/253/83
vt 0.3398039937019348 0.7038390040397644
f 1181/270/1181 315/271/315 273/272/273
vt 0.3413560092449188 0.7038390040397644
f 1538/272/1538 1506/273/1506 1537/270/1537
f 1180/268/1180 864/270/864 888/273/888
vt 0.3429079949855804 0.7038390040397644
f 1181/273/1181 84/274/84 315/268/315
f 274/271/274 272/250/272 86/249/86
f 1181/262/1181 1180/272/1180 316/271/316
f 317/249/317 326/262/326 305/271/305
f 1154/272/1154 1153/262/1153 293/264/293
vt 0.3398039937019348 0.7017580270767212
f 1154/264/1154 294/275/294 1153/272/1153
f 1154/273/1154 317/272/317 1182/275/1182
vt 0.3429079949855804 0.7017580270767212
f 1451/276/1451 11/274/11 1474/273/1474
f 473/275/473 975/276/975 451/273/451
vt 0.3242850005626678 0.7642030119895935
f 1313/277/1313 1295/112/1295 1308/111/1308
vt 0.3242850005626678 0.7475479841232300
f 405/111/405 430/278/430 530/277/530
f 369/278/369 1214/111/1214 328/106/328
f 478/106/478 510/229/510 502/278/502
vt 0.3460119962692261 0.7975389957427979
vt 0.3429079949855804 0.7975389957427979
vt 0.3429079949855804 0.7954559922218323
f 196/279/196 592/280/592 496/281/496
vt 0.3460119962692261 0.7954559922218323
f 241/281/241 265/282/265 218/279/218
vt 0.3429079949855804 0.7933719754219055
f 1482/282/1482 1518/281/1518 1407/283/1407
vt 0.3367010056972504 0.7975389957427979
f 1518/281/1518 1412/280/1412 1552/284/1552
vt 0.3367010056972504 0.7933719754219055
f 265/285/265 945/283/945 218/281/218
f 382/284/382 241/285/241 471/281/471
vt 0.3367010056972504 0.7892050147056580
f 429/283/429 531/285/531 591/286/591
vt 0.3429079949855804 0.7892050147056580
f 1416/286/1416 1547/287/1547 1485/283/1485
vt 0.3242850005626678 0.7975389957427979
f 541/285/541 901/284/901 876/288/876
vt 0.3242850005626678 0.7892050147056580
f 264/289/264 431/286/431 1011/285/1011
f 788/288/788 592/289/592 530/285/530
vt 0.3242850005626678 0.7808709740638733
f 703/286/703 596/289/596 702/290/702
vt 0.3367010056972504 0.7808709740638733
f 521/290/521 585/291/585 666/286/666
f 196/289/196 405/288/405 530/114/530
f 974/113/974 472/290/472 973/289/973
f 788/114/788 530/113/530 1041/289/1041
f 236/290/236 261/113/261 335/112/335
f 835/112/835 511/277/511 592/290/592
vt 0.3460119962692261 0.8309040069580078
vt 0.3429079949855804 0.8309040069580078
vt 0.3429079949855804 0.8288189768791199
f 939/292/939 915/293/915 1061/294/1061
vt 0.3460119962692261 0.8288189768791199
f 50/294/50 49/295/49 942/292/942
vt 0.3429079949855804 0.8267340064048767
f 50/295/50 52/294/52 1165/296/1165
vt 0.3460119962692261 0.8267340064048767
f 835/296/835 592/297/592 788/295/788
vt 0.3367010056972504 0.8309040069580078
f 823/294/823 1042/293/1042 1253/298/1253
vt 0.3367010056972504 0.8267340064048767
f 790/299/790 1016/296/1016 854/294/854
f 309/298/309 1156/299/1156 136/294/136
vt 0.3367010056972504 0.8225629925727844
f 628/296/628 712/299/712 621/300/621
vt 0.3429079949855804 0.8225629925727844
f 823/300/823 1011/301/1011 1042/296/1042
vt 0.3242850005626678 0.8309040069580078
f 1382/299/1382 1320/298/1320 1318/302/1318
vt 0.3242850005626678 0.8225629925727844
f 628/303/628 621/300/621 1237/299/1237
f 970/302/970 1106/303/1106 215/299/215
vt 0.3242850005626678 0.8142219781875610
f 1237/300/1237 621/303/621 643/304/643
vt 0.3367010056972504 0.8142219781875610
f 1429/304/1429 1415/305/1415 1430/300/1430
f 1030/303/1030 538/302/538 1117/116/1117
f 1252/115/1252 769/304/769 786/303/786
f 158/116/158 229/115/229 183/303/183
vt 0.3242850005626678 0.8058800101280212
f 91/306/91 346/304/346 262/115/262
f 539/114/539 523/288/523 569/306/569
f 1499/115/1499 1500/114/1500 1493/306/1493
vt 0.3429079949855804 0.8142219781875610
vt 0.3367010056972504 0.8100510239601135
f 114/307/114 262/305/262 239/308/239
vt 0.3429079949855804 0.8100510239601135
f 162/308/162 185/309/185 161/307/161
vt 0.3367010056972504 0.8058800101280212
f 1052/309/1052 932/308/932 1051/310/1051
vt 0.3429079949855804 0.8058800101280212
f 1226/310/1226 598/311/598 1239/309/1239
f 1431/308/1431 1534/305/1534 1432/304/1432
f 136/306/136 1156/310/1156 113/308/113
f 847/304/847 1007/306/1007 802/308/802
vt 0.3367010056972504 0.8017100095748901
f 1429/312/1429 1424/310/1424 1509/306/1509
f 1426/288/1426 1431/284/1431 1532/312/1532
f 82/306/82 411/288/411 1178/312/1178
vt 0.3460119962692261 0.8058800101280212
vt 0.3429079949855804 0.8037949800491333
f 504/313/504 503/311/503 480/314/480
vt 0.3460119962692261 0.8037949800491333
f 1083/314/1083 469/315/469 360/313/360
vt 0.3429079949855804 0.8017100095748901
f 343/315/343 1081/314/1081 1009/316/1009
vt 0.3460119962692261 0.8017100095748901
f 687/316/687 29/317/29 30/315/30
f 193/314/193 1106/311/1106 1107/310/1107
f 1298/312/1298 1268/316/1268 1377/314/1377
f 1238/310/1238 1236/312/1236 29/314/29
vt 0.3429079949855804 0.7996249794960022
f 548/318/548 774/316/774 578/312/578
f 1235/284/1235 1234/280/1234 1136/318/1136
f 627/312/627 657/284/657 756/318/756
vt 0.3460119962692261 0.8006669878959656
f 1238/319/1238 29/317/29 687/316/687
vt 0.3460119962692261 0.7996249794960022
f 568/318/568 653/320/653 556/319/556
f 1415/316/1415 1404/318/1404 1510/319/1510
vt 0.3460119962692261 0.7985820174217224
f 135/321/135 294/320/294 112/318/112
f 49/280/49 941/279/941 942/321/942
f 919/318/919 48/280/48 941/321/941
vt 0.3460119962692261 0.8642690181732178
vt 0.3429079949855804 0.8642690181732178
vt 0.3429079949855804 0.8621839880943298
f 1313/322/1313 1314/323/1314 1323/324/1323
vt 0.3460119962692261 0.8621839880943298
f 1544/324/1544 1413/325/1413 1553/322/1553
vt 0.3429079949855804 0.8600990176200867
f 125/325/125 120/324/120 145/326/145
vt 0.3460119962692261 0.8600990176200867
f 115/326/115 291/327/291 131/325/131
vt 0.3367010056972504 0.8642690181732178
f 296/324/296 92/323/92 140/328/140
vt 0.3367010056972504 0.8600990176200867
f 310/329/310 1167/326/1167 120/324/120
f 990/328/990 233/329/233 339/324/339
vt 0.3367010056972504 0.8559280037879944
f 1068/326/1068 919/329/919 941/330/941
vt 0.3429079949855804 0.8559280037879944
f 1169/330/1169 1167/331/1167 310/326/310
vt 0.3242850005626678 0.8642690181732178
f 1275/329/1275 1282/328/1282 242/332/242
vt 0.3242850005626678 0.8559280037879944
f 832/333/832 1021/330/1021 481/329/481
f 1124/332/1124 496/333/496 1123/329/1123
vt 0.3242850005626678 0.8475869894027710
f 1169/330/1169 1179/333/1179 305/334/305
vt 0.3367010056972504 0.8475869894027710
f 1101/334/1101 465/335/465 210/330/210
f 1101/333/1101 210/332/210 465/118/465
f 494/117/494 832/334/832 481/333/481
f 1194/118/1194 325/117/325 1193/333/1193
vt 0.3242850005626678 0.8392450213432312
f 783/336/783 985/334/985 847/117/847
f 1040/116/1040 643/302/643 1021/336/1021
f 1309/117/1309 1316/116/1316 1302/336/1302
vt 0.3429079949855804 0.8475869894027710
vt 0.3367010056972504 0.8434159755706787
f 1260/337/1260 1326/335/1326 1297/338/1297
vt 0.3429079949855804 0.8434159755706787
f 591/338/591 781/339/781 1006/337/1006
vt 0.3367010056972504 0.8392450213432312
f 203/339/203 456/338/456 1092/340/1092
vt 0.3429079949855804 0.8392450213432312
f 1082/340/1082 417/341/417 237/339/237
f 382/338/382 452/335/452 241/334/241
f 31/336/31 32/340/32 1144/338/1144
f 287/334/287 283/336/283 1195/338/1195
vt 0.3367010056972504 0.8350750207901001
f 475/342/475 1292/340/1292 1265/336/1265
f 628/302/628 643/298/643 691/342/691
f 287/336/287 1195/302/1195 326/342/326
vt 0.3460119962692261 0.8392450213432312
vt 0.3429079949855804 0.8371599912643433
f 441/343/441 390/341/390 416/344/416
vt 0.3460119962692261 0.8371599912643433
f 1217/344/1217 46/345/46 896/343/896
vt 0.3429079949855804 0.8350750207901001
f 413/345/413 392/344/392 387/346/387
vt 0.3460119962692261 0.8350750207901001
f 441/346/441 416/347/416 415/345/415
f 104/344/104 269/341/269 80/340/80
f 306/342/306 1197/346/1197 327/344/327
f 1522/340/1522 1427/342/1427 1420/344/1420
vt 0.3429079949855804 0.8329899907112122
f 1085/348/1085 1100/346/1100 185/342/185
f 1382/298/1382 1369/293/1369 1284/348/1284
f 1463/342/1463 1458/298/1458 1437/348/1437
vt 0.3475640118122101 0.8350750207901001
vt 0.3460119962692261 0.8340319991111755
f 197/349/197 1110/347/1110 976/350/976
vt 0.3475640118122101 0.8340319991111755
f 30/350/30 98/351/98 141/349/141
vt 0.3475640118122101 0.8335109949111938
f 1276/352/1276 1422/351/1422 1428/350/1428
vt 0.3460119962692261 0.8329899907112122
vt 0.3475640118122101 0.8329899907112122
f 898/353/898 72/354/72 897/352/897
f 276/350/276 279/353/279 1187/352/1187
f 1131/350/1131 324/347/324 1236/346/1236
f 1131/348/1131 1236/353/1236 324/350/324
f 1137/346/1137 28/348/28 1234/350/1234
vt 0.3460119962692261 0.8319470286369324
f 833/355/833 996/353/996 997/348/997
f 956/293/956 1090/292/1090 955/355/955
f 1228/348/1228 1138/293/1138 1236/355/1236
f 26/354/26 28/353/28 1232/355/1232
vt 0.3475640118122101 0.8319470286369324
f 615/355/615 699/356/699 700/354/700
f 1314/356/1314 1293/355/1293 1331/292/1331
vt 0.3475640118122101 0.8309040069580078
f 928/292/928 1444/357/1444 1442/356/1442
vt 0.3242850005626678 0.8976709842681885
f 938/358/938 301/120/301 943/119/943
vt 0.3242850005626678 0.8809700012207031
f 1172/119/1172 636/359/636 718/358/718
vt 0.3242850005626678 0.8726199865341187
f 115/360/115 104/359/104 295/119/295
f 1135/118/1135 899/332/899 570/360/570
f 1131/119/1131 1236/118/1236 1238/360/1238
vt 0.3367010056972504 0.8809700012207031
f 1531/361/1531 1425/359/1425 1526/360/1526
vt 0.3367010056972504 0.8726199865341187
f 1510/360/1510 1433/362/1433 1405/361/1405
vt 0.3367010056972504 0.8684440255165100
f 1321/363/1321 1306/362/1306 1293/360/1293
f 1435/332/1435 1552/328/1552 1551/363/1551
f 1403/360/1403 149/332/149 172/363/172
vt 0.3429079949855804 0.8726199865341187
f 833/364/833 973/362/973 787/363/787
vt 0.3429079949855804 0.8684440255165100
f 1111/363/1111 979/365/979 476/364/476
vt 0.3429079949855804 0.8663570284843445
f 1429/366/1429 1423/365/1423 1424/363/1424
f 263/328/263 252/323/252 240/366/240
f 553/363/553 1232/328/1232 1207/366/1207
vt 0.3460119962692261 0.8684440255165100
f 233/367/233 191/365/191 170/366/170
vt 0.3460119962692261 0.8663570284843445
f 850/366/850 835/368/835 788/367/788
f 602/368/602 739/366/739 621/323/621
f 1263/323/1263 1265/322/1265 1298/368/1298
vt 0.3475640118122101 0.9311100244522095
vt 0.3460119962692261 0.9311100244522095
vt 0.3460119962692261 0.9300649762153625
f 1020/369/1020 1116/370/1116 1229/371/1229
vt 0.3475640118122101 0.9300649762153625
f 623/371/623 1229/372/1229 1116/369/1116
vt 0.3460119962692261 0.9290199875831604
f 533/372/533 1032/371/1032 1337/373/1337
vt 0.3475640118122101 0.9290199875831604
f 533/373/533 1337/374/1337 1032/372/1032
vt 0.3429079949855804 0.9311100244522095
f 1020/371/1020 1229/370/1229 1022/375/1022
vt 0.3429079949855804 0.9290199875831604
f 586/376/586 668/373/668 524/371/524
f 941/375/941 1063/376/1063 862/371/862
vt 0.3429079949855804 0.9269300103187561
f 1228/373/1228 1191/376/1191 1138/377/1138
vt 0.3460119962692261 0.9269300103187561
f 622/377/622 1117/378/1117 640/373/640
vt 0.3367010056972504 0.9311100244522095
f 604/376/604 602/375/602 1133/379/1133
vt 0.3367010056972504 0.9269300103187561
f 435/380/435 387/377/387 180/376/180
f 287/379/287 326/380/326 305/376/305
vt 0.3367010056972504 0.9227499961853027
f 1240/377/1240 725/380/725 695/381/695
vt 0.3429079949855804 0.9227499961853027
f 624/381/624 603/382/603 604/377/604
vt 0.3242850005626678 0.9311100244522095
f 903/380/903 1219/379/1219 922/383/922
vt 0.3242850005626678 0.9227499961853027
f 625/384/625 1229/381/1229 623/380/623
f 385/383/385 155/384/155 434/380/434
vt 0.3242850005626678 0.9143909811973572
f 194/381/194 171/384/171 237/385/237
vt 0.3367010056972504 0.9143909811973572
f 1248/385/1248 519/386/519 795/381/795
f 280/384/280 97/383/97 96/122/96
f 1085/121/1085 1100/385/1100 964/384/964
f 569/122/569 1022/121/1022 568/384/568
f 1298/385/1298 1377/121/1377 1266/120/1266
f 1116/120/1116 643/358/643 739/385/739
vt 0.3483400046825409 0.9645640254020691
vt 0.3475640118122101 0.9645640254020691
vt 0.3475640118122101 0.9640409946441650
f 643/387/643 777/388/777 765/389/765
vt 0.3483400046825409 0.9640409946441650
f 845/389/845 1023/390/1023 524/387/524
vt 0.3475640118122101 0.9635180234909058
f 1228/390/1228 323/389/323 1191/391/1191
vt 0.3483400046825409 0.9635180234909058
f 855/391/855 806/392/806 1258/390/1258
vt 0.3460119962692261 0.9645640254020691
f 845/389/845 524/388/524 539/393/539
vt 0.3460119962692261 0.9635180234909058
f 1172/394/1172 718/391/718 612/389/612
f 814/393/814 1119/394/1119 1118/389/1118
vt 0.3460119962692261 0.9624729752540588
f 908/391/908 1054/394/1054 874/395/874
vt 0.3475640118122101 0.9624729752540588
f 1386/395/1386 1393/396/1393 1394/391/1394
vt 0.3429079949855804 0.9645640254020691
f 1135/394/1135 570/393/570 1232/397/1232
vt 0.3429079949855804 0.9624729752540588
f 1216/398/1216 1189/395/1189 94/394/94
f 1402/397/1402 1406/398/1406 1542/394/1542
vt 0.3429079949855804 0.9603819847106934
f 40/395/40 1208/398/1208 935/399/935
vt 0.3460119962692261 0.9603819847106934
f 499/399/499 500/400/500 515/395/515
vt 0.3367010056972504 0.9645640254020691
f 266/398/266 264/397/264 430/401/430
vt 0.3367010056972504 0.9603819847106934
f 506/402/506 801/399/801 781/398/781
f 1277/401/1277 1359/402/1359 1378/398/1378
vt 0.3367010056972504 0.9562000036239624
f 640/399/640 16/402/16 641/403/641
vt 0.3429079949855804 0.9562000036239624
f 604/403/604 1133/404/1133 753/399/753
vt 0.3242850005626678 0.9645640254020691
f 376/402/376 191/401/191 233/405/233
vt 0.3242850005626678 0.9562000036239624
f 1124/406/1124 674/403/674 745/402/745
f 625/405/625 624/406/624 626/402/626
vt 0.3242850005626678 0.9478369951248169
f 1037/403/1037 487/406/487 486/407/486
vt 0.3367010056972504 0.9478369951248169
f 338/407/338 339/408/339 1105/403/1105
f 1491/406/1491 1504/405/1504 1449/124/1449
f 569/123/569 556/407/556 540/406/540
f 640/124/640 538/123/538 16/406/16
vt 0.3242850005626678 0.9394739866256714
f 1041/409/1041 430/407/430 851/123/851
f 539/122/539 540/383/540 654/409/654
f 114/123/114 239/122/239 136/409/136
vt 0.3429079949855804 0.9478369951248169
vt 0.3367010056972504 0.9436550140380859
f 1075/410/1075 200/408/200 1089/411/1089
vt 0.3429079949855804 0.9436550140380859
f 280/411/280 322/412/322 97/410/97
vt 0.3367010056972504 0.9394739866256714
f 862/412/862 58/411/58 861/413/861
vt 0.3429079949855804 0.9394739866256714
f 31/413/31 1144/414/1144 727/412/727
f 406/411/406 363/408/363 243/407/243
f 814/409/814 782/413/782 1036/411/1036
f 1457/407/1457 1438/409/1438 1480/411/1480
vt 0.3367010056972504 0.9352920055389404
f 668/415/668 523/413/523 524/409/524
f 124/383/124 922/379/922 307/415/307
f 19/409/19 659/383/659 771/415/771
vt 0.3460119962692261 0.9394739866256714
vt 0.3429079949855804 0.9373829960823059
f 1230/416/1230 605/414/605 753/417/753
vt 0.3460119962692261 0.9373829960823059
f 937/417/937 361/418/361 346/416/346
vt 0.3429079949855804 0.9352920055389404
f 1435/418/1435 1440/417/1440 1407/419/1407
vt 0.3460119962692261 0.9352920055389404
f 1230/419/1230 753/420/753 87/418/87
f 1231/417/1231 653/414/653 626/413/626
f 851/415/851 264/419/264 1011/417/1011
f 98/413/98 1236/415/1236 324/417/324
vt 0.3429079949855804 0.9332010149955750
f 54/421/54 951/419/951 948/415/948
f 661/379/661 575/375/575 558/421/558
f 654/415/654 894/379/894 870/421/870
vt 0.3475640118122101 0.9352920055389404
vt 0.3460119962692261 0.9342460036277771
f 892/422/892 1058/420/1058 868/423/868
vt 0.3475640118122101 0.9342460036277771
f 160/423/160 253/424/253 184/422/184
vt 0.3460119962692261 0.9332010149955750
f 17/424/17 1060/423/1060 45/425/45
vt 0.3475640118122101 0.9332010149955750
f 1006/425/1006 1036/426/1036 963/424/963
f 204/423/204 203/420/203 1092/419/1092
f 404/421/404 309/425/309 136/423/136
f 799/419/799 820/421/820 821/423/821
vt 0.3460119962692261 0.9321560263633728
f 914/427/914 893/425/893 138/421/138
f 87/375/87 116/370/116 1160/427/1160
f 158/421/158 250/375/250 229/427/229
vt 0.3483400046825409 0.9332010149955750
vt 0.3475640118122101 0.9326779842376709
f 1231/428/1231 709/426/709 710/429/710
vt 0.3483400046825409 0.9326779842376709
f 830/429/830 779/430/779 780/428/780
vt 0.3475640118122101 0.9321560263633728
f 709/430/709 298/429/298 710/431/710
vt 0.3483400046825409 0.9321560263633728
f 1231/431/1231 710/432/710 142/430/142
f 89/429/89 1231/426/1231 141/425/141
f 579/427/579 558/431/558 562/429/562
f 1231/425/1231 142/427/142 141/429/141
vt 0.3475640118122101 0.9316329956054688
f 1168/433/1168 1171/431/1171 124/427/124
f 859/370/859 1047/369/1047 1046/433/1046
f 244/427/244 152/370/152 245/433/245
f 574/432/574 662/431/662 575/433/575
vt 0.3483400046825409 0.9316329956054688
f 90/433/90 275/434/275 88/432/88
f 560/434/560 544/433/544 545/369/545
vt 0.3483400046825409 0.9311100244522095
f 870/369/870 894/435/894 938/434/938
vt 0.3242850005626678 0.9729269742965698
vt 0.3242850005626678 0.9812899827957153
vt 0.2994540035724640 0.9812899827957153
f 1192/436/1192 324/437/324 1191/438/1191
f 1396/124/1396 1296/405/1296 1316/436/1316
f 938/438/938 894/124/894 44/436/44
vt 0.3367010056972504 0.9812899827957153
f 378/439/378 213/437/213 986/436/986
vt 0.3367010056972504 0.9729269742965698
f 731/436/731 550/440/550 880/439/880
vt 0.3367010056972504 0.9687449932098389
f 1069/441/1069 927/440/927 1070/436/1070
f 759/405/759 760/401/760 661/441/661
f 44/436/44 118/405/118 301/441/301
vt 0.3429079949855804 0.9729269742965698
f 340/442/340 992/440/992 1080/441/1080
vt 0.3429079949855804 0.9687449932098389
f 1034/441/1034 812/443/812 1251/442/1251
vt 0.3429079949855804 0.9666550159454346
f 1451/444/1451 1503/443/1503 1459/441/1459
f 731/401/731 35/397/35 550/444/550
f 227/441/227 154/401/154 247/444/247
vt 0.3460119962692261 0.9687449932098389
f 195/445/195 429/443/429 463/444/463
vt 0.3460119962692261 0.9666550159454346
f 912/444/912 871/446/871 1060/445/1060
vt 0.3460119962692261 0.9656090140342712
f 920/447/920 871/446/871 1059/444/1059
f 569/397/569 568/393/568 556/447/556
f 1228/444/1228 1236/397/1236 1131/447/1131
vt 0.3475640118122101 0.9666550159454346
f 89/448/89 141/446/141 300/447/300
vt 0.3475640118122101 0.9656090140342712
f 850/447/850 788/449/788 1010/448/1010
vt 0.3475640118122101 0.9650859832763672
f 870/450/870 938/449/938 1059/447/1059
f 1244/393/1244 633/388/633 634/450/634
f 638/447/638 554/393/554 772/450/772
vt 0.3483400046825409 0.9656090140342712
f 1299/451/1299 1300/449/1300 1329/450/1329
vt 0.3483400046825409 0.9650859832763672
f 1182/450/1182 84/452/84 274/451/274
f 24/452/24 1227/450/1227 618/388/618
f 618/388/618 704/387/704 12/452/12
vt 0.0422989986836910 0.5005049705505371
vt 0.0845979973673820 0.5005040168762207
f 1275/3/1275 1312/453/1312 1318/454/1318
vt 0.1268970072269440 0.5005040168762207
f 2/455/2 7/29/7 1287/454/1287
f 1096/453/1096 1095/3/1095 959/2/959
f 87/455/87 753/43/753 641/29/641
f 1528/29/1528 1529/3/1529 1508/454/1508
vt 0.1691969931125641 0.5005030035972595
f 696/43/696 716/455/716 634/456/634
vt 0.2114990055561066 0.5005030035972595
vt 0.2537949979305267 0.5005030035972595
f 738/71/738 1112/457/1112 505/458/505
vt 0.3386200070381165 0.5179489850997925
vt 0.2960940003395081 0.5005019903182983
vt 0.3383930027484894 0.5005019903182983
f 328/459/328 1214/460/1214 1218/461/1218
f 920/88/920 71/458/71 871/460/871
f 762/43/762 630/456/630 714/57/714
f 1072/57/1072 765/456/765 777/457/777
f 608/71/608 687/458/687 1136/88/1136
f 1214/71/1214 461/57/461 45/457/45
vt 0.3388690054416656 0.5346500277519226
f 963/462/963 464/88/464 1099/459/1099
f 208/460/208 464/459/464 963/88/963
vt 0.3391369879245758 0.5506039857864380
f 70/463/70 69/127/69 918/87/918
vt 0.3400630056858063 0.5939850211143494
f 522/464/522 643/154/643 586/125/586
f 396/126/396 381/464/381 427/125/427
vt 0.3404119908809662 0.6069520115852356
f 439/154/439 462/465/462 209/153/209
f 439/129/439 209/142/209 394/130/394
vt 0.3405950069427490 0.6131550073623657
f 464/466/464 394/141/394 209/153/209
vt 0.3394260108470917 0.5658109784126282
f 1099/127/1099 464/467/464 1098/126/1098
vt 0.3417379856109619 0.6470170021057129
f 137/131/137 277/468/277 91/163/91
f 311/131/311 1246/130/1246 733/142/733
f 1158/87/1158 113/88/113 1156/463/1156
f 1158/468/1158 1156/160/1156 115/163/115
f 836/160/836 532/468/532 673/158/673
vt 0.3425889909267426 0.6694589853286743
f 678/155/678 676/469/676 595/227/595
f 1446/227/1446 1502/224/1502 1453/223/1453
vt 0.3422929942607880 0.6618300080299377
f 137/470/137 114/155/114 113/158/113
f 1405/467/1405 1406/127/1406 1511/463/1511
f 114/463/114 136/88/136 113/462/113
f 1183/154/1183 118/464/118 44/465/44
vt 0.3406879901885986 0.6161869764328003
f 122/471/122 1163/146/1163 121/147/121
f 1157/147/1157 1159/148/1159 1185/471/1185
vt 0.3407340049743652 0.6176850199699402
f 312/146/312 1072/472/1072 1175/145/1175
vt 0.3407819867134094 0.6191719770431519
f 779/144/779 793/473/793 1049/143/1049
f 41/143/41 936/473/936 907/142/907
f 1157/473/1157 296/144/296 1159/145/1159
f 1117/465/1117 712/466/712 491/153/491
f 1497/142/1497 1476/468/1476 1449/131/1449
f 1157/141/1157 320/466/320 296/148/296
f 382/146/382 471/471/471 1109/472/1109
f 130/148/130 883/466/883 884/471/884
vt 0.3407579958438873 0.6184300184249878
vt 0.3407700061798096 0.6188009977340698
f 1175/145/1175 1072/474/1072 929/475/929
f 1184/468/1184 320/470/320 1157/158/1157
f 624/142/624 604/473/604 605/468/605
f 893/145/893 116/475/116 87/473/87
f 289/145/289 1201/472/1201 1171/474/1171
f 150/155/150 105/470/105 330/469/330
f 1530/221/1530 1504/220/1504 1501/224/1501
f 1530/218/1530 1501/217/1501 1424/221/1424
vt 0.3427430093288422 0.6733289957046509
f 1117/221/1117 538/224/538 640/476/640
vt 0.3428600132465363 0.6762560009956360
f 18/477/18 218/214/218 945/216/945
f 496/216/496 592/214/592 511/208/511
f 480/213/480 503/212/503 585/214/585
f 295/477/295 318/216/318 1186/218/1186
vt 0.3428199887275696 0.6752780079841614
f 318/218/318 1184/221/1184 1157/478/1157
f 319/476/319 1185/478/1185 277/221/277
vt 0.3428789973258972 0.6767460107803345
f 786/477/786 819/479/819 846/214/846
f 137/478/137 319/477/319 277/218/277
vt 0.3428939878940582 0.6771140098571777
f 319/480/319 1186/211/1186 1185/213/1185
vt 0.3428890109062195 0.6769909858703613
f 1535/213/1535 1524/481/1524 1406/480/1406
f 278/214/278 139/481/139 140/213/140
f 1094/214/1094 203/479/203 204/481/204
vt 0.3428960144519806 0.6771749854087830
f 1524/482/1524 1511/211/1511 1406/480/1406
f 90/476/90 556/224/556 653/469/653
f 614/224/614 701/227/701 1140/469/1140
f 1111/126/1111 476/467/476 978/464/978
vt 0.0000000000000000 0.9645640254020691
vt 0.0458410009741783 0.9980170130729675
f 140/483/140 138/26/138 1159/484/1159
vt 0.0229199994355440 0.9980170130729675
f 173/484/173 406/485/406 243/483/243
f 647/229/647 645/228/645 547/278/547
vt 0.1375219970941544 0.9980170130729675
f 1061/41/1061 915/55/915 1160/486/1160
vt 0.1146019995212555 0.9980170130729675
f 950/486/950 1071/487/1071 925/41/925
vt 0.2292039990425110 0.9980170130729675
f 1213/69/1213 555/86/555 537/488/537
vt 0.2062830030918121 0.9980170130729675
f 939/488/939 872/489/872 915/69/915
vt 0.1833630055189133 0.9980170130729675
f 661/55/661 574/69/574 575/490/575
vt 0.1604429930448532 0.9980170130729675
f 134/490/134 1053/491/1053 111/55/111
vt 0.0916820019483566 0.9980170130729675
f 1217/26/1217 872/41/872 939/492/939
vt 0.0687609985470772 0.9980170130729675
f 1345/492/1345 1334/493/1334 1341/26/1341
f 1217/177/1217 939/168/939 46/171/46
vt 0.3458960056304932 0.7522199749946594
f 655/494/655 944/277/944 967/278/967
f 513/275/513 498/264/498 674/169/674
vt 0.3438749909400940 0.7005670070648193
f 1216/495/1216 1188/275/1188 1189/169/1189
f 368/277/368 440/291/440 413/290/413
f 972/359/972 361/361/361 937/358/937
f 810/358/810 822/386/822 1002/385/1002
f 1091/493/1091 954/484/954 177/26/177
f 1216/487/1216 94/492/94 66/41/66
f 581/491/581 518/486/518 665/55/665
f 647/69/647 25/489/25 546/490/546
vt 0.2750450074672699 0.9980170130729675
f 67/86/67 66/438/66 94/496/94
vt 0.3208850026130676 0.9980170130729675
f 1241/438/1241 1146/437/1146 1143/497/1143
vt 0.2979649901390076 0.9980170130729675
f 67/497/67 872/498/872 66/438/66
vt 0.2521240115165710 0.9980170130729675
f 287/499/287 157/488/157 240/86/240
f 263/438/263 415/498/415 416/496/416
f 722/499/722 298/86/298 297/496/297
f 1068/497/1068 1063/437/1063 941/439/941
f 1366/124/1366 1377/438/1377 1367/86/1367
f 1068/190/1068 941/195/941 1063/188/1063
f 722/202/722 27/197/27 723/199/723
f 869/195/869 44/186/44 894/188/894
f 1134/186/1134 28/178/28 27/179/27
f 492/276/492 580/275/580 493/495/493
vt 0.3433240056037903 0.6874949932098389
f 897/177/897 1215/178/1215 899/500/899
f 722/500/722 1233/168/1233 1134/177/1134
vt 0.3436689972877502 0.6956980228424072
f 1361/168/1361 1371/501/1371 1383/169/1383
f 5/204/5 4/206/4 1371/209/1371
vt 0.3428989946842194 0.6772360205650330
f 1041/211/1041 530/502/530 430/209/430
f 451/211/451 219/482/219 996/502/996
f 165/204/165 448/209/448 235/502/235
f 213/195/213 448/197/448 398/202/398
f 20/502/20 561/202/561 646/204/646
vt 0.3439869880676270 0.7031940221786499
f 1032/503/1032 678/274/678 479/276/479
f 317/502/317 293/195/293 326/202/326
f 1085/178/1085 162/186/162 440/500/440
f 1180/195/1180 888/500/888 1210/186/1210
f 643/502/643 552/500/552 22/195/22
vt 0.3447439968585968 0.7213960289955139
f 1060/233/1060 895/504/895 45/231/45
vt 0.3464530110359192 0.7689570188522339
f 160/291/160 184/277/184 164/505/164
vt 0.3452689945697784 0.7348499894142151
f 464/506/464 209/278/209 1098/228/1098
f 321/504/321 1135/228/1135 1233/231/1233
f 119/330/119 302/335/302 118/337/118
f 620/337/620 619/331/619 601/330/601
f 160/300/160 464/305/464 208/307/208
f 1188/307/1188 899/301/899 1135/300/1135
f 321/287/321 1188/286/1188 1135/291/1135
f 321/362/321 297/364/297 95/361/95
f 914/382/914 1062/381/1062 913/386/913
vt 0.3487119972705841 0.8845340013504028
f 763/507/763 928/358/928 1456/361/1456
vt 0.3488749861717224 0.9015780091285706
f 140/386/140 139/358/139 138/508/138
f 321/440/321 95/442/95 1189/439/1189
f 321/403/321 722/408/722 297/410/297
f 687/410/687 710/404/710 606/403/606
vt 0.3440439999103546 0.7045549750328064
f 18/268/18 757/274/757 643/509/643
vt 0.3490090072154999 0.9980170130729675
f 818/510/818 1001/497/1001 822/439/822
f 1132/169/1132 1136/501/1136 1234/495/1234
vt 0.3440740108489990 0.7052479982376099
f 975/511/975 475/267/475 1263/269/1263
f 855/495/855 791/503/791 806/276/806
vt 0.3441030085086823 0.7059490084648132
f 841/512/841 840/258/840 792/259/792
vt 0.3440960049629211 0.7057729959487915
f 142/259/142 30/265/30 141/513/141
vt 0.3440879881381989 0.7055969834327698
f 1410/265/1410 1487/267/1487 1516/514/1516
f 1230/500/1230 95/501/95 297/168/297
f 1488/509/1488 1558/269/1558 1471/268/1471
f 754/511/754 967/514/967 985/267/985
f 144/509/144 325/511/325 280/269/280
f 144/512/144 1161/256/1161 325/257/325
f 873/258/873 70/512/70 281/257/281
f 873/513/873 281/512/281 97/259/97
f 1181/265/1181 316/514/316 84/513/84
f 281/241/281 96/256/96 97/512/97
f 1522/509/1522 1521/274/1521 1528/503/1528
f 790/245/790 837/252/837 1016/256/1016
f 150/241/150 636/245/636 1172/256/1172
f 1162/504/1162 299/233/299 144/242/144
f 68/278/68 97/506/97 900/494/900
f 181/241/181 367/512/367 435/242/435
vt 0.3477120101451874 0.8168069720268250
f 367/309/367 251/515/251 414/307/414
f 322/307/322 1190/515/1190 900/301/900
f 1091/313/1091 1090/309/1090 954/311/954
vt 0.3471480011940002 0.7928689718246460
f 1192/282/1192 322/283/322 280/516/280
f 798/494/798 810/505/810 1002/277/1002
f 1192/283/1192 1191/287/1191 322/516/322
vt 0.3469339907169342 0.7850570082664490
f 323/517/323 1190/291/1190 322/505/322
f 875/301/875 1218/297/1218 895/296/895
vt 0.3482750058174133 0.8491060137748718
f 1484/339/1484 1487/518/1487 1417/337/1417
f 1202/337/1202 331/518/331 1173/331/1173
f 1098/343/1098 209/339/209 462/341/462
f 17/506/17 912/228/912 1060/504/1060
f 98/512/98 324/504/324 1192/242/1192
vt 0.3472959995269775 0.7986239790916443
f 400/279/400 1025/519/1025 1007/321/1007
vt 0.3473309874534607 0.8000490069389343
f 423/520/423 445/319/445 399/320/399
f 1256/320/1256 840/321/840 517/519/517
f 1357/287/1357 6/291/6 1358/517/1358
vt 0.3473429977893829 0.8005229830741882
f 972/319/972 937/521/937 1252/317/1252
f 1070/315/1070 19/521/19 771/313/771
vt 0.3478769958019257 0.8251249790191650
f 709/522/709 297/301/297 298/515/298
f 782/313/782 461/515/461 334/309/334
f 1074/521/1074 810/315/810 1088/317/1088
f 1194/287/1194 1192/517/1192 280/516/280
vt 0.3472479879856110 0.7967159748077393
f 99/523/99 1192/279/1192 1194/282/1194
f 1359/523/1359 1371/519/1371 1361/279/1361
vt 0.3473199903964996 0.7995749711990356
f 671/524/671 589/320/589 1028/519/1028
f 81/319/81 270/520/270 103/521/103
f 99/297/99 98/301/98 1192/522/1192
f 1149/313/1149 22/521/22 1246/515/1246
f 47/524/47 46/520/46 939/320/939
f 645/282/645 544/516/544 560/523/560
vt 0.3479549884796143 0.8293269872665405
f 300/525/300 99/297/99 1194/522/1194
f 92/525/92 320/357/320 1187/292/1187
vt 0.3479929864406586 0.8314390182495117
f 1356/526/1356 1292/356/1292 1342/357/1342
f 1165/525/1165 302/292/302 940/295/940
f 1360/347/1360 1370/349/1370 1371/345/1371
f 1133/349/1133 622/343/622 640/345/640
vt 0.3480260074138641 0.8332930207252502
f 974/527/974 973/352/973 997/354/997
vt 0.3480120003223419 0.8324980139732361
f 49/354/49 916/356/916 941/528/941
f 709/356/709 626/526/626 605/528/605
vt 0.3480210006237030 0.8330280184745789
f 839/354/839 807/528/807 1257/529/1257
f 1339/354/1339 1349/529/1349 1348/527/1348
vt 0.3480300009250641 0.8335580229759216
f 429/530/429 1006/349/1006 463/351/463
f 1480/349/1480 1438/530/1438 1467/518/1467
f 1064/530/1064 916/351/916 940/352/940
f 381/352/381 428/527/428 402/530/402
f 227/343/227 247/349/247 248/518/248
f 137/525/137 113/526/113 1158/357/1158
f 913/525/913 47/295/47 939/297/939
f 1006/339/1006 801/343/801 1036/518/1036
vt 0.3483920097351074 0.8575239777565002
f 190/531/190 396/331/396 336/518/336
f 1269/327/1269 1331/326/1331 1305/331/1305
vt 0.3484910130500793 0.8652409911155701
f 68/322/68 70/532/70 873/368/873
vt 0.3484770059585571 0.8641189932823181
f 70/533/70 874/322/874 69/325/69
f 1441/365/1441 1462/367/1462 1461/364/1461
f 709/382/709 605/378/605 1230/377/1230
vt 0.3489950001239777 0.9174969792366028
f 1538/534/1538 1522/386/1522 1420/508/1420
f 117/507/117 281/361/281 70/364/70
f 1085/507/1085 185/364/185 162/367/162
f 1231/374/1231 626/373/626 709/378/709
vt 0.3490560054779053 0.9286990165710449
f 444/374/444 189/378/189 166/535/166
vt 0.3490380048751831 0.9250349998474121
f 406/378/406 407/382/407 174/536/174
f 117/535/117 70/372/70 918/374/918
f 1008/428/1008 589/424/589 817/426/817
f 1039/369/1039 849/372/849 1008/435/1008
vt 0.3485049903392792 0.8663700222969055
f 437/368/437 159/537/159 389/367/389
vt 0.3484489917755127 0.8618929982185364
f 1162/538/1162 144/325/144 119/327/119
f 122/414/122 1066/416/1066 303/412/303
f 61/422/61 862/418/862 60/420/60
vt 0.3491109907627106 0.9483979940414429
f 555/412/555 890/539/890 567/410/567
vt 0.3491159975528717 0.9566460251808167
f 116/404/116 1061/540/1061 1160/400/1160
f 1217/443/1217 898/445/898 872/442/872
f 920/400/920 1066/399/1066 122/404/122
f 1167/539/1167 1163/404/1163 120/410/120
vt 0.3491150140762329 0.9608190059661865
f 647/541/647 547/396/547 21/400/21
f 120/416/120 1163/539/1163 304/412/304
f 145/395/145 120/400/120 304/396/304
f 389/422/389 251/416/251 438/418/438
f 1401/446/1401 1262/448/1262 1296/445/1296
f 919/392/919 942/391/942 48/396/48
f 50/539/50 942/416/942 1164/422/1164
vt 0.3490790128707886 0.9802740216255188
f 995/542/995 342/442/342 217/445/217
f 124/422/124 947/424/947 922/428/922
f 1005/325/1005 1023/538/1023 845/533/845
f 1043/322/1043 1031/533/1031 243/532/243
f 303/368/303 51/532/51 52/537/52
vt 0.3490679860115051 0.9314010143280029
f 1164/435/1164 303/543/303 52/434/52
vt 0.3490689992904663 0.9318479895591736
f 95/544/95 94/432/94 1189/434/1189
f 1322/358/1322 1307/507/1307 1315/508/1315
f 352/534/352 338/382/338 1105/386/1105
f 522/367/522 1119/537/1119 506/507/506
f 267/536/267 79/535/79 314/378/314
vt 0.3490639925003052 0.9305049777030945
f 1070/545/1070 758/372/758 949/535/949
f 1253/435/1253 1042/372/1042 996/545/996
f 197/543/197 408/544/408 1110/434/1110
vt 0.3490700125694275 0.9320700168609619
vt 0.3490709960460663 0.9322929978370667
f 623/432/623 1116/546/1116 739/547/739
f 625/546/625 623/432/623 624/544/624
f 1248/543/1248 1000/435/1000 796/545/796
f 1001/536/1001 809/382/809 1248/534/1248
f 404/430/404 239/432/239 402/547/402
f 884/547/884 765/422/765 1072/428/1072
f 602/539/602 621/540/621 622/404/622
vt 0.3491109907627106 0.9644970297813416
f 1158/390/1158 295/548/295 319/387/319
vt 0.3491120040416718 0.9639700055122375
f 987/549/987 992/390/992 357/392/357
vt 0.3491109907627106 0.9650239944458008
f 1265/550/1265 1335/448/1335 1328/451/1328
f 488/451/488 484/452/484 424/550/424
f 1430/542/1430 1510/510/1510 1423/439/1423
f 1432/449/1432 1433/451/1433 1527/448/1527
vt 0.3491109907627106 0.9647600054740906
f 1030/387/1030 1117/551/1117 491/452/491
f 738/448/738 1114/542/1114 504/445/504
f 516/428/516 520/430/520 667/547/667
vt 0.3491129875183105 0.9629179835319519
f 990/392/990 991/552/991 1079/549/1079
f 586/392/586 524/396/524 1023/552/1023
f 1182/552/1182 315/396/315 84/541/84
f 263/542/263 416/448/416 252/550/252
f 236/387/236 235/548/235 257/551/257
f 1420/551/1420 1542/550/1542 1534/452/1534
f 1021/548/1021 643/390/643 522/549/522
f 330/400/330 74/540/74 1224/541/1224
f 510/547/510 817/539/817 670/422/670
f 975/538/975 1263/327/1263 474/531/474
f 990/327/990 338/331/338 991/531/991
f 687/442/687 606/542/606 1136/439/1136
vt 0.4002690017223358 0.0330840013921261
vt 0.3878529965877533 0.0330840013921261
vt 0.3878529965877533 0.0248130001127720
f 1079/553/1079 991/554/991 337/555/337
vt 0.4002690017223358 0.0248130001127720
f 295/555/295 1186/556/1186 319/553/319
vt 0.3754369914531708 0.0289479997009039
vt 0.3754369914531708 0.0248130001127720
f 990/557/990 355/558/355 356/555/356
vt 0.3754369914531708 0.0330840013921261
f 1194/554/1194 280/559/280 325/557/325
f 477/555/477 1110/554/1110 221/557/221
vt 0.3754369914531708 0.0165420006960630
f 71/555/71 895/558/895 871/560/871
vt 0.3878529965877533 0.0165420006960630
f 920/560/920 122/561/122 71/555/71
f 1086/556/1086 363/555/363 998/561/998
vt 0.4002690017223358 0.0165420006960630
f 1077/561/1077 353/562/353 1106/556/1106
vt 0.3692280054092407 0.0310159996151924
vt 0.3692280054092407 0.0289479997009039
f 786/563/786 769/564/769 538/557/538
vt 0.3692280054092407 0.0330840013921261
f 1416/559/1416 1411/565/1411 1547/563/1547
f 679/557/679 698/559/698 699/563/699
vt 0.3661240041255951 0.0330840013921261
vt 0.3661240041255951 0.0310159996151924
f 27/565/27 1137/566/1137 723/567/723
f 82/567/82 1178/563/1178 1151/565/1151
vt 0.3630200028419495 0.0330840013921261
vt 0.3630200028419495 0.0310159996151924
f 829/566/829 1095/568/1095 460/569/460
f 677/569/677 516/567/516 667/566/667
vt 0.3630200028419495 0.0299820005893707
vt 0.3630200028419495 0.0289479997009039
vt 0.3661240041255951 0.0289479997009039
f 671/570/671 528/571/528 670/572/670
f 1252/567/1252 786/569/786 785/570/785
f 755/572/755 944/567/944 655/570/655
f 869/563/869 1183/567/1183 44/572/44
f 990/572/990 339/564/339 338/563/338
vt 0.3630200028419495 0.0268810000270605
f 1365/572/1365 1366/571/1366 1278/573/1278
vt 0.3630200028419495 0.0248130001127720
vt 0.3692280054092407 0.0248130001127720
f 1216/573/1216 897/574/897 899/575/899
f 193/575/193 965/564/965 1106/572/1106
f 875/572/875 100/573/100 1218/575/1218
f 834/557/834 218/564/218 18/575/18
f 585/575/585 503/558/503 667/557/667
vt 0.3614679872989655 0.0310159996151924
vt 0.3614679872989655 0.0299820005893707
f 164/569/164 390/576/390 443/577/443
f 893/577/893 911/570/911 138/569/138
vt 0.3614679872989655 0.0289479997009039
f 193/570/193 1107/577/1107 398/578/398
f 960/578/960 347/571/347 959/570/959
vt 0.3630200028419495 0.0206770002841949
f 1453/575/1453 1502/574/1502 1494/579/1494
vt 0.3630200028419495 0.0165420006960630
f 334/579/334 461/580/461 983/560/983
f 1107/560/1107 211/558/211 398/575/398
f 195/575/195 465/579/465 408/560/408
vt 0.3692280054092407 0.0082710003480315
vt 0.3754369914531708 0.0082710003480315
f 1021/581/1021 506/582/506 481/560/481
vt 0.3630200028419495 0.0082710003480315
f 2/580/2 3/583/3 7/581/7
f 1069/560/1069 924/580/924 54/581/54
vt 0.3723329901695251 0.0041350000537932
vt 0.3754369914531708 0.0041350000537932
f 970/584/970 215/585/215 468/582/468
vt 0.3692280054092407 0.0041350000537932
f 214/581/214 1105/586/1105 969/584/969
f 724/582/724 643/581/643 689/584/689
vt 0.3630200028419495 0.0041350000537932
f 467/581/467 362/583/362 987/587/987
f 124/587/124 307/586/307 1067/581/1067
vt 0.3692280054092407 0.0020679999142885
f 441/588/441 415/586/415 392/587/392
vt 0.3630200028419495 0.0000000000000000
vt 0.3692280054092407 0.0000000000000000
f 1461/589/1461 1459/590/1459 1503/588/1503
f 1034/587/1034 1251/589/1251 840/588/840
vt 0.3723329901695251 0.0020679999142885
f 787/585/787 1109/584/1109 834/591/834
vt 0.3754369914531708 0.0020679999142885
f 429/591/429 591/592/591 1006/585/1006
f 814/584/814 1005/586/1005 782/588/782
f 1149/588/1149 775/591/775 22/584/22
f 506/591/506 1119/588/1119 801/590/801
vt 0.3723329901695251 0.0000000000000000
f 352/590/352 214/593/214 467/591/467
vt 0.3754369914531708 0.0010339999571443
f 472/594/472 382/592/382 1109/591/1109
vt 0.3754369914531708 0.0000000000000000
f 1133/593/1133 602/595/602 622/594/622
f 528/591/528 743/593/743 490/594/490
vt 0.3940609991550446 0.0082710003480315
vt 0.4002690017223358 0.0082710003480315
f 1096/596/1096 459/597/459 205/562/205
vt 0.3878529965877533 0.0082710003480315
f 643/561/643 573/598/573 777/596/777
f 568/562/568 625/561/625 653/596/653
vt 0.3816449940204620 0.0082710003480315
f 119/599/119 117/598/117 143/561/143
f 190/560/190 351/582/351 168/599/168
f 1157/561/1157 1185/560/1185 1186/599/1186
vt 0.3847489953041077 0.0041350000537932
vt 0.3878529965877533 0.0041350000537932
f 1340/600/1340 1360/601/1360 1336/598/1336
vt 0.3816449940204620 0.0041350000537932
f 337/599/337 357/602/357 340/600/340
f 1039/598/1039 822/599/822 1009/600/1009
vt 0.3785409927368164 0.0041350000537932
f 1141/603/1141 1144/602/1144 1242/599/1242
f 1499/582/1499 1493/585/1493 1464/603/1464
f 165/599/165 235/582/235 335/603/335
vt 0.3800930082798004 0.0020679999142885
vt 0.3816449940204620 0.0020679999142885
f 238/604/238 258/605/258 188/602/188
vt 0.3785409927368164 0.0020679999142885
f 63/603/63 868/606/868 62/604/62
f 507/602/507 784/603/784 846/604/846
vt 0.3769890069961548 0.0020679999142885
f 395/607/395 444/606/444 166/603/166
f 994/585/994 342/592/342 995/607/995
f 447/603/447 395/585/395 420/607/420
vt 0.3777649998664856 0.0010339999571443
vt 0.3785409927368164 0.0010339999571443
f 474/608/474 1264/609/1264 432/606/432
vt 0.3769890069961548 0.0010339999571443
f 418/607/418 256/610/256 444/608/444
f 724/606/724 690/607/690 643/608/643
f 1185/607/1185 937/592/937 277/594/277
f 309/594/309 1150/610/1150 1156/607/1156
vt 0.3769890069961548 0.0005169999785721
f 1092/611/1092 956/610/956 955/594/955
vt 0.3769890069961548 0.0000000000000000
f 467/595/467 988/612/988 354/611/354
f 1037/594/1037 379/595/379 351/611/351
vt 0.3781529963016510 0.0005169999785721
vt 0.3785409927368164 0.0005169999785721
f 341/613/341 994/614/994 995/609/995
vt 0.3777649998664856 0.0005169999785721
f 821/608/821 355/615/355 347/613/347
f 865/609/865 62/608/62 926/613/926
f 474/608/474 1263/610/1263 1264/611/1264
f 261/611/261 374/615/374 254/608/254
vt 0.3777649998664856 0.0002579999854788
f 53/616/53 951/615/951 1222/611/1222
vt 0.3777649998664856 0.0000000000000000
f 327/612/327 326/617/326 1195/616/1195
f 812/611/812 811/612/811 1251/616/1251
vt 0.3783470094203949 0.0002579999854788
vt 0.3785409927368164 0.0002579999854788
f 447/618/447 418/619/418 444/614/444
vt 0.3781529963016510 0.0002579999854788
f 685/613/685 682/620/682 708/618/708
f 473/614/473 451/613/451 431/618/431
f 137/613/137 1158/615/1158 319/616/319
f 790/616/790 854/620/854 853/613/853
vt 0.3781529963016510 0.0001289999927394
f 899/621/899 1232/620/1232 570/616/570
vt 0.3781529963016510 0.0000000000000000
f 163/617/163 162/622/162 161/621/161
f 1429/616/1429 1515/617/1515 1415/621/1415
vt 0.3783470094203949 0.0001289999927394
f 447/619/447 373/618/373 371/623/371
vt 0.3785409927368164 0.0001289999927394
f 533/623/533 1351/624/1351 1337/619/1337
f 423/618/423 378/620/378 234/621/234
f 546/621/546 650/623/650 645/618/645
f 804/623/804 1255/621/1255 805/622/805
vt 0.3783470094203949 0.0000000000000000
f 418/622/418 371/625/371 377/623/377
vt 0.3785409927368164 0.0000650000001770
f 755/626/755 770/624/770 756/623/756
vt 0.3785409927368164 0.0000000000000000
f 906/625/906 57/627/57 270/626/270
f 131/623/131 291/625/291 79/626/79
vt 0.3808690011501312 0.0010339999571443
vt 0.3816449940204620 0.0010339999571443
f 395/628/395 446/629/446 372/605/372
vt 0.3800930082798004 0.0010339999571443
f 163/604/163 393/630/393 162/628/162
f 1062/605/1062 878/604/878 1220/628/1220
vt 0.3793169856071472 0.0010339999571443
f 834/631/834 1109/630/1109 471/604/471
f 284/606/284 256/609/256 255/631/255
f 624/604/624 623/606/623 603/631/603
vt 0.3797050118446350 0.0005169999785721
vt 0.3800930082798004 0.0005169999785721
f 1062/632/1062 278/633/278 878/630/878
vt 0.3793169856071472 0.0005169999785721
f 898/631/898 66/634/66 872/632/872
f 329/630/329 1067/631/1067 307/632/307
vt 0.3789289891719818 0.0005169999785721
f 596/635/596 1131/634/1131 1238/631/1238
f 793/609/793 856/614/856 1049/635/1049
f 147/631/147 329/609/329 123/635/123
vt 0.3791230022907257 0.0002579999854788
vt 0.3793169856071472 0.0002579999854788
f 1006/636/1006 1099/637/1099 463/634/463
vt 0.3789289891719818 0.0002579999854788
f 803/635/803 1025/638/1025 488/636/488
f 439/634/439 210/635/210 465/636/465
vt 0.3787350058555603 0.0002579999854788
f 1135/639/1135 1232/638/1232 1233/635/1233
f 911/614/911 1159/619/1159 138/639/138
f 754/635/754 655/614/655 967/639/967
vt 0.3788320124149323 0.0001289999927394
vt 0.3789289891719818 0.0001289999927394
f 976/640/976 222/641/222 998/638/998
vt 0.3787350058555603 0.0001289999927394
f 276/639/276 103/642/103 279/640/279
f 722/638/722 723/639/723 298/640/298
vt 0.3786379992961884 0.0001289999927394
f 572/643/572 607/642/607 656/639/656
f 1512/619/1512 1434/624/1434 1431/643/1431
f 1296/639/1296 1262/619/1262 1302/643/1302
vt 0.3786379992961884 0.0000650000001770
f 424/642/424 375/643/375 421/644/421
vt 0.3787350058555603 0.0000650000001770
f 399/644/399 445/645/445 448/642/448
f 652/643/652 768/624/768 651/626/651
f 1068/626/1068 941/644/941 1209/643/1209
f 234/644/234 1078/626/1078 877/627/877
vt 0.3786379992961884 0.0000000000000000
f 879/627/879 1069/646/1069 1223/644/1223
vt 0.3787350058555603 0.0000319999999192
f 1222/647/1222 926/645/926 78/644/78
vt 0.3787350058555603 0.0000000000000000
f 705/646/705 1128/648/1128 637/647/637
f 1353/644/1353 6/646/6 1357/647/1357
vt 0.3788799941539764 0.0000650000001770
vt 0.3789289891719818 0.0000650000001770
f 1020/649/1020 1022/650/1022 523/641/523
vt 0.3788320124149323 0.0000650000001770
f 949/640/949 56/651/56 55/649/55
f 1507/641/1507 1506/640/1506 1538/649/1538
vt 0.3787829875946045 0.0000650000001770
f 731/652/731 880/651/880 105/640/105
f 424/642/424 422/645/422 375/652/375
f 190/640/190 194/642/194 401/652/401
vt 0.3787829875946045 0.0000319999999192
f 1083/651/1083 971/652/971 1108/653/1108
vt 0.3788320124149323 0.0000319999999192
f 255/653/255 377/654/377 234/651/234
f 337/652/337 1080/645/1080 347/647/347
f 1293/647/1293 1267/653/1267 1331/652/1331
f 126/653/126 107/647/107 77/648/77
vt 0.3787829875946045 0.0000000000000000
f 400/648/400 740/655/740 484/653/484
vt 0.3788799941539764 0.0000319999999192
f 400/650/400 483/649/483 740/656/740
vt 0.3789289891719818 0.0000319999999192
f 21/656/21 760/657/760 759/650/759
vt 0.3788560032844543 0.0000319999999192
f 42/658/42 43/656/43 1057/649/1057
f 484/651/484 740/654/740 1024/658/1024
f 547/649/547 576/651/576 559/658/559
vt 0.3788560032844543 0.0000159999999596
f 425/656/425 525/658/525 400/659/400
vt 0.3788799941539764 0.0000159999999596
f 1492/659/1492 1500/660/1500 1499/656/1499
vt 0.3788320124149323 0.0000159999999596
f 193/658/193 398/654/398 448/661/448
f 467/661/467 215/659/215 353/658/353
vt 0.3791230022907257 0.0001289999927394
f 293/637/293 1153/636/1153 326/662/326
vt 0.3793169856071472 0.0001289999927394
f 838/662/838 792/663/792 840/637/840
vt 0.3790259957313538 0.0001289999927394
f 585/664/585 667/662/667 1018/636/1018
f 850/638/850 1254/641/1254 835/664/835
f 1040/636/1040 832/638/832 850/664/850
vt 0.3790259957313538 0.0000650000001770
f 970/662/970 1107/664/1107 1106/665/1106
vt 0.3791230022907257 0.0000650000001770
f 1244/665/1244 732/666/732 664/662/664
f 395/664/395 372/641/372 420/650/420
f 425/650/425 191/665/191 376/664/376
vt 0.3797050118446350 0.0002579999854788
f 1382/633/1382 1284/632/1284 1399/667/1399
vt 0.3800930082798004 0.0002579999854788
f 425/667/425 426/668/426 191/633/191
f 156/632/156 177/634/177 155/637/155
f 353/637/353 989/667/989 354/632/354
vt 0.3808690011501312 0.0005169999785721
f 1032/629/1032 593/628/593 678/669/678
vt 0.3816449940204620 0.0005169999785721
f 680/669/680 111/670/111 703/629/703
f 563/628/563 774/630/774 663/633/663
f 1254/633/1254 495/669/495 511/628/511
vt 0.3847489953041077 0.0020679999142885
f 1507/601/1507 1534/600/1534 1434/671/1434
vt 0.3878529965877533 0.0020679999142885
f 918/671/918 69/672/69 1065/601/1065
vt 0.3831970095634460 0.0020679999142885
f 308/673/308 123/671/123 148/600/148
f 1482/602/1482 1481/605/1481 1408/673/1408
f 379/600/379 1102/602/1102 351/673/351
vt 0.3831970095634460 0.0010339999571443
f 323/671/323 900/673/900 1190/674/1190
vt 0.3847489953041077 0.0010339999571443
f 404/674/404 152/675/152 409/671/409
f 1092/673/1092 456/605/456 956/629/956
f 92/629/92 278/674/278 140/673/140
vt 0.3940609991550446 0.0041350000537932
f 308/597/308 403/596/403 147/676/147
vt 0.4002690017223358 0.0041350000537932
f 816/676/816 351/677/351 336/597/336
f 969/596/969 212/598/212 211/601/211
f 484/601/484 1024/676/1024 422/596/422
vt 0.3878529965877533 0.0496179983019829
vt 0.4002690017223358 0.0496179983019829
vt 0.4002690017223358 0.0661529973149300
f 197/678/197 976/679/976 406/680/406
vt 0.3754369914531708 0.0661529973149300
vt 0.3754369914531708 0.0496179983019829
f 424/681/424 421/682/421 379/678/379
f 122/680/122 303/681/303 1163/678/1163
vt 0.3754369914531708 0.0413510017096996
vt 0.3692280054092407 0.0413510017096996
vt 0.3692280054092407 0.0372169986367226
f 1104/683/1104 213/684/213 966/685/966
vt 0.3754369914531708 0.0372169986367226
f 1104/685/1104 966/686/966 968/683/968
vt 0.3630200028419495 0.0413510017096996
vt 0.3630200028419495 0.0372169986367226
f 642/684/642 688/687/688 557/688/557
f 381/688/381 380/685/380 428/684/428
f 568/566/568 1229/565/1229 625/685/625
f 1340/688/1340 1347/568/1347 1355/566/1355
f 913/685/913 939/688/939 1061/566/1061
f 783/686/783 802/685/802 557/565/557
f 1525/565/1525 1510/559/1510 1404/686/1404
vt 0.3878529965877533 0.0413510017096996
f 238/679/238 402/678/402 428/689/428
vt 0.4002690017223358 0.0413510017096996
f 1005/689/1005 845/690/845 17/679/17
f 541/678/541 658/682/658 1139/683/1139
f 1441/683/1441 1503/689/1503 1446/678/1446
f 1230/686/1230 87/559/87 93/554/93
f 1115/689/1115 1351/683/1351 737/686/737
f 1214/554/1214 45/689/45 895/686/895
f 994/690/994 421/689/421 375/554/375
f 1106/554/1106 353/553/353 215/690/215
vt 0.3878529965877533 0.0992209985852242
vt 0.3754369914531708 0.0992209985852242
vt 0.3754369914531708 0.0826869979500771
f 581/691/581 482/692/482 580/693/580
vt 0.4002690017223358 0.0826869979500771
vt 0.4002690017223358 0.0992209985852242
f 966/694/966 211/695/211 212/691/212
f 911/693/911 769/694/769 937/691/937
f 352/694/352 467/693/467 987/681/987
f 1199/681/1199 1219/680/1219 42/694/42
vt 0.4002690017223358 0.1322759985923767
vt 0.3878529965877533 0.1322759985923767
vt 0.3878529965877533 0.1240120008587837
f 983/696/983 230/697/230 253/698/253
vt 0.4002690017223358 0.1240120008587837
f 195/698/195 463/699/463 1098/696/1098
vt 0.3754369914531708 0.1322759985923767
vt 0.3754369914531708 0.1240120008587837
f 901/697/901 902/700/902 876/701/876
f 728/701/728 1494/698/1494 33/697/33
vt 0.3754369914531708 0.1198799982666969
vt 0.3754369914531708 0.1157490015029907
vt 0.3878529965877533 0.1157490015029907
f 741/702/741 379/703/379 1037/704/1037
f 17/698/17 654/701/654 912/702/912
f 741/704/741 1037/698/1037 486/702/486
f 1120/699/1120 743/698/743 1121/704/1121
vt 0.4002690017223358 0.1157490015029907
f 1477/704/1477 1439/705/1439 1438/699/1438
vt 0.3630200028419495 0.1281439960002899
vt 0.3630200028419495 0.1240120008587837
vt 0.3692280054092407 0.1240120008587837
f 542/706/542 815/707/815 803/708/803
f 1366/708/1366 1367/701/1367 1283/700/1283
vt 0.3630200028419495 0.1322759985923767
f 1205/700/1205 896/709/896 1203/706/1203
f 897/706/897 72/708/72 1215/700/1215
vt 0.3599160015583038 0.1219459995627403
vt 0.3630200028419495 0.1219459995627403
f 914/710/914 138/711/138 1062/707/1062
vt 0.3599160015583038 0.1209129989147186
vt 0.3599160015583038 0.1198799982666969
vt 0.3614679872989655 0.1198799982666969
f 1559/712/1559 1452/713/1452 10/714/10
vt 0.3630200028419495 0.1198799982666969
f 329/714/329 307/715/307 148/711/148
f 914/711/914 913/710/913 116/712/116
f 270/712/270 878/714/878 103/711/103
vt 0.3614679872989655 0.1188469976186752
f 81/715/81 133/714/133 270/716/270
vt 0.3630200028419495 0.1188469976186752
f 447/716/447 420/717/420 373/715/373
vt 0.3599160015583038 0.1193640008568764
vt 0.3599160015583038 0.1188469976186752
f 1341/718/1341 1334/719/1334 1357/716/1357
f 276/714/276 104/713/104 80/718/80
f 466/716/466 170/714/170 449/718/449
vt 0.3599160015583038 0.1183310002088547
vt 0.3599160015583038 0.1178139969706535
vt 0.3614679872989655 0.1178139969706535
f 669/720/669 784/721/784 507/722/507
f 642/716/642 802/719/802 815/720/815
f 1027/722/1027 233/716/233 356/720/356
f 755/717/755 655/716/655 770/722/770
vt 0.3630200028419495 0.1178139969706535
f 693/722/693 715/723/715 694/717/694
vt 0.3591400086879730 0.1193640008568764
f 782/724/782 45/718/45 461/713/461
vt 0.3591400086879730 0.1188469976186752
f 576/718/576 560/724/560 545/725/545
f 576/725/576 545/719/545 560/718/560
vt 0.3591400086879730 0.1185889989137650
vt 0.3591400086879730 0.1183310002088547
f 67/726/67 93/727/93 1160/720/1160
f 467/719/467 468/725/468 215/726/215
f 571/720/571 755/719/755 756/726/756
vt 0.3591400086879730 0.1178139969706535
f 976/720/976 363/727/363 406/728/406
f 972/728/972 336/721/336 361/720/361
vt 0.3599160015583038 0.1167820021510124
f 571/722/571 921/721/921 755/729/755
vt 0.3599160015583038 0.1157490015029907
vt 0.3630200028419495 0.1157490015029907
f 13/729/13 650/730/650 25/731/25
f 329/731/329 902/723/902 1067/722/1067
f 848/722/848 993/729/993 1029/731/1029
vt 0.3692280054092407 0.1198799982666969
f 620/701/620 684/708/684 599/732/599
f 167/732/167 256/702/256 284/701/284
vt 0.3661240041255951 0.1198799982666969
f 353/711/353 354/715/354 988/733/988
f 629/733/629 714/732/714 630/708/630
f 529/708/529 1029/707/1029 422/711/422
f 763/711/763 76/733/76 928/708/928
vt 0.3661240041255951 0.1178139969706535
f 542/732/542 689/733/689 711/734/711
vt 0.3692280054092407 0.1178139969706535
f 393/734/393 440/735/440 162/732/162
f 494/717/494 495/723/495 1254/734/1254
f 1099/733/1099 1098/715/1098 463/717/463
f 1123/734/1123 495/733/495 531/717/531
f 976/734/976 998/723/998 363/731/363
vt 0.3661240041255951 0.1157490015029907
f 906/731/906 37/736/37 885/734/885
f 487/735/487 784/734/784 669/736/669
vt 0.3692280054092407 0.1157490015029907
f 730/736/730 34/737/34 1145/735/1145
f 1104/735/1104 986/737/986 213/703/213
f 1104/702/1104 967/732/967 944/735/944
f 571/703/571 541/702/541 876/735/876
vt 0.3692280054092407 0.1116169989109039
f 1276/703/1276 1267/737/1267 1327/738/1327
vt 0.3754369914531708 0.1116169989109039
f 1266/738/1266 1376/739/1376 1304/703/1304
vt 0.3630200028419495 0.1136830002069473
f 21/736/21 759/731/759 579/740/579
vt 0.3630200028419495 0.1116169989109039
f 1139/740/1139 613/741/613 1148/738/1148
f 1039/738/1039 1009/737/1009 848/736/848
f 816/736/816 785/740/785 784/738/784
vt 0.3630200028419495 0.1074849963188171
f 289/738/289 1148/741/1148 1245/742/1245
vt 0.3692280054092407 0.1074849963188171
f 296/742/296 140/743/140 1159/738/1159
f 1429/739/1429 1509/738/1509 1515/743/1515
vt 0.3754369914531708 0.1074849963188171
f 1082/743/1082 345/744/345 344/739/344
vt 0.3599160015583038 0.1136830002069473
f 928/731/928 1442/730/1442 1456/745/1456
f 464/745/464 187/740/187 394/731/394
vt 0.3599160015583038 0.1116169989109039
f 1423/740/1423 1510/745/1510 1511/746/1511
f 526/746/526 487/741/487 669/740/669
vt 0.3630200028419495 0.0992209985852242
f 101/743/101 327/742/327 1196/747/1196
f 310/692/310 120/744/120 125/743/125
f 679/747/679 721/692/721 701/743/701
vt 0.3878529965877533 0.1074849963188171
f 1121/705/1121 743/704/743 528/748/528
vt 0.4002690017223358 0.1074849963188171
f 1010/748/1010 1041/749/1041 851/705/851
f 1311/739/1311 1310/744/1310 1396/748/1396
f 245/704/245 188/703/188 258/739/258
f 214/748/214 468/704/468 467/739/467
f 1104/748/1104 944/744/944 986/692/986
f 627/692/627 643/691/643 657/748/657
f 167/749/167 147/748/147 403/691/403
f 1123/691/1123 496/695/496 511/749/511
vt 0.4002690017223358 0.1652860045433044
vt 0.3878529965877533 0.1652860045433044
vt 0.3878529965877533 0.1570329964160919
f 1418/750/1418 1541/751/1541 1526/752/1526
vt 0.4002690017223358 0.1570329964160919
f 144/752/144 280/753/280 96/750/96
vt 0.3754369914531708 0.1611600071191788
vt 0.3754369914531708 0.1570329964160919
f 587/754/587 486/755/486 526/752/526
vt 0.3754369914531708 0.1652860045433044
f 255/751/255 234/756/234 877/754/877
f 236/752/236 335/751/335 235/754/235
vt 0.3754369914531708 0.1529069989919662
vt 0.3754369914531708 0.1487810015678406
vt 0.3878529965877533 0.1487810015678406
f 1215/757/1215 1232/758/1232 899/759/899
f 1464/752/1464 1463/755/1463 1442/757/1442
f 423/759/423 377/752/377 371/757/371
f 914/753/914 116/752/116 893/759/893
vt 0.4002690017223358 0.1487810015678406
f 642/759/642 557/760/557 802/753/802
vt 0.3692280054092407 0.1652860045433044
vt 0.3692280054092407 0.1611600071191788
f 485/756/485 691/761/691 507/762/507
f 789/762/789 794/754/794 837/756/837
vt 0.3630200028419495 0.1652860045433044
vt 0.3630200028419495 0.1611600071191788
f 860/761/860 932/763/932 1052/764/1052
f 205/764/205 459/762/459 982/761/982
vt 0.3630200028419495 0.1590960025787354
vt 0.3630200028419495 0.1570329964160919
vt 0.3692280054092407 0.1570329964160919
f 39/765/39 900/766/900 323/767/323
f 847/762/847 426/764/426 425/765/425
f 1457/767/1457 1480/762/1480 1466/765/1466
f 90/754/90 653/762/653 1231/767/1231
f 324/767/324 1236/755/1236 1138/754/1138
vt 0.3599160015583038 0.1611600071191788
vt 0.3599160015583038 0.1590960025787354
f 786/764/786 538/768/538 819/769/819
f 331/769/331 929/765/929 1221/764/1221
vt 0.3599160015583038 0.1570329964160919
f 449/765/449 191/769/191 426/770/426
f 587/770/587 831/766/831 486/765/486
vt 0.3599160015583038 0.1549700051546097
f 1010/766/1010 788/770/788 1041/771/1041
vt 0.3630200028419495 0.1549700051546097
f 307/771/307 922/772/922 1199/766/1199
vt 0.3599160015583038 0.1529069989919662
f 832/772/832 1254/771/1254 850/773/850
vt 0.3630200028419495 0.1529069989919662
f 235/773/235 448/774/448 445/772/445
vt 0.3692280054092407 0.1529069989919662
f 352/755/352 991/767/991 338/775/338
f 814/775/814 1118/757/1118 1005/755/1005
f 1141/772/1141 1243/774/1243 1144/775/1144
f 1168/767/1168 124/766/124 1067/772/1067
f 367/775/367 414/767/414 413/772/413
vt 0.3630200028419495 0.1487810015678406
f 467/775/467 354/774/354 362/776/362
vt 0.3692280054092407 0.1487810015678406
f 119/776/119 143/777/143 302/775/302
f 101/757/101 1196/775/1196 100/777/100
f 378/777/378 1078/758/1078 234/757/234
vt 0.3630200028419495 0.1405290067195892
f 691/777/691 643/776/643 690/778/690
vt 0.3754369914531708 0.1405290067195892
f 1450/779/1450 1559/758/1559 9/777/9
f 756/778/756 657/779/657 658/777/658
f 369/779/369 230/778/230 983/709/983
f 466/709/466 192/700/192 170/779/170
f 62/697/62 868/759/868 1058/779/1058
f 439/759/439 465/758/465 462/779/462
f 691/779/691 491/700/491 712/697/712
f 154/697/154 178/696/178 226/760/226
f 1214/760/1214 895/759/895 1218/697/1218
vt 0.4002690017223358 0.1982900053262711
vt 0.3878529965877533 0.1982900053262711
vt 0.3878529965877533 0.1900389939546585
f 1523/780/1523 1536/781/1536 1524/782/1524
vt 0.4002690017223358 0.1900389939546585
f 485/782/485 507/783/507 846/780/846
vt 0.3754369914531708 0.1941650062799454
vt 0.3754369914531708 0.1900389939546585
f 285/784/285 1168/785/1168 901/782/901
vt 0.3754369914531708 0.1982900053262711
f 456/781/456 354/786/354 989/784/989
f 381/782/381 450/781/450 427/784/427
vt 0.3754369914531708 0.1859139949083328
vt 0.3754369914531708 0.1817879974842072
vt 0.3878529965877533 0.1817879974842072
f 227/787/227 434/788/434 179/789/179
f 622/782/622 621/785/621 1117/787/1117
f 1014/789/1014 824/782/824 1012/787/1012
f 499/783/499 514/782/514 500/789/500
vt 0.4002690017223358 0.1817879974842072
f 340/789/340 459/790/459 959/783/959
vt 0.3692280054092407 0.1982900053262711
vt 0.3692280054092407 0.1941650062799454
f 542/786/542 803/791/803 588/792/588
f 342/792/342 358/784/358 1081/786/1081
vt 0.3630200028419495 0.1982900053262711
vt 0.3630200028419495 0.1941650062799454
f 1289/791/1289 1333/793/1333 1342/794/1342
f 449/794/449 170/792/170 191/791/191
vt 0.3630200028419495 0.1921020001173019
vt 0.3630200028419495 0.1900389939546585
vt 0.3692280054092407 0.1900389939546585
f 247/795/247 254/796/254 166/797/166
f 1062/792/1062 1220/794/1220 47/795/47
f 572/797/572 688/792/688 607/795/607
f 283/784/283 327/792/327 1195/797/1195
f 845/797/845 654/785/654 17/784/17
vt 0.3568120002746582 0.1941650062799454
vt 0.3599160015583038 0.1941650062799454
f 742/798/742 527/799/527 489/793/489
f 279/799/279 103/794/103 278/793/278
vt 0.3568120002746582 0.1910710036754608
vt 0.3564240038394928 0.1910710036754608
vt 0.3564240038394928 0.1908130049705505
f 1193/800/1193 325/801/325 1161/802/1161
vt 0.3568120002746582 0.1908130049705505
f 404/802/404 1150/803/1150 309/800/309
vt 0.3564240038394928 0.1905550062656403
f 121/803/121 306/802/306 146/804/146
vt 0.3568120002746582 0.1905550062656403
f 1274/804/1274 1362/805/1362 1384/803/1384
vt 0.3599160015583038 0.1921020001173019
f 1274/794/1274 1391/799/1391 1273/806/1273
f 219/806/219 974/795/974 997/794/997
vt 0.3568120002746582 0.1931329965591431
vt 0.3568120002746582 0.1921020001173019
vt 0.3583639860153198 0.1921020001173019
f 975/807/975 219/808/219 451/809/451
f 447/809/447 371/806/371 418/799/418
f 8/799/8 1288/798/1288 1285/807/1285
f 190/807/190 401/809/401 396/799/396
vt 0.3583639860153198 0.1910710036754608
f 787/806/787 834/809/834 643/810/643
vt 0.3599160015583038 0.1910710036754608
f 656/810/656 607/811/607 770/806/770
vt 0.3568120002746582 0.1915860027074814
vt 0.3575879931449890 0.1910710036754608
f 668/812/668 1020/800/1020 523/813/523
f 67/813/67 1160/810/1160 915/809/915
f 67/809/67 94/808/94 93/812/93
f 970/812/970 468/813/468 969/809/969
vt 0.3575879931449890 0.1905550062656403
f 542/810/542 588/813/588 689/814/689
vt 0.3583639860153198 0.1905550062656403
f 882/814/882 23/815/23 1225/810/1225
f 351/803/351 1102/805/1102 168/814/168
f 284/813/284 255/800/255 902/803/902
f 821/814/821 820/813/820 1027/803/1027
vt 0.3568120002746582 0.1900389939546585
f 53/814/53 947/805/947 952/816/952
vt 0.3575879931449890 0.1900389939546585
f 529/816/529 1008/817/1008 849/814/849
f 391/815/391 210/814/210 439/817/439
vt 0.3583639860153198 0.1900389939546585
f 1222/817/1222 951/818/951 926/815/926
vt 0.3599160015583038 0.1900389939546585
f 274/815/274 84/818/84 272/819/272
f 1154/811/1154 1182/810/1182 274/815/274
f 274/819/274 86/811/86 112/815/112
f 572/811/572 754/819/754 783/796/783
f 1013/795/1013 675/806/675 1031/811/1031
f 15/796/15 767/795/767 766/811/766
vt 0.3599160015583038 0.1890079975128174
vt 0.3599160015583038 0.1879760026931763
vt 0.3630200028419495 0.1879760026931763
f 553/820/553 933/821/933 750/822/750
f 1233/796/1233 1232/819/1232 1134/820/1134
f 303/822/303 1066/796/1066 51/820/51
vt 0.3583639860153198 0.1890079975128174
f 63/819/63 62/818/62 865/823/865
f 642/823/642 711/820/711 688/819/688
vt 0.3568120002746582 0.1890079975128174
f 216/817/216 469/816/469 397/824/397
f 1103/823/1103 192/818/192 212/817/212
f 1096/824/1096 961/823/961 460/817/460
vt 0.3568120002746582 0.1879760026931763
f 541/823/541 1139/824/1139 285/825/285
vt 0.3583639860153198 0.1879760026931763
f 89/825/89 300/826/300 1193/823/1193
f 240/820/240 252/823/252 102/826/102
f 944/826/944 921/821/921 1078/820/1078
vt 0.3568120002746582 0.1859139949083328
f 1372/826/1372 1335/825/1335 1346/827/1346
vt 0.3599160015583038 0.1859139949083328
f 1476/828/1476 1468/821/1468 1457/826/1457
f 447/827/447 444/828/444 395/826/395
f 318/822/318 1187/821/1187 1184/828/1184
vt 0.3630200028419495 0.1859139949083328
f 121/828/121 1163/829/1163 1167/822/1167
vt 0.3630200028419495 0.1817879974842072
f 790/830/790 836/829/836 837/828/837
f 124/828/124 1171/827/1171 952/830/952
vt 0.3692280054092407 0.1859139949083328
f 217/785/217 1074/797/1074 332/831/332
f 400/831/400 484/787/484 1025/785/1025
f 342/822/342 343/829/343 217/831/217
f 538/797/538 769/796/769 16/822/16
f 316/831/316 272/797/272 84/822/84
f 1121/831/1121 483/829/483 527/830/527
vt 0.3692280054092407 0.1817879974842072
f 549/830/549 551/832/551 1462/831/1462
f 19/787/19 543/831/543 659/832/659
f 803/832/803 488/788/488 831/787/831
vt 0.3692280054092407 0.1776620000600815
f 289/788/289 1245/832/1245 150/833/150
vt 0.3754369914531708 0.1776620000600815
f 944/833/944 1078/834/1078 986/788/986
vt 0.3630200028419495 0.1797250062227249
vt 0.3630200028419495 0.1776620000600815
f 656/835/656 770/836/770 655/833/655
f 275/832/275 1193/830/1193 1161/835/1161
f 507/833/507 691/832/691 690/835/690
vt 0.3630200028419495 0.1756000071763992
vt 0.3630200028419495 0.1735370010137558
vt 0.3692280054092407 0.1735370010137558
f 748/837/748 807/838/807 839/839/839
f 92/833/92 1187/836/1187 279/837/279
f 339/839/339 233/833/233 169/837/169
f 95/834/95 93/833/93 94/839/94
vt 0.3754369914531708 0.1735370010137558
f 597/839/597 323/840/323 1228/834/1228
vt 0.3599160015583038 0.1817879974842072
vt 0.3599160015583038 0.1797250062227249
f 1020/830/1020 643/841/643 1116/842/1116
f 124/842/124 952/835/952 947/830/947
vt 0.3568120002746582 0.1797250062227249
vt 0.3583639860153198 0.1797250062227249
f 745/843/745 674/844/674 498/841/498
f 111/844/111 1053/842/1053 1152/841/1152
vt 0.3583639860153198 0.1786939948797226
f 1271/842/1271 1409/844/1409 1414/845/1414
vt 0.3599160015583038 0.1786939948797226
f 446/845/446 166/846/166 254/842/254
f 803/845/803 815/844/815 1025/843/1025
vt 0.3568120002746582 0.1776620000600815
vt 0.3575879931449890 0.1776620000600815
f 654/847/654 870/848/870 912/845/912
vt 0.3583639860153198 0.1776620000600815
f 1088/848/1088 810/849/810 1249/845/1249
f 1088/846/1088 953/845/953 332/849/332
vt 0.3599160015583038 0.1776620000600815
f 1198/849/1198 1218/850/1218 100/846/100
f 160/846/160 208/850/208 253/836/253
f 1122/835/1122 481/842/481 781/846/781
f 474/836/474 432/835/432 974/846/974
vt 0.3599160015583038 0.1766310036182404
vt 0.3599160015583038 0.1756000071763992
f 560/851/560 577/852/577 561/837/561
f 420/836/420 419/850/419 373/851/373
f 379/837/379 421/836/421 397/851/397
vt 0.3583639860153198 0.1771470010280609
vt 0.3583639860153198 0.1766310036182404
f 329/853/329 284/854/284 902/851/902
f 1519/850/1519 1422/849/1422 1414/853/1414
f 1077/851/1077 965/850/965 165/853/165
vt 0.3575879931449890 0.1771470010280609
f 42/849/42 1058/848/1058 43/855/43
f 295/855/295 104/853/104 318/849/318
vt 0.3571999967098236 0.1771470010280609
vt 0.3571999967098236 0.1768890023231506
f 1158/855/1158 115/856/115 295/857/295
vt 0.3575879931449890 0.1768890023231506
f 337/857/337 340/858/340 1080/855/1080
vt 0.3568120002746582 0.1771470010280609
f 1533/857/1533 1411/856/1411 1550/859/1550
vt 0.3571999967098236 0.1766310036182404
f 1172/858/1172 731/857/731 105/860/105
vt 0.3575879931449890 0.1766310036182404
f 239/860/239 427/861/427 450/858/450
f 146/858/146 306/861/306 101/854/101
f 1037/853/1037 351/855/351 816/858/816
f 339/854/339 169/853/169 1103/858/1103
vt 0.3575879931449890 0.1763730049133301
vt 0.3575879931449890 0.1761150062084198
vt 0.3583639860153198 0.1761150062084198
f 970/862/970 969/863/969 211/864/211
f 808/854/808 794/861/794 499/862/499
f 275/864/275 1161/854/1161 299/862/299
vt 0.3571999967098236 0.1765020042657852
vt 0.3571999967098236 0.1763730049133301
f 540/865/540 556/866/556 88/862/88
f 1006/861/1006 963/860/963 1099/865/1099
f 474/862/474 974/861/974 219/865/219
vt 0.3570060133934021 0.1766310036182404
vt 0.3570060133934021 0.1765020042657852
f 1183/860/1183 275/867/275 299/868/299
f 1364/868/1364 1268/865/1268 1328/860/1328
vt 0.3570060133934021 0.1763730049133301
f 815/865/815 1007/868/1007 1025/869/1025
f 334/869/334 983/866/983 208/865/208
vt 0.3571999967098236 0.1761150062084198
f 1226/862/1226 611/866/611 1128/870/1128
f 893/870/893 16/863/16 911/862/911
vt 0.3575879931449890 0.1756000071763992
f 395/864/395 166/863/166 446/871/446
vt 0.3583639860153198 0.1756000071763992
f 419/871/419 371/872/371 373/864/373
f 586/864/586 643/872/643 668/852/668
f 643/851/643 649/854/649 552/864/552
f 1544/852/1544 1556/851/1556 1537/864/1537
vt 0.3583639860153198 0.1745679974555969
f 668/852/668 643/872/643 1020/873/1020
vt 0.3599160015583038 0.1745679974555969
f 964/873/964 161/874/161 1100/852/1100
vt 0.3583639860153198 0.1735370010137558
f 494/874/494 1254/873/1254 832/875/832
vt 0.3599160015583038 0.1735370010137558
f 307/875/307 286/876/286 148/874/148
f 50/874/50 1165/876/1165 940/838/940
f 441/837/441 392/852/392 440/874/440
f 1393/838/1393 1304/837/1304 1373/874/1373
vt 0.3599160015583038 0.1714739948511124
f 529/838/529 1024/876/1024 1028/877/1028
vt 0.3630200028419495 0.1714739948511124
f 974/877/974 432/878/432 472/838/472
vt 0.3599160015583038 0.1694110035896301
f 263/878/263 180/877/180 387/879/387
vt 0.3630200028419495 0.1694110035896301
f 612/879/612 718/880/718 311/878/311
vt 0.3692280054092407 0.1694110035896301
f 688/840/688 643/839/643 607/881/607
vt 0.3754369914531708 0.1694110035896301
f 443/881/443 390/882/390 441/840/441
f 994/878/994 375/880/375 359/881/359
f 1185/839/1185 1159/838/1159 911/878/911
f 167/881/167 284/839/284 147/878/147
f 784/881/784 785/880/785 846/763/846
f 1100/763/1100 161/761/161 185/881/185
f 56/882/56 758/881/758 660/761/660
f 128/761/128 882/756/882 1225/882/1225
vt 0.3878529965877533 0.1735370010137558
f 845/790/845 539/789/539 654/883/654
vt 0.4002690017223358 0.1735370010137558
f 540/883/540 869/884/869 894/790/894
f 901/834/901 1067/840/1067 902/883/902
f 693/789/693 629/788/629 630/834/630
f 192/883/192 966/789/966 212/834/212
f 1253/882/1253 996/756/996 833/751/833
f 1522/883/1522 1528/840/1528 1427/882/1427
f 1104/751/1104 968/883/968 967/882/967
f 961/884/961 982/883/982 957/751/957
f 847/751/847 449/750/449 426/884/426
vt 0.4002690017223358 0.2312940061092377
vt 0.3878529965877533 0.2312940061092377
vt 0.3878529965877533 0.2230429947376251
f 684/885/684 25/886/25 1247/887/1247
vt 0.4002690017223358 0.2230429947376251
f 1076/887/1076 999/888/999 962/885/962
vt 0.3754369914531708 0.2312940061092377
vt 0.3754369914531708 0.2230429947376251
f 1039/886/1039 1008/889/1008 818/890/818
f 372/890/372 446/887/446 254/886/254
vt 0.3754369914531708 0.2189179956912994
vt 0.3754369914531708 0.2147919982671738
vt 0.3878529965877533 0.2147919982671738
f 420/891/420 254/892/254 374/893/374
f 190/887/190 168/890/168 171/891/171
f 467/893/467 353/887/353 988/891/988
f 342/888/342 1081/887/1081 343/893/343
vt 0.4002690017223358 0.2147919982671738
f 305/893/305 1197/894/1197 1166/888/1166
vt 0.3630200028419495 0.2271690070629120
vt 0.3630200028419495 0.2230429947376251
vt 0.3692280054092407 0.2230429947376251
f 466/895/466 449/896/449 985/897/985
f 484/897/484 422/890/422 424/889/424
vt 0.3630200028419495 0.2312940061092377
f 993/889/993 422/898/422 1029/895/1029
f 383/895/383 473/897/473 431/889/431
vt 0.3568120002746582 0.2312940061092377
vt 0.3568120002746582 0.2271690070629120
f 488/898/488 741/899/741 831/900/831
f 231/900/231 253/895/253 230/898/230
vt 0.3568120002746582 0.2251060009002686
vt 0.3568120002746582 0.2230429947376251
vt 0.3599160015583038 0.2230429947376251
f 231/901/231 252/902/252 416/903/416
f 623/903/623 739/896/739 603/895/603
f 68/895/68 873/900/873 97/901/97
f 1062/901/1062 47/903/47 913/895/913
vt 0.3599160015583038 0.2209810018539429
f 847/896/847 425/903/425 1007/904/1007
vt 0.3630200028419495 0.2209810018539429
f 540/904/540 88/905/88 869/896/869
vt 0.3568120002746582 0.2220119982957840
vt 0.3568120002746582 0.2209810018539429
vt 0.3583639860153198 0.2209810018539429
f 404/906/404 136/907/136 239/908/239
f 859/908/859 827/904/827 1015/903/1015
f 1491/903/1491 1449/902/1449 1492/906/1492
f 144/906/144 281/908/281 117/903/117
vt 0.3583639860153198 0.2199490070343018
f 359/904/359 993/908/993 358/909/358
vt 0.3599160015583038 0.2199490070343018
f 707/909/707 768/910/768 684/904/684
vt 0.3568120002746582 0.2204650044441223
vt 0.3568120002746582 0.2199490070343018
f 372/911/372 254/912/254 420/909/420
f 195/908/195 462/907/462 465/911/465
f 1068/909/1068 1209/908/1209 863/911/863
vt 0.3568120002746582 0.2194339931011200
vt 0.3568120002746582 0.2189179956912994
vt 0.3583639860153198 0.2189179956912994
f 876/913/876 902/914/902 877/915/877
f 550/909/550 562/912/562 543/913/543
f 724/915/724 689/909/689 587/913/587
f 924/910/924 1070/909/1070 949/915/949
vt 0.3599160015583038 0.2189179956912994
f 145/915/145 304/916/304 942/910/942
vt 0.3630200028419495 0.2189179956912994
f 1484/910/1484 1545/916/1545 1512/917/1512
f 257/905/257 419/904/419 374/910/374
f 1080/917/1080 992/905/992 347/910/347
vt 0.3552600145339966 0.2220119982957840
f 918/918/918 1065/906/1065 916/902/916
vt 0.3560360074043274 0.2209810018539429
vt 0.3560360074043274 0.2204650044441223
f 9/907/9 1559/919/1559 10/920/10
f 1154/920/1154 112/911/112 294/907/294
vt 0.3552600145339966 0.2209810018539429
f 1126/920/1126 748/919/748 1127/921/1127
vt 0.3560360074043274 0.2199490070343018
f 848/911/848 358/920/358 993/922/993
f 144/922/144 96/912/96 281/911/281
vt 0.3560360074043274 0.2196909934282303
vt 0.3560360074043274 0.2194339931011200
f 405/923/405 266/924/266 430/913/430
f 13/912/13 25/922/25 684/923/684
f 1322/913/1322 1271/912/1271 1327/923/1327
vt 0.3556480109691620 0.2199490070343018
vt 0.3556480109691620 0.2196909934282303
f 522/922/522 1118/925/1118 1119/926/1119
f 1070/926/1070 771/923/771 758/922/758
vt 0.3552600145339966 0.2196909934282303
f 1005/927/1005 17/926/17 782/925/782
vt 0.3552600145339966 0.2195619940757751
vt 0.3552600145339966 0.2194339931011200
vt 0.3556480109691620 0.2194339931011200
f 1120/928/1120 527/929/527 742/930/742
f 492/926/492 1026/927/1026 820/928/820
f 160/930/160 187/926/187 464/928/464
f 187/923/187 164/926/164 394/930/394
f 588/930/588 587/924/587 689/923/689
vt 0.3552600145339966 0.2191759943962097
f 1524/930/1524 1536/929/1536 1530/931/1530
vt 0.3552600145339966 0.2189179956912994
vt 0.3560360074043274 0.2189179956912994
f 807/931/807 497/932/497 513/933/513
f 195/933/195 465/924/465 1101/930/1101
f 195/930/195 1101/931/1101 465/933/465
f 1103/913/1103 169/924/169 170/933/170
f 228/933/228 1085/914/1085 249/913/249
vt 0.3552600145339966 0.2184019982814789
f 534/933/534 1015/932/1015 593/934/593
vt 0.3552600145339966 0.2178860008716583
vt 0.3568120002746582 0.2178860008716583
f 225/934/225 411/935/411 248/936/248
f 383/936/383 431/914/431 264/933/264
f 167/933/167 444/934/444 256/936/256
vt 0.3568120002746582 0.2168550044298172
f 318/937/318 1157/936/1157 1186/935/1186
vt 0.3599160015583038 0.2168550044298172
f 419/917/419 445/916/445 371/938/371
vt 0.3630200028419495 0.2168550044298172
f 420/938/420 374/939/374 419/917/419
f 542/915/542 711/914/711 642/936/642
f 1151/936/1151 286/937/286 1199/938/1199
f 1103/938/1103 170/916/170 192/915/192
f 704/915/704 681/936/681 1560/938/1560
vt 0.3583639860153198 0.2147919982671738
vt 0.3599160015583038 0.2147919982671738
f 588/940/588 803/941/803 831/938/831
vt 0.3568120002746582 0.2147919982671738
f 1313/937/1313 1308/942/1308 1321/940/1321
f 245/938/245 224/937/224 176/940/176
f 1217/939/1217 896/938/896 898/941/898
vt 0.3630200028419495 0.2147919982671738
f 255/941/255 877/943/877 902/939/902
vt 0.3692280054092407 0.2189179956912994
f 571/890/571 876/897/876 921/944/921
f 692/944/692 1139/891/1139 658/890/658
f 67/905/67 915/917/915 872/944/872
f 738/897/738 737/896/737 1114/905/1114
f 1059/944/1059 871/897/871 912/905/912
vt 0.3692280054092407 0.2147919982671738
f 488/939/488 1025/943/1025 484/945/484
f 1250/944/1250 780/917/780 207/939/207
f 783/945/783 754/944/754 985/939/985
f 539/891/539 569/944/569 540/945/540
f 920/945/920 1059/892/1059 1066/891/1066
vt 0.3692280054092407 0.2106669992208481
f 378/892/378 986/945/986 1078/946/1078
vt 0.3754369914531708 0.2106669992208481
f 378/946/378 448/947/448 213/892/213
vt 0.3630200028419495 0.2127300053834915
vt 0.3630200028419495 0.2106669992208481
f 256/948/256 377/949/377 255/946/255
f 1402/945/1402 1427/943/1427 1539/948/1539
f 859/946/859 1015/945/1015 534/948/534
vt 0.3630200028419495 0.2086039930582047
vt 0.3630200028419495 0.2065410017967224
vt 0.3692280054092407 0.2065410017967224
f 566/950/566 767/951/767 752/952/752
f 686/946/686 723/949/723 1137/950/1137
f 1076/952/1076 998/946/998 364/950/364
f 1435/947/1435 1295/946/1295 1303/952/1303
vt 0.3754369914531708 0.2065410017967224
f 345/952/345 260/953/260 171/947/171
vt 0.3599160015583038 0.2137610018253326
vt 0.3599160015583038 0.2127300053834915
f 780/954/780 779/955/779 1049/948/1049
f 399/943/399 448/941/448 378/954/378
f 938/948/938 44/943/44 301/954/301
vt 0.3583639860153198 0.2137610018253326
f 352/941/352 357/940/357 991/956/991
f 1124/956/1124 745/954/745 496/941/496
vt 0.3568120002746582 0.2137610018253326
f 541/940/541 285/942/285 901/957/901
f 893/957/893 87/956/87 641/940/641
vt 0.3568120002746582 0.2132450044155121
vt 0.3568120002746582 0.2127300053834915
vt 0.3583639860153198 0.2127300053834915
f 787/958/787 973/959/973 1109/960/1109
f 352/956/352 987/957/987 357/958/357
f 219/960/219 997/956/997 996/958/996
f 720/954/720 682/956/682 706/960/706
f 1491/960/1491 1492/955/1492 1448/954/1448
vt 0.3583639860153198 0.2116979956626892
f 376/955/376 1026/960/1026 232/961/232
vt 0.3599160015583038 0.2116979956626892
f 1120/961/1120 742/962/742 509/955/509
vt 0.3568120002746582 0.2122139930725098
vt 0.3568120002746582 0.2116979956626892
f 1120/963/1120 1121/964/1121 527/961/527
f 305/960/305 326/959/326 1197/963/1197
f 1355/961/1355 1347/960/1347 1356/963/1356
vt 0.3568120002746582 0.2106669992208481
f 837/961/837 808/964/808 1016/965/1016
vt 0.3583639860153198 0.2106669992208481
f 509/965/509 489/966/489 493/961/493
f 938/962/938 51/961/51 1059/966/1059
vt 0.3599160015583038 0.2106669992208481
f 1105/966/1105 1103/967/1103 212/962/212
f 857/962/857 1046/967/1046 1344/949/1344
f 1352/948/1352 1334/955/1334 1333/962/1333
f 1162/949/1162 119/948/119 118/962/118
vt 0.3560360074043274 0.2137610018253326
vt 0.3560360074043274 0.2132450044155121
f 1198/957/1198 100/968/100 283/969/283
f 1152/969/1152 934/958/934 39/957/39
vt 0.3560360074043274 0.2127300053834915
f 1475/958/1475 1494/969/1494 1502/970/1502
f 158/970/158 228/959/228 249/958/249
vt 0.3560360074043274 0.2122139930725098
f 237/959/237 417/970/417 259/971/259
f 780/971/780 828/963/828 207/959/207
vt 0.3560360074043274 0.2116979956626892
f 167/963/167 403/971/403 189/972/189
f 1489/972/1489 1559/964/1559 1472/963/1472
vt 0.3599160015583038 0.2086039930582047
f 520/949/520 584/967/584 1018/973/1018
f 1169/973/1169 310/950/310 83/949/83
vt 0.3568120002746582 0.2086039930582047
f 671/966/671 670/965/670 589/974/589
f 588/973/588 831/967/831 587/966/587
f 672/974/672 538/973/538 1030/966/1030
vt 0.3568120002746582 0.2065410017967224
f 77/973/77 649/974/649 882/975/882
vt 0.3599160015583038 0.2065410017967224
f 101/975/101 306/976/306 327/973/327
f 528/950/528 590/973/590 670/976/670
f 848/976/848 1029/951/1029 1038/950/1038
vt 0.3599160015583038 0.2044789940118790
f 1132/951/1132 28/976/28 721/977/721
vt 0.3630200028419495 0.2044789940118790
f 63/977/63 865/978/865 1212/951/1212
vt 0.3568120002746582 0.2055100053548813
vt 0.3568120002746582 0.2044789940118790
f 216/979/216 421/980/421 341/977/341
f 686/976/686 298/975/298 723/979/723
f 686/977/686 606/976/606 710/979/710
vt 0.3568120002746582 0.2024160027503967
f 798/977/798 842/980/842 797/981/797
vt 0.3599160015583038 0.2024160027503967
f 89/981/89 1193/982/1193 275/977/275
f 147/978/147 284/977/284 329/982/329
vt 0.3630200028419495 0.2024160027503967
f 470/982/470 984/983/984 360/978/360
f 492/793/492 489/983/489 1026/982/1026
f 1455/982/1455 1479/981/1479 1436/793/1436
vt 0.3692280054092407 0.2024160027503967
f 619/953/619 1239/952/1239 598/984/598
vt 0.3754369914531708 0.2024160027503967
f 1121/984/1121 528/985/528 483/953/483
f 522/978/522 586/983/586 1118/984/1118
f 1021/952/1021 522/951/522 506/978/506
f 345/984/345 171/952/171 971/978/971
f 334/984/334 208/983/208 963/793/963
f 818/793/818 809/791/809 1001/984/1001
f 818/985/818 1008/984/1008 817/791/817
f 755/791/755 921/786/921 944/985/944
vt 0.3878529965877533 0.2065410017967224
f 844/894/844 1033/893/1033 813/986/813
vt 0.4002690017223358 0.2065410017967224
f 823/986/823 851/987/851 1011/894/1011
f 287/947/287 1153/953/1153 135/986/135
f 1164/893/1164 304/892/304 303/947/303
f 1498/986/1498 1490/893/1490 1561/947/1561
f 87/985/87 1160/786/1160 93/781/93
f 599/986/599 1247/953/1247 1129/985/1129
f 238/781/238 380/986/380 258/985/258
f 1484/987/1484 1417/986/1417 1545/781/1545
f 823/781/823 1253/780/1253 643/987/643
vt 0.4002690017223358 0.2643080055713654
vt 0.3754369914531708 0.2643080055713654
vt 0.3754369914531708 0.2478010058403015
f 1081/988/1081 358/989/358 1009/990/1009
vt 0.4002690017223358 0.2478010058403015
f 1120/990/1120 744/991/744 508/988/508
vt 0.3630200028419495 0.2478010058403015
vt 0.3630200028419495 0.2395479977130890
f 1393/990/1393 1373/992/1373 1387/993/1387
vt 0.3754369914531708 0.2395479977130890
f 971/993/971 171/994/171 168/990/168
f 849/994/849 1038/993/1038 1029/898/1029
f 1222/898/1222 78/889/78 903/994/903
f 167/994/167 189/889/189 444/886/444
f 216/886/216 470/885/470 360/991/360
f 1124/991/1124 1123/990/1123 243/994/243
f 235/994/235 445/886/445 419/991/419
vt 0.3754369914531708 0.2890900075435638
vt 0.3754369914531708 0.2808290123939514
vt 0.4002690017223358 0.2808290123939514
f 529/995/529 849/996/849 1029/997/1029
vt 0.4002690017223358 0.2973510026931763
vt 0.3754369914531708 0.2973510026931763
f 241/998/241 218/999/218 471/995/471
f 216/997/216 397/998/397 421/995/421
vt 0.3630200028419495 0.2932200133800507
vt 0.3630200028419495 0.2890900075435638
f 196/1000/196 745/1001/745 512/995/512
vt 0.3630200028419495 0.2973510026931763
f 405/999/405 673/1002/673 532/1000/532
f 911/995/911 16/999/16 769/1000/769
vt 0.3568120002746582 0.2952849864959717
vt 0.3568120002746582 0.2932200133800507
f 485/1003/485 491/1004/491 691/1000/691
vt 0.3568120002746582 0.2973510026931763
f 666/1002/666 584/1005/584 1017/1003/1017
f 563/1000/563 663/1002/663 664/1003/664
vt 0.3537079989910126 0.2973510026931763
vt 0.3537079989910126 0.2952849864959717
f 90/1005/90 88/1006/88 556/1007/556
f 627/1007/627 770/1003/770 607/1005/607
vt 0.3537079989910126 0.2932200133800507
f 838/1003/838 1257/1007/1257 806/1008/806
f 736/1008/736 480/1004/480 521/1003/521
vt 0.3568120002746582 0.2890900075435638
f 1010/1000/1010 823/1004/823 643/1009/643
f 628/1009/628 1237/1001/1237 643/1000/643
vt 0.3630200028419495 0.2808290123939514
f 345/995/345 971/1001/971 1083/1010/1083
f 1199/1010/1199 922/996/922 1219/995/1219
f 1474/997/1474 1502/996/1502 1503/989/1503
f 1560/989/1560 11/988/11 12/997/12
vt 0.3754369914531708 0.3221530020236969
vt 0.3754369914531708 0.3138859868049622
vt 0.4002690017223358 0.3138859868049622
f 1177/1011/1177 79/1012/79 267/1013/267
vt 0.4002690017223358 0.3304210007190704
vt 0.3754369914531708 0.3304210007190704
f 1108/1014/1108 168/1015/168 1102/1011/1102
f 122/1013/122 121/1014/121 146/1011/146
vt 0.3630200028419495 0.3262870013713837
vt 0.3630200028419495 0.3221530020236969
f 921/1016/921 877/1017/877 1078/1011/1078
vt 0.3630200028419495 0.3304210007190704
f 20/1015/20 646/1018/646 545/1016/545
f 20/1011/20 545/1015/545 646/1016/646
vt 0.3568120002746582 0.3283540010452271
vt 0.3568120002746582 0.3262870013713837
f 245/1019/245 258/1020/258 224/1016/224
vt 0.3568120002746582 0.3304210007190704
f 258/1018/258 380/1021/380 259/1019/259
f 1216/1016/1216 66/1018/66 897/1019/897
vt 0.3537079989910126 0.3304210007190704
vt 0.3537079989910126 0.3283540010452271
f 1056/1021/1056 1054/1022/1054 908/1023/908
f 287/1023/287 102/1019/102 283/1021/283
vt 0.3537079989910126 0.3262870013713837
f 1164/1019/1164 942/1023/942 304/1024/304
f 401/1024/401 194/1020/194 259/1019/259
vt 0.3568120002746582 0.3221530020236969
f 1133/1016/1133 640/1020/640 641/1025/641
f 746/1025/746 1126/1017/1126 794/1016/794
vt 0.3630200028419495 0.3138859868049622
f 1079/1011/1079 347/1017/347 355/1026/355
f 966/1026/966 213/1012/213 211/1011/211
vt 0.3630200028419495 0.3097519874572754
vt 0.3630200028419495 0.3056179881095886
vt 0.3754369914531708 0.3056179881095886
f 762/1027/762 695/1028/695 713/1029/713
f 890/1012/890 950/1026/950 56/1027/56
f 688/1029/688 711/1012/711 643/1027/643
vt 0.3568120002746582 0.3138859868049622
vt 0.3568120002746582 0.3097519874572754
f 190/1026/190 171/1030/171 194/1031/194
f 158/1031/158 162/1027/162 250/1026/250
vt 0.3568120002746582 0.3056179881095886
f 851/1027/851 430/1031/430 264/1032/264
f 815/1032/815 802/1028/802 1007/1027/1007
vt 0.3568120002746582 0.3035509884357452
vt 0.3568120002746582 0.3014839887619019
vt 0.3630200028419495 0.3014839887619019
f 488/1033/488 424/1034/424 741/1035/741
f 233/1028/233 170/1032/170 169/1033/169
f 194/1035/194 237/1028/237 259/1033/259
vt 0.3537079989910126 0.3056179881095886
vt 0.3537079989910126 0.3035509884357452
f 171/1032/171 260/1036/260 237/1037/237
f 508/1037/508 490/1033/490 743/1032/743
vt 0.3537079989910126 0.3014839887619019
f 102/1033/102 252/1037/252 369/1038/369
f 814/1038/814 1036/1034/1036 801/1033/801
vt 0.3537079989910126 0.3004510104656219
vt 0.3537079989910126 0.2994169890880585
vt 0.3568120002746582 0.2994169890880585
f 512/1039/512 1125/1040/1125 673/1041/673
f 807/1034/807 675/1038/675 1258/1039/1258
f 833/1041/833 997/1034/997 973/1039/973
vt 0.3537079989910126 0.2983840107917786
f 1082/1042/1082 237/1006/237 260/1005/260
f 231/1041/231 416/1040/416 390/1042/390
f 369/1005/369 252/1041/252 230/1042/230
f 838/1041/838 840/1005/840 1256/1002/1256
f 207/1035/207 828/1034/828 1087/1041/1087
f 943/1002/943 301/1035/301 1165/1041/1165
f 327/1035/327 1197/1002/1197 326/999/326
f 1538/1029/1538 1548/1028/1548 1521/1035/1521
f 782/999/782 17/1029/17 45/1035/45
f 1173/1029/1173 1200/999/1200 1170/998/1170
f 893/1013/893 641/1012/641 16/1029/16
f 1040/998/1040 1021/1013/1021 832/1029/832
vt 0.3754369914531708 0.3552230000495911
vt 0.3754369914531708 0.3469560146331787
vt 0.4002690017223358 0.3469560146331787
f 1544/1043/1544 1553/1044/1553 1556/1045/1556
vt 0.4002690017223358 0.3634909987449646
vt 0.3754369914531708 0.3634909987449646
f 266/1046/266 383/1047/383 264/1043/264
f 451/1045/451 996/1046/996 1042/1043/1042
vt 0.3630200028419495 0.3593569993972778
vt 0.3630200028419495 0.3552230000495911
f 1486/1048/1486 1419/1049/1419 1417/1043/1417
vt 0.3630200028419495 0.3634909987449646
f 1291/1047/1291 1317/1050/1317 1297/1048/1297
f 783/1043/783 847/1047/847 802/1048/802
vt 0.3568120002746582 0.3634909987449646
vt 0.3568120002746582 0.3593569993972778
f 635/1050/635 311/1051/311 1174/1052/1174
f 381/1052/381 402/1048/402 450/1050/450
vt 0.3568120002746582 0.3552230000495911
f 423/1048/423 371/1052/371 445/1053/445
f 423/1053/423 399/1049/399 378/1048/378
vt 0.3630200028419495 0.3469560146331787
f 423/1043/423 234/1049/234 377/1054/377
f 238/1054/238 428/1044/428 380/1043/380
vt 0.3630200028419495 0.3428219854831696
vt 0.3630200028419495 0.3386879861354828
vt 0.3754369914531708 0.3386879861354828
f 470/1055/470 980/1056/980 984/1057/984
f 239/1044/239 262/1054/262 427/1055/427
f 307/1057/307 1199/1044/1199 286/1055/286
vt 0.3568120002746582 0.3469560146331787
vt 0.3568120002746582 0.3428219854831696
f 1329/1054/1329 1399/1058/1399 1272/1059/1272
f 68/1059/68 874/1055/874 70/1054/70
vt 0.3568120002746582 0.3386879861354828
f 114/1055/114 91/1059/91 262/1060/262
f 227/1060/227 412/1056/412 434/1055/434
vt 0.3568120002746582 0.3366209864616394
vt 0.3568120002746582 0.3345550000667572
vt 0.3630200028419495 0.3345550000667572
f 278/1061/278 103/1062/103 878/1063/878
f 883/1056/883 776/1060/776 884/1061/884
f 123/1063/123 329/1056/329 148/1061/148
vt 0.3537079989910126 0.3386879861354828
vt 0.3537079989910126 0.3366209864616394
f 125/1060/125 145/1064/145 919/1065/919
f 182/1065/182 1097/1061/1097 1085/1060/1085
vt 0.3537079989910126 0.3345550000667572
f 590/1061/590 490/1065/490 510/1066/510
f 1264/1066/1264 1266/1062/1266 1304/1061/1304
vt 0.3537079989910126 0.3335210084915161
vt 0.3537079989910126 0.3324880003929138
vt 0.3568120002746582 0.3324880003929138
f 404/1067/404 402/1068/402 188/1069/188
f 555/1062/555 567/1066/567 565/1067/565
f 376/1069/376 233/1062/233 1027/1067/1027
vt 0.3521560132503510 0.3345550000667572
vt 0.3521560132503510 0.3335210084915161
f 757/1066/757 777/1070/777 573/1071/573
f 1454/1071/1454 1447/1067/1447 1448/1066/1448
vt 0.3521560132503510 0.3330039978027344
vt 0.3521560132503510 0.3324880003929138
f 18/1072/18 946/1073/946 923/1068/923
f 211/1067/211 213/1071/213 398/1072/398
f 671/1068/671 1024/1067/1024 740/1072/740
vt 0.3521560132503510 0.3319709897041321
vt 0.3521560132503510 0.3314540088176727
vt 0.3537079989910126 0.3314540088176727
f 608/1074/608 1238/1075/1238 687/1076/687
f 751/1068/751 766/1073/766 545/1074/545
f 257/1076/257 374/1068/374 261/1074/261
vt 0.3521560132503510 0.3304210007190704
f 266/1076/266 824/1075/824 383/1077/383
f 135/1077/135 1153/1022/1153 294/1076/294
f 261/1076/261 1084/1022/1084 335/1021/335
f 359/1069/359 375/1068/375 993/1076/993
f 527/1021/527 483/1069/483 525/1076/525
f 69/1069/69 917/1021/917 1065/1018/1065
f 1174/1063/1174 733/1062/733 734/1069/734
f 258/1018/258 259/1063/259 370/1069/370
f 1077/1063/1077 989/1018/989 353/1015/353
f 1280/1057/1280 1361/1056/1361 1383/1063/1383
f 972/1015/972 785/1057/785 336/1063/336
f 1113/1057/1113 1112/1015/1112 736/1014/736
f 608/1045/608 1136/1044/1136 1132/1057/1132
f 913/1014/913 1061/1045/1061 116/1057/116
vt 0.4002690017223358 0.3965969979763031
vt 0.3754369914531708 0.3965969979763031
vt 0.3754369914531708 0.3800440132617950
f 1108/1078/1108 1102/1079/1102 469/1080/469
vt 0.4002690017223358 0.3800440132617950
f 433/1080/433 410/1081/410 366/1078/366
vt 0.3630200028419495 0.3800440132617950
vt 0.3630200028419495 0.3717679977416992
f 786/1080/786 846/1082/846 785/1083/785
vt 0.3754369914531708 0.3717679977416992
f 1062/1083/1062 138/1084/138 139/1080/139
vt 0.3568120002746582 0.3717679977416992
vt 0.3568120002746582 0.3676289916038513
f 778/1083/778 518/1085/518 580/1086/580
vt 0.3630200028419495 0.3676289916038513
f 1335/1086/1335 1336/1087/1336 1346/1083/1346
vt 0.3537079989910126 0.3676289916038513
vt 0.3537079989910126 0.3655599951744080
f 609/1086/609 1141/1088/1141 631/1089/631
vt 0.3568120002746582 0.3655599951744080
f 443/1089/443 441/1090/441 393/1086/393
vt 0.3537079989910126 0.3634909987449646
f 820/1090/820 1026/1089/1026 1027/1091/1027
f 231/1091/231 230/1051/230 252/1090/252
f 619/1090/619 599/1051/599 1129/1050/1129
f 144/1087/144 299/1086/299 1161/1090/1161
f 216/1050/216 341/1087/341 995/1090/995
f 433/1087/433 384/1050/384 410/1047/410
f 855/1084/855 1045/1083/1045 793/1087/793
f 160/1047/160 164/1084/164 187/1087/187
f 425/1084/425 400/1047/400 1007/1046/1007
f 216/1081/216 360/1080/360 469/1084/469
f 1250/1046/1250 800/1081/800 830/1084/830
vt 0.3754369914531708 0.4214549958705902
vt 0.3754369914531708 0.4131689965724945
vt 0.4002690017223358 0.4131689965724945
f 485/1092/485 1030/1093/1030 491/1094/491
vt 0.4002690017223358 0.4297409951686859
vt 0.3754369914531708 0.4297409951686859
f 163/1095/163 186/1096/186 442/1092/442
f 1122/1094/1122 494/1095/494 481/1092/481
vt 0.3630200028419495 0.4255979955196381
vt 0.3630200028419495 0.4214549958705902
f 1244/1097/1244 664/1098/664 633/1092/633
vt 0.3630200028419495 0.4297409951686859
f 1006/1096/1006 781/1099/781 801/1097/801
f 1381/1092/1381 1384/1096/1384 1362/1097/1362
vt 0.3568120002746582 0.4276689887046814
vt 0.3568120002746582 0.4255979955196381
f 90/1100/90 1231/1101/1231 89/1097/89
vt 0.3568120002746582 0.4297409951686859
f 1533/1099/1533 1428/1102/1428 1422/1100/1422
f 336/1097/336 427/1099/427 346/1100/346
vt 0.3537079989910126 0.4287050068378448
vt 0.3537079989910126 0.4276689887046814
f 1184/1103/1184 1187/1104/1187 320/1100/320
vt 0.3537079989910126 0.4297409951686859
f 881/1102/881 130/1105/130 905/1103/905
f 627/1100/627 607/1102/607 643/1103/643
vt 0.3521560132503510 0.4297409951686859
vt 0.3521560132503510 0.4287050068378448
f 346/1105/346 427/1106/427 262/1107/262
f 853/1107/853 854/1103/854 1014/1105/1014
vt 0.3521560132503510 0.4276689887046814
f 239/1103/239 450/1107/450 402/1108/402
f 761/1108/761 543/1104/543 575/1103/575
vt 0.3537079989910126 0.4255979955196381
f 968/1100/968 985/1104/985 967/1109/967
f 510/1109/510 490/1101/490 508/1100/508
vt 0.3568120002746582 0.4214549958705902
f 1079/1097/1079 337/1101/337 347/1110/347
f 650/1110/650 564/1098/564 645/1097/645
vt 0.3630200028419495 0.4131689965724945
f 821/1092/821 1027/1098/1027 355/1111/355
f 648/1111/648 715/1093/715 663/1092/663
f 689/1094/689 643/1093/643 711/1079/711
f 1329/1079/1329 1300/1078/1300 1399/1094/1399
vt 0.3754369914531708 0.4546090066432953
vt 0.3754369914531708 0.4463190138339996
vt 0.4002690017223358 0.4463190138339996
f 1004/1112/1004 813/1113/813 1035/1114/1035
vt 0.4002690017223358 0.4628979861736298
vt 0.3754369914531708 0.4628979861736298
f 391/1115/391 442/1116/442 186/1112/186
f 1245/1114/1245 1148/1115/1148 697/1112/697
vt 0.3630200028419495 0.4587529897689819
vt 0.3630200028419495 0.4546090066432953
f 1230/1117/1230 93/1118/93 95/1112/95
vt 0.3630200028419495 0.4628979861736298
f 1039/1116/1039 848/1119/848 1038/1117/1038
f 143/1112/143 940/1116/940 302/1117/302
vt 0.3568120002746582 0.4608260095119476
vt 0.3568120002746582 0.4587529897689819
f 1213/1120/1213 537/1121/537 867/1117/867
vt 0.3568120002746582 0.4628979861736298
f 1216/1119/1216 899/1122/899 1188/1120/1188
f 1533/1117/1533 1173/1119/1173 149/1120/149
vt 0.3537079989910126 0.4618619978427887
vt 0.3537079989910126 0.4608260095119476
f 27/1123/27 28/1124/28 1137/1120/1137
vt 0.3537079989910126 0.4628979861736298
f 344/1122/344 1083/1125/1083 360/1123/360
f 1082/1120/1082 260/1122/260 345/1123/345
vt 0.3521560132503510 0.4628979861736298
vt 0.3521560132503510 0.4618619978427887
f 990/1125/990 356/1126/356 233/1127/233
f 1010/1127/1010 851/1123/851 823/1125/823
vt 0.3521560132503510 0.4608260095119476
f 718/1123/718 1149/1127/1149 1246/1128/1246
f 216/1128/216 995/1124/995 217/1123/217
vt 0.3537079989910126 0.4587529897689819
f 526/1120/526 486/1124/486 487/1129/487
f 968/1129/968 466/1121/466 985/1120/985
vt 0.3568120002746582 0.4546090066432953
f 835/1117/835 1254/1121/1254 511/1130/511
f 825/1130/825 363/1118/363 1086/1117/1086
vt 0.3630200028419495 0.4463190138339996
f 869/1112/869 88/1118/88 1183/1131/1183
f 987/1131/987 362/1113/362 992/1112/992
vt 0.3630200028419495 0.4421750009059906
vt 0.3630200028419495 0.4380300045013428
vt 0.3754369914531708 0.4380300045013428
f 1120/1132/1120 509/1133/509 744/1134/744
f 331/1113/331 288/1131/288 1200/1132/1200
f 492/1134/492 493/1113/493 489/1132/489
vt 0.3568120002746582 0.4463190138339996
vt 0.3568120002746582 0.4421750009059906
f 542/1131/542 642/1135/642 815/1136/815
f 567/1136/567 554/1132/554 565/1131/565
vt 0.3568120002746582 0.4380300045013428
f 431/1132/431 451/1136/451 1042/1137/1042
f 855/1137/855 1013/1133/1013 1045/1132/1045
vt 0.3568120002746582 0.4359579980373383
vt 0.3568120002746582 0.4338850080966949
vt 0.3630200028419495 0.4338850080966949
f 409/1138/409 152/1139/152 244/1140/244
f 306/1133/306 305/1137/305 1166/1138/1166
f 1039/1140/1039 818/1133/818 822/1138/822
vt 0.3537079989910126 0.4380300045013428
vt 0.3537079989910126 0.4359579980373383
f 318/1137/318 104/1141/104 1187/1142/1187
f 763/1142/763 904/1138/904 76/1137/76
vt 0.3537079989910126 0.4338850080966949
f 308/1138/308 147/1142/147 123/1143/123
f 938/1143/938 943/1139/943 51/1138/51
vt 0.3537079989910126 0.4328489899635315
vt 0.3537079989910126 0.4318130016326904
vt 0.3568120002746582 0.4318130016326904
f 870/1144/870 1059/1145/1059 912/1146/912
f 1389/1139/1389 1380/1143/1380 1383/1144/1383
f 1212/1146/1212 865/1139/865 950/1144/950
vt 0.3521560132503510 0.4338850080966949
vt 0.3521560132503510 0.4328489899635315
f 1140/1143/1140 26/1147/26 1232/1148/1232
f 1321/1148/1321 1294/1144/1294 1322/1143/1322
vt 0.3521560132503510 0.4318130016326904
f 142/1144/142 687/1148/687 30/1149/30
f 1000/1149/1000 510/1145/510 478/1144/478
vt 0.3521560132503510 0.4312950074672699
vt 0.3521560132503510 0.4307770133018494
vt 0.3537079989910126 0.4307770133018494
f 1340/1150/1340 1343/1151/1343 1358/1152/1358
f 53/1145/53 1222/1149/1222 903/1150/903
f 1082/1152/1082 350/1145/350 417/1150/417
vt 0.3513799905776978 0.4318130016326904
vt 0.3513799905776978 0.4312950074672699
f 1418/1149/1418 106/1153/106 1202/1154/1202
f 117/1154/117 918/1150/918 143/1149/143
vt 0.3513799905776978 0.4307770133018494
f 189/1150/189 403/1154/403 166/1155/166
f 164/1155/164 163/1151/163 442/1150/442
vt 0.3513799905776978 0.4302589893341064
f 1425/1151/1425 1432/1155/1432 1527/1156/1527
vt 0.3521560132503510 0.4302589893341064
f 1154/1156/1154 293/1157/293 317/1151/317
vt 0.3513799905776978 0.4297409951686859
f 721/1157/721 28/1156/28 26/1158/26
f 443/1158/443 393/1106/393 163/1157/163
f 1036/1157/1036 782/1106/782 334/1105/334
f 672/1152/672 819/1151/819 538/1157/538
f 572/1105/572 656/1152/656 754/1157/754
f 746/1152/746 748/1105/748 1126/1102/1126
f 393/1146/393 441/1145/441 440/1152/440
f 798/1102/798 1002/1146/1002 842/1152/842
f 163/1146/163 161/1102/161 186/1099/186
f 1275/1140/1275 1318/1139/1318 1319/1146/1319
f 643/1099/643 765/1140/765 776/1146/776
f 709/1140/709 1230/1099/1230 297/1096/297
f 1105/1134/1105 339/1133/339 1103/1140/1103
f 964/1096/964 1101/1134/1101 186/1140/186
f 931/1134/931 37/1096/37 1204/1095/1204
f 344/1114/344 345/1113/345 1083/1134/1083
f 964/1095/964 186/1114/186 161/1134/161
vt 0.3754369914531708 0.4794769883155823
vt 0.3630200028419495 0.4794769883155823
vt 0.3630200028419495 0.4711869955062866
f 62/1159/62 78/1160/78 926/1161/926
vt 0.3754369914531708 0.4711869955062866
f 924/1161/924 55/1162/55 925/1159/925
vt 0.3568120002746582 0.4711869955062866
vt 0.3568120002746582 0.4670430123806000
f 1549/1161/1549 1408/1163/1408 1543/1164/1543
vt 0.3630200028419495 0.4670430123806000
f 308/1164/308 1178/1165/1178 411/1161/411
vt 0.3537079989910126 0.4670430123806000
vt 0.3537079989910126 0.4649699926376343
f 61/1164/61 864/1166/864 59/1167/59
vt 0.3568120002746582 0.4649699926376343
f 391/1167/391 394/1168/394 442/1164/442
vt 0.3521560132503510 0.4649699926376343
vt 0.3521560132503510 0.4639340043067932
f 13/1167/13 684/1169/684 768/1170/768
vt 0.3537079989910126 0.4639340043067932
f 1101/1170/1101 210/1171/210 391/1167/391
vt 0.3513799905776978 0.4639340043067932
vt 0.3513799905776978 0.4634160101413727
f 90/1170/90 89/1172/89 275/1173/275
vt 0.3521560132503510 0.4634160101413727
f 1165/1173/1165 301/1174/301 302/1170/302
vt 0.3513799905776978 0.4628979861736298
f 1198/1174/1198 283/1173/283 102/1175/102
f 1198/1175/1198 369/1126/369 328/1174/328
f 1198/1174/1198 102/1126/102 369/1125/369
f 1330/1171/1330 1331/1170/1331 1269/1174/1269
f 9/1125/9 1471/1171/1471 1558/1174/1558
f 1077/1171/1077 165/1125/165 335/1122/335
f 669/1168/669 507/1167/507 690/1171/690
f 1206/1122/1206 1052/1168/1052 38/1171/38
f 754/1168/754 656/1122/656 655/1119/655
f 146/1165/146 101/1164/101 282/1168/282
f 287/1119/287 1195/1165/1195 1153/1168/1153
f 122/1165/122 146/1119/146 282/1116/282
f 340/1162/340 357/1161/357 992/1165/992
f 122/1116/122 282/1162/282 71/1165/71
f 1499/1162/1499 1464/1116/1464 1443/1115/1443
vt 0.4002690017223358 0.4794769883155823
f 527/1176/527 1026/1159/1026 489/1162/489
f 71/1115/71 282/1176/282 875/1162/875
vt 0.4501070082187653 0.0330840013921261
vt 0.4251880049705505 0.0330840013921261
vt 0.4251880049705505 0.0165420006960630
f 472/1177/472 1109/1178/1109 973/1179/973
vt 0.4501070082187653 0.0165420006960630
f 321/1179/321 1189/1180/1189 1188/1177/1188
vt 0.4127280116081238 0.0165420006960630
f 1531/556/1531 1426/562/1426 1425/1181/1425
f 563/1181/563 551/1179/551 774/1178/774
f 923/1178/923 929/553/929 777/556/777
f 1369/556/1369 1392/1181/1392 1273/1178/1273
vt 0.4127280116081238 0.0082710003480315
f 121/1179/121 1167/1181/1167 306/1182/306
vt 0.4251880049705505 0.0082710003480315
f 425/1182/425 376/1183/376 232/1179/232
f 469/1181/469 1102/562/1102 397/597/397
f 1306/597/1306 1327/1182/1327 1267/1181/1267
vt 0.4501070082187653 0.0661529973149300
vt 0.4251880049705505 0.0661529973149300
vt 0.4251880049705505 0.0496179983019829
f 748/1184/748 1256/1185/1256 517/1186/517
vt 0.4501070082187653 0.0496179983019829
f 196/1186/196 530/1187/530 592/1184/592
f 837/1185/837 794/680/794 808/679/808
f 1035/679/1035 1017/1186/1017 584/1185/584
f 1167/690/1167 305/553/305 306/1178/306
f 881/1186/881 129/679/129 130/690/130
f 736/1178/736 1112/1186/1112 504/690/504
f 527/1187/527 525/1186/525 232/1178/232
f 692/1178/692 764/1177/764 613/1187/613
vt 0.4251880049705505 0.0992209985852242
f 306/1185/306 1166/1188/1166 1197/694/1197
f 193/1188/193 165/695/165 965/694/965
f 1101/694/1101 391/680/391 186/1185/186
vt 0.4501070082187653 0.0992209985852242
f 141/1185/141 98/1184/98 99/1189/99
f 214/1189/214 969/1188/969 468/1185/468
vt 0.4501070082187653 0.1322759985923767
vt 0.4251880049705505 0.1322759985923767
vt 0.4251880049705505 0.1157490015029907
f 1284/1190/1284 1363/1191/1363 1272/1192/1272
vt 0.4501070082187653 0.1157490015029907
f 943/1192/943 1165/1193/1165 52/1190/52
f 50/699/50 1164/705/1164 52/1192/52
f 283/1191/283 1196/696/1196 327/699/327
f 1036/1192/1036 334/1191/334 963/699/963
f 722/749/722 1134/695/1134 27/1188/27
f 391/1192/391 439/705/439 394/749/394
f 805/1188/805 852/1192/852 824/749/824
f 344/1193/344 984/1192/984 348/1188/348
f 34/1188/34 637/1189/637 1145/1193/1145
vt 0.4501070082187653 0.1652860045433044
vt 0.4251880049705505 0.1652860045433044
vt 0.4251880049705505 0.1487810015678406
f 1309/1194/1309 1385/1195/1385 1390/1196/1390
vt 0.4501070082187653 0.1487810015678406
f 677/1196/677 667/1197/667 503/1194/503
f 1183/753/1183 1162/760/1162 118/1196/118
f 282/1195/282 100/750/100 875/753/875
f 1299/1196/1299 1400/1195/1400 1330/753/1330
f 101/1196/101 100/760/100 282/696/282
f 1220/696/1220 46/1191/46 47/1196/47
f 283/1197/283 100/1196/100 1196/1191/1196
f 728/1191/728 730/1190/730 32/1197/32
vt 0.4501070082187653 0.1982900053262711
vt 0.4251880049705505 0.1982900053262711
vt 0.4251880049705505 0.1817879974842072
f 686/1198/686 1136/1199/1136 606/1200/606
vt 0.4501070082187653 0.1817879974842072
f 943/1200/943 52/1201/52 51/1198/51
f 624/783/624 605/790/605 626/1200/626
f 975/1199/975 474/780/474 219/783/219
f 713/1200/713 725/1199/725 25/783/25
f 396/884/396 401/750/401 381/1195/381
f 472/1200/472 242/790/242 382/884/382
f 1286/1195/1286 1289/1200/1289 220/884/220
f 1387/1201/1387 1365/1200/1365 1368/1195/1368
f 1133/1195/1133 641/1194/641 753/1201/753
vt 0.4501070082187653 0.2312940061092377
vt 0.4251880049705505 0.2312940061092377
vt 0.4251880049705505 0.2147919982671738
f 472/1202/472 432/1203/432 242/1204/242
vt 0.4501070082187653 0.2147919982671738
f 273/1204/273 315/1205/315 1179/1202/1179
f 549/888/549 1441/894/1441 1445/1204/1445
f 241/1203/241 452/885/452 172/888/172
f 859/1204/859 1046/1203/1046 827/888/827
f 1123/987/1123 531/780/531 243/1199/243
f 1555/1204/1555 1520/894/1520 1515/987/1515
f 173/1199/173 243/1204/243 531/987/531
f 1493/1205/1493 1476/1204/1476 1470/1199/1470
f 196/1199/196 496/1198/496 745/1205/745
f 196/991/196 673/885/673 405/1203/405
vt 0.4501070082187653 0.2643080055713654
f 196/1203/196 512/1202/512 673/1206/673
f 259/1206/259 417/988/417 370/991/370
f 1321/991/1321 1293/1203/1293 1314/1206/1314
f 1244/997/1244 1174/988/1174 151/1206/151
vt 0.4501070082187653 0.2973510026931763
f 405/1207/405 532/998/532 266/997/266
f 1117/1206/1117 621/1207/621 712/997/712
f 383/1013/383 824/998/824 852/1207/852
vt 0.4501070082187653 0.3304210007190704
f 266/1208/266 1012/1014/1012 824/1013/824
f 383/1207/383 220/1208/220 473/1013/473
f 1168/1045/1168 1067/1014/1067 901/1208/901
vt 0.4501070082187653 0.3634909987449646
f 195/1209/195 174/1046/174 407/1045/407
f 383/1208/383 852/1209/852 220/1045/220
f 473/1081/473 475/1046/475 975/1209/975
vt 0.4501070082187653 0.3965969979763031
f 92/1210/92 279/1078/279 278/1081/278
f 1475/1209/1475 729/1210/729 1494/1081/1494
f 473/1094/473 220/1078/220 475/1210/475
vt 0.4501070082187653 0.4297409951686859
f 1275/1211/1275 242/1095/242 432/1094/432
f 217/1210/217 953/1211/953 470/1094/470
f 1264/1114/1264 1275/1095/1275 432/1211/432
vt 0.4501070082187653 0.4628979861736298
f 724/1212/724 526/1115/526 690/1114/690
f 1282/1211/1282 452/1212/452 242/1114/242
vt 0.5000090003013611 0.0330840013921261
f 53/1187/53 1224/1177/1224 1223/1213/1223
vt 0.5000090003013611 0.0661529973149300
f 1127/1214/1127 748/1184/748 517/1187/517
f 1276/1213/1276 172/1214/172 452/1187/452
vt 0.5000090003013611 0.0992209985852242
f 1206/1215/1206 886/1189/886 1215/1184/1215
f 734/1184/734 552/1214/552 107/1215/107
f 197/1193/197 406/1189/406 174/1215/174
vt 0.5000090003013611 0.1322759985923767
f 761/1216/761 659/1190/659 543/1193/543
f 142/1215/142 710/1216/710 687/1193/687
f 173/1197/173 407/1190/407 406/1216/406
vt 0.5000090003013611 0.1652860045433044
f 1110/1217/1110 408/1194/408 221/1197/221
f 197/1216/197 174/1217/174 408/1197/408
f 500/1201/500 514/1194/514 501/1217/501
vt 0.5000090003013611 0.1982900053262711
f 1043/1218/1043 1013/1198/1013 1031/1201/1031
f 1031/1217/1031 675/1218/675 674/1201/674
f 150/1205/150 330/1198/330 1201/1218/1201
vt 0.5000090003013611 0.2312940061092377
f 1405/1219/1405 1433/1202/1433 1542/1205/1542
f 1124/1218/1124 243/1219/243 1031/1205/1031
vt 0.5000090003013611 0.2643080055713654
f 970/1220/970 211/1206/211 1107/1202/1107
f 513/1202/513 497/1219/497 498/1220/498
vt 0.5000090003013611 0.2973510026931763
f 1122/1221/1122 531/1207/531 495/1206/495
f 5/1206/5 1371/1220/1371 1370/1221/1370
vt 0.5000090003013611 0.3304210007190704
f 513/1222/513 674/1208/674 675/1207/675
f 745/1207/745 498/1221/498 512/1222/512
vt 0.5000090003013611 0.3634909987449646
f 1124/1223/1124 1031/1209/1031 674/1208/674
f 151/1208/151 734/1222/734 107/1223/107
vt 0.5000090003013611 0.3965969979763031
f 746/1224/746 789/1210/789 1125/1209/1125
f 546/1209/546 25/1223/25 650/1224/650
vt 0.5000090003013611 0.4297409951686859
f 512/1225/512 498/1211/498 1125/1210/1125
f 1110/1210/1110 977/1224/977 976/1225/976
vt 0.5000090003013611 0.4628979861736298
f 853/1226/853 532/1212/532 836/1211/836
f 836/1211/836 673/1225/673 1125/1226/1125
vt 0.5499299764633179 0.0661529973149300
f 889/1227/889 60/1214/60 861/1213/861
vt 0.5499299764633179 0.0330840013921261
f 265/1213/265 1200/1228/1200 288/1227/288
vt 0.5499299764633179 0.0992209985852242
f 1423/1229/1423 1511/1215/1511 1524/1214/1524
f 968/1214/968 192/1227/192 466/1229/466
vt 0.5499299764633179 0.1322759985923767
f 789/1230/789 837/1216/837 1125/1215/1125
f 804/1215/804 805/1229/805 1014/1230/1014
vt 0.5499299764633179 0.1652860045433044
f 836/1231/836 1125/1217/1125 837/1216/837
f 636/1216/636 719/1230/719 1149/1231/1149
vt 0.5499299764633179 0.1982900053262711
f 804/1232/804 1014/1218/1014 1044/1217/1044
f 833/1217/833 787/1231/787 643/1232/643
vt 0.5499299764633179 0.2312940061092377
f 643/1233/643 776/1219/776 23/1218/23
f 600/1218/600 651/1232/651 768/1233/768
vt 0.5499299764633179 0.2643080055713654
f 1245/1234/1245 719/1220/719 636/1219/636
f 805/1219/805 824/1233/824 1014/1234/1014
vt 0.5499299764633179 0.2973510026931763
f 529/1235/529 1028/1221/1028 1008/1220/1008
f 853/1220/853 1014/1234/1014 1012/1235/1012
vt 0.5499299764633179 0.3304210007190704
f 1277/1236/1277 1372/1222/1372 1359/1221/1359
f 1255/1221/1255 1286/1235/1286 220/1236/220
vt 0.5499299764633179 0.3634909987449646
f 772/1237/772 660/1223/660 771/1222/771
f 679/1222/679 701/1236/701 698/1237/698
vt 0.5499299764633179 0.3965969979763031
f 805/1238/805 1255/1224/1255 220/1223/220
f 1289/1223/1289 1292/1237/1292 475/1238/475
vt 0.5499299764633179 0.4297409951686859
f 150/1239/150 1245/1225/1245 636/1224/636
f 241/1224/241 172/1238/172 265/1239/265
vt 0.5499299764633179 0.4628979861736298
f 1360/1240/1360 1372/1226/1372 1346/1225/1346
f 1289/1225/1289 475/1239/475 220/1240/220
vt 0.5998679995536804 0.0661529973149300
f 475/1241/475 1265/1227/1265 1263/1228/1263
vt 0.5998679995536804 0.0330840013921261
f 1263/1228/1263 1298/1242/1298 1266/1241/1266
vt 0.5998679995536804 0.0992209985852242
f 733/1243/733 22/1229/22 734/1227/734
f 1263/1227/1263 1266/1241/1266 1264/1243/1264
vt 0.5998679995536804 0.1322759985923767
f 1264/1244/1264 1304/1230/1304 1312/1229/1312
f 1264/1229/1264 1312/1243/1312 1275/1244/1275
vt 0.5998679995536804 0.1652860045433044
f 985/1245/985 449/1231/449 847/1230/847
f 571/1230/571 756/1244/756 658/1245/658
vt 0.5998679995536804 0.1982900053262711
f 1032/1246/1032 479/1232/479 1114/1231/1114
f 1282/1231/1282 1319/1245/1319 1305/1246/1305
vt 0.5998679995536804 0.2312940061092377
f 1275/1247/1275 1319/1233/1319 1282/1232/1282
f 1304/1232/1304 1376/1246/1376 1373/1247/1373
vt 0.5998679995536804 0.2643080055713654
f 75/1248/75 127/1234/127 904/1233/904
f 127/1233/127 77/1247/77 882/1248/882
vt 0.5998679995536804 0.2973510026931763
f 1282/1249/1282 1267/1235/1267 1276/1234/1276
f 1516/1234/1516 1484/1248/1484 1426/1249/1426
vt 0.5998679995536804 0.3304210007190704
f 977/1250/977 476/1236/476 222/1235/222
f 976/1235/976 977/1249/977 222/1250/222
vt 0.5998679995536804 0.3634909987449646
f 85/1251/85 59/1237/59 864/1236/864
f 826/1236/826 515/1250/515 676/1251/676
vt 0.5998679995536804 0.3965969979763031
f 369/1252/369 983/1238/983 1214/1237/1214
f 477/1237/477 978/1251/978 977/1252/977
vt 0.5998679995536804 0.4297409951686859
f 1533/1253/1533 1422/1239/1422 1519/1238/1519
f 977/1238/977 978/1252/978 476/1253/476
vt 0.5998679995536804 0.4628979861736298
f 477/1254/477 977/1240/977 1110/1239/1110
f 898/1239/898 897/1253/897 66/1254/66
vt 0.6498110294342041 0.0661529973149300
f 210/1255/210 477/1241/477 465/1242/465
vt 0.6498110294342041 0.0330840013921261
f 137/1242/137 91/1256/91 114/1255/114
vt 0.6498110294342041 0.0992209985852242
f 1101/1257/1101 978/1243/978 477/1241/477
f 418/1241/418 377/1255/377 256/1257/256
vt 0.6498110294342041 0.1322759985923767
f 1034/1258/1034 840/1244/840 843/1243/843
f 964/1243/964 979/1257/979 1111/1258/1111
vt 0.6498110294342041 0.1652860045433044
f 964/1259/964 1100/1245/1100 979/1244/979
f 724/1244/724 587/1258/587 526/1259/526
vt 0.6498110294342041 0.1982900053262711
f 964/1260/964 978/1246/978 1101/1245/1101
f 581/1245/581 665/1259/665 482/1260/482
vt 0.6498110294342041 0.2312940061092377
f 964/1261/964 1111/1247/1111 978/1246/978
f 224/1246/224 410/1260/410 384/1261/384
vt 0.6498110294342041 0.2643080055713654
f 1045/1262/1045 1013/1248/1013 1043/1247/1043
f 1045/1247/1045 1043/1261/1043 825/1262/825
vt 0.6498110294342041 0.2973510026931763
f 825/1263/825 1043/1249/1043 363/1248/363
f 633/1248/633 773/1262/773 717/1263/717
vt 0.6498110294342041 0.3304210007190704
f 838/1264/838 839/1250/839 1257/1249/1257
f 838/1249/838 1256/1263/1256 839/1264/839
vt 0.6498110294342041 0.3634909987449646
f 838/1265/838 806/1251/806 791/1250/791
f 1085/1250/1085 979/1264/979 1100/1265/1100
vt 0.6498110294342041 0.3965969979763031
f 287/1266/287 240/1252/240 102/1251/102
f 838/1251/838 791/1265/791 792/1266/792
vt 0.6498110294342041 0.4297409951686859
f 793/1267/793 1045/1253/1045 856/1252/856
f 736/1252/736 504/1266/504 480/1267/480
vt 0.6498110294342041 0.4628979861736298
f 807/1268/807 513/1254/513 675/1253/675
f 1382/1253/1382 1394/1267/1394 1369/1268/1369
vt 0.6997539997100830 0.0661529973149300
f 1282/1269/1282 1276/1255/1276 452/1256/452
vt 0.6997539997100830 0.0992209985852242
f 1257/1270/1257 1258/1257/1258 806/1255/806
vt 0.6997539997100830 0.1322759985923767
f 841/1271/841 793/1258/793 840/1257/840
vt 0.6997539997100830 0.1652860045433044
f 1258/1272/1258 675/1259/675 1013/1258/1013
vt 0.6997539997100830 0.1982900053262711
f 855/1273/855 1258/1260/1258 1013/1259/1013
vt 0.6997539997100830 0.2312940061092377
f 579/1274/579 716/1261/716 696/1260/696
vt 0.6997539997100830 0.2643080055713654
f 638/1275/638 646/1262/646 14/1261/14
vt 0.6997539997100830 0.2973510026931763
f 485/1276/485 846/1263/846 672/1262/672
vt 0.6997539997100830 0.3304210007190704
f 841/1277/841 792/1264/792 791/1263/791
vt 0.6997539997100830 0.3634909987449646
f 263/1278/263 240/1265/240 157/1264/157
vt 0.6997539997100830 0.3965969979763031
f 1084/1279/1084 1077/1266/1077 335/1265/335
vt 0.6997539997100830 0.4297409951686859
f 855/1280/855 793/1267/793 841/1266/841
vt 0.6997539997100830 0.4628979861736298
f 514/1281/514 747/1268/747 1126/1267/1126
vt 0.3551650047302246 0.2194650024175644
vt 0.3552530109882355 0.2166049927473068
f 1545/935/1545 1417/1282/1417 1419/1283/1419
f 321/935/321 1233/934/1233 722/1282/722
f 300/932/300 1194/1282/1194 1193/934/1193
f 855/931/855 841/1282/841 791/932/791
f 814/929/814 801/1282/801 1119/931/1119
vt 0.3551610112190247 0.2195969969034195
vt 0.3551630079746246 0.2195309996604919
f 752/928/752 767/1284/767 15/1285/15
vt 0.3551560044288635 0.2197290062904358
f 514/927/514 1126/1286/1126 1127/1284/1127
f 747/1284/747 794/928/794 1126/927/1126
f 746/929/746 794/928/794 789/1282/789
f 549/1282/549 1445/928/1445 578/1285/578
vt 0.3551479876041412 0.2199919968843460
f 746/1287/746 497/1286/497 807/927/807
vt 0.3554979860782623 0.2081319987773895
f 1300/972/1300 1320/1288/1320 1399/965/1399
vt 0.3555499911308289 0.2064580023288727
f 763/975/763 1462/1288/1462 551/1289/551
vt 0.3555749952793121 0.2057150006294250
vt 0.3555980026721954 0.2050359994173050
f 746/1290/746 807/1291/807 748/979/748
f 550/1289/550 35/1290/35 562/975/562
vt 0.3558430075645447 0.1987140029668808
f 1241/1291/1241 578/1292/578 1146/981/1146
vt 0.3553600013256073 0.2128670066595078
vt 0.3553430140018463 0.2134719938039780
f 1198/1293/1198 328/969/328 1218/1294/1218
vt 0.3553099930286407 0.2146099954843521
f 808/1294/808 826/968/826 1016/1295/1016
vt 0.3553780019283295 0.2122389972209930
f 500/1296/500 516/972/516 677/971/677
vt 0.3553690016269684 0.2125560045242310
f 654/971/654 540/1297/540 894/1296/894
f 808/1293/808 1259/1297/1259 826/970/826
f 30/1288/30 29/972/29 1236/1296/1236
f 64/942/64 892/1283/892 63/1295/63
vt 0.3560029864311218 0.1949210017919540
f 499/1298/499 794/793/794 747/1292/747
f 30/935/30 1236/1283/1236 98/937/98
vt 0.3527860045433044 0.2837350070476532
f 1516/1009/1516 1487/1008/1487 1484/1299/1484
f 324/1009/324 1138/1299/1138 1191/1010/1191
vt 0.3523769974708557 0.2991969883441925
f 693/1008/693 773/1300/773 715/1299/715
f 594/1007/594 500/1300/500 677/1008/677
f 1134/1006/1134 1232/1300/1232 28/1007/28
f 1286/1042/1286 1352/1300/1352 1333/1006/1333
vt 0.3522799909114838 0.3032099902629852
vt 0.3523280024528503 0.3012000024318695
f 499/1301/499 515/1302/515 1259/1038/1259
vt 0.3523519933223724 0.3001970052719116
f 1062/1302/1062 139/1303/139 278/1039/278
vt 0.3523640036582947 0.2996970117092133
f 499/1040/499 747/1304/747 514/1300/514
f 1495/1042/1495 1504/1040/1504 1536/1300/1536
f 1332/1039/1332 1338/1303/1338 857/1304/857
f 1183/1039/1183 88/1304/88 275/1040/275
vt 0.3551299870014191 0.2205139994621277
f 1332/925/1332 857/1305/857 1344/1287/1344
vt 0.3550930023193359 0.2215420007705688
f 500/921/500 501/1306/501 516/1305/516
f 857/921/857 1048/919/1048 1046/1306/1046
f 317/921/317 305/1305/305 1179/920/1179
vt 0.3550159931182861 0.2235410064458847
f 972/918/972 1252/902/1252 785/1307/785
f 435/918/435 367/1306/367 413/906/413
f 804/925/804 857/1287/857 1338/927/1338
f 60/1307/60 862/1306/862 861/918/861
f 742/1302/742 489/1039/489 509/1038/509
f 1554/1301/1554 1519/1038/1519 1414/1037/1414
vt 0.3548460006713867 0.2273010015487671
f 898/1308/898 896/1307/896 72/901/72
vt 0.3544409871101379 0.2338780015707016
f 804/1308/804 1044/899/1044 1048/1309/1048
vt 0.3538210093975067 0.2510760128498077
f 804/1309/804 1048/993/1048 857/1310/857
vt 0.3532670140266418 0.2676959931850433
f 125/1010/125 59/1299/59 271/1311/271
f 942/920/942 941/1305/941 48/925/48
f 1046/1036/1046 1016/1301/1016 827/1037/827
f 1060/970/1060 871/1297/871 895/971/895
vt 0.3561899960041046 0.1907069981098175
f 1046/802/1046 1048/1312/1048 1016/804/1016
f 1044/1312/1044 854/816/854 1048/804/1048
vt 0.3561840057373047 0.1908449977636337
f 854/1313/854 1016/1312/1016 1048/802/1048
vt 0.3565999865531921 0.1815470010042191
f 827/1312/827 1016/1314/1016 1015/827/1015
vt 0.3567349910736084 0.1784670054912567
f 1339/843/1339 1338/1314/1338 1332/1315/1332
vt 0.3560929894447327 0.1928669959306717
vt 0.3561410009860992 0.1917999982833862
f 1015/1316/1015 1016/1317/1016 826/808/826
vt 0.3561649918556213 0.1912569999694824
f 1554/1317/1554 1557/1318/1557 1519/812/1519
vt 0.3561770021915436 0.1909829974174500
f 75/1319/75 126/1313/126 127/802/127
f 533/801/533 534/1319/534 1032/802/1032
f 533/1318/533 859/1319/859 534/801/534
f 1255/1318/1255 1339/801/1339 1352/812/1352
vt 0.3567849993705750 0.1773020029067993
f 804/847/804 1338/1315/1338 1339/1320/1339
f 1355/847/1355 1345/1320/1345 1341/856/1341
vt 0.3568060100078583 0.1768130064010620
f 1127/857/1127 517/859/517 749/1321/749
f 1355/859/1355 1342/856/1342 1345/1320/1345
f 1355/843/1355 1356/1315/1356 1342/845/1342
f 1059/1314/1059 51/841/51 1066/827/1066
f 761/843/761 772/841/772 659/1314/659
f 61/827/61 1209/825/1209 862/1312/862
f 1037/1312/1037 816/825/816 487/824/487
f 1345/824/1345 1342/816/1342 1333/1312/1333
f 1345/816/1345 1333/805/1333 1334/804/1334
f 1289/800/1289 1342/812/1342 1292/801/1292
f 746/808/746 1125/807/1125 498/1316/498
f 1277/812/1277 1364/808/1364 1372/1317/1372
f 610/859/610 1142/1320/1142 1240/1321/1240
f 1364/798/1364 1328/1316/1328 1372/807/1372
f 1372/980/1372 1328/1291/1328 1335/981/1335
f 610/1298/610 695/798/695 714/793/714
f 1298/980/1298 1328/979/1328 1268/1291/1268
f 1265/975/1265 1328/974/1328 1298/1288/1298
f 1356/974/1356 1335/965/1335 1292/1288/1292
f 1292/979/1292 1335/975/1335 1265/1290/1265
f 1335/1293/1335 1347/970/1347 1336/969/1336
f 1340/1294/1340 1336/969/1336 1347/968/1347
f 1425/925/1425 1426/922/1426 1532/920/1532
f 1366/942/1366 1376/1295/1376 1377/968/1377
f 1253/964/1253 833/972/833 643/965/643
f 195/793/195 408/981/408 174/1292/174
f 1544/942/1544 1419/937/1419 1413/1283/1413
f 1266/968/1266 1377/957/1377 1376/942/1376
f 1359/902/1359 1361/901/1361 1378/1307/1378
f 1261/900/1261 1303/899/1303 1291/1308/1291
f 1433/1009/1433 1534/1004/1534 1542/1008/1542
f 526/899/526 669/898/669 690/1309/690
f 1364/1311/1364 1367/1310/1367 1268/989/1268
f 1034/901/1034 843/900/843 1033/1308/1033
f 1268/919/1268 1367/907/1367 1377/906/1377
f 1277/1306/1277 1378/919/1378 1283/906/1283
f 1277/798/1277 1283/1298/1283 1367/1316/1367
vt 0.3512009978294373 0.3659589886665344
vt 0.3512150049209595 0.3647969961166382
f 1277/1089/1277 1367/1322/1367 1364/1323/1364
vt 0.3514440059661865 0.3476020097732544
f 312/1053/312 884/1323/884 1072/1324/1072
vt 0.3515650033950806 0.3396250009536743
vt 0.3516269922256470 0.3357920050621033
f 1382/1325/1382 1318/1326/1318 1312/1064/1312
f 1382/1325/1382 1312/1059/1312 1386/1324/1386
vt 0.3511869907379150 0.3671169877052307
f 671/1322/671 740/1089/740 528/1327/528
vt 0.3507260084152222 0.4157119989395142
f 1393/1328/1393 1312/1109/1312 1304/1108/1304
vt 0.3508459925651550 0.3998459875583649
vt 0.3510090112686157 0.3828740119934082
f 1393/1079/1393 1387/1329/1387 1394/1330/1394
vt 0.3511590063571930 0.3694199919700623
f 1387/1327/1387 1373/1088/1373 1279/1331/1279
vt 0.3511059880256653 0.3739739954471588
f 678/1332/678 593/1082/593 676/1330/676
f 1387/1111/1387 1279/1110/1279 1365/1328/1365
vt 0.3516579866409302 0.3339140117168427
f 1330/1326/1330 1269/1333/1269 1300/1070/1300
vt 0.3516899943351746 0.3320620059967041
vt 0.3516860008239746 0.3322919905185699
f 1227/1334/1227 705/1074/705 683/1335/683
vt 0.3520079851150513 0.3154120147228241
f 1300/1336/1300 1398/1077/1398 1320/1334/1320
f 1549/1334/1549 1482/1077/1482 1408/1075/1408
f 918/1334/918 917/1075/917 1065/1074/1065
f 918/1077/918 1065/1336/1065 917/1024/917
f 1227/1073/1227 1226/1335/1226 1128/1074/1128
vt 0.3516820073127747 0.3325229883193970
vt 0.3516739904880524 0.3329850137233734
f 1398/1337/1398 1305/1072/1305 1319/1338/1319
f 1313/1335/1313 1317/1073/1317 1291/1337/1291
f 1313/1073/1313 1321/1072/1321 1314/1337/1314
f 381/1338/381 401/1072/401 380/1071/380
f 1321/1332/1321 1322/1331/1322 1306/1085/1306
f 1331/1070/1331 1267/1066/1267 1305/1326/1305
f 599/1071/599 684/1070/684 1247/1333/1247
f 1306/1071/1306 1267/1333/1267 1293/1338/1293
vt 0.3506500124931335 0.4304760098457336
f 994/1339/994 359/1328/359 342/1108/342
vt 0.3506099879741669 0.4636000096797943
vt 0.3506099879741669 0.4633800089359283
f 1546/1173/1546 1517/1340/1517 1417/1341/1417
vt 0.3506099879741669 0.4631609916687012
f 1315/1175/1315 1307/1342/1307 1409/1127/1409
vt 0.3506239950656891 0.4384579956531525
vt 0.3506360054016113 0.4344510138034821
f 591/1343/591 531/1344/531 1122/1142/1122
vt 0.3506090044975281 0.4465669989585876
f 1314/1343/1314 1331/1136/1331 1270/1345/1270
f 1330/1173/1330 1270/1341/1270 1331/1342/1331
vt 0.3506110012531281 0.4640409946441650
f 437/1346/437 438/1340/438 388/1172/388
vt 0.3506120145320892 0.4649299979209900
f 1330/1347/1330 1400/1346/1400 1270/1172/1270
vt 0.3506149947643280 0.4667359888553619
f 734/1348/734 22/1347/22 552/1169/552
vt 0.3506230115890503 0.4704650044441223
f 1394/1166/1394 1368/1349/1368 1369/1348/1369
vt 0.3506439924240112 0.4783810079097748
f 1321/1349/1321 1308/1163/1308 1294/1350/1294
vt 0.3506430089473724 0.4324589967727661
f 1340/1344/1340 1355/1351/1355 1343/1147/1343
vt 0.3506489992141724 0.4307230114936829
vt 0.3506479859352112 0.4309709966182709
f 1040/1352/1040 850/1155/850 643/1353/643
f 1320/1339/1320 1319/1155/1319 1318/1352/1318
f 843/1339/843 840/1158/840 793/1156/793
f 195/1339/195 407/1156/407 429/1155/429
f 528/1158/528 740/1339/740 483/1108/483
f 652/1154/652 15/1353/15 766/1155/766
vt 0.3507109880447388 0.4960550069808960
f 1525/1350/1525 1540/1160/1540 1510/1354/1510
vt 0.3506459891796112 0.4314660131931305
f 1415/1353/1415 1510/1154/1510 1430/1355/1430
f 429/1154/429 407/1153/407 531/1355/531
f 1322/1355/1322 1315/1153/1315 1271/1351/1271
f 173/1153/173 531/1148/531 407/1351/407
f 1554/1345/1554 1412/1128/1412 1557/1342/1557
f 408/1173/408 465/1172/465 221/1340/221
f 364/1175/364 222/1173/222 476/1342/476
f 627/1347/627 756/1172/756 770/1169/770
f 825/1158/825 1086/1108/1086 828/1107/828
f 1045/1025/1045 825/1336/825 1049/1030/1049
vt 0.3521859943866730 0.3072499930858612
f 404/1301/404 188/1036/188 152/1356/152
f 1132/1036/1132 1234/1032/1234 28/1356/28
f 1085/1077/1085 999/1024/999 979/1023/979
f 352/1023/352 1105/1022/1105 214/1077/214
f 979/1066/979 999/1065/999 476/1326/476
f 364/1065/364 476/1064/476 999/1326/999
f 1086/1091/1086 998/1089/998 1087/1323/1087
f 998/1089/998 222/1088/222 364/1327/364
f 1086/1324/1086 1087/1058/1087 828/1053/828
f 825/1325/825 828/1064/828 1049/1059/1049
f 190/1356/190 336/1032/336 351/1031/351
f 1257/1331/1257 807/1088/807 1258/1085/1258
f 1492/1031/1492 1476/1030/1476 1493/1336/1493
f 1085/1025/1085 964/1030/964 1101/1026/1101
f 748/1026/748 839/1017/839 1256/1025/1256
f 1386/1336/1386 1312/1025/1312 1393/1024/1393
f 697/1064/697 613/1060/613 764/1059/764
f 18/1024/18 945/1025/945 946/1020/946
f 1382/1053/1382 1399/1052/1399 1320/1323/1320
f 697/1053/697 775/1058/775 719/1054/719
f 635/1054/635 1174/1049/1174 1244/1053/1244
f 18/1323/18 923/1052/923 757/1091/757
f 1445/1328/1445 1146/1329/1146 578/1111/578
f 506/1082/506 781/1332/781 481/1085/481
f 265/1088/265 288/1086/288 945/1085/945
f 1174/1091/1174 734/1052/734 151/1051/151
f 945/1059/945 288/1058/288 1221/1324/1221
f 983/1328/983 253/1110/253 208/1109/208
f 1147/1158/1147 716/1107/716 579/1106/579
f 265/1108/265 1170/1109/1170 1200/1104/1200
f 265/1153/265 172/1149/172 1170/1148/1170
f 296/1142/296 320/1344/320 92/1147/92
f 1359/1343/1359 1372/1141/1372 1360/1136/1360
f 1276/1342/1276 1403/1128/1403 172/1127/172
f 1276/1172/1276 1271/1170/1271 1422/1169/1422
f 193/1143/193 448/1142/448 165/1147/165
f 1276/1175/1276 1428/1127/1428 1403/1126/1403
f 1271/1351/1271 1414/1148/1414 1422/1147/1422
f 508/1142/508 744/1141/744 482/1343/482
f 1170/1141/1170 172/1137/172 149/1136/149
f 514/1136/514 1127/1135/1127 749/1345/749
f 1525/1345/1525 1527/1129/1527 1540/1128/1540
f 1425/1128/1425 1527/1129/1527 1526/1124/1526
f 1431/1163/1431 1432/1349/1432 1532/1166/1532
f 290/1130/290 132/1121/132 1177/1129/1177
f 594/1129/594 595/1345/595 676/1130/676
f 1332/1169/1332 1344/1167/1344 1349/1166/1349
f 609/1130/609 1243/1135/1243 1141/1131/1141
f 1339/1131/1339 1332/1118/1332 1349/1130/1349
f 24/1345/24 1130/1135/1130 1227/1130/1227
f 1227/1101/1227 683/1109/683 618/1110/618
f 1227/1348/1227 1128/1169/1128 705/1166/705
f 1344/1031/1344 1047/1336/1047 1337/1356/1337
f 1278/1163/1278 1366/1166/1366 1283/1164/1283
vt 0.3609800040721893 0.0297580007463694
f 1482/579/1482 1486/578/1486 1518/1357/1518
vt 0.3609730005264282 0.0302610006183386
f 1314/577/1314 1270/1358/1270 1400/1357/1400
vt 0.3613309860229492 0.0000000000000000
f 115/580/115 131/1357/131 104/1359/104
f 931/1357/931 1204/578/1204 930/577/930
f 1307/576/1307 1294/1358/1294 1308/577/1308
vt 0.3609260022640228 0.0337500013411045
vt 0.3608709871768951 0.0376610010862350
f 1435/1360/1435 1409/688/1409 1307/1361/1307
vt 0.3607549965381622 0.0452399998903275
f 516/1361/516 514/687/514 749/1362/749
vt 0.3609530031681061 0.0317640006542206
vt 0.3609670102596283 0.0307640004903078
f 533/576/533 1337/1363/1337 858/1364/858
f 1352/1358/1352 1348/576/1348 1353/1364/1353
f 858/568/858 1337/1360/1337 1047/1363/1047
f 1355/569/1355 1341/1363/1341 1343/576/1343
f 1004/1359/1004 1034/589/1034 844/587/844
f 1360/1359/1360 1346/587/1346 1336/583/1336
f 1252/1359/1252 937/583/937 769/580/769
f 1334/578/1334 1353/579/1353 1357/574/1357
f 1219/578/1219 78/574/78 1058/573/1058
f 1344/1357/1344 1337/580/1337 1349/579/1349
f 1341/1363/1341 1357/569/1357 1343/568/1343
f 917/1361/917 1063/688/1063 916/687/916
f 1340/682/1340 1358/1362/1358 1360/684/1360
f 1368/1362/1368 1365/687/1365 1388/684/1388
f 1379/1360/1379 1278/568/1278 1283/688/1283
f 1509/578/1509 1483/573/1483 1515/571/1515
f 1379/683/1379 1283/682/1283 1378/684/1378
vt 0.3589369952678680 0.1185159981250763
vt 0.3589400053024292 0.1184260025620461
f 1368/1365/1368 1388/1366/1388 1369/726/1369
f 576/746/576 645/728/645 560/1366/560
f 1168/728/1168 289/727/289 1171/1366/1171
vt 0.3598560094833374 0.0876149982213974
f 1313/1367/1313 1291/746/1291 1295/1366/1295
f 1299/747/1299 1301/746/1301 1400/1367/1400
f 159/727/159 1097/726/1097 182/1366/182
vt 0.3589279949665070 0.1187859997153282
vt 0.3589339852333069 0.1186060011386871
f 904/726/904 127/1368/127 128/1369/128
vt 0.3589160144329071 0.1191489994525909
f 1388/725/1388 1365/1370/1365 1278/1368/1278
f 1054/1368/1054 69/726/69 874/725/874
f 1314/1370/1314 1301/725/1301 1323/724/1323
f 107/726/107 552/1369/552 77/1365/77
vt 0.3588919937610626 0.1198809966444969
f 1398/1371/1398 1319/1370/1319 1320/724/1320
f 1435/745/1435 1307/728/1307 1295/746/1295
vt 0.3603680133819580 0.0662280023097992
vt 0.3605059981346130 0.0594270005822182
f 118/681/118 302/1372/302 301/1373/301
vt 0.3602139949798584 0.0731929987668991
f 285/681/285 1148/1374/1148 289/1372/289
f 1226/1373/1226 1239/682/1239 611/681/611
f 175/1374/175 454/681/454 199/693/199
f 1299/682/1299 1401/1373/1401 1301/1362/1301
f 1295/747/1295 1307/1367/1307 1308/692/1308
f 520/728/520 517/745/517 584/730/584
f 730/728/730 1145/730/1145 1242/729/1242
f 1155/741/1155 386/746/386 157/742/157
f 594/746/594 677/747/677 595/742/595
f 1466/728/1466 1480/729/1480 1478/721/1478
f 528/1367/528 490/693/490 590/692/590
f 53/693/53 903/1367/903 947/1374/947
vt 0.3788299858570099 0.0000000000000000
f 1069/661/1069 1070/655/1070 924/1375/924
vt 0.3788369894027710 0.0000000000000000
f 1069/1376/1069 54/661/54 948/1375/948
f 1069/653/1069 948/655/948 1223/661/1223
f 924/659/924 949/661/949 55/1376/55
vt 0.3788479864597321 0.0000000000000000
f 55/1376/55 56/1377/56 950/659/950
f 924/660/924 925/659/925 54/1377/54
f 55/653/55 950/661/950 925/654/925
f 1212/660/1212 950/657/950 890/656/890
f 925/665/925 1071/650/1071 926/657/926
f 1260/657/1260 1297/660/1297 1397/1377/1397
f 1352/657/1352 1353/1377/1353 1334/666/1334
vt 0.4246819913387299 0.0000000000000000
f 54/670/54 925/1377/925 951/1378/951
vt 0.4705280065536499 0.0000000000000000
f 925/1379/925 926/1180/926 951/1378/951
vt 0.5163729786872864 0.0000000000000000
vt 0.5502399802207947 0.0000000000000000
f 53/1380/53 948/1381/948 951/1228/951
f 53/1228/53 1223/1213/1223 948/1380/948
vt 0.5841069817543030 0.0000000000000000
f 19/1381/19 644/1382/644 543/1242/543
f 949/1242/949 758/1228/758 56/1381/56
f 1163/1380/1163 303/1213/303 304/1379/304
f 276/665/276 1187/657/1187 104/666/104
f 19/663/19 927/662/927 644/666/644
vt 0.6518419981002808 0.0000000000000000
vt 0.6179739832878113 0.0000000000000000
f 644/1383/644 927/1256/927 73/1384/73
f 1070/667/1070 927/637/927 19/663/19
vt 0.6997539997100830 0.0330840013921261
f 1069/1383/1069 73/1385/73 927/1256/927
f 941/666/941 916/668/916 1063/663/1063
f 643/1382/643 23/1384/23 649/1242/649
f 746/1377/746 498/668/498 497/666/497
f 330/663/330 1224/668/1224 1201/667/1201
f 477/669/477 221/633/221 465/668/465
f 879/668/879 73/670/73 1069/669/1069
f 759/674/759 661/629/661 558/670/558
f 661/668/661 559/1377/559 574/670/574
f 760/670/760 559/675/559 661/674/661
f 576/675/576 560/672/560 561/671/561
f 1394/676/1394 1387/601/1387 1368/672/1368
f 150/672/150 1172/675/1172 105/677/105
f 594/670/594 676/1378/676 500/675/500
f 1560/672/1560 1475/677/1475 1474/676/1474
f 559/1182/559 576/597/576 561/677/561
f 559/1378/559 561/1182/561 574/677/574
f 560/1180/560 545/1179/545 646/1183/646
f 263/675/263 387/1378/387 415/677/415
f 741/1177/741 486/1180/486 831/1213/831
f 560/1213/560 646/1180/646 577/1379/577
f 639/1378/639 867/1180/867 537/1183/537
f 561/1384/561 577/1256/577 646/1242/646
f 143/1183/143 1064/1182/1064 940/1378/940
vt 0.3588429987430573 0.1213710010051727
vt 0.3587389886379242 0.1244589984416962
f 330/1386/330 105/710/105 74/1387/74
vt 0.3585120141506195 0.1310639977455139
f 761/1387/761 662/706/662 561/1388/561
f 762/712/762 647/1371/647 21/713/21
f 1541/724/1541 1202/713/1202 1173/1371/1173
f 20/1386/20 761/1371/761 561/712/561
vt 0.3579800128936768 0.1459890007972717
f 1147/778/1147 579/1389/579 562/1388/562
vt 0.3575550019741058 0.1575610041618347
vt 0.3575159907341003 0.1586109995841980
f 20/1390/20 772/769/772 761/1391/761
vt 0.3573639988899231 0.1626559942960739
f 761/1391/761 575/768/575 662/1392/662
vt 0.3576749861240387 0.1543080061674118
f 543/1389/543 558/773/558 575/1393/575
vt 0.3575949966907501 0.1564770042896271
f 762/1393/762 713/771/713 647/1394/647
f 732/1394/732 563/770/563 664/1390/664
f 647/712/647 546/710/546 645/1386/645
f 1356/1387/1356 1347/707/1347 1335/706/1335
f 547/1388/547 645/706/645 576/709/576
f 547/709/547 559/778/559 760/1388/760
f 21/778/21 547/776/547 760/1389/760
f 693/773/693 694/1389/694 629/776/629
f 629/1393/629 610/773/610 714/771/714
f 629/1394/629 609/771/609 631/770/631
f 694/763/694 609/1392/609 629/768/629
f 1520/1391/1520 1404/769/1404 1415/768/1415
f 629/774/629 631/773/631 610/776/610
f 631/1390/631 1141/770/1141 1142/769/1142
f 1141/710/1141 611/707/611 632/1387/632
f 1141/763/1141 632/879/632 1142/1392/1142
vt 0.3568210005760193 0.1764360070228577
vt 0.3568229973316193 0.1763869971036911
f 715/869/715 773/1395/773 663/1396/663
vt 0.3568190038204193 0.1764869987964630
f 1169/1395/1169 305/868/305 1167/1397/1167
f 1509/866/1509 1447/869/1447 1483/870/1483
f 1142/1396/1142 632/870/632 611/869/611
f 1084/869/1084 989/868/989 1077/1395/1077
f 631/870/631 1142/1396/1142 610/871/610
vt 0.3568150103092194 0.1765920072793961
f 1148/867/1148 613/1321/613 697/1398/697
f 610/1397/610 1240/868/1240 695/1398/695
f 713/868/713 695/867/695 725/1398/725
f 285/857/285 289/867/289 1168/860/1168
f 762/867/762 714/857/714 695/1321/695
f 657/873/657 643/871/643 764/875/764
f 1241/1396/1241 1143/875/1143 726/871/726
f 937/873/937 346/872/346 91/871/91
f 726/875/726 1143/879/1143 31/877/31
f 143/875/143 918/877/918 1064/876/1064
f 63/875/63 892/1396/892 868/1392/868
f 555/848/555 565/856/565 536/855/536
f 1520/1315/1520 106/847/106 1418/845/1418
f 1173/848/1173 1170/847/1170 149/856/149
f 566/871/566 565/863/565 535/870/535
f 1143/875/1143 728/1392/728 32/879/32
f 917/841/917 916/830/916 1065/827/1065
f 379/768/379 397/764/397 1102/763/1102
f 905/879/905 130/763/130 312/880/312
f 935/898/935 1208/993/1208 1055/1309/1055
f 728/989/728 729/1310/729 730/992/730
f 1144/1010/1144 32/1311/32 730/989/730
f 888/1010/888 864/1001/864 61/1009/61
f 1276/993/1276 1327/992/1327 1271/1310/1271
f 1144/1083/1144 730/1082/730 1242/1085/1242
f 1141/1079/1141 1242/1330/1242 1145/1082/1145
f 694/989/694 715/996/715 727/1010/727
f 741/989/741 424/992/424 379/990/379
f 729/1079/729 34/1093/34 730/1111/730
f 767/1111/767 14/1329/14 766/1079/766
f 694/1079/694 1144/1082/1144 1243/1080/1243
f 694/1111/694 727/1098/727 1144/1110/1144
vt 0.3788369894027710 0.4960550069808960
f 694/1399/694 1243/1160/1243 609/1159/609
f 1211/1163/1211 889/1161/889 887/1160/887
f 620/1212/620 599/1176/599 619/1115/619
vt 0.4934499859809875 0.4960550069808960
f 1445/1212/1445 1453/1226/1453 1146/1400/1146
vt 0.4705280065536499 0.4960550069808960
f 40/1400/40 887/1401/887 1208/1212/1208
vt 0.4017600119113922 0.4960550069808960
f 1555/1402/1555 881/1399/881 905/1159/905
f 728/1159/728 1146/1176/1146 1453/1402/1453
vt 0.4246819913387299 0.4960550069808960
f 889/1403/889 61/1402/61 60/1176/60
f 726/1212/726 31/1403/31 727/1176/727
vt 0.4476050138473511 0.4960550069808960
f 1418/1401/1418 1202/1404/1202 1541/1212/1541
f 1143/1403/1143 1146/1212/1146 728/1404/728
vt 0.5163729786872864 0.4960550069808960
f 548/1400/548 578/1226/578 1241/1405/1241
f 1455/1354/1455 1436/1160/1436 1461/1399/1461
vt 0.5392950177192688 0.4960550069808960
f 628/1406/628 691/1405/691 712/1240/712
f 1455/1226/1455 1461/1240/1461 1462/1405/1462
vt 0.5622180104255676 0.4960550069808960
f 549/1240/549 1462/1407/1462 1441/1406/1441
vt 0.5851410031318665 0.4960550069808960
f 164/1240/164 184/1254/184 390/1408/390
f 1463/1408/1463 1437/1407/1437 1456/1240/1456
vt 0.6309859752655029 0.4960550069808960
f 1463/1254/1463 1456/1268/1456 1442/1409/1442
vt 0.6080629825592041 0.4960550069808960
f 164/1409/164 442/1410/442 394/1254/394
vt 0.6768310070037842 0.4960550069808960
f 1463/1268/1463 1470/1281/1470 1465/1411/1465
vt 0.6539080142974854 0.4960550069808960
f 1322/1411/1322 1327/1412/1327 1306/1268/1306
f 1465/1254/1465 1470/1410/1470 1476/1408/1476
f 1465/1268/1465 1476/1412/1476 1457/1409/1457
f 1457/1350/1457 1466/1163/1466 1458/1160/1458
vt 0.0499450005590916 0.0661550015211105
vt 0.0000000000000000 0.0330859981477261
vt 0.0499450005590916 0.0330859981477261
f 1225/1413/1225 23/1414/23 883/1415/883
vt 0.0499450005590916 0.0992219969630241
vt 0.0000000000000000 0.0661550015211105
f 1463/1416/1463 1465/1417/1465 1458/1413/1458
vt 0.0499450005590916 0.1322759985923767
vt 0.0000000000000000 0.0992219969630241
f 1466/1418/1466 1478/1419/1478 1479/1416/1479
vt 0.0499450005590916 0.1652860045433044
vt 0.0000000000000000 0.1322759985923767
f 520/1420/520 749/1421/749 517/1418/517
vt 0.0499450005590916 0.1982900053262711
vt 0.0000000000000000 0.1652860045433044
f 1437/1422/1437 1466/1423/1466 1479/1420/1479
vt 0.0499450005590916 0.2312940061092377
vt 0.0000000000000000 0.1982900053262711
f 1478/1424/1478 1467/1425/1467 1479/1422/1479
vt 0.0499450005590916 0.2643080055713654
vt 0.0000000000000000 0.2312940061092377
f 1436/1426/1436 1467/1427/1467 1461/1424/1461
vt 0.0499450005590916 0.2973510026931763
vt 0.0000000000000000 0.2643080055713654
f 1436/1428/1436 1479/1429/1479 1467/1426/1467
vt 0.0499450005590916 0.3304210007190704
vt 0.0000000000000000 0.2973510026931763
f 1437/1430/1437 1479/1431/1479 1456/1428/1456
vt 0.0499450005590916 0.3634909987449646
vt 0.0000000000000000 0.3304210007190704
f 1454/1432/1454 1443/1433/1443 1444/1430/1444
vt 0.0499450005590916 0.3965969979763031
vt 0.0000000000000000 0.3634909987449646
f 1454/1434/1454 1483/1435/1483 1447/1432/1447
vt 0.0499450005590916 0.4297409951686859
vt 0.0000000000000000 0.3965969979763031
f 164/1436/164 443/1437/443 163/1434/163
vt 0.0499450005590916 0.4628979861736298
vt 0.0000000000000000 0.4297409951686859
f 1455/1438/1455 1456/1439/1456 1479/1436/1479
vt 0.0998819991946220 0.0661550015211105
f 1454/1440/1454 1444/1413/1444 1483/1415/1483
vt 0.0998819991946220 0.0330859981477261
f 1492/1415/1492 1499/1441/1499 1443/1440/1443
vt 0.0998819991946220 0.0992219969630241
f 24/1442/24 720/1416/720 706/1413/706
f 816/1413/816 784/1440/784 487/1442/487
vt 0.0998819991946220 0.1322759985923767
f 1492/1443/1492 1454/1418/1454 1448/1416/1448
f 1492/1416/1492 1443/1442/1443 1454/1443/1454
vt 0.0998819991946220 0.1652860045433044
f 257/1444/257 235/1420/235 419/1418/419
f 1493/1418/1493 1470/1443/1470 1464/1444/1464
vt 0.0998819991946220 0.1982900053262711
f 1464/1445/1464 1470/1422/1470 1463/1420/1463
f 1520/1420/1520 1418/1444/1418 1404/1445/1404
vt 0.0998819991946220 0.2312940061092377
f 968/1446/968 966/1424/966 192/1422/192
f 1085/1422/1085 962/1445/962 999/1446/999
vt 0.0998819991946220 0.2643080055713654
f 529/1447/529 422/1426/422 1024/1424/1024
f 1464/1424/1464 1444/1446/1444 1443/1447/1443
vt 0.0998819991946220 0.2973510026931763
f 1464/1448/1464 1442/1428/1442 1444/1426/1444
f 1429/1426/1429 1430/1447/1430 1423/1448/1423
vt 0.0998819991946220 0.3304210007190704
f 1509/1449/1509 1448/1430/1448 1447/1428/1447
f 1423/1428/1423 1524/1448/1524 1530/1449/1530
vt 0.0998819991946220 0.3634909987449646
f 1358/1450/1358 7/1432/7 3/1430/3
f 990/1430/990 1079/1449/1079 355/1450/355
vt 0.0998819991946220 0.3965969979763031
f 1240/1451/1240 1247/1434/1247 725/1432/725
f 1423/1432/1423 1530/1450/1530 1424/1451/1424
vt 0.0998819991946220 0.4297409951686859
f 1142/1452/1142 611/1436/611 1239/1434/1239
f 1509/1434/1509 1424/1451/1424 1501/1452/1501
vt 0.0998819991946220 0.4628979861736298
f 692/1453/692 658/1438/658 657/1436/657
f 1509/1436/1509 1501/1452/1501 1448/1453/1448
vt 0.1498170047998428 0.0661550015211105
f 604/1454/604 603/1440/603 602/1441/602
vt 0.1498170047998428 0.0330859981477261
f 604/1441/604 753/1455/753 605/1454/605
vt 0.1498170047998428 0.0992219969630241
f 620/1456/620 707/1442/707 684/1440/684
f 1510/1440/1510 1405/1454/1405 1511/1456/1511
vt 0.1498170047998428 0.1322759985923767
f 636/1457/636 1149/1443/1149 718/1442/718
f 1531/1442/1531 1410/1456/1410 1516/1457/1516
vt 0.1498170047998428 0.1652860045433044
f 679/1458/679 699/1444/699 615/1443/615
f 1531/1443/1531 1526/1457/1526 1410/1458/1410
vt 0.1498170047998428 0.1982900053262711
f 1531/1459/1531 1516/1445/1516 1426/1444/1426
f 1261/1444/1261 1291/1458/1291 1326/1459/1326
vt 0.1498170047998428 0.2312940061092377
f 1512/1460/1512 1419/1446/1419 1434/1445/1434
f 331/1445/331 1221/1459/1221 288/1460/288
vt 0.1498170047998428 0.2643080055713654
f 396/1461/396 427/1447/427 336/1446/336
f 1426/1446/1426 1484/1460/1484 1512/1461/1512
vt 0.1498170047998428 0.2973510026931763
f 510/1462/510 508/1448/508 482/1447/482
f 1426/1447/1426 1512/1461/1512 1431/1462/1431
vt 0.1498170047998428 0.3304210007190704
f 1425/1463/1425 1532/1449/1532 1432/1448/1432
f 1540/1448/1540 1527/1462/1527 1433/1463/1433
vt 0.1498170047998428 0.3634909987449646
f 387/1464/387 392/1450/392 415/1449/415
f 216/1449/216 217/1463/217 470/1464/470
vt 0.1498170047998428 0.3965969979763031
f 1525/1465/1525 1526/1451/1526 1527/1450/1527
f 1416/1450/1416 1546/1464/1546 1550/1465/1550
vt 0.1498170047998428 0.4297409951686859
f 1547/1466/1547 1557/1452/1557 1412/1451/1412
f 1416/1451/1416 1550/1465/1550 1411/1466/1411
vt 0.1498170047998428 0.4628979861736298
f 368/1467/368 414/1453/414 229/1452/229
f 1416/1452/1416 1485/1466/1485 1517/1467/1517
vt 0.1997449994087219 0.0661550015211105
f 1485/1468/1485 1518/1454/1518 1486/1455/1486
vt 0.1997449994087219 0.0330859981477261
f 853/1455/853 1012/1469/1012 532/1468/532
vt 0.1997449994087219 0.0992219969630241
f 1485/1470/1485 1486/1456/1486 1517/1454/1517
f 50/1454/50 940/1468/940 49/1470/49
vt 0.1997449994087219 0.1322759985923767
f 533/1471/533 1114/1457/1114 737/1456/737
f 1416/1456/1416 1517/1470/1517 1546/1471/1546
vt 0.1997449994087219 0.1652860045433044
f 342/1472/342 359/1458/359 358/1457/358
f 1546/1457/1546 1417/1471/1417 1487/1472/1487
vt 0.1997449994087219 0.1982900053262711
f 692/1473/692 613/1459/613 1139/1458/1139
f 1410/1458/1410 1550/1472/1550 1487/1473/1487
vt 0.1997449994087219 0.2312940061092377
f 993/1474/993 375/1460/375 422/1459/422
f 1554/1459/1554 1551/1473/1551 1412/1474/1412
vt 0.1997449994087219 0.2643080055713654
f 1485/1475/1485 1412/1461/1412 1518/1460/1518
f 1547/1460/1547 1412/1474/1412 1485/1475/1485
vt 0.1997449994087219 0.2973510026931763
f 277/1476/277 937/1462/937 91/1461/91
f 1411/1461/1411 1557/1475/1557 1547/1476/1547
vt 0.1997449994087219 0.3304210007190704
f 1411/1477/1411 1519/1463/1519 1557/1462/1557
f 643/1462/643 757/1476/757 573/1477/573
vt 0.1997449994087219 0.3634909987449646
f 643/1478/643 775/1464/775 764/1463/764
f 879/1463/879 1223/1477/1223 74/1478/74
vt 0.1997449994087219 0.3965969979763031
f 2/1479/2 1383/1465/1383 4/1464/4
f 1223/1464/1223 1224/1478/1224 74/1479/74
vt 0.1997449994087219 0.4297409951686859
f 884/1480/884 776/1466/776 765/1465/765
f 1260/1465/1260 1397/1479/1397 1311/1480/1311
vt 0.1997449994087219 0.4628979861736298
f 53/1481/53 952/1467/952 1224/1466/1224
f 1382/1466/1382 1386/1480/1386 1394/1481/1394
vt 0.2496359944343567 0.0661550015211105
f 1224/1482/1224 952/1468/952 1201/1469/1201
vt 0.2496359944343567 0.0330859981477261
f 1201/1469/1201 952/1483/952 1171/1482/1171
vt 0.2496359944343567 0.0992219969630241
f 550/1484/550 543/1470/543 644/1468/644
f 550/1468/550 644/1482/644 880/1484/880
vt 0.2496359944343567 0.1157490015029907
vt 0.2496359944343567 0.1322759985923767
f 879/1485/879 74/1486/74 73/1471/73
f 231/1470/231 184/1484/184 253/1485/253
f 880/1471/880 644/1470/644 73/1485/73
vt 0.2496359944343567 0.1652860045433044
f 74/1487/74 880/1472/880 73/1471/73
f 1068/1471/1068 49/1486/49 941/1487/941
vt 0.2496359944343567 0.1817879974842072
vt 0.2496359944343567 0.1982900053262711
f 1068/1488/1068 941/1489/941 49/1473/49
f 74/1472/74 105/1487/105 880/1488/880
f 1147/1473/1147 562/1472/562 35/1488/35
vt 0.2496359944343567 0.2147919982671738
vt 0.2496359944343567 0.2312940061092377
f 593/1490/593 826/1491/826 676/1474/676
f 1115/1473/1115 737/1489/737 738/1490/738
f 739/1474/739 643/1473/643 621/1490/621
vt 0.2496359944343567 0.2643080055713654
f 579/1492/579 759/1475/759 558/1474/558
f 891/1474/891 1213/1491/1213 867/1492/867
vt 0.2496359944343567 0.2973510026931763
f 562/1493/562 558/1476/558 543/1475/543
f 21/1475/21 579/1492/579 696/1493/696
vt 0.2496359944343567 0.3304210007190704
f 762/1494/762 21/1477/21 696/1476/696
f 633/1476/633 717/1493/717 634/1494/634
vt 0.2496359944343567 0.3634909987449646
f 425/1495/425 232/1478/232 525/1477/525
f 382/1477/382 242/1494/242 452/1495/452
vt 0.2496359944343567 0.3965969979763031
f 693/1496/693 630/1479/630 773/1478/773
f 630/1478/630 717/1495/717 773/1496/773
vt 0.2496359944343567 0.4297409951686859
f 762/1497/762 717/1480/717 630/1479/630
f 762/1479/762 696/1496/696 717/1497/717
vt 0.2496359944343567 0.4628979861736298
f 1183/1498/1183 299/1481/299 1162/1480/1162
f 696/1480/696 634/1497/634 717/1498/717
vt 0.2870180010795593 0.0165429990738630
vt 0.2994790077209473 0.0165429990738630
vt 0.2994790077209473 0.0330859981477261
f 569/1499/569 523/1500/523 1022/1501/1022
vt 0.2745569944381714 0.0330859981477261
vt 0.2745569944381714 0.0165429990738630
f 625/1502/625 626/1503/626 653/1499/653
f 548/1501/548 648/1502/648 774/1499/774
vt 0.2496359944343567 0.0165429990738630
f 671/1502/671 1028/1483/1028 1024/1504/1024
f 648/1504/648 663/1503/663 774/1502/774
vt 0.2870180010795593 0.0082719996571541
f 773/1500/773 664/1499/664 663/1505/663
vt 0.2994790077209473 0.0082719996571541
f 1399/1505/1399 1284/1506/1284 1272/1500/1272
vt 0.2745569944381714 0.0082719996571541
f 633/1499/633 664/1503/664 773/1507/773
f 549/1507/549 578/1505/578 551/1499/551
vt 0.2994790077209473 0.0661550015211105
f 763/1502/763 1455/1501/1455 1462/1508/1462
f 805/1482/805 220/1483/220 852/1502/852
f 763/1508/763 1456/1482/1456 1455/1502/1455
vt 0.2994790077209473 0.0826879963278770
vt 0.2994790077209473 0.0992219969630241
vt 0.2745569944381714 0.0992219969630241
f 1279/1509/1279 1376/1510/1376 1366/1511/1366
f 1555/1511/1555 1483/1484/1483 1444/1482/1444
f 75/1482/75 551/1508/551 563/1509/563
f 928/1509/928 1555/1511/1555 1444/1482/1444
vt 0.2994790077209473 0.1240129992365837
vt 0.2994790077209473 0.1322759985923767
vt 0.2745569944381714 0.1322759985923767
f 1555/1512/1555 1515/1513/1515 1483/1514/1483
vt 0.2745569944381714 0.1157490015029907
vt 0.2994790077209473 0.1157490015029907
f 1520/1515/1520 1415/1516/1415 1515/1512/1515
f 1418/1514/1418 1525/1515/1525 1404/1512/1404
f 1101/1514/1101 477/1486/477 210/1485/210
f 1418/1485/1418 1526/1515/1526 1525/1514/1525
f 1541/1515/1541 1410/1485/1410 1526/1484/1526
f 344/1484/344 360/1511/360 984/1515/984
f 289/1516/289 150/1515/150 1201/1511/1201
f 1172/1511/1172 35/1510/35 731/1516/731
vt 0.2745569944381714 0.1652860045433044
vt 0.2994790077209473 0.1487810015678406
f 612/1517/612 1147/1514/1147 35/1518/35
f 1379/1514/1379 1378/1513/1378 1280/1518/1280
vt 0.2994790077209473 0.1652860045433044
f 1140/1518/1140 1134/1519/1134 1232/1517/1232
f 1140/1517/1140 1232/1487/1232 1134/1486/1134
f 1172/1486/1172 612/1514/612 35/1517/35
vt 0.2994790077209473 0.1982900053262711
vt 0.2745569944381714 0.1982900053262711
vt 0.2745569944381714 0.1817879974842072
f 790/1520/790 853/1521/853 836/1522/836
vt 0.2994790077209473 0.1817879974842072
f 635/1522/635 716/1523/716 1147/1520/1147
f 612/1521/612 635/1489/635 1147/1488/1147
f 635/1488/635 634/1522/634 716/1521/716
f 1322/1522/1322 1294/1488/1294 1307/1487/1307
f 635/1487/635 1244/1517/1244 634/1522/634
vt 0.2994790077209473 0.1735370010137558
f 983/1524/983 461/1523/461 1214/1522/1214
f 763/1517/763 551/1519/551 904/1524/904
f 921/1522/921 876/1517/876 877/1524/877
vt 0.2994790077209473 0.2312940061092377
vt 0.2745569944381714 0.2312940061092377
vt 0.2745569944381714 0.2147919982671738
f 75/1525/75 904/1526/904 551/1527/551
vt 0.2994790077209473 0.2147919982671738
f 928/1527/928 881/1528/881 1555/1525/1555
f 1365/1526/1365 1279/1491/1279 1366/1490/1366
f 1279/1490/1279 1373/1527/1373 1376/1526/1376
f 1014/1527/1014 854/1490/854 1044/1489/1044
f 928/1489/928 76/1521/76 881/1527/881
vt 0.2994790077209473 0.2065410017967224
f 1379/1529/1379 1362/1528/1362 1278/1527/1278
f 1255/1521/1255 1352/1520/1352 1286/1529/1286
f 1555/1527/1555 905/1521/905 1520/1529/1520
vt 0.2994790077209473 0.2478010058403015
f 1520/1526/1520 905/1525/905 106/1530/106
vt 0.2994790077209473 0.2643080055713654
f 1541/1530/1541 1173/1531/1173 1533/1492/1533
f 945/1492/945 1221/1491/1221 946/1526/946
f 612/1526/612 311/1530/311 635/1492/635
vt 0.2994790077209473 0.2808290123939514
vt 0.2994790077209473 0.2973510026931763
f 1244/1532/1244 151/1533/151 732/1493/732
f 732/1492/732 126/1531/126 75/1532/75
f 198/1493/198 453/1492/453 953/1532/953
vt 0.2994790077209473 0.3138859868049622
vt 0.2994790077209473 0.3304210007190704
f 485/1534/485 672/1535/672 1030/1494/1030
f 732/1493/732 151/1533/151 126/1534/126
f 586/1494/586 1023/1493/1023 1118/1534/1118
vt 0.2994790077209473 0.3469560146331787
vt 0.2994790077209473 0.3634909987449646
f 904/1536/904 128/1537/128 76/1495/76
f 76/1494/76 129/1535/129 881/1536/881
f 159/1495/159 183/1494/183 389/1536/389
vt 0.2994790077209473 0.3800440132617950
vt 0.2994790077209473 0.3965969979763031
f 76/1538/76 128/1539/128 129/1496/129
f 905/1495/905 312/1537/312 106/1538/106
f 106/1496/106 1175/1495/1175 1202/1538/1202
vt 0.2994790077209473 0.4131689965724945
vt 0.2994790077209473 0.4297409951686859
f 64/1540/64 65/1541/65 866/1497/866
f 1202/1496/1202 1175/1539/1175 331/1540/331
f 1245/1497/1245 697/1496/697 719/1540/719
vt 0.2994790077209473 0.4463190138339996
vt 0.2994790077209473 0.4628979861736298
f 843/1542/843 793/1543/793 779/1498/779
f 718/1497/718 1246/1541/1246 311/1542/311
f 572/1498/572 783/1497/783 557/1542/557
vt 0.3118950128555298 0.0165429990738630
vt 0.3243109881877899 0.0165429990738630
vt 0.3243109881877899 0.0330859981477261
f 311/1544/311 733/1545/733 1174/1546/1174
f 106/1501/106 312/1500/312 1175/1544/1175
f 368/1546/368 162/1501/162 440/1544/440
vt 0.3181029856204987 0.0082719996571541
vt 0.3243109881877899 0.0082719996571541
f 151/1547/151 107/1548/107 126/1545/126
vt 0.3118950128555298 0.0082719996571541
f 1122/1544/1122 495/1549/495 494/1547/494
f 126/1545/126 77/1544/77 127/1547/127
vt 0.3056870102882385 0.0082719996571541
f 127/1550/127 882/1549/882 128/1544/128
f 1389/1500/1389 1381/1506/1381 1380/1550/1380
f 567/1544/567 660/1500/660 772/1550/772
vt 0.3056870102882385 0.0041359998285770
f 1205/1549/1205 72/1550/72 896/1551/896
vt 0.3118950128555298 0.0041359998285770
f 128/1551/128 1225/1552/1225 129/1549/129
vt 0.2994790077209473 0.0041359998285770
f 1284/1550/1284 1385/1506/1385 1363/1553/1363
f 129/1553/129 883/1551/883 130/1550/130
vt 0.3212069869041443 0.0041359998285770
vt 0.3243109881877899 0.0041359998285770
f 129/1554/129 1225/1555/1225 883/1548/883
vt 0.3181029856204987 0.0041359998285770
f 130/1547/130 884/1556/884 312/1554/312
f 1175/1548/1175 929/1547/929 331/1554/331
vt 0.3149990141391754 0.0041359998285770
f 697/1557/697 764/1556/764 775/1547/775
f 1437/1549/1437 1458/1552/1458 1466/1557/1466
f 719/1547/719 775/1549/775 1149/1557/1149
vt 0.3165509998798370 0.0020679999142885
vt 0.3181029856204987 0.0020679999142885
f 1246/1558/1246 22/1559/22 733/1556/733
vt 0.3149990141391754 0.0020679999142885
f 1139/1557/1139 1148/1560/1148 285/1558/285
f 834/1556/834 18/1557/18 643/1558/643
vt 0.3118950128555298 0.0020679999142885
f 77/1557/77 552/1552/552 649/1561/649
f 882/1561/882 649/1560/649 23/1557/23
vt 0.3165509998798370 0.0010339999571443
f 883/1559/883 23/1558/23 776/1562/776
vt 0.3181029856204987 0.0010339999571443
f 238/1562/238 188/1563/188 402/1559/402
vt 0.3149990141391754 0.0010339999571443
f 436/1558/436 435/1560/435 180/1564/180
f 1072/1564/1072 777/1562/777 929/1558/929
vt 0.3227590024471283 0.0020679999142885
vt 0.3243109881877899 0.0020679999142885
f 71/1565/71 875/1566/875 895/1555/895
vt 0.3212069869041443 0.0020679999142885
f 643/1554/643 22/1567/22 775/1565/775
f 1467/1555/1467 1438/1554/1438 1459/1565/1459
vt 0.3196550011634827 0.0020679999142885
f 1446/1568/1446 1503/1567/1503 1502/1554/1502
f 245/1556/245 176/1559/176 153/1568/153
f 1219/1554/1219 1058/1556/1058 42/1568/42
vt 0.3204309940338135 0.0010339999571443
vt 0.3212069869041443 0.0010339999571443
f 33/1569/33 1494/1570/1494 729/1567/729
vt 0.3196550011634827 0.0010339999571443
f 1457/1568/1457 1468/1571/1468 1438/1569/1438
f 1476/1567/1476 1561/1568/1561 1468/1569/1468
vt 0.3188790082931519 0.0010339999571443
f 1492/1572/1492 1449/1571/1449 1476/1568/1476
f 982/1559/982 349/1563/349 202/1572/202
f 1465/1568/1465 1561/1559/1561 1476/1572/1476
vt 0.3188790082931519 0.0005169999785721
f 1465/1571/1465 1476/1572/1476 1561/1573/1561
vt 0.3196550011634827 0.0005169999785721
f 1269/1573/1269 1305/1574/1305 1398/1571/1398
vt 0.3181029856204987 0.0005169999785721
f 1141/1572/1141 637/1563/637 611/1575/611
f 1141/1575/1141 1145/1573/1145 637/1572/637
vt 0.3208189904689789 0.0005169999785721
vt 0.3212069869041443 0.0005169999785721
f 1282/1576/1282 1305/1577/1305 1267/1570/1267
vt 0.3204309940338135 0.0005169999785721
f 1405/1569/1405 1542/1578/1542 1406/1576/1406
f 1431/1570/1431 1434/1569/1434 1534/1576/1534
vt 0.3200429975986481 0.0005169999785721
f 1530/1579/1530 1536/1578/1536 1504/1569/1504
f 1491/1571/1491 1501/1574/1501 1504/1579/1504
f 1545/1569/1545 1419/1571/1419 1512/1579/1512
vt 0.3200429975986481 0.0002579999854788
f 1407/1578/1407 1440/1579/1440 1481/1580/1481
vt 0.3204309940338135 0.0002579999854788
f 56/1580/56 926/1581/926 950/1578/950
vt 0.3196550011634827 0.0002579999854788
f 56/1579/56 950/1574/950 926/1582/926
f 1546/1582/1546 1487/1580/1487 1550/1579/1550
vt 0.3210130035877228 0.0002579999854788
vt 0.3212069869041443 0.0002579999854788
f 950/1583/950 926/1584/926 1071/1577/1071
vt 0.3208189904689789 0.0002579999854788
f 533/1576/533 858/1585/858 1047/1583/1047
f 903/1577/903 78/1576/78 1219/1583/1219
vt 0.3206250071525574 0.0002579999854788
f 1185/1586/1185 911/1585/911 937/1576/937
f 564/1578/564 545/1581/545 544/1586/544
f 564/1576/564 544/1578/544 645/1586/645
vt 0.3207220137119293 0.0001289999927394
vt 0.3208189904689789 0.0001289999927394
f 903/1587/903 922/1588/922 947/1585/947
vt 0.3206250071525574 0.0001289999927394
f 860/1586/860 72/1589/72 1205/1587/1205
f 692/1585/692 657/1586/657 764/1587/764
vt 0.3204309940338135 0.0001289999927394
f 672/1586/672 846/1581/846 819/1590/819
f 772/1590/772 771/1589/771 659/1586/659
vt 0.3207220137119293 0.0000650000001770
f 1349/1588/1349 1351/1587/1351 1350/1591/1350
vt 0.3208189904689789 0.0000650000001770
f 771/1591/771 660/1592/660 758/1588/758
vt 0.3206250071525574 0.0000650000001770
f 236/1587/236 257/1589/257 261/1593/261
f 1154/1593/1154 274/1591/274 112/1587/112
vt 0.3211100101470947 0.0001289999927394
vt 0.3212069869041443 0.0001289999927394
f 1142/1594/1142 1247/1595/1247 1240/1584/1240
vt 0.3210130035877228 0.0001289999927394
f 1142/1583/1142 1239/1596/1239 1247/1594/1247
f 725/1584/725 1247/1583/1247 25/1594/25
vt 0.3209159970283508 0.0001289999927394
f 1544/1597/1544 1537/1596/1537 1506/1583/1506
f 728/1585/728 1453/1588/1453 1494/1597/1494
f 834/1583/834 471/1585/471 218/1597/218
vt 0.3209649920463562 0.0000650000001770
vt 0.3210130035877228 0.0000650000001770
f 991/1598/991 357/1599/357 337/1596/337
vt 0.3209159970283508 0.0000650000001770
f 1478/1597/1478 1480/1600/1480 1467/1598/1467
f 591/1596/591 1122/1597/1122 781/1598/781
vt 0.3208679854869843 0.0000650000001770
f 1461/1601/1461 1467/1600/1467 1459/1597/1459
f 322/1588/322 900/1592/900 97/1601/97
f 1191/1597/1191 323/1588/323 322/1601/322
vt 0.3208679854869843 0.0000319999999192
f 1491/1600/1491 1448/1601/1448 1501/1602/1501
vt 0.3209159970283508 0.0000319999999192
f 2/1602/2 5/1603/5 3/1600/3
vt 0.3208189904689789 0.0000319999999192
f 1540/1601/1540 1433/1592/1433 1510/1604/1510
f 1027/1604/1027 356/1602/356 355/1601/355
vt 0.3209649920463562 0.0000319999999192
f 363/1599/363 1043/1598/1043 243/1605/243
vt 0.3210130035877228 0.0000319999999192
f 1441/1605/1441 1446/1606/1446 1445/1599/1445
vt 0.3209410011768341 0.0000319999999192
f 713/1607/713 25/1605/25 647/1598/647
f 686/1600/686 1235/1603/1235 1136/1607/1136
f 1441/1598/1441 1461/1600/1461 1503/1607/1503
vt 0.3209410011768341 0.0000159999999596
f 1432/1605/1432 1534/1607/1534 1433/1608/1433
vt 0.3209649920463562 0.0000159999999596
f 1533/1608/1533 1519/1609/1519 1411/1605/1411
vt 0.3209159970283508 0.0000159999999596
f 1492/1607/1492 1493/1603/1493 1500/1610/1500
f 1173/1610/1173 331/1608/331 1200/1607/1200
vt 0.3211100101470947 0.0000650000001770
f 1533/1595/1533 149/1594/149 1403/1611/1403
vt 0.3212069869041443 0.0000650000001770
f 1551/1611/1551 1552/1612/1552 1412/1595/1412
f 1558/1594/1558 1523/1596/1523 1421/1599/1421
f 848/1599/848 1009/1611/1009 358/1594/358
vt 0.3227590024471283 0.0010339999571443
f 1554/1566/1554 1414/1565/1414 1409/1613/1409
vt 0.3243109881877899 0.0010339999571443
f 431/1613/431 1042/1614/1042 1011/1566/1011
vt 0.3219830095767975 0.0010339999571443
f 1554/1615/1554 1409/1613/1409 1551/1565/1551
f 1435/1567/1435 1551/1570/1551 1409/1615/1409
f 1533/1565/1533 1403/1567/1403 1428/1615/1428
vt 0.3219830095767975 0.0005169999785721
f 946/1613/946 1221/1615/1221 929/1616/929
vt 0.3227590024471283 0.0005169999785721
f 992/1616/992 349/1617/349 459/1613/459
vt 0.3215950131416321 0.0005169999785721
f 1465/1618/1465 1457/1616/1457 1458/1615/1458
f 946/1570/946 929/1577/929 923/1618/923
f 757/1615/757 923/1570/923 777/1618/777
vt 0.3215950131416321 0.0002579999854788
f 1105/1616/1105 212/1618/212 969/1619/969
vt 0.3219830095767975 0.0002579999854788
f 533/1619/533 1047/1620/1047 859/1616/859
vt 0.3214010000228882 0.0002579999854788
f 892/1621/892 43/1619/43 1058/1618/1058
f 1344/1577/1344 1046/1584/1046 1047/1621/1047
f 639/1618/639 65/1577/65 867/1621/867
vt 0.3214010000228882 0.0001289999927394
f 64/1619/64 867/1621/867 65/1622/65
vt 0.3215950131416321 0.0001289999927394
f 64/1622/64 891/1623/891 867/1619/867
f 64/1621/64 63/1584/63 891/1595/891
f 1211/1595/1211 1210/1622/1210 888/1621/888
vt 0.3305200040340424 0.0082719996571541
f 64/1545/64 866/1548/866 892/1624/892
vt 0.3367280066013336 0.0082719996571541
f 336/1624/336 346/1625/346 361/1545/361
vt 0.3305200040340424 0.0041359998285770
f 891/1625/891 63/1624/63 1212/1626/1212
vt 0.3367280066013336 0.0041359998285770
f 971/1626/971 168/1627/168 1108/1625/1108
vt 0.3274160027503967 0.0041359998285770
f 1213/1628/1213 890/1626/890 555/1624/555
f 891/1548/891 1212/1555/1212 1213/1628/1213
f 1213/1624/1213 1212/1548/1212 890/1628/890
vt 0.3274160027503967 0.0020679999142885
f 527/1626/527 232/1628/232 1026/1629/1026
vt 0.3305200040340424 0.0020679999142885
f 890/1629/890 56/1630/56 567/1626/567
f 856/1628/856 1045/1555/1045 1049/1566/1049
f 567/1566/567 56/1629/56 660/1628/660
vt 0.3243109881877899 0.0992219969630241
f 195/1631/195 1098/1510/1098 462/1509/462
vt 0.3243109881877899 0.0826879963278770
f 826/1509/826 1259/1632/1259 515/1631/515
f 62/1632/62 1058/1509/1058 78/1508/78
vt 0.3243109881877899 0.0661550015211105
f 548/1508/548 726/1633/726 648/1632/648
vt 0.3305200040340424 0.1240129992365837
vt 0.3367280066013336 0.1240129992365837
vt 0.3367280066013336 0.1322759985923767
f 566/1634/566 536/1635/536 565/1636/565
vt 0.3243109881877899 0.1322759985923767
vt 0.3243109881877899 0.1240129992365837
f 548/1637/548 1241/1638/1241 726/1634/726
f 536/1636/536 639/1637/639 537/1634/537
vt 0.3305200040340424 0.1198809966444969
f 500/1635/500 676/1634/676 515/1639/515
vt 0.3367280066013336 0.1198809966444969
f 555/1639/555 536/1640/536 537/1635/537
vt 0.3243109881877899 0.1198809966444969
f 728/1634/728 33/1638/33 729/1641/729
f 516/1641/516 501/1639/501 514/1634/514
vt 0.3243109881877899 0.1157490015029907
f 652/1639/652 752/1641/752 15/1642/15
vt 0.3305200040340424 0.1157490015029907
f 652/1642/652 651/1643/651 752/1639/752
vt 0.3367280066013336 0.1178150027990341
f 566/1644/566 535/1640/535 767/1639/767
vt 0.3367280066013336 0.1157490015029907
f 889/1643/889 888/1645/888 61/1644/61
f 1286/1639/1286 1333/1643/1333 1289/1644/1289
vt 0.3398320078849792 0.1198809966444969
f 638/1646/638 767/1640/767 535/1644/535
vt 0.3398320078849792 0.1178150027990341
f 1143/1644/1143 32/1647/32 31/1646/31
f 638/1647/638 14/1644/14 767/1645/767
vt 0.3118950128555298 0.1322759985923767
vt 0.3118950128555298 0.1240129992365837
f 766/1637/766 14/1648/14 646/1649/646
f 766/1649/766 646/1638/646 545/1637/545
f 1083/1648/1083 1108/1513/1108 469/1512/469
f 593/1512/593 1015/1649/1015 826/1648/826
f 534/1649/534 593/1512/593 1032/1516/1032
vt 0.3118950128555298 0.1157490015029907
f 751/1516/751 768/1650/768 652/1649/652
f 619/1641/619 1129/1638/1129 1239/1649/1239
f 751/1650/751 13/1642/13 768/1641/768
f 751/1649/751 652/1650/652 766/1641/766
vt 0.3243109881877899 0.1074849963188171
f 751/1651/751 545/1642/545 564/1650/564
f 1181/1650/1181 273/1516/273 1180/1510/1180
f 808/1510/808 499/1631/499 1259/1651/1259
f 685/1651/685 708/1650/708 600/1510/600
vt 0.3367280066013336 0.1116169989109039
f 85/1652/85 83/1645/83 271/1643/271
f 620/1643/620 600/1642/600 707/1651/707
vt 0.3367280066013336 0.1074849963188171
f 620/1651/620 685/1653/685 600/1652/600
f 1123/1652/1123 511/1643/511 495/1651/495
f 24/1653/24 618/1651/618 720/1631/720
vt 0.3367280066013336 0.0992219969630241
f 317/1631/317 1179/1654/1179 315/1653/315
vt 0.3305200040340424 0.1652860045433044
vt 0.3243109881877899 0.1652860045433044
vt 0.3243109881877899 0.1570329964160919
f 601/1655/601 617/1656/617 685/1657/685
vt 0.3367280066013336 0.1570329964160919
vt 0.3367280066013336 0.1652860045433044
f 1130/1658/1130 598/1659/598 1226/1655/1226
f 850/1657/850 1010/1658/1010 643/1655/643
vt 0.3243109881877899 0.1487810015678406
f 817/1658/817 589/1657/589 670/1660/670
vt 0.3118950128555298 0.1652860045433044
f 685/1657/685 617/1656/617 706/1661/706
f 590/1661/590 510/1519/510 670/1518/670
f 509/1518/509 493/1660/493 744/1657/744
f 1130/1657/1130 706/1661/706 617/1518/617
f 1514/1648/1514 1482/1637/1482 1549/1660/1549
f 24/1518/24 706/1513/706 1130/1648/1130
f 1130/1660/1130 617/1518/617 598/1648/598
vt 0.3367280066013336 0.1941650062799454
vt 0.3367280066013336 0.1982900053262711
vt 0.3305200040340424 0.1982900053262711
f 1408/1662/1408 1481/1663/1481 1543/1664/1543
vt 0.3243109881877899 0.1982900053262711
vt 0.3243109881877899 0.1900389939546585
f 539/1664/539 524/1665/524 523/1666/523
vt 0.3367280066013336 0.1900389939546585
f 601/1666/601 619/1667/619 617/1662/617
f 413/1662/413 440/1664/440 392/1666/392
vt 0.3305200040340424 0.1817879974842072
vt 0.3367280066013336 0.1817879974842072
vt 0.3367280066013336 0.1859139949083328
f 686/1668/686 1137/1669/1137 1235/1670/1235
f 686/1670/686 710/1667/710 298/1666/298
vt 0.3243109881877899 0.1817879974842072
f 619/1666/619 598/1671/598 617/1668/617
f 1130/1668/1130 1226/1670/1226 1227/1666/1227
vt 0.3118950128555298 0.1982900053262711
vt 0.3118950128555298 0.1817879974842072
f 1128/1672/1128 611/1673/611 637/1666/637
f 603/1673/603 739/1671/739 602/1666/602
f 705/1666/705 637/1665/637 34/1672/34
f 704/1672/704 1560/1520/1560 12/1523/12
f 683/1523/683 704/1673/704 618/1672/618
vt 0.3243109881877899 0.1776629984378815
f 1560/1674/1560 681/1671/681 1475/1673/1475
vt 0.3118950128555298 0.1735370010137558
vt 0.3243109881877899 0.1735370010137558
f 705/1675/705 681/1676/681 704/1674/704
f 1039/1673/1039 1038/1675/1038 849/1674/849
f 830/1673/830 843/1523/843 779/1524/779
f 231/1524/231 390/1675/390 184/1673/184
f 683/1675/683 705/1524/705 704/1519/704
f 678/1519/678 595/1661/595 479/1675/479
vt 0.3243109881877899 0.1694110035896301
f 705/1677/705 34/1676/34 729/1675/729
f 1169/1661/1169 83/1656/83 1179/1677/1179
f 1137/1675/1137 1234/1661/1234 1235/1677/1235
vt 0.3398320078849792 0.1817879974842072
vt 0.3367280066013336 0.1797250062227249
f 705/1678/705 729/1669/729 681/1679/681
vt 0.3398320078849792 0.1797250062227249
f 681/1679/681 729/1680/729 1475/1678/1475
vt 0.3398320078849792 0.1786939948797226
f 638/1681/638 772/1680/772 20/1679/20
vt 0.3367280066013336 0.1776629984378815
vt 0.3398320078849792 0.1776629984378815
f 865/1682/865 926/1683/926 950/1681/950
f 368/1679/368 229/1682/229 250/1681/250
vt 0.3413839936256409 0.1797250062227249
f 1541/1684/1541 1550/1680/1550 1410/1681/1410
vt 0.3413839936256409 0.1786939948797226
f 567/1681/567 772/1685/772 554/1684/554
f 638/1685/638 565/1681/565 554/1683/554
vt 0.3413839936256409 0.1776629984378815
f 638/1683/638 535/1686/535 565/1685/565
vt 0.3421599864959717 0.1776629984378815
vt 0.3413839936256409 0.1771470010280609
f 574/1687/574 561/1686/561 662/1688/662
vt 0.3421599864959717 0.1771470010280609
f 638/1688/638 20/1689/20 646/1687/646
vt 0.3413839936256409 0.1766310036182404
f 751/1689/751 564/1688/564 13/1690/13
vt 0.3421599864959717 0.1766310036182404
f 571/1690/571 658/1691/658 541/1689/541
f 578/1688/578 774/1686/774 551/1683/551
vt 0.3398320078849792 0.1766310036182404
f 13/1692/13 564/1690/564 650/1688/650
f 1129/1683/1129 1247/1692/1247 1239/1688/1239
vt 0.3413839936256409 0.1761150062084198
f 1560/1693/1560 1474/1690/1474 11/1692/11
vt 0.3398320078849792 0.1756000071763992
vt 0.3413839936256409 0.1756000071763992
f 458/1694/458 204/1695/204 455/1693/455
f 385/1692/385 1091/1694/1091 156/1693/156
vt 0.3425480127334595 0.1766310036182404
vt 0.3421599864959717 0.1763730049133301
f 401/1696/401 259/1691/259 380/1697/380
vt 0.3425480127334595 0.1763730049133301
f 1475/1697/1475 1502/1698/1502 1474/1696/1474
vt 0.3425480127334595 0.1762440055608749
f 804/1699/804 1339/1698/1339 1255/1697/1255
vt 0.3421599864959717 0.1761150062084198
vt 0.3425480127334595 0.1761150062084198
f 1115/1700/1115 738/1701/738 505/1699/505
f 1115/1697/1115 1285/1700/1285 1288/1699/1288
vt 0.3427419960498810 0.1763730049133301
f 505/1702/505 1112/1698/1112 735/1699/735
vt 0.3427419960498810 0.1762440055608749
f 273/1699/273 85/1703/85 1180/1702/1180
f 620/1703/620 601/1699/601 685/1701/685
vt 0.3427419960498810 0.1761150062084198
f 685/1701/685 706/1704/706 682/1703/682
f 1115/1697/1115 505/1691/505 1285/1690/1285
f 8/1693/8 1350/1700/1350 1288/1697/1288
f 246/1690/246 412/1693/412 248/1697/248
vt 0.3421599864959717 0.1758580058813095
f 1115/1705/1115 1288/1700/1288 1351/1693/1351
vt 0.3421599864959717 0.1756000071763992
f 207/1695/207 1087/1706/1087 998/1705/998
f 1084/1693/1084 1090/1695/1090 333/1705/333
vt 0.3425480127334595 0.1759860068559647
f 1005/1704/1005 1118/1701/1118 1023/1707/1023
vt 0.3427419960498810 0.1759860068559647
f 918/1707/918 916/1708/916 1064/1704/1064
vt 0.3425480127334595 0.1758580058813095
f 533/1708/533 1032/1707/1032 1114/1709/1114
vt 0.3427419960498810 0.1758580058813095
f 568/1709/568 1022/1710/1022 1229/1708/1229
f 1019/1707/1019 1113/1701/1113 736/1700/736
f 1019/1705/1019 736/1709/736 521/1707/521
f 1299/1700/1299 1330/1705/1330 1300/1707/1300
f 1445/1709/1445 1446/1705/1446 1453/1706/1453
vt 0.3425480127334595 0.1756000071763992
f 1113/1706/1113 735/1711/735 1112/1709/1112
f 615/1692/615 1132/1683/1132 721/1682/721
vt 0.3367280066013336 0.1756000071763992
f 521/1712/521 480/1694/480 585/1692/585
f 1008/1682/1008 1028/1712/1028 589/1692/589
vt 0.3398320078849792 0.1745679974555969
f 738/1713/738 504/1694/504 1112/1712/1112
vt 0.3367280066013336 0.1735370010137558
vt 0.3398320078849792 0.1735370010137558
f 1114/1714/1114 479/1715/479 504/1713/504
f 400/1712/400 525/1714/525 483/1713/483
vt 0.3413839936256409 0.1750839948654175
f 1300/1706/1300 1269/1695/1269 1398/1716/1398
vt 0.3421599864959717 0.1750839948654175
f 732/1716/732 75/1717/75 563/1706/563
vt 0.3413839936256409 0.1745679974555969
f 504/1717/504 479/1716/479 503/1718/503
vt 0.3421599864959717 0.1745679974555969
f 666/1718/666 1018/1719/1018 584/1717/584
f 1407/1716/1407 1518/1695/1518 1552/1694/1552
f 666/1713/666 1017/1718/1017 583/1716/583
f 1035/1694/1035 584/1713/584 1003/1716/1003
f 1315/1718/1315 1409/1713/1409 1271/1715/1271
vt 0.3413839936256409 0.1735370010137558
f 1019/1715/1019 521/1720/521 583/1718/583
f 1450/1679/1450 1490/1669/1490 1498/1668/1498
vt 0.3305200040340424 0.1776629984378815
f 521/1721/521 666/1682/666 583/1679/583
f 919/1668/919 145/1721/145 942/1679/942
f 1352/1668/1352 1339/1671/1339 1348/1674/1348
f 585/1674/585 1018/1721/1018 666/1668/666
f 1496/1721/1496 10/1674/10 1452/1676/1452
vt 0.3305200040340424 0.1735370010137558
f 520/1676/520 1018/1722/1018 667/1721/667
f 1004/1712/1004 844/1682/844 813/1721/813
f 1517/1722/1517 1486/1714/1486 1417/1712/1417
f 1004/1721/1004 1035/1722/1035 1003/1712/1003
vt 0.3367280066013336 0.1714739948511124
f 1541/1723/1541 1533/1714/1533 1550/1722/1550
vt 0.3305200040340424 0.1694110035896301
vt 0.3367280066013336 0.1694110035896301
f 1004/1724/1004 812/1725/812 1034/1723/1034
f 1004/1722/1004 1003/1724/1003 811/1723/811
f 813/1722/813 1033/1676/1033 800/1677/800
f 648/1677/648 727/1724/727 715/1722/715
f 677/1724/677 479/1677/479 595/1656/595
f 1004/1656/1004 811/1655/811 812/1724/812
f 1250/1725/1250 830/1724/830 780/1655/780
f 816/1655/816 336/1659/336 785/1725/785
f 800/1715/800 1033/1714/1033 830/1723/830
vt 0.3398320078849792 0.1714739948511124
f 830/1723/830 1033/1726/1033 843/1715/843
f 844/1726/844 1034/1723/1034 1033/1725/1033
vt 0.3398320078849792 0.1694110035896301
f 1349/1725/1349 1337/1727/1337 1351/1726/1351
vt 0.3367280066013336 0.2312940061092377
vt 0.3243109881877899 0.2312940061092377
vt 0.3243109881877899 0.2230429947376251
f 1350/1728/1350 1351/1729/1351 1288/1730/1288
vt 0.3367280066013336 0.2230429947376251
f 600/1730/600 768/1731/768 707/1728/707
vt 0.3305200040340424 0.2147919982671738
vt 0.3367280066013336 0.2147919982671738
f 533/1732/533 737/1733/737 1351/1731/1351
vt 0.3243109881877899 0.2147919982671738
f 677/1730/677 503/1734/503 479/1732/479
f 780/1731/780 1049/1730/1049 828/1732/828
vt 0.3118950128555298 0.2147919982671738
f 1076/1735/1076 364/1734/364 999/1730/999
f 1077/1730/1077 1106/1729/1106 965/1525/965
f 341/1525/341 421/1528/421 994/1735/994
f 811/1735/811 517/1730/517 1251/1525/1251
vt 0.3243109881877899 0.2106669992208481
f 811/1736/811 584/1734/584 517/1735/517
vt 0.3118950128555298 0.2065410017967224
vt 0.3243109881877899 0.2065410017967224
f 1251/1737/1251 517/1738/517 840/1736/840
f 1003/1735/1003 584/1737/584 811/1736/811
f 516/1735/516 749/1528/749 520/1529/520
f 207/1529/207 998/1737/998 1076/1735/1076
f 1076/1737/1076 962/1529/962 206/1520/206
f 389/1520/389 183/1672/183 229/1737/229
vt 0.3243109881877899 0.2024160027503967
f 229/1739/229 414/1738/414 251/1737/251
f 202/1672/202 354/1665/354 456/1739/456
f 572/1737/572 557/1672/557 688/1739/688
vt 0.3398320078849792 0.2106669992208481
vt 0.3429360091686249 0.2106669992208481
vt 0.3429360091686249 0.2147919982671738
f 266/1740/266 532/1741/532 1012/1742/1012
vt 0.3367280066013336 0.2106669992208481
f 389/1733/389 229/1743/229 251/1740/251
f 437/1742/437 389/1733/389 438/1740/438
vt 0.3398320078849792 0.2086039930582047
f 1314/1741/1314 1400/1740/1400 1301/1744/1301
vt 0.3429360091686249 0.2086039930582047
f 159/1744/159 182/1745/182 183/1741/183
vt 0.3367280066013336 0.2086039930582047
f 182/1740/182 158/1743/158 183/1746/183
f 159/1746/159 962/1744/962 1097/1740/1097
vt 0.3367280066013336 0.2065410017967224
f 182/1744/182 1085/1746/1085 228/1747/228
vt 0.3398320078849792 0.2065410017967224
f 368/1747/368 250/1748/250 162/1744/162
vt 0.3413839936256409 0.2065410017967224
vt 0.3429360091686249 0.2065410017967224
f 436/1749/436 181/1750/181 435/1745/435
f 1120/1744/1120 508/1748/508 743/1749/743
f 677/1745/677 516/1744/516 595/1749/595
vt 0.3305200040340424 0.2106669992208481
f 677/1733/677 595/1732/595 516/1751/516
f 181/1751/181 251/1743/251 367/1733/367
f 726/1732/726 727/1734/727 648/1736/648
f 435/1736/435 413/1751/413 387/1732/387
f 141/1751/141 99/1736/99 300/1738/300
vt 0.3305200040340424 0.2065410017967224
f 368/1738/368 413/1752/413 414/1751/414
f 1155/1746/1155 157/1743/157 135/1751/135
f 85/1752/85 271/1747/271 59/1746/59
f 49/1751/49 940/1752/940 916/1746/916
vt 0.3367280066013336 0.2044789940118790
f 436/1753/436 180/1747/180 386/1752/386
vt 0.3305200040340424 0.2024160027503967
vt 0.3367280066013336 0.2024160027503967
f 180/1754/180 157/1755/157 386/1753/386
f 1507/1752/1507 1538/1754/1538 1420/1753/1420
f 376/1752/376 1027/1738/1027 1026/1739/1026
f 144/1739/144 117/1754/117 119/1752/119
f 1155/1754/1155 135/1739/135 112/1665/112
# 3042 faces, 1755 coords texture

# End of File
