####
#
# OBJ File Generated by Meshlab
#
####
# Object omni_chassis_base_link_1.obj
#
# Vertices: 2489
# Faces: 4592
#
####
mtllib ./omni_chassis_base_link_1.obj.mtl

vn -4.0417401275603337 4.8082097404439974 0.0434671818373558
v -0.1462972307692308 0.2706889230769231 0.0798952307692308
vn -4.2210415627575300 4.6521557400300342 0.0996064804902027
v -0.1817680000000000 0.2408026666666668 0.0887330000000000
vn 1.8995660127491325 1.8984915975834304 1.2356882028344993
v -0.1495920000000000 0.2647410000000000 0.1073690000000000
vn -0.1132325314900974 4.3455578850990104 1.3269638721088937
v -0.1513590000000000 0.2665090000000001 0.1073690000000000
vn -4.2554293820078790 4.6176189139405173 0.1957691093662463
v -0.1864370000000000 0.2361340000000000 0.1009565000000000
vn -4.0530358811193832 4.7871751056884086 -0.3332956307450942
v -0.1513556923076923 0.2644126153846155 0.0128663846153846
vn -4.1301463476345264 4.7134485308054197 -0.4072535565572484
v -0.1775460000000000 0.2430620000000000 0.0267490000000000
vn -3.7230830008723936 5.1210155480675068 -0.5123863408348482
v -0.1584919230769231 0.2584944615384616 0.0213979230769231
vn -3.6365973246755869 5.2596787646172123 -0.1995987172275392
v -0.1469457692307692 0.2699939230769232 0.0394815384615385
vn -3.2393627700567227 5.2664021896871462 -0.6311666810398594
v -0.1455481568627452 0.2692834705882354 0.0137730686274510
vn -4.1662570843172233 4.6858657241284210 -0.3752305337586088
v -0.1792030000000000 0.2414050000000000 0.0245600000000000
vn -3.9528298263935455 4.8159944793231935 -0.5561371158194927
v -0.1549193043478261 0.2619894782608694 0.0290589130434783
vn -4.0711609969891960 4.7774806190878154 -0.2209962318934705
v -0.1673370000000000 0.2532706666666666 0.0479363333333333
vn -4.1201989377701054 4.7269150522818189 -0.3544570481795835
v -0.1744071176470589 0.2462005882352940 0.0316314705882353
vn 2.5010877526108186 -1.0077534912347685 -0.9857513343099285
v -0.1498804000000000 0.2644526000000000 0.0397370000000000
vn -4.0758043310357097 4.7685070579360351 -0.2982337413903532
v -0.1705851176470588 0.2500228823529412 0.0391137058823529
vn 6.2538770354590447 0.5787323866751944 -0.1069979472360068
v 0.2843381911764709 0.1180806029411763 0.0723857058823529
vn 4.1045789713865508 4.7440379006982303 0.3105326638929723
v 0.1717220000000000 0.2488860000000000 0.1114400000000000
vn 2.8339302033204499 1.7475188627037672 0.2668874040997958
v 0.2808792000000000 0.1336841500000000 0.0975210500000000
vn 4.1867499348599289 4.6618539752737931 0.4348316862043802
v 0.1817511818181818 0.2388562727272727 0.1264002727272727
vn 1.7189666483099466 -1.6026477199438300 0.5797117554800026
v 0.2673100000000000 0.1470220000000000 0.0965750000000000
vn 6.2206417382186912 0.8772759733026958 0.0619331411208316
v 0.2853377704918028 0.1099329180327870 0.0807645081967214
vn 6.1836971175249147 1.1002122465834550 0.1658382691079861
v 0.2865918076923079 0.1011743076923077 0.0896838846153847
vn 6.2618498266895255 0.3469495171109114 -0.3657531510674800
v 0.2835158059701496 0.1264475223880596 0.0643400298507462
vn 1.1830266289204416 3.0406545936320639 0.3957796373610085
v 0.1314125972222223 0.2818340138888887 0.0974123055555556
vn 1.3934603932860676 5.9408652747720341 -1.4915323541646899
v 0.1230640000000000 0.2752200666666667 0.0134538666666667
vn 6.2592652329568095 -0.5245845858263505 0.1232751258604757
v 0.2976830000000000 -0.0316520000000000 0.0916700000000000
vn 0.1880326729430896 3.1352431610487863 0.0835121429118888
v 0.0234255000000000 0.2980970000000000 0.0987000000000000
vn 1.2834053715906200 6.1124799154922096 -0.6724007735943475
v 0.0885070500000000 0.2873532000000000 0.0399345500000000
vn 3.1334352790268518 0.2142927204237980 0.0904145004265798
v 0.2979384285714285 0.0257382857142857 0.0987000000000000
vn 0.0000000000000000 0.0000000000000000 0.0000000000000000
v 0.2991180000000000 0.0000000000000000 0.0676170000000000
vn 6.2763698606644072 -0.2590225939310507 -0.0643126995611201
v 0.2988330000000001 -0.0156260000000000 0.0702380000000000
vn 6.2772480556827857 -0.1323610433035585 -0.1874889245307662
v 0.2989700000000000 -0.0079285000000000 0.0647990000000000
vn 6.1120758920655964 1.2888280797757719 -0.6724529615609781
v 0.2862191333333332 0.0937183333333333 0.0395070000000000
vn 2.9015493746137091 0.5356080327359769 -1.1312151413935205
v 0.2875021500000000 0.0492300500000000 0.0000000000000000
vn 5.9621570499766037 0.9647824990524417 -1.6399059372174098
v 0.2874166540084388 0.0612066160337553 0.0047418016877637
vn 6.1927428928865993 0.5196590299401262 -0.9193868503608755
v 0.2939610000000000 0.0313240000000000 0.0209510000000000
vn 6.1688219632964456 1.1385386683326066 -0.3318822263460652
v 0.2904177333333333 0.0793051777777777 0.0553516444444444
vn 1.2398953617291044 6.0164387284565279 -1.3170949822518532
v 0.1196930000000000 0.2781510000000000 0.0229400000000000
vn 0.8243310716727321 6.2270239887144188 -0.0598422294937189
v 0.0486940526315789 0.2960071052631579 0.0715983157894737
vn 6.1057325911366238 1.2557806842134398 -0.7814273331183840
v 0.2874863333333333 0.0831983333333333 0.0314198333333333
vn 0.6036491861340009 2.8484166338522057 -1.9876563119071073
v 0.1054251506849314 0.2760231917808218 0.0000000000000000
vn 0.6537961447655822 6.2482648399477654 0.0317639286261832
v 0.0395672083333333 0.2970677499999999 0.0795742500000000
vn 6.1712417258789003 1.1103117345209896 -0.3350336935119520
v 0.2910648780841805 0.0739822438316401 0.0491498214804064
vn 0.5303115337894930 6.2587475360384062 0.1189777412788939
v 0.0316520000000000 0.2976830000000000 0.0916700000000000
vn 0.9469622211755414 6.2078067472340406 -0.1660840313596217
v 0.0584459000000001 0.2944700466666663 0.0638336466666667
vn 6.2699739274915594 -0.3937284397554419 0.0431495888319516
v 0.2983980000000000 -0.0237680000000000 0.0810335000000000
vn 1.3561658661072027 5.6050308099897395 -2.2463666894155447
v 0.1009330000000000 0.2784916086956521 0.0028720434782609
vn 1.1888138975584022 6.1587291938498616 -0.3589212559707385
v 0.0773300000000000 0.2907250000000001 0.0538590000000000
vn 6.2807909470587928 0.1245908581063935 -0.0511259706347668
v 0.2990815000000002 0.0079300000000000 0.0720450000000000
vn 1.0608834360372985 6.1844488145137140 -0.3075861842688044
v 0.0651687058823529 0.2930505588235296 0.0556973823529412
vn 6.1855645236362413 1.0481287950080340 -0.3404211997244725
v 0.2922366562140346 0.0678824594361334 0.0533729922324512
vn 6.1617998928754165 0.6547350913917747 -1.0329297340296431
v 0.2921260000000001 0.0389900000000000 0.0139430000000000
vn 1.1353100001449301 6.1642057006485720 -0.4288338171488719
v 0.0722614326241135 0.2913941914893616 0.0492549148936170
vn 5.3390139652730282 -2.2076378150285820 -1.2074828835948799
v 0.2753830000000000 -0.1391000000000000 0.0247010000000000
vn 6.1743254005179828 -1.1631679787541915 0.0456375745733344
v 0.2883079433962268 -0.0926680943396225 0.0805717735849055
vn 5.8484766518340257 -1.7149263521323959 -1.1117578474757439
v 0.2775462098765434 -0.1349552839506173 0.0316844567901234
vn -0.5273747760635401 6.2590594712705361 0.1176305000851468
v -0.0316520000000000 0.2976830000000000 0.0916700000000000
vn 5.4359506228654961 -2.5834518160205202 -1.2745641712897984
v 0.2701781907894736 -0.1433670065789473 0.0131151644736842
vn 6.1766920988779006 -1.1484851317606029 -0.0474499949194739
v 0.2915728235294122 -0.0757905294117646 0.0716113921568629
vn 4.1718572803731906 -0.7949124374399391 -0.0951996639549708
v 0.2906005000000000 -0.0805635000000000 0.0667665000000000
vn -0.5884600504274164 6.1997813727479363 -0.8142282452584768
v -0.1230599078947369 0.2820500559210528 0.0478931430921052
vn 6.1147395194061964 -0.8988072646331920 -1.1198779220705295
v 0.2800351052631579 -0.1274547105263158 0.0383719473684210
vn -0.5108697079547856 2.8077152613521701 -4.4526168751861395
v -0.1060825000000001 0.2758574473684211 0.0000000000000000
vn -1.3973130105199696 5.7427021298264167 -1.9710991075769810
v -0.0943591666666666 0.2803746666666667 0.0040091666666667
vn 4.8515160916066460 -3.9615889888414344 -0.3894606264341830
v 0.2668680000000000 -0.1492760000000000 0.0213680000000000
vn -0.6370765531829831 6.2498835088141389 0.0362225912970840
v -0.0382522777777778 0.2972049999999999 0.0802613333333333
vn -0.6681613299848156 3.0132830157047783 -3.7217954386486638
v -0.0775760000000000 0.2833416000000000 0.0000000000000000
vn 6.1836976148562499 -1.1002047014492145 0.1658655495140112
v 0.2865918269230771 -0.1011742307692308 0.0896839230769232
vn 5.6808313926908740 -1.7762751005161928 -0.6138837374776924
v 0.2825168402777780 -0.1316684027777777 0.0552562430555555
vn 6.1666959615814250 -1.2026362376132598 -0.0311815001139165
v 0.2898596136363639 -0.0847295909090909 0.0734111363636365
vn -1.2780370002278798 5.9803327991185551 -1.1924092481138857
v -0.1324663653846154 0.2795524519230770 0.0380546346153846
vn 6.1732507328424342 -0.7255776942250036 -0.9133731974199628
v 0.2819660000000000 -0.1199400000000000 0.0447880000000000
vn -0.3357327556966368 6.2675462138340530 -0.2820954435966899
v -0.0201625386875612 0.2982528145608887 0.0628493104799216
vn -0.1946700446369938 6.2749994725511193 -0.1489704667434781
v -0.0117564555555555 0.2989571555555556 0.0703767444444445
vn 6.2188412347439392 -0.5685090005234560 -0.6770066506708612
v 0.2822167454545454 -0.1243063272727273 0.0499702909090909
vn -2.7786296370968242 5.4122082720642357 -0.7683209714282144
v -0.1388776451612904 0.2759362580645160 0.0302207419354839
vn -0.4441669837924173 2.9639072833759590 0.0748453057626603
v -0.0574167811320755 0.2944611584905663 0.0976775132075473
vn 2.9358129133470019 -0.4037921763207133 0.0724879569891973
v 0.2953365555555555 -0.0511298888888889 0.0987000000000000
vn 0.0000000000000000 0.0000000000000000 -2.8253828448650222
v -0.0810112500000000 -0.2801043750000000 0.0000000000000000
vn -0.2042613093844862 -6.2788551743148124 0.0446723110671976
v -0.0113470833333333 -0.2989623333333334 0.0806275833333334
vn -1.9254574375878399 1.7521294539967105 -0.7238212583569977
v -0.2669360000000000 -0.1473970000000000 0.0495280000000000
vn -4.5875436325043566 0.2836620802373471 -0.8141303133911819
v -0.2690684444444444 -0.1480148518518518 0.0537049629629629
vn -1.0643930874158212 -6.1420485748560782 -0.7846948802590397
v -0.1124120769230769 -0.2827768461538461 0.0420115384615385
vn -0.8088798295295467 -6.1476545414401844 -1.0080301361720674
v -0.1237753076923077 -0.2806474615384615 0.0395568076923077
vn -1.1670587508393608 -6.0619252231204852 -0.5410732110089679
v -0.1294896341463413 -0.2827356666666666 0.0561145975609756
vn -3.7151779491767840 -5.0281671223903217 -0.2720819811142608
v -0.1373308750000000 -0.2783231874999998 0.0557507083333333
vn -0.4430781703012297 -6.2608393435386045 -0.2854514751342963
v -0.0251227463808573 -0.2978781158888418 0.0615802153269891
vn -4.7670338988673144 -4.0078031217417998 -0.5850524873493029
v -0.2624070000000000 -0.1569280000000000 0.0544950000000000
vn -1.3534556397681274 -6.0548129443744241 -0.9809613571332459
v -0.0996180000000000 -0.2827289999999998 0.0232240000000000
vn -4.8014190744523342 -4.0455726809233621 -0.1487276443262458
v -0.2541700000000000 -0.1664380000000000 0.0509710000000000
vn -0.6050467328401224 -6.2490101512911007 -0.1476907867223361
v -0.0362735116279070 -0.2974041162790697 0.0707581395348837
vn -1.4715920964167468 -5.6516197873913976 -2.2130504594080680
v -0.1304612127659574 -0.2703928510638298 0.0026333617021277
vn -0.8312283131860565 -2.8724967493245877 -4.1008390745262782
v -0.1378873684210526 -0.2673861578947369 0.0000000000000000
vn 2.5473950563760468 1.7448088157451982 0.5230460935017127
v 0.2466996666666667 0.1699906666666667 0.1432980000000000
vn -0.3769570140303692 -6.2696506063396731 0.1181567737089932
v -0.0237510000000000 -0.2982650000000000 0.0916600000000000
vn -1.6336684635735514 -5.8660733047726117 -0.7840366501063042
v -0.1303469746835443 -0.2816137278481014 0.0488099746835443
vn -0.5650032553564852 -3.3502311270422176 0.0767230020736908
v -0.0624932073732719 -0.2936684516129034 0.0965123824884793
vn -1.1097482623664301 -6.0812254702078246 -1.1133784364820702
v -0.1178790000000000 -0.2797420000000000 0.0291590000000000
vn 4.2988292559536490 4.5479267003363368 0.5414514065844102
v 0.2025602727272728 0.2167741818181818 0.1504288181818182
vn -1.3116756696697747 -5.8574538709654220 -1.7416474742974559
v -0.0830830000000000 -0.2832400000000000 0.0051970000000000
vn -1.3964504635699979 -6.0184684995215472 -1.1348988254133394
v -0.0924540000000000 -0.2822190000000000 0.0108790000000000
vn -1.8482847319169617 1.7125288528855758 -1.5702289574796977
v -0.2606120000000000 -0.1537206000000000 0.0290118000000000
vn 0.0000000000000000 0.0000000000000000 -2.8631335244437643
v -0.1405820000000000 -0.2640590000000000 0.0000000000000000
vn -0.1915104691711961 -6.2783253130972794 0.1140231470274502
v -0.0112855000000000 -0.2988234375000000 0.0916418125000000
vn -1.0577653584428697 0.9183475788067083 -1.9470267402724359
v -0.2432455000000000 -0.1710940000000000 0.0023705000000000
vn -1.0181180524455087 -6.1150566569167051 -1.0211656020993551
v -0.1163040000000000 -0.2811350000000000 0.0355170000000000
vn -0.5113358558352463 -6.2566334178097831 -0.1634027515488368
v -0.0304671538461539 -0.2979219230769231 0.0707364615384616
vn -4.7718012460812389 -4.0802479469702764 -0.1865518725055844
v -0.2554513333333334 -0.1651566666666667 0.0567353333333333
vn -2.7264077455096229 -1.5612446804393421 -0.3225758032323467
v -0.2673557500000001 -0.1492973125000000 0.0461761250000000
vn -0.5806705814615204 -6.2496963675469450 -0.2830592065381782
v -0.0361589109042552 -0.2970056968085107 0.0623542380319149
vn -4.7206386660854021 -4.1409695370809221 -0.2016946974869620
v -0.2525142380952380 -0.1680935238095238 0.0455008571428571
vn -1.4947241468338102 -5.9859672713205807 -1.1815455196847524
v -0.1030440000000000 -0.2796480000000000 0.0107950000000000
vn -5.1500635494983964 -3.1865609792491889 0.7479900002324873
v -0.2597650000000000 -0.1595700000000000 0.0436040000000000
vn -1.5431565310512754 -5.7761892899262399 -1.9289092174648077
v -0.1390410312500000 -0.2689130312499999 0.0055319687500000
vn -2.0870812767624334 2.0161249507894574 -0.5764385236268685
v -0.2678826666666667 -0.1464503333333333 0.0548836666666667
vn -2.7403197762166620 -5.4467613245853688 -0.7692814748739272
v -0.1319281076923076 -0.2817697615384616 0.0537196153846154
vn -0.3744360560134342 -6.2708547835803685 0.0410694291975277
v -0.0237688000000000 -0.2984028000000000 0.0803258000000000
vn -3.6746776121168843 -5.0551701813359298 -0.1396622595951181
v -0.1389660303030303 -0.2767604848484849 0.0477621818181818
vn -0.5518557869855958 -3.0315147174861066 0.0732342980576830
v -0.0709258344370861 -0.2921685695364238 0.0968111390728476
vn 2.2986993762599695 2.0419805683534529 0.9285010134713709
v 0.2159298125000000 0.2012761875000000 0.1613376875000000
vn 4.4285621090774123 4.4327494206908877 0.4577844347519758
v 0.2094223170731708 0.2111850975609757 0.1400884634146342
vn -0.6275380082028468 -2.8104391970852891 -1.6068019372390303
v -0.0850795151515151 -0.2805510606060606 0.0000000000000000
vn -0.6952857380829378 -2.6371338567321905 -1.8488888261203762
v -0.1284577031250001 -0.2694349843750000 0.0000000000000000
vn 1.7023406324533195 2.1680916352067818 3.3213312531595958
v 0.2001323076923077 0.2177362307692308 0.1610686923076923
vn 2.3150136352877526 1.9943607726606751 0.3098792752394766
v 0.2329236000000000 0.1838846000000000 0.1548800000000000
vn -4.3565439129963996 -4.5040450479954712 -0.4542697666353874
v -0.1996005000000000 -0.2210075000000000 0.0096030000000000
vn 0.0000000000000000 0.0000000000000000 -3.1295224350947932
v 0.2192080000000000 0.1967670000000000 0.0000000000000000
vn -3.8575464596751967 -4.9351121736851811 0.2132724866105022
v -0.1553328235294117 -0.2640018235294118 0.0800175882352941
vn -4.6600593630311931 -4.2130011842188519 0.0525570329781994
v -0.2421448076923077 -0.1804259615384615 0.0812007692307692
vn 4.3758287513869449 4.5059673786886734 -0.1359231796013666
v 0.2027657500000000 0.2209995000000000 0.0561477500000000
vn -4.0875285689766532 -4.7163613956139496 -0.6631529909258779
v -0.1799230000000000 -0.2394120000000000 0.0093950000000000
vn 4.7746565376662158 4.0777653176918545 -0.1778442305849421
v 0.2552206363636363 0.1653873636363636 0.0555300000000000
vn -4.5276006428655045 -4.3540551224070043 0.1107281703282188
v -0.2229396363636364 -0.2008255454545455 0.0893312727272727
vn -4.5514565013610859 -4.3300546016829777 0.0540316037277164
v -0.2266888750000000 -0.1970765000000000 0.0808160000000000
vn 4.5005075879268990 4.3812631191231688 -0.1411889411573839
v 0.2201198750000002 0.2036451250000000 0.0553116250000000
vn -4.0666046088805361 -4.7861432266720785 0.1070490896292246
v -0.1638400000000000 -0.2567680000000001 0.0815260000000000
vn 4.8240570004746690 4.0213819293047113 -0.0124844485222888
v 0.2570590000000000 0.1635490000000000 0.0720827272727273
vn 4.3245793474366900 4.5572003207918597 -0.0070955950496010
v 0.1963520000000000 0.2274131249999999 0.0724716250000000
vn -4.2466459763776951 -4.6034927378165227 -0.4749878882375008
v -0.1918728125000000 -0.2287351874999999 0.0132330000000000
vn -4.6491743904421261 -4.2238764853591757 0.1124184933385869
v -0.2404928148148149 -0.1820779629629629 0.0898415925925926
vn -4.1064537535233523 -4.7549482676134707 -0.0140038258944222
v -0.1635301428571429 -0.2570778571428572 0.0734989523809524
vn -1.7590095530726815 -2.5203828126417780 0.0167400387956413
v -0.1462311025641025 -0.2702786410256411 0.0803694615384615
vn 4.6360356961863687 4.2370571849462060 -0.1544670106264922
v 0.2390685000000001 0.1835025000000000 0.0535615000000000
vn -1.2735570883936087 0.9111060852613516 2.0028678122808374
v -0.2455210000000000 -0.1688120000000000 0.1432980000000000
vn -4.3943585595425088 -4.4873912045649869 -0.1508200334099697
v -0.2057644444444444 -0.2180006666666665 0.0537971111111111
vn -4.4421815260459603 -4.4421081946337466 0.0000060074824763
v -0.2120819999999996 -0.2120819999999996 0.0739999999999999
vn 4.6759400546841245 4.1583242286321136 -0.5108324839020635
v 0.2368582727272727 0.1837497272727273 0.0195390000000000
vn -4.4843523810241770 -4.3888577553639756 0.3131116437436583
v -0.2176101000000000 -0.2049609000000000 0.1173538000000000
vn -1.6530437959463671 -2.5055294728804491 0.6261636376021711
v -0.1530360000000000 -0.2634196000000000 0.1146208000000000
vn -3.9989752462131554 -4.8056913154993470 0.5528840002207867
v -0.1701578181818182 -0.2491771818181818 0.1271086363636364
vn -4.0711807124724775 -4.6885700165701074 0.7688082326689638
v -0.1606970000000000 -0.2586380000000000 0.1078700000000000
vn -3.7373724429178559 -5.0110811151122174 0.1968207848354623
v -0.1650990000000000 -0.2542360000000000 0.1183825000000000
vn -4.1806823739786303 -4.6810166679207699 0.2891143869053361
v -0.1741020303030303 -0.2465054545454546 0.1158358181818182
vn -4.6309099859904226 -4.2198728733746158 0.4461601650390992
v -0.2386160000000000 -0.1819920000000000 0.1266850000000000
vn 4.2998143315605475 4.5733667374340019 0.2564033426433517
v 0.1922245000000000 0.2303465000000000 0.1091415000000000
vn 4.5599619956740272 4.3132742159337347 -0.2687255988452103
v 0.2284558000000000 0.1941152000000000 0.0370696000000000
vn -4.2482608800260779 -4.6248690797434859 -0.1790788268866144
v -0.1851100000000000 -0.2374610000000000 0.0496600000000000
vn -4.2099018175712519 -4.6631335340173354 -0.0057054626466910
v -0.1800075925925928 -0.2425634074074075 0.0731927407407408
vn -4.6696809090630991 -4.1912732572898914 0.3161653955319680
v -0.2448462727272727 -0.1757607272727272 0.1186293636363636
vn -4.3243085073347007 -4.5489696173789778 -0.2775029065590484
v -0.1960968421052632 -0.2264738421052631 0.0352947894736842
vn 4.4324801506355911 4.4298358405479048 -0.4509795303580961
v 0.2101846666666667 0.2104226666666666 0.0078813333333333
vn -4.5483023382419496 -4.3248191471970658 0.2788691647652584
v -0.2263370000000000 -0.1962333000000000 0.1128140000000000
vn -4.5757501427926268 -4.2974865287807082 0.2513325837773465
v -0.2309016923076924 -0.1916690384615385 0.1084582307692308
vn 5.2510928978885651 2.2901283629595013 -0.8756975577167423
v 0.2753870000000000 0.1391000000000000 0.0247000000000000
vn 6.0734091250444324 1.1695979562536516 -1.0976304514426267
v 0.2803522999999999 0.1163648000000000 0.0309283000000000
vn 4.9707829297205830 2.6879949212820788 -1.5176155573974175
v 0.2656300000000000 0.1488530000000000 0.0040000000000000
vn 2.2730472256213661 5.8067700306696794 -2.6227324033218498
v 0.1683081818181818 0.2494820000000000 0.0070605454545455
vn 5.4789813657059891 2.5213773415536038 -1.2546020235311783
v 0.2706512911392405 0.1428242974683543 0.0139327151898734
vn 6.1167454402688479 1.2440484667682967 -0.7148875694861608
v 0.2847243529411765 0.1008939411764706 0.0396500000000000
vn 6.1074097184876468 0.8621856909158780 -1.1906555158604950
v 0.2801063488372094 0.1272442093023256 0.0386335116279070
vn 4.1627719478604392 4.6906293977692339 -0.3594173344032141
v 0.1785190000000000 0.2420890000000000 0.0254380000000000
vn 5.8058954053993244 1.7538305788192676 -1.4214380794999111
v 0.2732602307692308 0.1376740769230769 0.0175746153846154
vn 5.9449832555249706 1.2690135024035891 -1.5846311125679231
v 0.2740879999999999 0.1309280000000000 0.0159640000000000
vn 2.4179533785976268 5.5092714198779724 -1.3747292878519481
v 0.1427318409090912 0.2706075284090908 0.0134898977272727
vn 1.3276571175291099 5.8983571084262252 -1.7077938486870528
v 0.1321170000000000 0.2740040000000001 0.0165500000000000
vn 6.2179379549039542 0.6944893720518445 -0.5614605155963450
v 0.2834413763157890 0.1182231289473685 0.0556983815789474
vn 6.2270027625893061 0.5647937266642252 -0.5580906555857574
v 0.2821904000000001 0.1235587649999999 0.0492989700000001
vn 2.3086237311715694 5.4050565503607313 -0.9720656897192491
v 0.1391000000000000 0.2753830000000000 0.0247010000000000
vn 2.2138711092904590 5.0071689064596612 -2.3625960422111638
v 0.1474593777777778 0.2660956000000000 0.0041813777777778
vn 0.0000000000000000 0.0000000000000000 -3.1259464307555804
v -0.1967560000000000 -0.2192180000000000 0.0000000000000000
vn -2.4169685833788659 -1.8577844654222926 0.5106514004193808
v -0.2558743225806452 -0.1609683870967742 0.1308860322580646
vn -2.1136796809485237 -2.3144413207233274 -3.3424815081038521
v -0.1927840000000000 -0.2264700000000000 0.0000000000000000
vn -2.2150616082462502 -2.2146874396237708 -3.3813649600745093
v -0.2098520000000000 -0.2098629999999999 0.0000000000000000
vn -3.9653150748779700 -4.9171093523589056 -0.1130887935858686
v -0.1467661428571429 -0.2702989285714285 0.0626592500000000
vn -4.8797368836978210 -3.8657734520586162 0.6797515206859366
v -0.2490787391304348 -0.1698738260869565 0.1310171304347826
vn 4.3509471485070925 4.5222500998512194 -0.2970153563983297
v 0.1989340000000000 0.2236370000000000 0.0332860000000000
vn -4.2010255349689523 -4.6567435565424988 0.3637387041058949
v -0.1784382307692307 -0.2421697692307692 0.1224296923076923
vn -4.5500555758593872 -4.3316461771149273 -0.0578295031310001
v -0.2264090000000000 -0.1973562500000000 0.0657877500000000
vn -4.6593354694447768 -4.2138856445857655 -0.0577408981685350
v -0.2419412500000000 -0.1806297500000000 0.0650555000000000
vn 4.5998619614469947 4.2732184085622835 -0.2243145167695429
v 0.2332170000000000 0.1893540000000000 0.0423660000000000
vn 4.4014182704866940 4.4716985037615009 -0.3171888837470012
v 0.2064150000000000 0.2161560000000000 0.0302360000000000
vn 4.4373113316148665 4.4444423941092133 -0.1642060060840228
v 0.2114168333333332 0.2123484999999999 0.0519318333333334
vn 4.5287985003803790 4.3442216860801137 -0.2937760230837537
v 0.2238265000000000 0.1987445000000000 0.0334170000000000
vn 4.4624560303137084 4.4105568087787974 -0.3198510232599395
v 0.2149330000000000 0.2076380000000001 0.0300135000000000
vn -4.3944388832702552 -4.4657893200593888 -0.4661228262708113
v -0.2053400000000000 -0.2152680000000000 0.0082010000000000
vn -4.0759467942177379 -4.7795433088145094 -0.0682148480486061
v -0.1640252105263158 -0.2565821578947368 0.0646138947368421
vn 4.7836703527661868 4.0576304376035299 -0.2827911678143288
v 0.2500228823529412 0.1705851176470588 0.0391137058823529
vn -1.3454006080597283 1.0669907223135888 1.7718095300994481
v -0.2500780000000000 -0.1642550000000000 0.1377270000000000
vn 1.8768304059717911 5.7409275888330296 0.6970096459551633
v 0.1307503414634147 0.2824360731707318 0.0949653902439025
vn 5.7002199845592907 1.9605949910541483 0.6672395943883912
v 0.2822734705882354 0.1315048039215687 0.0957790784313725
vn 4.1465935309246662 4.7088560319840882 0.3078892662466974
v 0.1744071176470589 0.2462005882352940 0.1163685294117647
vn 4.2462961687015035 4.6268785391966629 0.1752613588709611
v 0.1850717500000001 0.2374992500000002 0.0981380000000000
vn 4.6969122658095346 0.6422105124711893 -0.0505325663004112
v 0.2853785192307691 0.1096084230769230 0.0724870000000000
vn 6.2443215335001607 0.4993324394351121 0.4727635484582270
v 0.2832642537313434 0.1264005373134328 0.0896096417910448
vn 6.2518256189271142 0.6029011203674857 0.1060395966153152
v 0.2843079661016951 0.1183197627118646 0.0811484406779661
vn 4.2815735288465415 4.5916814849629874 0.2335340343664730
v 0.1899090000000000 0.2326620000000000 0.1063670000000000
vn 3.7708135155425766 2.0330035789255669 0.3176956317837868
v 0.2681344705882354 0.1490844117647059 0.0997076470588235
vn 6.1801292896963851 1.1051032447677891 -0.2404574963304416
v 0.2865454901960780 0.1011021568627452 0.0635402549019609
vn 4.0680166440389911 4.7834071655079828 0.1523580450119865
v 0.1664761176470588 0.2541318823529412 0.0970085294117647
vn 2.4128826872304998 3.6170692999343066 0.3455944693386034
v 0.1483096000000000 0.2684770000000000 0.0969211500000000
vn -0.0161218167249380 4.2966463539156816 1.2357185167329996
v 0.1513806153846154 0.2664888461538462 0.1073181538461539
vn 4.0976142060553586 4.7528479595672017 0.2700367804006065
v 0.1692994705882353 0.2513081764705882 0.1057700000000000
vn 4.2642460198186765 4.6088601350814500 0.2096549093410484
v 0.1877940000000000 0.2347770000000000 0.1032890000000000
vn 5.4294689589805119 0.7981651664926372 -0.2555234855085706
v 0.2851398382352939 0.1095736764705883 0.0639808529411764
vn 5.3901283004288256 0.9442296484418713 -0.0563713121017052
v 0.2867018906250000 0.1013856562499999 0.0722448593750000
vn 6.2692295442813322 0.3699239217659374 0.1507829368795586
v 0.2837318593350384 0.1264547570332480 0.0810029667519183
vn 4.1861154264673619 4.6668191449599812 0.3935919477156350
v 0.1783745000000000 0.2422335000000000 0.1223455000000000
vn 4.2543661323968438 0.0383127726490148 1.3046954852333854
v 0.2665090000000001 0.1513590000000000 0.1073690000000000
vn 6.2332969466269077 0.7185953726358302 0.3044969319728554
v 0.2840807301587303 0.1177671587301588 0.0895509206349206
vn 3.6218160299803950 -5.0893725930368889 -0.4700412184693192
v 0.1476525588235294 -0.2675427352941178 0.0135529411764706
vn 3.7972410540240418 -4.9840575024499394 -0.2057953089715634
v 0.1403233636363636 -0.2756006363636364 0.0458207272727273
vn 0.7081844622320668 -2.6089346139488301 -1.6103952233056020
v 0.1314818421052633 -0.2676948872180451 0.0000000000000000
vn 0.0000000000000000 0.0000000000000000 -2.8633879214620745
v 0.1390460000000000 -0.2645330000000000 0.0000000000000000
vn -4.5575898357511955 4.3240544832645913 -0.0085403085451988
v -0.2274131250000000 0.1963520000000001 0.0724716250000000
vn -4.6631323449895117 4.2099581447706731 -0.0035728862107641
v -0.2425605000000001 0.1800105000000001 0.0730777500000000
vn 4.4062791033382123 -4.4753307910998963 -0.1588042595590542
v 0.2074004000000001 -0.2163646000000001 0.0528220000000000
vn -4.5190829474962637 4.3540510576526152 0.2991179120568734
v -0.2224082500000000 0.2001627499999999 0.1153462500000000
vn -4.4148169781651125 4.4470814243930983 -0.4543172309173880
v -0.2081766666666666 0.2124310000000000 0.0079413333333333
vn 4.0573515328242573 -4.7879471489534726 -0.2352089056683422
v 0.1673370000000000 -0.2532706666666666 0.0479363333333333
vn 2.6839850954863018 -5.5536757027630674 -0.4821118667218578
v 0.1327284629629629 -0.2812438611111112 0.0535191666666667
vn 4.6136113653267419 -4.2594544349075809 -0.2027536224075089
v 0.2356148000000000 -0.1869562000000000 0.0462570000000000
vn 1.6209543940925717 -5.7100438124611870 -2.0519593234102893
v 0.1420256363636364 -0.2684708181818182 0.0065480000000000
vn 4.5874282206468262 -4.2854715461057085 -0.2416017897778417
v 0.2319960000000000 -0.1905750000000000 0.0407780000000000
vn 4.5926709728320567 -4.2584537345092759 -0.4727863293865532
v 0.2276987142857143 -0.1929090476190476 0.0126760952380952
vn 4.3257598275516171 -4.5559374343850099 0.0296799877151452
v 0.1966062500000000 -0.2271587500000000 0.0787717500000000
vn 4.6464027289281882 -4.2268239306246178 -0.1229608470516689
v 0.2402633333333334 -0.1823076666666666 0.0572616666666667
vn -4.7268447937155464 4.1223215595727360 0.3415101060156067
v -0.2468500000000000 0.1737580000000000 0.1152925000000000
vn -4.4557311723852777 4.4174941696306149 0.3189315989668562
v -0.2141923333333333 0.2083786666666667 0.1180763333333334
vn 4.4986421305876432 -4.3609750773819407 -0.4619595480755815
v 0.2197218125000001 -0.2008861875000000 0.0092388750000000
vn -4.3296484184465163 4.5316641273033778 -0.4366569791545932
v -0.1958090000000000 0.2247990000000000 0.0111030000000000
vn -4.0184673713998480 4.8250313702440835 -0.0949026020518085
v -0.1641203333333333 0.2564876666666667 0.0637196666666667
vn -4.2425966839186708 4.6306775908740603 0.1650734326753363
v -0.1843280000000000 0.2382430000000000 0.0964996666666667
vn -4.2754812665388036 4.5977058100387849 0.2260695171350538
v -0.1889343333333333 0.2336366666666667 0.1049913333333333
vn -4.0116869993860123 4.8316462115833119 -0.0269940291817830
v -0.1635490000000000 0.2570590000000000 0.0720827272727273
vn -2.3972491520367640 3.3053010913196976 0.1442967264950097
v -0.1480477272727272 0.2686831818181819 0.0991888636363636
vn 1.1894337360137293 -6.1669443442660201 -0.1627893764952839
v 0.0785558571428571 -0.2909271428571428 0.0642262857142857
vn 1.1406514696252072 -6.1774234412401414 0.1169696578223356
v 0.0734442884615384 -0.2918757307692308 0.0897027307692307
vn 1.1763109935391256 -6.1718132193999953 0.0494032450448878
v 0.0905380392156862 -0.2887116470588236 0.0809917058823529
vn 4.3348763612554269 -4.5090573541218308 0.5620570736558025
v 0.2020843750000000 -0.2185236250000000 0.1390329583333334
vn 0.5053966460188500 -6.2505520869237277 -0.3803895124319494
v 0.0310420555555555 -0.2968875232974911 0.0502474014336914
vn 4.7739305988230765 -4.0727319373469690 0.2623785958753727
v 0.2513081764705882 -0.1692994705882353 0.1057700000000000
vn 0.7883101034087504 -6.1830405210344015 -0.7765620410957603
v 0.0470500000000000 -0.2932820000000000 0.0279770000000000
vn 0.4252400884969301 -2.9913817242066338 2.5190738299454662
v 0.1675020000000000 -0.2503660000000000 0.1396580000000000
vn -0.0200125525039709 -6.1887991388822376 -1.0772832986057714
v 0.0000000000000000 -0.2936087999999999 0.0107832000000000
vn 0.5893805800305405 -6.2457498109780341 -0.3448965860957410
v 0.0396280593792175 -0.2962439923526768 0.0530853729194783
vn 0.5076806062960972 -3.1111587626241022 0.1388659459638107
v 0.1078350845070421 -0.2851769295774649 0.0964685821596244
vn 2.7946164162921163 -1.5071967100158741 0.4820045310006248
v 0.2633000000000000 -0.1533906666666667 0.1152680000000000
vn 0.4652315059238092 -6.1337875107783226 -1.2560657289315145
v 0.0233340000000000 -0.2921920000000000 0.0069610000000000
vn 0.9362305544765649 -6.1810997350960566 -0.6132289375429764
v 0.0567377000000000 -0.2931213333333333 0.0385682000000000
vn 1.2000053272565310 -6.1660812096734059 0.1285478255849469
v 0.0830234390243902 -0.2900433658536583 0.0896861707317074
vn 4.4296284006942468 -4.4316937805647463 0.4577264369564386
v 0.2107167777777778 -0.2098905555555557 0.1401147777777778
vn 0.0871629799443212 -6.2278949286306062 -0.8011994612957037
v 0.0058852500000000 -0.2955128333333334 0.0230111666666667
vn 1.0721244196057889 -6.1904344026361224 0.0508799770553069
v 0.0654161063829787 -0.2934343617021274 0.0815295531914894
vn 0.1103148368292998 -3.0827628309224764 -3.7361522130808669
v 0.0133762222222222 -0.2912993333333334 0.0000000000000000
vn 0.7213407966749423 0.7213407966749423 2.4587719857387982
v -0.1826470000000000 0.2316860000000000 0.1548800000000000
vn -0.0514948231628779 -6.2640142475595901 -0.4646724513051489
v -0.0032253909313725 -0.2981587493872547 0.0501832500000002
vn 0.9721514966965870 -6.2011185911254536 -0.2678771880607689
v 0.1078446769230769 -0.2854072923076920 0.0639421076923076
vn 0.9568434192984080 -6.1147307542028821 -1.0761684225949544
v 0.0584869433962264 -0.2890016603773585 0.0108618301886792
vn 0.0883269234288246 -6.2744843133262140 -0.2985015796975209
v 0.0048987822468793 -0.2983580027739254 0.0542960536292183
vn 0.7908413663518992 -6.2265645591626830 0.2698719483585284
v 0.1160613387096775 -0.2842913387096777 0.0894534838709677
vn 0.6419518306190102 -6.1824288178216031 -0.9097951206730759
v 0.0391250000000000 -0.2932240000000000 0.0209500000000000
vn -4.2883539496040699 4.5512568670813849 0.5718905016517356
v -0.1962250000000000 0.2243820000000000 0.1371060000000000
vn 1.1040829737161382 -6.1847218490960616 -0.0735194991425771
v 0.0994002622950820 -0.2870572622950819 0.0722746721311474
vn 1.1875042583988926 -6.1662115771506425 0.2008569813500417
v 0.0781533333333333 -0.2908413333333333 0.0958060000000000
vn 4.8333865571677519 -4.0093812520732808 -0.0023003258011097
v 0.2570710000000000 -0.1635370000000000 0.0724950000000000
vn 0.5169970787437539 -6.1752049883703251 -1.0311855081899859
v 0.0312160000000000 -0.2928600000000001 0.0139440000000000
vn 0.2557308751180715 -6.2516191191516377 -0.5689719435742230
v 0.0218641529353724 -0.2961903438579179 0.0356590868278245
vn -1.5687015726289495 1.5358405051878046 1.5965524258101453
v -0.2020970000000000 0.2122360000000000 0.1617050000000000
vn -4.3915208939327464 4.4583079701008881 0.5568282101183124
v -0.2090789687500000 0.2102558750000000 0.1510661562500001
vn 4.5294030316406637 -4.3293687948664434 0.4572188004678817
v 0.2247990000000000 -0.1958090000000000 0.1368970000000000
vn 4.4920721775359613 -4.3619629561942190 0.5002583961480354
v 0.2177032962962963 -0.2029044814814815 0.1392431481481482
vn 0.2459795843912702 -6.2419884410937065 -0.6726904694152555
v 0.0140823020090733 -0.2963225994815289 0.0329377440051847
vn 0.3938489340123544 -6.2662766057380059 0.2033467967231445
v 0.1245840909090909 -0.2838208333333330 0.0809988484848485
vn 4.4516105938374055 -4.3993791481338507 0.5510208728089295
v 0.2133860000000000 -0.2059490000000000 0.1509140000000000
vn 0.3800061544334135 -3.0663204308455940 -3.6514388085605063
v 0.0409836000000000 -0.2892736000000000 0.0000000000000000
vn -4.3624830020945620 4.4910350259199667 0.5083961465408348
v -0.2042733846153846 0.2163346153846155 0.1396000769230769
vn 0.2311025883870470 0.5789056164625578 2.2971142562897953
v -0.1941090000000000 0.2202240000000000 0.1600370000000000
vn 3.6620016446002603 -5.0954292605517502 0.0748869105813440
v 0.1347625000000000 -0.2805685000000000 0.0807825000000000
vn 1.4495749911005855 -2.6483538010727363 0.2572978887832630
v 0.1525970000000000 -0.2635035000000001 0.1138420000000000
vn 1.7035532726352514 -2.5929914747521301 0.6821179220515411
v 0.1575305000000000 -0.2596750625000001 0.1241970000000000
vn -4.1940080170065599 0.0837055920214483 1.4751880879834172
v -0.2638890000000000 0.1539800000000000 0.1152680000000000
vn 4.0397173147412220 -4.8061632885116516 0.1577726094029702
v 0.1649462941176471 -0.2556610588235295 0.0900514705882353
vn 1.8407075788640834 -5.7859058439199025 0.3865503452334553
v 0.1303923398692810 -0.2830049607843139 0.0897533725490196
vn 4.6402567702681567 -4.2328617711286940 0.1428716848299723
v 0.2394270000000000 -0.1831440000000000 0.0934640000000000
vn -4.4873355535835824 4.3718355121467409 -0.4704141695483735
v -0.2186217272727273 0.2019862727272727 0.0089020000000000
vn 4.3683919678664163 -4.5134060440043573 0.1283449530672858
v 0.2024467142857143 -0.2213185714285714 0.0915590000000000
vn -4.3612555606037766 4.5118795322432117 0.3027503596595973
v -0.2011220000000000 0.2214490000000000 0.1158910000000000
vn 4.2359288521103791 -4.6372501518772982 -0.1488426712051032
v 0.1831673333333333 -0.2394036666666667 0.0545520000000000
vn 4.5260155896791030 -4.3470072097599299 0.2964295441469940
v 0.2238265000000000 -0.1987445000000000 0.1145830000000000
vn -4.6431166521693248 4.2299834681038950 -0.1360893301414360
v -0.2396116000000000 0.1829594000000001 0.0553252000000000
vn 4.3396962448046210 -4.5421150006123474 -0.0814791800836272
v 0.1984316249999998 -0.2253335000000001 0.0629101250000000
vn 3.9335831316601748 -4.8908402376401048 0.1724856766412644
v 0.1393076666666667 -0.2768383333333333 0.0887380000000000
vn -4.4304935762849684 4.4511840628584380 0.1647338411861017
v -0.2102386666666666 0.2135263333333333 0.0960163333333333
vn -4.7107088447261987 4.1419445390742489 -0.3304982160473691
v -0.2444890000000000 0.1761180000000000 0.0288450000000000
vn 4.2157339364425566 -4.6574994071412519 -0.0665088233809673
v 0.1808375000000000 -0.2417335000000000 0.0638782500000000
vn -4.6068159309740810 4.2663010081436852 -0.2128809136606682
v -0.2351532500000000 0.1874177500000000 0.0454062500000000
vn -3.5628744409384634 0.4563525404996030 -2.5312789908816731
v -0.2520520000000000 0.1658160000000000 0.0105490000000000
vn -1.7436322308277963 -1.7771031333369987 0.2558589944642084
v 0.1454700000000000 -0.2688630000000000 0.0854390000000000
vn 2.1414898507142639 -2.7134244548674742 0.1138730122748755
v 0.1403638750000000 -0.2757847500000000 0.0964900000000000
vn 2.1033861855355713 -2.3250389240244611 -3.3251783398494528
v 0.1927950000000000 -0.2264590000000000 0.0000000000000000
vn -2.8608856842393444 1.2329770574539105 0.2570851230877267
v -0.2700939999999999 0.1461432307692308 0.0814860769230769
vn 1.8647010105378261 -5.7388691370275744 0.7204427571340640
v 0.1307502195121951 -0.2824361951219512 0.0949650731707317
vn 4.1925168964269410 -4.6512224350240086 0.4719361873636158
v 0.1802200000000000 -0.2403880000000000 0.1246830000000000
vn -4.4542346364489331 4.4189502074493268 -0.3196628165336358
v -0.2137790000000000 0.2087915000000000 0.0298540000000000
vn 1.6933429155998176 -6.7326575895758074 -0.7143300353645952
v 0.1470460000000000 -0.2707237692307691 0.0623272307692308
vn -4.5152078135655493 4.3579709063962708 -0.3005610017686388
v -0.2221783333333333 0.2003926666666667 0.0325013333333333
vn 4.4373108216224519 -4.4444429987361067 0.1642042454203728
v 0.2114168333333334 -0.2123485000000001 0.0960681666666666
vn 3.1912561125088335 -0.0690666850574098 2.0431885159446184
v 0.2572360000000000 -0.1606330000000000 0.1294680000000000
vn -4.3360041878053890 4.5457044982207258 -0.0718380264742303
v -0.1982658888888889 0.2254992222222223 0.0634014444444444
vn 4.3876105755453079 -4.4941198647125979 0.1472947242707721
v 0.2049990000000000 -0.2187660000000000 0.0939050000000000
vn 4.6250638731041995 -4.2481117194672553 0.1793232522625077
v 0.2374992500000002 -0.1850717500000001 0.0981380000000000
vn -4.7477719190433021 4.0969481402678785 -0.3340545963120619
v -0.2493700000000001 0.1712373333333333 0.0376733333333333
vn -4.7492424777895028 4.0914422466622460 -0.3709841784787218
v -0.2467290000000000 0.1738790000000000 0.0324640000000000
vn -4.6566659690975847 4.1977117978602427 -0.3943940140607151
v -0.2413158181818182 0.1792921818181819 0.0244739090909091
vn 4.5499658999342998 -4.3317494680373150 -0.0574927637237808
v 0.2263538000000000 -0.1974118000000000 0.0656412000000000
vn 4.0366851604491387 -4.8029395082483894 0.2469515117994062
v 0.1670226470588234 -0.2535853529411765 0.0990005294117647
vn -4.6290875832051510 4.2296581885767051 0.3876134374306420
v -0.2378750000000000 0.1827330000000000 0.1274650000000000
vn 1.7113112060143649 -2.5918578351562367 -0.2123527892218644
v 0.1476003684210527 -0.2689655789473684 0.0547352105263158
vn -4.3959936667404165 4.4857592627289780 -0.1518178329493939
v -0.2060043333333333 0.2177606666666665 0.0536470000000000
vn 2.2709728344914146 -5.2521561617639163 -1.4034382891095574
v 0.1391000000000000 -0.2753870000000000 0.0247000000000000
vn 3.9474291026876474 -4.8778703802080381 -0.3179578230240246
v 0.1429757058823530 -0.2725957058823529 0.0295294705882353
vn 4.1436214045483162 -4.6942996603980962 0.4678971466625966
v 0.1819920000000000 -0.2386160000000000 0.1266850000000000
vn -4.4255138832131244 4.4476483533494822 -0.3205830824872197
v -0.2098610000000000 0.2127096666666667 0.0297743333333333
vn -4.7787195835382956 4.0746471714943553 0.1382765932704563
v -0.2558395000000000 0.1647685000000000 0.0891370000000000
vn 4.1733252217061665 -4.6805734512696997 -0.3664422719113767
v 0.1792030000000000 -0.2414050000000000 0.0245600000000000
vn -4.5235710717722029 4.3582209830476062 0.1158168153207951
v -0.2230110999999999 0.2007539000000000 0.0892923000000000
vn 4.6321562249918520 -4.2119719125064945 -0.4897990414511039
v 0.2368678823529411 -0.1837401176470588 0.0195851176470588
vn -2.5000692325400014 1.7380878020560342 -0.3133804348064418
v -0.2674343684210526 0.1493176842105263 0.0464308947368421
vn 4.6534734928342010 -4.2051686498674270 -0.3600632964189013
v 0.2413158181818182 -0.1792921818181819 0.0244739090909091
vn -4.3520607137072318 4.5296466980558900 -0.1079800868980054
v -0.2003840000000000 0.2233810000000000 0.0589480000000000
vn 4.4982972701340511 -4.3834321629996404 -0.1437354676555064
v 0.2197242500000001 -0.2040408750000000 0.0549775000000000
vn 1.3236125352031884 -5.8984010134980185 -1.7107779819894342
v 0.1321170000000000 -0.2740040000000001 0.0165500000000000
vn -4.6536850567611658 4.2193494146040100 -0.0965823955222339
v -0.2412960000000000 0.1812740000000000 0.0612970000000000
vn 4.4701032935204044 -4.4115203512791563 -0.1608359508216414
v 0.2154625000000001 -0.2083024999999999 0.0524630000000000
vn 4.7158472814954617 -4.1351084088963308 -0.3372336587297221
v 0.2451478235294118 -0.1754594705882353 0.0299094117647059
vn 2.3194470697327323 -2.1091042267981721 -3.3314000800069308
v 0.2264700000000000 -0.1927840000000000 0.0000000000000000
vn 4.3722590873273610 -4.5010306832752009 -0.3066292249988652
v 0.2023240000000000 -0.2202470000000001 0.0316576000000000
vn 3.2993502079064818 -5.1431429843064418 -0.9777992524357133
v 0.1437004516129032 -0.2713452258064517 0.0203924516129032
vn -4.4593141335467736 4.4224755469727786 0.1623494786823545
v -0.2144885000000003 0.2092767500000001 0.0957088750000000
vn 4.1091033670021142 -4.7352621885051231 -0.3662365589450947
v 0.1752259565217391 -0.2453818260869565 0.0303577826086957
vn -4.7686616236942054 4.0799765154127225 0.2505363428263399
v -0.2513081764705882 0.1692994705882353 0.1057700000000000
vn 4.4322486854887195 -4.4409493741766290 -0.3214740748154228
v 0.2106330000000000 -0.2119375000000001 0.0297707500000000
vn 4.2246241755231146 -4.6486598459743487 -0.1080011663019839
v 0.1819170000000000 -0.2406540000000000 0.0585820000000000
vn 1.3461297369805088 -5.8683383277441106 -1.7931438794622676
v 0.1347776875000000 -0.2724981875000000 0.0133209375000000
vn 4.3542447911222562 -4.5272175093041369 -0.1166768629553939
v 0.2003840000000000 -0.2233810000000000 0.0589480000000000
vn 1.9448193746623605 -2.5235340683849801 -0.2624405664347751
v 0.1602673333333333 -0.2564220000000000 0.0181363333333333
vn 4.0938597282634444 -4.7495613410177340 -0.3463414243466933
v 0.1717220000000000 -0.2488860000000000 0.0365600000000000
vn 4.3276855561227636 -4.5538197359972088 -0.0523226482400786
v 0.1969400000000000 -0.2268250000000000 0.0673330000000000
vn -2.5219620956249500 1.7075651759101689 -0.2267224095025796
v -0.2580663157894737 0.1586855263157895 0.0211071052631579
vn 2.0466223474499827 -5.6989592126632029 -0.9125799424055432
v 0.1340820324324326 -0.2791126864864862 0.0379635891891892
vn -4.8025927265572186 4.0423312338446147 0.1931462594788902
v -0.2545829090909091 0.1660250909090909 0.0953277272727273
vn 3.2333963504099037 -5.3112235317338703 -0.3372622618932200
v 0.1395703636363636 -0.2753775454545453 0.0301914545454545
vn -1.3494274203522103 -1.4869628346292010 -1.9527842121597347
v -0.2516835000000000 0.1626495000000000 0.0125770000000000
vn 6.2412315940889744 0.6249232031205784 -0.3403280066359419
v 0.2840875789473689 0.1177112105263157 0.0637924561403509
vn 6.2632397080064566 0.4581907760174578 -0.0573767296040006
v 0.2838111474530824 0.1267545013404826 0.0727186058981234
vn 2.6949692855523955 2.2833867367238865 0.0242469461993105
v 0.2757847500000000 0.1403638750000000 0.0964900000000000
vn 2.0455540272884276 2.5791705804251794 0.1815372102548276
v 0.1403360000000000 0.2758116666666666 0.0963366666666667
vn 6.1899258402576987 1.0755737672508496 0.0584893183810262
v 0.2867798275862066 0.1009523620689655 0.0813563620689655
vn 6.2095348672632795 0.9321693543345454 0.2120664232124229
v 0.2852479655172419 0.1092512241379311 0.0894873448275861
vn 0.0000000000000000 0.0000000000000000 -2.9018158822571403
v 0.2817500000000000 0.0731970000000000 0.0000000000000000
vn 0.6874052028213302 6.1751948807029908 -0.9182722996177436
v 0.1252677025316455 0.2819147784810128 0.0482530443037974
vn 6.2763803665312512 0.2598375233723835 -0.0625933945198205
v 0.2988330000000001 0.0156260000000000 0.0702380000000000
vn 0.1139390931398429 6.2813780876487861 0.0462176716571172
v 0.0059458235294118 0.2990947941176471 0.0810146764705882
vn 6.0951213619530549 1.0901510244870243 -1.0626520023733155
v 0.2880527200000000 0.0657136800000000 0.0123901200000000
vn 6.2809226086696830 0.1225815561077516 0.0667687935179113
v 0.2990525000000001 0.0079270000000000 0.0827855000000000
vn 1.2116170945445393 6.1417217693264234 -0.5329921612485142
v 0.0989280052910054 0.2860426772486770 0.0488067619047619
vn 0.2229140532425730 6.2742046518149408 -0.1497448460413310
v 0.0137462162162162 0.2988904054054053 0.0701390810810811
vn 6.1625322883324607 0.9596234500804565 -0.7483103339669361
v 0.2919680000000000 0.0573228333333333 0.0291025833333333
vn 6.2434807077169676 0.5662472334233484 -0.4166153148585410
v 0.2968426766169153 0.0339007910447761 0.0536630398009950
vn 6.2260247634768211 0.7069146689701721 -0.4467491993886351
v 0.2954430477528090 0.0433878258426966 0.0465172134831461
vn 0.0000000000000000 0.0000000000000000 -1.9327407112959729
v 0.0731980000000000 0.2817440000000000 0.0000000000000000
vn 6.2809756972688309 -0.0000000000000000 0.1414868359996387
v 0.2989980000000000 0.0000000000000000 0.0922540000000000
vn 1.0269722719921077 6.1819319855840051 -0.4484511647889792
v 0.1076752549019606 0.2849423725490193 0.0554602156862745
vn 2.9937274796173416 -0.0726221963717047 0.0811422463043262
v 0.2987084000000000 -0.0093756000000000 0.0987000000000000
vn 6.2614902603495093 0.3993185002312379 -0.2732664009108889
v 0.2982620000000000 0.0237680000000000 0.0629920000000000
vn 0.4684171734454222 3.0796996282999225 0.0692536737465852
v 0.0578827680722892 0.2943934367469879 0.0975211265060242
vn 0.3712397074373899 6.2658593787695960 -0.2786267953292784
v 0.0227916175103939 0.2980759775006110 0.0626359364147710
vn 1.3991775428875906 6.0194609010757709 -1.1269739095434079
v 0.0924540000000000 0.2822190000000000 0.0108790000000000
vn 6.0114935936681135 1.4203512997429224 -1.1466556938283823
v 0.2816640000000001 0.0964490000000000 0.0129220000000000
vn -0.0120883653479066 6.2813093769817314 0.1109316345585065
v 0.0000000000000000 0.2990502000000000 0.0892978000000000
vn 6.2065121889251493 0.7710212417112599 -0.5587155860060679
v 0.2942416511627906 0.0491363720930232 0.0389606279069767
vn 6.1041258873005155 -1.1498876556337672 -0.9362069798182909
v 0.2883090000000000 -0.0714330000000000 0.0202130000000000
vn -3.2276529497387183 5.3311268246558114 -0.0276407493546747
v -0.1335014736842105 0.2815852105263161 0.0718876052631579
vn -0.1524163842343061 6.2386068719502754 -0.6902066226796314
v -0.0105763676767676 0.2968226020202022 0.0354901313131314
vn -0.3152078894711662 6.2270326853703946 -0.7724145416715111
v -0.0195769093690250 0.2960786860420639 0.0326378019120460
vn -1.0197160334172022 6.1401248368327117 -0.8512307762029638
v -0.0592630000000000 0.2909640000000000 0.0238010000000000
vn 5.6472674628617208 -1.9899393778639594 0.4046181155042431
v 0.2829620476190476 -0.1312653809523810 0.0897840000000000
vn 6.1414089928809856 -1.1884511667116280 -0.5603184706124115
v 0.2887068000000000 -0.0821058000000000 0.0402026500000000
vn -0.9370808714016801 6.0944472333605582 -1.2027528768283533
v -0.0566682972972973 0.2881266756756757 0.0046531621621622
vn -1.1347292699761999 6.1071611638381151 -0.9364577555879912
v -0.0698513333333333 0.2885986000000000 0.0202646666666667
vn -0.5111367554211700 6.2446016916805931 -0.3829793021485607
v -0.0350114102564102 0.2966903974358976 0.0491918076923078
vn -0.4398314181475874 6.2612457886842341 -0.2804301562851331
v -0.0292854722395510 0.2973137354959464 0.0553645001039715
vn 6.2573739835039346 -0.5194797018995501 0.1485005444794027
v 0.2837318593350383 -0.1264547416879795 0.0810029974424553
vn 0.0000000000000000 0.0000000000000000 -2.9224963998321991
v -0.0731970000000000 0.2817500000000000 0.0000000000000000
vn 4.8982266089634452 -3.9291463169576240 -0.0643285932180597
v 0.2806447380952382 -0.1345907857142858 0.0630312857142857
vn 6.0398546405428517 -0.8505003510943312 -1.4558600586824977
v 0.2891466842105264 -0.0509752105263158 0.0056757894736842
vn 6.1126506697827434 -0.5405231576009603 -1.3092299920929000
v 0.2908940000000000 -0.0388370000000000 0.0069600000000000
vn 3.0819348067860792 -0.2533937696762606 -3.6512832112232356
v 0.2892716000000001 -0.0409796000000000 0.0000000000000000
vn -3.9718768250684588 4.8659248096947056 -0.0936168286876583
v -0.1372364545454546 0.2785374545454545 0.0618430909090909
vn -1.4449734107437224 5.9880797194814290 0.1523597575445026
v -0.1288800040983608 0.2836264139344264 0.0813985000000001
vn 5.4295385106205458 -0.7978821590585419 -0.2551077902307597
v 0.2851398382352940 -0.1095736617647059 0.0639808676470587
vn 6.1649746068888334 -1.1450709844806193 -0.3951074158620734
v 0.2861384038461540 -0.1011365192307692 0.0558168076923076
vn 6.1033625963698883 -1.0169050888328934 -1.0854406794836371
v 0.2888899999999999 -0.0603490000000000 0.0119105454545455
vn -0.7890730681831016 6.2244261653149255 -0.3134052047652890
v -0.1135509242424244 0.2845649242424246 0.0636716969696969
vn -0.4353205604953163 6.2657182789074222 -0.1046251094361103
v -0.1218654193548387 0.2840314516129032 0.0723377419354838
vn -1.0329665142761666 6.1019747012377854 -1.0804780570591364
v -0.0613620555555556 0.2885388055555556 0.0108886666666667
vn 6.2538849909164238 -0.5786464080605731 -0.1069568345324083
v 0.2843382058823533 -0.1180805735294116 0.0723857352941175
vn 6.1507853367066962 -1.0995712303507370 -0.5163390864539437
v 0.2908330000000001 -0.0718860000000000 0.0413510000000000
vn 6.1410190003633769 -1.2367829283084153 -0.4815460050538065
v 0.2873171292134830 -0.0926741011235955 0.0489657303370786
vn -0.3194978229711862 2.9338494085689848 -1.1231584764191345
v -0.0449185000000000 0.2878763750000000 0.0000000000000000
vn 1.3196710986495508 1.1868744689946378 2.1192092929010728
v -0.1672735000000000 0.2470595000000000 0.1414780000000000
vn -0.6297965684841040 3.2392757153908365 0.0821195013343618
v -0.0809609925925926 0.2902806370370372 0.0962139555555555
vn 4.7611954539260202 4.0976868796544501 -0.0975636240520107
v 0.2561060000000000 0.1645020000000000 0.0604680000000000
vn -4.2947267911352069 -4.5785051102939756 0.2502816302675935
v -0.1922708461538461 -0.2303001538461540 0.1091917692307692
vn -4.4049082539303202 -4.4769313107836162 0.1557381591024538
v -0.2070440000000001 -0.2167210000000001 0.0949955000000000
vn -4.2556411919229653 -4.6173974926536019 0.1964036026305329
v -0.1863440000000000 -0.2362270000000000 0.1008060000000000
vn -4.5504522470479962 -4.3226351876332103 -0.2779901773380831
v -0.2271953333333334 -0.1953756666666666 0.0358770000000000
vn -4.5186236550314423 -4.3545174729780172 -0.2992485489267520
v -0.2224082500000000 -0.2001627499999999 0.0326537500000000
vn -4.3339408111594109 -4.5392927993163079 0.2860341967984059
v -0.1967003333333334 -0.2258706666666667 0.1131683333333333
vn 4.5475702047000661 4.3256566739464208 0.2803494272308237
v 0.2264036666666666 0.1961670000000000 0.1127610000000000
vn -4.0683063966669479 -4.7315636989549192 -0.6668259575571580
v -0.1782349090909091 -0.2410996363636364 0.0110199090909091
vn -4.5955803689596113 -4.2775797375379634 -0.2294764075567425
v -0.2332170000000000 -0.1893540000000000 0.0423660000000000
vn -1.7238362080146599 -4.0320865849664038 -0.6078751705617542
v -0.1488603333333334 -0.2677733333333334 0.0375943333333333
vn 4.6600531527533402 4.2130028817377490 0.0530376230663032
v 0.2421245000000000 0.1804462500000000 0.0813710000000000
vn -4.1702653471573541 -4.6912144286644901 -0.2722029368455180
v -0.1724980000000000 -0.2481090000000000 0.0350090000000000
vn -0.7482320936557474 -6.0950076579652910 -1.2950846657114075
v -0.0388370000000000 -0.2908940000000000 0.0069600000000000
vn -2.7539476533443588 -1.5691261080992329 0.5879590619097868
v -0.2592495909090908 -0.1576552727272727 0.1247656363636363
vn -1.0271844091721347 -6.1493287304335471 -0.7672470694045981
v -0.0588833636363636 -0.2916939090909091 0.0288666363636364
vn -1.1733018931073071 -6.1507700810507497 -0.5091027297007065
v -0.0744370000000000 -0.2906980000000000 0.0453890000000000
vn -1.1145688661141515 -6.1486639167715404 -0.6381568826061614
v -0.0694344500000000 -0.2911470000000000 0.0400774000000000
vn -4.7233773891830833 -4.1070481010995250 0.5143333229794490
v -0.2457180000000000 -0.1736170000000000 0.1318280000000000
vn -1.1410009605345499 -6.1768566642084117 0.1464636280669958
v -0.0965800000000000 -0.2874314727272724 0.0895511454545453
vn -0.8403464732807309 -6.2168344588891857 -0.3006518307188977
v -0.0555210250000000 -0.2946043875000002 0.0559915375000000
vn -4.1454130835656695 -4.6841006534882910 0.5492322543989048
v -0.1775460000000000 -0.2417890000000000 0.1362880000000000
vn -0.3382826244818792 -6.2172004112429562 -0.8189397166133663
v -0.0214307200000000 -0.2949356800000000 0.0229206800000000
vn -0.1888081789610042 -6.1930168048889414 -1.0344441659531320
v -0.0113517333333333 -0.2939733333333334 0.0139496000000000
vn -1.1686035995029367 -6.1732385199715090 0.0409785371475240
v -0.0778213571428571 -0.2911772857142855 0.0800582857142858
vn -1.1981118012507908 -6.1675500459016757 -0.0321699405220448
v -0.0821213809523809 -0.2903660952380954 0.0731156190476191
vn -1.2059690056545607 -6.1632549946773896 -0.1787351832043945
v -0.0881943269230768 -0.2890486923076925 0.0646316923076923
vn -0.9983125667508295 -6.2026825760056949 0.0628655802724584
v -0.1053502222222221 -0.2860403703703698 0.0811242777777779
vn -4.8584943388968629 -3.9538704972331424 0.3915938862074520
v -0.2515761764705883 -0.1677588235294118 0.1231996176470588
vn -0.6821693088461878 -6.2349251758321298 -0.3669040766320887
v -0.0438099377845220 -0.2956206995447652 0.0500457996965100
vn -0.3310447105701188 -2.9939475376177640 0.2070463093972386
v -0.1221557946428571 -0.2831164285714284 0.0963035312500000
vn 4.6535222770394462 4.2197109153279833 -0.0941801472298725
v 0.2411600000000000 0.1814110000000000 0.0606700000000000
vn -4.2430070087905056 -4.6302464429003614 0.1664860090918818
v -0.1846901578947369 -0.2378808421052634 0.0973443157894737
vn -3.6629393307524278 -4.9988955964047159 -0.5218199122779700
v -0.1520570000000000 -0.2658110000000000 0.0383040000000000
vn -3.7935791982470248 -4.6417126003989173 -0.5041000158274536
v -0.1545303684210526 -0.2621825526315789 0.0297916315789474
vn -4.6685456112834389 -4.1851426332793062 -0.3839468076088737
v -0.2438520000000000 -0.1767555000000000 0.0278990000000000
vn 4.3402099338863342 4.5416868208262882 -0.0796124841107335
v 0.1982843750000000 0.2254810000000000 0.0632697500000000
vn -4.4873620054901497 -4.3857905214619599 -0.3124368848175155
v -0.2180620000000001 -0.2045090000000000 0.0307600000000000
vn -4.2748342961230472 -4.5984192471292422 0.2246288149733033
v -0.1887701538461537 -0.2338008461538461 0.1047096153846154
vn 4.5372528912245453 4.3446107754925016 -0.0906247668925882
v 0.2247714000000000 0.1989936000000000 0.0614924000000000
vn -4.1141134450838184 -4.7333602753976152 -0.2298340189735784
v -0.1463838181818182 -0.2697621818181818 0.0285980909090909
vn -4.2005896367507232 -4.6577823905640594 -0.3557207152132084
v -0.1793040769230770 -0.2413039230769231 0.0244590769230769
vn -4.0851282449416928 -4.7648685647828781 -0.2399356731747196
v -0.1709651052631578 -0.2496422105263158 0.0382281578947369
vn -4.4312108100133871 -4.4504927144459163 0.1645068975946671
v -0.2104290000000000 -0.2133363333333333 0.0960453333333333
vn 2.7420807392316386 1.1568188113905407 -0.5589153656605429
v -0.1502890000000000 -0.2640440000000000 0.0383040000000000
vn -3.9022398330066070 -4.9016126236428228 -0.2664053272298521
v -0.1653228181818182 -0.2540121818181818 0.0292100909090909
vn -4.1886343859959139 -4.6730060229760948 -0.3023305388854928
v -0.1749064062500001 -0.2457011249999999 0.0308062812500000
vn 3.0117516785652967 0.6542505763728640 -3.7422563785775291
v 0.2836905000000000 0.0758810000000000 0.0000000000000000
vn 0.8364173232856975 6.1266833798864093 -1.1121922124847377
v 0.1252601578947369 0.2803024210526316 0.0386681052631579
vn 6.2777646626148558 0.0100079736876659 -0.2107759382152224
v 0.2990275757575757 -0.0002402424242424 0.0644608181818182
vn 6.0389621404822229 0.9655315931633016 -1.3962430035333897
v 0.2866225238095241 0.0655619047619048 0.0045677261904762
vn 6.0779199035043856 1.2773290762642269 -0.9432426232489428
v 0.2858810000000000 0.0832530000000000 0.0200610000000000
vn 1.2613897276006314 6.1129752139168616 -0.7114021413086959
v 0.0980724210526316 0.2853595263157895 0.0400803684210526
vn 0.0942459801749832 6.2777602505065353 -0.1569086317534854
v 0.0050058875000000 0.2991127250000000 0.0707072374999999
vn 1.2387068977136417 6.0940222727304727 -0.8772667581061294
v 0.0795150000000000 0.2871920000000001 0.0235020000000000
vn 6.2767795347875301 0.2662277205755692 0.0413610165482689
v 0.2988243846153846 0.0156206923076923 0.0807528461538461
vn 6.2688149023138715 0.3932225134997709 0.1243113541371754
v 0.2982650000000000 0.0237510000000000 0.0916600000000000
vn 0.2377248446713522 6.2777580640045834 0.0373004349982216
v 0.0144063684210526 0.2988702631578947 0.0804651052631579
vn 0.3913704916913339 6.2689493356442600 0.1183953667469581
v 0.0237510000000000 0.2982650000000002 0.0916600000000000
vn 6.2243568655367767 0.6642748449205473 -0.5324114379817486
v 0.2950891705426356 0.0422634728682171 0.0403358294573643
vn 6.2152377558263918 0.8106516733720471 -0.4352996094003268
v 0.2948547475247521 0.0487759504950495 0.0479130000000000
vn 6.2144123014842840 0.5243343059597126 -0.7470805512589905
v 0.2949270000000000 0.0314180000000000 0.0279790000000000
vn 1.1650456978438466 6.0773724156244961 -1.0830091052974899
v 0.1178790000000000 0.2797420000000000 0.0291590000000000
vn 0.7447679959307818 2.9295721340629557 -2.0710667001298990
v 0.0726647272727273 0.2838960000000000 0.0000000000000000
vn 0.6081135446176434 2.7189001413322202 -1.5415126339755310
v 0.0834520000000000 0.2805176249999999 0.0000000000000000
vn 0.7638326596561361 6.2118760257252550 -0.5410833848334623
v 0.1164567413793105 0.2836454999999996 0.0555938448275862
vn -0.0393262211000496 6.2768447435324815 -0.2760995072914453
v -0.0020085613666229 0.2987499642575551 0.0627489500657037
vn 0.6593611397299890 6.2142463362328950 -0.6344246697207419
v 0.1217969687500000 0.2824744375000000 0.0502584062500000
vn 1.2866550024057573 5.6396425645774952 -2.1953509309936017
v 0.0945406363636363 0.2801989090909091 0.0033918181818182
vn 5.8647928702901639 1.4933394940186007 -1.6161483238319356
v 0.2808279230769231 0.0928263076923077 0.0044118461538462
vn 0.7536546185380036 5.5941934162534803 -2.3777907226664059
v 0.0642462272727273 0.2864277499999999 0.0024325681818182
vn 5.4086235986058240 0.8474283123232985 -0.3128421475399536
v 0.2936140479999998 0.0598479946666667 0.0540917164444446
vn 3.1278852598416620 -0.2848148334728037 0.0872365103120267
v 0.2972378000000000 -0.0345712000000000 0.0987000000000000
vn 0.2564051379471416 3.1303677275879984 0.0855346079970939
v 0.0302596000000000 0.2976098000000000 0.0987000000000000
vn 2.6169951481443818 0.6310434031814858 -1.7558694545860258
v 0.2810335238095237 0.0838365952380953 0.0000000000000000
vn 6.2693208035494852 0.3951406752611012 -0.0589649259342245
v 0.2984090000000000 0.0237750000000000 0.0702430000000000
vn 6.1841791128247809 0.7800892589524924 -0.7736694394649628
v 0.2932820000000000 0.0470500000000000 0.0279770000000000
vn 0.1322976373032658 6.2797057071205664 0.1234518385876736
v 0.0079220000000000 0.2989280000000000 0.0916360000000000
vn 0.2402089130610263 6.2712650205689302 -0.2910644322022382
v 0.0142535488349032 0.2985366717897866 0.0629236281606351
vn 6.2811010224900823 -0.1318189218911061 0.0149402173250020
v 0.2990860000000000 -0.0079290000000000 0.0774800000000000
vn 1.1510879290544698 6.0817952818912477 -1.0678945443725831
v 0.0711510000000000 0.2868240000000000 0.0110410000000000
vn 6.1126868655682536 1.1287830007450665 -0.9077014646818105
v 0.2892300833333333 0.0679870833333333 0.0222009583333333
vn 6.0776747204052732 1.1872372556967796 -1.0557814070838725
v 0.2869340588235292 0.0724794705882353 0.0131717058823529
vn 0.3726117468029062 6.2669653316619298 -0.1527489742720673
v 0.0225029523809524 0.2984742380952383 0.0702713650793651
vn -0.0637790698401376 6.2819684213212277 0.0554804534612706
v -0.0026955600000000 0.2991313200000001 0.0813149200000000
vn 1.0800947294994692 6.1602777947023819 -0.5979394380937623
v 0.1075497015706805 0.2844008376963352 0.0488155863874345
vn 1.1678223477943916 6.1615719796823782 -0.3813641735899279
v 0.0991532500000001 0.2865202884615385 0.0559082115384615
vn 3.1376395380171997 -0.1418381550966880 0.0863728745493603
v 0.2984610000000000 -0.0165838000000000 0.0987000000000000
vn 1.2743232969580820 5.7888616736674070 -1.9135921419615083
v 0.0830830000000000 0.2832400000000000 0.0051970000000000
vn 6.2799144270362097 0.1280839186290449 0.1255634214415483
v 0.2989280000000000 0.0079220000000000 0.0916360000000000
vn 6.2453702843866807 0.5350349561598096 -0.4227762781538630
v 0.2964962670807457 0.0327489689440994 0.0466493012422360
vn 6.2337651441082134 0.6791725755673340 -0.3950472871889993
v 0.2959586820276497 0.0425690414746545 0.0536158387096774
vn 6.1703463051729788 1.0099318041783816 -0.5932550926273810
v 0.2928645384615384 0.0592898205128205 0.0400459615384615
vn 5.7628175660901251 1.3598889594316192 -1.9260245397847773
v 0.2826800740740741 0.0832844444444445 0.0027330000000000
vn 0.6968212787905366 6.1814670976386035 -0.8808039046404633
v 0.1191400000000000 0.2821370000000000 0.0452620000000000
vn 0.3921394521015217 2.9859662894537937 0.0771681978689175
v 0.0489066000000000 0.2956410000000000 0.0987000000000000
vn 1.1123170684068793 6.1327367691934684 -0.7941211341907235
v 0.1149730000000000 0.2823240000000000 0.0419970000000000
vn 6.2667686729664904 0.2794777125750155 -0.2938431802612336
v 0.2985823636363636 0.0178437272727273 0.0629905454545455
vn 0.8838675264115101 6.1489170175287020 -0.4943958772053706
v 0.1281280000000000 0.2822900000000000 0.0523015000000000
vn -0.3235421204346150 -3.0733053466785760 -3.6339902063141838
v -0.0365320000000000 -0.2897387777777777 0.0000000000000000
vn -0.0957619995951111 -3.0851678007206926 -3.7258621058881811
v -0.0113526428571429 -0.2913577857142857 0.0000000000000000
vn -1.1765914489225342 -6.1688222435981812 -0.1814408923565579
v -0.0771157142857142 -0.2911747619047618 0.0633516190476191
vn -1.8269559357424396 1.4195938796143264 1.4185948628630545
v -0.2620005384615384 -0.1534216923076923 0.1169862307692308
vn -0.7786314952393795 -6.1850726964350811 -0.7723997450792500
v -0.0470500000000000 -0.2932820000000000 0.0279770000000000
vn -4.8972442194698242 -3.9204619065616386 0.2481084759204582
v -0.2590482857142857 -0.1602863214285715 0.1065561785714286
vn -2.4620744397192933 -1.7593713144485283 0.1174818152900509
v -0.2657636904761905 -0.1507584761904762 0.1074898333333334
vn -1.1355801423253691 -6.1791060901612473 -0.0678548192666876
v -0.0968156071428570 -0.2875318571428572 0.0722298571428570
vn -0.8974210026150180 -6.1891714043393362 -0.5923527729146278
v -0.0548204166666667 -0.2935515416666667 0.0401137916666667
vn -1.0217993462216033 -6.1827196845053471 -0.4425608674430414
v -0.0625906257309942 -0.2930897719298246 0.0492065029239767
vn -1.1954935593131981 -6.1671406162200642 0.1190573895734743
v -0.0816382399999999 -0.2903265599999999 0.0890761200000000
vn -1.1880504571474604 -6.1695228069116208 0.0539098526757702
v -0.0880844901960784 -0.2891813529411764 0.0814111568627450
vn -1.8116605039443365 1.4610552548726583 0.5129215640418827
v -0.2673100000000000 -0.1470220000000000 0.0965750000000000
vn -0.6419518306190103 -6.1824288178216031 -0.9097951206730759
v -0.0391250000000000 -0.2932240000000000 0.0209500000000000
vn -4.7230242308392096 -4.1343172253109044 0.2547165475136942
v -0.2509662142857141 -0.1696414642857143 0.1066097857142857
vn -1.0290146872349260 -6.1925549765810253 -0.2556977212344710
v -0.1054600833333331 -0.2857947166666661 0.0638445333333333
vn -4.4583269532427314 -4.3645364697693605 0.7102494819634118
v -0.2125630000000000 -0.2067720000000000 0.1509840000000000
vn -0.5169970787437483 -6.1752049883703286 -1.0311855081899677
v -0.0312160000000000 -0.2928600000000001 0.0139440000000000
vn -1.1172140799594659 -6.1745520333522705 -0.3105301674452253
v -0.0712306764705881 -0.2919659411764706 0.0555162647058823
vn -4.7384639894314455 -4.1229706121075527 0.1439625280227167
v -0.2546265454545455 -0.1659814545454545 0.0951954545454545
vn -0.4719524570548565 -6.1222431006577738 -1.2929710824431693
v -0.0233340000000000 -0.2921920000000000 0.0069610000000000
vn -0.8439188853991419 -1.7093557097002892 -0.0171342309658336
v -0.1301397692307693 -0.2821347252747251 0.0977653186813187
vn 0.7015562469073291 0.9478866196450765 2.0175604748099660
v -0.1754400000000000 0.2388940000000000 0.1496990000000000
vn -0.5019318056611952 3.0417035624946247 -3.7274870665895978
v -0.0701900000000000 0.2848295625000000 0.0000000000000000
vn -0.4333093278761450 6.2150370577885470 -0.8004913190023528
v -0.0259473129102844 0.2956498752735225 0.0325809299781184
vn 5.0238279744275109 -3.7625250737619043 0.1951894444952668
v 0.2807508974358975 -0.1343422307692308 0.0896008974358975
vn 6.1573697654075250 -1.1438864048603852 -0.4785343785198121
v 0.2890015083798883 -0.0843706536312850 0.0489350558659217
vn -0.9229655729383190 6.1186336391491469 -1.0851121238074244
v -0.0563055000000000 0.2893510000000000 0.0108855000000000
vn 6.2367245536820581 -0.6576090011825396 -0.0805725414638047
v 0.2838113565683640 -0.1267542815013405 0.0727300750670242
vn 6.2518270799647961 -0.6028760188994476 0.1060672458882927
v 0.2843079661016951 -0.1183197457627120 0.0811484915254237
vn 4.4171335029184524 -4.1338234078983627 1.0979203075194710
v 0.2760300000000000 -0.1401140000000000 0.0951580000000000
vn -0.4788819939382773 6.2619357862169887 0.1393068923883780
v -0.1220758000000001 0.2839856923076922 0.0808890000000000
vn 5.7177609671256437 -1.2084552489499540 -1.6144262769788627
v 0.2909636169305720 -0.0732670785627284 0.0484895688185135
vn 6.0805644896514561 -1.3071091079719444 -0.8890918334446833
v 0.2829567692307692 -0.1036116153846154 0.0306643076923077
vn -3.2666926809686796 5.3132372288414569 0.0508517583251327
v -0.1336626800000000 0.2814325600000001 0.0808035600000000
vn 6.1590971639519960 -0.8363527606969507 -0.9128759809543788
v 0.2917905000000000 -0.0507870000000000 0.0209500000000000
vn 6.1274154905574596 -0.9040013875219464 -1.0488005396490434
v 0.2901690000000001 -0.0544750000000000 0.0139430000000000
vn 6.1648966967545578 -1.1229005024407510 -0.4140363089923568
v 0.2904192857142857 -0.0793264285714285 0.0554614285714286
vn 5.6093213654504508 -2.0670713510261702 -0.2215751635953910
v 0.2831205921052634 -0.1313590000000000 0.0628915921052631
vn -0.8281134784125634 6.2218866913784767 0.2684138638809857
v -0.1139252295081967 0.2845691311475412 0.0895188360655736
vn -1.0119381335569360 5.9503606099714128 -1.6361643258833007
v -0.0624865147058824 0.2872167303921568 0.0048431274509804
vn 2.2645484947443140 -0.2674567410528521 -2.1896038351217988
v 0.2840204666666667 -0.0674330000000000 0.0000000000000000
vn 6.1617998102511340 -0.6542909310760098 -1.0332698923810533
v 0.2921260000000001 -0.0389900000000000 0.0139430000000000
vn 5.9376554981102867 -0.8887892510971416 -1.7319446709572690
v 0.2872501568627450 -0.0600685882352941 0.0029726078431373
vn -3.8980188207210231 4.9067980851486084 0.2736202210780319
v -0.1365612083333334 0.2790066666666667 0.0892726250000000
vn 6.1175428242617667 -1.2726624048704751 -0.6517278933397080
v 0.2864136153846153 -0.0936709230769231 0.0412066153846154
vn -0.7853503628350369 6.1453260543984527 -1.0401074435903634
v -0.0467450000000000 0.2912290000000000 0.0139420000000000
vn -1.4059027588419570 5.9891787603692990 -0.0597531512683631
v -0.1287125802469138 0.2837626625514406 0.0727117489711935
vn 6.2095323493534531 -0.9321784267541509 0.2121012589137527
v 0.2852479827586212 -0.1092512068965518 0.0894873965517240
vn -0.3471461925980364 3.6748146973928182 2.3705776594654053
v -0.1675020000000000 0.2503660000000000 0.1396580000000000
vn -0.3414935767255661 6.2650452058963513 -0.3136543592361141
v -0.0198244974281390 0.2979555276853237 0.0554192701966715
vn -0.5804332519907791 6.2232487297679757 -0.6128397720567458
v -0.0372051111111111 0.2955803055555555 0.0385490000000000
vn 3.3798758189762568 -2.3613162922838518 0.1991446986853160
v 0.2685821875000000 -0.1486103125000000 0.0973610625000000
vn -0.8941544182392693 6.1479791741025522 -0.9324769421939757
v -0.0546660000000000 0.2912580000000000 0.0209500000000000
vn -0.1780908716622320 6.2641309466556185 -0.4410512966852830
v -0.0112564140508222 0.2979635246636776 0.0498126547085201
vn -0.5392354327638664 3.0949757018791644 0.1193321616252004
v -0.1050900679611649 0.2856476456310680 0.0964771310679610
vn -4.3289460459882640 4.5526878392651913 0.0475007100116450
v -0.1970764999999999 0.2266888750000000 0.0808158750000000
vn 4.3719479013777001 -4.5012089491078164 0.3083313521824010
v 0.2026207500000000 -0.2199502500000000 0.1165022500000000
vn -4.6360422737383704 4.2077792338756401 -0.4927764156102591
v -0.2359143636363637 0.1846936363636363 0.0186415454545455
vn 4.5887429921352965 -4.2845197574058007 0.2372530510992751
v 0.2321070000000000 -0.1904640000000000 0.1071000000000000
vn 0.0000000000000000 0.0000000000000000 -3.1256008600491496
v -0.2192180000000000 0.1967560000000000 0.0000000000000000
vn -4.4519560958922595 -0.1827703034567951 -0.2870968755249099
v -0.2711330000000000 0.1467360000000000 0.0713880000000000
vn -2.8680929742698495 1.3495857653168462 -0.0544867611111330
v -0.2703209999999999 0.1464862000000000 0.0652583000000000
vn -4.4146116280472416 -0.1375296807402042 0.4073353319901639
v -0.2703190000000000 0.1475500000000000 0.0884270000000000
vn 4.5536021719799438 -4.3281374377039681 0.0410736484619136
v 0.2267510000000000 -0.1970141428571428 0.0806330000000000
vn 4.2604865515032406 -4.5907885200083047 -0.4738549451834292
v 0.1935401428571428 -0.2270673333333334 0.0123273333333333
vn -4.3629375974768747 4.5189038841222668 0.1210157978594634
v -0.2015362500000000 0.2222290000000000 0.0905967500000000
vn -4.4893109702029355 4.3923537446526808 -0.1505244991122202
v -0.2184040000000000 0.2053610000000000 0.0538902500000000
vn 4.7179220286768881 -4.1239463204791305 0.4065799839619796
v 0.2462005882352940 -0.1744071176470589 0.1163685294117647
vn 4.1120746104149415 -4.7360913191978273 0.3260618334307986
v 0.1739070000000000 -0.2467003333333335 0.1155033333333333
vn -4.6095048574822819 4.2392808109496620 -0.4799395318495339
v -0.2297111818181818 0.1908968181818182 0.0138098181818182
vn 4.1926856478095331 -4.6445275183198778 -0.5246928573261238
v 0.1865210000000000 -0.2340860000000000 0.0170120000000000
vn 1.1483840980792757 0.9126614581344166 1.7841256182228566
v 0.2469950000000000 -0.1673380000000000 0.1416090000000000
vn 4.5287186340534706 -4.3530958453011506 0.1072536322968534
v 0.2240818333333332 -0.1996831666666666 0.0877836666666666
vn 4.4310708679991491 -4.4420290215673006 0.3222055724876227
v 0.2105180769230769 -0.2120524230769230 0.1182176153846154
vn -4.7939291127417460 4.0583795935603550 -0.0430663970764724
v -0.2570710000000000 0.1635370000000000 0.0724950000000000
vn -2.3760454673620734 -2.0569436493898570 -0.1219313737681120
v 0.1450045000000000 -0.2693285000000000 0.0712385000000000
vn -0.2013196738015345 -4.5503173429256911 0.2883647336464938
v 0.1468400000000000 -0.2710280000000000 0.0797380000000000
vn -4.3588682189375847 4.5014029476071267 -0.4573391622537757
v -0.2001820000000000 0.2204260000000000 0.0094140000000000
vn 3.9840269217070281 -4.8312153152020221 -0.4151050704951598
v 0.1484855833333333 -0.2674227500000000 0.0202412500000000
vn 4.1830218966634041 -4.6469702656850851 -0.4947769937473454
v 0.1525446666666666 -0.2634457142857143 0.0130754761904762
vn -4.6594392648105147 4.2137909524228165 -0.0554976613192262
v -0.2420053333333333 0.1805653333333334 0.0655143333333333
vn 1.4941414859765874 -5.5703382028671911 -1.1849755548107530
v 0.1306638080000000 -0.2827403520000000 0.0562984320000000
vn -4.6483240131517070 4.2247146849326347 0.1168866050849879
v -0.2403287500000000 0.1822422500000001 0.0904197500000000
vn 4.0216754724689219 -4.8208813198655918 -0.1444429924995599
v 0.1653873636363636 -0.2552206363636363 0.0555300000000000
vn 0.8146832173971456 -2.8881614190240334 -4.0410470989555547
v 0.1413613750000000 -0.2663145000000000 0.0000000000000000
vn -2.1104528148980353 2.3173140378949575 -3.3414258676001296
v -0.1927950000000000 0.2264590000000000 0.0000000000000000
vn 4.4371458661959000 -4.4445833095964158 -0.1648093969477182
v 0.2115716666666667 -0.2121936666666666 0.0519243333333334
vn -2.2148907111195788 2.2149305090678659 -3.3807279207572227
v -0.2098629999999999 0.2098520000000000 0.0000000000000000
vn -4.4871565006997693 4.3860147979816091 0.3123080209864895
v -0.2180620000000001 0.2045090000000000 0.1172400000000000
vn -4.7460161093186679 4.1027381416615478 0.3068315364366216
v -0.2488860000000000 0.1717220000000000 0.1114400000000000
vn 4.4623739334451100 -4.4105574576797979 -0.3206962225232593
v 0.2146090000000000 -0.2079620000000000 0.0299480000000000
vn 4.3405288218558606 -4.5324998523462785 -0.2912670105150725
v 0.1980490000000000 -0.2245220000000000 0.0338470000000000
vn 1.3519826792134872 -5.7203631901112217 -2.1840573505623997
v 0.1367669230769231 -0.2697840769230769 0.0063462307692308
vn 1.8498179730489388 -5.7179688508441053 -0.6046985148144440
v 0.1316042978014654 -0.2815537428381060 0.0480749087275151
vn 4.3757550338969997 -4.5059578168820797 -0.1376330882994809
v 0.2030145000000001 -0.2207505000000001 0.0558980000000000
vn 1.9958772446398441 -2.3677101575458490 -0.2925344808978370
v 0.1578883333333333 -0.2588013333333333 0.0225050000000000
vn 1.9549604588289511 -2.4409766694284261 -0.3590929952414509
v 0.1601407000000001 -0.2549570999999999 0.0000000000000000
vn -4.5501593414524013 4.3315303354775923 -0.0579548869005355
v -0.2263538000000000 0.1974118000000000 0.0656410000000000
vn 4.2319943333015582 -4.6411092418471007 0.1401054074231363
v 0.1828930000000000 -0.2396780000000000 0.0927190000000000
vn 3.8528605524388082 -4.9519024747903870 -0.2253130506656410
v 0.1397380000000000 -0.2764076666666667 0.0556853333333333
vn 4.6335988336471496 -4.2394514796847371 -0.1608147709871867
v 0.2386340000000000 -0.1839370000000000 0.0524205000000000
vn 5.0626183069442678 3.6615073028156919 0.0043711971304913
v 0.2757405000000000 0.1395915000000000 0.0364520000000000
vn 2.7889413407114212 0.6429642571415863 1.8492730738391101
v 0.2764754999999999 0.1023125937500000 0.0000000000000000
vn 5.7110083497165922 1.4762718157637145 -2.0161284517010536
v 0.2762095250000000 0.1094068500000000 0.0025387000000000
vn 4.0400048125628194 4.7183213032995335 -0.7764441203180962
v 0.1567295238095238 0.2590673333333333 0.0042509047619048
vn 2.0038925410588773 2.3524988298096523 -0.5862688790262149
v 0.1600499090909091 0.2551030909090908 0.0000000000000000
vn 5.9503462690408568 1.4405593693133958 -1.4112625572858646
v 0.2757140000000000 0.1203920000000000 0.0126880000000000
vn 1.6969210272271891 2.5838260654680112 -0.9462724213309996
v 0.1513470000000000 0.2625540769230769 0.0000000000000000
vn 5.9905089538853549 1.1092721194015123 -1.5301615600391760
v 0.2758815000000001 0.1289435000000000 0.0212150000000000
vn 5.8582067052647053 1.6223977014254232 -1.1762099284828054
v 0.2774200000000002 0.1341854210526316 0.0299542105263158
vn 4.2716535167798568 4.6016476500392232 -0.2191570566026498
v 0.1889170000000000 0.2336540000000000 0.0429840000000000
vn 5.6963862261514517 1.8030618050616263 -0.4908552946923031
v 0.2825785408163264 0.1314475102040817 0.0550276836734694
vn 3.5239428251211216 5.1678329232936449 -0.2994788755616681
v 0.1387574130434782 0.2764828478260869 0.0379613695652174
vn 4.4903212560833303 -0.0915384507163426 -0.7527348809111628
v 0.2696385000000001 0.1482300000000000 0.0548720000000000
vn 4.9246415902484442 3.8806157866728985 -0.2895631045051272
v 0.2707431818181819 0.1451803181818182 0.0285979090909091
vn 1.3424428100164276 5.4020857749135800 -1.5174199393294474
v 0.1308009999999999 0.2827186388888889 0.0561081388888889
vn 3.7767973522599370 4.9985796897043331 -0.3448489376929573
v 0.1427043333333333 0.2728989999999998 0.0308056666666667
vn 1.5349887843848884 5.8717821680507765 -1.2173639709333506
v 0.1341057708333334 0.2780033333333332 0.0320918333333334
vn 4.2375405160036799 4.6356316761371072 -0.1534080231771374
v 0.1835890000000000 0.2389820000000000 0.0533740000000000
vn 0.0000000000000000 0.0000000000000000 -2.3525315236950539
v 0.2727567500000000 0.1107185000000000 0.0000000000000000
vn 4.0400396141539723 4.8055886659817340 -0.1656038194883292
v 0.1655144117647059 0.2550932941176470 0.0550411764705882
vn 4.1132534990411305 4.7356121234829498 -0.3260943322379943
v 0.1724980000000000 0.2481090000000000 0.0350090000000000
vn 1.6422071884321747 2.6784208409419739 -0.2496936852875792
v 0.1478591111111111 0.2692233333333334 0.0545250000000000
vn 4.4026307007834049 -4.4704767146632598 -0.3167885712122371
v 0.2068380000000000 -0.2157330000000000 0.0301460000000000
vn 4.3246582993871474 -4.5571225552180721 -0.0091384644902701
v 0.1963671250000001 -0.2273980000000000 0.0722390000000000
vn -4.4824755547024413 4.3993192256246925 0.1537180097910504
v -0.2181550000000000 0.2056100000000000 0.0942980000000000
vn 1.4409344977827687 -5.9301967765237631 -1.1550303505536985
v 0.1337743684210527 -0.2778644210526316 0.0314776842105263
vn -4.5536091499743954 4.3281319210289668 0.0409756069460573
v -0.2267510000000000 0.1970141428571428 0.0806330000000000
vn 3.3304159298799267 -5.2578106771424720 -0.3743752824570525
v 0.1386608048780488 -0.2765476829268293 0.0377013658536586
vn 0.0000000000000000 0.0000000000000000 -3.1275989492242338
v 0.2192180000000000 -0.1967560000000000 0.0000000000000000
vn -4.6596266100022232 4.2134088294627334 0.0573023177316896
v -0.2420522500000000 0.1805187500000000 0.0819642500000000
vn 0.0000000000000000 0.0000000000000000 -3.1295224350947901
v -0.1967670000000000 0.2192080000000000 0.0000000000000000
vn 2.3040950149764301 -5.5766723464420513 -1.2443251218652782
v 0.1421422214285715 -0.2710509928571429 0.0142248642857143
vn 2.8065743838304922 -5.0245674467736468 -1.3328388411763901
v 0.1613852500000000 -0.2550227500000000 0.0155862500000000
vn 1.6820081871569510 -2.5481079679736220 -1.1096167857254853
v 0.1493111250000000 -0.2633188750000000 0.0000000000000000
vn -4.3818175586897397 4.4773389940791635 -0.4720932594405419
v -0.2036610000000000 0.2169470000000000 0.0084970000000000
vn 4.0674984504689844 -4.7774045574223134 -0.2723217928927923
v 0.1699650000000000 -0.2506429999999999 0.0405066363636364
vn -4.8053707874098714 4.0353471942942880 0.2393959396794879
v -0.2533050000000001 0.1673030000000000 0.1000900000000000
vn 4.4698402323327748 -4.3892999019953214 -0.4723572443498734
v 0.2152680000000000 -0.2053400000000000 0.0082010000000000
vn 3.0767076137028528 -4.4847230824804942 -1.7770810245116944
v 0.1488530000000000 -0.2656300000000000 0.0040000000000000
vn -4.2367226393595487 4.6112747145040629 -0.4829443786291676
v -0.1914775454545455 0.2291294545454546 0.0134403636363636
vn -3.8403472301636481 0.1800354065463203 -2.0567236508229287
v -0.2548500000000000 0.1630180000000000 0.0146050000000000
vn -1.3005164374359637 1.2037633054021195 -1.2742077422758451
v 0.1586250000000000 0.2557070000000000 0.0189400000000000
vn 2.7852842099273758 5.4489935828171445 -0.6688249564298265
v 0.1330022925170066 0.2812857006802721 0.0541751428571429
vn -1.9377445059571794 1.9074833428157056 -0.4953949306002140
v 0.1458100000000000 0.2685230000000000 0.0593360000000000
vn 4.8710058725028604 3.9519343379435417 -0.2154953264483754
v 0.2747803750000000 0.1413656250000000 0.0461513750000000
vn 5.9766810688497989 1.4789517131844259 -1.2504276609210434
v 0.2787190000000000 0.1084290000000000 0.0128060000000000
vn 5.7051408977031794 1.6664432898291810 -1.9422270143779889
v 0.2743934285714286 0.1177067142857143 0.0042945714285714
vn 4.2880548699648502 4.5852480105824149 -0.2408085613734019
v 0.1900060000000000 0.2325650000000000 0.0414880000000000
vn 0.0000000000000000 0.0000000000000000 -2.8307490242550486
v 0.1405820000000000 0.2640590000000000 0.0000000000000000
vn 5.0623961007210969 3.7043981852616850 -0.1997957629925026
v 0.2802319811320756 0.1348928867924528 0.0549300000000000
vn 3.9015572098580846 4.9075319217781086 -0.1400954703746713
v 0.1411346250000000 0.2750110625000000 0.0472885000000000
vn 5.4968860853330437 1.4914719925338360 -2.4643977501028318
v 0.2727780000000000 0.1238205000000000 0.0045205000000000
vn 4.1874874268634272 4.6527088054447852 -0.3641131422554470
v 0.1556760000000000 0.2604690000000000 0.0092620000000000
vn 3.9687407510047970 4.8587034434347025 -0.3444575131335919
v 0.1471260000000000 0.2690200000000000 0.0265370000000000
vn 2.7622858061949089 0.9823121322781068 -1.4066520491884287
v 0.2720438235294118 0.1191146470588236 0.0000000000000000
vn 1.8009740907569820 -1.8019440943314329 -0.5648336037227842
v 0.2678120000000001 0.1465210000000000 0.0545002857142857
vn 6.2809214935541817 -0.1227704948426882 0.0667891578560783
v 0.2990525000000001 -0.0079270000000000 0.0827855000000000
vn 1.2198881728175821 6.1539982257697732 -0.3362008827136308
v 0.0906391960784314 0.2882125882352939 0.0562378431372549
vn 1.2346055718175877 6.1431683696752524 -0.4575308059317189
v 0.0822318263157894 0.2894298421052626 0.0489300052631579
vn 1.2092060404796339 6.1601894541466979 -0.2470056679027034
v 0.0783240000000000 0.2908185000000000 0.0596635000000000
vn 0.0402224653895430 2.9310530691097538 0.0731244813700093
v 0.0050484000000000 0.2987912000000000 0.0987000000000000
vn 2.9059063869517834 0.3482463537372325 -1.2381317507574534
v 0.2891388666666667 0.0322582666666667 0.0000000000000000
vn 6.2826606167649395 -0.0003014925447639 0.0418837142781666
v 0.2991392931034483 -0.0000341724137931 0.0801055172413793
vn 0.7991837039246837 6.2298716870660105 0.1236834950062258
v 0.0474080000000000 0.2960220000000000 0.0916900000000000
vn 0.5106694327525971 6.2573161971746716 -0.1499160049268738
v 0.0305095937500000 0.2979114687500001 0.0702479062500000
vn 0.5672078012560855 6.2506093422509892 -0.2861260471370667
v 0.0393838196652718 0.2967152665271982 0.0631621619246863
vn 1.1954346727327008 6.1301881749738154 -0.6725532501608580
v 0.0774275000000000 0.2895240000000001 0.0390720000000000
vn 1.0740621957663692 6.1561354226567477 -0.6350139695165732
v 0.0661045500000000 0.2917364000000001 0.0400963000000000
vn 6.1422735331809299 1.2359736401512542 -0.4647962337291860
v 0.2890248816442237 0.0841253713678243 0.0485412523033312
vn 0.9518845928934246 6.2097780352014933 0.0454522469121466
v 0.0581655680000000 0.2946377439999999 0.0810104000000000
vn 6.2758233219291624 -0.2620170365365747 0.1211326242415974
v 0.2986890000000000 -0.0156100000000000 0.0916480000000000
vn 6.1544800476765662 1.2135460847817092 -0.3499602023330594
v 0.2878008105590056 0.0926426863354038 0.0560156801242236
vn 1.5778313604463809 5.6204368296429177 -2.1554456974349785
v 0.1150962352941177 0.2747464705882353 0.0028194705882353
vn 0.7310226989932092 2.6315069024732489 -1.6864892445593254
v 0.1184005000000000 0.2721917500000000 0.0000000000000000
vn 6.2593121128639346 -0.4372956774160223 -0.2725357997837021
v 0.2981147272727273 -0.0259252727272727 0.0629925454545455
vn 6.1246333813401108 0.8999660276424409 -1.0692829316407584
v 0.2898715000000001 0.0544225000000000 0.0121955000000000
vn 6.1285134396203453 0.9899507492667138 -0.9630199445453854
v 0.2902073636363637 0.0596570909090909 0.0191503636363636
vn 6.1576455739867209 0.8407520976315079 -0.9181466037489171
v 0.2917495384615385 0.0510853846153846 0.0209500000000000
vn 6.1337846763275792 1.1888354017713461 -0.6544637793120696
v 0.2898457894736843 0.0750250000000000 0.0375577368421052
vn 6.1684486841162762 1.0508216137321831 -0.5643958575953382
v 0.2917794228187918 0.0657069127516779 0.0407388791946309
vn 6.0729697669661231 0.6250343222640813 -1.4247874188824643
v 0.2916240000000000 0.0310940000000000 0.0069600000000000
vn 6.1313353330719815 1.1065757525530113 -0.7974508203610803
v 0.2899480833333333 0.0681150833333333 0.0274460833333333
vn 6.2596782063212144 -0.5264010165226973 -0.0598111421628050
v 0.2978270000000000 -0.0316840000000000 0.0702490000000000
vn 2.9937274796173416 0.0726221963717047 0.0811422463043261
v 0.2987084000000000 0.0093756000000000 0.0987000000000000
vn 1.5433503482718556 5.5557102134852503 -2.3231049127296193
v 0.1251046875000000 0.2719095000000001 0.0026181875000000
vn 6.1490356819907213 1.0597876436188602 -0.6949675058979199
v 0.2904920000000000 0.0697790000000000 0.0342290000000000
vn 3.4333380276873786 0.0000000000000000 0.0950279761083399
v 0.2988615714285714 0.0000000000000000 0.0973187142857143
vn 0.7298944279145287 2.6148567928990092 -4.7225358223979796
v 0.1257366857142858 0.2701490714285714 0.0000000000000000
vn 1.1427671650872124 6.1498571863278739 -0.5759620395837175
v 0.0723430000000000 0.2908279999999999 0.0422460000000000
vn 1.2458735396052341 6.1389459936002231 -0.4820067849694879
v 0.0905854189944135 0.2877502067039108 0.0490517486033519
vn 1.2274425254649284 6.1537678873723252 -0.3127974285744249
v 0.0822521000000001 0.2898912800000004 0.0564157200000001
vn 3.0821602337380312 0.2535953167660077 -3.6497046487024414
v 0.2892736000000000 0.0409836000000000 0.0000000000000000
vn 6.2818475329824706 0.0003163100764432 0.0689707960632194
v 0.2990850000000000 0.0000000000000000 0.0873270000000000
vn 6.2799135450705137 -0.1281163568097721 0.1256070946603770
v 0.2989280000000000 -0.0079220000000000 0.0916360000000000
vn 0.9564916690475014 6.2082546141950523 0.1079508645112018
v 0.0583660509554141 0.2945069299363053 0.0892535668789808
vn 0.7939079486295337 6.2316974440322817 0.0474501605998700
v 0.0474399230769231 0.2961521538461538 0.0813293846153846
vn 6.1127166135071827 0.5409234189091221 -1.3087525412673813
v 0.2908940000000000 0.0388370000000000 0.0069600000000000
vn 6.1492045269136391 0.7684126480673944 -1.0256719723295353
v 0.2912290000000000 0.0467450000000000 0.0139420000000000
vn 0.6337747106645994 6.2471632948962323 -0.1298556072526443
v 0.0395270487804878 0.2970680243902439 0.0703868536585366
vn 0.5212862731185968 6.2547783720185439 -0.2794336640978843
v 0.0307941552123550 0.2975371320463319 0.0627528339768340
vn 6.1449541785881552 0.9907203496130870 -0.8478267923908809
v 0.2909640000000000 0.0592630000000000 0.0238010000000000
vn 6.1539878681058013 1.2251177411940277 -0.3155702697528817
v 0.2894874763406940 0.0842621640378550 0.0563013911671925
vn 6.2811012059243785 0.1317434799997999 0.0150480753331216
v 0.2990860000000000 0.0079290000000000 0.0774800000000000
vn 6.2694275808113780 -0.3933296193992948 -0.0597257216866850
v 0.2984090000000000 -0.0237750000000000 0.0702430000000000
vn -0.0231220529638907 3.4938118101219402 0.0802278887306161
v -0.0019416923076923 0.2988573846153847 0.0972124615384615
vn 6.1567790119326862 1.0859577925034831 -0.5913843302941216
v 0.2908330000000001 0.0718860000000000 0.0413510000000000
vn 6.2493603880044208 -0.5594133146345858 -0.2757193794154414
v 0.2974874545454546 -0.0338279090909091 0.0629960909090909
vn 6.1380087829527996 1.2470230893539083 -0.4919926459924464
v 0.2870908038997215 0.0935986155988860 0.0484471119777156
vn 6.2767795347875319 -0.2662277205755562 0.0413610165482508
v 0.2988243846153846 -0.0156206923076923 0.0807528461538461
vn 6.1050555762234726 0.9909959093695391 -1.1016783443203388
v 0.2887398139534884 0.0597151162790698 0.0104652093023256
vn 1.4869984775109935 5.9883880006449823 -1.1793904983358718
v 0.1030440000000000 0.2796480000000000 0.0107950000000000
vn -0.2648613347151245 -6.2703961112014213 -0.2612557415362872
v -0.0128881963963964 -0.2986736810810808 0.0631491837837840
vn 0.2754182807893494 0.0946729450809653 2.5581344266093735
v 0.2122360000000000 0.2020970000000000 0.1617050000000000
vn -0.7636556238750649 -6.2073235311814736 -0.5815230030412381
v -0.1201580875000000 -0.2825768750000000 0.0496150375000000
vn -1.4941334584696104 -5.6115434727483979 -2.1837922859520917
v -0.1058380476190476 -0.2770668095238096 0.0021698571428571
vn -0.3426098171062732 -6.2679541146508226 -0.1548411545972652
v -0.0214470000000000 -0.2985427142857143 0.0702418571428571
vn -1.2412154212304198 -6.0935308670243984 -0.8774603201478611
v -0.0795150000000000 -0.2871920000000001 0.0235020000000000
vn -2.5604795172690040 -1.6880819988138973 -0.1855743019737578
v -0.2651667419354838 -0.1516182580645161 0.0380976129032258
vn -1.0398313359010596 -6.0364867637583757 -1.3795385969005773
v -0.1311203023255814 -0.2781963720930233 0.0316218604651163
vn 3.4804053007857574 0.2490181423700291 2.0432933009050522
v 0.2532860000000001 0.1645830000000000 0.1357230000000000
vn 3.2400213484264011 1.0044950244768904 2.7711196311850532
v 0.2424880000000001 0.1753805384615384 0.1480545384615384
vn 4.5884617105254897 4.2565415517621616 0.5131968526788240
v 0.2347454117647059 0.1858622352941176 0.1303690000000000
vn -1.8248306496985061 -5.7162553551184345 -1.7347871641865331
v -0.1408519587628867 -0.2712185773195876 0.0133714948453608
vn -4.7052150753065085 -4.1561646144047364 -0.2443306493356900
v -0.2497610909090909 -0.1708469090909090 0.0385366363636364
vn -4.8069548161166313 -4.0138677516406540 -0.4421544700630619
v -0.2546160000000000 -0.1647190000000000 0.0303810000000000
vn -0.8584567997474718 -6.2020608278965916 -0.5143368888672386
v -0.1137974716981133 -0.2839797547169808 0.0553420754716981
vn -0.5246125157771160 -6.2603495973514143 0.0503564615778440
v -0.0316730000000000 -0.2978098181818181 0.0820068181818182
vn -0.6612744240703092 -6.2464222299745398 0.1163020606477026
v -0.0395380000000000 -0.2969360000000000 0.0916800000000000
vn 2.0809367360062563 2.1590927893177536 1.4769328353234887
v 0.2040230909090908 0.2128808181818182 0.1617508181818182
vn -4.8717237321389408 -3.9502688231776939 -0.2975983006540325
v -0.2580040000000001 -0.1613309999999999 0.0384502500000000
vn 4.4329315852958420 4.3989956611744248 0.6524235453632733
v 0.2093270000000001 0.2100078837209302 0.1510410465116279
vn -0.3692511200226556 -3.0389322772848741 0.0866154324782163
v -0.0446124000000000 -0.2961780000000000 0.0987000000000000
vn -0.7048534752012559 -2.6448745237348570 -4.6832598194890647
v -0.1219899743589743 -0.2712484871794873 0.0000000000000000
vn 0.7379441344064673 -0.9389116510709259 1.9791799270485819
v -0.1762602000000000 -0.2380722000000000 0.1503668000000000
vn -0.5523285132074900 -2.6134822322697007 -1.5887171751551881
v -0.0979448750000000 -0.2773729583333333 0.0000000000000000
vn -3.0590045302131421 -5.3447066060154933 -0.4835979328899002
v -0.1372185271317829 -0.2776732248062015 0.0373139302325581
vn 6.2467221714193117 -0.6582708360801259 0.1197033719805476
v 0.2969360000000000 -0.0395380000000000 0.0916800000000000
vn -1.2254705066332892 6.1451594438593418 -0.4546366179631363
v -0.0800885138764548 0.2898458102059088 0.0487427815577439
vn 6.2065743441380423 -0.9704587368530003 -0.0390477584700865
v 0.2944239142857141 -0.0596218367346939 0.0729725795918368
vn 6.2300251986756114 -0.8069551735676632 0.0436568338912353
v 0.2961540000000000 -0.0474405000000000 0.0810570000000000
vn -1.0396704052273367 6.1957602149858362 -0.0396177849966994
v -0.0627408399999999 0.2939146399999997 0.0729484399999999
vn -1.1137558674842312 6.1802362150553574 -0.1795663889839963
v -0.0709760980392157 0.2923151960784308 0.0630470784313725
vn -1.1873034850764568 6.1623003405468353 -0.2986282642828924
v -0.0769403478260870 0.2909440144927537 0.0566684637681160
vn 5.2484017196687054 -1.4055821221602227 -2.7677182371861742
v 0.2728910000000000 -0.1209146842105263 0.0018338421052632
vn -1.2249586915240618 6.1533675057897410 -0.3283539222802558
v -0.0881601459627330 0.2887057018633535 0.0562061863354036
vn 5.1318872739651731 -3.5316745096962801 -0.1028616505855092
v 0.2756880000000000 -0.1396430000000000 0.0362410000000000
vn -0.9244512009761757 6.2138597362403374 0.0421102233333550
v -0.0569984268292683 0.2948177073170731 0.0811957073170731
vn 4.6811898516744987 -4.1719033066763567 -0.2156167768735378
v 0.2702171666666667 -0.1459268333333333 0.0298379166666667
vn -0.8018269423020630 6.2295516281610110 0.1233587354295023
v -0.0474080000000000 0.2960220000000000 0.0916900000000000
vn -1.3300091756472932 6.0818566911816294 -0.8451462961952015
v -0.0982310000000000 0.2839870000000000 0.0294230000000000
vn 3.0948665064623713 -0.5945424797111758 0.0926446862921553
v 0.2880374251207728 -0.0923536763285024 0.0963350869565218
vn -1.0409491348942927 5.9866259287394614 -1.5930237986462399
v -0.1322544705882353 0.2754294705882352 0.0216430000000000
vn -3.1577651707701211 5.1910379983698132 -1.0265798069669319
v -0.1419690000000000 0.2728000000000000 0.0210080000000000
vn -1.2252956520854625 6.1157388733424849 -0.7538652459663675
v -0.1041590000000000 0.2839204375000002 0.0385479375000000
vn 5.9360706227696456 -1.2750014720834104 -1.6126972647534998
v 0.2740879999999999 -0.1309280000000000 0.0159640000000000
vn 6.1834620701849063 -1.0725995928391943 -0.2466508589642171
v 0.2929459597523220 -0.0674700030959753 0.0630994674922600
vn 5.6127414564388616 -1.5734147511392573 -2.1563553192947236
v 0.2761784603174604 -0.1090105396825397 0.0019512857142857
vn -1.2907721231797449 5.8525163784545597 -1.8839209147836209
v -0.1339442500000000 0.2723415833333334 0.0122699166666667
vn -1.6823887281977952 5.8462854280077696 -1.5470047880014062
v -0.1137221600000000 0.2753312000000001 0.0037283600000000
vn 5.9809762141129852 -1.1944498803260495 -1.5072024871406469
v 0.2753040000000000 -0.1295810000000000 0.0194320000000000
vn 0.0000000000000000 0.0000000000000000 -2.9527339555428220
v -0.1114770000000000 0.2725510000000000 0.0000000000000000
vn 4.5617044633127115 -0.3627372030073512 -1.2254025092372667
v 0.2658110000000000 -0.1520570000000000 0.0383040000000000
vn -0.3084699328972501 3.1256345900750513 0.0872704201908000
v -0.0374432000000000 0.2969626000000000 0.0987000000000000
vn 0.4446915936390647 -0.7828776030482822 2.2611736030871947
v -0.1845990000000000 -0.2297340000000000 0.1560130000000000
vn -4.0764656252693321 -4.7393127040292704 -0.4145654275033182
v -0.1428826923076923 -0.2732633076923076 0.0396530769230769
vn -0.9346622591617723 -6.2124616041142442 0.0449914956524115
v -0.0570256285714286 -0.2948138857142855 0.0811972428571428
vn -1.1137520673996633 -6.1802624396842623 -0.1789990729307269
v -0.0709760588235294 -0.2923151960784308 0.0630471568627450
vn -1.0394562157805842 -6.1957921146294694 -0.0398477746807729
v -0.0627407999999999 -0.2939146399999996 0.0729485000000000
vn -4.2629405920312431 -4.5545285590196105 0.6997156000291919
v -0.1991249655172413 -0.2202096551724138 0.1495907586206897
vn -1.2732676223998014 -6.1144306615930857 -0.6736878378461213
v -0.0885070500000000 -0.2873532000000000 0.0399345500000000
vn -1.0299629141547060 -5.9870008747360322 -1.5974070079807752
v -0.1320938750000000 -0.2754375000000000 0.0215767500000000
vn -3.7735399523887883 -0.3497535079151919 -2.2007399332912239
v -0.2544360000000001 -0.1634330000000000 0.0139750000000000
vn -2.9835962452781120 -0.0148751082663985 -2.6643070168013017
v -0.2508255000000000 -0.1661580000000000 0.0094945000000000
vn -4.3229572655163171 -4.5335111302472608 0.4724871718416752
v -0.1957260769230769 -0.2248819230769230 0.1368587692307693
vn -1.5642726032961760 -5.6949306999344840 -2.0155867451845269
v -0.1133435172413793 -0.2753123448275863 0.0032175517241379
vn -0.8000969301829368 -6.2297577623747102 0.1259092403028170
v -0.0474080000000000 -0.2960220000000000 0.0916900000000000
vn -1.0814476886776203 -6.1744253667854787 -0.4245844707720353
v -0.1051085192307692 -0.2853996153846154 0.0556311538461539
vn -4.3839666453350201 -4.4476307135391693 0.6692405884872438
v -0.2083300909090909 -0.2110047954545454 0.1510111136363637
vn 4.5440603108501882 4.2955236178893355 0.5729335509337750
v 0.2243820000000000 0.1962250000000000 0.1371060000000000
vn -4.3092714304903783 -4.5061502003036136 0.7112768984565683
v -0.1890550000000000 -0.2302800000000000 0.1453700000000000
vn -1.1885251413097642 -6.1622149143184162 -0.2958080405709443
v -0.0769680909090909 -0.2909450909090909 0.0567951818181818
vn -0.0109422524493079 0.1082817486553510 2.4211989074614935
v 0.2042100000000000 0.2101220000000000 0.1619020000000000
vn 0.1116234921795901 -0.0412353556533320 3.1360477531743154
v 0.2082170000000000 0.2061150000000000 0.1619890000000000
vn -1.2519042611915185 -0.9676371520756009 2.0453576110694303
v -0.2002100000000000 -0.2141230000000000 0.1614490000000000
vn -0.3084699328972501 -3.1256345900750513 0.0872704201908000
v -0.0374432000000000 -0.2969626000000000 0.0987000000000000
vn -1.8331898743672959 -2.4874516574505501 0.9179636115429108
v -0.1792610454545455 -0.2374827272727273 0.1517653181818182
vn -1.2271300888200229 -6.1408522592702521 -0.5076639447814817
v -0.0965039105263159 -0.2865295526315790 0.0488219052631579
vn -4.0270779788932645 4.8084214518526380 -0.1975132619403791
v -0.1476758636363636 0.2690384545454547 0.0544045000000000
vn -4.1145585620895435 4.7423114018677808 -0.9615995289545796
v -0.1709976153846154 0.2460096153846155 0.0037041538461538
vn -4.0322928953496460 4.7437175563056515 -0.6606854955859602
v -0.1555982307692307 0.2601705384615384 0.0056618461538462
vn -0.4390196254938470 3.9315240204737814 -2.0041174603225307
v -0.1608750000000000 0.2569930000000000 0.0181050000000000
vn -1.4971194643438110 2.6393525644075835 -1.2696593187249836
v -0.1491754000000000 0.2633314000000000 0.0000000000000000
vn -4.2622841646642708 4.6108706573574585 -0.2060122408410572
v -0.1873106666666666 0.2352603333333332 0.0455386666666667
vn -4.2338999750798543 4.6393768384156404 -0.1428458001683100
v -0.1831673333333333 0.2394036666666667 0.0545520000000000
vn -1.9255734624030563 2.4192534843002345 -2.6358791320121950
v -0.1687770000000000 0.2482250000000000 0.0000000000000000
vn 0.0964647124946311 3.9149042700383827 1.9643619426190613
v 0.1606330000000000 0.2572360000000000 0.1294680000000000
vn 6.2592652329568095 0.5245845858263505 0.1232751258604757
v 0.2976830000000000 0.0316520000000000 0.0916700000000000
vn 0.0475759736190687 6.2823880731568469 -0.0331550903053786
v 0.0019827222222222 0.2991667777777778 0.0737513888888889
vn 6.2247949874240760 0.3823563412053519 -0.7462911873662517
v 0.2955020000000000 0.0235770000000000 0.0279810000000000
vn 0.6181094976117486 3.1572325512841788 0.0828285662076545
v 0.0818066374269006 0.2901111695906435 0.0963206198830408
vn 6.1981940512499865 0.9849200712432401 -0.2366191324956151
v 0.2942601400778214 0.0597194046692608 0.0636293190661479
vn 0.2277030883378746 6.1984073845553018 -0.9350733519461312
v 0.0221225211488249 0.2958293806788516 0.0327052584856402
vn 6.2658505027715110 0.0866761896610034 -0.4361892848974544
v 0.2984541025641026 0.0021658717948718 0.0540754444444444
vn 3.0841525848941087 -0.0763341741192519 -3.7340816121955314
v 0.2914125000000000 -0.0096925000000000 0.0000000000000000
vn 0.0000000000000000 0.0000000000000000 -3.0958439815436862
v 0.2887210000000001 -0.0155290000000000 0.0000000000000000
vn 0.6470444007371193 6.1616749842147751 -1.0394668540086087
v 0.0389900000000000 0.2921260000000001 0.0139430000000000
vn 0.3275162880823669 6.2725116435157338 -0.0958612523308932
v 0.1245749838709678 0.2838853064516125 0.0725628064516129
vn -0.0547598580322664 6.2742395482532354 -0.3120327736698789
v -0.0032952172852885 0.2984655819561098 0.0558054334868603
vn 0.0880272188217913 6.2657684366304709 -0.4356745832947670
v 0.0060913117056856 0.2981131618729084 0.0499052374581938
vn 0.4580190402139284 6.2064038100108228 -0.8495638709959471
v 0.0292342500000000 0.2944194999999999 0.0229996250000000
vn 0.9965048847663095 5.9980189074295502 -1.4823103160232829
v 0.0575076000000000 0.2878465750000000 0.0039123000000000
vn 6.1927428928865993 -0.5196590299401261 -0.9193868503608754
v 0.2939610000000000 -0.0313240000000000 0.0209510000000000
vn 6.1833674746312033 -0.3869452126527302 -1.0399507212326156
v 0.2934310000000000 -0.0234250000000000 0.0139460000000000
vn 6.2553911455905720 0.2412996465161898 -0.5319797870383225
v 0.2970582962962963 0.0170521419753086 0.0406066913580246
vn 6.2678780237240437 0.1105845441886698 -0.4070000082649567
v 0.2978779977460562 0.0068705401953419 0.0471685063861756
vn 0.7000804003365999 6.2341027285221848 -0.3275929065031210
v 0.1158684918032787 0.2842838852459017 0.0637199836065574
vn 0.9899360290477932 6.2013746358939219 0.1905545283416489
v 0.1074574576271187 0.2855275254237292 0.0894914067796610
vn 0.2499557764711872 6.2212768280406205 -0.7743945790902417
v 0.0144392590799031 0.2967277893462471 0.0354189854721550
vn 1.0993868913486868 6.1858653784227133 0.0496026541128935
v 0.0989717796610170 0.2871331355932205 0.0810223728813560
vn 6.2477112985416223 0.6587594312793261 0.0431585548513452
v 0.2970680000000001 0.0395655000000000 0.0810490000000000
vn 3.1883880281068380 0.6235799500148606 0.0854626523850776
v 0.2896692117647061 0.0840466882352941 0.0963648529411764
vn 6.2290264892086009 0.8096500398149249 -0.0598143505279888
v 0.2961640000000000 0.0474540000000000 0.0702600000000000
vn 6.1690001014486340 -0.2541697719834116 -1.1595407759911893
v 0.2926070000000000 -0.0153360000000000 0.0069610000000000
vn 0.4700681554042282 2.8818138723273332 -1.1871205466495247
v 0.0476359333333333 0.2874717999999999 0.0000000000000000
vn 0.3921727388175913 -2.9864821341869145 0.0772597749825887
v 0.0489066000000000 -0.2956410000000000 0.0987000000000000
vn -0.0630641351249210 -6.2819793083817892 0.0569976129706980
v -0.0026955600000000 -0.2991313199999999 0.0813149200000000
vn 0.1322980637934879 -6.2797051908688220 0.1234592062216146
v 0.0079220000000000 -0.2989280000000000 0.0916370000000000
vn 0.3619036205957159 -6.2674543211791871 -0.1546564696173433
v 0.0215813076923077 -0.2985350000000000 0.0702419230769231
vn 0.1796246759241237 -6.2735444187615519 -0.2896518524533307
v 0.0128003014517507 -0.2985168001707943 0.0621927087959014
vn 1.2781162129266281 -6.1102916658225208 -0.7085994553230188
v 0.0988418250000000 -0.2850999000000000 0.0392105250000000
vn -4.5133123747009822 4.3353284779113332 0.5345353087156571
v -0.2215330000000000 0.1990750000000000 0.1382390000000000
vn 0.5519603233816570 -3.0330253854669103 -3.7386954065123037
v 0.0726481333333333 -0.2843473333333333 0.0000000000000000
vn 0.9002279564772817 -2.7378305403861902 -1.4139061013769583
v 0.1248727500000000 -0.2702815000000001 0.0000000000000000
vn 0.6646668392573214 -6.2154495179676950 -0.6095020969125877
v 0.1215495304347825 -0.2824301565217391 0.0496995478260870
vn 0.7666893534424771 -6.2112021712845253 -0.5444050878691994
v 0.1164676592797785 -0.2836345235457060 0.0554889889196676
vn 4.7642713562577752 -4.0812723941761790 -0.2947685693308161
v 0.2493700000000001 -0.1712373333333333 0.0376736666666667
vn -4.4506615734486825 4.4109445238779639 0.4563682029996824
v -0.2130118181818182 0.2075951818181818 0.1400576363636364
vn 0.9581828627404709 -5.9666753819998783 -1.6304831983983554
v 0.0632630224719101 -0.2870602528089888 0.0047292134831461
vn 0.8486588305998974 -6.1739886039205958 -0.2603223122473758
v 0.1281280000000000 -0.2822900000000000 0.0523015000000000
vn 0.0472770239092587 -6.2825433088464289 0.0345253912555183
v 0.0019820000000000 -0.2991630000000000 0.0774740000000000
vn 1.2651744788237054 -6.0782341189037918 -0.9592262052004557
v 0.0800610000000000 -0.2865855000000000 0.0203470000000000
vn 0.7088619208181888 -6.1840443592973013 -0.8387926875122274
v 0.1197532857142856 -0.2821310476190476 0.0458240000000000
vn 0.5713161330083603 6.2532812062713647 -0.2191654259625968
v 0.0393198832312407 0.2964824758805522 0.0568117086523736
vn 1.1891613023681358 6.1670107302473713 -0.1624613721479685
v 0.0785558571428571 0.2909271428571428 0.0642262857142857
vn 1.1979492413165971 6.1645759906941500 -0.1879121065162185
v 0.0906615769230768 0.2885588461538461 0.0644199230769231
vn 2.0927102831524045 2.2155230184277013 0.3857489245902810
v 0.1821479000000001 0.2346596000000000 0.1537860000000000
vn 0.1104527220999373 3.0826988104506059 -3.7364539660667462
v 0.0133513333333333 0.2912993333333334 0.0000000000000000
vn 1.1406625237226251 6.1774211305844933 0.1169700062478384
v 0.0734442307692307 0.2918757500000000 0.0897027307692307
vn 0.0907588419579914 6.2279670152202957 -0.8000348170328777
v 0.0058068800000000 0.2955224400000001 0.0230697600000000
vn 0.3755979536518919 3.6858946284301752 0.3375124921545476
v 0.1244542464454976 0.2828689004739333 0.0962274407582939
vn 0.4651266638294044 6.1335126270025055 -1.2572781426289950
v 0.0233340000000000 0.2921920000000000 0.0069610000000000
vn 1.2006770978158245 6.1670642700551719 -0.0313490651237588
v 0.0833818888888888 0.2901213055555557 0.0732448611111112
vn 6.2521310273565982 -0.4569540300776159 -0.4204981137218405
v 0.2977323084886132 -0.0230849006211181 0.0540408737060041
vn 6.2126254358778930 0.1216528809721490 -0.9233345031124677
v 0.2951890000000000 0.0078400000000000 0.0209610000000000
vn 2.9362889425254091 0.4038259510433095 0.0726225636926708
v 0.2953365555555555 0.0511298888888889 0.0987000000000000
vn 0.7893289111950790 6.1829305061694351 -0.7767596890452384
v 0.0470500000000000 0.2932820000000000 0.0279770000000000
vn 6.2403401805769017 -0.5937583103819550 -0.4276150600118684
v 0.2964425742456449 -0.0356314606884812 0.0500034919677041
vn 6.1666971487725437 1.2026299490708590 -0.0311858386600401
v 0.2898596136363639 0.0847296818181818 0.0734111136363638
vn 6.2569452383242554 -0.1632755207325634 -0.5419316661907223
v 0.2974038466257668 -0.0073852638036810 0.0407203987730061
vn -0.0198176824960535 6.1888171486438193 -1.0771739586065376
v 0.0000000000000000 0.2936087999999999 0.0107832000000000
vn 0.9323372519444776 6.1822538777902594 -0.6064541591635090
v 0.0566177500000000 0.2931907499999999 0.0391130000000000
vn 6.1741978572719489 1.1580778222090469 0.1173802544537548
v 0.2914339215686277 0.0758379411764706 0.0893321764705882
vn 3.0814259821569308 0.1466868441161054 -3.7352043289212480
v 0.2911204444444445 0.0176790000000000 0.0000000000000000
vn 6.1662243151351079 1.1882374654237629 -0.1960211258402182
v 0.2881535686274510 0.0927200000000000 0.0642943137254901
vn 0.4318164145730898 6.2541489073055070 -0.4195490182017395
v 0.0303329552880482 0.2969348340498701 0.0499341470335341
vn 6.1625011650504833 0.3848622656954029 -1.1581625216509652
v 0.2921920000000000 0.0233340000000000 0.0069610000000000
vn 6.2325391421704746 -0.2566140509049240 -0.7329411505877745
v 0.2959220000000000 -0.0154950000000000 0.0279850000000000
vn 6.1895047709481625 0.0015197648486898 -1.0755210269402216
v 0.2936552727272727 0.0000000000000000 0.0110479090909091
vn 1.0724996481447044 6.1903725342876896 0.0509894620466440
v 0.0654159787234043 0.2934343617021273 0.0815295531914894
vn 6.1873483212428155 1.0897865103085598 0.0512799464699291
v 0.2931011764705879 0.0673153137254901 0.0816118039215686
vn 4.1718816729767765 0.7947259500923773 -0.0953132292363879
v 0.2906005000000000 0.0805635000000000 0.0667665000000000
vn 3.0993589062856954 -0.3915935942316402 0.2102643929453141
v 0.2836257027027025 -0.1179776081081080 0.0965429729729730
vn -1.2059005456686611 6.1632383571985869 -0.1794465435380285
v -0.0881944038461538 0.2890486923076924 0.0646315769230769
vn 2.8587061790693120 -0.6703915864697866 -1.2490309475112964
v 0.2789360555555555 -0.0938191111111111 0.0000000000000000
vn 5.6393907736129094 -1.3712449430387705 -2.1831485771792547
v 0.2780165849056603 -0.1025477358490566 0.0026199056603774
vn -0.6422746218347227 6.1823613748985498 -0.9100708264266471
v -0.0391250000000000 0.2932240000000000 0.0209500000000000
vn 6.1847145042759371 -1.0365769512733360 -0.3896265273921501
v 0.2922890056277056 -0.0677546930735928 0.0538095199134198
vn 5.0971156585639852 -0.8539268181716786 0.6443596182622215
v 0.2697272499999999 -0.1466813750000000 0.0891363750000000
vn 6.0495208439362971 -1.3741102835241370 -0.9918874958367238
v 0.2833190000000000 -0.0946810000000000 0.0199110000000000
vn -0.5168572765597712 6.1752328590719241 -1.0310744628267821
v -0.0312160000000000 0.2928600000000001 0.0139440000000000
vn -0.7778480533686432 6.1850567724932972 -0.7734267939354774
v -0.0470500000000000 0.2932820000000000 0.0279770000000000
vn -0.3310423668315449 2.9938972015920848 0.2070346971400425
v -0.1221554732142856 0.2831164687499999 0.0963035089285714
vn -1.1767678113881668 6.1687576184490442 -0.1821537991903639
v -0.0771157619047618 0.2911747619047618 0.0633515714285714
vn 6.1971344872010841 -0.9457390973629880 -0.4201886299774514
v 0.2933462531120336 -0.0586436034380558 0.0473721066982801
vn -0.4721134795210004 6.1225172375777710 -1.2917881820546004
v -0.0233340000000000 0.2921920000000000 0.0069610000000000
vn -1.1190045733198044 6.1740938298456198 -0.3127608301653159
v -0.0712356063348415 0.2919590633484163 0.0554004072398189
vn -1.1981034269511173 6.1675517666418909 -0.0321750377923742
v -0.0821213809523809 0.2903660952380953 0.0731155238095238
vn -0.8671211906323262 1.8420843795454389 0.1431831558163077
v -0.1304431020408164 0.2820197040816325 0.0976931224489796
vn 6.0462327695134075 -1.2097026507900799 -1.2017313364048017
v 0.2850671538461538 -0.0739042307692308 0.0046823076923077
vn 6.1970148604036606 -0.9010091894711331 -0.5012896447203125
v 0.2944010588235297 -0.0486379635854341 0.0412835266106443
vn 6.2024469161165019 -0.6416051761049242 -0.7569807745992801
v 0.2941860000000000 -0.0392430000000000 0.0279770000000000
vn -1.0376232795226197 6.1800716658805399 -0.4424903732159763
v -0.0639210223048327 0.2928619330855023 0.0491052788104089
vn -1.1410122817036610 6.1768551126943443 0.1464435218231614
v -0.0965800727272728 0.2874314727272724 0.0895510727272726
vn 2.3079899961126538 -0.5420077156604792 0.4468371763182081
v 0.2819820000000000 -0.1303380000000000 0.0987000000000000
vn -1.2421637979833213 3.0578741064327732 2.8934715478203250
v -0.1844150000000000 0.2334540000000000 0.1548800000000000
vn -0.9217788919264123 6.1845690104118560 -0.6024675889801395
v -0.0564835000000000 0.2932293461538462 0.0392656923076923
vn -0.0956070080861652 3.0852155767925105 -3.7256397943143904
v -0.0113754285714286 0.2913577857142857 0.0000000000000000
vn -0.9983131688596866 6.2026823540316585 0.0628733271173159
v -0.1053502407407407 0.2860403703703698 0.0811242222222223
vn -0.9227349380966188 6.1505633471120520 -0.7699566537811611
v -0.0744370000000000 0.2906980000000000 0.0453890000000000
vn 2.3168324622106318 -0.6870148176586540 -2.0701071868964553
v 0.2803251944444445 -0.0847945833333333 0.0000000000000000
vn -1.1693815106210934 6.1404209683706714 -0.6250473344606107
v -0.0727739230769231 0.2902993076923078 0.0376609230769231
vn -4.2148213781991082 4.6344962876401734 0.4580846655143575
v -0.1848663636363636 0.2357416363636364 0.1295175454545454
vn 6.0744038187652407 -1.2910178980137341 -0.9488196104006024
v 0.2858810000000000 -0.0832530000000000 0.0200610000000000
vn -0.4007131272409843 6.0968932577915957 -1.4089421056767100
v -0.0310940000000000 0.2916240000000000 0.0069600000000000
vn -0.1478649109946344 2.9352421325507327 -1.2380970119488217
v -0.0295290000000000 0.2894290000000000 0.0000000000000000
vn -1.1704275826804729 6.1719797073632447 0.1124354619754669
v -0.0775002800000000 0.2911279600000000 0.0889186000000000
vn -1.1929783766153381 6.1685690869702787 0.0523460347516096
v -0.0820072857142857 0.2903627619047622 0.0811852380952380
vn 6.2296266380563399 -0.6941566789688967 -0.4297930412219348
v 0.2960357333333336 -0.0418007333333333 0.0532417921568627
vn 6.1865286299495628 -0.9606957255277264 -0.5150567439631816
v 0.2930423577981655 -0.0578303899082569 0.0411415550458716
vn 6.1208006111828217 -0.9380607000296119 -0.8952260446065714
v 0.2905080000000000 -0.0705530000000000 0.0383000000000000
vn -0.6884429224631486 6.2406306869149031 -0.2374337939548250
v -0.0424830496323527 0.2961968198529417 0.0568603180147060
vn -1.0142488603450244 6.1719641123892259 -0.5863832674083889
v -0.0613590000000000 0.2925380000000000 0.0401333333333333
vn -0.3672591188119615 6.1852088371212615 -1.0330053735403735
v -0.0234250000000000 0.2934310000000000 0.0139460000000000
vn -0.1902946423504077 6.2236936238239835 -0.8159666351201543
v -0.0116548918918919 0.2953629459459460 0.0229521081081081
vn 6.2091648231365646 -0.8644786113910833 -0.4176036233886056
v 0.2944261897959182 -0.0502202673469388 0.0452381836734695
vn -1.1943754459056279 6.1670945197779385 0.1334601741481539
v -0.0881445192307691 0.2890410384615383 0.0898919230769231
vn 3.5991698262057112 -0.3586910427440684 0.3571117313569946
v 0.2826288325991186 -0.1264135462555066 0.0965608414096917
vn 5.1499101282022526 -3.6441666617492436 0.2875865101296147
v 0.2704276153846153 -0.1465750000000000 0.0643953846153846
vn -0.9232310842215365 6.1973477370313308 -0.4494056869678287
v -0.0563933333333334 0.2940220833333332 0.0484899166666667
vn -1.1568008074216720 6.1715680686381544 -0.2164928845826259
v -0.0966622549019607 0.2873844705882354 0.0639439019607843
vn -0.8969085351455302 4.1356157823351873 0.2887624965138386
v -0.1289156702127660 0.2825363723404257 0.0953569893617021
vn -1.0040179724733025 6.2014255675828185 -0.0836971464580910
v -0.1049151967213114 0.2861041311475409 0.0724849672131148
vn 6.0773279647205500 -1.1734391908672372 -1.0720028054338244
v 0.2869450000000000 -0.0724710000000000 0.0131470000000000
vn 0.0000000000000000 0.0000000000000000 -2.9126320940685249
v 0.2809606666666667 -0.0769813333333333 0.0000000000000000
vn 4.8315092247756839 -3.9951953945107053 0.0199505786089261
v 0.2705209375000000 -0.1459683125000000 0.0713143125000000
vn -4.2389828949096691 4.6051115375976357 0.5143664927657752
v -0.1876880000000000 0.2329190000000000 0.1319300000000000
vn 4.4681862014419336 0.1704110838492835 -0.3453179118222661
v 0.2703790000000000 -0.1474900000000000 0.0600950000000000
vn -0.9961273988376994 6.1582033498592894 -0.7417495124638843
v -0.0588038000000000 0.2918471999999999 0.0299777333333333
vn 6.0089333455356826 -1.4247980143386407 -1.1538309234116304
v 0.2816640000000001 -0.0964490000000000 0.0129220000000000
vn 5.6963138566096525 -1.9526912363311286 0.7406778153108143
v 0.2822732549019609 -0.1315050196078432 0.0957800392156863
vn -0.3241150972592951 3.0734456179575105 -3.6323450147714098
v -0.0365417777777778 0.2897407777777778 0.0000000000000000
vn -1.1954623252776886 6.1671462602208837 0.1190639097093998
v -0.0816383999999999 0.2903265599999999 0.0890760800000000
vn 6.2293236397375598 -0.7121695773890859 -0.4044172292370969
v 0.2958076678514086 -0.0418096101802453 0.0500279480409688
vn 6.1652758667929355 -1.0621143711823500 -0.5533801879559334
v 0.2915217545454545 -0.0669335909090909 0.0408840909090909
vn 6.1317722029997901 -1.1139393606420660 -0.7774120856944716
v 0.2895159999999999 -0.0705180000000000 0.0274140000000000
vn -0.8755411016301298 6.2131038005819903 -0.2946948284580293
v -0.0556308586956522 0.2945849021739134 0.0559506086956522
vn -1.0978703685204536 6.1578340117642805 -0.5826493346413064
v -0.0689606785714286 0.2912342857142858 0.0400344642857143
vn 6.1994223288871648 -0.8920887749901240 -0.4481209658295930
v 0.2948583624161071 -0.0524473422818792 0.0540618120805369
vn -1.1355818795324788 6.1791058024011489 -0.0678523655200800
v -0.0968156428571428 0.2875318571428572 0.0722298571428570
vn -1.1880612155139858 6.1695207531214455 0.0539095797306695
v -0.0880845490196079 0.2891813529411764 0.0814110588235293
vn 6.0431180215725595 -1.3224910804442651 -1.0947810026139773
v 0.2843860000000000 -0.0846650000000000 0.0130340000000000
vn 6.1630621426798902 -0.9615750935561912 -0.7324070673238477
v 0.2918631052631578 -0.0574022105263158 0.0283809473684211
vn -0.1890805054346492 6.1929725531108186 -1.0346982690678523
v -0.0113517333333333 0.2939733333333334 0.0139496000000000
vn -0.3445759160399768 6.2172437113790551 -0.8148242231144535
v -0.0214307200000000 0.2949356800000000 0.0229206800000000
vn 5.5990711906250130 -1.2901286164987338 -2.2615579304804676
v 0.2818620000000000 -0.0870630000000000 0.0028640000000000
vn -1.0291364484570167 6.1925281983082536 -0.2558322254792287
v -0.1054601166666665 0.2857947166666661 0.0638445000000000
vn -0.7485230060451565 6.0952224447571552 -1.2940386369712873
v -0.0388370000000000 0.2908940000000000 0.0069600000000000
vn -0.7379882075180373 6.2237412180307237 -0.3954024156218630
v -0.0451040000000000 0.2956095714285714 0.0491024285714286
vn -1.1685962134271555 6.1732400126481313 0.0409793065999053
v -0.0778213571428571 0.2911772857142855 0.0800581785714286
vn -1.0981933098808883 6.1352416767013986 -0.7804136167348295
v -0.0687130000000000 0.2901580000000000 0.0298120000000000
vn 0.6671324251762386 -3.0018506043005155 -3.7075005763308782
v 0.0882595454545454 -0.2809661818181818 0.0000000000000000
vn 1.2262415299715530 -6.1393501540164568 -0.5266361420992629
v 0.0970904790996783 -0.2863733311897110 0.0483424959807076
vn 1.1293876537068146 -6.1085748915676827 -0.9332536056417214
v 0.0698513333333333 -0.2885986000000000 0.0202646666666667
vn 1.0699973191443519 -6.0967837039539425 -1.0708775950906935
v 0.0657940000000000 -0.2878190000000000 0.0110810000000000
vn 0.3964300081630191 -6.2698137476186577 0.0390970926102310
v 0.0237685714285714 -0.2984014285714287 0.0805280000000000
vn 0.9065662399052328 -6.0701564831510355 -1.3351842153064479
v 0.1273419230769231 -0.2783763076923077 0.0304843076923077
vn -0.0694981829427417 -6.2815785640160087 -0.0600785418119395
v -0.0028837272727273 -0.2991488787878788 0.0720697575757576
vn 0.0406132856044933 -6.2822510057320260 -0.0474908090176166
v 0.0019827222222222 -0.2991667777777778 0.0737513888888889
vn 0.7670234821000965 -2.9842506010217855 -3.7119438679981260
v 0.0787080000000000 -0.2831040000000000 0.0000000000000000
vn 0.1581774673954267 -6.2735451453006892 -0.2997364946625490
v 0.0047947783350050 -0.2986562337011029 0.0623595827482450
vn -2.2707037375658188 2.0598814319254592 0.9613322236884709
v -0.2140514444444445 0.2032277777777778 0.1616334444444445
vn 1.0128260845704666 -6.1271707963675706 -0.9477000662386920
v 0.1171342105263158 -0.2815055789473683 0.0387430000000000
vn 4.7816987345266373 -1.1505904140154493 -1.3760639271124058
v 0.2645388571428571 -0.1516918571428572 0.0362605714285714
vn 4.7819514730286565 -4.0637832412476600 -0.2431985582659701
v 0.2527370000000000 -0.1678707058823529 0.0462322941176470
vn -4.4653606636345993 4.3731503230773416 0.6287985131569083
v -0.2121470000000000 0.2071880000000000 0.1510130000000000
vn 1.0269904161708645 -6.1820346034040945 -0.4470625289517979
v 0.1076753137254900 -0.2849423725490193 0.0554602156862745
vn 0.3296874657223111 -3.1234260659582951 0.0892628404929707
v 0.0395945000000000 -0.2967328750000000 0.0987000000000000
vn 0.2623393735032448 -6.2755474520393264 0.1249574022665835
v 0.0156100000000000 -0.2986890000000000 0.0916480000000000
vn 3.6568599206241834 5.0987956925407154 0.0687925380858313
v 0.1347690000000000 0.2805625000000000 0.0809235000000000
vn 1.5343307313004741 2.7205135116100294 0.5424658678309081
v 0.1533906666666667 0.2633000000000000 0.1152680000000000
vn 1.4914328855611529 6.7754653569867713 0.0266602176492462
v 0.1464910000000000 0.2712705000000000 0.0726915000000000
vn 1.4613284756216234 2.8498310076490339 0.4902974510527630
v 0.1568858750000000 0.2603197500000000 0.1228516875000000
vn 5.5932056903370997 2.1963797177862188 -0.0278606538966794
v 0.2834243030303030 0.1311488181818182 0.0718656363636364
vn 4.2138367738964435 4.6592544239637146 -0.0643116547783641
v 0.1807425000000000 0.2418280000000001 0.0644600000000000
vn 4.8327274992273539 4.0080132124415551 0.0632299054023869
v 0.2792106400000000 0.1364789600000000 0.0807065200000000
vn 4.7624509488593745 4.0648002611678438 -0.1604726430441022
v 0.2766695000000000 0.1394765000000000 0.0903775000000000
vn 3.9136948662144628 4.9141363640242055 0.1064176406646323
v 0.1393073333333334 0.2768386666666666 0.0887410000000000
vn 1.7644194727135982 5.7596187907764307 -0.0593814882704945
v 0.1299568281249999 0.2837524453125000 0.0724673281250000
vn -2.2424201868972484 2.1935206386516346 0.1494836724927970
v 0.1451180000000000 0.2692155000000000 0.0799520000000000
vn 3.1033712692811180 0.4833405735079636 0.1432107768585385
v 0.2848791408450704 0.1096392676056337 0.0964589530516431
vn 2.4400623210015739 1.8919437328652231 0.0783966203996446
v 0.2704386666666667 0.1462506666666667 0.0797380000000000
vn 2.2557438290131309 -0.5827391756538278 -2.0073513467202844
v 0.2716164347826088 -0.1193138695652174 0.0000000000000000
vn -0.8926760670800091 2.7793376198768005 -1.4433001413408397
v -0.1202362380952381 0.2718912857142858 0.0000000000000000
vn 6.1978618189712860 -0.9877813459683988 -0.2347635656521249
v 0.2942492988047811 -0.0597820478087650 0.0635991314741036
vn 6.2477112985416223 -0.6587594312793260 0.0431585548513452
v 0.2970680000000001 -0.0395655000000000 0.0810490000000000
vn -1.0307090309770131 6.1946770605391928 -0.1734419990915481
v -0.0624286470588236 0.2938171372549019 0.0635531764705882
vn -2.0190366802390862 5.6694213165063196 -1.5163270280812604
v -0.1411357037037038 0.2714353518518518 0.0142144722222222
vn -1.2148165732566545 6.1560014032827866 -0.3165020345694179
v -0.0808865065502183 0.2901485764192140 0.0561767379912665
vn -1.2440109828043671 6.1398738265956112 -0.4745548274319744
v -0.0878279285176826 0.2882829232505650 0.0486406012039127
vn 5.1951299380102833 -3.4689343848974943 -0.3007663267879357
v 0.2747540000000000 -0.1403993157894737 0.0307853157894737
vn 4.8157020381148889 -4.0217153717062377 -0.1728277889884622
v 0.2728460000000000 -0.1432980000000000 0.0380440000000000
vn -1.1872436106785642 6.1542518233764749 -0.4297624673724635
v -0.0757342500000000 0.2907989999999999 0.0501197083333333
vn -0.7821483845873993 6.2331941710748850 0.0299134801760059
v -0.0461995263157895 0.2963112631578947 0.0801242105263158
vn -1.1188631576965515 6.1819216513510469 -0.0464988826596777
v -0.0712309807692307 0.2924246538461536 0.0720159615384616
vn 3.0865853702765218 -0.5622668555329674 0.1078839766267857
v 0.2863506105769232 -0.1012085576923078 0.0964062740384615
vn -0.2386602155887065 3.1316870981384541 0.0903279767893490
v -0.0288211428571429 0.2977170000000000 0.0987000000000000
vn 5.8608088747629763 -1.3764657459626477 -1.7392577261557536
v 0.2742040000000001 -0.1353990000000000 0.0193400000000000
vn 5.8462537112611042 -1.4801735868701746 -1.7582530988615832
v 0.2721227500000000 -0.1356783571428571 0.0127251785714286
vn 6.1876224463473921 -1.0863185841310772 -0.0428564545828342
v 0.2931277843137255 -0.0673278431372549 0.0724569019607842
vn 2.7799396060670567 -0.6910310554551449 -1.4678195361890993
v 0.2756744545454546 -0.1072376545454545 0.0000000000000000
vn 5.9076462577414173 -1.5916735418525971 -1.4277465316434226
v 0.2746336363636364 -0.1174253636363636 0.0049634545454545
vn 6.2289934417515198 -0.8063234415990441 0.1220235974763469
v 0.2960220000000000 -0.0474080000000000 0.0916900000000000
vn -0.8210636608729284 2.9563133086420583 -3.7951037644746801
v -0.1114158571428571 0.2750680000000000 0.0000000000000000
vn -1.2848358338506007 6.1137541925556365 -0.6644735657432984
v -0.0968391818181818 0.2856617878787880 0.0404567575757576
vn -0.9329017869046087 6.2118928354319412 0.1090099481607993
v -0.0570579444444444 0.2947037500000000 0.0897024583333333
vn -1.5631045187799455 5.8483188458722779 -1.4724208716190339
v -0.1375580000000000 0.2747769999999999 0.0221300000000000
vn -1.2543354241144546 5.9010791640646252 -1.7507767222887896
v -0.1321170000000000 0.2740040000000001 0.0165500000000000
vn -0.5803056755001000 -3.0952102172131779 0.1018034520210474
v -0.0967213517587940 -0.2871875628140701 0.0965075929648241
vn -4.6639056350477954 -4.1552842149639595 0.6375820648614888
v -0.2371640000000000 -0.1821710000000000 0.1405680000000000
vn -1.0776107714538525 -5.7689481930442827 -2.0292153959252821
v -0.0698398695652174 -0.2854650869565217 0.0027519130434783
vn 1.1659431969558416 -1.2802312041566402 2.0555284445890099
v -0.1673390000000000 -0.2469950000000000 0.1416090000000000
vn -0.6031219409814523 -2.5392093922104202 -1.7308067459984637
v -0.0621034615384615 -0.2851517692307691 0.0000000000000000
vn -0.4823826596182221 -6.2549718297419492 -0.3211119742365705
v -0.0288106921701825 -0.2972810682874520 0.0534208512692164
vn -1.3695510535804658 -5.9932468901648779 -0.2554473680709100
v -0.1290162617187497 -0.2834285820312497 0.0638993945312500
vn -4.5067670380143428 -4.3548655146702036 0.4442626812483787
v -0.2215765000000000 -0.1990315000000000 0.1382185000000000
vn -0.1860428766500676 -6.2487235584944862 -0.6207959991906573
v -0.0112625505181347 -0.2966474371761650 0.0350486327720205
vn -0.7709810214820709 0.2827075260340898 2.3446639021368991
v -0.2279470000000000 -0.1863860000000000 0.1569490000000000
vn -4.3372709380048136 -4.2358596679263538 1.2022938553118803
v -0.1715030000000000 -0.2478320000000000 0.1290490000000000
vn -0.5885850859090238 -6.2419399611497219 0.3978007336009873
v -0.1223780781250000 -0.2836018750000000 0.0894727499999999
vn -1.6496655246109251 -2.6092120299313644 0.8749729197792847
v -0.1621475217391304 -0.2546456521739132 0.1328502608695653
vn -3.3903378680367648 -5.2526955703159590 -0.0018065306327250
v -0.1346317826086956 -0.2807002173913044 0.0721863478260869
vn -4.7513607753514604 -4.1102852756867723 -0.0578684854832761
v -0.2565874090909091 -0.1640203181818182 0.0644558636363637
vn -4.6337625310418087 -4.2202745577618783 0.4182000647043896
v -0.2341152758620690 -0.1864923448275863 0.1308953103448276
vn -0.2925442449606877 -6.2365489922794479 -0.7044308581231425
v -0.0197866044915783 -0.2960853955084219 0.0329120524017467
vn -4.5477199468711165 -4.3139409944216398 0.4263382292956208
v -0.2272408000000000 -0.1933672000000000 0.1356802000000000
vn -2.5753057058016844 -1.2043161813369556 -0.6196495032238364
v -0.2699995384615385 -0.1456934615384615 0.0706078461538461
vn -4.9982909637226189 -3.7891244198373357 -0.0291635671404426
v -0.2637887826086957 -0.1555459565217391 0.0650278695652174
vn -3.9471463123783503 -4.8795469801829565 -0.1429611538301336
v -0.1366418275862069 -0.2790267931034482 0.0630172758620690
vn -0.5110580223592889 -3.6311512734498734 2.3866081825987151
v -0.1691060000000000 -0.2487620000000000 0.1416090000000000
vn -0.7738712271043294 -6.2338246318947768 0.0858343573490135
v -0.1133926333333335 -0.2848683999999999 0.0809300333333334
vn -4.0154010896570416 -4.4212788473229647 1.4307965058123571
v -0.2447160000000000 -0.1746190000000000 0.1330470000000000
vn 0.0000000000000000 0.0000000000000000 -2.3684244328559210
v -0.0731980000000000 -0.2817440000000000 0.0000000000000000
vn -0.5939536370341562 -6.2415665717635633 -0.4039450479675504
v -0.0371165091383813 -0.2963302158398599 0.0504185126196691
vn 1.1597421783959236 2.7468509175354039 3.0614251865066295
v 0.1922324615384616 0.2256355384615384 0.1587252307692307
vn 2.9330850019609320 -0.5680149017660086 0.0728325555303752
v 0.2904851428571429 -0.0798148571428571 0.0968488095238095
vn -0.7447992664708888 2.6061618094753758 -1.3891628905662168
v -0.1311226642857143 0.2677956428571430 0.0000000000000000
vn 6.0279144936035554 -1.4005051530534940 -1.0841636901651055
v 0.2805760000000000 -0.1063080000000000 0.0197560000000000
vn -1.2909335452209665 6.0743615856276554 -0.9537448338585134
v -0.1080430000000000 0.2818050000000000 0.0292920000000000
vn -1.3543523376715674 6.0259025089124254 -1.1504979425788906
v -0.1096480000000000 0.2804010000000000 0.0230830000000000
vn 6.5177359773619736 -1.6389905708402002 -1.0461790230336487
v 0.2695738181818182 -0.1482163636363637 0.0537199090909091
vn -0.8625638952538053 6.2191255606824996 -0.1600077663568906
v -0.0561001772151899 0.2948373164556961 0.0641783670886076
vn -1.2354670307615505 6.1088018142851483 -0.7873054841890230
v -0.0785810000000000 0.2882340000000000 0.0296840000000000
vn -1.0403174725032915 6.1951555478334441 0.1074821899160044
v -0.0619734090909091 0.2939235227272726 0.0890554545454546
vn 6.2471971172882430 -0.6581323621235839 -0.0595771475750173
v 0.2970790000000000 -0.0395770000000000 0.0702540000000000
vn -1.4146614576780427 5.6794653360227763 -2.2581176064741197
v -0.1393222400000000 0.2691242800000000 0.0063850000000000
vn 6.2205822437551053 -0.8305519115517827 -0.2428244317610163
v 0.2957349090909091 -0.0495810000000000 0.0630040909090909
vn 2.5800301026502752 -0.7476203124929038 -1.7157358366389430
v 0.2698716266666666 -0.1269506800000001 0.0000000000000000
vn -1.2382022755961111 6.1377987732604735 -0.5163014750348348
v -0.0957760706552707 0.2866398210826211 0.0483462592592589
vn -1.1241160632178848 6.1812924054359222 0.0503604835945426
v -0.0712924509803922 0.2923902352941173 0.0810776666666666
vn -0.7613896627872924 6.2318840222929754 -0.1345376378206139
v -0.0440980000000000 0.2965657727272726 0.0707937045454545
vn -1.0807581686685237 6.1747163251484753 -0.4223431603108549
v -0.1051085769230769 0.2853996153846154 0.0556311346153847
vn 5.9436184256146305 -1.4546170476887332 -1.4240090069623357
v 0.2757140000000000 -0.1203920000000000 0.0126880000000000
vn -0.1589577120648605 3.1370475188099824 0.0743369274901967
v -0.0194654000000000 0.2983230000000000 0.0987000000000000
vn -1.4090564321740768 5.9435248503830245 -1.4653291567769551
v -0.1229855000000000 0.2752880000000000 0.0136560000000000
vn 4.8746184504081240 -3.9607417915902099 -0.0273414658238436
v 0.2765320000000000 -0.1396120000000000 0.0563770000000000
vn 5.6528935416826744 -1.5242419571987338 -2.2412953959943231
v 0.2692815416666667 -0.1343017708333334 0.0025758541666667
vn 6.1872659350593526 -1.0902779146389270 0.0514075769973891
v 0.2931011764705879 -0.0673152156862745 0.0816118235294118
vn -1.2737217065132247 6.1173259335246453 -0.6525812329373668
v -0.0886589268292683 0.2872688048780489 0.0394392682926829
vn 6.2051689556022502 -0.9760255340214172 0.1065071283985850
v 0.2943058947368422 -0.0596421619433198 0.0890084048582996
vn -0.3363318549223938 -6.2607690316211162 -0.3780494400419817
v -0.0200033837209302 -0.2978611976744184 0.0534837177002580
vn -3.3521573418028039 -5.2662125644289173 0.1753493647512522
v -0.1347690000000000 -0.2805625000000000 0.0809235000000000
vn -4.9344051391452171 -3.8801571538646269 -0.1075729689275860
v -0.2632900000000000 -0.1560450000000000 0.0601200000000000
vn -1.0372600619653025 -6.1268855068268921 -0.9182037271476376
v -0.0595500000000000 -0.2904140000000000 0.0203630000000000
vn -0.6779631697643065 -6.0651259857263744 -1.4347839004939731
v -0.0465610000000000 -0.2900010000000000 0.0069590000000000
vn -0.7769101169633869 -6.1466712375135737 -1.0392795029880983
v -0.0467450000000000 -0.2912290000000000 0.0139420000000000
vn -4.5700796951327582 -4.2914463290748248 0.4134434423236821
v -0.2298092500000000 -0.1907987500000000 0.1341351250000000
vn -0.5885081582733526 -3.0189053678435078 0.0867055271366999
v -0.0886243915343915 -0.2887590899470903 0.0966159100529100
vn 4.2619768500162074 4.5740166234201789 0.5794727171488943
v 0.1916664545454546 0.2289405454545455 0.1346763636363636
vn -0.4345152494170279 -6.2564837016954797 -0.3536148440860712
v -0.1224433050847456 -0.2837119322033900 0.0643423050847456
vn -0.2013658974036776 -6.2606182677129967 -0.4752101448157209
v -0.0112558390105434 -0.2980022615571765 0.0504103049472830
vn -2.3144971842973887 -2.0084946162022028 0.7828354583092078
v -0.2229915483870968 -0.1938511612903226 0.1594785806451612
vn -2.4801823389525137 -1.8860122103024426 1.1810909506211875
v -0.2319514285714286 -0.1851600357142857 0.1554844285714286
vn -2.2178173259107266 -2.0634021383069454 0.8023058700555052
v -0.2153038461538462 -0.2016129230769231 0.1614319230769231
vn -1.8444123219332393 -5.7862764033449592 0.4937431078100665
v -0.1293294941176473 -0.2830569764705882 0.0898284705882352
vn 0.0317633833627227 -3.2883118530385929 1.9303430586752492
v -0.1606330000000000 -0.2572360000000000 0.1294680000000000
vn -0.8997778230369627 -6.1498782681989148 -0.9146887498236784
v -0.0546660000000000 -0.2912580000000000 0.0209500000000000
vn -0.4018557266143117 -6.2328396901691212 -0.6839200965099881
v -0.0261483393939394 -0.2956817757575760 0.0325365818181819
vn -0.5418179195733692 -6.2315473849270298 -0.5322507240752488
v -0.0373220000000000 -0.2955866578947368 0.0387349736842105
vn -1.7232637090555232 0.4489772251612908 3.1717370297145138
v -0.2351245000000000 -0.1806828333333333 0.1531266666666667
vn -4.5084298451877727 -4.3018081880724166 0.7577833135931462
v -0.2208150000000000 -0.1985200000000000 0.1494640000000000
vn -3.6003368417557455 -5.1032741954563523 0.2298218119908163
v -0.1370023243243243 -0.2786596756756757 0.0890893513513514
vn -0.7489592155779952 -6.2364660016325493 -0.1020520351625712
v -0.1139349661016948 -0.2847961525423728 0.0725356949152543
vn -2.6516393408793739 -1.4430862268753550 0.4823627420464403
v -0.2702295714285716 -0.1461872142857143 0.0809711071428572
vn -1.1619145821320294 -6.0783880685877794 -1.0750163463593654
v -0.0711510000000000 -0.2868240000000000 0.0110410000000000
vn 1.2783310430030248 -1.6698452324862403 1.6243875476405829
v -0.1593850000000000 -0.2549484000000000 0.1303432000000000
vn -4.0130331701421404 0.4154040131363934 0.5165981537223937
v -0.2699799999999999 -0.1478880000000000 0.0910520000000000
vn -0.4185481782358220 -3.0545739098494442 -3.7157279844818256
v -0.0542580000000000 -0.2875420000000000 0.0000000000000000
vn -4.0642513278751240 -4.7853544160233730 0.0494967255409631
v -0.1386549090909091 -0.2774905454545454 0.0804434545454546
vn -0.3192853482644802 -2.9338684890332702 -1.1180053871175049
v -0.0449176250000000 -0.2878758750000000 0.0000000000000000
vn -4.1075997441380974 0.4857318058095232 0.3294407389684719
v -0.2711180000000000 -0.1467530000000000 0.0768680000000000
vn -4.6059648138684199 -4.2177023986005606 0.6571651664990162
v -0.2299060000000000 -0.1894290000000000 0.1455830000000000
vn -0.4350968263664982 -6.2657235658931452 -0.1048450034640509
v -0.1218654032258064 -0.2840314677419354 0.0723377741935483
vn -0.6297027603848430 -3.2387649336685627 0.0821197238293846
v -0.0809618000000000 -0.2902804740740744 0.0962139555555555
vn -2.8998872271647507 -0.9820994051801898 -0.3191772027118264
v -0.2695071666666667 -0.1465941666666667 0.0875958333333333
vn -0.1884195630112250 -6.2682301241463554 -0.3809102302747590
v -0.0112006965699208 -0.2981387480211077 0.0525017025065965
vn -0.3227530318507051 -6.2547524563885606 -0.4945214935761560
v -0.0202983947826087 -0.2976008365217395 0.0502472017391303
vn -4.7679248858647671 -4.0886865064080489 0.1140500119044031
v -0.2556938947368421 -0.1649134736842105 0.0898686842105263
vn -0.5766897744741638 -6.2104903265305378 -0.7381267509519542
v -0.0370611304347826 -0.2946503478260869 0.0299665652173913
vn -4.9083509878159326 -3.9100739905114077 0.1075148353360678
v -0.2639093793103448 -0.1554254137931035 0.0812040689655172
vn -4.7541878043855323 -4.1069636739082398 0.0451561346058742
v -0.2568770000000001 -0.1637308076923077 0.0800006153846154
vn 2.5524957240028461 1.5217108245849869 0.2250095828192114
v 0.2544557500000000 0.1616447500000000 0.1325730000000000
vn -0.9064774304620721 -0.2216414118100306 2.6868820544205896
v -0.2195746666666667 -0.1962333333333333 0.1604348333333333
vn -1.6370155746614137 -5.8896224378441664 0.2051284412252275
v -0.1288802008196722 -0.2836261434426234 0.0813992704918034
vn -0.7799756648942484 -6.1654461604283899 -0.9187556064256481
v -0.0469080000000000 -0.2923230000000001 0.0209500000000000
vn -0.6521935845746429 0.5362717494721690 1.8960582803788657
v -0.2335270000000000 -0.1808060000000000 0.1537110000000000
vn -0.4049518563092036 -6.2410984631157778 -0.5922326056524896
v -0.0262957940446650 -0.2960852928039702 0.0363043101736974
vn 4.2608289783454403 4.5827874109999991 0.5240297168666977
v 0.1958090000000000 0.2247990000000000 0.1368970000000000
vn -4.4818432245865285 -4.3319013467078316 0.7495440285701920
v -0.2167790714285714 -0.2025555714285714 0.1503883928571428
vn -2.4236554278731797 -1.8919500836400480 0.5643373015158730
v -0.2399270540540541 -0.1770818378378380 0.1498703513513514
vn -4.9469174398672102 -3.7078229050679861 0.6893181624699131
v -0.2228000000000000 -0.1965345000000000 0.1488165000000000
vn -1.0228335393804164 -6.1037634358368473 -1.0782601651720074
v -0.0603790000000000 -0.2888330000000000 0.0116130000000000
vn -1.7969828808377033 -2.4675726454965177 0.9033309950757380
v -0.1740635499999999 -0.2427441500000000 0.1473314250000001
vn -0.7888343320934166 -6.2245002859059042 -0.3125991445493683
v -0.1135509090909092 -0.2845649242424246 0.0636717727272727
vn -0.9332729362821012 -6.0971214459267351 -1.1922439664619024
v -0.0565026428571428 -0.2881151071428572 0.0044719285714286
vn -0.0959754545407676 2.9963807440437451 0.0705660680551089
v -0.0122596000000000 0.2986260000000000 0.0987000000000000
vn 3.1883766900252803 -0.6235764983851967 0.0854767926650864
v 0.2896689882352944 -0.0840475941176470 0.0963649176470587
vn 3.1059340363544230 -0.5861511779219990 0.0755877312074505
v 0.2912151724137932 -0.0760482701149425 0.0966900344827585
vn -1.6862139318885141 5.6215531553282805 -2.1280302153153361
v -0.1265790000000000 0.2721890000000000 0.0051270000000000
vn 1.8031048308059763 1.9888059584353277 -0.5002993907793224
v 0.2682534000000000 -0.1460796000000000 0.0574116000000000
vn 5.9774098030686167 -1.4742730656258707 -1.2525249050121396
v 0.2787190000000000 -0.1084290000000000 0.0128060000000000
vn 4.8925533204945220 -3.9244274978159783 -0.2820181169715614
v 0.2749211538461538 -0.1412228461538462 0.0468631538461538
vn 4.9134924960014263 -3.8443728300560598 -0.3874477645996840
v 0.2674518695652173 -0.1494570434782609 0.0458945652173913
vn -1.2335536373612286 6.1290183929905773 -0.6188443755274251
v -0.0796496578947368 0.2891130000000001 0.0393827368421053
vn 6.2289883514893019 -0.8099024899933003 -0.0598141829478883
v 0.2961640000000000 -0.0474540000000000 0.0702600000000000
vn 5.5077011184561995 -1.5600188269090987 -2.4372141751591587
v 0.2711859577464790 -0.1273061830985915 0.0022549436619718
vn -1.0496027770108523 6.1943279992007438 0.0493076906475179
v -0.0632490714285715 0.2938047142857139 0.0814647380952381
vn -1.1238622190947205 6.1804412366081962 0.1178853016845803
v -0.0711956274509804 0.2922859215686275 0.0899759607843136
vn -0.6979281753400821 6.2394800257499901 -0.2306037821094865
v -0.0427377030487806 0.2964014951219496 0.0627219347560970
vn -1.1362239140604780 6.1518397490029226 -0.5801829003525175
v -0.1047455177664973 0.2849133502538070 0.0487766345177665
vn 6.1851726711511805 -1.0969714470396292 0.1186930544720742
v 0.2928964523809521 -0.0678126190476190 0.0900736428571428
vn 6.0061813247985514 -1.3405484030552866 -1.2634998077631856
v 0.2778369999999999 -0.1179340000000000 0.0195980000000000
vn -1.1913495507397869 6.1578954801457657 -0.3674089769380057
v -0.0965569623824452 0.2870198652037617 0.0558676990595611
vn -1.2009512309465600 6.0180456233684021 -1.3441895965937301
v -0.1196930000000000 0.2781510000000000 0.0229400000000000
vn -1.3026942496669212 6.0944920672770486 -0.7924043185230801
v -0.0884170000000000 0.2861580000000000 0.0295540000000000
vn -0.7464046663916034 2.8674569554789340 -3.0935445169302591
v -0.1403623157894737 0.2662269473684211 0.0000000000000000
vn 6.2357570921372325 -0.6960054600126516 -0.2736871479867720
v 0.2966946363636364 -0.0417135454545455 0.0630000909090909
vn -0.9052179082143512 6.2159552736246546 -0.0528665108941757
v -0.0569016391752577 0.2948480412371133 0.0725438969072165
vn 6.2076440889482818 -0.9651846956396402 0.0442303687573229
v 0.2944529775280900 -0.0593231123595505 0.0810021292134831
vn -1.4775435832502737 5.9701078970725847 -1.2819262515307535
v -0.1136080000000000 0.2769720000000000 0.0107110000000000
vn 2.7685595085128423 -0.6745671284346995 1.8188745073763961
v 0.2682043913043479 -0.1336984347826086 0.0000000000000000
vn -0.0387671971552005 6.2825288202210938 -0.0233269729892481
v -0.0009913611111111 0.2991696666666666 0.0738326388888889
vn 0.2335027170142901 6.2235270985130953 -0.8168863023303656
v 0.0129954366674741 0.2962850479534986 0.0324034645192536
vn 6.2467221714193153 0.6582708360801122 0.1197033719805178
v 0.2969360000000000 0.0395380000000000 0.0916800000000000
vn 0.5994824964472117 3.1073083924894491 0.0889866177302843
v 0.0907265981735160 0.2883549406392695 0.0963593515981736
vn 6.2199344362108313 0.8327385988637673 -0.2482851942480041
v 0.2957349090909091 0.0495810000000000 0.0630040909090909
vn 6.2660544131493374 0.1744596417322319 -0.4272502136201192
v 0.2982095917431193 0.0077215825688073 0.0528207821100915
vn 6.2708810848072387 -0.0041393583884168 -0.3878064681182092
v 0.2977378115746963 -0.0009847106325707 0.0447208034993270
vn 6.2326794088843220 0.2589700455096950 -0.7303460337461986
v 0.2959220000000000 0.0154950000000000 0.0279850000000000
vn 3.0812666413609282 -0.1467570211979457 -3.7360162160653365
v 0.2911198888888889 -0.0176530000000000 0.0000000000000000
vn 0.0857604432684713 6.2738217981906921 -0.3123371877079383
v 0.0057125753703166 0.2984210151031084 0.0552156834156255
vn 6.1722091316873930 -0.1241964803940428 -1.1635295553860108
v 0.2928400000000000 -0.0077830000000000 0.0069620000000000
vn 0.6422746218347013 6.1823613748985515 -0.9100708264266411
v 0.0391250000000000 0.2932240000000000 0.0209500000000000
vn 0.5168572765597675 6.1752328590719259 -1.0310744628267738
v 0.0312160000000000 0.2928600000000001 0.0139440000000000
vn 0.4722130468335631 3.0679389757943278 -3.4375213501371635
v 0.0561057272727273 0.2872724545454545 0.0000000000000000
vn 6.2023484189596614 -0.3881961214126805 -0.9193477226085092
v 0.2945350000000000 -0.0235060000000000 0.0209540000000000
vn 6.1738686755693992 -0.5174398929511602 -1.0397098330935073
v 0.2928600000000001 -0.0312160000000000 0.0139440000000000
vn 6.2455559941124177 0.3767513013550549 -0.5290485069693180
v 0.2967599880952381 0.0237423214285714 0.0401344642857143
vn 6.2601953593506181 0.5269585471643025 0.0430837387853555
v 0.2978165000000000 0.0316745000000000 0.0810415000000000
vn 6.2066260411061469 0.9701137017750323 -0.0390825993414757
v 0.2944346746031745 0.0595531944444445 0.0729416666666666
vn 1.1874883195001864 6.1662183908708190 0.2007999478317640
v 0.0781530000000000 0.2908413333333333 0.0958060000000000
vn 0.8549523026107620 6.0539164209668730 -1.3931532540245479
v 0.0465610000000000 0.2900010000000000 0.0069590000000000
vn 0.3335162423648012 6.2621538323915544 -0.3634039147138969
v 0.1248376406249999 0.2835764531250002 0.0643502187499999
vn 0.6562713411667533 6.2464971883512606 -0.1051426792093566
v 0.1163046562499999 0.2845200156250001 0.0724638281249999
vn 0.9412688947355725 6.2113785912387929 0.0681961207397428
v 0.1079767966101695 0.2856272711864403 0.0809889322033899
vn -0.0639739969510265 6.2662013374177468 -0.4421087362569706
v -0.0040673629032258 0.2981020656682019 0.0498106785714285
vn 1.1190594674668422 6.1805506759563578 0.1577972135996281
v 0.0988841636363637 0.2870023454545454 0.0897441636363636
vn 0.2725252460068915 6.2163955468127643 -0.8078411032076094
v 0.0223147744680850 0.2963294127659575 0.0353124106382980
vn 3.0948721470434979 0.5945458501834999 0.0926251507413014
v 0.2880376763285022 0.0923526666666667 0.0963350048309179
vn -1.5499535830503248 1.4147503330839000 1.8176114265999241
v 0.1601885000000000 0.2541445000000000 0.1316250000000000
vn -4.0466303899780316 4.8005197921235840 -0.1282458659105893
v -0.1468249230769231 0.2704342307692307 0.0625560000000000
vn -1.6099335476685948 2.7046595574382288 0.4591743829529805
v -0.1537854000000000 0.2633756000000000 0.1156046000000000
vn -4.2099471036505935 4.6631014595459126 -0.0091456667958953
v -0.1800222500000001 0.2425487500000001 0.0727405000000000
vn -4.1216373301701363 4.7273803377901213 0.3399909144689724
v -0.1739070000000000 0.2467003333333335 0.1155033333333333
vn -4.0972120496228177 4.7514699674730378 0.2954069163578010
v -0.1705524545454545 0.2500550000000000 0.1088702727272727
vn -4.0629073311672457 4.7859511876675551 0.1915936697539244
v -0.1670226470588234 0.2535853529411765 0.0990005294117647
vn 1.2219126921466887 1.6386288318577291 1.6364417394439983
v -0.1575440000000000 0.2567890000000000 0.1270970000000000
vn -1.2698925636761214 1.4970610177556163 1.1735920248777219
v 0.1542010000000000 0.2601320000000000 0.1201860000000000
vn 1.7787157560861913 6.9297052240436185 -0.6012117806324894
v 0.1471077368421052 0.2706930000000000 0.0626153157894737
vn 5.6131549847625468 2.0293161373559201 -0.2589358963207030
v 0.2832836379310345 0.1311470517241380 0.0640172758620689
vn 4.0690256007407735 4.7843768678865457 -0.1027407456385931
v 0.1640462352941176 0.2565611176470588 0.0644160000000000
vn 4.2100206563336826 4.6630385168628825 -0.0062924986023828
v 0.1800105000000001 0.2425605000000001 0.0730777500000000
vn 4.0881358034205846 4.7702315734529046 -0.0194455845982899
v 0.1635370000000000 0.2570710000000000 0.0724950000000000
vn 4.9137417756786927 3.9047758272910609 0.1140411445868339
v 0.2793844814814814 0.1360982592592592 0.0887352962962963
vn 5.1097154917483669 3.7078758819307653 -0.1699365205664214
v 0.2699841666666666 0.1466341666666667 0.0867188333333334
vn 3.6037052846792617 5.1229380506979449 0.2547571058320525
v 0.1354307272727273 0.2799012727272728 0.0893266363636364
vn 1.6808634551674300 5.7986935853995387 -0.2695380695061445
v 0.1302344926470587 0.2834062426470587 0.0636285073529412
vn 3.0865816662912389 0.5622747498476719 0.1078477210526267
v 0.2863509086538463 0.1012073269230768 0.0964062211538461
vn 3.9122275374182673 4.9161840218834145 0.0471966940885242
v 0.1386549090909091 0.2774905454545454 0.0804434545454546
vn -2.2453072081270120 1.8379007308212856 0.5338837205048673
v 0.1457820000000000 0.2685510000000000 0.0884270000000000
vn 2.2512492910509256 0.4812942782764184 0.4167409783421169
v 0.2819820000000000 0.1303390000000000 0.0987000000000000
vn 4.7889342921811888 -4.0587881473333765 -0.0512444612891853
v 0.2793194137931035 -0.1363760344827586 0.0724830689655172
vn -0.3115102949299890 6.2330447000481390 -0.6948929279844190
v -0.0200646152671755 0.2964009664122136 0.0351166610687023
vn -0.5607622880131740 6.2538983613351595 -0.2208878396626160
v -0.0364775055751975 0.2968316551536583 0.0576379641011697
vn -0.6777936828998904 6.0653926069740738 -1.4336221097703619
v -0.0465610000000000 0.2900010000000000 0.0069590000000000
vn -0.3613250460253462 6.2593133999496970 -0.4059077752297350
v -0.0290017818740399 0.2970437429595493 0.0498695714285712
vn 6.1331172382076300 -1.0034372217144174 -0.9143336377442218
v 0.2904140000000000 -0.0595500000000000 0.0203630000000000
vn -0.4599180926093855 3.0479155433268290 -3.7032995004185620
v -0.0542536875000000 0.2875433125000000 0.0000000000000000
vn 6.1482636631894882 -1.1170597396351232 -0.6022467710555932
v 0.2898681052631580 -0.0750060000000000 0.0377467368421052
vn -0.6509881116461640 3.3702985109499286 2.7372067038621752
v -0.1705800000000000 0.2472890000000000 0.1432980000000000
vn 2.9009557864791677 -0.5006722811399436 -1.1292687884262382
v 0.2875015999999999 -0.0492322000000000 0.0000000000000000
vn -4.0326737106806396 4.8141194203667013 -0.0056501910747551
v -0.1385395000000000 0.2776034999999999 0.0721045000000000
vn -3.1379200709072053 5.3635554614762073 -0.1799329125291245
v -0.1335462727272727 0.2814775454545455 0.0635510909090909
vn 6.1446151620222045 -1.1977684795904957 -0.5323572267148208
v 0.2856406871508379 -0.1009971787709497 0.0488877932960894
vn -0.1928456160155616 6.2355294472260363 -0.7446884482776117
v -0.0118895080073508 0.2963464061433445 0.0322796720924127
vn 5.6191565344443974 -2.0917234064094372 0.0884518192250125
v 0.2833577173913043 -0.1311199347826087 0.0814555869565218
vn 6.2413091993965892 -0.6247015512034038 -0.3393075770666404
v 0.2840875789473689 -0.1177111754385964 0.0637924736842105
vn 4.6969042928597453 -0.6422050515344451 -0.0505334451109724
v 0.2853785192307691 -0.1096083461538461 0.0724870192307693
vn -0.5885031454237155 3.0189259948071920 0.0866805009842321
v -0.0886234338624338 0.2887593597883600 0.0966157883597883
vn 6.2444750430397180 -0.5254695884222685 0.4436795575543305
v 0.2832642537313433 -0.1264005223880597 0.0896096567164179
vn -1.1657860856923856 6.0754016401492681 -1.0909118629946932
v -0.0711510000000000 0.2868240000000000 0.0110410000000000
vn -0.5703753836425022 3.0037725575895244 0.0722949568776737
v -0.0768880714285714 0.2910578214285713 0.0966628333333333
vn 6.1547312269070833 -1.2137206832708329 -0.3454867070516301
v 0.2878122549019602 -0.0926248823529412 0.0561513137254901
vn -1.0072067096342456 6.1248720019396314 -0.9688468090881786
v -0.0596450000000000 0.2902305000000000 0.0192875000000000
vn -0.4346116553881644 6.2563769968710163 -0.3552804799370690
v -0.1224433559322032 0.2837119322033900 0.0643422542372880
vn -0.7489643535573687 6.2364655145064161 -0.1020501663607080
v -0.1139350169491525 0.2847961525423728 0.0725356271186441
vn -1.4132294111496713 6.0091709275905112 0.5000605826977303
v -0.1293287450980393 0.2830578235294118 0.0898211529411764
vn 6.1035097707852808 -1.2621002617972088 -0.7882368008803402
v 0.2875985454545456 -0.0816374545454545 0.0297473636363636
vn 1.2220980079078021 1.6406565113425919 1.6380057328167625
v -0.1600760000000000 0.2542570000000000 0.1315230000000000
vn -0.9285200551223490 1.2986245033308013 2.0177790766684542
v 0.1705070000000000 0.2438250000000000 0.1451070000000000
vn 0.5076685065518560 3.1111592047059404 0.1388964983647880
v 0.1078363661971831 0.2851766572769955 0.0964685821596244
vn -0.0310763233466713 3.0850230856194094 -3.7336885157560116
v -0.0021605555555556 0.2915328888888889 0.0000000000000000
vn 4.2227678065929179 4.6184146046969738 0.5231813664975802
v 0.1885020000000000 0.2321060000000000 0.1325510000000000
vn 2.0349836491531077 2.2453273609340716 0.3444084926740937
v 0.1784930000000000 0.2381966666666667 0.1512140000000000
vn 6.2023484189596605 0.3881961214126805 -0.9193477226085092
v 0.2945350000000000 0.0235060000000000 0.0209540000000000
vn 3.1278852598416638 0.2848148334727891 0.0872365103120164
v 0.2972378000000000 0.0345712000000000 0.0987000000000000
vn 1.2000102188475024 6.1660801373934220 0.1285540239343942
v 0.0830233170731707 0.2900433658536583 0.0896861463414635
vn 0.3508446055273187 6.2219446192214445 -0.7643213676469164
v 0.0286205899280575 0.2955606978417269 0.0315036978417266
vn 6.2572146660466670 -0.3055711985935424 -0.4796027035151161
v 0.2974008039215685 -0.0184302431372549 0.0462315490196078
vn 6.1699541143796495 1.1860569990343834 0.0404165157822153
v 0.2906766666666667 0.0804401666666666 0.0797803333333333
vn 1.0623732221902187 6.1893625493595854 -0.1723256645475278
v 0.0649511764705882 0.2933906666666670 0.0634084901960784
vn 6.2145186492223932 -0.5250762348450718 -0.7451781371241235
v 0.2949270000000000 -0.0314180000000000 0.0279790000000000
vn 6.2441610613241725 -0.4390237287896852 -0.5128668162766093
v 0.2965585369458127 -0.0275983842364532 0.0410788965517241
vn 6.1665171256513682 1.1979429140142104 0.1275199877759824
v 0.2897595208333332 0.0844649583333333 0.0898119583333333
vn 6.1743249007523868 1.1631706151641306 0.0456387996553461
v 0.2883079433962270 0.0926681886792452 0.0805717169811320
vn 6.2625057199652190 -0.1696188980096627 -0.3963945613699349
v 0.2985061538461538 -0.0099895769230769 0.0544444615384616
vn 0.1284846933179894 6.1730308833381944 -1.1591258506057631
v 0.0077830000000000 0.2928400000000000 0.0069620000000000
vn 6.1828016227617999 1.0748715986075827 -0.2504682153017884
v 0.2929459411764706 0.0674700619195047 0.0630994674922600
vn 1.1768684364465243 6.1717061888291465 0.0378261568181257
v 0.0790597692307692 0.2909424615384613 0.0797597692307692
vn 0.8192069496664667 6.2116770619306294 -0.4453149119560615
v 0.0493075000000000 0.2950785000000000 0.0491040000000000
vn 0.9472593916267125 6.2028168308150677 -0.3039809951779164
v 0.0582147833333333 0.2941974583333336 0.0559203500000000
vn 0.5912148751261929 6.2253527652154670 -0.5874253182543460
v 0.0371850400000000 0.2955625600000000 0.0384083200000000
vn 6.1766991844532484 1.1484290320750377 -0.0476257376430822
v 0.2915728235294122 0.0757905294117646 0.0716112745098040
vn 3.0829052300208524 0.0000056956289822 -3.7451759332431043
v 0.2915297142857143 0.0000039285714286 0.0000000000000000
vn 1.1763031253161647 6.1718147163767689 0.0494015065172538
v 0.0905379999999999 0.2887116470588236 0.0809916862745097
vn 1.1362240133344748 6.1788397390263761 -0.0467675629383764
v 0.0735553461538461 0.2919943461538463 0.0718391153846155
vn 6.1902150303781633 0.2561691639615341 -1.0397368866965313
v 0.2938480000000001 0.0153960000000000 0.0139480000000000
vn 6.1722403717172121 0.1241246934781893 -1.1633844102678135
v 0.2928400000000000 0.0077830000000000 0.0069620000000000
vn 1.6874263278143857 2.6125797269186548 0.9034976805374861
v 0.1669536000000000 0.2502084000000000 0.1393440000000000
vn 0.2564982480941509 6.1915363857401431 -1.0308995127082214
v 0.0153960000000000 0.2938480000000001 0.0139480000000000
vn 0.3577178673627065 6.2205005240783313 -0.7792973752432366
v 0.0214307200000000 0.2949356800000000 0.0229206800000000
vn -0.9328898660375680 1.3263416256195004 2.0419715198938899
v 0.1673390000000000 0.2469950000000000 0.1416090000000000
vn 6.2537584035860245 -0.4303440215895842 -0.4181260691423942
v 0.2968791694915257 -0.0267857485875706 0.0451014915254237
vn 1.1831344949844171 6.1702064139670529 -0.0534063526538664
v 0.0790112142857144 0.2909576428571428 0.0712712142857143
vn 0.0000000000000000 0.0000000000000000 -3.0669525021898800
v 0.0155290000000000 0.2887210000000001 0.0000000000000000
vn 1.2127007624141859 6.1623425476204101 -0.1648414374074282
v 0.0830627250000001 0.2900656500000002 0.0649697000000000
vn 0.2701532161129138 3.0793372639166421 -3.6909805326503164
v 0.0210916666666667 0.2909403333333334 0.0000000000000000
vn 0.1200829237533882 6.1962175023046875 -1.0270145794962215
v 0.0078130000000000 0.2940830000000000 0.0139510000000000
vn 0.4295903471173323 3.0811949862146362 0.1744339394562027
v 0.1161988675799086 0.2838763196347030 0.0964456484018265
vn 0.2554160587746521 6.1689856845034186 -1.1593513498118211
v 0.0153360000000000 0.2926070000000000 0.0069610000000000
vn 1.1820295719756837 6.1705444469212525 -0.0508965891467063
v 0.0905562156862744 0.2887244509803926 0.0727331372549021
vn 5.6538039825806097 1.0904141660084159 -0.0356926453024569
v 0.2906884000000000 0.0804314000000000 0.0717006000000000
vn 6.2542619392390613 -0.2723657278505901 -0.5196148185514906
v 0.2970746299212599 -0.0172033070866142 0.0406145354330708
vn 0.9846474522209765 6.1554262341647004 -0.7699397828121058
v 0.0574534705882353 0.2918771176470588 0.0285530000000000
vn 6.1691219551881238 0.2540275473778761 -1.1589736286836518
v 0.2926070000000000 0.0153360000000000 0.0069610000000000
vn 6.2142704397965840 0.0027457881974554 -0.9201743678401149
v 0.2953002727272727 0.0000000000000000 0.0212180909090909
vn 0.7859577613439163 6.2027386466392311 -0.6032600135968699
v 0.0472304000000000 0.2945162000000000 0.0392566000000000
vn 5.5914689352756586 1.0996288625819031 -0.1651438637584360
v 0.2897689375000001 0.0845612499999999 0.0648722708333334
vn 0.5588389325519852 6.2400086287285950 -0.4079124306716759
v 0.0380279565217391 0.2963256086956522 0.0482647391304348
vn 1.1417072866538489 6.1781243642265924 0.0486543817410378
v 0.0736878846153846 0.2919497884615381 0.0808048461538460
vn -0.0427705547355493 6.2216890166465300 -0.8548135805014215
v -0.0020403200000000 0.2953618800000001 0.0217134400000000
vn 1.0689521040450474 6.1902252244370306 0.1115359964122061
v 0.0647727380952380 0.2934403809523807 0.0894600000000000
vn 6.1759263644559743 1.1538628292658457 0.0451582506782894
v 0.2915650980392159 0.0757544117647060 0.0804555098039214
vn 6.1953918889808293 0.1166793640574823 -1.0328149907421340
v 0.2940830000000000 0.0078130000000000 0.0139510000000000
vn 6.1851835204370120 1.0969059940038379 0.1186713601785445
v 0.2928964523809521 0.0678126904761904 0.0900736190476189
vn 6.2355406113043346 -0.1347247843591957 -0.7411794215982291
v 0.2961590000000000 -0.0078640000000000 0.0279900000000000
vn 3.1777722862708848 0.4919173550273793 0.0693936091125721
v 0.2942880732984293 0.0585693612565444 0.0973555628272252
vn 6.1727727012959841 1.1700508668772667 -0.0578903349114943
v 0.2883287115384617 0.0926075192307692 0.0725158653846153
vn 6.2416517421669440 -0.5781663857056043 -0.4240752756388799
v 0.2967373208556148 -0.0352512941176470 0.0535878181818181
vn 0.0000000000000000 0.0000000000000000 -3.0958267369132795
v 0.2887210000000001 0.0155030000000000 0.0000000000000000
vn 3.0689636331238646 0.3373828072712822 -3.6955154874077931
v 0.2906724444444445 0.0254094444444444 0.0000000000000000
vn 0.4980212150551888 6.2557980765546564 -0.2945913400886320
v 0.0304892670123137 0.2972472712248871 0.0553681098509396
vn -4.0642609331499999 4.7828966963062101 0.0466276501362014
v -0.1462198181818181 0.2706551818181819 0.0713176818181818
vn 1.5653131492341150 1.7615206182700824 1.1202651838424347
v -0.1512430000000000 0.2630900000000000 0.1125830000000000
vn -4.2159218408410428 4.6573269954901040 -0.0663482965043944
v -0.1808375000000000 0.2417335000000000 0.0638782500000000
vn -4.1457458514908723 4.7030795624456356 0.3810483270132087
v -0.1768920000000000 0.2437150000000000 0.1203270000000000
vn -1.6789646650324315 2.6380730989033738 0.5150553390263567
v -0.1575305000000000 0.2596750625000001 0.1241970000000000
vn -4.0762121930580326 4.7718234701145601 0.2534063158084276
v -0.1689020000000000 0.2517050000000000 0.1048330000000000
vn -1.3544661287731374 5.9989552733540412 -0.3162330258207270
v -0.1289944803149604 0.2834352677165352 0.0640047795275590
vn -0.4369266379924364 6.2145297380035132 -0.7580198583038157
v -0.0264016927899687 0.2960863260188084 0.0355202319749217
vn -1.8341524313944968 2.4741233751736931 0.9659585906066561
v -0.1747555000000000 0.2424501250000001 0.1477902500000000
vn 6.1087209923960275 -1.2955021403339630 -0.4935314814459832
v 0.2903341050903117 -0.0752510558292286 0.0480817454844008
vn -3.1826951902854623 5.2433662084163615 0.5607250118349740
v -0.1335065909090909 0.2814030909090909 0.0898505000000000
vn -0.5673144127267122 6.2114438949486672 -0.7350824638738852
v -0.0369891250000000 0.2946472916666666 0.0298837083333333
vn 2.6870688472527844 -1.6400534673675287 0.3739219134864876
v 0.2662908750000000 -0.1509155000000000 0.1068606250000000
vn 6.1542942351205552 -1.2242178413737721 -0.3132722406390236
v 0.2894961800000000 -0.0842583600000001 0.0564505000000000
vn 6.1621498442583675 -1.1217376116838398 -0.4736642021897762
v 0.2912918544839256 -0.0738138798646363 0.0541245279187818
vn 5.5782347962911158 -2.3549730804272784 -0.0462887644205802
v 0.2831076666666668 -0.1315569814814815 0.0723064259259259
vn -0.5885081421815999 6.2419440360579683 0.3978313691594409
v -0.1223780781250000 0.2836018750000000 0.0894727031249999
vn -0.4955393540810467 2.6880251365161252 -1.6432997040759270
v -0.0616570000000000 0.2851329999999999 0.0000000000000000
vn -1.5464112357602404 2.7581617611368232 0.6571786789304179
v -0.1632243749999999 0.2539812500000000 0.1341480000000000
vn 5.5819277623496832 -1.0519181595222415 -2.3330104522854418
v 0.2861051025641026 -0.0658386923076923 0.0022344102564103
vn -1.1702594199215783 6.0540693061041866 -1.2038243005451588
v -0.0705191612903226 0.2855649354838709 0.0039036451612903
vn 6.1488767326952321 -0.7669581264253549 -1.0292674948575182
v 0.2912290000000000 -0.0467450000000000 0.0139420000000000
vn 6.1777269159161774 -0.6654087256254362 -0.9244909406507804
v 0.2932240000000000 -0.0391250000000000 0.0209500000000000
vn 2.8856843097017078 -0.4568187597436455 -1.2894282626233131
v 0.2860150000000000 -0.0603108823529412 0.0000000000000000
vn 6.1181746943166067 -1.2406556864371825 -0.7070385462560198
v 0.2847570000000000 -0.1015930000000000 0.0411540000000000
vn 4.8574258536297528 -3.9800779432380691 0.0450832287670614
v 0.2800915200000000 -0.1353489599999999 0.0817612800000000
vn 6.2332956911604889 -0.7185984504543567 0.3045162805169473
v 0.2840807301587303 -0.1177670952380954 0.0895509365079364
vn 6.2206420260489903 -0.8772740026637111 0.0619256681287850
v 0.2853377704918027 -0.1099328524590165 0.0807645573770493
vn -0.3275003480609898 6.2577439337274807 -0.4324594009487652
v -0.0199062810271041 0.2976381968616268 0.0498164857346650
vn -4.0634906012864516 4.7841610256822982 0.1063810363201047
v -0.1387250000000000 0.2774190000000000 0.0821290000000000
vn 6.2553433048452796 -0.4593720074239912 -0.3108000369768952
v 0.2835160645161294 -0.1264577518610421 0.0643465856079404
vn -0.2067425213800591 6.2697414931310984 -0.3303547049249063
v -0.0128495290373905 0.2982579105011919 0.0553301161495628
vn 6.0895037887985426 -1.3198301574831566 -0.8028036464928069
v 0.2854732857142858 -0.0923937142857143 0.0310321428571429
vn -0.7738732063747020 6.2338244231325071 0.0858350150338878
v -0.1133926666666669 0.2848684000000000 0.0809299666666667
vn -0.7799756648942486 6.1654461604283908 -0.9187556064256478
v -0.0469080000000000 0.2923230000000001 0.0209500000000000
vn -0.5803197868964036 3.0952012504711215 0.1017834316560149
v -0.0967199396984925 0.2871878743718594 0.0965075075376884
vn 2.6587745677276269 -2.1109523433236448 0.2826595525217906
v 0.2705065000000000 -0.1449960000000000 0.0963410000000000
vn -1.3631246833176387 -1.0170537057199192 1.6653037941365709
v -0.2528210000000000 0.1615120000000000 0.1337820000000000
vn -0.0762694898917092 -6.2408644360669072 -0.6908035301169393
v -0.0032083362293658 -0.2968576689834928 0.0351032441355344
vn 0.7002027841236632 -6.2340328217648864 -0.3286074432549111
v 0.1158685081967213 -0.2842838852459017 0.0637200491803278
vn 0.7945629560700210 -6.1633768960866195 -0.9182707206508254
v 0.0469080000000000 -0.2923230000000001 0.0209500000000000
vn 1.0993875592786451 -6.1858652242642584 0.0496050952393493
v 0.0989717966101695 -0.2871331355932205 0.0810224576271187
vn 0.9816725530202397 -6.0257858206392303 -1.4205442253659539
v 0.0582747123287671 -0.2878628082191781 0.0045976301369863
vn 0.3270498095511915 -6.2725431279897572 -0.0954808763513437
v 0.1245750000000001 -0.2838853064516126 0.0725628225806451
vn 0.2167504655149909 -6.2683735652580337 -0.3454823611537926
v 0.0132471140805743 -0.2981425875548466 0.0537825552453128
vn 0.9899311904136538 -6.2013762009355649 0.1905257590736638
v 0.1074574576271187 -0.2855275084745766 0.0894914406779660
vn 4.7997550749230253 -4.0515475809128922 0.0243031002419086
v 0.2567325000000000 -0.1638755000000000 0.0816985909090909
vn 0.4844861525898736 -2.8849264294895249 -1.1458626352649492
v 0.0476347333333333 -0.2874722000000000 0.0000000000000000
vn 0.5512415693546308 -2.9688328769492816 0.0757833740132108
v 0.0741840121951219 -0.2915617378048779 0.0968831585365852
vn 0.6181419973941966 -3.1573630475348122 0.0828361539494522
v 0.0818057192982456 -0.2901113684210528 0.0963206198830408
vn 0.3395446378040895 -6.2569198099952628 -0.4504613851845722
v 0.0224024737142855 -0.2974812697142855 0.0504308674285713
vn 0.5091296133009240 -6.0771804207751758 -1.4555285880548821
v 0.0310940000000000 -0.2916240000000000 0.0069600000000000
vn -2.0176361177711457 2.3184140099972472 1.1036788477697155
v -0.1977814375000000 0.2194245625000001 0.1606079375000000
vn -4.4225426297776300 4.4389661161497065 0.4579166687411690
v -0.2097069600000000 0.2109005200000000 0.1401399200000000
vn 0.0998732253380264 -6.2440151651172906 -0.6887652805199682
v 0.0056590814035088 -0.2965599564912265 0.0328123564912280
vn 2.0803498932521958 -2.0642848958110971 0.7682055434200339
v 0.2199947500000000 -0.1961057500000000 0.1603277500000000
vn 4.7594701509182160 -4.0185916123708036 0.6363196200875016
v 0.2160145882352941 -0.2033200588235294 0.1505506470588235
vn 2.2471139066989378 2.0428365942404834 0.3409919370466414
v 0.2214616000000000 0.1953466000000000 0.1600370000000000
vn -1.2142470344643934 -6.1561462038010566 -0.3157293195303981
v -0.0808988611111111 -0.2901536944444447 0.0563216111111112
vn -2.4757037850066261 -1.7837805072675044 -0.7149614331301078
v -0.2467390000000001 -0.1698397692307692 0.0048600000000000
vn -0.9146689881380439 -6.2146993211983315 -0.0578606273132736
v -0.0568822666666666 -0.2948509000000001 0.0725970444444445
vn -1.2643151105762738 -6.1113854601419835 -0.7209924356210223
v -0.0980724210526316 -0.2853595263157895 0.0400803684210526
vn -4.3613292448060097 -4.5000136703757274 0.4488505638698105
v -0.2008881428571429 -0.2197195714285715 0.1387945238095238
vn -1.2129139569691201 -6.0159184316735814 -1.3421855595556995
v -0.1196930000000000 -0.2781510000000000 0.0229400000000000
vn -0.7117785706467629 -6.2361769288279110 -0.2760551405682527
v -0.0441211786684780 -0.2962119769021738 0.0627491691576085
vn -4.2737883411586690 -4.5875166716196007 0.4028662018342802
v -0.1875090625000000 -0.2330986250000000 0.1317756875000000
vn -4.4180410144610587 -4.4434710501275045 0.4579009397382213
v -0.2082861724137932 -0.2123212068965517 0.1400778965517241
vn -1.0498738346403755 -6.1942847617650560 0.0493250536386338
v -0.0632489523809525 -0.2938047142857139 0.0814647857142857
vn -1.1238436359828696 -6.1804450035938618 0.1178741485846441
v -0.0711955686274510 -0.2922859215686275 0.0899760196078430
vn 2.2351720219869051 2.0801472400630701 0.3675824605272082
v 0.2291256666666667 0.1875640000000000 0.1569490000000000
vn -1.5056797916877886 -5.9626431145952665 -1.2796356342170507
v -0.1136080000000000 -0.2769720000000000 0.0107110000000000
vn -4.1359454500861954 -4.6704065571304261 0.6913572634626686
v -0.1825713142857144 -0.2367636857142857 0.1408172857142857
vn -4.1621813302948656 -4.6439626880327642 0.7124087733762378
v -0.1878380000000000 -0.2314970000000000 0.1446420000000000
vn -1.2396616351317311 -6.1411009925456064 -0.4704262779228510
v -0.0881561910112360 -0.2882479157303370 0.0490922584269663
vn -0.0959753203204294 -2.9963806542063232 0.0705717078061127
v -0.0122596000000000 -0.2986260000000000 0.0987000000000000
vn -3.7483117998517463 5.1055787580906644 0.3245124622827799
v -0.1494421538461539 0.2675442307692308 0.0458136923076923
vn -3.8574707838734907 4.9959738376054386 -0.8817302806870012
v -0.1641532727272727 0.2527213636363636 0.0121283636363636
vn -3.9984995950954749 4.8208501640366999 -0.4957446615321123
v -0.1495120000000000 0.2653980000000000 0.0070580000000000
vn -2.0534456179624372 2.3616616058786448 -3.1420311335685556
v -0.1572010000000000 0.2582140000000000 0.0000000000000000
vn -2.1313499478173599 2.2644520965845061 -0.5039606698732420
v -0.1744569333333334 0.2420642666666666 0.0000000000000000
vn -4.2464528460253677 4.6266526398988912 -0.1759757364799506
v -0.1850410000000000 0.2375299999999999 0.0498335000000000
vn -4.2244462961422968 4.6488228942099346 -0.1081962388184494
v -0.1819170000000000 0.2406540000000000 0.0585820000000000
vn 1.1706036374776037 1.1736873626510813 -1.9085585400490062
v -0.1671970000000000 0.2471350000000000 0.0065400000000000
vn -0.7141144618731565 3.6310054974652690 -2.4977980541699147
v -0.1690230000000000 0.2488440000000000 0.0064710000000000
vn -2.0799942181328221 2.3201532786752233 -0.4216458011292803
v -0.1627950000000000 0.2524310000000000 0.0000000000000000
vn 1.3394871092243155 1.3357702599718331 -1.6352185615333781
v -0.1590520000000000 0.2552800000000000 0.0181990000000000
vn -4.2812521385877060 4.5919036122243080 -0.2343566178310255
v -0.1899090000000000 0.2326620000000000 0.0416330000000000
vn -4.0533438931607826 4.7827188678809245 -0.3795992827719488
v -0.1462636666666667 0.2698803333333333 0.0288905833333333
vn -4.1479369797671248 4.6987603174943846 -0.3211198545801442
v -0.1541830000000000 0.2619610000000000 0.0117420000000000
vn -1.6135102632747920 1.3142170391692167 1.2857699103520079
v -0.2591090000000000 -0.1552240000000000 0.1224570000000000
vn -0.9047718245579768 -6.1677032073425391 -0.7756271055240159
v -0.0548320000000000 -0.2922130000000000 0.0279780000000000
vn -1.0040190569098193 -6.2014253930902346 -0.0836973522130619
v -0.1049151475409835 -0.2861041311475409 0.0724850163934427
vn -4.9785297052111357 -3.8033938374939451 0.0749576990938966
v -0.2612314090909091 -0.1581035909090909 0.0989270454545454
vn -2.9031036730526987 -1.3992609215731475 0.3897851434748040
v -0.2680413043478261 -0.1487513478260870 0.0989180434782609
vn -1.1943783176019220 -6.1670933379338253 0.1334827377432182
v -0.0881444615384614 -0.2890410384615383 0.0898919615384615
vn -0.4715432030798010 -6.2072788628895026 -0.8352267928612064
v -0.0291412608695652 -0.2944176956521738 0.0229360434782609
vn -0.1900938055235481 -6.1720484226834280 -1.1540992944596240
v -0.0113077333333333 -0.2927312666666668 0.0069615333333333
vn -0.6470444007371251 -6.1616749842147760 -1.0394668540086032
v -0.0389900000000000 -0.2921260000000001 0.0139430000000000
vn -1.0252634839076764 -6.1903687614412730 -0.3075347241063490
v -0.0626301764705882 -0.2934797058823531 0.0557700588235294
vn -0.7517930650753892 -6.2103543047767120 -0.5579831857348433
v -0.0459256190476191 -0.2946879523809524 0.0393907619047619
vn -4.7271798279583761 -4.1343273356117276 0.1838811251168335
v -0.2534078181818182 -0.1672001818181817 0.0996848636363636
vn -1.1723807485831774 -6.1721982304565151 -0.0533433506764563
v -0.0778615714285713 -0.2911797142857140 0.0714990714285714
vn -1.1569520909423017 -6.1715573911651154 -0.2161021057679313
v -0.0966621960784314 -0.2873844705882354 0.0639439607843137
vn -0.1479018983055890 -2.9353434439286610 -1.2380653222641547
v -0.0295231250000000 -0.2894288750000001 0.0000000000000000
vn -0.3043243141281952 -3.0793859347476342 -3.6608704880847531
v -0.0210916666666667 -0.2909403333333334 0.0000000000000000
vn -1.1088334084404727 -6.1683083053162271 -0.4389080791359113
v -0.0707496885245901 -0.2916637103825134 0.0491293169398907
vn -1.1929953919522018 -6.1685659274720379 0.0523504536785858
v -0.0820071428571429 -0.2903627619047622 0.0811852857142857
vn -1.2970517205482408 -4.1156754419090955 0.1792080422735542
v -0.1289157234042553 -0.2825363191489363 0.0953573829787234
vn -2.0956230714854560 -2.7524706244426813 0.1164804021566041
v -0.1387232000000000 -0.2770982000000000 0.0962892000000000
vn 0.0000000000000000 0.0000000000000000 -1.0282674874764244
v -0.1390460000000000 0.2645329999999999 0.0000000000000000
vn -1.0680910295371149 6.1140468648334707 -0.9719574428328626
v -0.1159292307692308 0.2814693846153846 0.0372540769230769
vn -0.3589320031066976 6.2717664172561660 0.0390696221688368
v -0.0224112222222222 0.2984813333333333 0.0802458333333333
vn -1.4883565600203115 5.9892535835219700 -1.1723789775238447
v -0.1030440000000000 0.2796480000000000 0.0107950000000000
vn -0.1914210669860956 6.2783268697959160 0.1142601502862211
v -0.0112855000000000 0.2988234375000000 0.0916412500000000
vn 5.2988392531232904 -2.8033307823705744 -1.1634621553495885
v 0.2654789696969697 -0.1489514242424242 0.0048053030303030
vn -0.4784738719271072 6.2600136543300433 -0.1456936683816674
v -0.0289038906250000 0.2980381250000001 0.0702468906250000
vn 6.0834181259436164 -1.1622347100859587 -1.0492389456988935
v 0.2806610000000000 -0.1146974000000000 0.0309478000000000
vn -3.6731685822186115 5.0670389976249055 -0.1288999872032563
v -0.1380724722222221 0.2774116111111111 0.0462678888888889
vn -0.7642109845002247 2.8248456301715787 -1.3521331383890527
v -0.0855928611111111 0.2809298333333333 0.0000000000000000
vn 6.1699529395013215 -1.1860635436695353 0.0404299908642357
v 0.2906766666666667 -0.0804400000000000 0.0797803333333333
vn 6.1741921222621281 -1.1581076589679655 0.1173707097285543
v 0.2914339411764708 -0.0758378823529412 0.0893321960784313
vn -1.3023621894050192 6.0455984620631522 -1.1022627587579530
v -0.0818260000000000 0.2846280000000000 0.0109610000000000
vn -0.5883554594515394 6.2497711822832578 -0.2665978326706084
v -0.0367023557230979 0.2970318999314603 0.0635890050262734
vn -0.9130751641835904 6.1830563602291111 -0.6373056536248300
v -0.1144569487179487 0.2832381581196585 0.0487020705128205
vn 3.2157072467235288 -0.5638540176121783 0.0750525188537661
v 0.2929120662983425 -0.0668676574585635 0.0964896077348065
vn 6.2190655154301036 -0.6903028252701907 -0.5548648511065969
v 0.2834526065573764 -0.1182214262295082 0.0558156721311476
vn 6.1665190925289748 -1.1979318616688053 0.1275233789184518
v 0.2897595208333332 -0.0844648749999999 0.0898119791666667
vn -1.3361911701279765 6.0622690505174983 -0.9634507058389299
v -0.0895800000000000 0.2850190000000001 0.0233640000000000
vn 6.1659547828893650 -1.0417922802882624 -0.6072103507917950
v 0.2840902768361583 -0.1093075197740113 0.0488280395480226
vn 5.6025896420179304 -2.2361177427046552 -0.7305796728928218
v 0.2808377159090907 -0.1333120454545454 0.0477250000000000
vn -0.5519065791053309 3.0317707176408337 0.0732428549578088
v -0.0709252119205298 0.2921686821192052 0.0968110662251655
vn -0.5172735133105347 6.2299388496953227 -0.6136226817502605
v -0.1221757966903074 0.2830575177304963 0.0557583073286051
vn 6.1662185530307356 -1.1884101173802006 -0.1953887160476145
v 0.2881535686274510 -0.0927199411764705 0.0642943725490196
vn 5.3901313013025618 -0.9442253439910863 -0.0563746323516644
v 0.2867018906250000 -0.1013856093749999 0.0722448906249999
vn 2.7971662438771148 -1.0144979063041739 -4.0984623389483623
v 0.2665430000000000 -0.1406300000000000 0.0000000000000000
vn -2.4312568117448539 5.6978531393419107 -0.4606706297177479
v -0.1311686250000000 0.2820141057692309 0.0534241826923077
vn -1.3760941589354405 6.0409336031860015 -1.0393223006002104
v -0.0996180000000000 0.2827290000000000 0.0232240000000000
vn 5.1015249480093292 -3.5265132446904630 -0.4575490205011934
v 0.2664227368421052 -0.1487531578947368 0.0112038947368421
vn -0.5048608265880152 6.2619395120516508 0.0360096346265180
v -0.0303580555555556 0.2979256111111112 0.0802536111111111
vn -0.3410398062269562 6.2688203275913095 -0.1453022524765876
v -0.0209166290322581 0.2985655806451612 0.0703000967741935
vn 5.6538070702686367 -1.0904258694640532 -0.0356859774149271
v 0.2906884000000000 -0.0804314000000000 0.0717006000000000
vn -1.0472257771080526 6.1432752596693394 -0.7941825644095283
v -0.1125950000000000 0.2827445000000000 0.0420105000000000
vn 6.1276852897809109 -1.1353818235562954 -0.7947384230399562
v 0.2831884615384616 -0.1095326923076923 0.0411013846153846
vn 5.5367141202975638 -2.3501470576656303 -0.8653933498324132
v 0.2785493227513229 -0.1354876084656086 0.0371569576719576
vn -1.4228253474224413 5.8901858558557914 -1.5882222240091590
v -0.0835111428571429 0.2827662142857144 0.0033629285714286
vn -1.3976938639304963 5.8292112370270202 -1.7883863673282023
v -0.1055570000000000 0.2774050000000000 0.0033180000000000
vn 5.1484039388515921 -3.2988135977714141 -0.9811032511376876
v 0.2715867380952383 -0.1434322857142857 0.0206986428571429
vn -0.6589299453404746 6.2466701570111898 0.1143872937614940
v -0.0395380000000000 0.2969360000000000 0.0916800000000000
vn 6.2247863845477207 -0.4324283736422516 -0.7162160712462327
v 0.2827729696969697 -0.1263537878787877 0.0555975303030302
vn 5.5914969729445207 -1.0995633908764233 -0.1644595501889117
v 0.2897689375000001 -0.0845611458333332 0.0648723541666667
vn 6.1731942458165641 -1.1450142961577170 -0.2141202447325016
v 0.2914602757352944 -0.0755709117647057 0.0631202352941176
vn 6.1899267610600921 -1.0755689715625132 0.0584841010642658
v 0.2867798275862066 -0.1009523275862069 0.0813564137931035
vn -0.5753861792780225 2.6846441229502926 -1.6267956511936439
v -0.0978195454545455 0.2774605454545455 0.0000000000000000
vn -0.0425513845180827 -0.0002150289455596 0.2621254421742105
v -0.1415760000000000 0.2737550000000000 0.0299060000000000
vn 0.0000000000000000 0.0000000000000000 -3.0274347314953003
v -0.1074068888888889 0.2736513333333333 0.0000000000000000
vn -0.3693303626478361 3.0395047467995511 0.0866342948803084
v -0.0446124000000000 0.2961780000000000 0.0987000000000000
vn -0.1795062642491707 6.2740982619101473 -0.2779514400120064
v -0.0117303391458175 0.2986401142279519 0.0636909471822083
vn -1.1027954970049345 6.0232036780761113 -1.3789921841665036
v -0.1310105238095239 0.2781853809523809 0.0315359285714286
vn 6.0449872943441543 -1.0408907810780241 -1.3565624002802696
v 0.2784112105263157 -0.1261624210526316 0.0299145789473684
vn -2.9160634381588029 5.3988784044505600 -0.6000607791409327
v -0.1367682755102041 0.2780532653061226 0.0377218571428571
vn -1.1335636159317517 6.0856725920355723 -0.4794373275794176
v -0.1292730175438597 0.2827468157894741 0.0561966929824562
vn 3.1210336642234782 -0.3519857181336235 0.0880743662280659
v 0.2965083999999999 -0.0417464000000000 0.0987000000000000
vn 6.1719657822538059 -1.1690754708248625 0.1324343617779648
v 0.2881366909090904 -0.0928985090909091 0.0892070181818180
vn -0.6143086357751509 6.2478725840570792 -0.1506320123574780
v -0.0367584920634921 0.2973532222222220 0.0702809682539683
vn -0.3793713089757077 6.2695077429094228 0.1160596443794496
v -0.0237510000000000 0.2982650000000000 0.0916600000000000
vn -0.2011750221416829 6.2789729899885085 0.0448570985418674
v -0.0113469444444444 0.2989609722222222 0.0808239722222222
vn -1.2651744788237056 6.0782341189037910 -0.9592262052004557
v -0.0800610000000000 0.2865855000000000 0.0203470000000000
vn -0.7900271351255246 6.1381065366177125 -1.0725197580189092
v -0.1228606818181819 0.2807008181818182 0.0391336363636364
vn 6.1666547472226032 -0.7477208575974905 -0.8992360042475714
v 0.2817408702290081 -0.1271378244274808 0.0479075572519084
vn 0.0000000000000000 0.0000000000000000 0.0000000000000018
v -0.0805380000000000 0.2810880000000000 0.0000000000000000
vn 6.1680002800209124 -1.1926792321778752 0.0914860222646890
v 0.2906330000000001 -0.0802570000000000 0.0870810000000000
vn -1.4383150186141085 5.7983572791010225 -1.8210135708014610
v -0.0889566923076923 0.2815875384615384 0.0036636153846154
vn 3.1785966501323331 -0.4917861288516009 0.0691732989672426
v 0.2942903875968989 -0.0585551111111111 0.0973544470284239
vn -1.4085192467233913 6.0202742493940473 -1.1111928806816582
v -0.0924540000000000 0.2822190000000000 0.0108790000000000
vn -1.7055670348488674 5.8257411076413401 -0.6597166110244331
v -0.1310353076923075 0.2815963299145282 0.0481465686609686
vn 6.1687409398647226 -1.1916221051335005 0.0609748436339471
v 0.2898233255813953 -0.0847647209302326 0.0816335116279070
vn -0.8612947726225072 6.2013270183367037 -0.5179618957239098
v -0.1138322208588958 0.2839690582822083 0.0552780153374233
vn 6.1878699718226144 -0.9807815194014398 -0.4682341579127923
v 0.2846157599999999 -0.1095838399999999 0.0553215800000000
vn 5.0950086769618093 -3.6503490166358215 -0.2418203424353974
v 0.2810338988764048 -0.1338642134831460 0.0546819775280899
vn 5.3742132542367402 -2.0528133856910564 -2.2909041109988433
v 0.2665409206611571 -0.1451694991735537 0.0036975636363636
vn 6.1759249610606561 -1.1538701841498715 0.0451590716573387
v 0.2915650980392159 -0.0757543529411766 0.0804555490196077
vn -0.7748399586713522 6.2081141156317523 -0.5439923304690152
v -0.1198881243243242 0.2825356297297301 0.0490354864864864
vn 6.1727728669254995 -1.1700503020603206 -0.0578894684966619
v 0.2883287115384617 -0.0926074038461538 0.0725159038461538
vn -3.7098799841653571 5.0341721005452271 -0.2848188287346239
v -0.1369446000000000 0.2786140400000000 0.0551544800000000
vn 6.1801274918005928 -1.1051284576051923 -0.2403984271882085
v 0.2865454901960778 -0.1011020588235295 0.0635402941176472
vn -0.5651930992307560 3.3516001359170078 0.0767659331415816
v -0.0624931198156681 0.2936684608294932 0.0965123317972351
vn -0.4683431866345891 6.2583662606751318 -0.2931842408423220
v -0.0283404772117963 0.2977316283512044 0.0627762841823055
vn 6.1488683957466979 -0.9358911098846322 -0.8860410387084184
v 0.2817170000000000 -0.1179180000000000 0.0410460000000000
vn 6.1873643491313874 -0.8160773896478115 -0.7153408274611780
v 0.2828137745664741 -0.1175933468208091 0.0488630578034682
vn -1.1198010644393830 6.0800011373509886 -1.1127345838658882
v -0.1178790000000000 0.2797420000000000 0.0291590000000000
vn -4.6122431371332180 -4.2361128207392724 -0.4799346217343166
v -0.2300740000000000 -0.1905330000000000 0.0140240000000000
vn 0.0000000000000000 0.0000000000000000 -3.1256454005030077
v -0.2192080000000000 -0.1967670000000000 0.0000000000000000
vn -2.1440968303014865 -5.4435282164477750 -2.1080958359205848
v -0.1464077464788733 -0.2662581971830988 0.0038393521126761
vn 2.4739800367195057 1.0311268314609869 -1.8849730143174432
v 0.2646123333333333 0.1441240000000000 0.0000000000000000
vn -3.9213057113538099 -4.8486719628817774 -0.6656622172131565
v -0.1544508245614035 -0.2609191754385966 0.0036160175438596
vn 4.6279738832082051 4.2451279672078170 0.1716865062436386
v 0.2373994000000000 0.1851716000000001 0.0982824000000000
vn -1.7707093433951417 -4.4758205397680202 -2.4109761261942011
v -0.1682600000000000 -0.2495223999999998 0.0070904000000000
vn 4.2579951301279300 4.5931591146872739 -0.4721266181202554
v 0.1929090476190476 0.2276987142857143 0.0126760952380952
vn 4.5865177946356734 4.2867898854116815 0.2397769163722581
v 0.2319960000000000 0.1905750000000000 0.1072220000000000
vn 4.5525802330913825 4.3289803630956625 0.0502344197070690
v 0.2266888750000000 0.1970765000000000 0.0808158750000000
vn 4.3903897475595270 4.4914053089251018 0.1479791048841569
v 0.2052620000000000 0.2185030000000000 0.0940830000000000
vn 1.3319788832335500 -1.1733383015352299 -1.4495300188294711
v 0.2552800000000000 0.1590520000000000 0.0181990000000000
vn -1.8321854840217568 -2.4461184480201159 -0.8151720794397019
v -0.1713878461538462 -0.2451910384615386 0.0031825384615385
vn -4.3295005736102254 -4.5521346025680263 0.0500116955729755
v -0.1971581249999999 -0.2266070000000000 0.0811426250000000
vn -4.4734972040737970 -4.3857746473713775 -0.4725757865173832
v -0.2158606363636364 -0.2047473636363636 0.0083170000000000
vn 4.7241354196448162 4.1250646617820257 0.3386011014689100
v 0.2459959999999999 0.1746114999999999 0.1167595000000000
vn -1.6657811421955118 -2.5970533526635693 -1.0534255979789156
v -0.1513470000000000 -0.2625540769230769 0.0000000000000000
vn 4.4313129308801864 4.4418109717397982 0.3222089387131513
v 0.2105472222222222 0.2120232962962963 0.1182288518518519
vn 4.7792597406241786 4.0684365687923849 0.2253342521063542
v 0.2535853529411765 0.1670226470588235 0.0990005294117647
vn 1.3334639012305947 -1.5272618746205322 -1.6619880219708665
v -0.1599150000000000 -0.2544170000000000 0.0167380000000000
vn 4.4871342535359426 4.3946856310027380 0.1505190112355392
v 0.2180536666666667 0.2057113333333333 0.0943470000000000
vn 1.4198970692460973 -1.3907040400377826 -1.0309757907416437
v 0.2635370000000000 0.1507960000000000 0.0367280000000000
vn -1.7227585297530399 -2.5134775041439408 -0.1623342257429011
v -0.1475734285714285 -0.2687802142857142 0.0541661785714286
vn 4.6480401479910674 4.2249307028435608 0.1165831522993266
v 0.2405215000000001 0.1820492499999999 0.0897295000000000
vn 4.6592300898419063 4.2139978192863081 -0.0582869451229548
v 0.2419246666666668 0.1806463333333334 0.0649476666666667
vn 4.3497415435283378 4.5319922066359091 0.1026973753470743
v 0.1994372000000000 0.2243277999999999 0.0873758000000000
vn -4.4911722542875117 -4.3905031887819170 -0.1491627677127612
v -0.2188347500000000 -0.2049302499999999 0.0541787500000000
vn 4.5336186274842758 4.3480272336019450 0.1006152404881993
v 0.2240225714285713 0.1997425714285714 0.0878432857142857
vn -4.1197087662206568 -4.7417671860840862 -0.1256114243424593
v -0.1653425151515152 -0.2552651515151516 0.0558808484848485
vn -4.3927998416054796 -4.4803369763183998 0.3151730293079058
v -0.2052853333333333 -0.2172856666666667 0.1174446666666666
vn -4.2227200637329796 -4.6376044209419476 0.3645673643770200
v -0.1816530000000000 -0.2389544000000000 0.1262938000000000
vn -3.8504510858763794 -4.9517392218150693 -0.1223335364690566
v -0.1567884074074075 -0.2625465925925927 0.0554420370370370
vn -4.6285528482022880 -4.2444548199471956 -0.1738015330339676
v -0.2375299999999999 -0.1850410000000000 0.0498340000000000
vn 5.2864729167615634 1.5891076573572174 -1.5137949137577893
v 0.2616120000000000 0.1561490000000000 0.0268085000000000
vn 4.3697898912405115 4.5120439173295459 0.1292382444560838
v 0.2026934285714286 0.2210715714285716 0.0918190000000000
vn 4.6630264882563779 4.2100801710402838 -0.0066488177615062
v 0.2425487500000001 0.1800222500000001 0.0727405000000000
vn -4.5166161961087088 -4.3651576171492508 -0.1246383259954072
v -0.2219755000000001 -0.2017895000000001 0.0571506666666667
vn -4.6116949549741957 -4.2615576349057678 -0.2038614342588849
v -0.2353112105263158 -0.1872597894736841 0.0456257894736842
vn -3.4791842174704013 -4.8157215683895549 -0.0331765800073170
v -0.1491842682926830 -0.2676186585365853 0.0468248048780488
vn 4.3358804861883655 4.5459304434119918 0.0694466492454601
v 0.1976627500000000 0.2261025000000000 0.0832230000000000
vn 4.5092549295701714 4.3725241148644995 0.1326679019067324
v 0.2207266000000000 0.2030386000000000 0.0922278000000000
vn 4.3093753615990931 4.5637195069996235 -0.2672158612563242
v 0.1936030000000002 0.2289680000000000 0.0375564000000000
vn -4.1069830341495113 -4.7458476231100493 -0.2522897214243674
v -0.1675976818181819 -0.2530100909090909 0.0471298636363636
vn -3.9560488341987856 -4.8724139456897744 -0.1924673977736388
v -0.1584955217391305 -0.2608394782608695 0.0475112173913044
vn -4.4253378990115708 -4.4478654114553020 0.3201312460574099
v -0.2098610000000000 -0.2127096666666666 0.1182256666666667
vn 4.4422843632655455 4.4420141915855709 -0.0000529175967467
v 0.2120819999999996 0.2120819999999996 0.0739999999999999
vn -4.3611663279421089 -4.5119753928953976 0.3027486161918986
v -0.2008673333333333 -0.2217036666666666 0.1157440000000000
vn -4.6430125166781853 -4.2300810635046391 -0.1363367186290657
v -0.2396815185185186 -0.1828894814814815 0.0554475555555555
vn 4.5678865144147283 4.3053518209477017 0.2614794890768080
v 0.2296250000000001 0.1929460000000000 0.1099005000000000
vn -4.4472554367185264 -4.4145134328382012 -0.4554722465075696
v -0.2124320000000000 -0.2081750000000000 0.0078960000000000
vn -4.3134531709090798 -4.5597876891771634 0.2696769085170864
v -0.1940750000000000 -0.2284960000000000 0.1110170000000000
vn -4.5766653446388679 -4.2965478882715544 -0.2525044238589485
v -0.2309333333333334 -0.1916376666666667 0.0395390000000000
vn 4.7740002831577382 4.0800354205888523 0.1451593538897385
v 0.2556610588235295 0.1649462941176471 0.0900514705882353
vn 2.6615031520723909 1.4876181239950093 -0.1886804674043173
v 0.2622863076923077 0.1539504615384616 0.0307503846153846
vn 2.2904155578937049 -2.0238074894526452 0.3397799671577095
v 0.2416746666666667 -0.1750146666666667 0.1483130000000000
vn 2.0475686840610416 -2.2498211597418942 0.4223796246812190
v 0.2033346000000000 -0.2134736000000000 0.1617050000000000
vn 0.9121431711732912 0.7836590891751156 2.5868993161742244
v 0.2334220000000000 -0.1809110000000000 0.1537860000000000
vn 1.0640447387046907 -6.1915535156553005 -0.0418853864758988
v 0.0649940588235294 -0.2935334313725490 0.0726764117647058
vn 1.1286233322644015 -6.1777285745098753 -0.1806774904986457
v 0.0733954199999999 -0.2918645400000000 0.0629544999999999
vn 1.1793549145699058 -6.1703486454933660 0.1091439096587079
v 0.0786682727272727 -0.2909114545454546 0.0885586363636363
vn 1.2127382604163151 -6.1623084173063241 -0.1655134398763776
v 0.0830627750000001 -0.2900656500000002 0.0649698000000000
vn 0.3760821619498351 -6.2397172682810744 -0.5667305005675722
v 0.0291940813953488 -0.2962345465116278 0.0379444186046511
vn 0.6235465578255334 -6.2053354361784336 -0.7511458263395765
v 0.0370611304347826 -0.2946503478260869 0.0299665652173913
vn 0.6882545158150349 -6.2325425759479494 -0.3597958806003291
v 0.0449376125000001 -0.2957279071428575 0.0525465482142857
vn 1.7705249550499584 -2.5154769852124428 0.5044971922683748
v 0.1747555000000000 -0.2424501250000001 0.1477902500000000
vn -0.0145808856642578 -6.1668290749542125 -1.1979660094850304
v 0.0000000000000000 -0.2923510000000000 0.0040000000000000
vn 0.9267705903272599 -6.1969499557537597 -0.4399906200816877
v 0.0585674020618557 -0.2937136185567009 0.0488388453608248
vn 0.4296157388128289 -3.0811949339992051 0.1744162069215054
v 0.1161980410958903 -0.2838764748858447 0.0964456484018264
vn 1.1820284297254278 -6.1705446185014985 -0.0508968532395191
v 0.0905562941176471 -0.2887244509803926 0.0727331764705884
vn 0.0000000000000000 0.0000000000000000 -3.0669975329480397
v 0.0155030000000000 -0.2887210000000001 0.0000000000000000
vn 0.0504540579019523 -3.0838260666643325 -3.7387838029351697
v 0.0058315000000000 -0.2914935000000000 0.0000000000000000
vn 4.7440379006982303 -4.1045789713865499 0.3105326638929724
v 0.2488860000000000 -0.1717220000000000 0.1114400000000000
vn 0.3872876475269603 -6.1846745329134745 -1.0311709267240712
v 0.0234250000000000 -0.2934310000000000 0.0139460000000000
vn 0.3303174419471076 -2.2852636223446452 0.1129689666403120
v 0.1279536000000000 -0.2822551600000001 0.0984104400000000
vn 4.2997555613496186 -4.5332530774480908 0.6232150227218020
v 0.2095633947368421 -0.2097714736842106 0.1510577631578948
vn 1.6181277729871431 1.3728195843727435 0.9798034675055620
v 0.2638900000000000 -0.1504440000000000 0.1101650000000000
vn -0.1593151182455732 0.0283309486282467 2.2274445886976837
v -0.2101220000000000 0.2042100000000000 0.1619020000000000
vn 0.2235578578051274 -6.2248595261987072 -0.7997073201598972
v 0.0134826800000000 -0.2953058800000001 0.0229244800000000
vn 1.1831332589507972 -6.1702067340473361 -0.0534038257664747
v 0.0790112142857144 -0.2909576428571428 0.0712714285714286
vn 4.6410036863303246 -4.2058243542779836 0.4662741604948635
v 0.2340676666666666 -0.1865400000000000 0.1309433333333333
vn 0.9556204045748503 -6.1605770212962181 -0.7696097545946773
v 0.0574223043478261 -0.2919744347826087 0.0292821739130435
vn 1.1810870908981028 -6.1696741047255044 0.1324354714507882
v 0.0906853137254901 -0.2885614313725489 0.0892958823529411
vn -0.0123176865056034 -3.4381525795356840 2.0205668926046485
v 0.1645830000000000 -0.2532860000000001 0.1357230000000000
vn 4.7870476754114346 -4.0615999044047948 0.1938890399834675
v 0.2541318823529412 -0.1664761176470588 0.0970085294117647
vn 0.5876876164501594 -6.2432899927928887 -0.3918328471795908
v 0.0400282967386310 -0.2960239200734948 0.0502847018833255
vn 0.5573982045038826 -3.0421848628555708 0.1067781289524110
v 0.0995647323232323 -0.2866467272727275 0.0966173080808080
vn 1.8783585814806312 -2.1821504164912184 0.7025210577984691
v 0.1689267500000000 -0.2471742500000000 0.1423880000000000
vn 0.0000000000000000 0.0000000000000000 -3.1832211120330092
v 0.0000000000000000 -0.2890440000000000 0.0000000000000000
vn 1.4970610177556161 1.2698925636761214 1.1735920248777219
v 0.2601320000000000 -0.1542010000000000 0.1201860000000000
vn 1.1957442842928299 -6.1680074667463467 0.0558690827365890
v 0.0833109999999999 -0.2901069166666667 0.0814870000000000
vn 0.7918415291616758 -6.2043240786582388 -0.5730054094934967
v 0.0484043000000000 -0.2943611000000000 0.0392569000000000
vn 0.2552365715823089 -6.1691156401616336 -1.1587537988119205
v 0.0153360000000000 -0.2926070000000000 0.0069610000000000
vn 0.5192923070491546 -6.2518180730940198 -0.3378600669335066
v 0.0314866419624217 -0.2969911315240074 0.0526623303757829
vn 1.0688954125552368 -6.1902345546025419 0.1115049719984816
v 0.0647728809523809 -0.2934403809523807 0.0894600238095238
vn -0.0401465245044771 -6.2228765736256531 -0.8438245284268446
v -0.0018108461538462 -0.2953673076923078 0.0217395384615385
vn 1.1417189452191514 -6.1781221068495480 0.0486573147652639
v 0.0736879423076923 -0.2919497884615381 0.0808048653846153
vn 0.2707575616896165 -3.0795377130844694 -3.6894516360637080
v 0.0211172222222222 -0.2909413333333334 0.0000000000000000
vn 0.1203664933616228 -6.1961698362994735 -1.0273125757658950
v 0.0078130000000000 -0.2940830000000000 0.0139510000000000
vn 2.4923374876520823 -1.7951645952605642 0.6193413629497311
v 0.2381966666666667 -0.1784930000000000 0.1512140000000000
vn 3.1344250393190700 -1.1672196292280512 3.0500984203871506
v 0.2334878461538463 -0.1843806153846154 0.1548138461538461
vn 1.1768615198293448 -6.1717076386060645 0.0378214178833564
v 0.0790597692307692 -0.2909424615384613 0.0797598461538461
vn 2.1156748256968370 -2.1976979449218410 0.3805071442261235
v 0.1992626666666666 -0.2174276666666666 0.1610520000000000
vn 0.6335921310826502 -6.2247440732278152 -0.5394224090633190
v 0.0382596888888889 -0.2955369333333335 0.0392553111111111
vn 0.3788061212196394 -3.6854008176260304 0.3380702750906868
v 0.1244540947867298 -0.2828689004739333 0.0962274407582939
vn 0.7075285611730107 -6.2280645254839859 -0.4209257224076063
v 0.0451146921241050 -0.2955289976133653 0.0499582959427208
vn 1.0620844799871949 -6.1893883295728251 -0.1728423407166058
v 0.0649512941176470 -0.2933906470588239 0.0634085098039215
vn 0.1284074841539401 -6.1730682184693659 -1.1589509849686239
v 0.0077830000000000 -0.2928400000000000 0.0069620000000000
vn 0.9067288151051897 -6.2075602420601106 -0.3116987072526088
v 0.0581059090909091 -0.2942127045454542 0.0558996969696969
vn 0.0832679490507521 0.0780611162696469 2.4711431486908650
v 0.2101220000000000 -0.2042100000000000 0.1619020000000000
vn 1.1978174135502222 -6.1645725102976918 -0.1885884638800899
v 0.0906616346153844 -0.2885588461538461 0.0644199807692308
vn 2.7712961098281750 -1.5288603612651492 0.4154472368062215
v 0.2603197500000000 -0.1568858750000000 0.1228516875000000
vn 1.2006686328910274 -6.1670659921676760 -0.0313538393099342
v 0.0833818888888888 -0.2901213055555557 0.0732448888888890
vn 0.3523105828567692 -6.2185205139466593 -0.8034808742432078
v 0.0214307200000000 -0.2949356800000000 0.0229206800000000
vn 0.2564982480941509 -6.1915363857401431 -1.0308995127082214
v 0.0153960000000000 -0.2938480000000001 0.0139480000000000
vn 1.1362298927380379 -6.1788387945199865 -0.0467683532442395
v 0.0735553461538461 -0.2919943461538463 0.0718391923076924
vn 0.3708050795919459 -6.2243624843239669 -0.7372858308892631
v 0.0290437692307692 -0.2955416461538461 0.0314855538461538
vn -1.8213531414437443 2.4081305336334839 1.1442784379666908
v -0.2079615882352941 0.2090746470588236 0.1619946470588235
vn -0.0310865715758920 -3.0850143920310540 -3.7337322267761883
v -0.0021544444444444 -0.2915328888888889 0.0000000000000000
vn 4.1562397238501916 -4.6271968797529510 0.7454594543214649
v 0.2092714074074074 -0.2093543703703704 0.1565364814814815
vn 0.0978103895710367 -6.2501290535159981 -0.6176365529503177
v 0.0051577566742944 -0.2968770022883302 0.0355500465293667
vn -2.5952891288935516 1.7231862894727106 0.6290258059258588
v -0.2557464375000000 0.1614595625000000 0.1313553750000000
vn 0.3626276629000768 -3.0906224923743491 -3.4539350138449687
v 0.0561012727272727 -0.2872734545454546 0.0000000000000000
vn 0.3320077986869556 -6.2621057395515409 -0.3653203686850827
v 0.1248376874999999 -0.2835764531250002 0.0643502343749999
vn 1.1190632055538510 -6.1805507592661426 0.1577701194036525
v 0.0988842545454546 -0.2870023272727272 0.0897441818181818
vn 0.9412701611892196 -6.2113783528543394 0.0682009528879519
v 0.1079768305084746 -0.2856272711864403 0.0809889491525425
vn 0.6562721367948970 -6.2464968988463241 -0.1051424458331788
v 0.1163046874999999 -0.2845200000000002 0.0724638749999999
vn 4.7775700162746615 -4.0758948909776329 0.1419600124572706
v 0.2558395000000000 -0.1647685000000000 0.0891370000000000
vn 2.4177263908862088 -1.8108013187674672 0.9083037062165845
v 0.2153606000000000 -0.2014476000000000 0.1614490000000000
vn 0.3673811625500825 -6.2615723263687988 -0.3558593503364085
v 0.0221422897664072 -0.2976709927697430 0.0531605761957730
vn 0.2466858493326889 -6.2588036203811379 -0.4825572437645411
v 0.0140146827924065 -0.2978775744029399 0.0503341108389465
vn 0.9372474723446180 -6.1467123850282714 -0.8934213032781986
v 0.0565814166666667 -0.2911355000000000 0.0221379166666667
vn 0.7965811967330788 -6.1438456757405344 -1.0389892464446022
v 0.0467450000000000 -0.2912290000000000 0.0139420000000000
vn -4.2614515023637445 4.5824889590681064 0.5288378827847184
v -0.1918751176470588 0.2287328823529413 0.1347611764705882
vn 1.3282167349927714 -2.7257733269614288 0.4050262093686797
v 0.1616447500000000 -0.2544557500000000 0.1325730000000000
vn 0.5609376496189794 -6.1256675063622721 -1.2566462811979464
v 0.0388370000000000 -0.2908940000000000 0.0069600000000000
vn 0.5994832527511933 -3.1073045628368745 0.0889662087055340
v 0.0907256894977170 -0.2883551826484017 0.0963593789954339
vn 0.8652928516975696 -6.0502072563412090 -1.4006641073598378
v 0.0465610000000000 -0.2900010000000000 0.0069590000000000
vn 0.5690772826334694 -3.2972101260939781 0.0765853821137603
v 0.0648344195121951 -0.2932716048780490 0.0964182439024389
vn -0.0702307896674017 -6.2367745805804145 -0.7557675680073584
v -0.0032449872902898 -0.2966026446365029 0.0332405907473308
vn 2.4089195104763452 -1.4804563626241114 3.2228172557724153
v 0.2256355384615384 -0.1922324615384616 0.1587252307692307
vn 0.0000000000000000 0.0000000000000000 -2.2886581797281780
v 0.1068880000000000 0.2737900000000000 0.0000000000000000
vn 3.1376395380171997 0.1418381550966880 0.0863728745493603
v 0.2984610000000000 0.0165838000000000 0.0987000000000000
vn 0.5778315257997138 2.6459399936602361 -1.5584670132744511
v 0.0989117941176471 0.2771966176470588 0.0000000000000000
vn 6.2601953593506181 -0.5269585471643026 0.0430837387853555
v 0.2978165000000000 -0.0316745000000000 0.0810415000000000
vn 1.2274417689205555 6.1358484722858790 -0.5559003611044340
v 0.0818210000000000 0.2889610000000000 0.0421910000000000
vn 0.1215306180662299 3.1384379410678762 0.0882582823165327
v 0.0144216250000000 0.2985408750000000 0.0987000000000000
vn 6.2689087055306398 -0.2835179416639233 -0.2584058785689135
v 0.2985751666666667 -0.0179980833333333 0.0629905833333333
vn 6.0845900387988063 1.3276199488909370 -0.8283040249909259
v 0.2852885000000001 0.0925893333333333 0.0299690833333333
vn 6.0269172905699335 0.8774493208716097 -1.4871743152406771
v 0.2891275714285713 0.0512880476190476 0.0057980000000000
vn 2.9228034673315193 0.4029637773635677 -1.2323468962156336
v 0.2857908947368420 0.0604513157894737 0.0000000000000000
vn 6.2823222473332887 0.0005483257879484 -0.0397852006656148
v 0.2991579999999999 0.0000173859649123 0.0730023859649122
vn 0.9540972097550100 6.2091793469513750 -0.0420785327370187
v 0.0584184074074074 0.2946165370370373 0.0730736543209876
vn 0.5093966694651214 6.2615403503616758 0.0386926365993192
v 0.0303580555555556 0.2979256111111112 0.0802536111111111
vn 1.3530648133389367 6.0548132461713227 -0.9815453245354095
v 0.0996180000000000 0.2827289999999998 0.0232240000000000
vn 6.1836454612007481 1.0655688217826236 -0.3165479723553805
v 0.2912230869212019 0.0739860917952884 0.0540395475223397
vn 6.1527183957601821 1.1907661288747162 -0.4367969015564090
v 0.2902178402948406 0.0781589680589681 0.0486254545454546
vn 0.7104291219413024 6.2356073571084254 -0.2126094134260521
v 0.0463449245283018 0.2961646509433962 0.0636803962264151
vn 0.6575875349999238 6.2465422301469022 0.1219666721682333
v 0.0395380000000000 0.2969360000000000 0.0916800000000000
vn 6.1738686755693992 0.5174398929511602 -1.0397098330935073
v 0.2928600000000001 0.0312160000000000 0.0139440000000000
vn 5.5171253571872834 0.9371559097653255 -0.3435851402278470
v 0.2922040634301897 0.0668984691708013 0.0490090602409635
vn 6.1775840973561538 0.6662012002098923 -0.9247706345249417
v 0.2932240000000000 0.0391250000000000 0.0209500000000000
vn 6.1266514839830837 1.2463382965725771 -0.6169916143005640
v 0.2883304444444445 0.0838260277777778 0.0399680555555556
vn 1.4584277535836256 5.7091523358306615 -2.0361452609630604
v 0.1074324166666666 0.2767334583333332 0.0025453750000000
vn 1.0547341790957769 6.1771488946719426 -0.4444846578728353
v 0.0650200988372093 0.2926823081395348 0.0491929825581395
vn 1.1406757357809039 6.1702656110925673 -0.3135612110967265
v 0.0736296666666666 0.2915256969696969 0.0556630606060606
vn 1.1995457751152840 6.1494787759307625 -0.4661154748649898
v 0.0764683090909091 0.2905156727272728 0.0481990545454545
vn 6.2688149023138715 -0.3932225134997709 0.1243113541371754
v 0.2982650000000000 -0.0237510000000000 0.0916600000000000
vn 1.5162265661052747 5.9621547411167679 -1.2699783124357331
v 0.1136080000000000 0.2769720000000000 0.0107110000000000
vn 1.1287133299832228 6.1777287844117481 -0.1802907666252609
v 0.0733953599999999 0.2918645400000000 0.0629544599999999
vn 0.5573879001335721 3.0421838221222472 0.1068069616274137
v 0.0995661464646465 0.2866464040404038 0.0966173080808080
vn 6.1680000439492098 1.1926664944499801 0.0915266555564607
v 0.2906330000000001 0.0802575000000000 0.0870810000000000
vn 0.0504787695769495 3.0838066046869663 -3.7388811366539052
v 0.0058165000000000 0.2914935000000000 0.0000000000000000
vn 4.2162051898410526 4.6288100375291510 0.4907951607999962
v 0.1855590000000000 0.2350485000000000 0.1301395000000000
vn 0.2259843662493204 6.2254196031444380 -0.7929221081305197
v 0.0134826800000000 0.2953058800000001 0.0229244800000000
vn 0.3874266435367338 6.1846944052820580 -1.0309772428655941
v 0.0234250000000000 0.2934310000000000 0.0139460000000000
vn 1.1957515787780755 6.1680060610480103 0.0558768002329756
v 0.0833108888888889 0.2901069166666667 0.0814870000000000
vn 6.2520171018486614 -0.4037809450202719 -0.4286665592589886
v 0.2979945944700459 -0.0197383917050692 0.0539214193548387
vn 3.1210336642234804 0.3519857181336147 0.0880743662280311
v 0.2965084000000000 0.0417464000000000 0.0987000000000000
vn 1.0641809322209035 6.1915309351043382 -0.0420865920336438
v 0.0649939803921569 0.2935334313725489 0.0726763529411764
vn 6.2626738785772442 -0.1289339915857638 -0.4834542022819246
v 0.2977307435897436 -0.0074297025641026 0.0450234051282052
vn 6.2363377089344940 -0.5486338582748422 -0.5194473663077339
v 0.2962239027027028 -0.0312986162162162 0.0408197405405406
vn 6.1719652426082616 1.1690804064909681 0.1324190956692594
v 0.2881366909090904 0.0928986000000000 0.0892069818181817
vn -0.0145203724474128 6.1668263690193781 -1.1979790255234928
v 0.0000000000000000 0.2923510000000000 0.0040000000000000
vn 0.6176392950820699 6.2055718693996127 -0.7541355483705030
v 0.0369891250000000 0.2946472916666666 0.0298837083333333
vn 6.1687388503382765 1.1916332968290908 0.0609750765321414
v 0.2898233255813953 0.0847647906976744 0.0816334651162791
vn 6.1876566073788997 1.0860985363235411 -0.0427574361895798
v 0.2931277843137255 0.0673279411764706 0.0724568823529411
vn 1.1793727925219994 6.1703450280158680 0.1091581128445629
v 0.0786681818181818 0.2909114545454546 0.0885586363636363
vn 3.0841960114960578 0.0762960177383517 -3.7338635029371203
v 0.2914125000000000 0.0097140000000000 0.0000000000000000
vn 6.1733963210613148 1.1416014202127067 -0.2219953301958333
v 0.2914635631768954 0.0755438664259927 0.0630618122743682
vn 0.9573416674619665 6.1923591553279493 -0.4492938771784879
v 0.0586626704545455 0.2937198750000001 0.0491315227272727
vn 1.8262260991767085 2.5213090926861921 0.7580403436636718
v 0.1738160625000000 0.2433889375000000 0.1469103750000000
vn 6.1628622414526308 -0.0000504069998078 -1.2174402868513343
v 0.2923510000000000 0.0000000000000000 0.0040000000000000
vn 6.2092385756398993 0.2569795637517500 -0.9191270566191572
v 0.2949530000000000 0.0154490000000000 0.0209570000000000
vn 0.7383099092147087 6.2305563289064700 -0.2846418879493002
v 0.0475701097560976 0.2957187560975609 0.0563038170731707
vn 0.0000000000000000 0.0000000000000000 -3.1832211120330096
v 0.0000000000000000 0.2890440000000000 0.0000000000000000
vn 6.2251345186224745 -0.3850295269337856 -0.7413176922281376
v 0.2955020000000000 -0.0235770000000000 0.0279810000000000
vn 1.1810789448370391 6.1696750098154798 0.1324601857591746
v 0.0906852745098039 0.2885614313725488 0.0892958235294117
vn 6.1833674746312033 0.3869452126527302 -1.0399507212326153
v 0.2934310000000000 0.0234250000000000 0.0139460000000000
vn 0.3509120448007560 3.6690367372997028 2.3997504384880681
v 0.1632800000000000 0.2545890000000000 0.1337820000000000
vn 0.4334403605888406 6.2420564173573307 -0.5535219382237995
v 0.0286529014084507 0.2961272535211266 0.0370429154929577
vn 0.3168676236095425 2.2843243726927436 0.1343111675658263
v 0.1279534400000000 0.2822551600000000 0.0984104400000000
vn 0.0000000000000000 0.0000000000000000 -3.1832211120330092
v 0.2890440000000000 0.0000000000000000 0.0000000000000000
vn 4.2161922839883710 4.6206523961513160 -0.5420300131656360
v 0.1876880000000000 0.2329190000000000 0.0160700000000000
vn 5.5131445346761661 2.2692485240015849 -1.6220984363558215
v 0.2679764375000000 0.1445281875000000 0.0068396875000000
vn 4.2133069821437585 4.6449247502629243 -0.3760529643389633
v 0.1802200000000000 0.2403880000000000 0.0233170000000000
vn 1.7597488515437880 5.6144221200142281 -2.1837891366897448
v 0.1429026888888889 0.2672900888888888 0.0039767555555556
vn 4.9403364463551300 3.7015626829761139 -0.8917527720037643
v 0.2667406666666667 0.1485910000000000 0.0132113333333333
vn 6.1876945147820592 0.9820144138962508 -0.4677721898108061
v 0.2846108112582781 0.1096062086092714 0.0553049205298013
vn 3.6170792021128686 5.0748560458557463 -0.5882984168910159
v 0.1477546857142857 0.2674444857142858 0.0133976857142857
vn 6.2020411897037953 0.4236686455732072 -0.9032031802230726
v 0.2817063588621444 0.1278643566739605 0.0479791039387309
vn 1.4954335363869906 5.0690541209470492 -1.5094868560749175
v 0.1558929230769230 0.2618603076923077 0.0273466923076923
vn 0.7251536578978915 2.6850031633722757 -1.6357755677704835
v 0.1310345517241379 0.2686678965517241 0.0000000000000000
vn 6.1425137166444683 1.2060194720301831 -0.5371023864532458
v 0.2859757290209788 0.0990525664335664 0.0483106363636363
vn -1.9784045882112338 1.5810227229263714 -1.1014365537173714
v 0.1502890000000000 0.2640440000000000 0.0383040000000000
vn 2.0505231509273303 2.3043786065648701 -0.8588437879952897
v 0.1745000000000000 0.2421047500000000 0.0000000000000000
vn 2.6595887534050844 0.6002385214419819 -1.7905660517346496
v 0.2675363707865167 0.1325681348314608 0.0000000000000000
vn -1.3102672759903919 1.0858138968843964 -2.1869384716966800
v 0.1686010000000000 0.2457325000000000 0.0050085000000000
vn 1.8099150793016339 2.5607244404101612 -0.3952344799983319
v 0.1643434000000000 0.2528176000000000 0.0121714000000000
vn -4.4213814613909195 -4.4408031201220828 -0.4525791108434034
v -0.2090610000000000 -0.2115465000000000 0.0078740000000000
vn -4.5573858924360646 -4.3242775361808361 -0.0084002124862285
v -0.2273980000000000 -0.1963671250000001 0.0722390000000000
vn -4.5359185949208296 -4.3458406389367390 -0.0949507086915261
v -0.2247714000000000 -0.1989936000000000 0.0614926000000000
vn -4.3306779399855353 -4.5306196922097293 -0.4374301252173883
v -0.1962250000000000 -0.2243820000000000 0.0108940000000000
vn -2.7916988273069623 -1.5666091824071025 0.8575021607136456
v -0.2493723571428572 -0.1677392857142857 0.1403610714285714
vn 4.3262096028877606 4.5554900523173476 0.0321372176180475
v 0.1966535000000000 0.2271114999999999 0.0790622500000000
vn -4.5821190110705174 -3.3665500486791879 -1.7910739996742813
v -0.1810380000000000 -0.2382960000000000 0.0083940000000000
vn -3.8554149722137083 -4.9503965496550197 -0.0445064577412543
v -0.1551777391304348 -0.2641570000000000 0.0731618260869565
vn -4.1081809404885927 -4.7534505111532299 0.0251592089272890
v -0.1635790000000000 -0.2570290000000000 0.0775150000000000
vn 4.3277392311327496 4.5450825627382088 -0.2860224059334411
v 0.1975220000000000 0.2250480000000000 0.0342020000000000
vn -4.4542998271492014 -4.4189127884343700 0.3193961616823068
v -0.2137790000000000 -0.2087915000000001 0.1181460000000000
vn -4.6631126698663152 -4.2099898853196187 -0.0069149272456419
v -0.2425487500000001 -0.1800222500000001 0.0727405000000000
vn -4.6534389193321788 -4.2195448923830368 -0.1005042130474098
v -0.2411600000000000 -0.1814110000000000 0.0606700000000000
vn 4.5930674840378387 4.2581536428281197 -0.4722536621954502
v 0.2270673333333334 0.1935401428571428 0.0123273333333333
vn 4.4964854697368573 4.3766767883867992 -0.3098377367884715
v 0.2195260000000000 0.2030450000000001 0.0313252500000000
vn 4.3734624031470410 4.4997388291948557 -0.3088467293812976
v 0.2026207500000000 0.2199502500000000 0.0314977500000000
vn -4.6829064436510635 -4.1785449736095712 0.2894475741336621
v -0.2467215882352942 -0.1738864117647059 0.1155275294117647
vn 4.8130600288628882 4.0348006644698859 0.0272135152121892
v 0.2568563333333334 0.1637513333333333 0.0801393333333333
vn -2.5863935425337070 -1.4096900667049623 0.9405458547986718
v -0.2524165384615384 -0.1630056923076923 0.1351989230769231
vn 4.5829835023019792 4.2901618827864416 -0.2452566940653727
v 0.2321070000000000 0.1904640000000000 0.0409000000000000
vn -3.9599298186480030 -4.9077793558910088 0.0563693758547038
v -0.1461376129032258 -0.2706637096774193 0.0721763870967742
vn -0.8585615822711377 -6.2070766887575477 -0.4308112243667143
v -0.0550729464285715 -0.2942329285714284 0.0487315714285714
vn -0.6845326569873551 -6.2377094806047042 -0.3146634477587402
v -0.0435566400000001 -0.2958379831111106 0.0536275102222224
vn -1.2052576489168172 -6.1638550485657255 -0.1617042368379108
v -0.0818116399999999 -0.2903111600000000 0.0649857200000000
vn -2.7465359367926290 -1.5869470697902917 0.4066680813590879
v -0.2638402631578947 -0.1536556315789473 0.1148447894736842
vn -1.0042087200747223 -6.1718080617127020 -0.6019921913949610
v -0.0607631538461538 -0.2926066153846154 0.0398091538461538
vn -0.4498277318778168 -3.0843486035778680 0.1510220085439067
v -0.1135656311111111 -0.2842577022222219 0.0964736666666667
vn -1.0368650628375813 -6.1939516777741872 0.1852158529153863
v -0.1053017627118644 -0.2858839491525428 0.0893926779661017
vn -1.1268628582729876 -6.1809989608981226 0.0465774617695515
v -0.0967592711864406 -0.2875382372881359 0.0807563389830508
vn -4.4482391742480596 -4.4132166958432766 0.4575335439955859
v -0.2127886470588236 -0.2078190588235294 0.1400627647058824
vn -0.3671201228021991 -6.1851889647526797 -1.0331990573988359
v -0.0234250000000000 -0.2934310000000000 0.0139460000000000
vn -0.1877177168897003 -6.2243738857509907 -0.8094974008688073
v -0.0116548918918919 -0.2953629459459460 0.0229521081081081
vn -4.6721399524125111 -4.1442640209965615 0.5522755220999529
v -0.2569430000000000 -0.1623920000000000 0.1123740000000000
vn -1.1927688005763517 -6.1685321280746477 -0.0425956644612740
v -0.0880992352941177 -0.2892022156862751 0.0730497450980393
vn 0.0000000000000000 0.0000000000000000 -3.0702552082998249
v -0.0155290000000000 -0.2887210000000001 0.0000000000000000
vn -1.1704462860307574 -6.1719757842808498 0.1124316313056811
v -0.0775002000000000 -0.2911279999999999 0.0889186800000000
vn -4.1016544598267792 -4.7083958124981091 0.6425470132599816
v -0.1786230000000000 -0.2407120000000000 0.1373710000000000
vn -0.4009364479966450 -6.0967818629028461 -1.4093071819168499
v -0.0310940000000000 -0.2916240000000000 0.0069600000000000
vn -4.7028939531650717 -4.1573718606959469 0.2656096209243578
v -0.2481090000000000 -0.1724980000000000 0.1129910000000000
vn -0.4529259387623632 0.3433697223258296 -0.3106857984241566
v -0.2382960000000000 -0.1810380000000000 0.1396060000000000
vn -1.1302856780932531 -5.6873645451228860 -2.1487006656325134
v -0.0623767333333334 -0.2868016444444444 0.0026714444444444
vn -0.9025210065793788 -6.1277197346569565 -1.0493293602985256
v -0.0544750000000000 -0.2901690000000001 0.0139430000000000
vn -4.6404565329153318 -4.1804266523251528 0.6479006899267048
v -0.2336036428571428 -0.1857313571428572 0.1432146428571429
vn 1.8476849734538101 2.3302857931638168 0.5761281436270230
v 0.1864282500000000 0.2296727500000000 0.1564837500000000
vn -0.4943611234454685 -6.2447219858807177 -0.4556174137808464
v -0.0292370868609128 -0.2970606432105551 0.0502560082462893
vn -0.5392193242261628 -3.0949631472772685 0.1193730020960391
v -0.1050913592233010 -0.2856473543689321 0.0964772427184465
vn -0.2937643831862327 -6.2416292231971013 -0.6378176100939458
v -0.0200877083333333 -0.2963449241071431 0.0351767299107143
vn -4.4792561661041077 -4.3823315746798048 0.4524701550735346
v -0.2175749629629629 -0.2030328148148147 0.1393287037037037
vn -4.9304746503993284 -3.8742602216082451 -0.1556981697766405
v -0.2641517826086957 -0.1551829565217392 0.0728550434782609
vn -4.7546103170307301 -4.1068070461952004 -0.0114248301735360
v -0.2570455000000000 -0.1635625000000000 0.0721892500000000
vn -0.6158699196745278 -6.2435469145699010 -0.3311450995564121
v -0.0368359895833334 -0.2965611743659419 0.0537353201992749
vn -3.1244061163094567 -5.3497872849119172 -0.1686218074168843
v -0.1334214516129032 -0.2815702258064516 0.0632144516129032
vn -4.7473661051482132 -4.1142595362045915 -0.0936732122869150
v -0.2561060000000000 -0.1645020000000000 0.0604680000000000
vn -4.0785770039329741 -4.7719550620411333 -0.0476718623922063
v -0.1385303333333333 -0.2776153333333333 0.0724146666666667
vn -2.3813258446724967 -4.7885910593414058 1.8857374425183875
v -0.2286390000000000 -0.1906960000000000 0.1462740000000000
vn -1.6098283003212348 -2.6218184421874038 0.5365325821526328
v -0.1654645000000000 -0.2510795000000000 0.1378565000000000
vn -0.1856141906907245 -6.2446769779115154 -0.6672714564592659
v -0.0115920964401294 -0.2964219359223295 0.0330768453074433
vn -2.6405132903710831 -1.6285854142926008 0.1034112745246788
v -0.2701587352941177 -0.1465668235294118 0.0640713823529412
vn -4.5337498083556547 -4.3212196774862868 0.4814152398905797
v -0.2243820000000001 -0.1962250000000001 0.1371060000000000
vn -0.5705071235508345 -3.0045557770623033 0.0723256823386420
v -0.0768802976190476 -0.2910593214285714 0.0966615357142857
vn -3.8638052402443916 0.1315508814634789 -0.8177670215650847
v -0.2711473076923077 -0.1467210769230769 0.0729379230769231
vn -0.8281188113525891 -6.2218854259568319 0.2684232077620077
v -0.1139252295081967 -0.2845691311475412 0.0895188688524589
vn -0.4788653149706937 -6.2619342455790807 0.1394283529128108
v -0.1220758000000000 -0.2839856923076922 0.0808891076923077
vn -1.5564620389351180 -5.9138094319885353 -0.0598081420896094
v -0.1287538629032260 -0.2837619072580647 0.0726836250000001
vn -0.6005249949709344 -2.8220150436513034 -2.0754250756424093
v -0.0718620000000000 -0.2837360000000000 0.0000000000000000
vn -0.3527175146619950 0.4951676597810744 2.8223631559492035
v 0.1942325000000000 0.2201005000000000 0.1600305000000000
vn 2.6802262023701471 -2.5968976658319138 5.0169780209019512
v -0.1693130000000000 -0.2467890000000000 0.1428570000000000
vn 0.8056521389379344 0.6087450582525673 2.8634585126996024
v 0.2278435000000000 -0.1864895000000000 0.1569545000000000
vn -0.0333445887263530 -6.2713680291515370 -0.3652087276493187
v -0.0030957966313163 -0.2983859756706176 0.0538210673736743
vn 4.5670980398416239 -4.2916848884519476 0.4378216775667356
v 0.2289405454545455 -0.1916664545454546 0.1346763636363636
vn 0.9456053576583491 -6.2104126124013401 -0.0894757771798494
v 0.1074226249999999 -0.2857057857142857 0.0724769464285715
vn 0.1028538624383082 -6.2648832822438862 -0.4506991890778494
v 0.0054828034804754 -0.2981267593378605 0.0504987262308993
vn 0.5154314275576013 -6.2488841150609220 0.3937640089431745
v 0.1245992000000000 -0.2834003538461538 0.0895860923076923
vn 0.6892653704218037 -6.2431329144833594 0.1159558910495648
v 0.1161733559322036 -0.2845364915254238 0.0810291186440678
vn -4.3199492740073584 4.5247764035432940 0.5539552658454796
v -0.1994973636363636 0.2211106363636364 0.1383627272727273
vn -2.0085418628574030 2.2569408149548007 0.8375777943520133
v -0.1894733333333333 0.2272161666666667 0.1578085000000000
vn 4.7969077461342211 -4.0552708514994649 -0.0302707570111199
v 0.2567482727272727 -0.1638592727272727 0.0661423636363636
vn 2.3584777714863052 -1.9636514330109769 3.3170747232770417
v 0.2124150000000000 -0.2054529999999999 0.1618640000000000
vn 1.1307961730993830 -6.1759320350942870 -0.2290100951632697
v 0.0991294705882354 -0.2869137058823527 0.0637207647058824
vn 0.4650170838879278 -6.2048417911067997 -0.8595186336449976
v 0.0291412608695652 -0.2944176956521738 0.0229360434782609
vn 0.2804225708986717 -6.2464392159972730 -0.6141326676552141
v 0.0223841966192171 -0.2959267526690393 0.0328737357651245
vn 0.2534427379501521 -2.9939428673398005 -1.0883722122901298
v 0.0307916190476190 -0.2895437619047619 0.0000000000000000
vn 0.9972584005288345 -6.1287086941447662 -0.9462442438431644
v 0.0596450000000000 -0.2902304999999999 0.0192875000000000
vn 0.2797563522677912 -6.2436106934259987 -0.6247623005834081
v 0.0146110596520299 -0.2965921930405959 0.0354877589063794
vn 0.6470444007371193 -6.1616749842147751 -1.0394668540086087
v 0.0389900000000000 -0.2921260000000001 0.0139430000000000
vn -4.1018353456538250 4.5032677894903417 1.2440467679808001
v -0.2081583235294117 0.2103116470588235 0.1576005882352941
vn 1.9927599719595026 -2.2479178227643368 1.0612089425361484
v 0.2079615882352941 -0.2090744117647060 0.1619946470588235
vn 4.7620279423632681 -4.0966398855032571 -0.0978662385628204
v 0.2562180000000000 -0.1643890000000000 0.0612510000000000
vn 6.2078715653914447 0.9637061549331963 0.0443168586470679
v 0.2944741375661376 0.0591868201058201 0.0810322592592593
vn 0.9456029969489315 6.2104129030496020 -0.0894758215506233
v 0.1074225535714285 0.2857057857142857 0.0724769107142858
vn 6.2640525413676009 0.2547408411486658 -0.4175924198481761
v 0.2978351123348019 0.0180698810572687 0.0527945572687223
vn 6.2555996323724754 0.4132368673296443 -0.4130078644087990
v 0.2971644199288259 0.0243705551601423 0.0472972081850533
vn 0.2272082102201643 6.2703679727610782 -0.3188404143934138
v 0.0136200231997030 0.2981555757238317 0.0541758470675577
vn 0.5512868542816259 2.9690123100499521 0.0757875591668307
v 0.0741804390243902 0.2915624024390244 0.0968824634146340
vn 0.1081327240198315 6.2299738311845836 -0.8000786390161210
v 0.0055923060303128 0.2965096165752972 0.0325183753627862
vn 6.2360107816821406 0.1307259748733696 -0.7370899254055050
v 0.2961590000000000 0.0078640000000000 0.0279900000000000
vn 6.2290149277721580 0.8061726549236116 0.1220555629714486
v 0.2960220000000000 0.0474080000000000 0.0916900000000000
vn 0.7849215702682224 6.1653773131491869 -0.9142962491553674
v 0.0469080000000000 0.2923230000000001 0.0209500000000000
vn 0.6892656806055901 6.2431328633219625 0.1159579409799229
v 0.1161733389830510 0.2845364915254238 0.0810290338983051
vn 6.1946865851482418 -0.1224461308492006 -1.0370772904177175
v 0.2940830000000000 -0.0078130000000000 0.0139510000000000
vn 6.2612947113658599 -0.0218753745895536 -0.4883805149602705
v 0.2975499422382673 -0.0019717148014440 0.0411520974729241
vn 6.2355655235624941 0.6932049814922870 -0.2804566799653869
v 0.2966946363636364 0.0417140000000000 0.0630000909090909
vn 2.9061689360064284 -0.3475336907454807 -1.2378729843805332
v 0.2891384666666666 -0.0322564000000000 0.0000000000000000
vn 3.0688489161146499 -0.3364232804701993 -3.6970244763000957
v 0.2906714444444444 -0.0253866666666667 0.0000000000000000
vn 3.1057735450993107 0.5861102905345070 0.0755630214330241
v 0.2912145459770114 0.0760517298850574 0.0966906321839079
vn 6.2092385756399002 -0.2569795637517560 -0.9191270566191516
v 0.2949530000000000 -0.0154490000000000 0.0209570000000000
vn -0.0603472149859962 6.2823239154774484 0.0197381204005175
v -0.0011892000000000 0.2991650000000000 0.0774732000000000
vn 0.5091374175651266 6.0770352504327541 -1.4559953699936423
v 0.0310940000000000 0.2916240000000000 0.0069600000000000
vn 1.1308858257169430 6.1759237010147485 -0.2288348251090917
v 0.0991293921568629 0.2869137058823526 0.0637207058823530
vn 1.0378683106281574 6.1263228924990001 -0.9190984033197451
v 0.0595500000000000 0.2904140000000000 0.0203630000000000
vn 0.2533445932484561 2.9938445054196579 -1.0887712866928969
v 0.0307842857142857 0.2895431904761905 0.0000000000000000
vn 6.0727833742010553 -0.6246449656247288 -1.4256150404060799
v 0.2916240000000000 -0.0310940000000000 0.0069600000000000
vn 6.2597487797080218 0.5246621054243735 -0.0624931871875657
v 0.2978270000000000 0.0316840000000000 0.0702490000000000
vn 0.5157270310319555 6.2488662952655236 0.3936888021887789
v 0.1245992000000000 0.2834003538461538 0.0895860615384615
vn 0.3631799695972448 6.2568151817500413 -0.4341305444841822
v 0.0221757062883436 0.2975004355828216 0.0498558213190186
vn -0.0604517357259772 6.2493687328343945 -0.6367406217924441
v -0.0024695410691004 0.2968865084745759 0.0352514550195567
vn 0.9719164611618315 6.2011683226762706 -0.2676127901421797
v 0.1078446615384615 0.2854072923076920 0.0639420923076922
vn 1.1040812882377957 6.1847221238268206 -0.0735216647336494
v 0.0994002459016393 0.2870572622950819 0.0722746721311474
vn 0.0472770239092652 6.2825433088464289 0.0345253912554257
v 0.0019820000000000 0.2991630000000000 0.0774740000000000
vn 6.2555244518681672 0.3690861009363341 -0.4317710378587954
v 0.2976751357142859 0.0237440142857143 0.0536617928571430
vn 0.2388692133018609 6.2624239890789291 -0.4325784284302562
v 0.0145399930830040 0.2978752939723334 0.0498174061264822
vn 0.5689485778799130 3.2964787655907482 0.0765501857476088
v 0.0648346341463415 0.2932715951219516 0.0964182439024389
vn 0.7908352036621247 6.2265647212287076 0.2698860638989535
v 0.1160613387096775 0.2842913387096777 0.0894534677419354
vn 0.3941372745764519 6.2662611679428970 0.2033343701071792
v 0.1245840909090909 0.2838208333333330 0.0809988030303030
vn 6.1902150303781625 -0.2561691639615508 -1.0397368866965371
v 0.2938480000000001 -0.0153960000000000 0.0139480000000000
vn 6.2489677239847232 0.5598119021630438 -0.2789795436036335
v 0.2974874545454546 0.0338279090909091 0.0629960909090909
vn -0.0689200359757384 6.2422968296761940 -0.7097802174214507
v -0.0031629509587021 0.2965625733775810 0.0325339192477877
vn 2.9331777201274782 0.5680314030420168 0.0728144821458542
v 0.2904853809523810 0.0798139047619048 0.0968488095238095
vn 6.2577868067798317 0.1568467184245136 -0.5261733673396792
v 0.2973641840490800 0.0086612208588957 0.0406344539877300
vn 6.2635428203059167 0.2781480022343219 -0.4022010808511545
v 0.2974741378116345 0.0186675332409972 0.0471688351800552
vn 6.2427330644575010 0.0113964475655974 -0.6850833119968630
v 0.2965502727272727 0.0000000000000000 0.0305416363636364
vn 0.3796811483302193 3.0662038426242804 -3.6526772345824163
v 0.0409796000000000 0.2892716000000001 0.0000000000000000
vn 0.5610842819106546 6.1254763434141468 -1.2574104157094739
v 0.0388370000000000 0.2908940000000000 0.0069600000000000
vn 0.9679448538632656 6.1135067056586054 -1.0725222678428896
v 0.0577550000000000 0.2894267777777779 0.0126485555555556
vn 0.8940106188561611 6.1503221068687228 -0.9143694041595818
v 0.0546660000000000 0.2912580000000000 0.0209500000000000
vn 6.2471981354993211 0.6581260321040669 -0.0595637813027801
v 0.2970790000000000 0.0395770000000000 0.0702540000000000
vn 0.7900379640554083 6.1441012223339513 -1.0432298146780532
v 0.0467450000000000 0.2912290000000000 0.0139420000000000
vn 6.2131623770114661 -0.1251224528318657 -0.9197703077156252
v 0.2951890000000000 -0.0078400000000000 0.0209610000000000
vn 0.3670653644243080 6.2634082286488502 -0.3067949614290911
v 0.0229362753232760 0.2977970724676732 0.0553932634698273
vn 6.2052160355373784 0.9757149955304544 0.1066155358167602
v 0.2943125952380950 0.0595981507936508 0.0890312658730159
vn 6.2300695588669743 0.8066504796643448 0.0436702014476418
v 0.2961540000000000 0.0474405000000000 0.0810570000000000
vn 6.1622955839596010 -0.3849375471296663 -1.1591435129098675
v 0.2921920000000000 -0.0233340000000000 0.0069610000000000
vn 0.0774508361890463 6.2346904469233166 -0.7230298647810978
v 0.0053148081705151 0.2969302504440497 0.0352418543516873
vn 3.2160673176098422 0.5639499615304706 0.0750939807873423
v 0.2929120607734807 0.0668673204419890 0.0964895745856352
vn -4.6284273015691930 4.2444803727882547 -0.1751728324858262
v -0.2374610000000000 0.1851100000000000 0.0496600000000000
vn -1.9990563277930444 -1.5948231085872306 0.5065720249659260
v -0.2677680000000000 0.1465650000000000 0.0939820000000000
vn -4.3308089298888319 4.5423614378305848 0.2838839669426557
v -0.1968587500000001 0.2257120000000001 0.1132490000000000
vn -4.3005191878221138 4.5725917516428911 0.2572424834000780
v -0.1923453333333333 0.2302256666666667 0.1092443333333333
vn -0.2325818186864478 -3.5921683484070592 1.2457080772580424
v 0.1548910000000000 -0.2629770000000000 0.1176190000000000
vn 4.0755186905077521 -4.7796826128832546 0.0843371616930883
v 0.1638465000000000 -0.2567610000000000 0.0817040000000000
vn -4.5475726275825954 4.3255668299023080 -0.2796573890196416
v -0.2264036666666666 0.1961670000000000 0.0352390000000000
vn 4.0866599616700201 -4.7714397900103034 -0.0229720369369257
v 0.1635490000000000 -0.2570590000000000 0.0720827272727273
vn 3.6882559248353242 -5.0350421816306632 0.4197870939100991
v 0.1354455909090909 -0.2798864090909091 0.0894801363636364
vn 4.6598172337124497 -4.2132736371202997 0.0547630407445074
v 0.2420522500000000 -0.1805187500000000 0.0819642500000000
vn 4.6509938835036797 -4.2221817436350184 0.1050101899275773
v 0.2406293333333333 -0.1819416666666667 0.0894050000000000
vn 4.5518840556303841 -4.3213075266177308 0.2768418614012265
v 0.2271953333333333 -0.1953756666666667 0.1121230000000000
vn -4.3922339150880001 4.4809479894326243 0.3146559501221418
v -0.2048846666666667 0.2176863333333333 0.1173303333333334
vn 3.9472532382558190 -4.8871301292690053 0.0698941754534401
v 0.1386635454545455 -0.2774824545454546 0.0806098181818182
vn -4.5115737411015848 4.3493201001252402 -0.4487503518043619
v -0.2221420000000000 0.1984660000000000 0.0099800000000000
vn 1.7921486205523349 -5.7601154479256289 0.1952125547613907
v 0.1300838790322579 -0.2836104596774191 0.0811242903225806
vn 4.2560362056193739 -4.6171565638121193 -0.1923627674645402
v 0.1864028000000001 -0.2361682000000001 0.0472568000000000
vn 4.4964521730580245 -4.3766468331426402 0.3105295261046081
v 0.2195260000000000 -0.2030450000000001 0.1166747500000000
vn 4.2099471036505935 -4.6631014595459126 -0.0091456667958952
v 0.1800222500000001 -0.2425487500000001 0.0727405000000000
vn -1.7564606142883163 -1.3843506554225991 1.2706039194935745
v -0.2601320000000000 0.1542010000000000 0.1201860000000000
vn 4.3349315682446106 -4.5468610591278473 0.0669691318135299
v 0.1975467500000000 -0.2262189999999999 0.0828602500000000
vn 3.9036340337809117 -4.9232766666468049 -0.0140812526717581
v 0.1385396875000000 -0.2776063125000001 0.0718960625000000
vn -2.7657621378037760 1.5400869802827186 0.3219318367371519
v -0.2685596000000000 0.1486022000000000 0.0972718000000000
vn 4.4422116797479116 -4.4420892668803358 -0.0000768783751356
v 0.2120819999999996 -0.2120819999999996 0.0739999999999999
vn 4.6632084102904043 -4.2098712637742119 -0.0034920612398163
v 0.2425605000000001 -0.1800105000000001 0.0730777500000000
vn 4.5720498004477195 -4.3012187043949446 0.2571545565170202
v 0.2303465000000000 -0.1922245000000000 0.1091415000000000
vn 4.3105322434249320 -4.5626917517766694 -0.2663301081538948
v 0.1941152000000000 -0.2284557999999999 0.0370696000000000
vn -4.5793090492690816 4.2937972000743558 -0.2490671014430291
v -0.2308105000000001 0.1917605000000000 0.0394387500000000
vn 1.7238554498480707 -5.7867897809266253 -0.0552724692740181
v 0.1299241707317072 -0.2837535528455285 0.0725142357723577
vn 3.5517343121695788 -5.1596387620306290 -0.1536294990690591
v 0.1339511632653061 -0.2811654081632651 0.0639614897959184
vn 0.1181193600636291 -4.1668866074270161 1.3065671231911360
v 0.1513590000000000 -0.2665090000000001 0.1073690000000000
vn 4.2124943577440597 -4.6605866919538776 0.0505645395058579
v 0.1804462500000000 -0.2421245000000000 0.0813710000000000
vn -4.4249823345106600 4.4482003494884248 0.3201013448323937
v -0.2097101578947369 0.2128601578947368 0.1182034736842105
vn 4.6541809970244410 -4.2190117262865678 -0.0911688079470523
v 0.2412960000000000 -0.1812740000000000 0.0612970000000000
vn -4.4450506821546192 4.4168076791908364 -0.4548690003001191
v -0.2127890000000000 0.2078180000000000 0.0079210000000000
vn 4.0909886009501779 -4.7678534104614467 0.0204261420798301
v 0.1635610000000000 -0.2570470000000000 0.0770100000000000
vn -0.4498391448025900 3.0843402941083409 0.1509968152747719
v -0.1135646844444444 0.2842578755555554 0.0964736400000000
vn 4.8918680115717299 -3.9327230619569620 -0.0744636318261785
v 0.2705314545454545 -0.1463437272727273 0.0801220000000000
vn 5.8844200362549168 -1.4459072294044300 -1.5967576198781541
v 0.2808279230769231 -0.0928263076923077 0.0044118461538462
vn -0.8933374831667149 6.1697660647965851 -0.7745525484575553
v -0.0548320000000000 0.2922130000000000 0.0279780000000000
vn -1.0236233607460528 6.1904669052221397 -0.3102623473396604
v -0.0626677524271845 0.2934725970873789 0.0557540242718446
vn 4.6878103946209055 -4.1603260682711047 -0.0787592844444867
v 0.2768700000000000 -0.1392740000000000 0.0887580000000000
vn 6.1671866051257167 -1.0926897867204364 -0.4390494947371546
v 0.2921122852822580 -0.0671934012096775 0.0484609758064518
vn -0.7818552262080587 6.2030781107780841 -0.6052347775289942
v -0.0472266875000000 0.2944904375000000 0.0389918125000000
vn 6.2106265412411625 -0.7475897155576924 -0.5206073864297869
v 0.2950262268041235 -0.0437503505154639 0.0401413608247422
vn -1.1141594419888083 6.1660599860534369 -0.4535925300928877
v -0.0705745180375180 0.2916689733044731 0.0486955728715731
vn 3.0144257476205372 -0.6332755302969831 -3.7378085420580991
v 0.2836545000000000 -0.0760535000000000 0.0000000000000000
vn -1.1927677322155237 6.1685323329791926 -0.0425969227568741
v -0.0880992941176471 0.2892022156862751 0.0730497058823530
vn -0.1898807949571841 6.1721294098859989 -1.1537380116047184
v -0.0113077333333333 0.2927312666666668 0.0069615333333333
vn -1.1723842834771501 6.1721976282121531 -0.0533422326801600
v -0.0778615714285713 0.2911797142857142 0.0714988571428571
vn -1.2053353989439255 6.1638151567662289 -0.1623290131130031
v -0.0818116800000000 0.2903111600000000 0.0649856800000000
vn -2.1002327671569709 2.7601194466337673 0.1141384016419030
v -0.1384465714285714 0.2773140000000001 0.0964798571428571
vn 6.0183255478039452 -1.3573310383041406 -1.1845940568096403
v 0.2827440000000000 -0.0862240000000000 0.0062230000000000
vn 6.1821535692133622 -0.8031335046286310 -0.7649136500406633
v 0.2932820000000000 -0.0470500000000000 0.0279770000000000
vn 3.1033646120158012 -0.4833275341994463 0.1432436796026691
v 0.2848788779342722 -0.1096404882629108 0.0964590093896713
vn -1.6979721995684383 2.5780340245087521 0.9041775132791228
v -0.1801650000000000 0.2365250000000000 0.1524550000000000
vn -0.6470444007371252 6.1616749842147760 -1.0394668540086032
v -0.0389900000000000 0.2921260000000001 0.0139430000000000
vn 4.9890303915290088 -0.4784461722474703 0.4171684192460112
v 0.2703190000000000 -0.1475500000000000 0.0884270000000000
vn -0.4677553195599333 6.2088067146119750 -0.8235443691853839
v -0.0292342500000000 0.2944195000000000 0.0229996250000000
vn -0.3053531181414539 3.0795342659404459 -3.6591605479346998
v -0.0211172222222222 0.2909413333333334 0.0000000000000000
vn -1.0368696336542866 6.1939513742643069 0.1851993363501253
v -0.1053017796610170 0.2858839152542377 0.0893926101694916
vn 2.5348187742617738 -0.5261664941892574 -1.6238882769643141
v 0.2762990961538462 -0.1027360576923076 0.0000000000000000
vn 0.0000000000000000 0.0000000000000000 -3.0703261129089205
v -0.0155030000000000 0.2887210000000001 0.0000000000000000
vn 6.1855779798693789 -1.0144679839901887 -0.4323975640168338
v 0.2936231512884458 -0.0596586417290108 0.0538606940980880
vn -1.1268645706857037 6.1809986628205058 0.0465763683827029
v -0.0967592881355931 0.2875382372881359 0.0807562711864407
vn 2.7440665626250746 -1.8213329192747034 0.3717994013312522
v 0.2804574642857143 -0.1342753214285714 0.0976153214285714
vn -2.2671170608809863 -1.8717190660103697 -0.3567740270784544
v 0.1454340000000000 -0.2689010000000000 0.0630080000000000
vn 0.0000000000000000 0.0000000000000000 -3.1295224350947888
v 0.1967670000000000 -0.2192080000000000 0.0000000000000000
vn -4.7820199120057119 4.0670789430398493 -0.1993430577524647
v -0.2550932941176470 0.1655144117647059 0.0550411764705882
vn -4.7834874934506129 4.0654325669443798 -0.1916360829509511
v -0.2527370000000000 0.1678707058823529 0.0462322941176470
vn -4.3446335759809376 4.5370853814716918 0.0930481007375036
v -0.1992527999999999 0.2245121999999999 0.0870258000000000
vn 4.2249274661399072 -4.6246694055800237 -0.4594757760882584
v 0.1827555882352941 -0.2378520588235294 0.0205794705882353
vn 4.4018483602147693 -4.4710378115494187 0.3197385335410084
v 0.2064150000000000 -0.2161560000000000 0.1177640000000000
vn -1.9991664403126992 1.5450896555882931 -0.6353236813995967
v -0.2420130000000000 0.1746776666666667 0.0000000000000000
vn 3.5814692639303516 -5.3105283562973273 0.3180691786711099
v 0.1471918636363636 -0.2701357272727272 0.0882720909090909
vn -4.6239944371956980 4.2152363730680005 -0.5302733117561588
v -0.2329190000000000 0.1876880000000000 0.0160700000000000
vn 4.5098945120619085 -4.3719094467146631 0.1318676362574446
v 0.2207748333333334 -0.2029901666666667 0.0921518333333333
vn -1.8890853435877586 -1.9772172657592171 -0.0617647156915834
v -0.2693435000000000 0.1449895000000000 0.0715385000000000
vn 4.1902242944708830 -4.6687469716750538 0.3383432986832354
v 0.1777794545454546 -0.2428280909090909 0.1215460909090909
vn 4.2221494463163420 -4.6123027071673857 -0.5639588472541939
v 0.1885020000000000 -0.2321060000000000 0.0154490000000000
vn 4.6664217365220191 -4.1752206767213140 0.4764065325211373
v 0.2378750000000000 -0.1827330000000000 0.1274650000000000
vn 4.4655004581518494 -4.4163042307755900 0.1604875912894012
v 0.2156246000000001 -0.2081404000000001 0.0954622000000000
vn -2.3117841291434882 2.1161625215505717 -3.3470017786613706
v -0.2264700000000000 0.1927840000000000 0.0000000000000000
vn -4.3816895218686067 4.5001049487433527 0.1412967607134973
v -0.2036606666666667 0.2201046666666667 0.0928420000000000
vn -4.5156281230917239 4.3661260048114903 -0.1261868593481901
v -0.2219091428571428 0.2018561428571428 0.0571081428571429
vn 4.5432400173400360 -4.3385277835180958 0.0782419604603362
v 0.2255990000000000 -0.1981660000000000 0.0847100000000000
vn -4.4597816637965870 4.4219947903186370 -0.1622934723136875
v -0.2142847142857143 0.2094804285714287 0.0522191428571428
vn -1.0799008268950703 -0.8521496407241723 -1.8881206160695436
v -0.2441550000000000 0.1701800000000000 0.0032550000000000
vn 4.7167278394184819 -4.1224466353211131 0.4310246243326803
v 0.2413803333333333 -0.1792273333333333 0.1234013333333333
vn -4.6583406700016008 4.1906364312316500 -0.4363238263785016
v -0.2386160000000000 0.1819920000000000 0.0213150000000000
vn -4.8037428891861360 4.0466731277760344 -0.0244423032658114
v -0.2567482727272727 0.1638592727272727 0.0661423636363636
vn -0.0120921509850235 -6.2813095814541953 0.1109274744263370
v 0.0000000000000000 -0.2990502000000000 0.0892978000000000
vn -2.6039933502896386 1.6518922870094044 0.5964483633218554
v -0.2496728333333333 0.1670178333333333 0.1397215000000000
vn 0.3572142035354059 -6.2653313364553664 -0.2971537480303666
v 0.0218823235908142 -0.2981561565762001 0.0625560000000000
vn 0.4449725384624100 -2.8550196707147717 -1.4129694818836558
v 0.0633361176470588 -0.2852029999999999 0.0000000000000000
vn 0.1158083085243685 -6.2813241325414442 0.0477357909085434
v 0.0059458235294118 -0.2990947941176471 0.0810146764705882
vn 1.3077344814739145 -6.0447814031371347 -1.1005756543496144
v 0.0818260000000000 -0.2846280000000000 0.0109610000000000
vn 1.1845404403583355 -6.0513496818591870 -1.2027548448379690
v 0.0721522857142857 -0.2854620476190475 0.0049410952380952
vn 1.1628448357909817 -6.1250722003176001 -0.7768984186620022
v 0.1071060384615385 -0.2835146153846155 0.0400626153846154
vn 1.2825189878348038 -6.0771151441881059 -0.9466210669642715
v 0.1080430000000000 -0.2818050000000000 0.0292920000000000
vn -4.5015785122443468 4.3515509700152712 0.5073978261284505
v -0.2168329090909091 0.2037748181818182 0.1394713636363636
vn 1.6809283473905134 -5.6319496897932630 -2.1113336126141715
v 0.1265790000000000 -0.2721890000000000 0.0051270000000000
vn 1.3386711569731196 -6.0807163380432669 -0.8394115726691258
v 0.0982310000000000 -0.2839870000000000 0.0294230000000000
vn 0.5034429885472907 -6.2234141158033820 -0.6734879185065965
v 0.1245249950248756 -0.2828913731343281 0.0557848756218904
vn 2.5610859368643197 -2.0897305371665893 -0.0715091615421513
v 0.2616540000000000 -0.1560000000000000 0.0265510000000000
vn 0.2038129081582207 -6.2733891638988846 -0.1709407215703803
v 0.0135540000000000 -0.2989078461538462 0.0702369230769231
vn 0.4968258206825426 -6.2056522387961071 -0.8390133554816299
v 0.1247385842424244 -0.2819566072727276 0.0482014145454545
vn 0.4683841816243581 -3.0784812190063997 0.0694203438165842
v 0.0578891559633027 -0.2943922874617738 0.0975250489296637
vn 1.4057848181695760 -6.0196284832876268 -1.1173996485506759
v 0.0924540000000000 -0.2822190000000000 0.0108790000000000
vn 1.3361911701279756 -6.0622690505174983 -0.9634507058389306
v 0.0895800000000000 -0.2850190000000001 0.0233640000000000
vn 0.0000000000000000 0.0000000000000000 -2.8823662521102689
v 0.0731970000000000 -0.2817500000000000 0.0000000000000000
vn 0.8109995274156624 -2.3384805944059881 -1.9337184576840833
v 0.1172592857142858 -0.2718400000000000 0.0000000000000000
vn -0.0603472149861036 -6.2823239154774466 0.0197381204007282
v -0.0011892000000000 -0.2991650000000000 0.0774732000000000
vn 0.8747195196897333 -6.1821122972268672 -0.6949092656913197
v 0.1166603972602740 -0.2829245570776254 0.0487304748858446
vn 0.8252614255911990 -6.1261211955088175 -1.1189884787347675
v 0.1233526315789474 -0.2805613684210526 0.0386861052631579
vn 1.0774914570603245 -6.1614024785016710 -0.5906662272507377
v 0.1076691421319796 -0.2843767817258885 0.0487856548223350
vn 1.1622427367517321 -6.0718036626770111 -1.1178010887756082
v 0.1178790000000000 -0.2797420000000000 0.0291590000000000
vn 0.1162053895404147 -6.2790061582552585 -0.1175203006617624
v 0.0049332790697674 -0.2991260232558140 0.0722536511627907
vn 0.2511274485311394 -6.2772161535036961 0.0403685622702379
v 0.0156210000000000 -0.2988273999999999 0.0803174000000000
vn -0.0281477537117001 -6.2826972209807392 -0.0230279768480946
v -0.0009913611111111 -0.2991696666666667 0.0738326388888889
vn 0.5320457893262530 -2.4835075212435624 -1.9580888657448283
v 0.0833105142857143 -0.2809636000000000 0.0000000000000000
vn 1.3103562676818792 -5.8469557978384392 -1.7434123722259915
v 0.0835111428571429 -0.2827662142857144 0.0033629285714286
vn -4.6683693027433826 4.1324740989953579 0.6450734659223542
v -0.2154171818181818 0.2039175454545454 0.1506332272727273
vn 1.0581152939827088 -6.1367620138913912 -0.8314485389725745
v 0.1149730000000000 -0.2823240000000000 0.0419970000000000
vn 1.5717763089549974 -5.8710781046218772 -1.5298348050826547
v 0.0915498800000000 -0.2810053599999999 0.0038294800000000
vn 1.1685117020345288 -6.1616068828857511 -0.3791017074406899
v 0.0990999750000001 -0.2865264812500001 0.0558431687500000
vn 0.0280885376502568 -6.2698234520749878 -0.2859231831660587
v -0.0020963653846154 -0.2990109038461537 0.0637121153846154
vn -3.4697648167672095 0.7973866023913669 2.6587910862413588
v -0.2455930000000000 0.1722750000000000 0.1451070000000000
vn 4.7787407550908805 -4.0719646448762026 -0.1890714160528198
v 0.2550932941176470 -0.1655144117647059 0.0550411764705882
vn 1.1749628570441473 -6.0744736273745010 -1.0881973215132641
v 0.0711510000000000 -0.2868240000000000 0.0110410000000000
vn 2.4384126645138564 -1.8891126761634951 -0.3108732623099852
v 0.2625790000000001 -0.1541728421052632 0.0308697368421053
vn 0.3905514280647708 -6.2689861693576852 0.1228081217390035
v 0.0237510000000000 -0.2982650000000002 0.0916600000000000
vn 0.2564051379471416 -3.1303677275879984 0.0855346079970939
v 0.0302596000000000 -0.2976098000000000 0.0987000000000000
vn 0.0000000000000000 0.0000000000000000 -2.9464814102763386
v 0.1080491666666667 -0.2734787500000000 0.0000000000000000
vn -4.0235697176978658 4.8215788655577816 0.0784087465830627
v -0.1638465000000000 0.2567610000000000 0.0817040000000000
vn -4.1799072398294657 4.6754253926358000 0.3632106876848561
v -0.1793695000000000 0.2412384999999999 0.1236225000000000
vn -4.2319639509160112 4.6413329572501318 0.1351101935836736
v -0.1828930000000000 0.2396780000000000 0.0927190000000000
vn -4.2129250655088644 4.6601852712624572 0.0506660090434083
v -0.1804462500000000 0.2421245000000000 0.0813710000000000
vn -4.0232377346039589 4.8220935152676265 0.1240723164232551
v -0.1470563043478261 0.2698523043478261 0.0885964782608696
vn -4.0195227668897369 4.8255396550877654 0.0218617215951904
v -0.1635610000000000 0.2570470000000000 0.0770100000000000
vn -4.0258083361327426 4.8177799148370033 0.1438137447543257
v -0.1649462941176471 0.2556610588235295 0.0900511176470588
vn -4.2230762336077063 4.6317441896660156 0.4176969157481007
v -0.1819920000000000 0.2386160000000000 0.1266850000000000
vn 2.8098287209184929 1.0228966115498119 -4.0016181071492607
v 0.2662924000000000 0.1414322000000000 0.0000000000000000
vn 5.6767300837691641 1.4272235575102621 -2.2432238940653240
v 0.2700680000000000 0.1354020000000000 0.0060760000000000
vn 0.8469709505701919 2.8681527118934547 -4.0951556015513511
v 0.1392255384615385 0.2669763846153846 0.0000000000000000
vn 6.1081041402085505 1.1445993569211299 -0.9234113853452401
v 0.2819900000000000 0.1131890000000000 0.0373830000000000
vn 1.5341674850912330 2.6058262698185120 -0.3530545017822206
v 0.1534366153846154 0.2627996153846155 0.0320673076923077
vn 6.1654386390495075 1.1442439550493360 -0.3908908387489540
v 0.2861438670886077 0.1010970221518987 0.0557846139240506
vn 6.1689883564405195 1.0219789042052285 -0.6088391843225804
v 0.2838989685039371 0.1104029409448818 0.0487671653543306
vn 3.8948419348859655 4.9013244072163191 -0.4908403364045939
v 0.1480239285714286 0.2677728214285713 0.0198769285714286
vn 1.4628588495259238 5.7054379338771843 -2.1443104010433807
v 0.1336017857142857 0.2698420238095238 0.0036990714285714
vn 4.2297859380375655 4.6190658427148250 -0.4703834554831176
v 0.1837401176470588 0.2368678823529412 0.0195851176470588
vn 6.1772930381294842 0.7299144714497990 -0.8600287158189328
v 0.2818952972972973 0.1203425405405406 0.0446118648648649
vn 0.8783618510420461 3.3669912053527966 -2.7615949986224981
v 0.1719480000000000 0.2459230000000000 0.0032550000000000
vn 4.8716003606084914 3.9402442880970168 -0.4444515694853653
v 0.2668305294117647 0.1493151176470588 0.0213584705882353
vn 3.1334352790268518 -0.2142927204237980 0.0904145004265798
v 0.2979384285714285 -0.0257382857142857 0.0987000000000000
vn 0.0000000000000000 0.0000000000000000 0.0000000000000000
v 0.0872500000000000 0.2802728888888888 0.0000000000000000
vn 4.5483125200091328 0.7024207856666402 -0.2909032179278861
v 0.2933498884120170 0.0606722575107296 0.0486228197424892
vn 6.2699739274915594 0.3937284397554419 0.0431495888319516
v 0.2983980000000000 0.0237680000000000 0.0810335000000000
vn 2.8343117100981825 0.7760900095787582 -1.1421896694131612
v 0.2789805294117647 0.0934684117647059 0.0000000000000000
vn 1.1759812065248310 6.1204610283481751 -0.7918802160059011
v 0.1075453500000000 0.2833914000000000 0.0397910000000000
vn 6.2005117811233923 0.8896024024519871 -0.4474921786186343
v 0.2949156685714283 0.0517727942857141 0.0538175257142858
vn 0.8896610844021383 6.0732805493009776 -1.3309845293426663
v 0.1273419230769231 0.2783763076923078 0.0304843076923077
vn 6.2808504771836251 -0.1255610735716159 -0.0472041262961135
v 0.2990815000000000 -0.0079300000000000 0.0720450000000000
vn 0.0767883698342967 6.2762630856713493 -0.2788505732749379
v 0.0051618586387436 0.2987763451134393 0.0635892168411872
vn 1.3029421295684127 6.0493961272676300 -1.0807963094797457
v 0.0818260000000000 0.2846280000000000 0.0109610000000000
vn 0.3497679164158085 2.5446094693649099 -1.7202663116209465
v 0.0628159333333333 0.2848456666666666 0.0000000000000000
vn 6.2758233219291624 0.2620170365365747 0.1211326242415974
v 0.2986890000000000 0.0156100000000000 0.0916480000000000
vn 6.0444130353308969 1.2278666433586294 -1.1937361162156319
v 0.2846907391304348 0.0758084347826087 0.0047684782608696
vn 6.0419744685674699 1.3221706090959575 -1.1007810166160490
v 0.2843860000000000 0.0846650000000000 0.0130340000000000
vn 0.3707750618791305 6.2713468449916583 0.0381846325506375
v 0.0224112222222222 0.2984813333333333 0.0802458333333333
vn 0.2641757244729132 6.2754798009222794 0.1228168575207814
v 0.0156100000000000 0.2986890000000000 0.0916480000000000
vn 6.2026752035391670 0.6529137610625898 -0.7426513524152196
v 0.2941860000000000 0.0392430000000000 0.0279770000000000
vn 0.5021737467679552 6.2235374463288693 -0.6727380354379437
v 0.1245370307692307 0.2829018307692306 0.0558878461538460
vn 1.3094332611620620 5.9128952112770898 -1.5898241158976678
v 0.0723505000000000 0.2851925000000000 0.0037660000000000
vn -0.0737589436878206 6.2773153492891680 -0.1675645743620615
v -0.0035750983606557 0.2991303114754101 0.0706023770491803
vn 3.0510942224568369 0.4942972282040757 -3.6888796847133447
v 0.2851363333333333 0.0686055555555555 0.0000000000000000
vn 6.2336292418758177 0.5726147296590697 -0.5192504009953420
v 0.2959604148148150 0.0338980962962963 0.0404477333333333
vn 0.3296874657223112 3.1234260659582951 0.0892628404929707
v 0.0395945000000000 0.2967328750000000 0.0987000000000000
vn 6.0485644920049566 1.3779581625477348 -0.9924932877339193
v 0.2833190000000000 0.0946810000000000 0.0199110000000000
vn 0.8825337670840893 6.1800819198863204 -0.7010726345660649
v 0.1159767597765362 0.2830313910614524 0.0488370279329609
vn 0.9775017517215816 6.1265594906656853 -0.9879132970111235
v 0.1179098000000000 0.2813445333333334 0.0385274666666667
vn 6.2737764264903406 0.1454868678127201 -0.2483914484124869
v 0.2989215294117646 0.0092861176470588 0.0642667058823529
vn 5.5850693696698066 1.2527218579696595 -2.2814888298637461
v 0.2816345000000001 0.0872765000000000 0.0020295000000000
vn 0.0000000000000000 0.0000000000000000 -3.0005487352813915
v -0.1178580000000000 -0.2707830000000000 0.0000000000000000
vn 1.1453940132347529 -1.0220708886313119 2.2530375109676566
v 0.2422860000000000 0.1720470000000000 0.1466450000000000
vn -0.5266310066381500 -6.2284648837185648 -0.6201880010384602
v -0.1221784264705882 -0.2830693823529410 0.0558779705882352
vn -1.2987463087572395 -6.0493671223807866 -1.0853523709652451
v -0.0818260000000000 -0.2846280000000000 0.0109610000000000
vn -1.2986761330074035 -5.8562693519720073 -1.8671500530402911
v -0.1339442500000000 -0.2723415833333334 0.0122699166666667
vn 2.2542286563894183 1.9609234601538532 0.6416794206967968
v 0.2371172500000000 0.1789837500000000 0.1517660000000000
vn -1.2893375406648055 -5.9820256552015110 -1.1144482806077312
v -0.1325628266666667 -0.2792449599999998 0.0367596666666667
vn 4.5119257469302161 4.3346700046413735 0.5452398367902804
v 0.2185236250000000 0.2020843750000001 0.1390329583333334
vn -1.3116375354874603 -5.6573703876099195 -2.1715221464226619
v -0.0979513571428572 -0.2793045357142857 0.0031797500000000
vn -0.6747002335972442 -2.7287656005851613 -2.0886059339876950
v -0.1049199999999999 -0.2761135783132529 0.0000000000000000
vn -4.9051838533870677 -3.9180339488957565 -0.1548123053975828
v -0.2628815000000000 -0.1564535000000000 0.0572970000000000
vn -4.8526232284481816 -3.9505530275736893 -0.4848802478035135
v -0.2530138823529412 -0.1663211176470588 0.0272742352941176
vn 2.2742497900753342 1.9612345863980525 0.5521889815043847
v 0.2497766666666667 0.1669130000000000 0.1396580000000000
vn 4.3688917480715652 4.4910207880232118 0.4617190171113109
v 0.2021893636363636 0.2184183636363637 0.1390940909090909
vn -2.0122078762510220 -2.2072074269528281 1.6815329384193465
v -0.2082268809523808 -0.2085517857142857 0.1619801190476190
vn -0.6505895200017662 -6.2485792629818695 0.0282020344273792
v -0.0382530000000000 -0.2972076666666666 0.0798683333333333
vn -0.5261838828947230 -6.2591306002892546 0.1239892506119465
v -0.0316520000000000 -0.2976830000000000 0.0916700000000000
vn 4.2958309448610557 4.5157580901982763 0.5973090726768776
v 0.2093543703703704 0.2092714074074074 0.1565364814814815
vn -4.2094891148612561 0.2152995363773895 -1.6500821782979762
v -0.2628628000000001 -0.1542986500000000 0.0309948500000000
vn -4.8623090981103303 -3.9207945896793359 -0.5496873932407867
v -0.2574292941176470 -0.1614742352941176 0.0310598823529412
vn 4.4205459351146770 4.4101951957453220 0.6683628273331038
v 0.2047130000000000 0.2146220000000000 0.1507740000000000
vn -0.2225857349810055 -6.2762598730449319 -0.0995807255148788
v -0.0122053650793651 -0.2989466031746033 0.0708400634920635
vn -2.6900693124789585 -5.4162435099587682 -0.8112269206619913
v -0.1376022058823529 -0.2769625294117648 0.0325049117647059
vn -0.4444834723761828 -2.9658434251518999 0.0748072321488047
v -0.0574176444444445 -0.2944612962962963 0.0976699333333334
vn -0.9527336124346413 -6.1734332302310477 -0.6712466312830513
v -0.1134886335078534 -0.2833858691099476 0.0486820785340314
vn -0.3691876520638751 -6.2661760691693065 -0.2761883592785488
v -0.0213979286501210 -0.2981095492366619 0.0615845792980443
vn -1.5207594170498775 -5.5630113227498903 -2.3140897300786163
v -0.1235551000000000 -0.2723121333333333 0.0024921666666667
vn -0.6220508073426397 -6.1893326473249672 -0.8753663532675693
v -0.1237523636363635 -0.2819869818181817 0.0479044181818182
vn 0.0000000000000000 0.0000000000000000 -2.5410681304840073
v -0.1068880000000000 -0.2737900000000000 0.0000000000000000
vn -0.7876426558596090 -6.2325341715768117 0.0384615183236453
v -0.0474414375000000 -0.2961569999999999 0.0806143750000000
vn -1.0279651460350330 -6.1951041704037433 -0.1732482488328675
v -0.0624285098039216 -0.2938171568627452 0.0635532156862745
vn -1.2220349765168985 -6.1282120338294943 -0.6435585792034380
v -0.0790461578947368 -0.2893165789473685 0.0402211052631579
vn -4.7989510035901493 -4.0289233739483015 -0.4031887752511502
v -0.2514200000000000 -0.1679150000000000 0.0244340000000000
vn -2.0574009970629712 -5.6255199497657902 -1.2815818274557946
v -0.1379435000000000 -0.2749270000000000 0.0227731250000000
vn -2.7710345376099523 -1.4878918170034885 -0.5904333640800413
v -0.2583066041666666 -0.1583464791666666 0.0216883958333333
vn -1.2522283831085594 -5.9012911130087025 -1.7510592887223257
v -0.1321170000000000 -0.2740040000000001 0.0165500000000000
vn -0.9346721412790309 -6.2116407446732218 0.1107115333501799
v -0.0570309850746268 -0.2947082388059702 0.0896681492537314
vn -4.0332127803255471 -4.4708594267653945 1.5127085773202860
v -0.2073994565217391 -0.2105884130434783 0.1587207173913043
vn 4.6084165962929964 4.2270723788792193 0.5594555095502969
v 0.2287328823529413 0.1918751176470588 0.1347611764705882
vn -0.2386602155887065 -3.1316870981384550 0.0903279767893490
v -0.0288211428571429 -0.2977170000000000 0.0987000000000000
vn 2.1472680850991064 2.1756346619176354 3.2947306654404338
v 0.2093382307692308 0.2085297692307693 0.1619963846153846
vn -1.1188605177717619 -6.1819221318519055 -0.0464965562020287
v -0.0712309423076923 -0.2924246538461537 0.0720160576923077
vn -2.1206372288594784 -2.1807623545241293 1.0491104851623241
v -0.1986760526315790 -0.2183089473684211 0.1608600000000000
vn -4.3521861184600175 -4.4636752379350115 0.7418693783399108
v -0.2033190000000000 -0.2160160000000000 0.1505690000000000
vn -3.7564176704740220 -4.9908896921700778 -0.4078579072941821
v -0.1415140000000000 -0.2738180000000000 0.0301060000000000
vn -1.9469258742366977 -2.3984133271582340 0.8738875261668558
v -0.1892583571428572 -0.2278527142857141 0.1575806785714286
vn -1.1909473089142053 -6.1580376968825172 -0.3663136543298779
v -0.0965900784313726 -0.2870199411764706 0.0559751372549019
vn -1.4670770969557079 1.6008899800751126 -2.0649207167615358
v -0.2526452307692308 -0.1627761538461538 0.0131660769230769
vn -1.1433610086911195 -6.1507917506200229 -0.5769202021776874
v -0.1049828967391303 -0.2848785489130435 0.0488933369565217
vn -1.8785714931813069 -2.4027865232859127 0.8003807142913978
v -0.1826496250000000 -0.2338935000000000 0.1541895000000000
vn -1.1913172975701445 -6.1548604333521624 -0.4098926778325704
v -0.0757566363636364 -0.2908510000000000 0.0509501818181818
vn -0.1714460640359651 -0.0070461748747494 2.1241042469864766
v -0.2082170000000000 -0.2061150000000000 0.1619890000000000
vn 4.5498976981658332 4.3318250976754813 -0.0574478851881412
v 0.2264090000000001 0.1973562500000001 0.0657877500000000
vn -4.3351182236923025 -4.5465773634840732 -0.0697014298620160
v -0.1981274444444445 -0.2256378888888890 0.0637561111111111
vn -4.3647237728686816 -4.5171200532948230 0.1232601647025877
v -0.2017697500000000 -0.2219952500000000 0.0908822500000000
vn -2.0468333379020311 -2.3700114846957931 -3.3689574490207868
v -0.1591420000000000 -0.2565629999999999 0.0000000000000000
vn -4.6841782367528086 -4.1773931882695132 -0.2836171231127512
v -0.2468122352941176 -0.1737957647058823 0.0326294117647059
vn 2.4145605305994060 2.0038609510568701 -3.2723993777041018
v 0.2565629999999999 0.1591420000000000 0.0000000000000000
vn -4.5122647808121261 -4.3486552560799518 -0.4483776408030093
v -0.2215330000000000 -0.1990750000000000 0.0097610000000000
vn 4.3723955903368452 4.5008426708691482 0.3072640060344033
v 0.2023240000000000 0.2202470000000001 0.1163424000000000
vn -3.8616842133845655 -4.9287422712509974 -0.3490035492821298
v -0.1466658181818183 -0.2689043863636364 0.0201395454545455
vn -4.4556632016826292 -4.4175740847030402 -0.3187838469261849
v -0.2141923333333333 -0.2083786666666667 0.0299236666666667
vn -4.6542093200984738 -4.1851294794211666 -0.5043203893288458
v -0.2360110000000000 -0.1845970000000000 0.0187090000000000
vn 4.4371462322235331 4.4445830407555356 0.1648076095612284
v 0.2115716666666667 0.2121936666666668 0.0960756666666666
vn 4.7386042043107794 4.1103161430502446 0.3192687252079985
v 0.2481090000000000 0.1724980000000000 0.1129910000000000
vn -4.6853910315175611 -4.1564568104763424 -0.4553579121875099
v -0.2405395000000000 -0.1800680000000000 0.0235235000000000
vn -4.2318687491467681 -4.6414019020861437 0.1356546446282894
v -0.1827956153846153 -0.2397753846153846 0.0923886923076923
vn -1.3869860040442312 -2.9189068134864717 -0.8242238846933442
v -0.1586822258064516 -0.2582745483870968 0.0212719354838710
vn -4.2257153188185219 -4.2096102411916414 -1.4853538676006290
v -0.1707420000000000 -0.2485930000000000 0.0200280000000000
vn 4.4946017818770869 4.3785557890728350 0.3110901518902663
v 0.2191914000000000 0.2033795999999999 0.1167546000000000
vn -4.0069073442176837 -4.8110652606917617 -0.4698727251907414
v -0.1681310000000000 -0.2512040000000000 0.0240945294117647
vn 2.1091042267981681 2.3194470697327363 -3.3314000800069277
v 0.1927840000000000 0.2264700000000000 0.0000000000000000
vn -4.1324832712925588 -4.7172555192450574 -0.2583950769744712
v -0.1516590000000000 -0.2644860000000000 0.0164080000000000
vn -0.9299570022985513 -0.9387911136588989 2.3937698903314626
v 0.1772135000000000 -0.2371205000000000 0.1510770000000000
vn -0.9399556385799993 -0.5903926263883713 2.1332550311945302
v -0.2334220000000000 0.1809110000000000 0.1537860000000000
vn 0.6599182817450550 -6.2462923456623809 0.1244492938153005
v 0.0395380000000000 -0.2969360000000000 0.0916800000000000
vn 1.1403744219518344 -6.1703056988190061 -0.3140350371584669
v 0.0736072300469483 -0.2915237840375586 0.0555432676056338
vn 4.8205996822529480 -4.0020489881541028 -0.4176431597628136
v 0.2632800000000000 -0.1528640000000000 0.0141745384615385
vn -0.7167968274818729 -0.3741626404551889 2.2320059691075365
v -0.2259530000000000 0.1883800000000000 0.1578960000000000
vn 1.2268678857901276 -6.1536578306077958 -0.3166763626238214
v 0.0822517350157729 -0.2898837854889593 0.0562715362776027
vn 5.0744007618447613 -2.0525874315584964 -2.6767421376890166
v 0.2489052000000000 -0.1688983000000000 0.0064005000000000
vn 0.5289280259171468 -6.2599283937722063 0.0471685131972141
v 0.0316730000000000 -0.2978098181818181 0.0820068181818182
vn 1.4946124478193727 -5.9664410258691820 -1.2788795392420047
v 0.1136080000000000 -0.2769720000000000 0.0107110000000000
vn 0.7247537112536627 -6.2351177827633482 -0.2463175117584355
v 0.0453843223443224 -0.2961616318681322 0.0634000128205129
vn -2.1862669508941024 2.0571704785456002 0.3923282378033787
v -0.2192996666666667 0.1973900000000000 0.1606250000000000
vn 0.9410693738003580 -6.2108510656990328 -0.0480346321070789
v 0.0583658994082841 -0.2946246035502958 0.0730235147928994
vn 4.2729314903281708 -4.5608727714437389 0.5950083632752083
v 0.1962250000000000 -0.2243820000000000 0.1371060000000000
vn -4.6055012377347619 4.2427425524751445 0.4852878137934227
v -0.2340676666666666 0.1865400000000000 0.1309433333333333
vn 1.4089924894498618 -5.8847004381506682 -1.6467049105164309
v 0.1082087500000000 -0.2767595000000000 0.0035497500000000
vn 1.0746564277390085 -6.1733338939426714 -0.4469886271202081
v 0.0671945959183675 -0.2922780163265302 0.0486936517006804
vn 4.5919539657897204 -4.2460653002746440 -0.4429345365418823
v 0.2590330000000000 -0.1571100000000000 0.0069930000000000
vn 2.3724910664538537 -2.0012086108965272 -0.4224653842896843
v 0.2524310000000000 -0.1627950000000000 0.0000000000000000
vn 1.2471582183958820 -6.1388600910948066 -0.4806105633679280
v 0.0913137003610109 -0.2875682960288808 0.0485924693140794
vn -2.3794917264772084 1.8453756452383510 0.8435014153679606
v -0.2393521333333334 0.1768660666666667 0.1500536000000000
vn 0.5753608485891730 -2.6127518165116457 -1.7756556820419866
v 0.0978195454545455 -0.2774605454545455 0.0000000000000000
vn 0.1215340221171388 -3.1384377408737794 0.0882620531869522
v 0.0144216250000000 -0.2985408750000000 0.0987000000000000
vn 2.6721050452848552 -1.4641226384966757 -1.1018310653987937
v 0.2625060000000000 -0.1513470000000000 0.0000000000000000
vn 1.2468728340675761 -6.1261143836294671 -0.6208286920020891
v 0.0826970000000000 -0.2885437500000000 0.0398172500000000
vn -0.0231230877779796 -3.4938117796815904 0.0802311837043058
v -0.0019416923076923 -0.2988573846153846 0.0972124615384615
vn 0.5211980965873902 -6.2540131387876272 -0.2922040788990717
v 0.0313112757078987 -0.2975185931445606 0.0630299701937410
vn 4.9410003815408894 -3.7964197538773949 -0.8406059956658206
v 0.2583677500000001 -0.1589275000000000 0.0209921500000000
vn 5.0376257021043838 -3.6187281602796775 -0.6387512738975527
v 0.2532942000000001 -0.1631170000000000 0.0132494000000000
vn 1.3760941589354410 -6.0409336031860006 -1.0393223006002130
v 0.0996180000000000 -0.2827290000000000 0.0232240000000000
vn 1.4808804784853469 -5.9895991285814780 -1.1795000167133458
v 0.1030440000000000 -0.2796480000000000 0.0107950000000000
vn 0.6493574937126373 -6.2462238426549685 -0.1186595117786374
v 0.0395746862745098 -0.2970653921568627 0.0711435882352941
vn 1.0814085025211972 -2.3284774032359952 2.9377118844266930
v 0.1844150000000000 -0.2334540000000000 0.1548800000000000
vn 0.7964464666279527 -6.2313519353104150 0.0440470363601943
v 0.0474399230769231 -0.2961521538461538 0.0813293846153846
vn 0.9562994213690037 -6.2082792162117197 0.1081504389885934
v 0.0583368271604938 -0.2945111481481479 0.0892816728395063
vn 1.3022396528198936 -6.0941975766395604 -0.7958692026563653
v 0.0884170000000000 -0.2861580000000000 0.0295540000000000
vn 1.3543523376715676 -6.0259025089124272 -1.1504979425788908
v 0.1096480000000000 -0.2804010000000000 0.0230830000000000
vn 2.0060183263067293 -2.2964952779342944 0.3439567161298724
v 0.1913826666666667 -0.2253066666666667 0.1586680000000000
vn 0.9434704650592685 -2.9094462581558558 -3.7686903130631353
v 0.1124080000000000 -0.2747980000000000 0.0000000000000000
vn 1.1950371463103147 -6.1503972622106495 -0.4635607421196271
v 0.0767060945454546 -0.2905058072727273 0.0486521018181819
vn 1.1301646810388259 -6.1548591213510377 -0.5453418631768380
v 0.0709180000000000 -0.2910944000000000 0.0422544000000000
vn -4.5679891343352077 4.2812729178312283 0.5073956828188314
v -0.2279960000000000 0.1926110000000000 0.1352600000000000
vn -1.2119929509589382 -6.1134547906640337 -0.7933451086752052
v -0.1061067692307692 -0.2835133076923076 0.0385886153846154
vn -4.3901440483086578 -4.4713583955052503 0.4545462177857430
v -0.2043117272727273 -0.2162957272727273 0.1396224545454545
vn -4.2983488289696341 -4.5631723249120810 0.4179533814631229
v -0.1910782173913044 -0.2295290434782609 0.1343018260869566
vn -4.2528921448214279 -4.6086554122566872 0.3827212145114145
v -0.1846022941176470 -0.2360057058823530 0.1292797058823529
vn -1.1241070070986305 -6.1812941160727100 0.0503608531021516
v -0.0712923725490196 -0.2923902352941173 0.0810777254901960
vn -0.7768694988175832 -6.2283540268547704 -0.1604187761424060
v -0.0453346153846154 -0.2964213846153846 0.0702583846153846
vn -4.1405098610741424 -4.6564851117027315 0.7391554780039553
v -0.1866340000000000 -0.2327010000000000 0.1438730000000000
vn -1.2244279907753766 -6.1536028667086624 -0.3261222309983226
v -0.0881567254901961 -0.2887140196078425 0.0563445490196078
vn -0.0820066299937640 -0.9811871384947343 2.6200261456056606
v -0.1932903846153846 -0.2221310000000000 0.1595972307692307
vn -1.0402298374638896 -6.1951681304816617 0.1075907179215349
v -0.0619732954545454 -0.2939235227272726 0.0890555227272728
vn -0.8373939832478634 -6.2219154946846347 -0.1649385365635142
v -0.0554558809523810 -0.2949258452380952 0.0639823333333333
vn -1.2285151279520461 -6.1444790105970526 -0.4560214691400612
v -0.0798996075268817 -0.2898833870967739 0.0487932204301074
vn -0.1589590191228695 -3.1370474257203664 0.0743387896338646
v -0.0194654000000000 -0.2983230000000000 0.0987000000000000
vn 2.2425838177956416 2.0728292935486459 0.3612728790020254
v 0.2253066666666667 0.1913826666666667 0.1586680000000000
vn -1.4059592468849134 -5.9377477583601568 -1.4915575277246069
v -0.1230640000000000 -0.2752200666666667 0.0134538666666667
vn -1.9501208017985587 1.2826550595159920 -1.4240928742219967
v -0.2587630000000000 -0.1555690000000000 0.0248150000000000
vn 2.1043295481187108 -2.2203112589885157 0.3644669998011726
v 0.1953466000000000 -0.2214616000000000 0.1600370000000000
vn -2.3226586630367145 2.0229048404416097 0.8456371975920133
v -0.2249688749999999 0.1922363125000000 0.1588585000000000
vn 1.2194880930275329 -6.1538483642947064 -0.3399102764446180
v 0.0906505838509317 -0.2882025279503103 0.0561010869565217
vn 0.5292089716425696 -6.2588108842608108 0.1254383626917676
v 0.0316520000000000 -0.2976830000000000 0.0916700000000000
vn 1.2270545449794437 -6.0184772366716821 -1.3202024356371105
v 0.1196930000000000 -0.2781510000000000 0.0229400000000000
vn 0.8232852854871482 -6.2242213508719466 -0.1344619146506078
v 0.0475581891891892 -0.2961412432432431 0.0703581891891892
vn 4.2262702901150675 -4.6271750501862146 0.4322705917412754
v 0.1858622352941176 -0.2347450588235294 0.1303690000000000
vn 0.9152178577117424 -6.2118741337295607 -0.1661254077026849
v 0.0583741974522294 -0.2944823439490444 0.0638688789808917
vn 1.4038820944369319 -5.9446726806953389 -1.4657063598530500
v 0.1229855000000000 -0.2752880000000000 0.0136560000000000
vn 1.0577206528624630 -6.1847004126077936 -0.3117751707445237
v 0.0652547488151658 -0.2930331421800951 0.0556444834123223
vn -4.5948860515651209 4.2539928014792139 0.4916290571749207
v -0.2300740000000000 0.1905330000000000 0.1339760000000000
vn 0.6148328310952713 -2.8652594664779376 -4.2713547782774937
v 0.1064950000000000 -0.2758221627906977 0.0000000000000000
vn 4.3024303460684550 -4.5432581648861348 0.5324664085687753
v 0.1918751176470588 -0.2287328823529413 0.1347611764705882
vn 1.2309949131861933 -6.1435167344762052 -0.4609569196667702
v 0.0826002195477753 -0.2893384952589356 0.0486394245076589
vn 1.1460144914525889 -6.1611485920589644 -0.4427123997308222
v 0.0722260710382514 -0.2913765092896181 0.0488646087431692
vn 2.3129076327229976 -2.1161515256641348 -3.2624014910007157
v 0.2582140000000000 -0.1572010000000000 0.0000000000000000
vn 2.3545844862529832 -2.0631033536076453 -3.2248022971726544
v 0.2482250000000000 -0.1687770000000000 0.0000000000000000
vn 1.1928961832051193 -6.1364441465067285 -0.6240746553123505
v 0.0755499393939394 -0.2898790606060606 0.0388964848484848
vn 0.1880326729430896 -3.1352431610487863 0.0835121429118888
v 0.0234255000000000 -0.2980970000000000 0.0987000000000000
vn 1.0995015251092741 -6.1354473978059829 -0.7757410747927465
v 0.0687130000000000 -0.2901580000000000 0.0298120000000000
vn 0.6598178065555751 -6.2477388654876256 0.0305378145443779
v 0.0395672083333333 -0.2970677499999999 0.0795745416666667
vn -1.1625433654345838 -1.1625433654345836 2.2649320713583245
v -0.2438250000000000 0.1705070000000000 0.1451070000000000
vn 1.1692530674993746 -1.8388530419028897 1.7052125396819977
v -0.1576160000000000 -0.2567170000000000 0.1272230000000000
vn 1.7966798902205736 -1.8034756373809357 1.0910128748832588
v -0.1497740000000000 -0.2645597142857143 0.1079052857142857
vn -4.2801008875663147 -4.5929565858109074 -0.2343298779771716
v -0.1900060000000000 -0.2325650000000000 0.0414880000000000
vn -4.4814388098921185 -4.4003898679795119 0.1538040436766059
v -0.2180536666666667 -0.2057113333333333 0.0943470000000000
vn -4.3667003537951921 -4.5066077274867338 -0.3040571101868235
v -0.2011220000000000 -0.2214490000000000 0.0321090000000000
vn 0.1409959216816690 -3.8748146642495369 1.3421862350483140
v -0.1522120000000000 -0.2656580000000000 0.1101650000000000
vn -4.1036960999184942 -4.7475062140609445 0.2674133808939944
v -0.1698690000000000 -0.2507389999999999 0.1072610000000000
vn 4.5825515772226781 2.0195883861366690 -2.3927935072107451
v 0.2492923333333333 0.1685036666666667 0.0068416666666667
vn 4.6489115422765455 4.1977804058807484 -0.4523573874739423
v 0.2405394999999999 0.1800680000000001 0.0235235000000000
vn -4.3502629268185053 -4.5314419260020706 -0.1051774458210058
v -0.2001760000000000 -0.2235890000000000 0.0592720000000000
vn -4.1280152138424340 -4.7336206455480232 0.1600731986107722
v -0.1667020000000000 -0.2539058181818182 0.0978467575757575
vn -4.2210792577558989 -4.6521150188915614 0.0994285844342515
v -0.1816640000000000 -0.2409070000000000 0.0883740000000000
vn -3.8889455905015322 -4.9228393258367342 0.2225420719301885
v -0.1579072727272727 -0.2614277272727273 0.0981011818181818
vn 2.6750244874386055 1.6559987858080771 0.5456443914634111
v 0.2592400625000000 0.1579655000000000 0.1250670000000000
vn 2.6381935542930539 1.6275117406270532 0.4713845533989167
v 0.2633280000000001 0.1533616666666667 0.1151010000000000
vn -4.4246249133094828 -4.4485781265889273 -0.3198398326605204
v -0.2096226666666667 -0.2129476666666666 0.0298020000000000
vn -4.6166634545990082 -4.2566755111249623 0.1917734787893285
v -0.2360984615384616 -0.1864725384615385 0.1010220000000000
vn -2.4375374942917158 -3.4277819368341271 0.1658188313224098
v -0.1486462222222223 -0.2680325555555556 0.0987556666666666
vn 4.4713661810177161 4.3880813046975584 -0.4704017795183142
v 0.2158606363636364 0.2047473636363636 0.0083170000000000
vn 4.3880121807971717 4.4709988560321747 -0.4738961466441184
v 0.2053400000000000 0.2152680000000000 0.0082010000000000
vn -4.3030816413986761 -4.5701952835864983 -0.2582566541876323
v -0.1924093157894737 -0.2301616842105264 0.0386880526315789
vn -3.9864130545444021 -4.8499623152802265 0.1930028052917614
v -0.1595479411764706 -0.2597870588235294 0.1042833529411765
vn 0.4655444908367794 -4.5154454448802266 1.0872498652144649
v -0.1506663333333333 -0.2663612380952381 0.1063968095238095
vn -4.1394414148435281 -4.7221251490141185 0.1990400256136026
v -0.1682700000000000 -0.2523370000000000 0.1030720000000000
vn 2.2919318803130388 2.1348083216181024 -3.3603067144688858
v 0.2499040000000000 0.1668600000000000 0.0000000000000000
vn -4.2135593106200409 -4.6596173227270468 0.0531657463620037
v -0.1805371200000000 -0.2420338800000000 0.0820940400000000
vn 4.3195223534305063 4.5537518781676400 0.2746008734228574
v 0.1953756666666666 0.2271953333333334 0.1121230000000000
vn -4.3919028992366851 -4.4813244093245999 -0.3137829406631289
v -0.2048846666666666 -0.2176863333333332 0.0306696666666667
vn -4.5995514331424232 -4.2737085767132221 0.2216368328678975
v -0.2341725000000001 -0.1883985000000000 0.1042310000000000
vn 1.6004281888939265 -1.2522210594136045 1.2349455612549718
v 0.2591090000000000 0.1552240000000000 0.1224570000000000
vn -4.6330276185227897 -4.2401489586436902 0.1583031412374615
v -0.2382821000000000 -0.1842889000000000 0.0964076500000000
vn -1.9919607356480178 0.4582086692580516 2.4091487866211101
v -0.2436313333333333 -0.1718810000000000 0.1458956666666667
vn 1.2708832837689303 1.1837742391443593 -1.4732894719913625
v 0.2557070000000000 -0.1586250000000000 0.0189400000000000
vn 0.9486016897620766 -6.2102572966434710 0.0433274220685900
v 0.0580696544117647 -0.2946522058823531 0.0810516029411766
vn 5.0941507240231374 -2.8496237498692465 -1.6764914608247803
v 0.2638903155080214 -0.1505331818181821 0.0024758556149733
vn 1.2105916306565114 -6.1598962101876671 -0.2469054551646909
v 0.0783240000000000 -0.2908185000000000 0.0596635000000000
vn 0.5278391213632451 -6.2558855979361345 -0.1483822638641547
v 0.0314749473684211 -0.2978341578947368 0.0702964210526316
vn -2.5370278597191098 1.8081767350128872 0.9844499243414472
v -0.2327840000000001 0.1844215625000001 0.1550386875000000
vn 2.1424944443679239 -1.9299741381675282 -0.8675759596932665
v 0.2458277500000000 -0.1702745000000000 0.0041325000000000
vn 2.0625220311555013 -2.0562787429544276 0.7980472255644406
v 0.1863347500000000 -0.2297657500000000 0.1564317500000000
vn 0.9253665564996232 -3.0686473068775104 2.9974161381445201
v 0.1807540000000000 -0.2371140000000000 0.1524550000000000
vn -4.5449578318493771 4.3042425785875551 0.5195129269166118
v -0.2247990000000000 0.1958090000000000 0.1368970000000000
vn 1.7730502325401543 -5.5947007874427079 -2.0777507367134995
v 0.1163636923076923 -0.2746086153846155 0.0036793076923077
vn 0.7990328265288565 -6.2298936358073229 0.1236843083388738
v 0.0474080000000000 -0.2960220000000000 0.0916900000000000
vn 1.2816425207127926 -6.1151572431355348 -0.6579965593593625
v 0.0900428780487804 -0.2869809512195123 0.0394310731707317
vn 1.0575875089038183 -6.1628944061283608 -0.6044152021117498
v 0.0663211923076923 -0.2916812307692309 0.0398783076923077
vn 2.2190898553124656 -1.0703702646452988 -1.8667614362729790
v 0.2644295555555556 -0.1438181111111111 0.0000000000000000
vn 0.6110987344801291 -6.2470228522700690 -0.2817521619344014
v 0.0399210914127422 -0.2966765235457063 0.0628654819944598
vn 1.2314069316841045 -6.1096557495908019 -0.7869864569174767
v 0.0785810000000000 -0.2882340000000000 0.0296840000000000
vn 0.0402203532164618 -2.9310529249895811 0.0731339724113746
v 0.0050484000000000 -0.2987912000000000 0.0987000000000000
vn 3.5047656437002668 -0.1532363363900642 -2.1360735424391701
v 0.2520520000000000 -0.1658160000000000 0.0105490000000000
vn 1.1976504557677403 -6.1568706256814414 -0.3603367079861343
v 0.0773300000000000 -0.2907250000000001 0.0538590000000000
vn 5.0677128869974482 3.2918341639798516 -1.2263165530594489
v 0.2742125000000000 0.1411195000000000 0.0313450000000000
vn 1.9559721172393481 5.7831482915229930 -0.8263855858803049
v 0.1345783757961785 0.2787555668789808 0.0368303312101911
vn 2.8194373826369161 0.6877654867795311 -1.8291258477088048
v 0.2752246511627907 0.1086523255813954 0.0000000000000000
vn 5.8307223657263965 1.4510296730037520 -1.7484555344995265
v 0.2789165263157894 0.1010642631578947 0.0049647368421053
vn 3.1288033503023809 5.1082757527272431 -1.4109385142579314
v 0.1505768704453442 0.2638178340080972 0.0026633562753036
vn 5.5548771225681275 2.4281857043917139 -0.8106691877131322
v 0.2785232716049384 0.1355747407407410 0.0378259320987654
vn 4.0517569287887820 4.7897826784501367 -0.2671302758230192
v 0.1678707058823529 0.2527370000000000 0.0462322941176470
vn 3.9873586338214269 4.8504832705470502 -0.1825955334415546
v 0.1432866842105263 0.2728593157894736 0.0382174736842105
vn 3.8503371648793641 5.0047765802956787 -0.1750939207401321
v 0.1491776000000000 0.2677909199999999 0.0471173200000000
vn 4.8557226110753788 3.9774589100348434 -0.1874302538618717
v 0.2727737058823529 0.1433720000000000 0.0379036470588235
vn 5.0294698883131268 3.8184169715338001 -0.3150519723421706
v 0.2680970000000000 0.1489784000000000 0.0478624000000000
vn 4.2236146490736886 4.6494966351055362 -0.1120851169742300
v 0.1820150000000000 0.2405560000000001 0.0582520000000000
vn 6.0048598887271041 1.3639229986877659 -1.2460295925117184
v 0.2778369999999999 0.1179340000000000 0.0195980000000000
vn 4.2545627318046604 4.6186480817563931 -0.1913637923444423
v 0.1864660000000000 0.2361049999999998 0.0470752500000000
vn 3.0644681908789231 5.0783999068525389 -1.3821611096964170
v 0.1390078750000000 0.2760073750000000 0.0330123750000000
vn 4.1343589097827440 4.7143188722537941 -0.3662873740122540
v 0.1754594705882353 0.2451478235294118 0.0299094117647059
vn -4.3756079792290885 -4.4834622675866918 -0.4720128522455398
v -0.2030290000000000 -0.2175790000000000 0.0086320000000000
vn 4.7971682516857301 4.0549517791279683 -0.0358863474743531
v 0.2566923636363636 0.1639156363636364 0.0654940909090909
vn -4.4589991523567880 -4.4227944133046853 0.1623952270164501
v -0.2142847142857143 -0.2094804285714287 0.0957808571428571
vn -4.2614480477957830 -4.5842292486435738 -0.5141723109331741
v -0.1876880000000000 -0.2329190000000000 0.0160700000000000
vn -4.2461634226364566 -4.6155231170311444 -0.3742141935315113
v -0.1837065925925926 -0.2369014074074074 0.0196024074074074
vn 2.3248771615622044 2.1035676505073546 -3.3250589464437890
v 0.2264590000000000 0.1927950000000000 0.0000000000000000
vn 4.3287936217018599 4.5528942259975791 -0.0469894313195492
v 0.1968720000000000 0.2268930000000000 0.0676460000000000
vn -4.5045340714437270 -4.3771067447377003 0.1400794064580261
v -0.2194550000000000 -0.2043100000000000 0.0933980000000000
vn 4.4040967346553623 4.4775783922610692 -0.1566201152273456
v 0.2071798000000000 0.2165852000000001 0.0529210000000000
vn 4.5226252052238847 4.3590900097205321 -0.1180638849044979
v 0.2231165000000000 0.2006485000000000 0.0585630000000000
vn -4.0551643967248694 -4.7955881376540752 0.0884991033362454
v -0.1649245882352941 -0.2556834117647058 0.0899814117647059
vn 4.6185349916028686 4.2546284809234391 -0.1926624823218276
v 0.2361682000000001 0.1864028000000001 0.0472566000000000
vn 4.7215707356713370 4.1288133606851085 -0.3338887327095028
v 0.2453818260869565 0.1752259565217391 0.0303577826086957
vn 4.4319955154990671 4.4412130026601995 -0.3210802278578080
v 0.2103947500000001 0.2121757500000000 0.0297875000000000
vn 4.3535378481077878 4.5281487794300919 -0.1099776656566033
v 0.2001760000000000 0.2235890000000000 0.0592720000000000
vn 0.1687734476102254 -0.6718513088846381 -1.2851955367031664
v -0.1569280000000000 -0.2624070000000000 0.0935050000000000
vn 4.6468853364618710 4.2263745930775931 -0.1213064773169508
v 0.2403639999999999 0.1822070000000000 0.0575575000000000
vn 4.7916982307441360 4.0501914045714154 -0.2611261726444872
v 0.2532706666666666 0.1673370000000000 0.0479363333333333
vn 4.4703171586399915 4.4113676174761949 -0.1595353852903526
v 0.2156246000000001 0.2081404000000001 0.0525378000000000
vn -4.0294255353066708 -4.8555766138326382 0.1378372660605310
v -0.1470148695652173 -0.2698665217391304 0.0888233043478261
vn 5.0754492243940073 3.4456356163082651 -0.9371526781826699
v 0.2708876052631580 0.1442108157894737 0.0198647894736842
vn 6.2360821563416833 0.3417482920667905 -0.6744244657328565
v 0.2827588321167884 0.1263670121654499 0.0554789367396592
vn 2.0549524249636435 2.3660798944341819 -3.2779988552753325
v 0.1668600000000000 0.2499040000000000 0.0000000000000000
vn 6.0829564920796404 1.3015328014558387 -0.8810659921599261
v 0.2834555555555556 0.1016580000000000 0.0311867777777778
vn 6.0588052268558830 0.9282200482410241 -1.3763910828270751
v 0.2784610625000000 0.1261076875000000 0.0300963750000000
vn 6.1342071971004248 1.1232973594524835 -0.7619594802776083
v 0.2831832000000000 0.1095606000000000 0.0411012000000000
vn 5.8389842915698180 1.4312324202814088 -1.8221925110849160
v 0.2721721666666667 0.1357543333333333 0.0129355000000000
vn 1.3867663235000487 5.8776142196659862 -1.7321090608986685
v 0.1347776875000000 0.2724981875000000 0.0133209375000000
vn 1.0915620569804614 5.9444932896493201 -1.7046060050677216
v 0.1331635454545455 0.2750910000000000 0.0210267272727273
vn 6.1918984440765126 0.7940702510999069 -0.7017193309813576
v 0.2826259787735845 0.1187175448113208 0.0485156745283021
vn 5.8400344988873663 1.3274673238998946 -1.8383017740903920
v 0.2746058750000000 0.1357196250000000 0.0208828750000000
vn 6.1399060148820386 0.9005003329577775 -0.9729590583827397
v 0.2813493333333334 0.1190880000000000 0.0398010000000000
vn 3.8170021428404941 4.9206915500629975 -0.7230713350002591
v 0.1442891250000000 0.2708846250000000 0.0205991250000000
vn -2.4120507625236911 2.0147603012241664 -0.1002197602589914
v 0.1449895000000000 0.2693435000000000 0.0715385000000000
vn 1.7958661692500564 5.7578892357005014 0.1902643479483545
v 0.1300842661290321 0.2836099274193546 0.0811256129032258
vn 3.6580039649536285 5.0986096014681888 -0.0167463990822021
v 0.1346317826086956 0.2807002173913044 0.0721863478260870
vn 4.2206049536846058 4.6525466637565858 0.0998058863146938
v 0.1816640000000000 0.2409070000000000 0.0883740000000000
vn -0.2162659942383445 4.5884973064177590 0.1768607382651217
v 0.1468960000000000 0.2709725384615384 0.0801711538461539
vn 5.6157665737777673 1.9630422192092445 0.1281647329622605
v 0.2835709743589743 0.1308297179487179 0.0818334358974359
vn 3.0993466566873584 0.3916136890328035 0.2102582590186827
v 0.2836258198198197 0.1179768288288287 0.0965429729729730
vn 4.0917639736575788 4.7667046951742353 0.0690035554781564
v 0.1639433636363637 0.2566646363636363 0.0828030909090909
vn -1.8306463013322478 1.8284042397292417 1.0487388960461324
v 0.1496720000000000 0.2646615000000000 0.1075215000000000
vn 4.8581014742268778 4.0208386988079310 0.0912425553181291
v 0.2707754999999999 0.1462193461538461 0.0720906153846154
vn 4.8402703457180616 4.0016595454800994 -0.0217606795846792
v 0.2792892571428571 0.1364146285714286 0.0722580000000000
vn 3.9051795769914159 4.9215575473754516 -0.0678071418751856
v 0.1388455000000000 0.2773005000000000 0.0642915000000000
vn 1.8422158222046252 5.7850891380744383 0.3869471117531381
v 0.1303935882352941 0.2830035490196079 0.0897654901960784
vn 3.9066953631113392 4.9208361253126194 -0.0127574976766672
v 0.1385303333333333 0.2776153333333333 0.0724146666666667
vn 5.6065315222429852 2.0633439761022356 0.4442644588712703
v 0.2829654761904763 0.1312623492063492 0.0897545714285714
vn 3.5527532471498962 5.1596997257086494 -0.1367818049730269
v 0.1340110833333334 0.2811010000000000 0.0628259375000000
vn 4.9202262591831207 3.9022178292363932 -0.0864228208548498
v 0.2802177999999998 0.1351459090909091 0.0636955272727273
vn -2.2787489241569001 2.1445936604402811 -0.2783636164211366
v 0.1453270000000000 0.2690050000000000 0.0641880000000000
vn 4.0916520890619550 4.7672911857732387 0.0258597704554744
v 0.1635790000000000 0.2570290000000000 0.0775150000000000
vn 3.5990782171156934 0.3586479691498248 0.3570979447549484
v 0.2826288325991186 0.1264135726872246 0.0965608149779736
vn 4.0559318835817404 4.7929118715882444 0.1618766606224094
v 0.1647685000000000 0.2558395000000000 0.0891370000000000
vn 1.6708560948547002 6.7394247124636220 0.7056854758866581
v 0.1471838461538462 0.2705693846153845 0.0873743076923077
vn 4.3898678835801812 -0.1494499620216935 0.5121158957610159
v 0.2699799999999999 0.1478880000000000 0.0910520000000000
vn 4.2131363719358426 4.6600221766685515 0.0523959068158524
v 0.1805187500000000 0.2420522500000000 0.0819642500000000
vn 5.0588680431349129 3.7884841901226687 -0.0014956187493058
v 0.2704807333333333 0.1468310666666667 0.0624176000000000
vn 4.2313843628779235 4.6417567101060193 0.1382231000548338
v 0.1828205000000000 0.2397505000000000 0.0924655000000000
vn 3.8688591305967157 4.9383030893272970 -0.2536204051302309
v 0.1396664736842105 0.2764791578947369 0.0562207894736842
vn 4.8359595481605462 4.0065722596846847 -0.1045666886237531
v 0.2764076666666667 0.1397380000000000 0.0556850000000000
vn 4.0589266465955980 4.7838784619729555 -0.2715539620818331
v 0.1706070000000000 0.2500005000000000 0.0390055000000000
vn 5.6156189276717559 1.9606390968565153 -0.7285895560775474
v 0.2814961689860817 0.1324562544731611 0.0479996381709742
vn 5.1866629371358082 3.6725646088267494 -0.5749654369350292
v 0.2658422608695653 0.1514992173913044 0.0389543043478261
vn 6.0292457123558121 1.3921754288140697 -1.0872033116362279
v 0.2805760000000000 0.1063080000000000 0.0197560000000000
vn 2.4631003595261118 0.6062146243604305 -1.6998375179463645
v 0.2683690508474577 0.1287419491525424 0.0000000000000000
vn 4.1192686277528763 4.7189710938573795 -0.4326235586041486
v 0.1528855882352941 0.2632597647058823 0.0141282941176471
vn 2.6352096969541750 5.2660801228892735 -1.5448577013963622
v 0.1612546666666667 0.2552916666666667 0.0158636666666667
vn 1.9613392384414134 6.4255850556134462 -1.5021776252493393
v 0.1519270000000000 0.2658334999999999 0.0379305000000000
vn 2.1218211929808923 5.6877828220080371 -0.6420663452639608
v 0.1323444715447155 0.2810919999999997 0.0487474227642277
vn 1.6257386898487560 2.6818955709174626 -0.6510911028040824
v 0.1586968750000000 0.2585086874999999 0.0215134375000000
vn 0.8205595175387771 -1.6417747173094537 -1.9727252321534072
v -0.1670220000000000 -0.2473100000000000 0.0067620000000000
vn -2.0663612840904069 -1.4865700545105944 -0.6395805883221943
v -0.2420030000000000 -0.1746886666666667 0.0000000000000000
vn -4.2244996710465692 -4.6486887814794038 -0.1109587329934480
v -0.1820150000000000 -0.2405560000000001 0.0582520000000000
vn -2.9753651105625716 -5.1384324449125041 -1.5377508840432652
v -0.1501427014218011 -0.2641280853080568 0.0025640047393365
vn -4.4608574403297432 -4.4208950739982740 -0.1621871570576388
v -0.2144885000000003 -0.2092767500000001 0.0522911250000000
vn -2.0279538509509933 -2.3757858768514017 -0.5427142359454805
v -0.1745451176470587 -0.2421340000000000 0.0000000000000000
vn 4.6057060244782360 4.2674265855555849 0.2140041089999788
v 0.2341725000000000 0.1883985000000000 0.1042310000000000
vn -2.1230705819511830 -2.2026561825140254 -0.7147522794827958
v -0.1652141250000000 -0.2503937500000000 0.0000000000000000
vn 4.7810456572509548 4.0258756105864597 -0.5409557123600521
v 0.2634825000000001 0.1524779545454545 0.0128730909090909
vn 2.6282141493242595 1.6775281698068132 -0.6971149225750177
v 0.2580780000000000 0.1590830000000000 0.0207450000000000
vn 5.0756294944225582 3.6915818150113107 -0.6121532298033595
v 0.2539614444444445 0.1626687222222222 0.0140597777777778
vn -4.3458523375222917 -4.5358600592575637 0.0955551798681437
v -0.1994372000000000 -0.2243277999999999 0.0873760000000000
vn 4.6662659094989190 4.1826481200127850 0.4241004091759950
v 0.2419668823529411 0.1786408235294117 0.1226532352941177
vn 4.4651726733619377 4.4166241283527974 0.1606594057520067
v 0.2154625000000001 0.2083024999999999 0.0955370000000000
vn 4.4121714617340499 4.4695889854531554 0.1601357263140122
v 0.2074004000000001 0.2163646000000001 0.0951780000000000
vn 4.7823103833185812 4.0614785097382775 0.2701441694817765
v 0.2506373529411765 0.1699699411764706 0.1074453529411765
vn 0.0000000000000000 0.0000000000000000 -2.7168842367669308
v 0.2647630000000000 0.1383010000000000 0.0000000000000000
vn -2.3107484787627230 -2.1171768951988699 -3.3483340479238892
v -0.2264590000000000 -0.1927950000000000 0.0000000000000000
vn 1.1850457451522838 -1.2855683448122610 -1.4159963084322409
v -0.1580050000000000 -0.2563275000000000 0.0200710000000000
vn -4.6248571832876069 -4.2149587782111331 -0.5263764684122251
v -0.2330960000000000 -0.1875115000000000 0.0162305000000000
vn 4.5229951235794825 4.3499626499553488 0.2988372848514468
v 0.2236370000000000 0.1989340000000000 0.1147130000000000
vn 4.5574067104495697 4.3242549698002515 -0.0083831534189293
v 0.2273980000000000 0.1963671250000001 0.0722390000000000
vn -4.3835620200113476 -4.4982443318369727 0.1427073362176937
v -0.2039249999999999 -0.2198400000000000 0.0930680000000000
vn -3.1978618306843765 -5.2253049610455840 -0.9118923438110620
v -0.1455821186440677 -0.2692470508474579 0.0136610932203390
vn -4.1326916512862510 -4.7074862652698455 -0.3879080460682770
v -0.1543033529411765 -0.2618420000000001 0.0116061764705882
vn 2.5621581741790491 1.7225365252686540 -0.9117896817001907
v 0.2623810000000000 0.1513470000000000 0.0000000000000000
vn -4.4886561661231257 -4.3705060456859890 -0.4701412517474722
v -0.2193190000000000 -0.2012890000000000 0.0090670000000000
vn 4.4024110330113801 4.4705156947868199 0.3187170769907441
v 0.2068380000000000 0.2157330000000000 0.1178540000000000
vn 4.6812253097634899 4.1666449976229147 0.4137775321958783
v 0.2386160000000000 0.1819920000000000 0.1266850000000000
vn -3.6801308816558724 -5.2287800123544885 -0.8271067479579323
v -0.1627622432432432 -0.2542115675675677 0.0142775945945946
vn -4.1218254823222571 -4.6976449397218740 -0.5894320810802718
v -0.1766830000000000 -0.2426520000000000 0.0126210000000000
vn 4.3438872993258855 4.5292180052123552 0.2935856530064903
v 0.1980490000000000 0.2245220000000000 0.1141530000000000
vn -4.6754473490733455 -4.1625753200462752 -0.4913409765435661
v -0.2378750000000000 -0.1827330000000000 0.0205350000000000
vn 0.0000000000000000 0.0000000000000000 -3.1275989492242351
v 0.1967560000000000 0.2192180000000000 0.0000000000000000
vn -4.3238252772339392 -4.5577079308858170 -0.0122540809268781
v -0.1963520000000000 -0.2274131249999999 0.0724716250000000
vn 4.4619948201092869 4.4109454883535708 0.3206816657286778
v 0.2146090000000000 0.2079620000000000 0.1180520000000000
vn -4.5397232380139751 -4.3216563129193402 -0.4326499035361383
v -0.2258646666666667 -0.1947430000000000 0.0116486666666667
vn -4.0286527958417997 -4.7905206419797386 -0.4966910979807658
v -0.1698290000000000 -0.2495060000000000 0.0213780000000000
vn 0.0000000000000000 0.0000000000000000 -3.0058803061104897
v 0.2512100000000000 0.1624710000000000 0.0000000000000000
vn -2.6964745957882785 5.0989419447503366 -1.6443846518128389
v -0.1477124285714286 0.2667705714285714 0.0059714285714286
vn -4.2213749474369662 4.6259469260700872 -0.4748071668076969
v -0.1827555882352941 0.2378520588235294 0.0205794705882353
vn -4.0243275501765368 4.8185681067572030 -0.1522393421443931
v -0.1653873636363636 0.2552206363636363 0.0555300000000000
vn -3.9067989237624636 4.8763321094109369 -0.5104065650162525
v -0.1457640769230769 0.2696895384615385 0.0207148461538461
vn -4.2033252865142554 4.6325502179433098 -0.5411231351727965
v -0.1875115000000000 0.2330960000000000 0.0162305000000000
vn -2.1227705924969720 6.1226138843956850 -2.0794319335193028
v -0.1526262727272727 0.2651639090909091 0.0360102727272727
vn -4.3239722397473193 4.5575618884452238 -0.0146594871379444
v -0.1963671250000001 0.2273980000000000 0.0722390000000000
vn 2.2236469088035320 -1.8907588602183827 0.5655069535612748
v 0.2543838461538462 -0.1618531538461539 0.1327864615384616
vn 2.4292784161532608 -1.8877640150622077 0.5783310068682064
v 0.2450626000000000 -0.1717446000000000 0.1451070000000000
vn -2.0705913143951276 -2.0367102534682013 0.5043291926861885
v -0.2685510000000000 0.1457820000000000 0.0884270000000000
vn 4.0520591463644289 -4.7895756134791085 0.2626822276114146
v 0.1699699411764706 -0.2506373529411765 0.1074457058823529
vn 4.4101977975901692 -4.4716428450463006 0.1579040958842516
v 0.2071798000000000 -0.2165852000000001 0.0950790000000000
vn -4.2391291596684191 -0.2820832469868610 0.4610645274702228
v -0.2711190000000001 0.1467490000000000 0.0771030000000000
vn 4.6061018451972489 -4.2670662005482622 0.2132131367944464
v 0.2342569999999999 -0.1883139999999999 0.1040706666666667
vn -4.7817549558638488 4.0733149500322616 0.0513431283903059
v -0.2567932352941176 0.1638147647058824 0.0809367058823530
vn -4.4844551383123346 4.3887715330468886 -0.3129311997925186
v -0.2176863333333333 0.2048846666666667 0.0306696666666667
vn 1.6354888453066476 -6.9383396016375594 -0.0444285250368601
v 0.1465838000000000 -0.2712096000000001 0.0723462500000000
vn 4.3445086216343638 -4.5285881002781645 0.2940890029664807
v 0.1982280000000000 -0.2243425000000000 0.1142560000000000
vn -4.4049390223254932 -0.2391769908215038 -0.2928795262518495
v -0.2703790000000000 0.1474900000000000 0.0600940000000000
vn 4.4632685549626592 -4.4097472083915701 0.3197352095596415
v 0.2149330000000000 -0.2076380000000000 0.1179865000000000
vn 1.2288170684475552 -3.0343413429256243 0.3851010314131578
v 0.1314796849315069 -0.2817956164383560 0.0973964520547946
vn 4.5370684679199034 -4.3447733839841156 -0.0914801606666062
v 0.2247430000000000 -0.1990220000000000 0.0613997500000000
vn 2.5892801572820154 -1.7486098076541650 0.5949877123870835
v 0.2502084000000000 -0.1669536000000000 0.1393440000000000
vn -4.5390210053192668 4.3223164590417440 -0.4334187934270869
v -0.2254850000000000 0.1951225000000000 0.0114290000000000
vn 4.5575898274588820 -4.3240544850487455 -0.0085407235799969
v 0.2274131250000000 -0.1963520000000001 0.0724716250000000
vn -2.2360363319080765 -2.1943233574096599 0.2101005947391263
v 0.1450720000000000 -0.2692600000000000 0.0797380000000000
vn -1.1631759707457416 -1.5210478730292989 1.5191524491930659
v 0.1575440000000000 -0.2567890000000000 0.1270970000000000
vn 3.6161905832069285 -5.1254623974959594 -0.0197763492093263
v 0.1341183846153846 -0.2810996923076923 0.0714350384615385
vn 1.6824567572599471 -5.7984720468725000 -0.2883985413968267
v 0.1302221397058822 -0.2834203455882350 0.0638497352941177
vn 2.4294150353261124 -3.3669330811047642 0.1819381216491512
v 0.1487750500000000 -0.2680108000000000 0.0992377500000000
vn 4.2816342542278063 -4.5914011354283879 -0.2335415233820197
v 0.1899090000000000 -0.2326620000000000 0.0416330000000000
vn -4.4710002194306018 4.3885945628402432 -0.4704049619782052
v -0.2152680000000000 0.2053400000000000 0.0082010000000000
vn 4.0500177500962060 -4.7987726655956813 -0.1252626120410804
v 0.1641203333333333 -0.2564876666666667 0.0637196666666667
vn -2.6902599257559356 1.6186690387352420 0.5459360628424995
v -0.2603197500000000 0.1568858750000000 0.1228516875000000
vn 4.6594392648105147 -4.2137909524228174 -0.0554976613192260
v 0.2420053333333333 -0.1805653333333334 0.0655143333333333
vn -1.8529774898231313 -1.8192280924086164 1.3854959871177916
v -0.2621220000000000 0.1522120000000000 0.1152680000000000
vn -2.5429980899895535 1.7615686460917175 -0.9239065044361128
v -0.2475633749999999 0.1696427500000000 0.0054468750000000
vn 4.3482786450709847 -4.5334655299599760 0.0999274606280184
v 0.1992527999999999 -0.2245121999999999 0.0870258000000000
vn 3.9062817423405902 -4.9205833171657405 -0.0745401680876892
v 0.1388625000000000 -0.2772835000000000 0.0640522500000000
vn -1.8114575269451128 -1.8104329468958211 1.0471770616476537
v 0.1495920000000000 -0.2647410000000000 0.1073690000000000
vn 4.2205667736968966 -4.6525956593387532 0.0998007507920947
v 0.1817680000000000 -0.2408026666666668 0.0887330000000000
vn -2.5433674357110796 1.7020953456738246 0.1761895584100250
v -0.2659117894736842 0.1508410526315790 0.1073823684210526
vn 4.4879855596127278 -4.3938026553848673 0.1503443950274307
v 0.2181550000000000 -0.2056100000000000 0.0942980000000000
vn -4.4034220906016293 4.4784176529056996 0.1549965941730366
v -0.2068163333333333 0.2169486666666667 0.0948833333333333
vn -2.5195310513258180 1.6837586536015401 -0.0428328045216934
v -0.2652220000000000 0.1514676666666667 0.0383040000000000
vn -4.6903165081047238 4.1600259729095850 0.3851907416965648
v -0.2413803333333333 0.1792276666666668 0.1234013333333333
vn 2.2153690953533536 -2.2146775204059019 -3.3786556488828507
v 0.2098629999999999 -0.2098520000000000 0.0000000000000000
vn -4.6316646184137475 4.2415762429499910 0.1621397613438225
v -0.2379233333333334 0.1846476666666667 0.0972486666666667
vn -4.6003205178898119 4.2729607521215662 0.2208403505413441
v -0.2342569999999999 0.1883139999999999 0.1040706666666667
vn 2.0545407674807494 -2.2942657441875793 -0.8741202884127169
v 0.1744569333333334 -0.2420642666666666 0.0000000000000000
vn 2.3631860461205378 -2.0429086229217486 -0.4624866874598150
v 0.2421047500000002 -0.1744999999999999 0.0000000000000000
vn -4.7605337913553649 4.0984972343621253 -0.0955250575454470
v -0.2562180000000000 0.1643890000000000 0.0612510000000000
vn 4.0385184152613940 -4.7995298343377044 -0.3399760381179341
v 0.1466236363636364 -0.2695213636363636 0.0278733636363636
vn 4.2813857118240177 -4.5919457528225012 0.2324083970743896
v 0.1894615000000000 -0.2331095000000000 0.1057640000000000
vn 4.1285683324273297 -4.7470777365273413 -0.3808646545594621
v 0.1558206000000000 -0.2612548000000001 0.0268706000000000
vn 4.2470672685150745 -4.6261741936598080 0.1762635102819725
v 0.1851716000000000 -0.2373994000000000 0.0982824000000000
vn -4.3425078674284032 4.5307899597406545 -0.2910454344284208
v -0.1980490000000000 0.2245220000000000 0.0338470000000000
vn -4.5357583355818161 4.3459674655332252 -0.0959659827278183
v -0.2247430000000000 0.1990220000000000 0.0613997500000000
vn -1.2888950160589336 -1.0900069182202630 -2.1896110551995331
v 0.1687450000000000 -0.2455905000000000 0.0048555000000000
vn 2.0455671165890408 -2.3738302265921671 -3.2644710824187695
v 0.1668600000000000 -0.2499040000000000 0.0000000000000000
vn -4.3926868666757102 4.4804874409258328 -0.3144551027020145
v -0.2052853333333333 0.2172856666666667 0.0305553333333333
vn -4.4284830422558272 4.4531396826466478 -0.1647996514289025
v -0.2104290000000000 0.2133363333333333 0.0519546666666667
vn 4.4946481150385011 -4.3785147086543663 -0.3104915598925899
v 0.2191914000000000 -0.2033795999999999 0.0312454000000000
vn 1.6376203362627684 -2.2925615182838506 -0.9593359536914049
v 0.1514429166666667 -0.2649521666666667 0.0379905000000000
vn -3.7568397192295597 -0.0194933564635746 -1.5428392218119746
v -0.2640700000000000 0.1537980000000000 0.0332050000000000
vn -4.4420452102083319 4.4422489037035211 -0.0000886382608153
v -0.2120819999999996 0.2120819999999996 0.0739999999999999
vn 0.9474762384694149 -3.3591257102227372 -2.7590440657676956
v 0.1720910000000000 -0.2457830000000000 0.0031390000000000
vn 2.2225123279719963 -5.8671780705047176 -2.6382027193103270
v 0.1685036666666666 -0.2492923333333333 0.0068416666666667
vn -4.5780663828145389 4.2951791013120726 0.2487351322827902
v -0.2309333333333334 0.1916376666666667 0.1084610000000000
vn -4.5505239205951522 4.3225317395500999 0.2778440730681794
v -0.2271953333333334 0.1953756666666666 0.1121230000000000
vn -4.3231853754507519 4.5501382690602110 -0.2761195770916715
v -0.1960260000000000 0.2265450000000000 0.0353240000000000
vn -4.6163251337946338 4.2570062979058640 0.1927354709381419
v -0.2362270000000000 0.1863440000000000 0.1008060000000000
vn 4.4238711512101485 -4.4384438647368638 -0.4510096415392822
v 0.2093297499999999 -0.2112777500000000 0.0079362500000000
vn 4.5565270385797447 -4.3166027622202519 -0.2730668144303621
v 0.2276922000000000 -0.1948786000000001 0.0363832000000000
vn 4.3836673689411469 -4.4755424840955040 -0.4716416442226520
v 0.2036610000000000 -0.2169470000000000 0.0084970000000000
vn 1.8469983226837601 -5.4433516795136754 -1.6161570575757738
v 0.1514430000000000 -0.2663092307692307 0.0395014615384615
vn 4.2997175603226845 -4.5735356348681240 0.2553766272392244
v 0.1923453333333333 -0.2302256666666667 0.1092443333333333
vn -4.3648046110292231 4.5084580877945477 -0.3035495321477631
v -0.2008673333333333 0.2217036666666666 0.0322560000000000
vn 4.5264611772591987 -4.3463628335454203 -0.2966558997925364
v 0.2236370000000000 -0.1989340000000000 0.0332870000000000
vn 1.8966963633234071 -2.4539343111834619 -0.0877577408005780
v 0.1537835000000000 -0.2630244000000000 0.0318398000000000
vn -4.7065518801343416 4.1420246253782018 0.3780175915622491
v -0.2446420000000000 0.1759650000000000 0.1189510000000000
vn 4.2637782414433589 -4.6093853614587008 0.2081154631393333
v 0.1878800000000000 -0.2346910000000000 0.1034460000000000
vn -1.8761210520067393 -1.9705496453129245 -0.5410579925621897
v -0.2682534000000000 0.1460796000000000 0.0574116000000000
vn -4.5043907923381727 4.3773196084852195 0.1391095803679554
v -0.2195145000000000 0.2042505000000000 0.0933445000000000
vn 3.9731338896589152 -4.8620230274545850 -0.1969484280079633
v 0.1433720000000000 -0.2727737058823529 0.0379036470588235
vn -4.5420691735607264 4.3395688739889549 0.0836575023713679
v -0.2255990000000000 0.1981660000000000 0.0847100000000000
vn 4.3549277560992268 -4.5053438248314661 -0.4553603073033172
v 0.2001820000000000 -0.2204260000000000 0.0094140000000000
vn -4.3038329615348347 4.5694106086817854 -0.2594134840143646
v -0.1928413333333333 0.2297296666666667 0.0382333333333333
vn 4.6215509559310739 -4.2151544537992525 -0.5431483088829498
v 0.2329190000000000 -0.1876880000000000 0.0160700000000000
vn 4.3214201227735964 -4.5517583827069119 0.2763971953251587
v 0.1954895000000000 -0.2270815000000000 0.1122425000000000
vn -4.2780032192272213 -0.2476903935644854 -0.9423528430852509
v -0.2696160000000000 0.1482520000000000 0.0545250000000000
vn 4.5215918701878728 -4.3601456481754397 -0.1188459173966031
v 0.2230620000000000 -0.2007033333333333 0.0584993333333333
vn 1.7889883366340924 -2.5752225125911892 -0.3530474169239296
v 0.1646140625000000 -0.2525910000000001 0.0118093750000000
vn 3.8904473430196882 -4.9151442097364342 -0.0479095840995557
v 0.1489784000000000 -0.2680970000000000 0.0478624000000000
vn 1.2475260589155555 -5.9068565323975113 -1.7079567255510364
v 0.1332357391304348 -0.2751001304347826 0.0210996086956522
vn -2.3365487441473896 1.7272665177785349 -0.7073251474040000
v -0.2617092499999999 0.1543915000000000 0.0295075000000000
vn -4.3707944957178180 4.5109476869771292 -0.1320200303391812
v -0.2017697500000000 0.2219952500000000 0.0571177500000000
vn -4.2152910028987201 -4.6578913102967956 -0.0653264896846769
v -0.1807680000000000 -0.2418024615384617 0.0642963461538462
vn -4.1961377171261098 -4.6653637633536302 0.3159035876988036
v -0.1767460000000000 -0.2438620000000000 0.1201140000000000
vn -4.3691445828990059 -4.5126010478504490 -0.1300166071779189
v -0.2015362500000000 -0.2222290000000000 0.0574032500000000
vn -4.3452738262923658 -4.5279514292989402 -0.2936067891951442
v -0.1989340000000000 -0.2236370000000000 0.0332870000000000
vn -4.5152598792692542 -4.3579155887390302 0.3005690915975437
v -0.2222517000000000 -0.2003193000000001 0.1154611500000001
vn -4.4277264082644505 -4.4538676782208313 -0.1650044654920028
v -0.2102386666666666 -0.2135263333333333 0.0519836666666667
vn 2.2044701000041598 1.9878543464732070 -0.6081612241877612
v 0.2456941538461538 0.1705466923076923 0.0039312307692308
vn 2.3545615514812019 2.0515480097246166 -0.5495767996164743
v 0.2420642666666666 0.1744569333333333 0.0000000000000000
vn -4.1646140388060902 -4.6968471091366562 0.2612763718235834
v -0.1717220000000000 -0.2488860000000000 0.1114400000000000
vn -1.5739380009630319 -2.7132634724223252 0.3715590544395895
v -0.1570506410256410 -0.2596400000000000 0.1236832564102564
vn -4.0196256687663343 -4.8017361101110305 0.4524814912678054
v -0.1675630434782608 -0.2517719565217391 0.1229241304347826
vn 3.1946871028117449 -0.0165064078155041 -2.2315607918890263
v 0.2517220000000000 0.1661450000000000 0.0100940000000000
vn -4.2632692147635201 -4.6099415616234829 -0.2072188847182340
v -0.1874177500000000 -0.2351532500000000 0.0454065000000000
vn 2.2148687760679517 2.2150869552233670 -3.3794466906256928
v 0.2098520000000000 0.2098629999999999 0.0000000000000000
vn 4.5022611520008109 4.3576554411453134 -0.4587606631843775
v 0.2204260000000000 0.2001820000000000 0.0094140000000000
vn -4.2353136098708815 -4.6379523301770087 -0.1472526336366326
v -0.1835890000000000 -0.2389820000000000 0.0533740000000000
vn 1.7619877016464323 -1.7629848650317426 1.0393217062236229
v 0.2647410000000000 0.1495920000000000 0.1073690000000000
vn 4.3602492749934054 4.4992309464661915 -0.4633782335373414
v 0.2008861875000000 0.2197218125000001 0.0092388750000000
vn -4.6531946798482160 -4.2079898366652806 0.3367578196443005
v -0.2421358461538461 -0.1784719615384615 0.1224518076923077
vn 4.6235405309111623 4.2114132515592377 -0.5523041976182478
v 0.2330960000000000 0.1875115000000000 0.0162305000000000
# 2489 vertices, 0 vertices normals


usemtl material_0
vt 0.4328710138797760 0.2592349946498871
vt 0.4306580126285553 0.2592349946498871
vt 0.4306580126285553 0.2496339976787567
f 1192/1/1192 1677/2/1677 23/3/23
vt 0.4328710138797760 0.2496339976787567
f 361/3/361 652/4/652 222/1/222
vt 0.4306580126285553 0.7393000125885010
vt 0.4284450113773346 0.7393000125885010
vt 0.4284450113773346 0.7296990156173706
f 945/5/945 906/6/906 1322/7/1322
vt 0.4306580126285553 0.7296990156173706
f 814/7/814 8/8/8 1394/5/1394
vt 0.4439359903335571 0.1968269944190979
vt 0.4439359903335571 0.1920260041952133
vt 0.4461489915847778 0.1920260041952133
f 574/9/574 1317/10/1317 1901/11/1901
vt 0.4461489915847778 0.2016270011663437
vt 0.4439359903335571 0.2016270011663437
f 1681/12/1681 1684/13/1684 1266/9/1266
f 1494/11/1494 1434/12/1434 1483/9/1483
vt 0.4428290128707886 0.2016270011663437
vt 0.4439359903335571 0.2112289965152740
f 1585/14/1585 249/13/249 261/15/261
vt 0.4417229890823364 0.2112289965152740
vt 0.4417229890823364 0.2016270011663437
f 813/16/813 819/17/819 1385/14/1385
f 1824/15/1824 1846/16/1846 1845/14/1845
vt 0.4428290128707886 0.1968269944190979
f 2326/13/2326 638/14/638 1529/18/1529
f 596/18/596 322/9/322 2386/13/2386
vt 0.4439359903335571 0.7969080209732056
vt 0.4417229890823364 0.7969080209732056
vt 0.4417229890823364 0.7873070240020752
f 798/19/798 793/20/793 1368/21/1368
vt 0.4439359903335571 0.7873070240020752
f 1505/21/1505 1519/22/1519 435/19/435
vt 0.4461489915847778 0.8065090179443359
vt 0.4439359903335571 0.8065090179443359
f 2343/23/2343 1529/24/1529 1549/19/1549
vt 0.4461489915847778 0.7969080209732056
f 455/19/455 2279/25/2279 2094/23/2094
vt 0.4660649895668030 0.1344179958105087
vt 0.4638530015945435 0.1344179958105087
vt 0.4638530015945435 0.1248169988393784
f 830/26/830 1176/27/1176 1811/28/1811
vt 0.4660649895668030 0.1248169988393784
f 2210/28/2210 2222/29/2222 2475/26/2475
vt 0.4594269990921021 0.1440189927816391
vt 0.4594269990921021 0.1536210030317307
vt 0.4572139978408813 0.1536210030317307
f 2287/30/2287 166/31/166 632/32/632
vt 0.4605329930782318 0.1344179958105087
vt 0.4616400003433228 0.1344179958105087
vt 0.4616400003433228 0.1440189927816391
f 2000/33/2000 1699/34/1699 2001/35/2001
vt 0.4594269990921021 0.1344179958105087
f 350/30/350 649/36/649 228/33/228
f 1382/35/1382 1388/30/1388 1389/33/1389
vt 0.4704909920692444 0.8833199739456177
vt 0.4693849980831146 0.8833199739456177
vt 0.4693849980831146 0.8785189986228943
f 821/37/821 1167/38/1167 1249/39/1249
vt 0.4682779908180237 0.8833199739456177
vt 0.4682779908180237 0.8785189986228943
f 93/38/93 94/40/94 124/41/124
f 2151/41/2151 2181/39/2181 2177/38/2177
vt 0.4671719968318939 0.8833199739456177
vt 0.4671719968318939 0.8785189986228943
f 2139/40/2139 2150/42/2150 2239/43/2239
f 218/43/218 1272/41/1272 20/40/20
vt 0.4660649895668030 0.8785189986228943
f 2408/44/2408 292/43/292 2414/42/2414
vt 0.4660649895668030 0.8737180233001709
f 2170/43/2170 2049/44/2049 1363/45/1363
vt 0.4671719968318939 0.8737180233001709
f 977/45/977 2192/46/2192 1576/43/1576
vt 0.4677250087261200 0.8737180233001709
vt 0.4682779908180237 0.8737180233001709
f 920/47/920 961/48/961 936/41/936
f 920/43/920 936/46/936 961/47/961
f 2197/41/2197 2482/43/2482 2472/47/2472
vt 0.4677250087261200 0.8713179826736450
f 2108/48/2108 2205/47/2205 2218/49/2218
vt 0.4682779908180237 0.8713179826736450
f 964/49/964 956/50/956 931/48/931
vt 0.4671719968318939 0.8713179826736450
f 774/47/774 1433/46/1433 1442/51/1442
f 1303/51/1303 1683/49/1683 1697/47/1697
vt 0.4671719968318939 0.8689180016517639
f 1132/49/1132 1761/51/1761 1743/52/1743
f 1956/51/1956 976/46/976 854/45/854
vt 0.4660649895668030 0.8689180016517639
f 113/53/113 102/52/102 90/51/90
f 946/45/946 963/53/963 970/51/970
vt 0.4638530015945435 0.8737180233001709
f 1668/53/1668 1246/45/1246 2221/54/2221
vt 0.4638530015945435 0.8641170263290405
vt 0.4660649895668030 0.8641170263290405
f 1137/55/1137 2044/56/2044 750/53/750
f 2369/54/2369 1513/55/1513 122/53/122
vt 0.4172269999980927 0.3062910139560699
vt 0.4214049875736237 0.3228589892387390
vt 0.4143149852752686 0.3228589892387390
f 703/57/703 710/58/710 706/59/706
vt 0.4108879864215851 0.3447049856185913
vt 0.4125440120697021 0.3337709903717041
vt 0.4150010049343109 0.3666329979896545
f 1598/60/1598 1558/61/1558 1586/62/1586
f 949/61/949 942/59/942 406/58/406
vt 0.4228309988975525 0.3145549893379211
vt 0.4203729927539825 0.2898379862308502
f 1570/63/1570 285/57/285 1791/64/1791
vt 0.4274710118770599 0.2898379862308502
vt 0.4258320033550262 0.2982299923896790
vt 0.4237290024757385 0.2734979987144470
f 2237/65/2237 2153/66/2153 1969/67/1969
vt 0.4272690117359161 0.2572709918022156
vt 0.4308019876480103 0.2736000120639801
f 140/68/140 1717/69/1717 183/67/183
vt 0.4243170022964478 0.3062900006771088
f 240/64/240 347/66/347 235/70/235
f 1279/63/1279 682/58/682 715/57/715
f 2435/70/2435 614/63/614 662/64/662
f 1086/64/1086 1771/67/1771 83/66/83
f 264/58/264 2228/62/2228 1553/61/1553
vt 0.4024829864501953 0.4217180013656616
vt 0.4033409953117371 0.4106729924678802
vt 0.4104270040988922 0.4106259942054749
f 1341/71/1341 917/72/917 1918/73/1918
vt 0.4043140113353729 0.3996410071849823
f 2488/72/2488 2223/74/2223 164/73/164
vt 0.4017390012741089 0.4327729940414429
vt 0.4076820015907288 0.4548369944095612
vt 0.4011090099811554 0.4438380002975464
f 1985/75/1985 2194/76/2194 2135/77/2135
f 2212/75/2212 2278/71/2278 2273/76/2273
vt 0.4054009914398193 0.3886219859123230
f 2489/73/2489 1727/74/1727 194/78/194
vt 0.4079160094261169 0.3666290044784546
vt 0.4093450009822845 0.3556579947471619
f 1857/62/1857 886/79/886 1818/80/1818
f 1247/60/1247 870/62/870 1246/80/1246
vt 0.4066010117530823 0.3776180148124695
f 43/81/43 1653/79/1653 688/62/688
f 856/71/856 1968/73/1968 983/76/983
f 1865/62/1865 1893/73/1893 2389/81/2389
f 1355/81/1355 1555/73/1555 261/78/261
vt 0.4005939960479736 0.4549120068550110
f 754/82/754 112/77/112 114/76/114
vt 0.4418990015983582 0.1973859965801239
vt 0.4408690035343170 0.2013330012559891
f 256/83/256 1559/17/1559 2125/84/2125
f 747/83/747 2077/14/2077 2075/17/2075
vt 0.4388290047645569 0.2092449963092804
f 1333/85/1333 1231/84/1231 1457/16/1457
f 2401/17/2401 1887/16/1887 2400/84/2400
vt 0.4416140019893646 0.2264239937067032
f 939/86/939 962/85/962 1921/16/1921
vt 0.4424169957637787 0.1954150050878525
f 1370/87/1370 1736/18/1736 1764/83/1764
vt 0.4429360032081604 0.1934459954500198
f 1378/88/1378 2091/9/2091 2087/18/2087
f 1149/87/1149 1022/88/1022 1080/18/1080
vt 0.4476140141487122 0.1760209947824478
f 1660/89/1660 51/10/51 1254/88/1254
f 950/10/950 1860/9/1860 1628/88/1628
f 877/83/877 1276/18/1276 1252/14/1252
f 1387/15/1387 13/86/13 818/16/818
vt 0.4325529932975769 0.2654460072517395
f 613/1/613 2406/90/2406 238/2/238
f 618/3/618 1874/2/1874 2403/68/2403
f 1261/2/1261 52/69/52 1650/68/1650
f 472/69/472 641/65/641 2020/67/2020
f 648/2/648 236/90/236 1889/69/1889
vt 0.4309780001640320 0.2411549985408783
f 2066/4/2066 750/3/750 738/91/738
f 1063/91/1063 1157/3/1157 1495/68/1495
vt 0.4348379969596863 0.2251469939947128
vt 0.4343590140342712 0.2572709918022156
f 1537/92/1537 1503/93/1503 1698/4/1698
f 22/91/22 204/92/204 17/4/17
f 579/85/579 1994/86/1994 2/92/2
f 1340/86/1340 905/93/905 900/92/900
vt 0.4334490001201630 0.2613610029220581
f 647/94/647 2459/1/2459 2447/93/2447
f 677/4/677 628/93/628 2251/1/2251
f 217/90/217 366/1/366 997/94/997
vt 0.4067670106887817 0.4992679953575134
vt 0.3996770083904266 0.4992679953575134
vt 0.3997339904308319 0.4881719946861267
f 403/95/403 1492/96/1492 74/97/74
vt 0.3997339904308319 0.5103960037231445
f 2248/98/2248 372/96/372 2332/95/2332
vt 0.3999060094356537 0.5215100049972534
f 1464/95/1464 63/99/63 57/98/57
vt 0.3999060094356537 0.4770799875259399
f 2469/97/2469 341/100/341 817/95/817
vt 0.4001930058002472 0.4659929871559143
f 990/101/990 1971/82/1971 859/76/859
f 681/100/681 687/76/687 718/95/718
vt 0.4076839983463287 0.5436229705810547
f 193/95/193 2281/102/2281 195/99/195
vt 0.4005919992923737 0.5436980128288269
vt 0.4001919925212860 0.5326110124588013
f 1225/103/1225 1306/104/1306 1/102/1
f 2284/102/2284 24/104/24 365/99/365
vt 0.4011070132255554 0.5547710061073303
f 1084/105/1084 1037/103/1037 1120/102/1120
f 41/76/41 1643/100/1643 34/101/34
vt 0.4017359912395477 0.5658310055732727
vt 0.4024789929389954 0.5768769979476929
f 993/106/993 1212/102/1212 2298/107/2298
vt 0.4104309976100922 0.5878620147705078
vt 0.4033370018005371 0.5879089832305908
f 2489/108/2489 194/109/194 157/107/157
vt 0.4043090045452118 0.5989279747009277
f 68/110/68 546/109/546 405/108/405
vt 0.4053950011730194 0.6099330186843872
f 1256/108/1256 1252/111/1252 1276/110/1276
f 2354/106/2354 431/105/431 1516/102/1516
vt 0.4150060117244720 0.6319059729576111
vt 0.4079110026359558 0.6319019794464111
vt 0.4065960049629211 0.6209250092506409
f 1484/112/1484 1145/113/1145 1435/114/1435
f 284/111/284 1873/108/1873 294/114/294
vt 0.4093399941921234 0.6428660154342651
f 895/112/895 1291/115/1291 1285/113/1285
vt 0.4108839929103851 0.6538169980049133
f 895/116/895 1285/115/1285 1291/112/1291
vt 0.4125419855117798 0.6647530198097229
f 1496/112/1496 429/117/429 2353/116/2353
f 2285/112/2285 1710/114/1710 629/108/629
f 2011/102/2011 1710/108/1710 1712/107/1712
vt 0.4143149852752686 0.6756759881973267
vt 0.4214049875736237 0.6756759881973267
f 1693/118/1693 890/117/890 1654/119/1654
f 1440/112/1440 1485/119/1485 2241/117/2241
vt 0.4171850085258484 0.6920120120048523
f 941/120/941 1233/118/1233 896/119/896
vt 0.4186820089817047 0.6999909877777100
f 94/120/94 104/119/104 124/121/124
vt 0.4203009903430939 0.7082920074462891
f 1026/122/1026 1467/121/1467 79/119/79
vt 0.4274530112743378 0.7086939811706543
f 1150/122/1150 771/119/771 765/123/765
vt 0.4236119985580444 0.7244619727134705
vt 0.4219290018081665 0.7163670063018799
f 695/124/695 681/125/681 718/123/718
f 2438/122/2438 2416/123/2416 1941/125/1941
f 1888/7/1888 327/124/327 290/123/290
f 1825/123/1825 408/8/408 1816/7/1816
vt 0.4271459877490997 0.7407150268554688
f 2138/126/2138 2241/124/2241 2229/7/2229
vt 0.4343430101871490 0.7412589788436890
f 1301/8/1301 1680/123/1680 882/127/882
f 1034/6/1034 101/126/101 123/7/123
vt 0.4279949963092804 0.7444840073585510
f 647/128/647 353/126/353 610/6/610
vt 0.4288620054721832 0.7482879757881165
f 2433/129/2433 330/6/330 2450/5/2450
f 1782/8/1782 736/127/736 1119/5/1119
vt 0.4306519925594330 0.7559959888458252
f 1587/127/1587 265/130/265 1592/5/1592
f 1525/6/1525 1542/129/1542 798/128/798
f 2055/130/2055 100/129/100 122/5/122
vt 0.4344519972801208 0.7718179821968079
f 1137/130/1137 538/127/538 1397/131/1397
vt 0.4419200122356415 0.7733860015869141
vt 0.4385460019111633 0.7881829738616943
f 922/132/922 1339/133/1339 562/131/562
f 2161/127/2161 448/132/448 1407/131/1407
f 769/21/769 1908/133/1908 1012/132/1012
vt 0.4429360032081604 0.8050889968872070
f 2481/134/2481 2344/133/2344 2476/20/2476
f 956/21/956 423/20/423 930/133/930
f 647/20/647 348/19/348 2459/134/2459
f 2354/132/2354 2111/22/2111 2080/21/2080
vt 0.4585559964179993 0.1620589941740036
vt 0.4500260055065155 0.1934459954500198
vt 0.4521619975566864 0.1595750004053116
f 1299/135/1299 1844/136/1844 1814/137/1814
f 244/136/244 1993/11/1993 1309/89/1309
f 887/137/887 1304/136/1304 890/89/890
vt 0.4489110112190247 0.1976850032806396
f 147/138/147 426/11/426 467/136/467
vt 0.4565509855747223 0.1441020071506500
f 724/32/724 1852/137/1852 388/139/388
vt 0.4586789906024933 0.1367270052433014
f 1393/30/1393 12/140/12 2378/36/2378
vt 0.4597260057926178 0.1331309974193573
f 1153/141/1153 1156/36/1156 1072/140/1072
f 2428/139/2428 1878/30/1878 2410/32/2410
f 2292/135/2292 1703/32/1703 2006/31/2006
f 1374/137/1374 1749/32/1749 448/135/448
f 2112/31/2112 470/30/470 2371/35/2371
f 277/140/277 1798/30/1798 272/139/272
vt 0.4456749856472015 0.2102009952068329
f 951/15/951 1790/13/1790 1801/142/1801
f 1886/142/1886 284/13/284 1349/12/1349
vt 0.4500260055065155 0.8050889968872070
f 141/22/141 1121/132/1121 130/143/130
f 2383/22/2383 592/25/592 291/19/291
f 611/134/611 1940/19/1940 296/24/296
vt 0.4478139877319336 0.2018900066614151
f 2396/142/2396 1872/12/1872 1940/144/1940
f 1660/15/1660 1661/142/1661 54/86/54
f 137/143/137 1722/25/1722 129/22/129
f 2380/11/2380 1946/144/1946 591/12/591
vt 0.4471699893474579 0.8208820223808289
f 815/143/815 8/145/8 1391/23/1391
f 1239/25/1239 416/143/416 1339/23/1339
vt 0.4439730048179626 0.8090000152587891
f 473/146/473 827/24/827 2040/23/2040
f 1793/144/1793 1608/11/1608 1568/138/1568
vt 0.4506169855594635 0.8073210120201111
f 1605/143/1605 1983/147/1983 1792/145/1792
f 256/35/256 2125/135/2125 2242/31/2242
f 189/89/189 147/11/147 1715/10/1715
vt 0.4802559912204742 0.0662420019507408
vt 0.4776250123977661 0.0970430001616478
vt 0.4757339954376221 0.0803750008344650
f 1227/148/1227 1236/149/1236 413/150/413
vt 0.4942019879817963 0.0494929999113083
vt 0.4873459935188293 0.0662420019507408
f 2031/151/2031 639/152/639 667/148/667
f 1104/152/1104 1039/149/1039 1761/148/1761
vt 0.4705789983272552 0.0969040021300316
vt 0.4678499996662140 0.1295939981937408
vt 0.4679169952869415 0.1056099981069565
f 950/153/950 1913/154/1913 1314/155/1314
f 231/150/231 623/149/623 1887/153/1887
f 699/149/699 1642/154/1642 728/153/728
vt 0.5413060188293457 0.0030449999030679
vt 0.5225300192832947 0.0163710005581379
vt 0.5369089841842651 0.0000000000000000
f 92/156/92 88/157/88 108/158/108
vt 0.5140630006790161 0.0344149991869926
f 1203/159/1203 24/157/24 635/156/635
vt 0.5082939863204956 0.0328689999878407
f 1385/159/1385 664/151/664 2377/160/2377
f 2379/157/2379 1196/159/1196 1308/160/1308
f 1315/152/1315 560/151/560 549/159/549
vt 0.4602450132369995 0.1313550025224686
f 1575/161/1575 1550/33/1550 1594/141/1594
vt 0.4607599973678589 0.1295939981937408
f 1106/162/1106 1397/33/1397 451/161/451
f 1374/162/1374 120/34/120 1749/33/1749
f 1066/27/1066 925/35/925 974/34/974
f 1884/34/1884 1929/162/1929 594/28/594
f 1727/141/1727 2484/33/2484 1728/36/1728
vt 0.4656710028648376 0.1130459979176521
f 1813/29/1813 1289/28/1289 1851/163/1851
f 727/162/727 687/163/687 1646/28/1646
f 747/29/747 2046/163/2046 2077/155/2077
f 1657/154/1657 732/26/732 693/29/693
f 588/35/588 2459/27/2459 348/26/348
f 780/29/780 901/155/901 1008/154/1008
f 585/34/585 2391/28/2391 2455/27/2455
f 1008/26/1008 1070/154/1070 1148/135/1148
f 2438/26/2438 579/135/579 2379/35/2379
vt 0.4450240135192871 0.8129349946975708
f 2031/146/2031 667/23/667 522/164/522
vt 0.4512059986591339 0.8095380067825317
f 780/145/780 1008/147/1008 763/165/763
f 1624/23/1624 1350/145/1350 1625/164/1625
vt 0.4523789882659912 0.8139250278472900
vt 0.4516359865665436 0.8370789885520935
f 589/166/589 244/167/244 1928/145/1928
f 1271/166/1271 1267/145/1267 1683/165/1683
vt 0.4538629949092865 0.8450009822845459
vt 0.4547039866447449 0.8225139975547791
vt 0.4592519998550415 0.8389599919319153
f 835/168/835 1847/169/1847 494/170/494
f 969/167/969 924/169/924 1904/168/1904
vt 0.4561260044574738 0.8529520034790039
f 16/168/16 12/170/12 8/171/8
vt 0.4607599973678589 0.8689410090446472
f 2453/170/2453 238/172/238 1616/171/1616
f 667/55/667 2332/172/2332 522/170/522
f 1986/55/1986 1891/170/1891 237/56/237
f 1432/166/1432 1140/169/1140 1468/167/1468
f 1419/54/1419 1139/172/1139 729/55/729
f 733/52/733 32/53/32 2021/56/2021
vt 0.4655030071735382 0.8849279880523682
f 1975/44/1975 981/173/981 1984/54/1984
f 916/45/916 943/44/943 920/54/920
f 247/172/247 1554/54/1554 2230/173/2230
vt 0.4678499996662140 0.8689410090446472
f 633/174/633 165/49/165 638/52/638
f 1054/56/1054 1775/174/1775 1776/52/1776
vt 0.4681760072708130 0.8700500130653381
f 459/175/459 1533/49/1533 2098/174/2098
f 1750/173/1750 1377/44/1377 2160/42/2160
f 1377/50/1377 2159/49/2159 1371/175/1371
f 1881/174/1881 321/56/321 297/170/297
vt 0.4702869951725006 0.9006829857826233
f 1975/176/1975 984/173/984 853/42/853
vt 0.4684990048408508 0.8711500167846680
f 663/177/663 656/48/656 233/50/233
f 2166/175/2166 98/177/98 1374/50/1374
vt 0.4691390097141266 0.8733220100402832
f 895/178/895 1266/48/1266 1684/177/1684
f 1264/178/1264 46/41/46 51/48/51
f 1570/39/1570 1614/41/1614 1551/178/1551
vt 0.4703939855098724 0.8775619864463806
f 1626/178/1626 977/179/977 1576/39/1576
f 795/179/795 2171/37/2171 1369/39/1369
vt 0.4727999866008759 0.8856199979782104
f 116/180/116 82/176/82 83/37/83
f 864/179/864 1953/180/1953 850/37/850
f 799/176/799 2051/38/2051 739/37/739
f 1465/176/1465 9/40/9 1423/38/1423
vt 0.4750649929046631 0.8931159973144531
f 604/176/604 226/180/226 225/181/225
vt 0.4727939963340759 0.9087889790534973
f 2455/182/2455 2391/176/2391 2463/181/2463
vt 0.4761930108070374 0.8968179821968079
f 2031/183/2031 840/182/840 1186/181/1186
vt 0.4775860011577606 0.9013609886169434
vt 0.4752910137176514 0.9167590141296387
f 505/184/505 706/185/706 379/183/379
f 2134/182/2134 2121/183/2121 2186/185/2186
vt 0.4802559912204742 0.9322940111160278
f 2294/186/2294 2010/185/2010 2288/184/2288
vt 0.4873459935188293 0.9322940111160278
f 2067/186/2067 2063/184/2063 740/187/740
vt 0.4988830089569092 0.9545969963073730
vt 0.5140630006790161 0.9641199707984924
f 948/188/948 564/187/564 1904/189/1904
vt 0.5177689790725708 0.9766790270805359
f 2293/190/2293 165/188/165 633/189/633
f 329/186/329 316/187/316 1924/188/1924
vt 0.5369089841842651 0.9985349774360657
vt 0.5413060188293457 0.9954900145530701
f 867/191/867 1305/190/1305 690/192/690
f 170/189/170 2288/192/2288 1708/190/1708
f 466/42/466 458/40/458 1538/176/1538
f 889/134/889 1695/24/1695 1828/146/1828
vt 0.3089489936828613 0.4775489866733551
vt 0.3089489936828613 0.4681499898433685
vt 0.3223069906234741 0.4681499898433685
f 798/193/798 2087/194/2087 793/195/793
vt 0.3223069906234741 0.4775489866733551
f 118/195/118 108/196/108 740/193/740
vt 0.3089489936828613 0.4587509930133820
vt 0.3223069906234741 0.4587509930133820
f 168/194/168 1713/197/1713 172/198/172
f 429/198/429 428/195/428 2353/194/2353
vt 0.3089489936828613 0.4969109892845154
vt 0.3089489936828613 0.4872300028800964
vt 0.3223069906234741 0.4872300028800964
f 1108/199/1108 1087/200/1087 741/201/741
vt 0.3223069906234741 0.4969109892845154
f 642/201/642 2258/202/2258 460/199/460
f 1890/200/1890 1870/193/1870 304/196/304
f 1169/196/1169 515/201/515 2019/200/2019
vt 0.3089489936828613 0.5162720084190369
vt 0.3089489936828613 0.5065919756889343
vt 0.3223069906234741 0.5065919756889343
f 956/203/956 940/204/940 423/205/423
vt 0.3223069906234741 0.5162720084190369
f 440/205/440 2168/206/2168 2073/203/2073
f 1688/204/1688 1248/199/1248 823/202/823
f 1943/202/1943 295/205/295 322/204/322
vt 0.3089489936828613 0.5355880260467529
vt 0.3089489936828613 0.5259299874305725
vt 0.3223069906234741 0.5259299874305725
f 2385/207/2385 584/208/584 1935/209/1935
vt 0.3223069906234741 0.5355880260467529
f 2373/209/2373 816/210/816 814/207/814
f 2240/208/2240 1576/203/1576 2192/206/2192
f 264/206/264 1610/209/1610 1591/208/1591
vt 0.3223069906234741 0.5500749945640564
vt 0.3223069906234741 0.5549039840698242
vt 0.3089489936828613 0.5549039840698242
f 2359/211/2359 2372/212/2372 2099/213/2099
vt 0.3089489936828613 0.5452460050582886
vt 0.3223069906234741 0.5452460050582886
f 1705/214/1705 171/215/171 2325/211/2325
f 2055/213/2055 1131/214/1131 1058/211/1058
vt 0.3223069906234741 0.5404170155525208
f 448/216/448 1749/215/1749 1412/214/1412
f 1141/207/1141 1059/210/1059 1426/216/1426
f 1611/214/1611 1557/207/1557 278/216/278
vt 0.3289850056171417 0.5404170155525208
f 1469/215/1469 1492/216/1492 1428/217/1428
vt 0.3289850056171417 0.5452460050582886
f 886/217/886 1253/218/1253 1666/215/1666
vt 0.3289850056171417 0.5355880260467529
f 344/216/344 621/210/621 301/219/301
f 1027/219/1027 1460/217/1460 785/216/785
vt 0.3289850056171417 0.5500749945640564
f 453/212/453 1057/211/1057 1736/220/1736
vt 0.3289850056171417 0.5549039840698242
f 2089/220/2089 796/221/796 2076/212/2076
f 446/211/446 1048/215/1048 1101/218/1101
f 1766/218/1766 1086/220/1086 2052/211/2052
vt 0.3223069906234741 0.5690360069274902
vt 0.3223069906234741 0.5737469792366028
vt 0.3089489936828613 0.5737469792366028
f 1466/222/1466 1480/223/1480 1441/224/1441
vt 0.3089489936828613 0.5643259882926941
vt 0.3223069906234741 0.5643259882926941
f 2317/225/2317 1213/226/1213 211/222/211
f 1754/224/1754 1036/225/1036 1111/222/1111
f 2185/225/2185 2128/213/2128 2234/212/2234
f 1222/212/1222 399/226/399 1241/225/1241
vt 0.3289850056171417 0.5690360069274902
f 1053/223/1053 1780/222/1780 1136/227/1136
vt 0.3289850056171417 0.5737469792366028
f 369/227/369 1677/228/1677 1258/223/1258
vt 0.3289850056171417 0.5643259882926941
f 2469/222/2469 1392/226/1392 2460/229/2460
f 2447/229/2447 2419/227/2419 2445/222/2445
vt 0.3089489936828613 0.5925909876823425
vt 0.3089489936828613 0.5831689834594727
vt 0.3223069906234741 0.5831689834594727
f 67/230/67 1469/231/1469 1017/232/1017
vt 0.3223069906234741 0.5925909876823425
f 2316/232/2316 2299/233/2299 2319/230/2319
vt 0.3223069906234741 0.5784580111503601
f 436/234/436 469/232/469 466/231/466
f 2090/224/2090 801/223/801 2066/234/2066
f 585/231/585 1948/224/1948 2391/234/2391
vt 0.3289850056171417 0.5784580111503601
f 1936/232/1936 2426/234/2426 314/235/314
vt 0.3289850056171417 0.5831689834594727
f 2213/235/2213 195/236/195 2484/232/2484
f 2166/234/2166 1373/223/1373 790/228/790
f 1255/228/1255 1691/235/1691 1256/234/1256
vt 0.3089489936828613 0.6105560064315796
vt 0.3089489936828613 0.6015740036964417
vt 0.3223069906234741 0.6015740036964417
f 1287/237/1287 478/238/478 1823/239/1823
vt 0.3223069906234741 0.6105560064315796
f 2299/239/2299 210/240/210 2321/237/2321
f 903/238/903 927/230/927 1338/233/1338
f 91/233/91 1543/239/1543 109/238/109
vt 0.3223069906234741 0.6240310072898865
vt 0.3223069906234741 0.6285219788551331
vt 0.3089489936828613 0.6285219788551331
f 2366/241/2366 2107/242/2107 1365/243/1365
vt 0.3089489936828613 0.6195390224456787
vt 0.3223069906234741 0.6195390224456787
f 1821/244/1821 1177/245/1177 830/241/830
f 1011/243/1011 1030/244/1030 1031/241/1031
vt 0.3223069906234741 0.6150479912757874
f 579/246/579 243/245/243 1994/244/1994
f 1710/237/1710 2113/240/2113 2367/246/2367
f 72/244/72 1465/237/1465 1480/246/1480
vt 0.3289850056171417 0.6172930002212524
vt 0.3289850056171417 0.6195390224456787
f 1574/247/1574 1596/248/1596 1591/245/1591
vt 0.3289850056171417 0.6150479912757874
f 639/246/639 2311/249/2311 667/247/667
f 509/245/509 2018/246/2018 377/247/377
vt 0.3289850056171417 0.6105560064315796
f 833/246/833 1174/240/1174 1806/250/1806
f 269/250/269 977/249/977 1796/246/1796
vt 0.3323250114917755 0.6172930002212524
f 605/248/605 1618/247/1618 1961/251/1961
vt 0.3323250114917755 0.6195390224456787
f 191/251/191 2275/252/2275 1733/248/1733
vt 0.3323250114917755 0.6150479912757874
f 23/247/23 1004/249/1004 1211/253/1211
f 386/253/386 521/251/521 1804/247/1804
vt 0.3289850056171417 0.6240310072898865
f 2333/242/2333 645/241/645 2262/254/2262
vt 0.3289850056171417 0.6285219788551331
f 1649/254/1649 1663/255/1663 735/242/735
vt 0.3289850056171417 0.6217849850654602
f 753/256/753 2062/254/2062 125/241/125
f 326/245/326 1881/248/1881 2394/256/2394
f 1988/241/1988 987/245/987 786/256/786
vt 0.3323250114917755 0.6217849850654602
f 698/254/698 712/256/712 1707/257/1707
vt 0.3323250114917755 0.6240310072898865
f 1854/257/1854 1183/258/1183 1802/254/1802
f 1251/256/1251 1679/248/1679 834/252/834
f 590/252/590 1864/257/1864 1942/256/1942
vt 0.3089489936828613 0.6458939909934998
vt 0.3089489936828613 0.6372079849243164
vt 0.3223069906234741 0.6372079849243164
f 457/259/457 1534/260/1534 1539/261/1539
vt 0.3223069906234741 0.6458939909934998
f 2048/261/2048 85/262/85 2069/259/2069
f 513/260/513 687/243/687 376/242/376
f 1887/242/1887 2411/261/2411 1879/260/1879
vt 0.3089489936828613 0.6632649898529053
vt 0.3089489936828613 0.6545799970626831
vt 0.3223069906234741 0.6545799970626831
f 451/263/451 1742/264/1742 443/265/443
vt 0.3223069906234741 0.6632649898529053
f 2045/265/2045 741/266/741 102/263/102
f 2393/264/2393 303/259/303 310/262/310
f 508/262/508 1832/265/1832 1820/264/1820
vt 0.3089489936828613 0.6806370019912720
vt 0.3089489936828613 0.6719509959220886
vt 0.3223069906234741 0.6719509959220886
f 394/267/394 570/268/570 1312/269/1312
vt 0.3223069906234741 0.6806370019912720
f 1682/269/1682 1184/270/1184 824/267/824
f 189/268/189 1715/263/1715 190/266/190
f 1147/266/1147 1903/269/1903 961/268/961
vt 0.3223069906234741 0.6936659812927246
vt 0.3223069906234741 0.6980090141296387
vt 0.3089489936828613 0.6980090141296387
f 2159/271/2159 430/272/430 1371/273/1371
vt 0.3089489936828613 0.6893230080604553
vt 0.3223069906234741 0.6893230080604553
f 2090/274/2090 811/275/811 2088/271/2088
f 449/273/449 1747/274/1747 450/271/450
vt 0.3223069906234741 0.6849799752235413
f 2179/276/2179 2449/275/2449 2462/274/2462
f 1182/267/1182 821/270/821 2016/276/2016
f 363/274/363 2457/267/2457 652/276/652
vt 0.3289850056171417 0.6871510148048401
vt 0.3289850056171417 0.6893230080604553
f 1854/277/1854 1849/278/1849 846/275/846
vt 0.3289850056171417 0.6849799752235413
f 65/276/65 1479/279/1479 1477/277/1477
f 2111/275/2111 2369/276/2369 2049/277/2049
vt 0.3289850056171417 0.6806370019912720
f 70/276/70 561/270/561 406/280/406
f 1143/280/1143 942/279/942 951/276/951
vt 0.3323250114917755 0.6871510148048401
f 176/278/176 26/277/26 2291/281/2291
vt 0.3323250114917755 0.6893230080604553
f 2420/281/2420 2444/282/2444 337/278/337
vt 0.3323250114917755 0.6849799752235413
f 211/277/211 212/279/212 210/283/210
f 952/283/952 974/281/974 961/277/961
vt 0.3289850056171417 0.6936659812927246
f 1002/272/1002 1837/271/1837 2297/284/2297
vt 0.3289850056171417 0.6980090141296387
f 1303/284/1303 686/285/686 1304/272/1304
f 134/271/134 2223/275/2223 2211/278/2211
f 2425/278/2425 332/284/332 349/271/349
vt 0.3089489936828613 0.7153800129890442
vt 0.3089489936828613 0.7066950201988220
vt 0.3223069906234741 0.7066950201988220
f 2024/286/2024 494/287/494 487/288/487
vt 0.3223069906234741 0.7153800129890442
f 2433/288/2433 2434/289/2434 330/286/330
f 2488/287/2488 160/273/160 2223/272/2223
f 2255/272/2255 646/288/646 644/287/644
vt 0.3355939984321594 0.5013930201530457
vt 0.3355939984321594 0.5056160092353821
f 1085/290/1085 1127/291/1127 1105/205/1105
vt 0.3355939984321594 0.4929459989070892
vt 0.3355939984321594 0.4971689879894257
f 967/292/967 937/293/937 968/202/968
vt 0.3355939984321594 0.4887219965457916
f 1928/292/1928 243/201/243 579/294/579
vt 0.3355939984321594 0.5286840200424194
vt 0.3355939984321594 0.5241410136222839
f 1589/295/1589 2149/209/2149 264/296/264
vt 0.3355939984321594 0.5098029971122742
vt 0.3355939984321594 0.5144159793853760
f 1777/297/1777 1127/298/1127 1045/206/1045
f 622/297/622 1878/205/1878 2428/291/2428
vt 0.3355939984321594 0.5193849802017212
f 2219/206/2219 2372/298/2372 2477/299/2477
f 813/299/813 1385/296/1385 2374/209/2374
vt 0.3355929851531982 0.4591569900512695
vt 0.3355939984321594 0.4633809924125671
f 2067/198/2067 736/300/736 2063/301/2063
vt 0.3355929851531982 0.4549340009689331
f 55/302/55 1452/300/1452 1021/198/1021
vt 0.3355939984321594 0.4676049947738647
f 869/301/869 1822/303/1822 510/195/510
vt 0.3355939984321594 0.4844990074634552
f 723/304/723 40/294/40 1652/201/1652
vt 0.3355939984321594 0.4760519862174988
vt 0.3355939984321594 0.4802750051021576
f 2369/305/2369 2347/306/2347 2105/196/2105
vt 0.3355939984321594 0.4718280136585236
f 589/307/589 2438/305/2438 1941/196/1941
f 2358/196/2358 2114/306/2114 458/304/458
f 734/195/734 701/303/701 700/307/700
f 1729/202/1729 1503/293/1503 187/290/187
vt 0.3355950117111206 0.5515959858894348
vt 0.3355950117111206 0.5554900169372559
f 1964/221/1964 1961/308/1961 858/309/858
vt 0.3355950117111206 0.5482100248336792
f 1402/220/1402 1410/310/1410 524/308/524
vt 0.3355950117111206 0.5595650076866150
f 509/311/509 2038/221/2038 2018/309/2018
vt 0.3355950117111206 0.5707700252532959
vt 0.3355950117111206 0.5682619810104370
f 1301/312/1301 209/227/209 216/313/216
vt 0.3355950117111206 0.5638229846954346
f 2112/314/2112 2363/313/2363 2109/229/2109
f 1649/311/1649 26/314/26 1663/229/1663
f 1905/229/1905 931/221/931 911/311/911
vt 0.3355950117111206 0.5740159749984741
f 1150/312/1150 765/315/765 1018/228/1018
vt 0.3355939984321594 0.5330150127410889
vt 0.3355939984321594 0.5371329784393311
f 437/219/437 1113/316/1113 523/317/523
f 1387/317/1387 818/217/818 320/219/320
vt 0.3355950117111206 0.5410379767417908
f 1825/217/1825 565/317/565 408/318/408
f 915/295/915 1911/316/1911 1328/219/1328
vt 0.3355950117111206 0.5447300076484680
f 1027/218/1027 1451/318/1451 64/319/64
f 2330/310/2330 666/218/666 2333/319/2333
f 2335/220/2335 1496/218/1496 2353/310/2353
f 1875/220/1875 300/308/300 1783/221/1783
f 431/217/431 1544/318/1544 1536/218/1536
vt 0.3355950117111206 0.5796319842338562
f 1336/235/1336 561/315/561 70/320/70
f 68/295/68 1475/219/1475 1424/209/1424
f 1091/195/1091 1032/198/1032 443/301/443
vt 0.2822340130805969 0.4802069962024689
f 609/321/609 241/197/241 664/194/664
vt 0.3088069856166840 0.4482010006904602
f 1402/322/1402 1744/198/1744 543/197/543
f 707/201/707 1009/196/1009 1068/304/1068
f 789/205/789 434/202/434 760/290/760
f 2423/206/2423 347/205/347 653/297/653
f 2400/201/2400 289/292/289 1873/202/1873
f 28/195/28 497/307/497 482/196/482
vt 0.2822340130805969 0.4399529993534088
f 380/197/380 514/321/514 381/323/381
f 414/193/414 1220/321/1220 393/194/393
f 2263/197/2263 183/323/183 127/322/127
f 2329/321/2329 2251/193/2251 1704/200/1704
vt 0.2822340130805969 0.5204610228538513
f 154/324/154 462/321/462 427/199/427
f 153/199/153 2479/204/2479 2480/324/2480
f 651/324/651 606/204/606 2458/203/2458
f 887/203/887 1683/208/1683 1303/324/1303
f 2283/200/2283 169/199/169 2012/321/2012
f 932/302/932 1160/198/1160 1070/322/1070
f 448/209/448 1412/219/1412 449/210/449
f 747/299/747 115/209/115 2046/206/2046
f 1393/229/1393 2378/226/2378 9/212/9
f 2482/212/2482 470/221/470 436/229/436
f 965/312/965 903/228/903 953/227/953
f 318/320/318 1930/236/1930 2384/235/2384
f 1741/235/1741 1775/228/1775 451/315/451
f 1627/227/1627 1632/229/1632 269/313/269
f 2185/207/2185 2147/214/2147 2235/324/2235
vt 0.2822340130805969 0.5607150197029114
f 2435/325/2435 2451/214/2451 342/213/342
f 851/324/851 992/214/992 2137/325/2137
f 1313/231/1313 1219/325/1219 1216/224/1216
f 1344/225/1344 1634/224/1634 1360/325/1360
vt 0.2822340130805969 0.6009690165519714
f 1541/326/1541 136/325/136 2281/231/2281
f 1202/213/1202 2307/225/2307 995/325/995
f 1330/208/1330 556/207/556 568/324/568
f 1686/232/1686 1275/236/1275 1243/233/1243
vt 0.3355950117111206 0.5840799808502197
f 1332/236/1332 896/320/896 1233/327/1233
vt 0.3355950117111206 0.5894730091094971
vt 0.3355950117111206 0.6024370193481445
f 457/328/457 434/329/434 1534/233/1534
f 2214/328/2214 192/233/192 2276/236/2276
vt 0.3355950117111206 0.6114940047264099
f 2257/330/2257 2320/250/2320 2323/329/2323
vt 0.3355950117111206 0.6208270192146301
vt 0.3355950117111206 0.6222680211067200
f 95/257/95 2362/331/2362 745/332/745
vt 0.3355950117111206 0.6194130182266235
vt 0.3355950117111206 0.6166660189628601
f 2090/333/2090 1367/251/1367 811/334/811
f 457/253/457 1539/330/1539 1538/334/1538
f 291/333/291 1629/331/1629 2399/252/2399
vt 0.3355950117111206 0.6402300000190735
f 55/335/55 1014/255/1014 1452/332/1452
f 318/334/318 2392/251/2392 597/253/597
f 2097/253/2097 1500/249/1500 1502/250/1502
f 875/330/875 1177/253/1177 1821/250/1821
f 517/331/517 498/257/498 2041/252/2041
f 1382/254/1382 814/258/814 1390/255/1390
f 2079/332/2079 2056/255/2056 1097/258/1097
f 370/258/370 206/257/206 220/332/220
f 867/252/867 1292/251/1292 1305/333/1305
f 1035/261/1035 1780/255/1780 1769/335/1769
f 846/329/846 1849/250/1849 1815/239/1815
vt 0.3355950117111206 0.6786839962005615
vt 0.3355950117111206 0.6831499934196472
f 2104/280/2104 2335/336/2335 2353/337/2353
vt 0.3355950117111206 0.6701989769935608
f 388/338/388 1806/336/1806 502/269/502
vt 0.3355950117111206 0.6854389905929565
f 310/339/310 303/283/303 1932/337/1932
vt 0.3355959951877594 0.7205590009689331
vt 0.3355959951877594 0.7088400125503540
f 945/340/945 1316/289/1316 912/341/912
vt 0.3355950117111206 0.6877650022506714
vt 0.3355950117111206 0.6865969896316528
f 218/342/218 20/281/20 156/343/156
f 658/342/658 608/285/608 224/284/224
f 1283/283/1283 871/339/871 1260/343/1260
f 952/342/952 936/341/936 920/285/920
vt 0.3355950117111206 0.6550160050392151
vt 0.3355950117111206 0.6480200290679932
f 1942/344/1942 307/265/307 2430/345/2430
f 133/279/133 424/280/424 637/283/637
f 1996/344/1996 1909/338/1909 567/266/567
f 2122/337/2122 2133/283/2133 2143/280/2143
f 592/262/592 1629/335/1629 291/345/291
f 2190/281/2190 2192/283/2192 2243/343/2243
f 2039/282/2039 518/284/518 372/278/372
f 2256/284/2256 669/282/669 2252/342/2252
f 2460/281/2460 1392/342/1392 11/282/11
vt 0.3356640040874481 0.7345839738845825
f 1901/289/1901 943/340/943 972/346/972
f 2246/269/2246 2118/336/2118 2154/280/2154
f 1262/239/1262 876/233/876 1277/329/1277
f 1442/239/1442 1418/250/1418 1163/240/1163
f 821/261/821 480/242/480 2016/255/2016
f 1587/265/1587 1592/262/1592 259/345/259
f 286/266/286 1632/265/1632 1630/344/1630
f 538/261/538 801/335/801 1408/262/1408
f 1843/326/1843 1170/238/1170 839/237/839
vt 0.2822340130805969 0.6412230134010315
f 1302/347/1302 881/326/881 1276/244/1276
f 2253/244/2253 644/243/644 2258/347/2258
f 2270/237/2270 147/244/147 2198/326/2198
f 1428/230/1428 1492/238/1492 403/326/403
f 1132/347/1132 1097/243/1097 1095/260/1095
f 412/264/412 1431/347/1431 1483/259/1483
f 1222/260/1222 1241/259/1241 959/347/959
f 1890/264/1890 287/263/287 1870/347/1870
f 1222/230/1222 1315/326/1315 399/231/399
f 958/270/958 1222/269/1222 934/280/934
vt 0.2822340130805969 0.6814770102500916
f 726/348/726 732/263/732 696/268/696
f 2267/288/2267 161/272/161 2266/285/2266
f 1270/341/1270 1688/288/1688 1297/285/1297
f 1356/289/1356 1557/288/1557 251/341/251
vt 0.3161999881267548 0.7541379928588867
f 1456/346/1456 60/349/60 61/286/61
f 1456/269/1456 560/266/560 1320/338/1320
f 139/286/139 1719/289/1719 1541/346/1541
f 638/348/638 2012/267/2012 1529/274/1529
vt 0.2822340130805969 0.7217310070991516
f 2238/350/2238 2193/348/2193 2148/273/2148
f 2049/273/2049 122/287/122 755/350/755
f 1626/274/1626 269/273/269 1796/348/1796
f 588/268/588 2422/267/2422 311/348/311
vt 0.2822340130805969 0.7619850039482117
f 2267/349/2267 2215/351/2215 161/350/161
vt 0.2982659935951233 0.7765769958496094
f 1174/352/1174 2022/351/2022 502/349/502
f 554/349/554 411/350/411 1322/286/1322
vt 0.2822340130805969 0.8022390007972717
f 89/352/89 83/353/83 110/351/110
f 1083/287/1083 79/286/79 1478/350/1478
f 1012/347/1012 1908/263/1908 907/348/907
f 1589/236/1589 1591/327/1591 248/328/248
vt 0.7196729779243469 0.4832600057125092
vt 0.7253320217132568 0.5024200081825256
vt 0.7253320217132568 0.4832600057125092
f 624/354/624 232/355/232 860/356/860
vt 0.7140150070190430 0.5024200081825256
vt 0.7140150070190430 0.4832600057125092
f 1066/357/1066 974/354/974 401/358/401
f 1147/355/1147 925/354/925 1066/357/1066
vt 0.7111859917640686 0.4736799895763397
vt 0.7140150070190430 0.4736799895763397
f 647/359/647 2447/358/2447 353/360/353
vt 0.7083560228347778 0.4832600057125092
vt 0.7083560228347778 0.4736799895763397
f 1793/361/1793 272/359/272 1558/362/1558
f 2295/358/2295 2007/359/2007 175/361/175
vt 0.7140150070190430 0.4688900113105774
vt 0.7111859917640686 0.4688900113105774
f 2273/360/2273 137/363/137 2282/364/2282
f 563/364/563 1234/359/1234 417/360/417
vt 0.7083560228347778 0.4688900113105774
f 916/359/916 920/364/920 936/365/936
f 1372/365/1372 802/362/802 1743/359/1743
vt 0.7225030064582825 0.4736799895763397
vt 0.7253320217132568 0.4736799895763397
f 173/366/173 169/356/169 2283/367/2283
vt 0.7196729779243469 0.4736799895763397
f 1057/354/1057 1758/366/1758 1037/368/1037
f 307/356/307 323/366/323 1858/354/1858
vt 0.7168440222740173 0.4736799895763397
f 2293/369/2293 2283/354/2283 165/368/165
f 524/358/524 1410/369/1410 1748/360/1748
f 648/354/648 1889/369/1889 1876/358/1876
vt 0.7196729779243469 0.4688900113105774
vt 0.7168440222740173 0.4688900113105774
f 703/368/703 704/370/704 710/371/710
f 2369/371/2369 2105/369/2105 1513/368/1513
f 1179/369/1179 1691/371/1691 1255/363/1255
f 1745/363/1745 1634/360/1634 1770/369/1770
vt 0.7239170074462891 0.4688900113105774
vt 0.7253320217132568 0.4688900113105774
f 1664/372/1664 1269/367/1269 868/373/868
vt 0.7225030064582825 0.4688900113105774
f 694/366/694 893/372/893 1674/374/1674
f 1076/367/1076 1149/372/1149 1025/366/1025
vt 0.7210879921913147 0.4688900113105774
f 1633/375/1633 1589/366/1589 248/374/248
f 2438/368/2438 1942/375/1942 2430/370/2430
f 1046/366/1046 1763/375/1763 1051/368/1051
vt 0.7217950224876404 0.4664950072765350
vt 0.7225030064582825 0.4664950072765350
f 437/376/437 1088/374/1088 1113/377/1113
vt 0.7210879921913147 0.4664950072765350
f 998/375/998 139/376/139 2269/378/2269
f 1067/374/1067 1491/376/1491 78/375/78
vt 0.7196729779243469 0.4664950072765350
f 793/375/793 2087/378/2087 2084/379/2084
f 2433/379/2433 241/370/241 601/375/601
vt 0.7225030064582825 0.4652970135211945
vt 0.7217950224876404 0.4652970135211945
f 600/377/600 2389/380/2389 1893/381/1893
f 698/381/698 1636/376/1636 42/377/42
vt 0.7210879921913147 0.4652970135211945
f 516/376/516 1655/381/1655 2015/382/2015
f 1649/382/1649 478/378/478 29/376/29
vt 0.7253320217132568 0.4664950072765350
vt 0.7239170074462891 0.4664950072765350
f 1043/373/1043 1775/383/1775 454/384/454
f 2139/384/2139 2190/372/2190 2243/373/2243
vt 0.7232099771499634 0.4664950072765350
f 1552/385/1552 1595/372/1595 1594/384/1594
f 69/374/69 1457/385/1457 1468/377/1468
f 2065/372/2065 2078/385/2078 800/374/800
vt 0.7239170074462891 0.4652970135211945
vt 0.7232099771499634 0.4652970135211945
f 447/384/447 1590/386/1590 1745/387/1745
f 2436/387/2436 2448/385/2448 2466/384/2466
f 555/385/555 934/387/934 1315/380/1315
f 1463/380/1463 776/377/776 1030/385/1030
vt 0.7140150070190430 0.5311610102653503
vt 0.7253320217132568 0.5215809941291809
vt 0.7140150070190430 0.5215809941291809
f 1922/388/1922 964/389/964 963/390/963
vt 0.7253320217132568 0.5407410264015198
vt 0.7140150070190430 0.5407410264015198
f 2467/391/2467 343/388/343 355/392/355
f 2002/389/2002 2008/388/2008 1701/391/1701
vt 0.7083560228347778 0.5311610102653503
f 298/392/298 1788/388/1788 273/393/273
vt 0.7083560228347778 0.5407410264015198
f 30/393/30 480/394/480 821/392/821
vt 0.7083560228347778 0.5215809941291809
f 835/388/835 494/390/494 2024/395/2024
f 2210/395/2210 1545/393/1545 1714/388/1714
f 611/389/611 229/355/229 659/357/659
f 452/357/452 1752/390/1752 1730/389/1730
vt 0.7253320217132568 0.5779410004615784
vt 0.7253320217132568 0.5593410134315491
vt 0.7140150070190430 0.5593410134315491
f 1615/396/1615 1797/397/1797 1625/398/1625
vt 0.7140150070190430 0.5779410004615784
f 2031/398/2031 1186/399/1186 639/396/639
f 1261/397/1261 1183/391/1183 825/392/825
f 1947/392/1947 581/398/581 2409/397/2409
vt 0.7140150070190430 0.6064000129699707
vt 0.7253320217132568 0.5969139933586121
vt 0.7140150070190430 0.5969139933586121
f 256/400/256 251/401/251 1580/402/1580
vt 0.7253320217132568 0.6158859729766846
vt 0.7140150070190430 0.6158859729766846
f 1494/403/1494 1493/400/1493 1448/404/1448
f 17/401/17 366/400/366 206/403/206
vt 0.7083560228347778 0.6064000129699707
f 588/404/588 615/400/615 1937/405/1937
vt 0.7083560228347778 0.6158859729766846
f 256/405/256 1588/406/1588 251/404/251
vt 0.7083560228347778 0.5969139933586121
f 1703/400/1703 177/402/177 215/407/215
f 2321/407/2321 210/405/210 213/400/213
f 782/401/782 1031/396/1031 1078/399/1078
f 1284/399/1284 1831/402/1831 1822/401/1822
vt 0.7253320217132568 0.6538280248641968
vt 0.7253320217132568 0.6348569989204407
vt 0.7140150070190430 0.6348569989204407
f 2259/408/2259 174/409/174 632/410/632
vt 0.7140150070190430 0.6538280248641968
f 2170/410/2170 803/411/803 2049/408/2049
f 2086/409/2086 434/403/434 464/404/464
f 2037/404/2037 2286/410/2286 1643/409/1643
vt 0.7479699850082397 0.5024200081825256
vt 0.7479699850082397 0.4832600057125092
vt 0.7366510033607483 0.4832600057125092
f 2150/412/2150 2243/413/2243 865/414/865
vt 0.7366510033607483 0.5024200081825256
f 2166/414/2166 790/415/790 2078/412/2078
vt 0.7309910058975220 0.4832600057125092
f 417/416/417 1234/415/1234 401/414/401
f 2298/355/2298 1212/416/1212 2309/356/2309
f 1189/415/1189 833/416/833 1856/355/1856
vt 0.7366510033607483 0.4736799895763397
vt 0.7309910058975220 0.4736799895763397
f 1646/414/1646 687/417/687 503/418/503
f 2129/418/2129 228/416/228 2442/414/2442
vt 0.7281619906425476 0.4736799895763397
f 1871/419/1871 303/416/303 1866/418/1866
f 679/356/679 627/419/627 2249/367/2249
f 1245/416/1245 1678/419/1678 1667/356/1667
vt 0.7309910058975220 0.4688900113105774
vt 0.7281619906425476 0.4688900113105774
f 36/418/36 1644/420/1644 35/421/35
f 1095/421/1095 1097/419/1097 1126/418/1126
f 1132/419/1132 1095/421/1095 1104/373/1104
f 2208/373/2208 2209/367/2209 2349/419/2349
f 2478/389/2478 154/415/154 456/355/456
vt 0.7479699850082397 0.5407410264015198
f 1651/415/1651 1650/422/1650 44/412/44
f 1039/422/1039 1772/389/1772 2474/391/2474
f 2037/389/2037 475/422/475 2027/415/2027
f 1377/397/1377 1371/422/1371 2160/391/2160
vt 0.7479699850082397 0.5779410004615784
f 2373/423/2373 1069/397/1069 816/396/816
f 232/422/232 346/397/346 860/423/860
f 968/401/968 396/423/396 938/396/938
vt 0.7479699850082397 0.6158859729766846
f 193/424/193 195/401/195 2276/403/2276
f 1616/423/1616 1343/401/1343 1950/424/1950
f 1332/409/1332 404/424/404 552/403/552
vt 0.7479699850082397 0.6538280248641968
f 1226/425/1226 1441/409/1441 1489/408/1489
f 1011/424/1011 10/409/10 2376/425/2376
vt 0.7366510033607483 0.6917399764060974
vt 0.7253320217132568 0.6917399764060974
f 2237/426/2237 2124/408/2124 2130/427/2130
vt 0.7479699850082397 0.6917399764060974
f 286/425/286 1630/426/1630 1795/428/1795
f 958/408/958 1900/426/1900 934/425/934
vt 0.7423099875450134 0.7200779914855957
vt 0.7423099875450134 0.7106320261955261
vt 0.7366510033607483 0.7106320261955261
f 1306/429/1306 245/430/245 1997/431/1997
vt 0.7366510033607483 0.7200779914855957
f 622/431/622 327/432/327 2413/429/2413
vt 0.7479699850082397 0.7200779914855957
vt 0.7479699850082397 0.7106320261955261
f 1930/433/1930 597/434/597 250/430/250
f 591/430/591 322/429/322 1567/433/1567
f 770/431/770 57/426/57 1449/427/1449
vt 0.7253320217132568 0.7106320261955261
f 916/427/916 1903/435/1903 1898/431/1898
f 1702/430/1702 2012/426/2012 169/431/169
f 638/428/638 2283/430/2283 2012/434/2012
f 659/426/659 229/430/229 334/428/334
vt 0.7709419727325439 0.5024200081825256
vt 0.7709419727325439 0.4832600057125092
vt 0.7594559788703918 0.4832600057125092
f 837/436/837 847/437/847 1838/438/1838
vt 0.7594559788703918 0.5024200081825256
f 1449/438/1449 1474/439/1474 1435/436/1435
f 1575/439/1575 1783/438/1783 300/413/300
f 1566/413/1566 1602/412/1602 1561/439/1561
vt 0.7709419727325439 0.5407410264015198
f 1263/439/1263 1689/440/1689 1264/436/1264
f 2181/422/2181 343/439/343 2467/412/2467
f 1667/440/1667 1678/439/1678 1260/422/1260
vt 0.7709419727325439 0.5779410004615784
f 97/441/97 117/440/117 87/422/87
f 1915/422/1915 1622/423/1622 1352/441/1352
vt 0.7709419727325439 0.6158859729766846
f 1976/442/1976 1989/441/1989 992/423/992
f 97/423/97 2044/424/2044 86/442/86
vt 0.7709419727325439 0.6538280248641968
f 1226/443/1226 1312/442/1312 1466/424/1466
f 2351/424/2351 1510/425/1510 2360/443/2360
vt 0.7594559788703918 0.6917399764060974
f 2151/444/2151 2177/425/2177 1974/428/1974
vt 0.7709419727325439 0.6917399764060974
f 750/443/750 2044/444/2044 738/445/738
f 1548/425/1548 1519/444/1519 1514/443/1514
vt 0.7651990056037903 0.7200779914855957
vt 0.7651990056037903 0.7106320261955261
vt 0.7594559788703918 0.7106320261955261
f 1190/446/1190 843/447/843 1692/448/1692
vt 0.7594559788703918 0.7200779914855957
f 189/448/189 1716/449/1716 147/446/147
vt 0.7709419727325439 0.7200779914855957
vt 0.7709419727325439 0.7106320261955261
f 946/450/946 970/451/970 415/447/415
f 526/447/526 1738/446/1738 529/450/529
vt 0.7565839886665344 0.7248010039329529
vt 0.7565839886665344 0.7200779914855957
vt 0.7537130117416382 0.7200779914855957
f 526/452/526 529/453/529 1738/454/1738
vt 0.7537130117416382 0.7248010039329529
f 747/454/747 1498/455/1498 115/452/115
vt 0.7594559788703918 0.7248010039329529
f 897/456/897 1156/449/1156 944/453/944
f 1777/453/1777 1038/452/1038 1116/456/1116
vt 0.7508410215377808 0.7248010039329529
vt 0.7508410215377808 0.7200779914855957
f 64/457/64 65/458/65 1458/433/1458
vt 0.7479699850082397 0.7248010039329529
f 36/433/36 1645/459/1645 474/457/474
f 1852/455/1852 1828/454/1828 1834/458/1834
f 240/458/240 662/457/662 2419/455/2419
f 2370/458/2370 429/434/429 1496/433/1496
vt 0.7537130117416382 0.7106320261955261
f 1843/460/1843 1842/458/1842 838/454/838
f 805/434/805 791/458/791 525/460/525
f 247/453/247 1610/460/1610 1554/454/1554
f 1015/448/1015 1449/453/1449 1145/449/1145
f 990/460/990 1983/453/1983 1973/448/1973
f 689/460/689 1648/428/1648 43/434/43
f 2351/444/2351 2370/460/2370 1496/448/1496
f 111/428/111 1037/460/1037 88/444/88
f 606/447/606 335/444/335 362/448/362
f 771/445/771 1029/447/1029 1017/451/1017
f 1238/444/1238 1312/447/1312 416/445/416
vt 0.7941240072250366 0.5024200081825256
vt 0.7941240072250366 0.4832600057125092
vt 0.7825329899787903 0.4832600057125092
f 1921/461/1921 901/462/901 908/463/908
vt 0.7825329899787903 0.5024200081825256
f 529/463/529 1398/464/1398 528/461/528
f 1073/464/1073 1907/463/1907 973/437/973
f 2326/437/2326 1549/436/1549 2280/464/2280
vt 0.7941240072250366 0.5407410264015198
f 1854/464/1854 1810/465/1810 844/461/844
f 2302/440/2302 220/464/220 205/436/205
f 1951/465/1951 853/464/853 1350/440/1350
vt 0.7941240072250366 0.5779410004615784
f 29/466/29 478/465/478 691/440/691
f 609/440/609 601/441/601 241/466/241
vt 0.7941240072250366 0.6158859729766846
f 604/467/604 2424/466/2424 1948/441/1948
f 1096/441/1096 1103/442/1103 1133/467/1133
vt 0.7941240072250366 0.6538280248641968
f 396/468/396 395/467/395 1228/442/1228
f 1956/442/1956 1981/443/1981 1971/468/1971
vt 0.7825329899787903 0.6917399764060974
f 1976/469/1976 979/443/979 1989/445/1989
vt 0.7941240072250366 0.6917399764060974
f 203/468/203 1535/469/1535 2321/470/2321
f 1393/443/1393 9/469/9 77/468/77
vt 0.7825329899787903 0.7106320261955261
f 1067/471/1067 78/469/78 1029/445/1029
f 913/445/913 1325/451/1325 947/471/947
vt 0.7941240072250366 0.7106320261955261
f 2331/472/2331 2255/470/2255 2253/469/2253
f 1267/469/1267 828/471/828 1697/472/1697
vt 0.8158839941024780 0.5215809941291809
vt 0.8158839941024780 0.5407410264015198
f 1843/473/1843 1804/465/1804 1170/474/1170
vt 0.8158839941024780 0.5024200081825256
f 2366/461/2366 428/473/428 1547/475/1547
f 1607/465/1607 1596/473/1596 1574/461/1574
vt 0.8158839941024780 0.5593410134315491
vt 0.8158839941024780 0.5779410004615784
f 701/476/701 375/466/375 505/477/505
f 2312/465/2312 1203/476/1203 635/474/635
f 366/466/366 24/476/24 1203/465/1203
vt 0.8158839941024780 0.5969139933586121
vt 0.8158839941024780 0.6158859729766846
f 66/478/66 59/467/59 1452/479/1452
f 105/466/105 2169/478/2169 96/477/96
f 393/467/393 1241/478/1241 927/466/927
vt 0.8158839941024780 0.6538280248641968
f 1006/480/1006 1024/479/1024 781/467/781
f 2248/467/2248 636/468/636 2261/480/2261
vt 0.8158839941024780 0.6727839708328247
vt 0.8050040006637573 0.6917399764060974
vt 0.8158839941024780 0.6917399764060974
f 754/481/754 742/482/742 2060/483/2060
f 894/482/894 1266/468/1266 1296/470/1296
f 1151/468/1151 973/481/973 930/480/930
f 1525/481/1525 1368/468/1368 2158/482/2158
vt 0.8050040006637573 0.7106320261955261
f 885/484/885 1290/482/1290 1685/470/1685
f 490/470/490 75/472/75 2033/484/2033
vt 0.8158839941024780 0.7106320261955261
f 307/485/307 1858/483/1858 2430/482/2430
f 2182/482/2182 2187/484/2187 2118/485/2118
vt 0.8385220170021057 0.4976300001144409
vt 0.8328629732131958 0.5024200081825256
vt 0.8385220170021057 0.5024200081825256
f 2235/486/2235 2115/487/2115 1560/488/1560
vt 0.8328629732131958 0.4928399920463562
vt 0.8385220170021057 0.4928399920463562
f 1209/489/1209 2297/486/2297 2308/490/2308
f 2032/487/2032 2023/486/2023 512/489/512
vt 0.8272029757499695 0.4928399920463562
f 769/487/769 1012/489/1012 1013/491/1013
vt 0.8272029757499695 0.5024200081825256
f 282/491/282 1635/492/1635 1361/487/1361
vt 0.8328629732131958 0.4832600057125092
vt 0.8272029757499695 0.4832600057125092
f 2256/489/2256 2252/493/2252 625/494/625
f 1936/494/1936 254/491/254 1578/489/1578
vt 0.8385220170021057 0.4880500137805939
f 2210/495/2210 1714/489/1714 196/490/196
vt 0.8385220170021057 0.4832600057125092
f 260/493/260 1562/495/1562 1586/496/1586
f 283/489/283 278/495/278 1797/493/1797
f 563/491/563 1326/475/1326 1234/492/1234
vt 0.8158839941024780 0.4832600057125092
f 2306/497/2306 2301/491/2301 997/494/997
f 2037/475/2037 2327/491/2327 2286/497/2286
vt 0.8385220170021057 0.4784699976444244
f 1886/498/1886 2400/493/2400 1873/496/1873
vt 0.8328629732131958 0.4736799895763397
vt 0.8385220170021057 0.4736799895763397
f 727/499/727 1646/498/1646 50/500/50
f 2346/493/2346 1504/498/1504 2362/499/2362
vt 0.8272029757499695 0.4736799895763397
f 2284/493/2284 1705/499/1705 2325/501/2325
f 1112/501/1112 1767/494/1767 1045/493/1045
vt 0.8385220170021057 0.5407410264015198
vt 0.8385220170021057 0.5215809941291809
vt 0.8272029757499695 0.5215809941291809
f 1627/502/1627 1346/503/1346 1798/504/1798
vt 0.8272029757499695 0.5407410264015198
f 1456/504/1456 1320/505/1320 780/502/780
f 2295/505/2295 179/504/179 640/473/640
f 1881/473/1881 227/474/227 610/505/610
f 139/504/139 2319/492/2319 1719/475/1719
f 611/475/611 583/473/583 1940/504/1940
vt 0.8385220170021057 0.5120000243186951
f 618/487/618 356/506/356 1874/488/1874
f 568/506/568 549/504/549 420/503/420
f 1336/504/1336 1321/487/1321 561/492/561
f 985/487/985 989/504/989 1980/506/1980
vt 0.8385220170021057 0.5686410069465637
vt 0.8272029757499695 0.5779410004615784
vt 0.8385220170021057 0.5779410004615784
f 815/507/815 1382/508/1382 14/509/14
vt 0.8272029757499695 0.5593410134315491
vt 0.8385220170021057 0.5593410134315491
f 1518/510/1518 1527/507/1527 1534/511/1534
f 1158/508/1158 1066/507/1066 1472/510/1472
f 1075/508/1075 1429/510/1429 1482/476/1482
f 663/476/663 658/477/658 603/508/603
f 276/510/276 1895/505/1895 1352/474/1352
f 17/474/17 24/476/24 366/510/366
vt 0.8385220170021057 0.5500410199165344
f 369/512/369 1258/510/1258 216/511/216
f 2059/505/2059 755/512/755 753/502/753
f 317/510/317 590/512/590 1944/505/1944
vt 0.8385220170021057 0.6064000129699707
vt 0.8272029757499695 0.6158859729766846
vt 0.8385220170021057 0.6158859729766846
f 1664/513/1664 1254/514/1254 1674/515/1674
vt 0.8272029757499695 0.5969139933586121
vt 0.8385220170021057 0.5969139933586121
f 1664/516/1664 868/513/868 684/517/684
f 1088/514/1088 1111/513/1111 1113/516/1113
f 191/514/191 1733/516/1733 136/478/136
f 2052/478/2052 83/479/83 89/514/89
f 612/516/612 228/508/228 2236/477/2236
f 2469/477/2469 330/478/330 2438/516/2438
vt 0.8385220170021057 0.5874279737472534
f 2438/518/2438 2379/516/2379 320/517/320
f 287/508/287 1799/518/1799 1358/509/1358
f 596/516/596 2386/518/2386 1934/508/1934
vt 0.8272029757499695 0.6538280248641968
vt 0.8385220170021057 0.6348569989204407
f 1527/519/1527 1539/520/1539 1534/514/1534
f 270/514/270 1350/520/1350 984/515/984
vt 0.8385220170021057 0.6538280248641968
f 168/520/168 172/519/172 1700/521/1700
f 1669/519/1669 873/514/873 1166/479/1166
f 1735/479/1735 453/480/453 444/519/444
vt 0.8385220170021057 0.6822620034217834
vt 0.8272029757499695 0.6917399764060974
vt 0.8385220170021057 0.6917399764060974
f 1369/522/1369 2171/523/2171 90/524/90
vt 0.8272029757499695 0.6727839708328247
vt 0.8385220170021057 0.6727839708328247
f 958/525/958 908/522/908 1900/526/1900
f 783/523/783 1142/522/1142 1078/525/1078
f 2360/523/2360 1510/525/1510 2103/481/2103
f 1047/481/1047 155/483/155 164/523/164
f 1438/525/1438 1488/519/1488 1490/480/1490
f 1530/480/1530 2221/481/2221 1506/525/1506
f 1284/526/1284 1671/521/1671 1268/519/1268
f 1647/519/1647 1254/525/1254 46/526/46
vt 0.8328629732131958 0.7200779914855957
vt 0.8328629732131958 0.7106320261955261
vt 0.8272029757499695 0.7106320261955261
f 662/527/662 2445/528/2445 2419/529/2419
vt 0.8272029757499695 0.7200779914855957
f 92/529/92 108/530/108 2057/527/2057
vt 0.8385220170021057 0.7200779914855957
vt 0.8385220170021057 0.7106320261955261
f 2035/531/2035 2030/532/2030 483/528/483
f 1953/528/1953 1949/527/1949 850/531/850
vt 0.8243740200996399 0.7248010039329529
vt 0.8243740200996399 0.7200779914855957
vt 0.8215439915657043 0.7200779914855957
f 864/533/864 982/534/982 1953/535/1953
vt 0.8215439915657043 0.7248010039329529
f 1336/535/1336 551/536/551 1321/533/1321
vt 0.8272029757499695 0.7248010039329529
f 869/537/869 1284/530/1284 1822/534/1822
f 2273/534/2273 2206/533/2206 2220/537/2220
vt 0.8215439915657043 0.7106320261955261
f 1770/535/1770 1634/538/1634 1040/485/1040
vt 0.8158839941024780 0.7200779914855957
f 695/485/695 733/539/733 681/535/681
f 1508/534/1508 2363/538/2363 1502/535/1502
f 2061/529/2061 749/534/749 748/530/748
f 962/538/962 1070/534/1070 1008/529/1008
f 1537/538/1537 1723/483/1723 1503/485/1503
f 437/523/437 1751/538/1751 1403/529/1403
f 1006/483/1006 781/538/781 768/523/768
vt 0.8385220170021057 0.7011860013008118
f 1149/540/1149 768/528/768 1025/532/1025
f 2259/528/2259 166/523/166 2327/529/2327
f 1624/523/1624 251/540/251 1588/524/1588
f 2031/540/2031 491/523/491 489/528/489
vt 0.8590379953384399 0.5018209815025330
vt 0.8583310246467590 0.5024200081825256
vt 0.8590379953384399 0.5024200081825256
f 1659/541/1659 692/542/692 1685/543/1685
vt 0.8583310246467590 0.5012230277061462
vt 0.8590379953384399 0.5012230277061462
f 105/544/105 1380/541/1380 2169/545/2169
f 1438/542/1438 1490/541/1490 413/544/413
vt 0.8590379953384399 0.5006240010261536
f 497/546/497 2036/544/2036 45/545/45
vt 0.8583310246467590 0.5000249743461609
vt 0.8590379953384399 0.5000249743461609
f 43/547/43 1648/546/1648 1653/548/1653
f 495/544/495 2015/546/2015 1655/547/1655
vt 0.8590379953384399 0.4988279938697815
vt 0.8583310246467590 0.4988279938697815
f 495/548/495 1655/549/1655 2015/550/2015
f 416/550/416 1312/547/1312 570/548/570
vt 0.8590379953384399 0.4976300001144409
vt 0.8583310246467590 0.4976300001144409
f 1525/549/1525 426/551/426 1542/552/1542
f 540/552/540 1744/550/1744 1401/549/1401
vt 0.8569160103797913 0.5024200081825256
f 1215/544/1215 1321/553/1321 1331/542/1331
vt 0.8569160103797913 0.5000249743461609
f 1470/554/1470 58/544/58 1020/547/1020
f 490/553/490 1462/544/1462 75/554/75
vt 0.8555009961128235 0.5000249743461609
f 2156/553/2156 228/554/228 2183/555/2183
vt 0.8555009961128235 0.5024200081825256
f 1541/555/1541 2355/556/2355 2094/553/2094
vt 0.8569160103797913 0.4976300001144409
vt 0.8555009961128235 0.4976300001144409
f 40/554/40 720/557/720 694/558/694
f 990/558/990 268/555/268 1792/554/1792
f 1631/550/1631 261/554/261 1577/547/1577
f 2203/557/2203 2275/550/2275 2481/552/2481
f 697/554/697 709/550/709 698/557/698
vt 0.8526710271835327 0.5024200081825256
f 431/555/431 1536/559/1536 1516/556/1516
vt 0.8526710271835327 0.4976300001144409
f 1545/560/1545 184/555/184 1714/558/1714
f 1686/559/1686 1272/555/1272 1275/560/1275
vt 0.8498409986495972 0.4976300001144409
f 1170/559/1170 521/560/521 2040/561/2040
vt 0.8498409986495972 0.5024200081825256
f 2060/561/2060 103/562/103 2076/559/2076
vt 0.8470119833946228 0.4928399920463562
vt 0.8441820144653320 0.4976300001144409
f 72/561/72 1480/563/1480 1473/564/1473
vt 0.8441820144653320 0.4928399920463562
f 1353/564/1353 1348/563/1348 1632/565/1632
vt 0.8498409986495972 0.4928399920463562
f 2062/563/2062 100/561/100 125/566/125
vt 0.8441820144653320 0.5024200081825256
f 2298/561/2298 2309/564/2309 2311/567/2311
f 2000/567/2000 1711/562/1711 2350/561/2350
vt 0.8413519859313965 0.4976300001144409
f 1541/567/1541 463/564/463 2272/568/2272
vt 0.8413519859313965 0.5024200081825256
f 1544/568/1544 1504/569/1504 1536/567/1536
f 634/569/634 2260/568/2260 2277/486/2277
f 2354/486/2354 2080/488/2080 431/569/431
vt 0.8413519859313965 0.4928399920463562
f 1881/568/1881 1878/570/1878 236/490/236
f 1084/490/1084 1119/486/1119 736/568/736
vt 0.8427670001983643 0.4928399920463562
f 1531/571/1531 435/564/435 1731/565/1731
f 92/568/92 2071/571/2071 2162/570/2162
f 1665/564/1665 1244/571/1244 841/568/841
vt 0.8470119833946228 0.4784699976444244
vt 0.8470119833946228 0.4736799895763397
vt 0.8441820144653320 0.4736799895763397
f 2129/572/2129 328/573/328 1985/574/1985
vt 0.8441820144653320 0.4784699976444244
f 2284/574/2284 177/575/177 178/572/178
vt 0.8498409986495972 0.4784699976444244
vt 0.8498409986495972 0.4736799895763397
f 776/576/776 777/577/777 1030/573/1030
f 776/573/776 1030/572/1030 777/576/777
vt 0.8427670001983643 0.4808650016784668
vt 0.8427670001983643 0.4784699976444244
vt 0.8413519859313965 0.4784699976444244
f 23/578/23 1677/579/1677 369/580/369
vt 0.8413519859313965 0.4808650016784668
f 1756/580/1756 1133/581/1133 1033/578/1033
vt 0.8441820144653320 0.4808650016784668
f 345/582/345 342/575/342 1881/579/1881
f 71/579/71 1481/578/1481 1488/582/1488
vt 0.8413519859313965 0.4736799895763397
f 1565/580/1565 1592/583/1592 265/500/265
f 1527/500/1527 1524/498/1524 1539/580/1539
f 856/579/856 1952/583/1952 1968/580/1968
f 774/574/774 1082/579/1082 1158/575/1158
f 1207/583/1207 1208/579/1208 1000/574/1000
vt 0.8583310246467590 0.4784699976444244
vt 0.8583310246467590 0.4736799895763397
vt 0.8555009961128235 0.4736799895763397
f 1419/584/1419 1470/585/1470 1077/586/1077
vt 0.8555009961128235 0.4784699976444244
f 799/586/799 2068/587/2068 757/584/757
vt 0.8526710271835327 0.4784699976444244
vt 0.8526710271835327 0.4736799895763397
f 134/588/134 164/589/164 2223/577/2223
f 439/577/439 1739/576/1739 441/588/441
f 2465/587/2465 336/586/336 351/589/351
f 2197/589/2197 2215/588/2215 465/587/465
vt 0.8583310246467590 0.4688900113105774
vt 0.8555009961128235 0.4688900113105774
f 2296/585/2296 1003/590/1003 2300/591/2300
f 519/591/519 387/586/387 719/585/719
vt 0.8583310246467590 0.5383459925651550
vt 0.8555009961128235 0.5407410264015198
vt 0.8583310246467590 0.5407410264015198
f 2033/592/2033 75/593/75 1471/594/1471
vt 0.8555009961128235 0.5359510183334351
vt 0.8583310246467590 0.5359510183334351
f 1063/595/1063 1495/592/1495 1062/596/1062
f 1566/593/1566 1561/592/1561 1613/595/1613
vt 0.8583310246467590 0.5335559844970703
f 2347/597/2347 1516/595/1516 1541/596/1541
vt 0.8555009961128235 0.5311610102653503
vt 0.8583310246467590 0.5311610102653503
f 358/598/358 660/597/660 2427/599/2427
f 283/595/283 1573/597/1573 1608/598/1608
vt 0.8526710271835327 0.5407410264015198
f 283/595/283 1794/600/1794 278/593/278
vt 0.8498409986495972 0.5311610102653503
vt 0.8498409986495972 0.5407410264015198
f 1061/600/1061 903/601/903 556/602/556
f 745/601/745 2047/595/2047 2043/598/2043
f 2470/595/2470 1524/601/1524 197/600/197
vt 0.8526710271835327 0.5215809941291809
vt 0.8555009961128235 0.5263710021972656
vt 0.8555009961128235 0.5215809941291809
f 1974/603/1974 986/604/986 1957/605/1957
f 258/604/258 252/601/252 1318/598/1318
vt 0.8498409986495972 0.5215809941291809
f 1902/601/1902 1676/603/1676 881/606/881
f 1754/603/1754 1138/601/1138 1135/604/1135
vt 0.8583310246467590 0.5287659764289856
f 1287/607/1287 1848/598/1848 1811/599/1811
vt 0.8583310246467590 0.5263710021972656
f 320/604/320 1386/607/1386 817/608/817
f 1657/598/1657 1651/607/1651 703/604/703
vt 0.8583310246467590 0.5239760279655457
f 498/609/498 2017/604/2017 2041/608/2041
vt 0.8583310246467590 0.5215809941291809
f 2337/605/2337 1498/609/1498 2357/610/2357
f 1681/604/1681 1802/609/1802 1183/605/1183
vt 0.8441820144653320 0.5407410264015198
vt 0.8441820144653320 0.5215809941291809
f 1853/611/1853 1854/601/1854 1802/612/1802
f 1225/612/1225 410/601/410 1194/606/1194
f 1640/601/1640 29/611/29 691/602/691
f 960/611/960 972/612/972 943/503/943
f 569/503/569 971/502/971 1218/611/1218
vt 0.8498409986495972 0.5167899727821350
f 1948/613/1948 2424/612/2424 2391/606/2391
vt 0.8441820144653320 0.5120000243186951
vt 0.8498409986495972 0.5120000243186951
f 2035/614/2035 485/613/485 2030/615/2030
f 447/612/447 255/613/255 1590/614/1590
f 1372/612/1372 2085/614/2085 802/506/802
f 616/506/616 1959/503/1959 223/612/223
f 473/569/473 1646/614/1646 2021/567/2021
f 2139/506/2139 2134/569/2134 2186/488/2186
f 681/614/681 503/569/503 687/506/687
vt 0.8498409986495972 0.5072100162506104
f 490/616/490 2033/614/2033 477/615/477
f 593/567/593 1940/616/1940 1931/562/1931
f 1987/614/1987 1954/616/1954 865/567/865
vt 0.8569160103797913 0.5167899727821350
vt 0.8583310246467590 0.5191850066184998
vt 0.8583310246467590 0.5167899727821350
f 1735/617/1735 444/618/444 532/619/532
f 508/618/508 391/605/391 374/610/374
vt 0.8555009961128235 0.5167899727821350
f 1402/605/1402 543/617/543 1410/620/1410
f 1906/617/1906 884/605/884 1678/618/1678
vt 0.8583310246467590 0.5143949985504150
vt 0.8569160103797913 0.5143949985504150
f 604/619/604 225/621/225 344/622/344
f 2308/622/2308 1837/617/1837 1827/619/1827
vt 0.8555009961128235 0.5143949985504150
f 2/617/2 1994/622/1994 1199/623/1199
f 1189/623/1189 1856/620/1856 1829/617/1829
vt 0.8569160103797913 0.5120000243186951
vt 0.8555009961128235 0.5120000243186951
f 1278/622/1278 1280/624/1280 1824/625/1824
f 1362/625/1362 1623/623/1623 1791/622/1791
vt 0.8583310246467590 0.5131980180740356
f 874/626/874 25/622/25 200/621/200
vt 0.8583310246467590 0.5120000243186951
f 862/624/862 978/626/978 269/627/269
f 1984/622/1984 981/626/981 2063/624/2063
vt 0.8590379953384399 0.5143949985504150
vt 0.8590379953384399 0.5131980180740356
f 2122/628/2122 2245/629/2245 340/626/340
f 2482/626/2482 436/621/436 466/628/466
vt 0.8590379953384399 0.5120000243186951
f 1583/629/1583 524/630/524 1748/627/1748
f 1638/627/1638 488/626/488 492/629/492
vt 0.8526710271835327 0.5167899727821350
f 1953/605/1953 982/620/982 1975/631/1975
f 38/631/38 1651/603/1651 693/605/693
f 1500/603/1500 1512/631/1512 2337/613/2337
f 1951/613/1951 2141/606/2141 2231/603/2231
vt 0.8526710271835327 0.5120000243186951
f 2117/631/2117 2193/632/2193 2238/615/2238
f 1845/615/1845 1185/613/1185 848/631/848
f 698/623/698 709/631/709 712/620/712
f 121/632/121 2059/623/2059 2082/625/2082
f 1625/631/1625 1350/623/1350 1785/632/1785
vt 0.8555009961128235 0.5096049904823303
f 473/633/473 33/632/33 1259/625/1259
vt 0.8526710271835327 0.5072100162506104
vt 0.8555009961128235 0.5072100162506104
f 1054/634/1054 451/633/451 1775/635/1775
f 1464/632/1464 57/633/57 1021/634/1021
f 2427/632/2427 602/634/602 603/616/603
f 2065/616/2065 800/615/800 756/632/756
f 309/634/309 600/559/600 1932/562/1932
f 2254/562/2254 2261/616/2261 636/634/636
vt 0.8555009961128235 0.5048149824142456
f 678/636/678 2331/634/2331 1706/635/1706
f 726/559/726 1684/636/1684 38/556/38
f 1880/634/1880 362/636/362 335/559/335
vt 0.8590379953384399 0.5108029842376709
vt 0.8583310246467590 0.5108029842376709
f 2091/630/2091 788/637/788 2087/638/2087
f 937/638/937 904/627/904 1916/630/1916
vt 0.8590379953384399 0.5096049904823303
vt 0.8583310246467590 0.5096049904823303
f 2357/637/2357 2102/639/2102 2114/640/2114
f 604/640/604 1948/638/1948 226/637/226
f 56/638/56 1432/624/1432 1468/627/1468
vt 0.8569160103797913 0.5096049904823303
f 97/641/97 2069/638/2069 2044/640/2044
f 1457/624/1457 1439/638/1439 56/641/56
f 1768/624/1768 1049/641/1049 1772/633/1772
f 919/633/919 266/625/266 1913/624/1913
vt 0.8569160103797913 0.5072100162506104
f 2434/641/2434 1944/642/1944 2438/635/2438
f 837/635/837 1180/633/1180 1855/641/1855
vt 0.8583310246467590 0.5072100162506104
f 792/640/792 1366/643/1366 790/642/790
f 843/642/843 1268/641/1268 1692/640/1692
vt 0.8583310246467590 0.5048149824142456
vt 0.8569160103797913 0.5048149824142456
f 190/643/190 1046/644/1046 1766/645/1766
f 538/645/538 1408/642/1408 530/643/530
f 1728/642/1728 195/645/195 2281/636/2281
f 1362/636/1362 285/635/285 262/642/262
f 1585/645/1585 261/553/261 1555/556/1555
f 146/556/146 161/636/161 2215/645/2215
vt 0.8583310246467590 0.5036180019378662
f 1664/646/1664 1660/645/1660 1254/644/1254
f 417/553/417 550/646/550 400/542/400
f 2266/645/2266 161/646/161 140/553/140
vt 0.8590379953384399 0.5048149824142456
vt 0.8590379953384399 0.5036180019378662
f 2432/647/2432 620/648/620 2422/646/2422
f 2422/646/2422 1925/644/1925 311/647/311
f 1346/648/1346 272/543/272 1798/542/1798
f 772/542/772 987/646/987 66/648/66
vt 0.8583310246467590 0.5756160020828247
vt 0.8555009961128235 0.5779410004615784
vt 0.8583310246467590 0.5779410004615784
f 1409/649/1409 1410/650/1410 543/651/543
vt 0.8555009961128235 0.5732910037040710
vt 0.8583310246467590 0.5732910037040710
f 27/652/27 47/649/47 1662/653/1662
f 2351/650/2351 1496/649/1496 2335/652/2335
vt 0.8583310246467590 0.5709660053253174
f 1209/654/1209 200/652/200 25/653/25
vt 0.8555009961128235 0.5686410069465637
vt 0.8583310246467590 0.5686410069465637
f 95/655/95 745/654/745 2043/656/2043
f 218/652/218 202/654/202 1694/655/1694
vt 0.8526710271835327 0.5779410004615784
vt 0.8526710271835327 0.5686410069465637
f 1292/657/1292 1689/652/1689 1263/658/1263
f 209/658/209 2005/652/2005 1703/655/1703
f 568/652/568 1338/657/1338 399/650/399
vt 0.8498409986495972 0.5686410069465637
f 2373/657/2373 10/658/10 1011/659/1011
vt 0.8498409986495972 0.5779410004615784
f 1112/659/1112 2282/660/2282 1734/657/1734
vt 0.8555009961128235 0.5639910101890564
vt 0.8526710271835327 0.5639910101890564
f 726/655/726 1650/661/1650 38/662/38
f 726/662/726 38/658/38 1650/655/1650
vt 0.8498409986495972 0.5639910101890564
f 368/658/368 211/662/211 2317/663/2317
f 4/663/4 246/659/246 1199/658/1199
vt 0.8526710271835327 0.5593410134315491
vt 0.8498409986495972 0.5593410134315491
f 1253/662/1253 882/664/882 1680/665/1680
f 432/665/432 132/663/132 1508/662/1508
vt 0.8555009961128235 0.5616660118103027
f 1188/666/1188 841/662/841 1836/661/1836
vt 0.8555009961128235 0.5593410134315491
f 1486/664/1486 1426/666/1426 1425/667/1425
f 1101/662/1101 1122/666/1122 1401/664/1401
vt 0.8569160103797913 0.5639910101890564
vt 0.8583310246467590 0.5663160085678101
vt 0.8583310246467590 0.5639910101890564
f 869/668/869 510/669/510 682/670/682
f 2467/669/2467 355/655/355 656/656/656
f 1880/655/1880 586/668/586 2382/661/2382
f 2467/668/2467 349/655/349 331/669/331
vt 0.8583310246467590 0.5616660118103027
vt 0.8569160103797913 0.5616660118103027
f 2402/670/2402 1932/671/1932 293/672/293
f 2055/672/2055 1513/668/1513 2361/670/2361
f 2312/668/2312 635/672/635 674/666/674
f 897/666/897 911/661/911 1908/668/1908
vt 0.8569160103797913 0.5593410134315491
f 622/672/622 2383/673/2383 327/667/327
f 702/667/702 53/666/53 722/672/722
vt 0.8583310246467590 0.5605040192604065
f 1044/674/1044 1769/672/1769 151/671/151
vt 0.8583310246467590 0.5593410134315491
f 2156/673/2156 2183/674/2183 2232/675/2232
f 2351/672/2351 1497/674/1497 184/673/184
vt 0.8590379953384399 0.5616660118103027
vt 0.8590379953384399 0.5605040192604065
f 523/676/523 1409/677/1409 1751/674/1751
f 2121/674/2121 2230/671/2230 2118/676/2118
vt 0.8590379953384399 0.5599219799041748
f 1317/678/1317 1916/674/1916 900/677/900
vt 0.8590379953384399 0.5593410134315491
f 92/675/92 2057/678/2057 2071/679/2071
f 1178/674/1178 2024/678/2024 848/675/848
vt 0.8441820144653320 0.5686410069465637
f 1011/660/1011 2376/659/2376 777/680/777
vt 0.8441820144653320 0.5779410004615784
f 1236/680/1236 420/681/420 1319/660/1319
f 2064/681/2064 2048/680/2048 760/507/760
f 678/507/678 1706/509/1706 2007/681/2007
vt 0.8441820144653320 0.5593410134315491
f 260/680/260 1576/682/1576 2240/511/2240
f 2032/511/2032 488/507/488 487/680/487
f 1823/663/1823 478/680/478 504/659/504
f 1710/682/1710 1698/663/1698 1503/665/1503
f 966/680/966 1220/663/1220 558/682/558
vt 0.8498409986495972 0.5546910166740417
f 1975/683/1975 1984/682/1984 984/665/984
vt 0.8441820144653320 0.5500410199165344
vt 0.8498409986495972 0.5500410199165344
f 865/684/865 1966/683/1966 1967/685/1967
f 1085/682/1085 1112/683/1112 1045/684/1045
f 2105/682/2105 1541/684/1541 2348/512/2348
f 1385/512/1385 609/511/609 664/682/664
f 735/684/735 48/611/48 389/502/389
f 1879/502/1879 2411/512/2411 2389/684/2389
vt 0.8498409986495972 0.5453910231590271
f 2346/686/2346 2054/684/2054 744/685/744
f 1262/611/1262 1671/686/1671 876/602/876
f 1682/684/1682 872/686/872 1807/611/1807
vt 0.8590379953384399 0.5587599873542786
f 1253/687/1253 1296/675/1296 1285/679/1285
vt 0.8583310246467590 0.5581790208816528
vt 0.8590379953384399 0.5581790208816528
f 2464/688/2464 234/687/234 232/689/232
f 604/675/604 1926/687/1926 2424/688/2424
vt 0.8590379953384399 0.5570160150527954
vt 0.8583310246467590 0.5570160150527954
f 1875/689/1875 282/690/282 2392/691/2392
f 1044/691/1044 151/688/151 2480/689/2480
f 2037/688/2037 390/673/390 2327/675/2327
vt 0.8569160103797913 0.5570160150527954
f 462/692/462 425/688/425 2096/691/2096
f 1559/673/1559 1600/688/1600 1603/692/1603
vt 0.8555009961128235 0.5570160150527954
f 2323/673/2323 2320/692/2320 2312/693/2312
f 951/693/951 942/667/942 1790/673/1790
vt 0.8569160103797913 0.5546910166740417
vt 0.8555009961128235 0.5546910166740417
f 1548/692/1548 2318/694/2318 1731/695/1731
f 2337/695/2337 94/693/94 1498/692/1498
vt 0.8583310246467590 0.5546910166740417
f 657/691/657 2427/696/2427 603/694/603
f 1911/694/1911 1902/692/1902 914/691/914
vt 0.8583310246467590 0.5523660182952881
vt 0.8569160103797913 0.5500410199165344
f 2011/694/2011 168/697/168 2009/698/2009
vt 0.8583310246467590 0.5500410199165344
f 1138/698/1138 1755/697/1755 1135/699/1135
f 1754/697/1754 1135/694/1135 1108/696/1108
vt 0.8555009961128235 0.5500410199165344
f 2420/694/2420 613/698/613 2444/700/2444
f 2326/700/2326 2280/695/2280 2257/694/2257
f 1649/693/1649 735/664/735 389/667/389
vt 0.8526710271835327 0.5546910166740417
f 642/701/642 2253/693/2253 2258/695/2258
f 2212/664/2212 2207/693/2207 2278/701/2278
f 1848/664/1848 1850/701/1850 1811/683/1811
f 128/683/128 2483/665/2483 2268/664/2268
vt 0.8526710271835327 0.5500410199165344
f 1236/701/1236 1438/702/1438 413/685/413
f 910/685/910 1898/683/1898 1903/701/1903
f 4/695/4 3/700/3 246/702/246
f 648/702/648 306/701/306 359/695/359
vt 0.8555009961128235 0.5477160215377808
f 1787/703/1787 271/702/271 1620/700/1620
vt 0.8526710271835327 0.5453910231590271
vt 0.8555009961128235 0.5453910231590271
f 1899/704/1899 1331/703/1331 548/705/548
f 39/702/39 2020/703/2020 2291/704/2291
f 2217/702/2217 2196/704/2196 150/686/150
f 1729/686/1729 187/685/187 2271/702/2271
f 1502/704/1502 1500/600/1500 2363/602/2363
f 320/602/320 2379/686/2379 1308/704/1308
f 2143/705/2143 2227/593/2227 2142/600/2142
f 281/600/281 1635/704/1635 282/705/282
vt 0.8590379953384399 0.5500410199165344
vt 0.8590379953384399 0.5488780140876770
vt 0.8583310246467590 0.5488780140876770
f 865/706/865 1954/707/1954 1966/708/1966
f 1234/708/1234 1472/699/1472 401/706/401
vt 0.8590379953384399 0.5477160215377808
vt 0.8583310246467590 0.5477160215377808
f 30/707/30 1637/709/1637 480/710/480
f 2025/710/2025 1637/708/1637 708/707/708
f 1964/708/1964 858/698/858 1971/699/1971
vt 0.8569160103797913 0.5477160215377808
f 1310/711/1310 1324/708/1324 1242/710/1242
f 2336/698/2336 2485/708/2485 1538/711/1538
f 2351/698/2351 2335/711/2335 1497/703/1497
f 39/703/39 2291/700/2291 26/698/26
vt 0.8569160103797913 0.5453910231590271
f 616/711/616 233/712/233 656/705/656
f 2008/705/2008 26/703/26 2290/711/2290
vt 0.8583310246467590 0.5453910231590271
f 39/710/39 26/713/26 1649/712/1649
f 648/712/648 1876/711/1876 306/710/306
vt 0.8583310246467590 0.5430660247802734
f 2095/714/2095 2204/712/2204 2482/713/2482
f 2303/712/2303 2319/593/2319 2314/705/2314
f 1583/593/1583 1613/714/1613 524/594/524
f 757/714/757 2070/593/2070 2051/712/2051
vt 0.8555009961128235 0.6158859729766846
vt 0.8569160103797913 0.6111429929733276
vt 0.8555009961128235 0.6111429929733276
f 2051/715/2051 759/716/759 2050/717/2050
vt 0.8583310246467590 0.6111429929733276
f 1083/716/1083 1154/715/1154 1081/718/1081
vt 0.8583310246467590 0.6087710261344910
vt 0.8569160103797913 0.6087710261344910
f 2164/718/2164 450/719/450 2088/720/2088
f 1737/720/1737 449/716/449 450/718/450
vt 0.8555009961128235 0.6087710261344910
f 1161/716/1161 1152/720/1152 1065/721/1065
f 678/721/678 2007/717/2007 2295/716/2295
vt 0.8569160103797913 0.6064000129699707
vt 0.8555009961128235 0.6064000129699707
f 217/720/217 220/722/220 206/723/206
f 995/723/995 2307/721/2307 2309/720/2309
vt 0.8583310246467590 0.6075860261917114
f 711/724/711 718/720/718 383/719/383
vt 0.8583310246467590 0.6064000129699707
f 924/722/924 948/724/948 1904/725/1904
f 1565/720/1565 265/724/265 1566/722/1566
vt 0.8590379953384399 0.6087710261344910
vt 0.8590379953384399 0.6075860261917114
f 2342/726/2342 1699/727/1699 167/724/167
f 2202/724/2202 2476/719/2476 2203/726/2203
vt 0.8590379953384399 0.6064000129699707
f 622/727/622 2413/728/2413 1878/725/1878
f 2112/725/2112 2371/724/2371 2363/727/2363
vt 0.8526710271835327 0.6111429929733276
f 1828/715/1828 1191/717/1191 1834/729/1834
vt 0.8526710271835327 0.6158859729766846
f 1055/729/1055 442/730/442 2488/715/2488
vt 0.8498409986495972 0.6111429929733276
f 1182/730/1182 844/729/844 1167/731/1167
vt 0.8498409986495972 0.6158859729766846
f 179/731/179 641/732/641 640/730/640
vt 0.8526710271835327 0.6064000129699707
vt 0.8498409986495972 0.6064000129699707
f 1182/729/1182 2016/733/2016 499/734/499
f 1489/734/1489 812/731/812 1194/729/1194
f 726/721/726 696/729/696 1291/717/1291
f 2447/733/2447 311/721/311 2419/723/2419
f 255/729/255 1593/721/1593 1590/733/1590
vt 0.8555009961128235 0.6040279865264893
f 2370/735/2370 461/733/461 429/723/429
vt 0.8526710271835327 0.6016569733619690
vt 0.8555009961128235 0.6016569733619690
f 511/736/511 1662/735/1662 695/737/695
f 2339/733/2339 183/735/183 181/736/181
vt 0.8498409986495972 0.6016569733619690
f 1340/733/1340 576/736/576 1897/738/1897
f 2380/738/2380 591/734/591 319/733/319
vt 0.8526710271835327 0.5969139933586121
vt 0.8498409986495972 0.5969139933586121
f 1385/736/1385 2377/739/2377 2374/740/2374
f 1202/740/1202 2322/738/2322 2307/736/2307
vt 0.8555009961128235 0.5992850065231323
f 909/741/909 928/736/928 904/737/904
vt 0.8555009961128235 0.5969139933586121
f 672/739/672 131/741/131 1537/742/1537
f 2239/736/2239 976/741/976 2134/739/2134
vt 0.8590379953384399 0.6040279865264893
vt 0.8590379953384399 0.6028429865837097
vt 0.8583310246467590 0.6028429865837097
f 663/743/663 221/744/221 656/745/656
vt 0.8583310246467590 0.6040279865264893
f 1302/745/1302 957/746/957 881/743/881
vt 0.8590379953384399 0.6022499799728394
f 2363/747/2363 2371/745/2371 2110/744/2110
vt 0.8583310246467590 0.6016569733619690
vt 0.8590379953384399 0.6016569733619690
f 1023/748/1023 1081/747/1081 60/749/60
f 799/745/799 1376/747/1376 2068/748/2068
vt 0.8569160103797913 0.6040279865264893
f 133/725/133 2279/746/2279 455/750/455
f 1881/750/1881 618/722/618 227/725/227
f 1615/722/1615 1360/750/1360 1797/735/1797
f 1437/735/1437 62/723/62 1480/722/1480
vt 0.8569160103797913 0.6016569733619690
f 2208/750/2208 1511/751/1511 1125/737/1125
f 1598/737/1598 1600/735/1600 1580/750/1580
f 1624/745/1624 1356/750/1356 251/746/251
f 647/751/647 610/745/610 348/748/348
f 2237/750/2237 1969/745/1969 857/751/857
vt 0.8583310246467590 0.6004710197448730
f 2061/752/2061 2076/751/2076 749/748/749
vt 0.8569160103797913 0.5992850065231323
vt 0.8583310246467590 0.5992850065231323
f 678/753/678 2295/752/2295 640/754/640
f 1456/751/1456 1023/752/1023 60/753/60
f 416/751/416 554/753/554 1339/741/1339
f 1920/741/1920 929/737/929 1917/751/1917
vt 0.8569160103797913 0.5969139933586121
f 1336/753/1336 1454/755/1454 1230/742/1230
f 2162/742/2162 1366/741/1366 1370/753/1370
vt 0.8583310246467590 0.5981000065803528
f 1270/756/1270 1297/753/1297 1271/754/1271
vt 0.8583310246467590 0.5969139933586121
f 1919/755/1919 899/756/899 1024/757/1024
f 1052/753/1052 1734/756/1734 185/755/185
vt 0.8590379953384399 0.6004710197448730
f 2296/749/2296 1202/758/1202 2313/752/2313
f 2091/752/2091 2163/748/2163 1377/749/1377
vt 0.8590379953384399 0.5992850065231323
f 2434/758/2434 334/759/334 1944/754/1944
f 1776/754/1776 1775/752/1775 1043/758/1043
vt 0.8590379953384399 0.5981000065803528
f 1084/759/1084 1120/760/1120 1119/756/1119
f 1370/756/1370 2167/754/2167 1736/759/1736
vt 0.8590379953384399 0.5975069999694824
f 1344/761/1344 1360/756/1360 1615/760/1615
vt 0.8590379953384399 0.5969139933586121
f 1/757/1 1997/761/1997 1992/762/1992
f 526/756/526 1738/761/1738 438/757/438
vt 0.8441820144653320 0.6158859729766846
f 16/731/16 14/763/14 817/732/817
vt 0.8441820144653320 0.6064000129699707
f 274/764/274 268/731/268 1784/734/1784
f 1840/763/1840 1829/731/1829 1856/764/1856
f 1608/763/1608 1573/764/1573 1609/513/1609
f 1587/513/1587 1609/515/1609 1602/763/1602
vt 0.8441820144653320 0.5969139933586121
f 1937/764/1937 1884/765/1884 594/517/594
f 1740/517/1740 454/513/454 1775/764/1775
f 446/738/446 1745/764/1745 1048/734/1048
f 1638/765/1638 492/738/492 48/740/48
f 421/764/421 971/738/971 955/765/955
vt 0.8498409986495972 0.5921710133552551
f 1693/766/1693 37/765/37 1248/740/1248
vt 0.8441820144653320 0.5874279737472534
vt 0.8498409986495972 0.5874279737472534
f 752/767/752 809/766/809 756/768/756
f 2438/765/2438 337/766/337 2456/767/2456
f 1453/765/1453 1461/767/1461 787/518/787
f 1517/518/1517 1549/517/1549 2326/765/2326
f 807/767/807 2082/681/2082 806/509/806
f 1926/509/1926 2463/518/2463 2424/767/2424
vt 0.8498409986495972 0.5826849937438965
f 1188/769/1188 1812/767/1812 1187/768/1187
f 2330/681/2330 168/769/168 628/660/628
f 437/767/437 1089/769/1089 1088/681/1088
vt 0.8590379953384399 0.5963209867477417
f 414/770/414 1325/757/1325 566/762/566
vt 0.8583310246467590 0.5957279801368713
vt 0.8590379953384399 0.5957279801368713
f 958/771/958 934/770/934 959/772/959
f 1910/757/1910 969/770/969 913/771/913
vt 0.8590379953384399 0.5945420265197754
vt 0.8583310246467590 0.5945420265197754
f 1896/772/1896 898/773/898 969/774/969
f 1440/774/1440 1080/771/1080 1485/772/1485
vt 0.8590379953384399 0.5933560132980347
vt 0.8583310246467590 0.5933560132980347
f 141/773/141 537/775/537 1406/776/1406
f 1615/776/1615 1785/774/1785 267/773/267
vt 0.8590379953384399 0.5921710133552551
vt 0.8583310246467590 0.5921710133552551
f 2005/775/2005 1708/777/1708 2006/778/2006
f 795/778/795 2077/776/2077 2171/775/2171
f 990/771/990 859/755/859 268/757/268
vt 0.8569160103797913 0.5945420265197754
f 805/779/805 541/771/541 791/774/791
f 579/755/579 2/771/2 1995/779/1995
vt 0.8555009961128235 0.5945420265197754
f 2284/755/2284 635/779/635 24/780/24
f 904/780/904 928/742/928 1914/755/1914
vt 0.8569160103797913 0.5921710133552551
vt 0.8555009961128235 0.5921710133552551
f 2469/779/2469 817/781/817 1392/782/1392
f 170/782/170 1708/780/1708 34/779/34
f 2005/776/2005 696/779/696 1708/774/1708
f 462/781/462 188/776/188 425/778/425
f 862/779/862 1348/776/1348 1952/781/1952
vt 0.8583310246467590 0.5909850001335144
f 495/783/495 484/781/484 2015/778/2015
vt 0.8569160103797913 0.5897989869117737
vt 0.8583310246467590 0.5897989869117737
f 1920/784/1920 921/783/921 1690/785/1690
f 1607/781/1607 1556/783/1556 1605/784/1605
vt 0.8555009961128235 0.5897989869117737
f 1611/781/1611 278/784/278 1794/786/1794
f 115/786/115 2171/782/2171 2046/781/2046
vt 0.8569160103797913 0.5874279737472534
vt 0.8555009961128235 0.5874279737472534
f 180/784/180 1704/787/1704 2251/788/2251
f 545/788/545 1314/786/1314 1913/784/1913
vt 0.8583310246467590 0.5874279737472534
f 2338/785/2338 429/789/429 461/787/461
f 1423/787/1423 9/784/9 1381/785/1381
vt 0.8590379953384399 0.5915780067443848
f 849/790/849 2149/778/2149 1965/777/1965
vt 0.8590379953384399 0.5909850001335144
f 81/783/81 118/790/118 2063/791/2063
f 1301/778/1301 882/790/882 888/783/888
vt 0.8590379953384399 0.5897989869117737
f 2108/791/2108 1509/792/1509 2206/785/2206
f 897/785/897 1905/783/1905 911/791/911
f 931/780/931 973/739/973 911/742/911
vt 0.8526710271835327 0.5921710133552551
f 2473/793/2473 2199/780/2199 140/782/140
f 2041/739/2041 2017/780/2017 493/793/493
f 2438/739/2438 2430/793/2430 621/766/621
f 163/766/163 2474/740/2474 1090/739/1090
vt 0.8526710271835327 0.5874279737472534
f 1455/793/1455 71/794/71 1438/768/1438
f 1382/768/1382 11/766/11 7/793/7
f 918/786/918 1923/793/1923 954/782/954
f 1660/794/1660 715/786/715 49/788/49
f 1387/793/1387 320/786/320 1308/794/1308
vt 0.8555009961128235 0.5850560069084167
f 1245/795/1245 1667/794/1667 1690/788/1690
vt 0.8526710271835327 0.5826849937438965
vt 0.8555009961128235 0.5826849937438965
f 743/796/743 2075/795/2075 795/797/795
f 321/794/321 2390/795/2390 297/796/297
f 234/794/234 340/796/340 232/769/232
f 2366/769/2366 1547/768/1547 2107/794/2107
f 2139/796/2139 2239/657/2239 2134/660/2134
f 1083/660/1083 1162/769/1162 764/796/764
f 1575/797/1575 1594/650/1594 1595/657/1595
f 2151/657/2151 1974/796/1974 1957/797/1957
vt 0.8590379953384399 0.5874279737472534
vt 0.8590379953384399 0.5862420201301575
vt 0.8583310246467590 0.5862420201301575
f 520/798/520 2018/799/2018 2038/800/2038
f 1182/800/1182 1826/789/1826 844/798/844
vt 0.8590379953384399 0.5850560069084167
vt 0.8583310246467590 0.5850560069084167
f 230/799/230 607/801/607 2466/802/2466
f 2098/802/2098 1533/800/1533 748/799/748
f 2274/800/2274 144/787/144 198/789/198
vt 0.8569160103797913 0.5850560069084167
f 453/803/453 1736/800/1736 444/802/444
f 2285/787/2285 168/800/168 1710/803/1710
f 1735/787/1735 531/803/531 1405/795/1405
f 1302/795/1302 1276/788/1276 877/787/877
vt 0.8569160103797913 0.5826849937438965
f 838/803/838 1172/804/1172 823/797/823
f 1265/797/1265 1290/795/1290 1679/803/1679
vt 0.8583310246467590 0.5826849937438965
f 380/802/380 1833/805/1833 1805/804/1805
f 2423/804/2423 235/803/235 347/802/347
vt 0.8583310246467590 0.5803130269050598
f 1489/806/1489 1480/804/1480 1423/805/1423
f 138/804/138 1531/650/1531 1731/797/1731
f 1964/650/1964 986/806/986 1972/651/1972
f 1885/806/1885 1942/650/1942 1864/804/1864
vt 0.8555009961128235 0.6538280248641968
vt 0.8555009961128235 0.6443420052528381
vt 0.8498409986495972 0.6443420052528381
f 1195/807/1195 4/808/4 1199/809/1199
vt 0.8498409986495972 0.6538280248641968
f 279/809/279 1799/810/1799 1612/807/1612
vt 0.8555009961128235 0.6348569989204407
vt 0.8498409986495972 0.6348569989204407
f 2151/808/2151 1957/811/1957 2144/812/2144
f 857/812/857 223/809/223 1969/808/1969
f 857/809/857 1969/521/1969 223/810/223
f 2479/520/2479 2201/809/2201 150/812/150
f 923/521/923 1147/809/1147 762/520/762
vt 0.8498409986495972 0.6253709793090820
f 1923/763/1923 553/813/553 548/732/548
f 917/813/917 922/520/922 1918/812/1918
f 2011/520/2011 1712/763/1712 168/515/168
f 2285/763/2285 629/520/629 168/813/168
vt 0.8555009961128235 0.6253709793090820
f 2274/811/2274 198/814/198 2275/813/2275
f 606/813/606 661/812/661 352/811/352
f 1445/730/1445 74/814/74 1421/715/1421
f 1287/813/1287 1823/730/1823 1848/732/1848
f 2266/814/2266 140/730/140 2339/813/2339
vt 0.8590379953384399 0.6917399764060974
vt 0.8590379953384399 0.6905549764633179
vt 0.8583310246467590 0.6905549764633179
f 16/815/16 1386/816/1386 818/817/818
vt 0.8583310246467590 0.6917399764060974
f 1745/817/1745 1590/818/1590 1634/815/1634
vt 0.8590379953384399 0.6893699765205383
vt 0.8583310246467590 0.6893699765205383
f 602/816/602 349/819/349 656/820/656
f 2306/820/2306 997/817/997 2312/816/2312
vt 0.8569160103797913 0.6917399764060974
f 805/817/805 1364/821/1364 2168/818/2168
vt 0.8569160103797913 0.6893699765205383
f 1034/822/1034 1754/817/1754 1108/820/1108
f 2229/821/2229 1485/817/1485 1420/822/1420
vt 0.8555009961128235 0.6893699765205383
f 648/821/648 359/822/359 1881/823/1881
vt 0.8555009961128235 0.6917399764060974
f 2045/823/2045 101/824/101 1034/821/1034
vt 0.8569160103797913 0.6870009899139404
vt 0.8555009961128235 0.6870009899139404
f 1552/822/1552 1781/825/1781 1595/826/1595
f 1614/826/1614 1800/823/1800 1551/822/1551
vt 0.8583310246467590 0.6870009899139404
f 439/820/439 1396/827/1396 531/825/531
f 1872/825/1872 2388/822/2388 296/820/296
vt 0.8583310246467590 0.6846309900283813
vt 0.8569160103797913 0.6846309900283813
f 1281/827/1281 1273/828/1273 1260/829/1260
f 1664/829/1664 1674/825/1674 1269/827/1269
vt 0.8555009961128235 0.6846309900283813
f 2346/825/2346 1511/829/1511 2340/830/2340
f 850/830/850 1977/826/1977 1970/825/1970
vt 0.8569160103797913 0.6822620034217834
vt 0.8555009961128235 0.6822620034217834
f 897/829/897 1908/831/1908 769/832/769
f 2203/832/2203 148/830/148 157/829/157
vt 0.8583310246467590 0.6834459900856018
f 587/833/587 1867/829/1867 1868/828/1868
vt 0.8583310246467590 0.6822620034217834
f 1521/831/1521 1541/833/1541 1535/834/1535
f 1201/829/1201 996/833/996 994/831/994
vt 0.8590379953384399 0.6846309900283813
vt 0.8590379953384399 0.6834459900856018
f 281/835/281 1783/836/1783 1595/833/1595
f 63/833/63 1422/828/1422 1493/835/1493
vt 0.8590379953384399 0.6822620034217834
f 2248/836/2248 641/837/641 472/834/472
f 2365/834/2365 1092/833/1092 2101/836/2101
vt 0.8526710271835327 0.6917399764060974
f 1621/823/1621 1345/838/1345 1618/824/1618
vt 0.8526710271835327 0.6870009899139404
f 2139/839/2139 2243/823/2243 2150/826/2150
f 1204/838/1204 646/823/646 1202/839/1202
vt 0.8498409986495972 0.6870009899139404
f 577/838/577 832/839/832 1189/840/1189
vt 0.8498409986495972 0.6917399764060974
f 627/840/627 626/841/626 2249/838/2249
vt 0.8526710271835327 0.6822620034217834
vt 0.8498409986495972 0.6822620034217834
f 2013/839/2013 1662/842/1662 511/843/511
f 1881/843/1881 587/840/587 1943/839/1943
f 107/830/107 2157/839/2157 84/826/84
f 1682/842/1682 824/830/824 1250/832/1250
f 257/839/257 1581/830/1581 1351/842/1351
vt 0.8555009961128235 0.6798920035362244
f 1670/844/1670 1273/842/1273 1274/832/1274
vt 0.8526710271835327 0.6775230169296265
vt 0.8555009961128235 0.6775230169296265
f 1618/845/1618 1345/844/1345 1961/846/1961
f 555/842/555 1320/844/1320 1315/845/1315
vt 0.8498409986495972 0.6775230169296265
f 1112/842/1112 1734/845/1734 1767/847/1767
f 638/847/638 165/843/165 2283/842/2283
vt 0.8526710271835327 0.6727839708328247
vt 0.8498409986495972 0.6727839708328247
f 1702/845/1702 169/848/169 1699/849/1699
f 965/849/965 947/847/947 927/845/927
vt 0.8555009961128235 0.6727839708328247
f 1188/846/1188 1187/850/1187 1803/848/1803
f 910/848/910 1010/845/1010 1898/846/1898
vt 0.8590379953384399 0.6810770034790039
vt 0.8583310246467590 0.6810770034790039
f 1869/837/1869 300/851/300 2415/852/2415
f 2302/852/2302 1004/834/1004 220/837/220
vt 0.8590379953384399 0.6798920035362244
vt 0.8583310246467590 0.6798920035362244
f 1824/851/1824 1821/853/1821 1846/854/1846
f 1299/854/1299 1814/852/1814 883/851/883
f 27/852/27 1639/831/1639 47/834/47
vt 0.8569160103797913 0.6798920035362244
f 1376/855/1376 90/852/90 2171/854/2171
f 44/831/44 1655/852/1655 704/855/704
f 509/831/509 377/855/377 510/844/510
f 1289/844/1289 892/832/892 878/831/878
vt 0.8569160103797913 0.6775230169296265
f 368/855/368 1209/856/1209 25/846/25
f 1402/846/1402 255/844/255 447/855/447
vt 0.8583310246467590 0.6775230169296265
f 1281/854/1281 1260/857/1260 884/856/884
f 1112/856/1112 1105/855/1105 2282/854/2282
vt 0.8583310246467590 0.6751530170440674
f 2112/858/2112 469/856/469 470/857/470
f 614/856/614 345/850/345 610/846/610
vt 0.8583310246467590 0.6727839708328247
f 2132/850/2132 2143/858/2143 2133/859/2133
f 309/858/309 2398/850/2398 600/856/600
vt 0.8441820144653320 0.6917399764060974
f 1787/840/1787 1786/860/1786 271/841/271
vt 0.8441820144653320 0.6822620034217834
f 6/861/6 1394/840/1394 10/843/10
f 6/860/6 10/840/10 1394/861/1394
f 734/860/734 375/861/375 701/522/701
f 1455/522/1455 61/524/61 1446/860/1446
vt 0.8441820144653320 0.6727839708328247
f 1455/861/1455 1446/862/1446 61/526/61
f 1353/526/1353 1632/522/1632 286/861/286
f 789/847/789 760/861/760 119/843/119
f 1842/862/1842 1172/847/1172 838/849/838
f 968/861/968 937/847/937 1916/862/1916
vt 0.8498409986495972 0.6633059978485107
f 2293/863/2293 173/862/173 2283/849/2283
f 1595/862/1595 1781/521/1781 1635/526/1635
f 1949/521/1949 105/863/105 850/810/850
f 1311/863/1311 243/521/243 1198/862/1198
vt 0.8583310246467590 0.6704139709472656
f 1035/864/1035 1136/850/1136 1780/859/1780
vt 0.8555009961128235 0.6680449843406677
vt 0.8583310246467590 0.6680449843406677
f 578/865/578 1918/864/1918 1894/866/1894
f 2121/850/2121 247/864/247 2230/865/2230
vt 0.8583310246467590 0.6656749844551086
f 618/867/618 2403/865/2403 1884/866/1884
vt 0.8555009961128235 0.6633059978485107
vt 0.8583310246467590 0.6633059978485107
f 2129/868/2129 2442/867/2442 328/869/328
f 1814/865/1814 1675/867/1675 883/868/883
f 138/865/138 2264/848/2264 1531/850/1531
f 1665/848/1665 841/863/841 1190/849/1190
f 2060/863/2060 2076/865/2076 2061/868/2061
f 1190/865/1190 1692/863/1692 1168/848/1168
vt 0.8555009961128235 0.6585670113563538
f 1767/870/1767 1734/863/1734 1052/868/1052
f 315/810/315 1892/870/1892 2404/807/2404
f 583/863/583 1931/870/1931 1940/810/1940
vt 0.8583310246467590 0.6609359979629517
f 1301/871/1301 216/868/216 1258/869/1258
vt 0.8583310246467590 0.6585670113563538
f 630/870/630 2259/871/2259 670/872/670
f 495/868/495 52/871/52 825/870/825
vt 0.8583310246467590 0.6538280248641968
f 1310/872/1310 1198/873/1198 1197/807/1197
f 194/807/194 1728/870/1728 2281/872/2281
vt 0.8594210147857666 0.7295219898223877
vt 0.8594210147857666 0.7295200228691101
vt 0.8594200015068054 0.7295200228691101
f 1360/874/1360 1590/875/1590 263/876/263
vt 0.8594200015068054 0.7295219898223877
f 384/876/384 2038/877/2038 509/874/509
vt 0.8594220280647278 0.7295219898223877
vt 0.8594220280647278 0.7295200228691101
f 1053/878/1053 445/879/445 1526/875/1526
f 2370/875/2370 2100/874/2100 461/878/461
vt 0.8594200015068054 0.7295150160789490
f 1063/875/1063 1163/880/1163 1078/876/1078
vt 0.8594220280647278 0.7295150160789490
f 1830/881/1830 384/875/384 1822/879/1822
f 1015/880/1015 772/875/772 1014/881/1014
vt 0.8594170212745667 0.7295200228691101
vt 0.8594170212745667 0.7295150160789490
vt 0.8594139814376831 0.7295150160789490
f 894/882/894 1681/883/1681 1266/884/1266
vt 0.8594139814376831 0.7295200228691101
f 1090/884/1090 1756/885/1756 1047/882/1047
f 2256/876/2256 2247/880/2247 638/883/638
f 2234/883/2234 2115/882/2115 2235/876/2235
vt 0.8594139814376831 0.7295060157775879
f 771/883/771 1067/886/1067 1029/884/1029
vt 0.8594200015068054 0.7295060157775879
f 767/887/767 766/883/766 910/880/910
f 2202/886/2202 2481/883/2481 2476/887/2476
vt 0.8594089746475220 0.7295150160789490
vt 0.8594089746475220 0.7295060157775879
vt 0.8594030141830444 0.7295060157775879
f 2046/888/2046 2171/889/2171 2077/890/2077
vt 0.8594030141830444 0.7295150160789490
f 2378/890/2378 1381/891/1381 9/888/9
f 437/884/437 1403/886/1403 1089/889/1089
f 2375/889/2375 812/888/812 1381/884/1381
vt 0.8594030141830444 0.7294880151748657
vt 0.8593919873237610 0.7294880151748657
f 1131/890/1131 1757/892/1757 1058/893/1058
vt 0.8593919873237610 0.7295060157775879
f 1525/893/1525 798/894/798 1368/890/1368
f 410/889/410 1489/892/1489 1194/890/1194
vt 0.8594139814376831 0.7294880151748657
f 1568/895/1568 259/889/259 277/886/277
f 1298/892/1298 886/889/886 1857/895/1857
vt 0.8593919873237610 0.7294510006904602
f 1616/892/1616 238/896/238 2406/893/2406
vt 0.8594139814376831 0.7294510006904602
f 1194/897/1194 812/892/812 242/895/242
f 2045/896/2045 1108/892/1108 741/897/741
vt 0.8593699932098389 0.7294880151748657
vt 0.8593699932098389 0.7294510006904602
vt 0.8593479990959167 0.7294510006904602
f 950/898/950 1628/899/1628 1913/900/1913
vt 0.8593479990959167 0.7294880151748657
f 363/900/363 331/901/331 332/898/332
f 123/893/123 80/896/80 1056/899/1056
f 1982/899/1982 2136/898/2136 2184/893/2184
vt 0.8593479990959167 0.7293769717216492
vt 0.8593040108680725 0.7293769717216492
f 1982/900/1982 1979/902/1979 975/903/975
vt 0.8593040108680725 0.7294510006904602
f 2053/903/2053 2076/904/2076 2074/900/2074
f 975/899/975 1978/902/1978 2136/900/2136
vt 0.8593919873237610 0.7293769717216492
f 1021/905/1021 59/899/59 1022/896/1022
f 1659/902/1659 54/899/54 692/905/692
vt 0.8593040108680725 0.7292289733886719
vt 0.8592150211334229 0.7292289733886719
f 239/903/239 1890/906/1890 350/907/350
vt 0.8592150211334229 0.7293769717216492
f 1001/907/1001 1212/908/1212 993/903/993
f 1548/902/1548 1731/906/1731 435/903/435
vt 0.8593919873237610 0.7292289733886719
f 1505/909/1505 435/902/435 2355/905/2355
f 1484/906/1484 406/902/406 1079/909/1079
vt 0.8592150211334229 0.7289339900016785
vt 0.8590379953384399 0.7289339900016785
f 27/907/27 2013/910/2013 496/911/496
vt 0.8590379953384399 0.7292289733886719
f 886/911/886 1666/912/1666 1257/907/1257
f 637/906/637 424/910/424 2264/907/2264
vt 0.8593919873237610 0.7289339900016785
f 119/913/119 87/906/87 1534/909/1534
f 1271/910/1271 1687/906/1687 1267/913/1267
vt 0.8586840033531189 0.7289339900016785
vt 0.8586840033531189 0.7283440232276917
vt 0.8583310246467590 0.7283440232276917
f 881/914/881 1256/915/1256 1276/916/1276
vt 0.8583310246467590 0.7289339900016785
f 894/916/894 1296/917/1296 1298/914/1298
vt 0.8590379953384399 0.7283440232276917
f 203/911/203 213/918/213 18/915/18
f 162/915/162 2213/914/2213 2483/911/2483
vt 0.8583310246467590 0.7271630167961121
f 2066/915/2066 801/919/801 750/916/750
vt 0.8590379953384399 0.7271630167961121
f 1541/920/1541 2277/915/2277 460/918/460
f 802/919/802 2084/915/2084 2079/920/2079
vt 0.8590379953384399 0.7259820103645325
vt 0.8583310246467590 0.7259820103645325
f 2031/920/2031 522/921/522 372/922/372
f 1144/922/1144 1025/919/1025 781/920/781
vt 0.8590379953384399 0.7248010039329529
vt 0.8583310246467590 0.7248010039329529
f 842/921/842 1834/923/1834 1191/924/1191
f 207/924/207 202/922/202 218/921/218
vt 0.8576229810714722 0.7283440232276917
vt 0.8576229810714722 0.7271630167961121
vt 0.8569160103797913 0.7271630167961121
f 2386/925/2386 322/926/322 591/927/591
vt 0.8569160103797913 0.7283440232276917
f 1267/927/1267 1687/928/1687 1175/925/1175
f 1813/916/1813 1838/919/1838 1175/926/1175
f 1354/926/1354 248/925/248 1555/916/1555
vt 0.8569160103797913 0.7248010039329529
vt 0.8555009961128235 0.7248010039329529
f 1627/927/1627 1630/929/1630 1632/930/1632
vt 0.8555009961128235 0.7271630167961121
f 944/930/944 963/931/963 1905/927/1905
f 2236/922/2236 2232/926/2232 2174/919/2174
f 2331/926/2331 2253/929/2253 2004/927/2004
f 147/929/147 2095/922/2095 2368/924/2368
f 1682/922/1682 1807/929/1807 1184/926/1184
vt 0.8583310246467590 0.7236210107803345
f 1443/932/1443 59/929/59 2119/924/2119
vt 0.8569160103797913 0.7224400043487549
vt 0.8583310246467590 0.7224400043487549
f 1765/933/1765 117/932/117 86/934/86
f 2116/929/2116 2232/932/2232 2135/933/2135
vt 0.8555009961128235 0.7224400043487549
f 1766/929/1766 2052/933/2052 109/935/109
f 1178/935/1178 835/930/835 2024/929/2024
vt 0.8569160103797913 0.7200779914855957
vt 0.8555009961128235 0.7200779914855957
f 2145/933/2145 1982/936/1982 2130/937/2130
f 460/937/460 2277/935/2277 2260/933/2260
vt 0.8583310246467590 0.7212589979171753
f 1254/938/1254 51/933/51 46/934/46
vt 0.8583310246467590 0.7200779914855957
f 868/936/868 1269/938/1269 1277/939/1277
f 320/933/320 818/938/818 1386/936/1386
vt 0.8590379953384399 0.7242109775543213
f 2185/940/2185 2462/924/2462 2390/923/2390
vt 0.8590379953384399 0.7236210107803345
f 2407/932/2407 1891/940/1891 1986/941/1986
f 1110/924/1110 1121/940/1121 1399/932/1399
vt 0.8590379953384399 0.7224400043487549
f 799/941/799 757/942/757 2051/934/2051
f 1889/934/1889 1863/932/1863 1876/941/1876
vt 0.8590379953384399 0.7212589979171753
f 1715/942/1715 130/943/130 1725/938/1725
f 753/938/753 806/934/806 2082/942/2082
vt 0.8590379953384399 0.7200779914855957
f 2394/943/2394 2464/944/2464 232/939/232
f 826/939/826 1695/938/1695 1251/943/1251
vt 0.8526710271835327 0.7248010039329529
vt 0.8526710271835327 0.7200779914855957
vt 0.8498409986495972 0.7200779914855957
f 826/945/826 1251/946/1251 1695/947/1695
vt 0.8498409986495972 0.7248010039329529
f 980/947/980 1972/948/1972 1974/945/1974
f 1886/935/1886 2401/945/2401 2400/930/2400
f 1337/946/1337 832/935/832 577/937/577
f 1885/945/1885 1947/935/1947 325/946/325
vt 0.8555009961128235 0.7177169919013977
f 317/949/317 593/946/593 1864/937/1864
vt 0.8526710271835327 0.7153549790382385
vt 0.8555009961128235 0.7153549790382385
f 673/950/673 1707/949/1707 2002/951/2002
f 624/946/624 988/949/988 237/950/237
vt 0.8498409986495972 0.7153549790382385
f 534/946/534 530/950/530 1747/952/1747
f 27/952/27 761/947/761 1639/946/1639
vt 0.8526710271835327 0.7106320261955261
vt 0.8498409986495972 0.7106320261955261
f 1409/950/1409 1748/953/1748 1410/954/1410
f 1409/954/1409 543/952/543 1751/950/1751
vt 0.8555009961128235 0.7129939794540405
f 657/955/657 620/950/620 2440/951/2440
vt 0.8555009961128235 0.7106320261955261
f 1842/953/1842 1814/955/1814 1809/956/1809
f 2329/950/2329 1706/955/1706 2330/953/2330
vt 0.8590379953384399 0.7194880247116089
f 1688/957/1688 1172/939/1172 878/944/878
vt 0.8583310246467590 0.7188979983329773
vt 0.8590379953384399 0.7188979983329773
f 418/958/418 1231/957/1231 1333/959/1333
f 242/939/242 1196/957/1196 245/958/245
vt 0.8590379953384399 0.7183070182800293
f 2346/960/2346 744/958/744 1511/959/1511
vt 0.8583310246467590 0.7177169919013977
vt 0.8590379953384399 0.7177169919013977
f 2328/961/2328 1711/960/1711 676/962/676
f 732/958/732 1708/960/1708 696/961/696
vt 0.8590379953384399 0.7165359854698181
vt 0.8583310246467590 0.7165359854698181
f 783/962/783 1078/963/1078 1163/964/1163
f 1490/964/1490 1439/961/1439 412/962/412
vt 0.8590379953384399 0.7153549790382385
vt 0.8583310246467590 0.7153549790382385
f 412/963/412 1230/965/1230 1431/966/1431
f 276/966/276 1882/964/1882 1790/963/1790
f 1121/958/1121 542/936/542 1398/939/1398
vt 0.8569160103797913 0.7177169919013977
f 281/967/281 1595/958/1595 1635/961/1635
f 2432/936/2432 2440/958/2440 620/967/620
f 2208/936/2208 2224/967/2224 2209/949/2209
f 1528/949/1528 1543/937/1543 748/936/748
vt 0.8569160103797913 0.7153549790382385
f 1528/967/1528 1533/968/1533 1716/951/1716
f 397/951/397 1897/949/1897 576/967/576
f 1505/964/1505 1501/967/1501 1519/961/1519
f 1726/968/1726 109/964/109 1543/966/1543
f 617/967/617 1964/964/1964 1972/968/1972
vt 0.8583310246467590 0.7141739726066589
f 263/969/263 1590/968/1590 1593/966/1593
vt 0.8569160103797913 0.7129939794540405
vt 0.8583310246467590 0.7129939794540405
f 473/970/473 50/969/50 1646/971/1646
f 299/968/299 230/969/230 660/970/660
f 1607/968/1607 1564/970/1564 1585/955/1585
f 1814/955/1814 1171/951/1171 1675/968/1675
vt 0.8569160103797913 0.7106320261955261
f 91/970/91 109/972/109 110/956/110
f 2164/956/2164 1379/955/1379 1364/970/1364
vt 0.8583310246467590 0.7118129730224609
f 1413/973/1413 544/970/544 1105/971/1105
vt 0.8583310246467590 0.7106320261955261
f 835/972/835 1185/973/1185 1847/974/1847
f 967/970/967 938/973/938 1294/972/1294
vt 0.8590379953384399 0.7141739726066589
f 1411/965/1411 440/975/440 441/969/441
f 1411/969/1411 2092/966/2092 2168/965/2168
vt 0.8590379953384399 0.7129939794540405
f 2470/975/2470 2368/976/2368 2095/971/2095
f 2220/971/2220 2206/969/2206 1509/975/1509
vt 0.8590379953384399 0.7118129730224609
f 2095/976/2095 2482/977/2482 158/973/158
f 2182/973/2182 1603/971/1603 2131/976/2131
vt 0.8590379953384399 0.7106320261955261
f 289/977/289 1871/978/1871 1866/974/1866
f 547/974/547 1916/973/1916 1317/977/1317
vt 0.8441820144653320 0.7200779914855957
vt 0.8441820144653320 0.7106320261955261
f 1488/979/1488 1439/980/1439 1490/532/1490
f 415/532/415 1482/531/1482 1437/979/1437
f 2412/952/2412 1888/979/1888 290/947/290
f 670/980/670 390/952/390 2250/954/2250
f 914/979/914 933/952/933 966/980/966
vt 0.8498409986495972 0.7011860013008118
vt 0.8441820144653320 0.7011860013008118
f 1954/954/1954 1955/981/1955 1979/982/1979
f 1978/982/1978 1979/980/1979 983/954/983
f 1489/980/1489 1423/982/1423 812/540/812
f 1226/540/1226 1489/532/1489 410/980/410
f 1411/982/1411 441/860/441 532/524/532
f 1362/524/1362 1791/540/1791 285/982/285
vt 0.8498409986495972 0.6964629888534546
f 1787/983/1787 1621/982/1621 1349/981/1349
f 869/860/869 682/983/682 1279/841/1279
f 648/982/648 1881/983/1881 236/860/236
vt 0.8583310246467590 0.7082710266113281
f 2451/984/2451 235/972/235 2446/974/2446
vt 0.8555009961128235 0.7059090137481689
f 2418/972/2418 1950/985/1950 1985/956/1985
vt 0.8583310246467590 0.7059090137481689
f 2343/985/2343 2275/984/2275 198/986/198
f 1721/984/1721 197/985/197 185/972/185
vt 0.8583310246467590 0.7035470008850098
f 1782/987/1782 984/985/984 1984/986/1984
vt 0.8555009961128235 0.7011860013008118
vt 0.8583310246467590 0.7011860013008118
f 827/988/827 1170/987/1170 2040/989/2040
f 1082/985/1082 1147/987/1147 1158/988/1158
vt 0.8526710271835327 0.7011860013008118
f 415/953/415 970/985/970 1482/990/1482
f 875/990/875 1280/985/1280 1283/988/1283
f 2207/985/2207 2216/953/2216 2205/956/2205
f 2200/953/2200 2216/990/2216 2217/981/2217
f 2218/981/2218 2216/954/2216 152/953/152
vt 0.8555009961128235 0.6964629888534546
vt 0.8526710271835327 0.6964629888534546
f 44/988/44 704/991/704 730/992/730
f 651/992/651 654/990/654 606/988/606
f 437/990/437 523/992/523 1751/983/1751
f 92/983/92 1370/981/1370 111/990/111
f 508/992/508 1419/838/1419 391/841/391
f 2125/841/2125 1559/983/1559 1603/992/1603
vt 0.8555009961128235 0.6941009759902954
f 183/993/183 1717/992/1717 127/991/127
f 1316/838/1316 411/993/411 557/824/557
f 2237/992/2237 2181/993/2181 2124/838/2124
vt 0.8569160103797913 0.6964629888534546
vt 0.8583310246467590 0.6988239884376526
vt 0.8583310246467590 0.6964629888534546
f 1730/994/1730 2223/995/2223 160/996/160
f 1485/995/1485 1080/988/1080 59/989/59
f 2229/988/2229 2241/994/2241 1485/991/1485
f 170/994/170 2286/988/2286 2003/995/2003
vt 0.8583310246467590 0.6941009759902954
vt 0.8569160103797913 0.6941009759902954
f 857/996/857 223/997/223 1959/998/1959
f 2151/998/2151 2124/994/2124 2181/996/2181
f 324/994/324 360/998/360 323/993/323
f 1927/993/1927 323/991/323 2437/994/2437
f 502/998/502 2022/821/2022 378/824/378
f 1456/824/1456 1319/993/1319 560/998/560
vt 0.8583310246467590 0.6929200291633606
f 1456/999/1456 780/998/780 1023/997/1023
f 715/821/715 714/999/714 683/818/683
f 915/998/915 1676/999/1676 1902/821/1902
vt 0.8590379953384399 0.6941009759902954
vt 0.8590379953384399 0.6929200291633606
f 1946/1000/1946 2381/1001/2381 1938/999/1938
f 1460/999/1460 64/997/64 1458/1000/1458
vt 0.8590379953384399 0.6923300027847290
f 252/1002/252 322/999/322 295/1001/295
f 1382/818/1382 8/1002/8 814/815/814
f 2383/999/2383 1862/1002/1862 290/818/290
vt 0.7096520066261292 0.4640989899635315
vt 0.7047770023345947 0.4640989899635315
f 1825/1003/1825 1180/1004/1180 565/365/565
vt 0.7121180295944214 0.4640989899635315
f 1429/1005/1429 62/1003/62 1487/364/1487
vt 0.7156299948692322 0.4640989899635315
f 2145/1005/2145 1967/363/1967 1966/1006/1966
vt 0.7221959829330444 0.4640989899635315
vt 0.7206699848175049 0.4640989899635315
f 333/382/333 1560/1007/1560 1582/1008/1582
vt 0.7227720022201538 0.4640989899635315
f 702/1009/702 725/1007/725 379/380/379
f 1253/382/1253 1257/381/1257 1666/1007/1666
f 1729/379/1729 2271/1008/2271 192/1006/192
f 2247/382/2247 625/1008/625 2252/379/2252
f 1239/364/1239 946/1003/946 415/365/415
f 1631/371/1631 1619/1006/1619 1581/363/1581
f 479/364/479 2025/363/2025 376/1005/376
f 598/1007/598 2387/381/2387 226/380/226
f 374/378/374 501/382/501 2029/379/2029
f 1626/371/1626 1796/370/1796 977/379/977
f 611/1006/611 659/371/659 609/379/609
f 1755/380/1755 1087/387/1087 1135/1009/1135
f 930/362/930 1235/365/1235 1436/1004/1436
vt 0.7336580157279968 0.4640989899635315
vt 0.7239760160446167 0.4640989899635315
f 1225/1010/1225 557/1011/557 394/383/394
f 2019/1010/2019 515/383/515 381/421/381
vt 0.7433220148086548 0.4641000032424927
f 256/1012/256 2141/1010/2141 1588/417/1588
vt 0.7529439926147461 0.4641000032424927
f 1094/1013/1094 1120/1012/1120 1040/413/1040
vt 0.7723389863967896 0.4641000032424927
vt 0.7626029849052429 0.4641000032424927
f 2240/1014/2240 2187/1015/2187 2131/437/2131
f 1484/1013/1484 70/438/70 406/1015/406
vt 0.7820190191268921 0.4641000032424927
f 1313/1016/1313 574/1014/574 402/463/402
f 1510/386/1510 1545/1011/1545 2103/387/2103
f 1404/386/1404 2167/384/2167 2072/383/2072
f 191/386/191 2272/383/2272 2274/1011/2274
vt 0.8012049794197083 0.4641000032424927
vt 0.7915989756584167 0.4641000032424927
f 346/1017/346 2143/1018/2143 2142/462/2142
vt 0.8108379840850830 0.4641000032424927
vt 0.8204990029335022 0.4641000032424927
f 2093/1019/2093 1097/497/1097 2056/1020/2056
f 2213/497/2213 2276/1019/2276 195/1017/195
vt 0.8301870226860046 0.4641000032424927
f 1609/1021/1609 1573/1020/1573 1593/501/1593
f 1587/383/1587 1568/373/1568 1609/421/1609
f 2397/1016/2397 1882/463/1882 1867/1018/1867
f 540/1009/540 543/387/543 1744/1011/1744
vt 0.7046779990196228 0.4807699918746948
f 2053/361/2053 748/362/748 749/1022/749
f 1047/1004/1047 1753/1022/1753 1133/362/1133
vt 0.7046279907226562 0.4889270067214966
vt 0.7045750021934509 0.4974229931831360
f 2108/361/2108 456/1023/456 1509/1024/1509
f 1341/1022/1341 1232/1023/1232 917/361/917
f 1181/1010/1181 823/421/823 485/420/485
f 1669/358/1669 1273/361/1273 1281/357/1281
f 2137/418/2137 1989/417/1989 2191/420/2191
vt 0.7045239806175232 0.5056959986686707
vt 0.7044709920883179 0.5139989852905273
f 1494/357/1494 1431/1025/1431 76/1026/76
vt 0.7043619751930237 0.5306980013847351
vt 0.7043370008468628 0.5345759987831116
f 880/393/880 1176/1027/1176 1679/1028/1679
f 2437/1027/2437 323/395/323 2468/1026/2468
f 153/1026/153 2480/395/2480 154/357/154
f 1484/361/1484 1435/1024/1435 70/357/70
f 1076/357/1076 779/395/779 1022/390/1022
f 302/395/302 1874/1027/1874 356/393/356
f 1846/357/1846 1821/1024/1821 830/1025/830
f 1239/1028/1239 922/394/922 946/393/946
f 1831/413/1831 1830/417/1830 1822/414/1822
f 384/1012/384 510/417/510 1822/413/1822
f 1927/417/1927 301/1010/301 323/420/323
f 2146/1020/2146 2193/497/2193 2231/501/2231
f 1620/501/1620 1347/499/1347 1784/1021/1784
f 69/1015/69 1468/438/1468 775/437/775
f 1061/1014/1061 556/437/556 1422/463/1422
f 751/1013/751 118/413/118 2058/438/2058
f 699/461/699 731/475/731 877/497/877
f 142/497/142 1722/462/1722 159/461/159
f 697/463/697 1663/462/1663 709/1018/709
f 300/501/300 1939/497/1939 2415/494/2415
vt 0.8399599790573120 0.4865750074386597
f 441/1029/441 2073/496/2073 741/495/741
f 312/462/312 586/497/586 2387/1017/2387
f 144/496/144 2280/581/2280 198/498/198
vt 0.8399040102958679 0.4641000032424927
f 459/500/459 2098/1030/2098 2074/499/2074
f 2429/1030/2429 2443/1021/2443 2377/499/2377
f 1298/574/1298 1857/1030/1857 1300/583/1300
f 2423/498/2423 2133/581/2133 2189/580/2189
vt 0.8404229879379272 0.4845620095729828
f 1155/1031/1155 1144/581/1144 1061/496/1061
vt 0.8496490120887756 0.4641000032424927
f 1457/574/1457 56/573/56 1468/1032/1468
f 1130/1032/1130 1760/1030/1760 1120/574/1120
f 1130/572/1130 1102/575/1102 1101/582/1101
vt 0.8417270183563232 0.4831059873104095
f 58/1033/58 787/581/787 1020/1031/1020
vt 0.8404319882392883 0.4886280000209808
f 1871/495/1871 2389/490/2389 1932/1034/1932
f 2229/1031/2229 2132/496/2132 2188/1029/2188
vt 0.8438400030136108 0.4825679957866669
f 577/1035/577 395/582/395 1334/578/1334
vt 0.8427349925041199 0.4826669991016388
f 549/578/549 560/1036/560 1319/1035/1319
vt 0.8457890152931213 0.4826999902725220
f 1357/582/1357 277/1035/277 259/1037/259
f 301/1037/301 1858/572/1858 323/582/323
f 2131/581/2131 1603/1033/1603 1562/1036/1562
f 1307/581/1307 3/1036/3 4/578/4
vt 0.8477389812469482 0.4828299880027771
f 2175/1037/2175 1983/1038/1983 1605/572/1605
f 591/1029/591 1567/495/1567 1606/1034/1606
f 1922/589/1922 917/1032/917 940/577/940
f 324/589/324 305/591/305 360/1032/360
f 307/1038/307 325/576/325 305/572/305
vt 0.8594229817390442 0.4661729931831360
f 2351/591/2351 2360/590/2360 2100/1039/2100
vt 0.8594229817390442 0.4765419960021973
f 1879/1040/1879 1871/585/1871 289/584/289
f 927/589/927 1241/586/1241 1338/591/1338
vt 0.8594229817390442 0.4641000032424927
f 1508/1041/1508 2334/1032/2334 2363/591/2363
vt 0.8496869802474976 0.4829570055007935
f 2095/1038/2095 158/1042/158 2485/576/2485
vt 0.8516349792480469 0.4830810129642487
f 1055/1043/1055 1718/588/1718 442/576/442
f 1034/1043/1034 123/576/123 1778/1042/1778
vt 0.8535829782485962 0.4832040071487427
f 2027/1043/2027 493/1044/493 390/588/390
vt 0.8574770092964172 0.4834409952163696
f 1941/1045/1941 1860/584/1860 1861/587/1861
vt 0.8555300235748291 0.4833239912986755
f 1251/1044/1251 1265/1046/1265 1679/587/1679
f 2146/1045/2146 2148/587/2148 2193/1046/2193
f 702/588/702 379/1044/379 500/587/500
vt 0.8594229817390442 0.4806900024414062
f 168/1045/168 1700/1047/1700 2009/584/2009
f 2421/1032/2421 337/573/337 2444/577/2444
vt 0.8427569866180420 0.4908869862556458
vt 0.8417270183563232 0.4902780055999756
f 242/570/242 1308/1048/1308 1196/1049/1196
vt 0.8458240032196045 0.4912970066070557
vt 0.8438789844512939 0.4911519885063171
f 1890/565/1890 1359/1050/1359 287/1051/287
f 1153/571/1153 1072/1051/1072 778/1048/778
vt 0.8497130274772644 0.4915800094604492
vt 0.8477690219879150 0.4914399981498718
f 2250/566/2250 390/1052/390 493/1053/493
vt 0.8535990118980408 0.4918519854545593
vt 0.8516560196876526 0.4917170107364655
f 2250/560/2250 2017/1054/2017 626/1055/626
f 2267/566/2267 1720/1055/1720 132/1052/132
f 2256/563/2256 638/1053/638 2326/1050/2326
f 577/570/577 1334/1034/1334 573/490/573
f 364/1051/364 665/571/665 308/565/308
f 952/571/952 920/1048/920 1897/570/1897
f 898/1053/898 924/563/924 969/566/969
f 1060/566/1060 1069/561/1069 1142/560/1142
f 1379/1055/1379 811/566/811 794/560/794
f 136/560/136 157/558/157 194/1054/194
f 1207/563/1207 19/1050/19 201/565/201
vt 0.8555409908294678 0.4919840097427368
f 1294/558/1294 1840/1056/1840 873/1054/873
f 2420/1049/2420 352/1034/352 613/570/613
vt 0.8574820160865784 0.4921129941940308
f 1793/557/1793 1794/1057/1794 1608/1056/1608
f 2402/1057/2402 293/557/293 327/552/327
vt 0.8594229817390442 0.4952059984207153
f 1873/1058/1873 1866/1057/1866 294/552/294
f 1840/643/1840 1808/640/1808 873/639/873
vt 0.8594229817390442 0.5159440040588379
f 1668/621/1668 1686/619/1686 1247/1059/1247
vt 0.8594229817390442 0.5180169939994812
f 374/619/374 477/618/477 822/1060/822
vt 0.8594229817390442 0.5055750012397766
f 244/1061/244 5/644/5 1928/643/1928
vt 0.8594229817390442 0.5232020020484924
f 1626/610/1626 1576/609/1576 1346/1062/1346
vt 0.8594229817390442 0.5273489952087402
f 2121/608/2121 2154/607/2154 2186/1063/2186
vt 0.8594229817390442 0.5242379903793335
f 895/1064/895 1285/609/1285 1266/608/1266
vt 0.8594229817390442 0.5325329899787903
f 723/599/723 1652/597/1652 690/1065/690
vt 0.8594229817390442 0.5366809964179993
f 490/596/490 832/592/832 1462/1066/1462
vt 0.8594229817390442 0.5387539863586426
f 1661/592/1661 691/594/691 713/1067/713
vt 0.8594229817390442 0.5346069931983948
f 1238/1068/1238 416/597/416 1239/596/1239
vt 0.8594229817390442 0.5304600000381470
f 261/1069/261 249/607/249 1577/599/1577
vt 0.8594229817390442 0.5221650004386902
f 1098/1070/1098 1105/618/1105 1127/610/1127
f 1956/557/1956 1957/1056/1957 986/558/986
f 616/500/616 608/583/608 233/1030/233
vt 0.7040249705314636 0.5796700119972229
f 1378/399/1378 2159/1071/2159 2163/407/2163
vt 0.7038980126380920 0.5971770286560059
vt 0.7038679718971252 0.6012300252914429
f 404/407/404 1233/1072/1233 1229/1073/1229
f 1649/1072/1649 476/407/476 2018/1071/2018
vt 0.7042570114135742 0.5464310050010681
vt 0.7043110132217407 0.5384910106658936
f 2343/1074/2343 2344/394/2344 2275/1075/2275
f 2294/394/2294 171/1028/171 1705/1075/1705
vt 0.7041450142860413 0.5627549886703491
f 519/1076/519 719/398/719 688/1074/688
f 239/1076/239 350/1071/350 612/399/612
f 147/394/147 1522/1074/1522 2338/398/2338
vt 0.7038369774818420 0.6053109765052795
f 1279/405/1279 1277/1073/1277 876/1077/876
vt 0.7033740282058716 0.6635349988937378
vt 0.7032269835472107 0.6801919937133789
f 128/1078/128 2367/1079/2367 2483/411/2483
vt 0.7030720114707947 0.6966120004653931
vt 0.7029849886894226 0.7050570249557495
f 1715/1080/1715 147/1081/147 135/427/135
f 2411/427/2411 316/1079/316 2389/1080/2389
vt 0.7037749886512756 0.6135569810867310
f 1601/1077/1601 2127/1082/2127 2180/405/2180
vt 0.7036439776420593 0.6303799748420715
vt 0.7035790085792542 0.6386160254478455
f 1601/1083/1601 2118/1084/2118 1554/410/1554
vt 0.7035120129585266 0.6468880176544189
f 252/1084/252 1579/1085/1579 1318/410/1318
f 354/406/354 306/1082/306 607/1083/607
f 1206/1085/1206 1202/1078/1202 995/411/995
f 1978/1073/1978 983/405/983 1968/407/1968
f 1497/398/1497 181/1076/181 184/399/184
f 2467/1082/2467 656/406/656 349/405/349
f 1437/407/1437 1482/402/1482 1487/399/1487
f 764/392/764 1068/394/1068 1009/398/1009
f 431/406/431 2080/410/2080 746/404/746
f 1188/1085/1188 1190/411/1190 841/410/841
f 1378/427/1378 804/408/804 2159/411/2159
f 2037/427/2037 1643/1081/1643 475/435/475
f 2122/411/2122 2189/1079/2189 2133/427/2133
vt 0.7886379957199097 0.7295240163803101
f 1899/1086/1899 548/472/548 553/471/553
vt 0.7961990237236023 0.7295240163803101
f 1672/1087/1672 33/484/33 1642/472/1642
f 1469/450/1469 1428/471/1428 1074/451/1074
f 659/432/659 601/431/601 609/435/609
f 1982/406/1982 1966/1083/1966 1954/410/1954
vt 0.7028949856758118 0.7133560180664062
f 2364/1088/2364 465/435/465 2267/1081/2267
vt 0.7178530097007751 0.7295240163803101
f 590/1089/590 1942/435/1942 2438/1088/2438
vt 0.7304900288581848 0.7295240163803101
f 1651/435/1651 730/1090/730 703/432/703
f 1693/459/1693 1270/433/1270 1288/429/1288
f 2296/429/2296 995/432/995 1202/1090/1202
vt 0.7532749772071838 0.7295240163803101
f 1999/1091/1999 1861/455/1861 926/457/926
f 407/1091/407 1224/457/1224 409/459/409
f 408/429/408 409/1090/409 1816/459/1816
f 67/1089/67 1421/1090/1421 1469/435/1469
f 1569/459/1569 1599/1090/1599 2393/1091/2393
vt 0.7026979923248291 0.7295039892196655
f 1688/1088/1688 823/1092/823 1172/1089/1172
vt 0.7582600116729736 0.7295240163803101
f 722/1093/722 53/456/53 721/452/721
vt 0.7545359730720520 0.7295240163803101
vt 0.7557870149612427 0.7295240163803101
f 1251/452/1251 1695/1094/1695 1265/1095/1265
f 573/452/573 1334/1095/1334 403/1093/403
vt 0.7630829811096191 0.7295240163803101
f 2268/1093/2268 2484/1096/2484 1727/456/1727
f 1563/455/1563 271/1091/271 1599/1094/1599
f 2175/1094/2175 1605/452/1605 1556/455/1556
f 1605/456/1605 1792/446/1792 1564/449/1564
vt 0.8046119809150696 0.7295240163803101
f 2437/539/2437 2468/484/2468 2417/1097/2417
vt 0.7722470164299011 0.7295240163803101
f 801/1086/801 2088/471/2088 1408/1098/1408
f 1189/450/1189 832/446/832 833/1098/833
vt 0.8240079879760742 0.7295240163803101
f 489/1099/489 1830/533/1830 840/536/840
f 1670/539/1670 1274/536/1274 834/535/834
f 1490/539/1490 1483/1097/1483 413/536/413
f 2153/1098/2153 2184/471/2184 1991/450/1991
f 533/1087/533 1749/472/1749 1117/1086/1117
f 260/446/260 253/1096/253 1576/1098/1576
f 2044/1097/2044 1093/1099/1093 86/536/86
f 1207/1097/1207 1000/484/1000 19/1087/19
vt 0.8255630135536194 0.7295240163803101
f 1113/1100/1113 1409/533/1409 523/1099/523
vt 0.8270900249481201 0.7295240163803101
f 1900/537/1900 901/1100/901 555/1101/555
vt 0.8300570249557495 0.7295250296592712
f 1922/1101/1922 922/1102/922 917/537/917
f 1207/537/1207 2310/533/2310 2301/1100/2301
f 1961/537/1961 1345/527/1345 859/530/859
f 776/456/776 1157/1096/1157 1078/446/1078
f 1455/539/1455 1456/485/1456 61/484/61
vt 0.8594229817390442 0.5439379811286926
f 452/714/452 186/713/186 182/1103/182
f 1076/709/1076 1025/713/1025 1144/710/1144
vt 0.8594229817390442 0.5532699823379517
f 1110/697/1110 1118/696/1118 1123/1104/1123
f 2268/690/2268 1727/696/1727 2477/691/2477
vt 0.8594229817390442 0.5511959791183472
f 156/1105/156 20/699/20 2221/697/2221
vt 0.8594229817390442 0.6217010021209717
f 1151/814/1151 930/1106/930 1436/715/1436
vt 0.8594229817390442 0.6507340073585510
f 2026/807/2026 474/1107/474 471/808/471
vt 0.8594229817390442 0.6299960017204285
f 1188/814/1188 1836/811/1836 1812/1108/1812
vt 0.8594229817390442 0.5646749734878540
f 1418/670/1418 1433/669/1433 1479/1109/1479
f 333/1107/333 314/807/314 2449/873/2449
vt 0.8594229817390442 0.5698590278625488
f 802/656/802 2079/654/2079 539/1110/539
vt 0.8594229817390442 0.5677859783172607
f 1488/1111/1488 1481/669/1481 56/656/56
f 697/676/697 698/671/698 42/670/42
vt 0.8594229817390442 0.5740060210227966
f 2383/653/2383 2428/649/2428 592/1112/592
vt 0.8594229817390442 0.5802270174026489
f 1527/651/1527 185/806/185 197/1113/197
vt 0.8594229817390442 0.5760800242424011
f 2138/1114/2138 2188/649/2188 2133/651/2133
f 2188/805/2188 2132/802/2132 2133/801/2133
vt 0.8594229817390442 0.5885220170021057
f 1019/789/1019 69/785/69 775/1115/775
vt 0.8594229817390442 0.5812640190124512
f 1652/1116/1652 46/806/46 1689/805/1689
vt 0.8594229817390442 0.6051110029220581
f 298/746/298 1628/725/1628 1860/1117/1860
f 121/719/121 755/718/755 2059/726/2059
vt 0.8594229817390442 0.6382920145988464
f 910/1118/910 766/811/766 1010/808/1010
vt 0.8594229817390442 0.6548820137977600
f 1333/873/1333 571/872/571 552/1119/552
vt 0.8594229817390442 0.6611030101776123
f 1026/871/1026 79/869/79 1083/1120/1083
vt 0.8594229817390442 0.6652510166168213
f 27/869/27 496/867/496 761/1121/761
vt 0.8594229817390442 0.6600670218467712
f 539/1122/539 2079/872/2079 1097/871/1097
vt 0.8594229817390442 0.6134060025215149
f 1883/1123/1883 1869/718/1869 1934/715/1934
vt 0.8594229817390442 0.5719329714775085
f 446/1124/446 1744/654/1744 447/653/447
vt 0.8356419801712036 0.7295250296592712
f 374/531/374 391/527/391 501/1125/501
f 2365/948/2365 1246/947/1246 1092/979/1092
vt 0.8454229831695557 0.7295250296592712
f 658/979/658 620/531/620 603/1126/603
vt 0.8594229817390442 0.6693990230560303
f 1100/866/1100 1755/864/1755 1089/1127/1089
vt 0.8594229817390442 0.6714720129966736
f 1665/1128/1665 1190/864/1190 1168/859/1168
f 1601/979/1601 2182/1126/2182 2118/948/2118
f 945/1102/945 1240/1125/1240 1316/527/1316
f 2257/948/2257 133/931/133 637/945/637
f 2256/1126/2256 625/531/625 2247/1125/2247
f 1128/948/1128 1089/1126/1089 1403/931/1403
f 1246/945/1246 870/931/870 1092/930/1092
f 1585/928/1585 1555/1126/1555 1596/901/1596
f 658/931/658 233/928/233 608/927/608
f 776/1126/776 1078/928/1078 1031/931/1031
f 395/925/395 1829/928/1829 1228/917/1228
f 175/527/175 2290/537/2290 176/1102/176
vt 0.8594229817390442 0.6766570210456848
f 175/858/175 176/857/176 2290/1129/2290
f 1128/853/1128 536/857/536 527/854/527
vt 0.8594229817390442 0.6880620121955872
f 1750/827/1750 2160/820/2160 445/1130/445
f 2121/997/2121 1556/996/1556 247/1000/247
vt 0.8594229817390442 0.6973930001258850
f 1311/996/1311 1199/995/1199 1994/1131/1994
vt 0.8594229817390442 0.6859880089759827
f 422/1132/422 1223/828/1223 1314/827/1314
vt 0.8594229817390442 0.7025759816169739
f 1521/989/1521 1530/987/1530 1541/1133/1541
vt 0.8594229817390442 0.7067229747772217
f 855/986/855 1958/984/1958 612/1134/612
vt 0.8594229817390442 0.7046499848365784
f 1620/1135/1620 1784/987/1784 1621/986/1621
f 268/917/268 1345/928/1345 1784/901/1784
f 1847/925/1847 1848/917/1848 1823/916/1823
f 471/984/471 371/974/371 498/978/498
vt 0.8594229817390442 0.7005029916763306
f 513/995/513 717/989/717 687/1136/687
vt 0.8594229817390442 0.6756200194358826
f 66/859/66 987/858/987 1962/1137/1962
vt 0.8594229817390442 0.6673250198364258
f 770/867/770 1449/866/1449 1015/1138/1015
f 1040/914/1040 1120/917/1120 1760/912/1760
vt 0.8594229817390442 0.5429019927978516
f 1677/594/1677 845/714/845 1257/1139/1257
vt 0.8594229817390442 0.4703209996223450
f 297/1140/297 2426/590/2426 2410/585/2410
vt 0.8594229817390442 0.4682469964027405
f 1776/1039/1776 1043/590/1043 1127/1141/1127
vt 0.8594229817390442 0.4723950028419495
f 168/585/168 629/1142/629 628/1140/628
f 1002/1140/1002 831/1141/831 1837/590/1837
f 2462/1041/2462 2449/591/2449 297/1039/297
vt 0.8594229817390442 0.4744679927825928
f 1076/1142/1076 1155/585/1155 779/1143/779
vt 0.8594229817390442 0.4786159992218018
f 1289/1144/1289 878/1040/878 1809/584/1809
f 1378/1040/1378 2087/1143/2087 804/585/804
vt 0.8594229817390442 0.4972800016403198
f 1217/1145/1217 1428/551/1428 403/549/403
vt 0.8594229817390442 0.5003910064697266
f 1645/549/1645 471/548/471 2034/1146/2034
vt 0.8594229817390442 0.5011680126190186
f 675/546/675 2332/545/2332 2322/1147/2322
f 776/1146/776 1031/548/1031 1030/546/1030
vt 0.8594229817390442 0.5024639964103699
f 386/541/386 499/543/499 521/1148/521
f 1285/648/1285 1291/647/1291 882/1061/882
vt 0.8594229817390442 0.5076490044593811
f 700/1149/700 701/643/701 702/639/702
f 838/644/838 823/1061/823 1181/647/1181
f 696/1148/696 888/543/888 1291/648/1291
vt 0.8594229817390442 0.5014280080795288
f 2461/1150/2461 2446/545/2446 235/541/235
f 1404/1144/1404 2072/584/2072 541/1047/541
vt 0.8594229817390442 0.4931330084800720
f 2289/1058/2289 2001/1151/2001 169/1057/169
vt 0.8594229817390442 0.4922389984130859
f 173/1151/173 174/1152/174 2289/1057/2289
vt 0.8594229817390442 0.4962430000305176
f 314/552/314 1582/551/1582 254/1153/254
f 814/549/814 816/1146/816 1384/1145/1384
f 2086/552/2086 464/1153/464 2102/1058/2102
vt 0.8594229817390442 0.4835560023784637
f 1672/1154/1672 1642/1047/1642 877/1045/877
f 113/1146/113 1376/546/1376 799/1147/799
vt 0.8594229817390442 0.5016869902610779
f 2316/541/2316 2319/1148/2319 2303/1155/2303
f 2464/1150/2464 342/541/342 234/1155/234
vt 0.8594229817390442 0.5066120028495789
f 1894/643/1894 562/1156/562 906/1061/906
vt 0.8594229817390442 0.5097230076789856
f 1911/1149/1911 966/639/966 558/1157/558
f 1541/1149/1541 2271/1156/2271 131/643/131
f 770/1061/770 1015/1148/1015 1014/648/1014
f 2448/1147/2448 332/545/332 2425/1150/2425
f 385/1153/385 511/551/511 695/1145/695
f 1881/637/1881 2464/1157/2464 2394/639/2394
vt 0.8594229817390442 0.5112779736518860
f 1881/1158/1881 1939/637/1939 318/630/318
vt 0.8594229817390442 0.5138700008392334
f 1881/629/1881 302/628/302 356/1159/356
vt 0.8594229817390442 0.5123149752616882
f 2083/1160/2083 792/630/792 1373/629/1373
vt 0.8594229817390442 0.5486040115356445
f 1814/709/1814 1844/707/1844 1809/1161/1809
f 1253/1105/1253 1680/706/1680 1257/699/1257
vt 0.8594229817390442 0.5543069839477539
f 1723/1162/1723 187/1104/187 1503/696/1503
vt 0.8594229817390442 0.5496410131454468
f 407/1163/407 1327/707/1327 559/706/559
f 1624/599/1624 2141/1065/2141 1951/1069/1951
f 2305/628/2305 2320/621/2320 2264/1059/2264
vt 0.8594229817390442 0.5584539771080017
f 796/689/796 2074/687/2074 2076/1164/2076
vt 0.8594229817390442 0.5597500205039978
f 886/679/886 1257/678/1257 1841/1165/1841
vt 0.8594229817390442 0.5592319965362549
f 446/1166/446 447/687/447 1745/679/1745
vt 0.8594229817390442 0.5605279803276062
f 1769/677/1769 1042/676/1042 151/1167/151
vt 0.8594229817390442 0.5859299898147583
f 2390/801/2390 2462/799/2462 297/1168/297
vt 0.8594229817390442 0.5869669914245605
f 333/799/333 2179/798/2179 1560/1169/1560
vt 0.8594229817390442 0.5750430226325989
f 2244/649/2244 851/1170/851 2137/1112/2137
vt 0.8594229817390442 0.5636379718780518
f 676/1171/676 2001/676/2001 2289/670/2289
f 1263/1167/1263 1264/678/1264 1685/677/1685
f 1223/1164/1223 572/690/572 1993/689/1993
vt 0.8594229817390442 0.5905960202217102
f 1922/792/1922 963/791/963 946/1172/946
vt 0.8594229817390442 0.5918920040130615
f 1188/790/1188 1803/777/1803 843/1173/843
vt 0.8594229817390442 0.5913730263710022
f 1728/1174/1728 2484/791/2484 195/790/195
vt 0.8594229817390442 0.5926690101623535
f 1537/1175/1537 1698/775/1698 2009/773/2009
f 175/775/175 2290/1175/2290 2291/777/2291
vt 0.8594229817390442 0.5957800149917603
f 2346/773/2346 2340/772/2340 1504/1176/1504
f 1934/770/1934 2415/1176/2415 1881/772/1881
f 2145/1115/2145 1966/785/1966 1982/792/1982
vt 0.8594229817390442 0.5965579748153687
f 2128/770/2128 580/762/580 250/1177/250
vt 0.8594229817390442 0.5978540182113647
f 2291/761/2291 641/760/641 179/1178/179
vt 0.8594229817390442 0.5970759987831116
f 859/1179/859 1345/762/1345 268/761/268
vt 0.8594229817390442 0.6009640097618103
f 858/759/858 1961/758/1961 859/1180/859
vt 0.8594229817390442 0.6020010113716125
f 130/749/130 1121/747/1121 1124/1181/1124
vt 0.8594229817390442 0.6022599935531616
f 16/747/16 818/744/818 13/1182/13
f 91/1180/91 114/758/114 112/749/112
f 1674/1178/1674 893/760/893 1269/759/1269
vt 0.8594229817390442 0.5117959976196289
f 802/1183/802 539/1158/539 1743/630/1743
f 2197/1158/2197 465/1157/465 2482/637/2482
f 1845/798/1845 1846/789/1846 1185/1115/1185
f 2104/629/2104 1365/1159/1365 2335/1160/2335
vt 0.8594229817390442 0.5169810056686401
f 2089/1184/2089 1365/1059/1365 797/619/797
f 134/1183/134 163/630/163 164/1160/164
f 1715/1060/1715 135/1184/135 130/619/130
f 709/1062/709 1663/1070/1663 26/610/26
f 1526/618/1526 445/1070/445 2160/1060/2160
f 826/1059/826 842/1159/842 1191/628/1191
vt 0.8594229817390442 0.5263119935989380
f 783/1063/783 1007/1185/1007 1142/608/1142
vt 0.8594229817390442 0.5283859968185425
f 1601/1186/1601 2180/607/2180 2182/1069/2182
f 1927/608/1927 339/1185/339 1926/1064/1926
vt 0.8594229817390442 0.5335699915885925
f 1206/1068/1206 995/1187/995 2300/597/2300
vt 0.8594229817390442 0.5377169847488403
f 373/1188/373 499/592/499 2016/1067/2016
f 1453/1066/1453 58/1068/58 1444/596/1444
f 326/597/326 1891/1187/1891 2397/1065/2397
f 2438/1063/2438 350/607/350 304/1186/304
f 1208/592/1208 208/1188/208 367/1066/367
f 1018/1139/1018 1907/1067/1907 1073/594/1073
vt 0.8594229817390442 0.5449749827384949
f 1353/1189/1353 1952/1103/1952 1617/713/1617
vt 0.8594229817390442 0.5470489859580994
f 1455/713/1455 1319/1190/1319 1456/1189/1456
f 1411/1190/1411 1404/709/1404 541/1161/541
vt 0.8594229817390442 0.5491229891777039
f 2472/1191/2472 2482/1161/2482 2204/707/2204
f 1470/1163/1470 1020/1191/1020 1077/707/1077
f 1130/713/1130 1101/709/1101 1760/1190/1760
f 529/1163/529 1399/706/1399 1398/1105/1398
vt 0.8594229817390442 0.5553439855575562
f 257/1192/257 1351/1162/1351 271/696/271
f 874/696/874 200/690/200 2308/1192/2308
f 874/1164/874 1836/687/1836 1282/1166/1282
vt 0.8594229817390442 0.5594909787178040
f 373/679/373 479/1165/479 50/1193/50
f 861/1193/861 989/1166/989 1359/679/1359
f 421/1164/421 1218/1192/1218 971/690/971
f 1869/1105/1869 1575/697/1575 300/1104/300
f 1265/1103/1265 1695/1139/1695 889/714/889
f 384/1165/384 509/678/509 510/1167/510
f 1079/1171/1079 406/670/406 942/1109/942
vt 0.8594229817390442 0.5657119750976562
f 1734/1194/1734 1721/1109/1721 185/669/185
f 2000/1194/2000 2350/669/2350 1499/1111/1499
f 2089/1110/2089 797/1111/797 796/656/796
f 2331/1124/2331 640/653/640 2254/1112/2254
vt 0.8594229817390442 0.5708960294723511
f 1205/1124/1205 1206/1195/1206 2314/654/2314
f 1222/654/1222 959/1195/959 934/1110/934
f 534/1113/534 1412/1114/1412 533/651/533
f 2435/1116/2435 662/1113/662 240/806/240
f 1305/649/1305 1292/1114/1292 889/1170/889
vt 0.8594229817390442 0.5843750238418579
f 190/805/190 1766/801/1766 109/1196/109
vt 0.8594229817390442 0.5864480137825012
f 913/799/913 969/1169/969 1904/1197/1904
f 1180/1197/1180 1328/1168/1328 565/799/565
vt 0.8594229817390442 0.5823010206222534
f 408/805/408 565/1196/565 1327/1198/1327
f 836/801/836 1180/1168/1180 837/1196/837
f 773/805/773 78/1198/78 1461/1116/1461
f 728/1169/728 1642/798/1642 32/1115/32
f 1181/1172/1181 485/791/485 2035/1174/2035
vt 0.8594229817390442 0.5916330218315125
f 2303/1199/2303 2300/1174/2300 2317/790/2317
f 412/777/412 1231/1175/1231 1230/1173/1230
vt 0.8594229817390442 0.5963630080223083
f 767/770/767 1016/1200/1016 762/1176/762
f 743/1177/743 1369/1200/1369 99/770/99
f 887/1173/887 1288/1199/1288 1683/790/1683
f 887/792/887 1303/1172/1303 1304/1115/1304
vt 0.8594229817390442 0.5968170166015625
f 1443/762/1443 2119/1179/2119 2229/1201/2229
f 1168/1179/1168 1692/761/1692 1250/1178/1250
f 579/1180/579 1995/1178/1995 2379/759/2379
vt 0.8594229817390442 0.6017420291900635
f 113/1180/113 799/749/799 739/1202/739
vt 0.8594229817390442 0.6030380129814148
f 1130/744/1130 1120/1203/1120 1758/1182/1758
f 983/1182/983 1979/1181/1979 1955/747/1955
f 1607/1202/1607 1574/749/1574 1556/1181/1556
f 301/1177/301 621/762/621 2430/1201/2430
f 1693/1176/1693 1288/1175/1288 890/773/890
f 2033/676/2033 1471/1171/1471 508/1167/508
f 357/1064/357 2465/1062/2465 351/609/351
f 2364/743/2364 432/1203/432 1508/744/1508
f 191/743/191 136/746/136 2272/1117/2272
f 2156/728/2156 2232/1117/2232 2236/725/2236
vt 0.8594229817390442 0.6077039837837219
f 1355/727/1355 261/726/261 1631/1204/1631
vt 0.8594229817390442 0.6071850061416626
f 1620/1205/1620 1619/728/1619 1347/727/1347
vt 0.8594229817390442 0.6818410158157349
f 916/837/916 936/1206/936 1903/851/1903
vt 0.8594229817390442 0.6839150190353394
f 504/835/504 478/1207/478 2023/836/2023
vt 0.8594229817390442 0.6823589801788330
f 1316/837/1316 557/836/557 567/1208/567
vt 0.8594229817390442 0.6465870141983032
vt 0.8594229817390442 0.6424390077590942
f 567/808/567 1909/1209/1909 912/1210/912
vt 0.8594229817390442 0.6092590093612671
f 1262/718/1262 1277/1211/1277 1293/726/1293
f 1925/1132/1925 2419/835/2419 311/828/311
vt 0.8594229817390442 0.6911720037460327
f 231/816/231 617/1212/617 222/819/222
vt 0.8594229817390442 0.6919500231742859
f 441/1002/441 1739/1213/1739 532/815/532
f 1348/816/1348 1617/815/1617 1952/1212/1952
vt 0.8594229817390442 0.6932460069656372
f 105/1000/105 81/1214/81 850/1001/850
vt 0.8594229817390442 0.6963559985160828
f 850/1215/850 981/1000/981 1977/996/1977
vt 0.8594229817390442 0.7129420042037964
f 1195/977/1195 1199/1216/1199 1311/978/1311
f 1148/976/1148 1070/1216/1070 1160/977/1160
vt 0.8594229817390442 0.7036129832267761
f 431/1217/431 746/1133/746 1544/987/1544
vt 0.8594229817390442 0.6924679875373840
f 703/1002/703 706/1001/706 41/1218/41
vt 0.8594229817390442 0.6870250105857849
f 2182/1130/2182 2131/1219/2131 2187/827/2187
vt 0.8594229817390442 0.7150149941444397
f 2202/965/2202 2203/1220/2203 2481/975/2481
vt 0.8594229817390442 0.7170879840850830
f 914/962/914 908/1221/908 933/963/933
f 1881/963/1881 318/1220/318 2384/965/2384
vt 0.8594229817390442 0.7186430096626282
f 1096/1222/1096 1115/962/1115 1768/960/1768
f 616/959/616 2181/1222/2181 1959/960/1959
vt 0.8594229817390442 0.7191609740257263
f 793/1223/793 2084/959/2084 2085/957/2085
vt 0.8594229817390442 0.7134609818458557
f 772/975/772 66/1224/66 1452/976/1452
vt 0.8594229817390442 0.6066669821739197
f 2407/1225/2407 1986/1117/1986 1801/728/1801
vt 0.8594229817390442 0.7196789979934692
f 1147/944/1147 961/1226/961 925/957/925
vt 0.8594229817390442 0.7212340235710144
f 1943/942/1943 587/1227/587 295/943/295
f 1293/944/1293 1295/943/1295 872/1227/872
vt 0.8594229817390442 0.7240840196609497
f 894/940/894 1802/1228/1802 1681/941/1681
vt 0.8594229817390442 0.7253789901733398
f 547/921/547 1317/1229/1317 574/923/574
f 1895/920/1895 1331/1229/1331 902/921/902
vt 0.8594229817390442 0.7246019840240479
f 1709/940/1709 2331/923/2331 2004/1230/2004
vt 0.8594229817390442 0.7233070135116577
f 1734/942/1734 143/941/143 1721/1231/1721
vt 0.8594229817390442 0.6797670125961304
f 797/1232/797 1365/853/1365 2107/851/2107
f 489/1117/489 384/1203/384 1830/743/1830
f 2429/913/2429 664/920/664 2450/918/2450
f 2003/914/2003 2286/912/2286 166/911/166
f 1314/911/1314 1223/910/1223 1999/918/1999
f 2248/918/2248 2261/910/2261 641/913/641
f 2104/909/2104 2366/897/2366 1365/913/1365
f 1489/1229/1489 1441/920/1441 1480/913/1480
f 299/908/299 354/907/354 230/912/230
f 1050/904/1050 1774/903/1774 1107/908/1107
f 1411/901/1411 541/900/541 2092/904/2092
f 520/908/520 2038/917/2038 2039/904/2039
f 1079/897/1079 942/905/942 1064/896/1064
f 1402/894/1402 1561/898/1561 255/901/255
f 1402/894/1402 447/893/447 1744/898/1744
f 2178/917/2178 2127/901/2127 2228/904/2228
f 1494/905/1494 1474/897/1474 73/909/73
f 1301/912/1301 888/917/888 209/908/209
f 1293/891/1293 1277/890/1277 1269/894/1269
f 2031/885/2031 489/888/489 840/891/840
f 2183/901/2183 2129/891/2129 2232/894/2232
f 753/887/753 125/897/125 1779/895/1779
f 753/895/753 755/886/755 2062/887/2062
f 2438/887/2438 651/881/651 2458/897/2458
f 460/885/460 2258/884/2258 2269/888/2269
f 506/877/506 375/876/375 474/882/474
f 1406/877/1406 528/882/528 1398/885/1398
vt 0.8594229817390442 0.7295240163803101
f 2414/881/2414 292/879/292 352/1233/352
vt 0.8594229817390442 0.7295250296592712
f 2355/1234/2355 435/874/435 1531/877/1531
f 1374/1233/1374 448/878/448 2161/874/2161
f 1209/1233/1209 2308/879/2308 200/878/200
f 1540/881/1540 2265/887/2265 467/880/467
f 2053/1234/2053 2098/885/2098 748/891/748
f 35/881/35 1644/913/1644 716/897/716
f 1926/877/1926 339/885/339 2463/1234/2463
f 2391/1229/2391 2424/913/2424 2463/881/2463
f 138/1126/138 1731/891/1731 2305/901/2305
f 944/728/944 1075/1205/1075 970/1225/970
f 2429/727/2429 2450/1204/2450 330/1205/330
f 1704/1123/1704 175/1211/175 2007/718/2007
vt 0.8594229817390442 0.6175540089607239
f 175/1123/175 2008/715/2008 2290/1235/2290
vt 0.8594229817390442 0.6258490085601807
f 93/1236/93 2171/1106/2171 115/814/115
f 512/1108/512 492/1236/492 488/814/488
vt 0.8594229817390442 0.6341440081596375
f 487/811/487 488/1237/488 382/1108/382
f 1651/1211/1651 44/1204/44 730/726/730
f 1069/1118/1069 1159/808/1159 816/1210/816
f 2308/1107/2308 2297/873/2297 1837/1119/1837
f 692/1107/692 478/1209/478 1287/808/1287
vt 0.8594229817390442 0.6590300202369690
f 1710/1238/1710 1503/872/1503 2113/1122/2113
vt 0.8594229817390442 0.6631770133972168
f 1626/1239/1626 1346/869/1346 1627/1121/1627
f 592/1239/592 1936/1120/1936 1578/869/1578
f 190/1120/190 1725/1122/1725 1046/871/1046
f 1443/1237/1443 1420/811/1420 1485/1118/1485
f 1390/715/1390 1384/1106/1384 816/1235/816
vt 0.8594229817390442 0.6662880182266235
f 433/1138/433 1532/1240/1532 1533/867/1533
f 16/1127/16 13/1138/13 12/866/12
vt 0.8594229817390442 0.6704350113868713
f 1346/864/1346 253/1241/253 272/1127/272
f 904/1128/904 900/859/900 1916/1137/1916
f 1931/1129/1931 2409/1137/2409 581/858/581
f 2266/864/2266 2339/1128/2339 1720/1241/1720
f 1502/1121/1502 2339/867/2339 2341/1240/2341
vt 0.8594229817390442 0.6776940226554871
f 538/853/538 530/1232/530 1397/1242/1397
vt 0.8594229817390442 0.6813229918479919
f 538/1243/538 750/1232/750 801/851/801
f 1207/857/1207 2301/853/2301 999/1242/999
f 2301/1208/2301 205/836/205 217/1207/217
f 1865/1132/1865 2389/827/2389 2405/1219/2405
f 1150/820/1150 1018/819/1018 1073/1130/1073
f 1451/1208/1451 1418/1206/1418 65/837/65
f 909/1207/909 904/835/904 937/1132/937
f 1249/1129/1249 1167/857/1167 1673/1242/1673
f 2176/1206/2176 991/1243/991 1990/851/1990
f 1131/1212/1131 1092/815/1092 1757/1213/1757
vt 0.8594229817390442 0.6922090053558350
f 995/1213/995 2309/1002/2309 1212/1244/1212
f 526/1002/526 438/1218/438 1395/1244/1395
f 1076/1214/1076 1022/1000/1022 1149/1215/1149
vt 0.8594229817390442 0.6984300017356873
f 534/1131/534 533/995/533 1400/1245/1400
f 202/1214/202 18/1218/18 996/1001/996
f 1537/819/1537 131/1212/131 1723/1130/1723
f 459/1133/459 1547/1136/1547 433/989/433
f 459/1135/459 796/1217/796 797/987/797
f 490/995/490 477/1136/477 2022/1245/2022
vt 0.8594229817390442 0.7077599763870239
f 2122/1246/2122 2233/1134/2233 2245/984/2245
vt 0.8594229817390442 0.7087960243225098
f 741/1247/741 794/978/794 90/1216/90
f 1657/978/1657 41/1247/41 34/984/34
f 1535/1216/1535 2299/976/2299 2321/1224/2321
f 1342/986/1342 553/1134/553 1923/1135/1923
f 208/1246/208 21/984/21 2318/1247/2318
vt 0.8594229817390442 0.7139790058135986
f 40/1224/40 1647/975/1647 1652/1248/1652
f 138/962/138 2305/1222/2305 2264/1221/2264
f 1259/1220/1259 1252/963/1252 1675/1221/1675
vt 0.8594229817390442 0.7190319895744324
f 741/1249/741 90/959/90 102/1223/102
f 1227/944/1227 1434/1227/1434 1448/1226/1448
vt 0.8594229817390442 0.7192909717559814
f 869/1223/869 876/957/876 1284/1250/1284
f 754/957/754 2061/1226/2061 748/1250/748
f 1975/1220/1975 982/1248/982 981/975/981
f 1002/1231/1002 2298/941/2298 1210/1228/1210
vt 0.8594229817390442 0.7243430018424988
f 65/1228/65 1418/940/1418 1479/1251/1479
f 2400/940/2400 1879/1230/1879 289/1251/289
f 181/1233/181 183/1229/183 184/881/184
f 201/874/201 205/1234/205 2310/1233/2310
f 2111/1233/2111 2049/874/2049 803/1233/803
f 2315/1229/2315 2302/1230/2302 205/923/205
f 1653/942/1653 1648/1231/1648 45/1227/45
f 1202/1249/1202 2255/1222/2255 2322/959/2322
f 2176/1215/2176 1990/996/1990 1989/1131/1989
f 2176/1238/2176 979/1119/979 2123/872/2123
f 330/1126/330 2460/1234/2460 2443/891/2443
vt 0.2238299995660782 0.0101889995858073
vt 0.2210219949483871 0.0127360001206398
vt 0.2238299995660782 0.0127360001206398
f 1039/1252/1039 149/1253/149 1761/1254/1761
vt 0.2294480055570602 0.0101889995858073
f 1611/1254/1611 1598/1255/1598 1557/1252/1557
vt 0.2294480055570602 0.0152829997241497
vt 0.2238299995660782 0.0152829997241497
f 1611/1256/1611 1794/1254/1794 1793/1257/1793
f 1881/1255/1881 2415/1254/2415 1939/1256/1939
vt 0.2238299995660782 0.0178299993276596
f 600/1258/600 1893/1256/1893 1863/1257/1863
vt 0.2294480055570602 0.0203779991716146
vt 0.2238299995660782 0.0203779991716146
f 1670/1259/1670 875/1258/875 1283/1260/1283
f 540/1256/540 536/1258/536 1403/1259/1403
vt 0.2294480055570602 0.0050940001383424
f 12/1252/12 2376/1255/2376 6/1261/6
vt 0.2238299995660782 0.0050940001383424
f 1722/1261/1722 1721/1262/1721 129/1252/129
vt 0.2406830042600632 0.0101889995858073
f 669/1256/669 2323/1263/2323 674/1255/674
vt 0.2406830042600632 0.0203779991716146
f 1109/1264/1109 2479/1256/2479 2195/1259/2195
f 2139/1263/2139 2186/1256/2186 2190/1264/2190
vt 0.3538329899311066 0.0407430008053780
vt 0.3756949901580811 0.0407430008053780
vt 0.3756949901580811 0.0203779991716146
f 1997/1265/1997 1196/1266/1196 1992/1267/1992
vt 0.3538329899311066 0.0203779991716146
f 1202/1267/1202 646/1268/646 668/1265/668
vt 0.3306649923324585 0.0407430008053780
f 240/1269/240 2419/1265/2419 347/1268/347
vt 0.3306649923324585 0.0203779991716146
f 575/1268/575 1622/1270/1622 1915/1269/1915
vt 0.3081550002098083 0.0407430008053780
f 1336/1271/1336 70/1269/70 1454/1270/1454
vt 0.3081550002098083 0.0203779991716146
f 2247/1270/2247 2252/1272/2252 633/1271/633
vt 0.2856549918651581 0.0407430008053780
f 842/1273/842 1856/1271/1856 1834/1272/1834
vt 0.2856549918651581 0.0203779991716146
f 2200/1272/2200 152/1274/152 2216/1273/2216
vt 0.2631610035896301 0.0407430008053780
f 2254/1275/2254 675/1273/675 2255/1274/2255
vt 0.2631610035896301 0.0203779991716146
f 1453/1274/1453 773/1276/773 1461/1275/1461
vt 0.2406830042600632 0.0305599998682737
f 1505/1277/1505 2355/1276/2355 1541/1264/1541
vt 0.2406830042600632 0.0407430008053780
f 654/1275/654 2387/1277/2387 335/1278/335
f 2365/1276/2365 2348/1277/2348 1506/1275/1506
vt 0.2238299995660782 0.0254689995199442
vt 0.2294480055570602 0.0254689995199442
f 2008/1279/2008 709/1280/709 26/1259/26
f 1589/1259/1589 1965/1260/1965 2149/1279/2149
vt 0.2238299995660782 0.0305599998682737
vt 0.2294480055570602 0.0305599998682737
f 282/1281/282 262/1282/262 2392/1280/2392
f 1/1280/1 567/1279/567 1335/1281/1335
f 1227/1280/1227 413/1264/413 1434/1259/1434
f 1330/1277/1330 1448/1280/1448 556/1282/556
f 630/1264/630 676/1280/676 2289/1277/2289
f 593/1282/593 1931/1278/1931 1933/1277/1933
vt 0.3538329899311066 0.0611019991338253
vt 0.3756949901580811 0.0611019991338253
f 224/1283/224 608/1284/608 223/1266/223
f 860/1266/860 346/1265/346 2142/1283/2142
vt 0.3306649923324585 0.0611019991338253
f 1453/1285/1453 67/1283/67 773/1265/773
f 577/1265/577 1189/1269/1189 395/1285/395
vt 0.3081550002098083 0.0611019991338253
f 142/1286/142 197/1285/197 1721/1269/1721
f 370/1269/370 1004/1271/1004 23/1286/23
vt 0.2856549918651581 0.0611019991338253
f 422/1287/422 1324/1286/1324 572/1271/572
f 1883/1271/1883 1938/1273/1938 1869/1287/1869
vt 0.2631610035896301 0.0611019991338253
f 1195/1288/1195 1311/1287/1311 1198/1273/1198
f 1161/1273/1161 771/1275/771 1074/1288/1074
vt 0.2406830042600632 0.0611019991338253
f 1587/1289/1587 1602/1288/1602 265/1275/265
f 2117/1275/2117 2123/1278/2123 2193/1289/2193
vt 0.3538329899311066 0.0814530029892921
vt 0.3756949901580811 0.0814530029892921
f 2423/1290/2423 338/1291/338 2461/1284/2461
f 1019/1284/1019 1912/1283/1912 69/1290/69
vt 0.3306649923324585 0.0814530029892921
f 1776/1292/1776 1127/1290/1127 1777/1283/1777
f 1043/1283/1043 1098/1285/1098 1127/1292/1127
vt 0.3081550002098083 0.0814530029892921
f 1238/1293/1238 1239/1292/1239 415/1285/415
f 1370/1285/1370 1366/1286/1366 2167/1293/2167
vt 0.2856549918651581 0.0814530029892921
f 1227/1294/1227 1330/1293/1330 568/1286/568
f 1151/1286/1151 1073/1287/1073 973/1294/973
vt 0.2631610035896301 0.0814530029892921
f 1981/1295/1981 866/1294/866 1971/1287/1971
f 2059/1287/2059 753/1288/753 2082/1295/2082
vt 0.2406830042600632 0.0814530029892921
f 655/1296/655 609/1295/609 1385/1288/1385
f 2431/1288/2431 2439/1289/2439 2440/1296/2440
vt 0.3647640049457550 0.1017900034785271
vt 0.3538329899311066 0.1017900034785271
f 1658/1297/1658 1638/1290/1638 48/1298/48
vt 0.3756949901580811 0.1017900034785271
f 1309/1291/1309 1993/1297/1993 1324/1299/1324
f 2470/1290/2470 197/1297/197 159/1291/159
vt 0.3422490060329437 0.1017900034785271
vt 0.3306649923324585 0.1017900034785271
f 657/1300/657 603/1292/603 620/1301/620
f 2306/1290/2306 2312/1300/2312 2305/1298/2305
f 2375/1292/2375 1308/1300/1308 242/1290/242
vt 0.3194099962711334 0.1017900034785271
vt 0.3081550002098083 0.1017900034785271
f 630/1302/630 2289/1293/2289 174/1303/174
f 479/1292/479 480/1302/480 2025/1301/2025
f 373/1293/373 2016/1302/2016 479/1292/479
vt 0.2969050109386444 0.1017900034785271
vt 0.2856549918651581 0.1017900034785271
f 1453/1304/1453 787/1294/787 58/1305/58
f 1598/1293/1598 1586/1304/1586 1600/1303/1600
f 1793/1294/1793 277/1304/277 272/1293/272
vt 0.2744080126285553 0.1017900034785271
vt 0.2631610035896301 0.1017900034785271
f 2324/1306/2324 2004/1295/2004 2253/1307/2253
f 1938/1294/1938 2381/1306/2381 1575/1305/1575
f 1899/1295/1899 902/1306/902 1331/1294/1331
vt 0.2519220113754272 0.1017900034785271
vt 0.2406830042600632 0.1017900034785271
f 812/1308/812 1423/1296/1423 1381/1309/1381
f 1624/1295/1624 1625/1308/1625 1356/1307/1356
f 1678/1296/1678 884/1308/884 1260/1295/1260
vt 0.3756949901580811 0.1170400008559227
vt 0.3813239932060242 0.1170400008559227
vt 0.3813239932060242 0.1119569987058640
f 2080/1310/2080 1375/1311/1375 126/1312/126
vt 0.3756949901580811 0.1119569987058640
f 1302/1312/1302 1160/1313/1160 932/1310/932
vt 0.3869529962539673 0.1170400008559227
vt 0.3869529962539673 0.1119569987058640
f 1622/1311/1622 1867/1314/1867 1352/1315/1352
f 1187/1315/1187 1812/1312/1812 831/1311/831
f 2075/1312/2075 2102/1299/2102 2357/1313/2357
vt 0.3869529962539673 0.1017900034785271
f 939/1316/939 957/1312/957 932/1315/932
f 485/1299/485 37/1312/37 2030/1316/2030
vt 0.3538329899311066 0.1170400008559227
vt 0.3592990040779114 0.1170400008559227
vt 0.3592990040779114 0.1119569987058640
f 1186/1317/1186 1187/1318/1187 831/1319/831
vt 0.3538329899311066 0.1119569987058640
f 1002/1319/1002 1210/1320/1210 831/1317/831
vt 0.3647640049457550 0.1170400008559227
vt 0.3647640049457550 0.1119569987058640
f 624/1318/624 326/1321/326 2394/1322/2394
f 1927/1322/1927 2417/1319/2417 339/1318/339
f 1146/1319/1146 1145/1298/1145 1064/1320/1064
f 1143/1297/1143 951/1319/951 1064/1322/1064
f 1341/1298/1341 1918/1319/1918 578/1297/578
vt 0.3702290058135986 0.1119569987058640
f 137/1323/137 159/1297/159 1722/1322/1722
f 2404/1299/2404 296/1323/296 2388/1313/2388
f 2315/1297/2315 201/1323/201 1214/1299/1214
vt 0.3702290058135986 0.1170400008559227
f 1949/1321/1949 851/1324/851 2140/1323/2140
f 2247/1323/2247 633/1322/633 638/1321/638
f 338/1324/338 340/1310/340 234/1313/234
f 1225/1313/1225 394/1323/394 1226/1324/1226
vt 0.3306649923324585 0.1221240013837814
vt 0.3364570140838623 0.1170400008559227
vt 0.3306649923324585 0.1170400008559227
f 394/1325/394 411/1326/411 570/1327/570
vt 0.3364570140838623 0.1119569987058640
f 39/1327/39 486/1326/486 2020/1328/2020
vt 0.3306649923324585 0.1119569987058640
f 672/1328/672 172/1329/172 634/1327/634
vt 0.3422490060329437 0.1170400008559227
vt 0.3422490060329437 0.1119569987058640
f 1477/1326/1477 1424/1330/1424 1458/1331/1458
f 1442/1331/1442 1063/1328/1063 1062/1326/1062
f 654/1328/654 335/1301/335 606/1329/606
f 2252/1300/2252 2325/1328/2325 171/1331/171
f 2325/1301/2325 674/1328/674 635/1300/635
vt 0.3480409979820251 0.1119569987058640
f 880/1332/880 1811/1300/1811 1176/1331/1176
f 563/1298/563 1323/1332/1323 546/1320/546
f 2478/1300/2478 153/1332/153 154/1298/154
vt 0.3480409979820251 0.1170400008559227
f 154/1330/154 427/1333/427 456/1332/456
f 1471/1332/1471 75/1331/75 1417/1330/1417
f 335/1333/335 2387/1317/2387 586/1320/586
f 13/1320/13 2375/1332/2375 1381/1333/1381
vt 0.3081550002098083 0.1119569987058640
vt 0.3194099962711334 0.1221240013837814
vt 0.3194099962711334 0.1119569987058640
f 831/1334/831 1812/1335/1812 1837/1336/1837
f 1408/1334/1408 2088/1336/2088 450/1302/450
f 505/1302/505 375/1303/375 506/1334/506
f 1427/1336/1427 1472/1329/1472 1234/1301/1234
f 2304/1301/2304 994/1302/994 212/1336/212
vt 0.3250370025634766 0.1221240013837814
f 1400/1327/1400 443/1337/443 1742/1325/1742
f 1397/1337/1397 530/1336/530 1742/1335/1742
f 2340/1336/2340 1523/1327/1523 1504/1329/1504
f 2072/1327/2072 1366/1336/1366 792/1337/792
vt 0.2856549918651581 0.1170400008559227
vt 0.2912800014019012 0.1170400008559227
vt 0.2912800014019012 0.1119569987058640
f 1366/1338/1366 2071/1339/2071 790/1340/790
vt 0.2856549918651581 0.1119569987058640
f 1735/1340/1735 1405/1341/1405 453/1338/453
vt 0.2969050109386444 0.1170400008559227
vt 0.2969050109386444 0.1119569987058640
f 895/1339/895 1684/1342/1684 1291/1343/1291
f 62/1343/62 1447/1340/1447 1473/1339/1473
f 2229/1340/2229 2119/1305/2119 2132/1341/2132
f 329/1304/329 607/1340/607 2405/1343/2405
f 1767/1305/1767 1765/1340/1765 1045/1304/1045
vt 0.3025299906730652 0.1119569987058640
f 2261/1344/2261 640/1304/640 641/1343/641
f 1224/1303/1224 566/1344/566 1329/1334/1329
f 354/1304/354 302/1344/302 306/1303/306
vt 0.3025299906730652 0.1170400008559227
f 721/1342/721 686/1345/686 716/1344/716
f 425/1344/425 2356/1343/2356 2096/1342/2096
vt 0.3081550002098083 0.1170400008559227
f 1208/1345/1208 367/1346/367 1000/1334/1000
f 113/1334/113 739/1344/739 2050/1345/2050
vt 0.2631610035896301 0.1170400008559227
vt 0.2687849998474121 0.1170400008559227
vt 0.2687849998474121 0.1119569987058640
f 617/1347/617 863/1348/863 1964/1349/1964
vt 0.2631610035896301 0.1119569987058640
f 2200/1349/2200 150/1350/150 152/1347/152
vt 0.2744080126285553 0.1170400008559227
vt 0.2744080126285553 0.1119569987058640
f 554/1348/554 570/1351/570 411/1352/411
f 2218/1352/2218 152/1349/152 2201/1348/2201
f 2478/1349/2478 2201/1307/2201 153/1350/153
f 1427/1306/1427 1477/1349/1477 1479/1352/1479
f 1936/1307/1936 314/1349/314 254/1306/254
vt 0.2800320088863373 0.1119569987058640
f 841/1353/841 1244/1306/1244 1836/1352/1836
f 2145/1305/2145 2124/1353/2124 2144/1341/2144
f 734/1306/734 700/1353/700 1644/1305/1644
vt 0.2800320088863373 0.1170400008559227
f 1262/1351/1262 1682/1354/1682 1671/1353/1671
f 1361/1353/1361 1635/1352/1635 1781/1351/1781
f 745/1354/745 2362/1338/2362 746/1341/746
f 2386/1341/2386 582/1353/582 1934/1354/1934
vt 0.2406830042600632 0.1221240013837814
vt 0.2519220113754272 0.1221240013837814
vt 0.2519220113754272 0.1119569987058640
f 501/1355/501 729/1356/729 685/1357/685
vt 0.2406830042600632 0.1119569987058640
f 1625/1357/1625 278/1358/278 1356/1355/1356
f 537/1358/537 2225/1357/2225 1752/1308/1752
f 2344/1308/2344 2342/1309/2342 2099/1358/2099
f 429/1357/429 1522/1350/1522 428/1307/428
f 1262/1307/1262 872/1308/872 1682/1357/1682
vt 0.2631610035896301 0.1221240013837814
f 872/1347/872 1835/1356/1835 1807/1359/1807
f 2380/1357/2380 319/1347/319 1606/1350/1606
f 392/1356/392 483/1347/483 500/1357/500
vt 0.3306649923324585 0.1423059999942780
vt 0.3321129977703094 0.1423059999942780
vt 0.3321129977703094 0.1410450041294098
f 439/1360/439 531/1361/531 1739/1362/1739
vt 0.3306649923324585 0.1410450041294098
f 2330/1362/2330 2333/1363/2333 1713/1360/1713
vt 0.3321129977703094 0.1397839933633804
f 911/1363/911 1907/1362/1907 1908/1364/1908
vt 0.3306649923324585 0.1397839933633804
f 33/1364/33 2021/1365/2021 32/1363/32
vt 0.3321129977703094 0.1385219991207123
f 856/1365/856 983/1364/983 1955/1366/1955
vt 0.3306649923324585 0.1385219991207123
f 2021/1366/2021 1646/1367/1646 503/1365/503
vt 0.3321129977703094 0.1372610032558441
f 274/1367/274 249/1366/249 1564/1368/1564
vt 0.3306649923324585 0.1372610032558441
f 1790/1368/1790 2407/1369/2407 1801/1367/1801
vt 0.3137829899787903 0.1221240013837814
vt 0.3194099962711334 0.1271689981222153
f 826/1370/826 1191/1371/1191 1251/1335/1251
vt 0.3194099962711334 0.1322149932384491
vt 0.3250370025634766 0.1322149932384491
vt 0.3250370025634766 0.1271689981222153
f 2481/1372/2481 2275/1373/2275 2344/1374/2344
f 92/1374/92 111/1371/111 88/1372/88
f 1852/1371/1852 1834/1374/1834 1806/1337/1806
f 813/1337/813 2374/1335/2374 1389/1371/1389
vt 0.3306649923324585 0.1271689981222153
f 1530/1374/1530 156/1375/156 2221/1325/2221
f 1337/1325/1337 577/1337/577 573/1374/573
vt 0.3306649923324585 0.1296920031309128
vt 0.3306649923324585 0.1322149932384491
f 1521/1376/1521 214/1373/214 1530/1377/1530
f 1746/1374/1746 438/1376/438 1738/1375/1738
f 2438/1373/2438 1928/1376/1928 579/1374/579
vt 0.3250370025634766 0.1397839933633804
vt 0.3194099962711334 0.1423059999942780
vt 0.3250370025634766 0.1423059999942780
f 255/1378/255 1561/1379/1561 1602/1380/1602
vt 0.3194099962711334 0.1372610032558441
vt 0.3250370025634766 0.1372610032558441
f 1709/1381/1709 2255/1378/2255 2331/1382/2331
f 2027/1379/2027 506/1378/506 2026/1381/2026
f 1344/1381/1344 267/1382/267 1040/1373/1040
f 173/1373/173 2289/1372/2289 169/1381/169
vt 0.3306649923324585 0.1347379982471466
vt 0.3278509974479675 0.1372610032558441
f 588/1383/588 348/1384/348 615/1369/615
f 1096/1384/1096 1756/1373/1756 1115/1382/1115
f 425/1373/425 2160/1383/2160 1546/1377/1546
f 984/1383/984 1350/1373/1350 853/1384/853
vt 0.3278509974479675 0.1423059999942780
vt 0.3278509974479675 0.1397839933633804
f 852/1380/852 853/1385/853 1951/1386/1951
f 2487/1386/2487 2483/1378/2483 2113/1380/2113
f 2094/1378/2094 144/1386/144 463/1384/463
f 855/1384/855 612/1382/612 2236/1378/2236
f 1110/1367/1110 1399/1386/1399 1118/1365/1118
f 1996/1384/1996 1/1367/1 1992/1369/1992
f 1931/1386/1931 581/1367/581 1933/1384/1933
f 1886/1363/1886 1873/1385/1873 284/1360/284
f 2156/1386/2156 2236/1363/2236 228/1365/228
f 2129/1385/2129 2135/1363/2135 2232/1386/2232
vt 0.2406830042600632 0.1372610032558441
vt 0.2463019937276840 0.1423059999942780
vt 0.2519220113754272 0.1372610032558441
f 738/1387/738 2044/1388/2044 2069/1389/2069
vt 0.2519220113754272 0.1423059999942780
f 1057/1389/1057 1764/1388/1764 1736/1390/1736
vt 0.2406830042600632 0.1423059999942780
f 1718/1388/1718 1732/1387/1732 186/1391/186
vt 0.2519220113754272 0.1322149932384491
f 691/1387/691 478/1389/478 692/1392/692
vt 0.2406830042600632 0.1322149932384491
f 1295/1392/1295 387/1393/387 1835/1387/1835
f 8/1393/8 6/1392/6 1394/1356/1394
f 2421/1356/2421 2444/1355/2444 238/1393/238
vt 0.2350649982690811 0.1372610032558441
f 1599/1393/1599 271/1394/271 1786/1387/1786
vt 0.2350649982690811 0.1423059999942780
f 1225/1395/1225 1226/1391/1226 410/1387/410
f 2055/1387/2055 1058/1394/1058 125/1395/125
vt 0.3869529962539673 0.1627590060234070
vt 0.3925830125808716 0.1627590060234070
vt 0.3925830125808716 0.1576460003852844
f 1982/1396/1982 975/1397/975 2136/1398/2136
vt 0.3869529962539673 0.1576460003852844
f 2101/1398/2101 2055/1399/2055 2361/1396/2361
vt 0.3306649923324585 0.1627590060234070
vt 0.3364570140838623 0.1627590060234070
vt 0.3364570140838623 0.1576460003852844
f 2395/1400/2395 2381/1401/2381 1946/1402/1946
vt 0.3306649923324585 0.1576460003852844
f 338/1402/338 2233/1403/2233 2122/1400/2122
vt 0.3194099962711334 0.1525329947471619
vt 0.3250370025634766 0.1525329947471619
vt 0.3250370025634766 0.1474190056324005
f 97/1404/97 2048/1405/2048 2069/1406/2069
vt 0.3194099962711334 0.1474190056324005
f 1606/1406/1606 1567/1407/1567 252/1404/252
f 1027/1407/1027 783/1406/783 1451/1380/1451
f 93/1380/93 124/1379/124 2068/1407/2068
f 1100/1406/1100 1396/1385/1396 439/1380/439
f 2402/1385/2402 310/1406/310 1932/1360/1932
vt 0.3306649923324585 0.1525329947471619
f 1382/1408/1382 1389/1406/1389 11/1405/11
f 815/1405/815 1391/1403/1391 1382/1408/1382
vt 0.3194099962711334 0.1627590060234070
f 2414/1403/2414 352/1409/352 661/1400/661
f 1730/1409/1730 2211/1405/2211 2223/1404/2223
f 1788/1405/1788 1358/1409/1358 1789/1403/1789
vt 0.3025299906730652 0.1627590060234070
vt 0.3081550002098083 0.1627590060234070
vt 0.3081550002098083 0.1576460003852844
f 188/1410/188 151/1411/151 1042/1412/1042
vt 0.3025299906730652 0.1576460003852844
f 782/1412/782 1069/1413/1069 1011/1410/1011
vt 0.2631610035896301 0.1627590060234070
vt 0.2687849998474121 0.1627590060234070
vt 0.2687849998474121 0.1576460003852844
f 2316/1414/2316 2303/1415/2303 2317/1416/2317
vt 0.2631610035896301 0.1576460003852844
f 2291/1416/2291 2020/1417/2020 641/1414/641
vt 0.2434930056333542 0.1576460003852844
vt 0.2463019937276840 0.1627590060234070
vt 0.2463019937276840 0.1576460003852844
f 380/1418/380 515/1419/515 1815/1420/1815
vt 0.2406830042600632 0.1627590060234070
vt 0.2406830042600632 0.1576460003852844
f 2477/1421/2477 148/1418/148 2476/1422/2476
f 128/1419/128 2268/1418/2268 2477/1421/2477
vt 0.2463019937276840 0.1550890058279037
vt 0.2519220113754272 0.1525329947471619
vt 0.2463019937276840 0.1525329947471619
f 2202/1423/2202 2219/1424/2219 2477/1425/2477
vt 0.2519220113754272 0.1576460003852844
f 1099/1426/1099 2480/1423/2480 2479/1420/2479
f 2254/1424/2254 640/1423/640 2261/1426/2261
vt 0.2519220113754272 0.1627590060234070
f 1259/1419/1259 1675/1427/1675 827/1426/827
f 1284/1426/1284 876/1420/876 1671/1419/1671
vt 0.2434930056333542 0.1499760001897812
vt 0.2463019937276840 0.1499760001897812
vt 0.2463019937276840 0.1474190056324005
f 1447/1428/1447 1416/1429/1416 1473/1430/1473
vt 0.2434930056333542 0.1474190056324005
f 2233/1430/2233 2143/1431/2143 2245/1428/2245
vt 0.2406830042600632 0.1474190056324005
f 189/1431/189 190/1391/190 1726/1432/1726
f 464/1388/464 458/1431/458 2102/1430/2102
f 533/1391/533 1412/1431/1412 1749/1388/1749
vt 0.2519220113754272 0.1474190056324005
f 833/1430/833 1834/1433/1834 1856/1390/1856
f 2050/1390/2050 101/1388/101 102/1430/102
f 1910/1429/1910 913/1433/913 965/1430/965
f 2209/1424/2209 2486/1429/2486 219/1425/219
f 2202/1433/2202 2099/1429/2099 2219/1424/2219
vt 0.2575420141220093 0.1525329947471619
vt 0.2575420141220093 0.1474190056324005
f 2342/1424/2342 2359/1434/2359 2099/1435/2099
f 1181/1435/1181 2035/1433/2035 1805/1424/1805
vt 0.2378740012645721 0.1474190056324005
vt 0.2350649982690811 0.1448629945516586
vt 0.2350649982690811 0.1474190056324005
f 1390/1436/1390 1385/1437/1385 819/1438/819
f 1705/1437/1705 2292/1391/2292 2010/1395/2010
f 353/1391/353 2445/1436/2445 614/1432/614
f 2039/1436/2039 472/1391/472 2020/1437/2020
vt 0.2350649982690811 0.1576460003852844
vt 0.2378740012645721 0.1576460003852844
f 1379/1439/1379 794/1421/794 2168/1440/2168
f 745/1440/745 746/1421/746 2047/1422/2047
vt 0.3756949901580811 0.1821600049734116
vt 0.3869529962539673 0.1821600049734116
vt 0.3869529962539673 0.1724590063095093
f 1551/1441/1551 1597/1442/1597 250/1443/250
vt 0.3756949901580811 0.1724590063095093
f 843/1443/843 1831/1444/1831 1268/1441/1268
vt 0.3813239932060242 0.1627590060234070
f 1327/1445/1327 558/1443/558 559/1396/559
vt 0.3756949901580811 0.1627590060234070
f 407/1444/407 408/1445/408 1327/1446/1327
f 890/1443/890 705/1445/705 1654/1444/1654
vt 0.3538329899311066 0.1821600049734116
vt 0.3647640049457550 0.1821600049734116
vt 0.3647640049457550 0.1724590063095093
f 1901/1447/1901 972/1448/972 402/1449/402
vt 0.3538329899311066 0.1724590063095093
f 244/1449/244 1309/1450/1309 1197/1447/1197
vt 0.3592990040779114 0.1627590060234070
vt 0.3647640049457550 0.1627590060234070
f 1326/1451/1326 1450/1449/1450 1427/1452/1427
vt 0.3538329899311066 0.1627590060234070
f 1670/1450/1670 1177/1451/1177 875/1453/875
f 1963/1449/1963 852/1451/852 1976/1450/1976
vt 0.3702290058135986 0.1627590060234070
f 1161/1454/1161 1065/1444/1065 1010/1446/1010
f 153/1449/153 2201/1454/2201 2479/1452/2479
f 774/1444/774 1442/1454/1442 1062/1449/1062
f 1658/1448/1658 42/1441/42 1638/1444/1638
f 2222/1444/2222 127/1449/127 2199/1448/2199
vt 0.3306649923324585 0.1821600049734116
vt 0.3422490060329437 0.1821600049734116
vt 0.3422490060329437 0.1724590063095093
f 97/1455/97 86/1456/86 117/1457/117
vt 0.3306649923324585 0.1724590063095093
f 1874/1457/1874 351/1458/351 2403/1455/2403
vt 0.3422490060329437 0.1627590060234070
f 2166/1401/2166 2078/1457/2078 2065/1459/2065
f 2078/1458/2078 790/1401/790 2071/1400/2071
f 654/1457/654 226/1401/226 2387/1458/2387
vt 0.3480409979820251 0.1627590060234070
f 77/1460/77 777/1450/777 1459/1453/1459
f 1406/1457/1406 1398/1460/1398 542/1459/542
f 473/1450/473 31/1460/31 1646/1457/1646
f 473/1456/473 1646/1447/1646 31/1450/31
f 2412/1450/2412 2402/1457/2402 1888/1456/1888
vt 0.3081550002098083 0.1724590063095093
f 55/1458/55 1021/1409/1021 57/1461/57
f 1010/1461/1010 766/1409/766 765/1411/765
f 839/1409/839 1171/1458/1171 1814/1400/1814
vt 0.3081550002098083 0.1821600049734116
f 76/1458/76 1454/1461/1454 1474/1462/1474
f 1705/1462/1705 178/1455/178 2292/1458/2292
vt 0.2856549918651581 0.1821600049734116
vt 0.2969050109386444 0.1821600049734116
vt 0.2969050109386444 0.1724590063095093
f 962/1463/962 932/1464/932 1070/1465/1070
vt 0.2856549918651581 0.1724590063095093
f 269/1465/269 1632/1466/1632 1348/1463/1348
vt 0.2912800014019012 0.1627590060234070
vt 0.2969050109386444 0.1627590060234070
f 1360/1467/1360 263/1465/263 283/1468/283
vt 0.2856549918651581 0.1627590060234070
f 263/1466/263 1593/1467/1593 1573/1469/1573
f 1096/1465/1096 1129/1467/1129 1103/1466/1103
f 1048/1410/1048 1040/1461/1040 1760/1411/1760
f 2117/1465/2117 2238/1410/2238 991/1468/991
f 1474/1461/1474 1454/1410/1454 1435/1465/1435
f 676/1464/676 1711/1462/1711 2001/1461/2001
f 2447/1461/2447 2445/1465/2445 353/1464/353
vt 0.2631610035896301 0.1821600049734116
vt 0.2744080126285553 0.1821600049734116
vt 0.2744080126285553 0.1724590063095093
f 624/1470/624 2394/1471/2394 232/1472/232
vt 0.2631610035896301 0.1724590063095093
f 795/1472/795 2075/1473/2075 2077/1470/2077
vt 0.2744080126285553 0.1627590060234070
f 1853/1415/1853 1802/1472/1802 894/1474/894
f 2002/1473/2002 1701/1415/1701 2251/1414/2251
f 2296/1472/2296 2300/1415/2300 995/1473/995
vt 0.2800320088863373 0.1627590060234070
f 2072/1475/2072 792/1466/792 791/1469/791
f 2190/1472/2190 2186/1475/2186 2154/1474/2154
f 1762/1466/1762 1050/1475/1050 1051/1472/1051
f 1762/1471/1762 1763/1463/1763 1123/1466/1123
f 576/1466/576 550/1472/550 1237/1471/1237
vt 0.2406830042600632 0.1821600049734116
vt 0.2519220113754272 0.1821600049734116
vt 0.2519220113754272 0.1724590063095093
f 1128/1476/1128 1403/1477/1403 536/1478/536
vt 0.2406830042600632 0.1724590063095093
f 2466/1478/2466 222/1479/222 2457/1476/2457
f 2466/1419/2466 607/1478/607 329/1427/329
f 1320/1479/1320 560/1419/560 1319/1421/1319
f 1320/1478/1320 1319/1419/1319 560/1479/560
f 2256/1478/2256 2257/1473/2257 669/1414/669
f 481/1414/481 2029/1427/2029 482/1478/482
f 481/1477/481 378/1470/378 477/1473/477
f 1626/1473/1626 1627/1478/1627 269/1477/269
vt 0.3756949901580811 0.2029349952936172
vt 0.3869529962539673 0.2029349952936172
vt 0.3869529962539673 0.1925469934940338
f 269/1480/269 978/1481/978 977/1482/977
vt 0.3756949901580811 0.1925469934940338
f 1044/1482/1044 1099/1483/1099 2479/1480/2479
f 216/1483/216 204/1482/204 215/1442/215
f 216/1442/216 215/1441/215 204/1483/204
f 1818/1448/1818 886/1483/886 1841/1441/1841
vt 0.3538329899311066 0.2029349952936172
f 313/1483/313 294/1484/294 1866/1480/1866
f 2219/1484/2219 2099/1448/2099 2372/1447/2372
f 935/1448/935 972/1484/972 960/1483/960
f 1096/1456/1096 1133/1484/1133 1756/1447/1756
vt 0.3306649923324585 0.2029349952936172
f 2053/1485/2053 749/1456/749 2076/1455/2076
f 2053/1484/2053 2074/1456/2074 2098/1485/2098
vt 0.3081550002098083 0.2029349952936172
f 1641/1486/1641 28/1485/28 482/1455/482
f 827/1455/827 1171/1462/1171 1170/1486/1170
f 602/1464/602 2425/1486/2425 349/1462/349
vt 0.2856549918651581 0.2029349952936172
f 2028/1487/2028 1648/1464/1648 507/1463/507
f 2284/1486/2284 178/1464/178 1705/1487/1705
f 1074/1471/1074 771/1487/771 1017/1463/1017
vt 0.2631610035896301 0.2029349952936172
f 446/1488/446 1101/1471/1101 1401/1470/1401
f 1853/1487/1853 1300/1471/1300 879/1488/879
vt 0.2406830042600632 0.1925469934940338
f 27/1489/27 1662/1477/1662 2013/1476/2013
f 1417/1477/1417 1444/1488/1444 58/1470/58
vt 0.2406830042600632 0.2029349952936172
f 1146/1488/1146 1064/1489/1064 1986/1490/1986
f 1928/1489/1928 5/1488/5 243/1477/243
vt 0.3869529962539673 0.2185160070657730
vt 0.3756949901580811 0.2237100005149841
vt 0.3869529962539673 0.2237100005149841
f 1471/1491/1471 1417/1492/1417 1470/1493/1470
vt 0.3756949901580811 0.2133219987154007
vt 0.3869529962539673 0.2133219987154007
f 1012/1494/1012 907/1491/907 767/1495/767
f 767/1492/767 910/1491/910 1016/1494/1016
vt 0.3869529962539673 0.2081290036439896
f 444/1496/444 1404/1494/1404 532/1495/532
f 2338/1480/2338 461/1496/461 2103/1481/2103
f 386/1494/386 1839/1496/1839 1826/1480/1826
vt 0.3925830125808716 0.2133219987154007
vt 0.3925830125808716 0.2081290036439896
f 1179/1495/1179 1838/1497/1838 1819/1498/1819
f 1904/1498/1904 564/1496/564 1325/1495/1325
vt 0.3925830125808716 0.2029349952936172
f 1194/1496/1194 242/1498/242 1306/1499/1306
f 2200/1499/2200 2217/1481/2217 150/1496/150
vt 0.3925830125808716 0.2237100005149841
vt 0.3925830125808716 0.2185160070657730
f 858/1493/858 859/1500/859 1971/1501/1971
f 1429/1501/1429 1447/1491/1447 62/1493/62
f 1075/1491/1075 1153/1501/1153 1429/1497/1429
f 1081/1497/1081 1486/1495/1486 60/1491/60
vt 0.3538329899311066 0.2237100005149841
f 255/1494/255 1602/1502/1602 1593/1492/1593
f 1321/1484/1321 1229/1494/1229 1331/1480/1331
f 404/1502/404 1321/1494/1321 551/1484/551
vt 0.3306649923324585 0.2237100005149841
f 1452/1503/1452 59/1502/59 1021/1484/1021
f 508/1484/508 1471/1485/1471 1419/1503/1419
vt 0.3081550002098083 0.2237100005149841
f 452/1504/452 438/1503/438 537/1485/537
f 2286/1485/2286 2327/1486/2327 166/1504/166
vt 0.2856549918651581 0.2237100005149841
f 1215/1505/1215 1331/1504/1331 1895/1486/1895
f 915/1486/915 1902/1487/1902 1911/1505/1911
vt 0.2631610035896301 0.2237100005149841
f 2287/1506/2287 632/1505/632 633/1487/633
f 1912/1487/1912 1332/1488/1332 571/1506/571
vt 0.2406830042600632 0.2133219987154007
f 458/1507/458 457/1488/457 1538/1490/1538
vt 0.2406830042600632 0.2237100005149841
f 1538/1506/1538 1539/1507/1539 1524/1508/1524
f 562/1488/562 1322/1507/1322 906/1506/906
vt 0.3756949901580811 0.2439910024404526
vt 0.3869529962539673 0.2439910024404526
vt 0.3869529962539673 0.2338500022888184
f 733/1509/733 47/1510/47 32/1511/32
vt 0.3756949901580811 0.2338500022888184
f 922/1511/922 562/1512/562 1918/1509/1918
f 449/1512/449 1412/1511/1412 1747/1493/1747
f 1352/1493/1352 1867/1492/1867 1882/1512/1882
vt 0.3538329899311066 0.2439910024404526
f 1790/1512/1790 1882/1513/1882 2407/1509/2407
f 396/1502/396 1216/1512/1216 395/1492/395
f 1929/1513/1929 2440/1512/2440 2439/1502/2439
vt 0.3306649923324585 0.2439910024404526
f 715/1514/715 682/1513/682 714/1502/714
f 2429/1502/2429 330/1503/330 2443/1514/2443
vt 0.3081550002098083 0.2439910024404526
f 2450/1515/2450 664/1514/664 241/1503/241
f 380/1503/380 381/1504/381 515/1515/515
vt 0.2856549918651581 0.2439910024404526
f 1787/1516/1787 1620/1515/1620 1621/1504/1621
f 1621/1504/1621 1784/1505/1784 1345/1516/1345
vt 0.2631610035896301 0.2439910024404526
f 2/1517/2 1998/1516/1998 1995/1505/1995
f 40/1505/40 694/1506/694 1647/1517/1647
vt 0.2406830042600632 0.2338500022888184
f 318/1518/318 597/1506/597 1930/1508/1930
vt 0.2406830042600632 0.2439910024404526
f 1902/1517/1902 881/1518/881 957/1519/957
f 2427/1506/2427 660/1518/660 2452/1517/2452
vt 0.3538329899311066 0.2642999887466431
vt 0.3756949901580811 0.2642999887466431
f 619/1520/619 358/1521/358 2427/1509/2427
f 393/1509/393 966/1513/966 959/1520/959
vt 0.3306649923324585 0.2642999887466431
f 1209/1522/1209 993/1520/993 2297/1513/2297
f 365/1513/365 215/1514/215 177/1522/177
vt 0.3081550002098083 0.2642999887466431
f 1484/1523/1484 1079/1522/1079 1145/1514/1145
f 315/1514/315 229/1515/229 1892/1523/1892
vt 0.2856549918651581 0.2642999887466431
f 1746/1524/1746 1738/1523/1738 528/1515/528
f 1062/1515/1062 1416/1516/1416 778/1524/778
vt 0.2631610035896301 0.2642999887466431
f 2365/1525/2365 2101/1524/2101 2348/1516/2348
f 1152/1516/1152 935/1517/935 960/1525/960
vt 0.2406830042600632 0.2541449964046478
f 2413/1526/2413 327/1517/327 293/1519/293
vt 0.2406830042600632 0.2642999887466431
f 2220/1525/2220 2368/1526/2368 159/1527/159
f 1782/1517/1782 1984/1526/1984 736/1525/736
vt 0.3869110047817230 0.0000180000006367
vt 0.3982119858264923 0.0117220003157854
vt 0.3982119858264923 0.0000189999991562
f 861/1528/861 239/1529/239 1958/1530/1958
vt 0.3982119858264923 0.0258549991995096
f 232/1267/232 340/1531/340 346/1529/346
vt 0.3982119858264923 0.0399870015680790
f 1002/1532/1002 2297/1266/2297 2298/1284/2298
vt 0.3982119858264923 0.0541200004518032
f 36/1284/36 35/1533/35 1645/1532/1645
vt 0.3982119858264923 0.0682519972324371
f 1906/1284/1906 1917/1534/1917 909/1533/909
f 2177/1531/2177 2467/1267/2467 980/1266/980
f 899/1266/899 781/1532/781 1024/1531/1024
vt 0.3756220042705536 0.0000170000002981
f 726/1267/726 693/1528/693 732/1535/732
f 1600/1267/1600 1562/1529/1562 1603/1528/1603
vt 0.3643450140953064 0.0000149999996211
f 1559/1535/1559 1580/1536/1580 1600/1267/1600
vt 0.3982119858264923 0.0823850035667419
f 2324/1291/2324 645/1537/645 2333/1534/2333
f 557/1534/557 1335/1284/1335 567/1291/567
vt 0.3982119858264923 0.0965169966220856
f 1764/1316/1764 1037/1538/1037 111/1537/111
f 529/1538/529 528/1316/528 1738/1315/1738
vt 0.3982119858264923 0.1106500029563904
f 1700/1315/1700 672/1539/672 1537/1538/1537
f 1702/1291/1702 1699/1299/1699 2342/1316/2342
f 1435/1315/1435 1454/1314/1454 70/1539/70
vt 0.3848659992218018 0.1223110035061836
vt 0.3828220069408417 0.1216600015759468
f 681/1540/681 733/1314/733 503/1541/503
vt 0.3776459991931915 0.1214450001716614
f 1206/1542/1206 2300/1311/2300 2314/1310/2314
vt 0.3806889951229095 0.1214430034160614
f 1431/1311/1431 1230/1543/1230 1454/1541/1454
vt 0.3746030032634735 0.1214469969272614
f 817/1542/817 14/1310/14 1392/1544/1392
f 320/1543/320 817/1311/817 341/1542/341
f 291/1541/291 290/1314/290 1862/1311/1862
vt 0.3982119858264923 0.1247820034623146
f 1340/1545/1340 1897/1539/1897 905/1314/905
f 1205/1537/1205 2319/1291/2319 139/1316/139
vt 0.3715600073337555 0.1214480027556419
f 130/1546/130 1124/1544/1124 1725/1310/1725
f 2154/1536/2154 2118/1268/2118 2187/1267/2187
vt 0.3530780076980591 0.0000140000001920
f 270/1547/270 984/1268/984 1782/1536/1782
vt 0.3624309897422791 0.1214530020952225
f 2083/1548/2083 525/1321/525 791/1318/791
vt 0.3563449978828430 0.1214559972286224
f 584/1549/584 585/1318/585 1935/1317/1935
vt 0.3685170114040375 0.1214499995112419
f 2385/1321/2385 1935/1550/1935 312/1324/312
vt 0.3305689990520477 0.0000120000004245
vt 0.3193250000476837 0.0000110000000859
f 671/1551/671 2328/1552/2328 676/1270/676
vt 0.3418200016021729 0.0000129999998535
f 689/1553/689 507/1551/507 1648/1270/1648
f 671/1268/671 630/1553/630 670/1270/670
f 802/1552/802 2085/1272/2085 2084/1270/2084
f 1982/1547/1982 1954/1553/1954 1979/1268/1979
vt 0.3492310047149658 0.1214589998126030
f 1408/1333/1408 450/1554/450 1747/1317/1747
vt 0.3654739856719971 0.1214520037174225
f 1723/1321/1723 131/1555/131 187/1550/187
f 1669/1548/1669 1274/1555/1274 1273/1321/1273
vt 0.3593879938125610 0.1214549988508224
f 357/1318/357 657/1549/657 2465/1556/2465
f 1647/1548/1647 1674/1318/1674 1254/1556/1254
vt 0.3527880012989044 0.1214580014348030
f 2324/1317/2324 2333/1557/2333 1706/1549/1706
vt 0.3399949967861176 0.1216790005564690
f 1672/1558/1672 877/1330/877 1252/1326/1252
f 1173/1554/1173 847/1557/847 1855/1317/1855
vt 0.3456740081310272 0.1214609965682030
f 97/1559/97 87/1554/87 119/1333/119
vt 0.3421179950237274 0.1214620023965836
f 1261/1330/1261 1684/1560/1684 1681/1559/1681
f 1426/1330/1426 1476/1558/1476 1425/1560/1425
f 297/1559/297 2449/1333/2449 2426/1330/2426
vt 0.3379609882831573 0.1223250031471252
f 805/1561/805 2092/1558/2092 541/1326/541
f 1911/1546/1911 914/1324/914 966/1550/966
f 2373/1324/2373 1011/1546/1011 1069/1310/1069
vt 0.3867349922657013 0.1233669966459274
vt 0.3883520066738129 0.1247820034623146
f 1988/1562/1988 860/1563/860 2142/1314/2142
f 1455/1314/1455 1438/1540/1438 1236/1562/1236
vt 0.3895750045776367 0.1263709962368011
f 617/1564/617 361/1545/361 222/1563/222
vt 0.3904710114002228 0.1281410008668900
f 1072/1545/1072 769/1564/769 1013/1565/1013
vt 0.3910219967365265 0.1300490051507950
f 1013/1545/1013 762/1565/762 1147/1566/1147
vt 0.3912099897861481 0.1320510059595108
f 882/1566/882 1291/1567/1291 888/1545/888
vt 0.3361000120639801 0.1233749985694885
f 691/1326/691 692/1325/692 713/1568/713
f 2080/1561/2080 126/1326/126 2047/1568/2047
vt 0.3323709964752197 0.1281529963016510
vt 0.3332650065422058 0.1263760030269623
f 1253/1375/1253 1285/1569/1285 882/1570/882
vt 0.3344900012016296 0.1247820034623146
f 191/1325/191 2274/1570/2274 2275/1571/2275
f 833/1325/833 832/1571/832 1174/1568/1174
f 452/1563/452 182/1545/182 438/1314/438
vt 0.3912110030651093 0.1355859935283661
vt 0.3982119858264923 0.1389150023460388
f 1217/1572/1217 1152/1573/1152 1428/1567/1428
f 1976/1545/1976 1953/1567/1953 1975/1573/1975
vt 0.3912129998207092 0.1391209959983826
f 1710/1574/1710 2009/1573/2009 1698/1572/1698
vt 0.3912149965763092 0.1426559984683990
f 425/1573/425 188/1574/188 1526/1575/1526
vt 0.3912169933319092 0.1461910009384155
f 568/1573/568 556/1575/556 1338/1576/1338
vt 0.3982119858264923 0.1530469954013824
f 218/1576/218 1694/1577/1694 1272/1573/1272
vt 0.3330959975719452 0.1373970061540604
vt 0.3324739933013916 0.1361459940671921
f 325/1368/325 1947/1578/1947 2409/1579/2409
f 421/1578/421 1323/1368/1323 1221/1366/1221
vt 0.3334580063819885 0.1400389969348907
vt 0.3335700035095215 0.1391409933567047
f 421/1580/421 955/1581/955 929/1364/929
vt 0.3334490060806274 0.1382440030574799
f 569/1366/569 1914/1582/1914 971/1578/971
f 1075/1581/1075 1156/1582/1156 1153/1366/1153
vt 0.3331120014190674 0.1408890038728714
f 1072/1583/1072 1156/1580/1156 769/1364/769
f 72/1368/72 77/1579/77 1465/1369/1465
f 2340/1375/2340 1501/1570/1501 1523/1325/1523
f 1737/1376/1737 1407/1569/1407 449/1375/449
vt 0.3316490054130554 0.1320749968290329
vt 0.3318260014057159 0.1300680041313171
f 1737/1584/1737 1364/1585/1364 525/1377/525
f 1012/1377/1012 767/1585/767 762/1376/762
f 2162/1569/2162 2071/1376/2071 1366/1585/1366
vt 0.3317469954490662 0.1334699988365173
f 867/1586/867 690/1584/690 1689/1377/1689
f 1372/1579/1372 1540/1383/1540 2158/1369/2158
vt 0.3158400058746338 0.1314039975404739
f 1900/1587/1900 555/1372/555 1315/1371/1315
vt 0.3174419999122620 0.1364679932594299
f 1059/1372/1059 1432/1588/1432 1426/1381/1426
f 958/1383/958 959/1586/959 966/1377/966
f 1084/1383/1084 2067/1579/2067 1037/1586/1037
f 1658/1581/1658 1663/1366/1663 697/1364/697
f 2438/1583/2438 621/1364/621 225/1362/225
vt 0.3320640027523041 0.1434549987316132
f 1659/1589/1659 1264/1361/1264 51/1360/51
f 2465/1583/2465 2431/1361/2431 2440/1589/2440
f 209/1361/209 1703/1583/1703 215/1362/215
vt 0.3317170143127441 0.1462070047855377
f 1915/1590/1915 1352/1589/1352 1895/1360/1895
vt 0.3174670040607452 0.1418689936399460
vt 0.3176580071449280 0.1391450017690659
f 832/1591/832 2022/1379/2022 1174/1592/1174
f 477/1381/477 378/1592/378 2022/1379/2022
f 789/1588/789 1534/1592/1534 434/1381/434
vt 0.3319280147552490 0.1482869982719421
f 1592/1408/1592 1795/1593/1795 259/1590/259
vt 0.3168649971485138 0.1445080041885376
f 2028/1591/2028 482/1594/482 45/1379/45
f 414/1379/414 393/1594/393 947/1407/947
vt 0.3158650100231171 0.1470199972391129
f 998/1595/998 2269/1407/2269 2258/1594/2258
f 910/1590/910 1903/1360/1903 1016/1408/1016
vt 0.3168320059776306 0.1338749974966049
f 1903/1596/1903 936/1588/936 961/1372/961
vt 0.2631579935550690 0.0000049999998737
vt 0.2519269883632660 0.0000039999999899
f 2180/1276/2180 1603/1597/1603 2182/1598/2182
vt 0.2743889987468719 0.0000060000002122
vt 0.2856200039386749 0.0000070000000960
f 392/1599/392 379/1274/379 516/1600/516
vt 0.3080869913101196 0.0000090000003183
vt 0.2968519926071167 0.0000079999999798
f 1245/1272/1245 1690/1601/1690 921/1602/921
f 726/1272/726 38/1552/38 693/1601/693
f 258/1274/258 1584/1602/1584 1606/1600/1606
f 958/1597/958 933/1276/933 908/1599/908
vt 0.2406930029392242 0.0000019999999950
f 1132/1263/1132 1104/1598/1104 1761/1603/1761
vt 0.2294549942016602 0.0000009999999975
f 141/1261/141 1406/1603/1406 542/1604/542
f 1607/1255/1607 1605/1263/1605 1564/1261/1564
f 274/1603/274 1347/1261/1347 249/1263/249
f 1100/1276/1100 1087/1598/1087 1755/1263/1755
f 2005/1262/2005 888/1261/888 696/1604/696
f 1541/1274/1541 2272/1272/2272 136/1602/136
f 654/1599/654 225/1276/225 226/1274/226
f 267/1263/267 1094/1264/1094 1040/1276/1040
f 958/1370/958 934/1334/934 555/1346/555
vt 0.2275609970092773 0.0693619996309280
f 1889/1296/1889 236/1289/236 2413/1605/2413
vt 0.2300640046596527 0.0953160002827644
f 1889/1309/1889 293/1296/293 1863/1606/1863
vt 0.2255710065364838 0.0518959984183311
f 413/1607/413 1483/1289/1483 1434/1278/1434
vt 0.2307849973440170 0.1040220037102699
f 826/1608/826 1166/1358/1166 842/1309/842
vt 0.2314489930868149 0.1127569973468781
f 1122/1358/1122 536/1608/536 1401/1609/1401
vt 0.2320570051670074 0.1215189993381500
f 2146/1610/2146 2231/1358/2231 2141/1609/2141
f 107/1606/107 99/1608/99 2157/1309/2157
vt 0.2292869985103607 0.0866369977593422
f 2101/1296/2101 1092/1611/1092 1131/1606/1131
vt 0.2192330062389374 0.0065810000523925
f 1072/1252/1072 1013/1262/1013 1082/1612/1082
vt 0.2204149961471558 0.0142470002174377
f 1570/1257/1570 250/1253/250 262/1613/262
f 1433/1254/1433 1158/1253/1158 1472/1257/1472
vt 0.2208659946918488 0.0172119997441769
f 142/1258/142 1721/1257/1721 1722/1614/1722
vt 0.2207030057907104 0.0161320008337498
f 252/1614/252 295/1257/295 1579/1615/1579
vt 0.2197189927101135 0.0097300000488758
f 587/1253/587 1868/1252/1868 295/1616/295
vt 0.2182130068540573 0.0000000000000000
vt 0.2188909947872162 0.0043700002133846
f 147/1262/147 2265/1617/2265 2198/1618/2198
f 2356/1262/2356 147/1618/147 2096/1612/2096
vt 0.2206239998340607 0.0156150003895164
f 855/1257/855 2174/1619/2174 1958/1615/1958
f 276/1253/276 1352/1616/1352 1882/1613/1882
f 134/1257/134 147/1613/147 2270/1619/2270
f 147/1616/147 2338/1252/2338 2475/1612/2475
f 458/1604/458 469/1617/469 2109/1262/2109
vt 0.2244880050420761 0.0432140007615089
f 671/1278/671 627/1620/627 679/1607/679
vt 0.2266000062227249 0.0606519989669323
f 2306/1607/2306 2305/1621/2305 999/1289/999
f 1880/1282/1880 2414/1620/2414 362/1278/362
f 967/1605/967 884/1289/884 1906/1621/1906
vt 0.2284519970417023 0.0779850035905838
f 2376/1622/2376 10/1296/10 6/1605/6
f 2376/1622/2376 1459/1611/1459 777/1296/777
vt 0.2221390008926392 0.0258959997445345
f 315/1614/315 334/1623/334 229/1260/229
f 2336/1623/2336 1524/1279/1524 2470/1260/2470
vt 0.2233480066061020 0.0345709994435310
f 319/1281/319 591/1624/591 1606/1282/1606
f 1515/1281/1515 2352/1623/2352 2109/1624/2109
f 1521/1279/1521 203/1623/203 214/1281/214
f 835/1624/835 848/1620/848 1185/1282/1185
f 907/1258/907 1908/1614/1908 1907/1260/1907
vt 0.2999629974365234 0.1214710026979446
f 1313/1625/1313 1216/1345/1216 396/1342/396
vt 0.2937999963760376 0.1214710026979446
f 1658/1342/1658 697/1339/697 42/1626/42
vt 0.2876369953155518 0.1214710026979446
f 247/1338/247 1574/1627/1574 1610/1339/1610
f 1886/1339/1886 1349/1627/1349 2401/1626/2401
vt 0.2968809902667999 0.1214710026979446
f 1894/1342/1894 1918/1628/1918 562/1625/562
vt 0.2814739942550659 0.1214699968695641
f 1284/1629/1284 1268/1627/1268 1831/1338/1831
vt 0.3027040064334869 0.1216839998960495
f 424/1625/424 1520/1630/1520 2264/1345/2264
vt 0.2783930003643036 0.1214699968695641
f 743/1631/743 85/1354/85 2048/1351/2048
vt 0.2726120054721832 0.1216759979724884
f 121/1351/121 1363/1348/1363 2049/1632/2049
vt 0.2753120064735413 0.1214699968695641
f 2/1633/2 1199/1631/1199 1998/1351/1998
f 1992/1629/1992 1995/1354/1995 1998/1631/1998
f 1027/1629/1027 64/1338/64 1460/1354/1460
f 328/1633/328 2442/1351/2442 2441/1632/2441
vt 0.3125399947166443 0.1267559975385666
f 2451/1370/2451 2446/1634/2446 342/1371/342
vt 0.3144789934158325 0.1290930062532425
f 1976/1634/1976 852/1635/852 979/1371/979
vt 0.3102360069751740 0.1247820034623146
f 1628/1636/1628 273/1634/273 1789/1370/1789
f 1169/1587/1169 1815/1371/1815 515/1635/515
f 203/1334/203 18/1370/18 202/1335/202
f 919/1342/919 1913/1626/1913 1628/1628/1628
vt 0.3078820109367371 0.1233529970049858
f 274/1370/274 1564/1637/1564 1792/1636/1792
vt 0.3053570091724396 0.1223160028457642
f 1447/1638/1447 778/1345/778 1416/1630/1416
f 671/1638/671 679/1346/679 2328/1345/2328
f 64/1346/64 1451/1638/1451 65/1637/65
f 1927/1637/1927 1926/1370/1926 301/1346/301
vt 0.2686569988727570 0.1227779984474182
f 368/1639/368 1001/1632/1001 1209/1348/1209
f 727/1347/727 479/1359/479 376/1348/376
f 502/1639/502 378/1348/378 507/1359/507
vt 0.2650710046291351 0.1247820034623146
f 1449/1640/1449 1435/1639/1435 1145/1359/1145
vt 0.2620249986648560 0.1276050060987473
f 533/1356/533 1117/1641/1117 1400/1359/1400
f 726/1359/726 1291/1641/1291 1684/1640/1684
vt 0.2597300112247467 0.1310729980468750
f 517/1641/517 471/1356/471 498/1642/498
f 1351/1358/1351 1581/1610/1581 1619/1355/1619
vt 0.2326080054044724 0.1303090006113052
f 1619/1643/1619 1577/1355/1577 1347/1610/1347
f 2239/1642/2239 854/1356/854 976/1392/976
f 2121/1394/2121 2175/1393/2175 1556/1643/1556
f 172/1393/172 2262/1355/2262 634/1643/634
vt 0.2583200037479401 0.1349920034408569
f 68/1389/68 405/1644/405 1475/1392/1475
f 2202/1392/2202 2344/1644/2344 2099/1642/2099
vt 0.2578760087490082 0.1391369998455048
f 1724/1644/1724 1743/1389/1743 1761/1645/1761
f 2197/1645/2197 2472/1389/2472 2215/1390/2215
vt 0.2590050101280212 0.1452039927244186
vt 0.2581779956817627 0.1422359943389893
f 1724/1390/1724 1761/1646/1761 149/1647/149
f 1962/1645/1962 2142/1390/2142 2119/1647/2119
vt 0.2331999987363815 0.1409559994935989
vt 0.2331040054559708 0.1391260027885437
f 743/1648/743 795/1395/795 1369/1649/1369
f 743/1394/743 107/1649/107 85/1395/85
vt 0.2332929968833923 0.1427859961986542
f 1168/1650/1168 1250/1395/1250 824/1648/824
vt 0.2333829998970032 0.1446159929037094
vt 0.2334710061550140 0.1464460045099258
f 1114/1651/1114 1774/1652/1774 1762/1437/1762
f 1299/1437/1299 1851/1652/1851 1289/1438/1289
f 207/1437/207 214/1650/214 202/1651/202
f 747/1395/747 2075/1650/2075 2357/1437/2357
f 2337/1646/2337 2357/1390/2357 2358/1435/2358
f 1427/1643/1427 1450/1649/1450 1477/1394/1477
f 982/1596/982 1977/1372/1977 981/1587/981
vt 0.3910169899463654 0.1482689976692200
vt 0.3904240131378174 0.1502439975738525
f 321/1577/321 2384/1653/2384 2390/1654/2390
vt 0.3894619941711426 0.1520649939775467
f 1843/1577/1843 1181/1654/1181 1805/1655/1805
vt 0.3865540027618408 0.1550099998712540
vt 0.3881520032882690 0.1536819934844971
f 535/1656/535 1118/1399/1118 1399/1657/1399
vt 0.3847509920597076 0.1559849977493286
f 1399/1399/1399 1121/1656/1121 1398/1658/1398
f 840/1657/840 1830/1398/1830 1803/1655/1803
f 840/1577/840 1187/1576/1187 1186/1653/1186
vt 0.3827939927577972 0.1565849930047989
f 688/1658/688 1653/1659/1653 2036/1399/2036
vt 0.3807330131530762 0.1567910015583038
f 1520/1445/1520 1531/1659/1531 2264/1660/2264
vt 0.3776850104331970 0.1567919999361038
vt 0.3746359944343567 0.1567929983139038
f 455/1446/455 2094/1661/2094 1520/1662/1520
vt 0.3715879917144775 0.1567929983139038
f 1039/1446/1039 2474/1662/2474 149/1663/149
f 1525/1661/1525 467/1445/467 426/1660/426
f 1204/1398/1204 1206/1577/1206 1205/1655/1205
vt 0.3982119858264923 0.1671800017356873
f 2487/1398/2487 2214/1397/2214 2483/1664/2483
f 1432/1445/1432 1425/1399/1425 1476/1659/1476
f 364/1399/364 308/1445/308 2409/1396/2409
f 836/1445/836 1179/1661/1179 1255/1446/1255
f 207/1396/207 218/1443/218 156/1397/156
f 249/1446/249 1347/1663/1347 1577/1454/1577
vt 0.3685390055179596 0.1567939966917038
vt 0.3654910027980804 0.1567939966917038
f 89/1452/89 110/1665/110 109/1666/109
vt 0.3624419867992401 0.1567949950695038
f 742/1452/742 91/1666/91 110/1667/110
vt 0.3593940138816833 0.1567949950695038
f 110/1668/110 83/1451/83 82/1667/82
vt 0.3563449978828430 0.1567959934473038
f 1133/1668/1133 1753/1669/1753 1033/1451/1033
vt 0.3528240025043488 0.1567959934473038
f 949/1670/949 406/1453/406 1215/1669/1215
f 2253/1454/2253 2255/1665/2255 644/1452/644
f 1176/1665/1176 1177/1454/1177 834/1663/834
f 1875/1398/1875 1783/1657/1783 281/1399/281
f 846/1664/846 1815/1577/1815 1169/1398/1169
vt 0.3335039913654327 0.1520809978246689
vt 0.3325310051441193 0.1502619981765747
f 2091/1408/2091 1377/1671/1377 810/1672/810
f 1575/1408/1575 1595/1672/1595 1783/1593/1783
vt 0.3348230123519897 0.1536940038204193
vt 0.3364270031452179 0.1550199985504150
f 2358/1673/2358 2357/1402/2357 2114/1674/2114
f 41/1403/41 475/1673/475 1643/1408/1643
f 473/1408/473 1259/1673/1259 827/1671/827
vt 0.3116880059242249 0.1524779945611954
vt 0.3144789934158325 0.1493660062551498
f 17/1675/17 204/1404/204 365/1676/365
f 598/1407/598 584/1676/584 2385/1404/2385
f 34/1412/34 1643/1409/1643 2286/1675/2286
vt 0.3082469999790192 0.1548359990119934
vt 0.3043479919433594 0.1563010066747665
f 656/1677/656 355/1678/355 343/1412/343
f 656/1677/656 343/1412/343 355/1675/355
vt 0.3382360041141510 0.1559920012950897
f 2155/1674/2155 2187/1402/2187 2240/1679/2240
f 2066/1406/2066 738/1408/738 2069/1360/2069
vt 0.3493030071258545 0.1567959934473038
f 2205/1453/2205 2216/1670/2216 2218/1680/2218
vt 0.3422609865665436 0.1567970067262650
vt 0.3401969969272614 0.1565909981727600
f 2418/1459/2418 328/1681/328 2441/1682/2441
vt 0.3457820117473602 0.1567970067262650
f 333/1680/333 1582/1683/1582 314/1460/314
f 1541/1402/1541 193/1459/193 2271/1682/2271
f 1387/1681/1387 2375/1459/2375 13/1683/13
f 612/1673/612 350/1403/350 228/1402/228
vt 0.2971419990062714 0.1567929983139038
vt 0.2940689921379089 0.1567919999361038
f 1669/1684/1669 1281/1685/1281 873/1468/873
vt 0.2879219949245453 0.1567900031805038
f 333/1685/333 2449/1686/2449 2179/1467/2179
f 2329/1412/2329 677/1678/677 2251/1413/2251
vt 0.3002159893512726 0.1567929983139038
f 505/1468/505 379/1687/379 725/1684/725
f 2101/1413/2101 1131/1678/1131 2055/1687/2055
f 1150/1404/1150 1067/1675/1067 771/1409/771
f 2331/1413/2331 2254/1687/2254 2255/1410/2255
f 1720/1402/1720 2339/1682/2339 132/1679/132
f 665/1451/665 305/1452/305 308/1667/308
vt 0.3982119858264923 0.1954450011253357
vt 0.3982119858264923 0.1813119947910309
f 2032/1482/2032 487/1688/487 494/1689/494
f 998/1443/998 1205/1689/1205 139/1664/139
vt 0.3982119858264923 0.2095769941806793
vt 0.3982119858264923 0.2025109976530075
f 1141/1690/1141 1426/1691/1426 1430/1498/1430
f 1679/1688/1679 1176/1499/1176 834/1691/834
f 1956/1690/1956 1973/1498/1973 976/1497/976
f 1956/1442/1956 986/1689/986 1981/1443/1981
f 1956/1482/1956 854/1689/854 1957/1442/1957
f 1286/1691/1286 883/1499/883 1675/1498/1675
f 1675/1482/1675 1171/1481/1171 827/1499/827
f 217/1688/217 206/1482/206 366/1499/366
vt 0.3982119858264923 0.2131099998950958
f 715/1497/715 684/1692/684 868/1690/868
vt 0.3982119858264923 0.2378419935703278
vt 0.3982119858264923 0.2237100005149841
f 1880/1500/1880 2382/1693/2382 1859/1694/1859
vt 0.3982119858264923 0.2166430056095123
f 1906/1501/1906 909/1694/909 937/1695/937
vt 0.3982119858264923 0.2753539979457855
vt 0.3982119858264923 0.2661069929599762
f 909/1696/909 929/1697/929 928/1521/928
f 2453/1510/2453 1616/1693/1616 2418/1511/2418
vt 0.3982119858264923 0.2519749999046326
f 81/1693/81 2063/1510/2063 981/1698/981
f 1298/1501/1298 1296/1695/1296 886/1497/886
f 1819/1500/1819 891/1694/891 1691/1501/1691
f 1440/1521/1440 1071/1697/1071 1164/1698/1164
f 1586/1511/1586 1558/1500/1558 253/1493/253
vt 0.3879539966583252 0.2845790088176727
f 2473/1699/2473 140/1696/140 161/1521/161
f 1656/1511/1656 702/1693/702 500/1500/500
vt 0.3982119858264923 0.2845999896526337
f 2235/1699/2235 1560/1700/1560 2179/1696/2179
f 826/1692/826 1251/1497/1251 834/1695/834
f 1317/1669/1317 900/1453/900 905/1451/905
f 939/1680/939 932/1460/932 962/1453/962
f 1387/1521/1387 1308/1510/1308 2375/1509/2375
f 123/1683/123 1056/1459/1056 1778/1460/1778
f 527/1412/527 1122/1411/1122 1405/1409/1405
f 2045/1687/2045 102/1468/102 101/1410/101
f 517/1686/517 2027/1469/2027 2026/1467/2026
f 2130/1685/2130 1982/1467/1982 2184/1468/2184
f 1540/1402/1540 1743/1401/1743 1724/1459/1724
vt 0.3469229936599731 0.2845009863376617
vt 0.3571799993515015 0.2845200002193451
f 462/1701/462 2471/1702/2471 188/1520/188
vt 0.3674370050430298 0.2845390141010284
f 2158/1521/2158 1368/1520/1368 793/1703/793
f 1540/1522/1540 1525/1701/1525 2158/1520/2158
f 653/1520/653 347/1702/347 2419/1703/2419
vt 0.3776949942111969 0.2845590114593506
f 2164/1521/2164 811/1703/811 1379/1704/1379
f 783/1521/783 1163/1698/1163 1418/1510/1418
vt 0.2956550121307373 0.2844159901142120
vt 0.3059059977531433 0.2844319939613342
f 615/1705/615 348/1706/348 227/1523/227
vt 0.3161590099334717 0.2844479978084564
f 252/1522/252 1567/1523/1567 322/1707/322
vt 0.3264130055904388 0.2844649851322174
vt 0.3366670012474060 0.2844829857349396
f 575/1522/575 1579/1708/1579 1622/1709/1622
f 554/1523/554 1322/1706/1322 562/1707/562
f 318/1522/318 1939/1707/1939 2392/1708/2392
f 2363/1709/2363 1515/1701/1515 2109/1522/2109
f 1015/1521/1015 1145/1704/1145 1146/1699/1146
f 1014/1705/1014 772/1523/772 1452/1524/1452
f 813/1664/813 1382/1397/1382 1390/1443/1390
vt 0.2817760109901428 0.1567890048027039
f 1146/1710/1146 1986/1469/1986 988/1686/988
vt 0.2603319883346558 0.1479820013046265
f 1419/1711/1419 729/1435/729 391/1434/391
f 30/1711/30 821/1646/821 1249/1435/1249
vt 0.2621310055255890 0.1505140066146851
f 1737/1712/1737 525/1711/525 1407/1434/1407
vt 0.2643310129642487 0.1526910066604614
f 462/1713/462 2345/1434/2345 427/1417/427
f 2125/1712/2125 2180/1434/2180 2127/1713/2127
f 1788/1434/1788 1789/1424/1789 273/1426/273
vt 0.2436469942331314 0.1546009927988052
vt 0.2439039945602417 0.1532469987869263
f 298/1714/298 1870/1423/1870 1788/1715/1788
f 2125/1715/2125 2178/1423/2178 2146/1425/2146
vt 0.2436210066080093 0.1518889963626862
f 383/1716/383 718/1425/718 717/1429/717
f 1741/1715/1741 1759/1425/1759 1740/1716/1740
vt 0.2668519914150238 0.1544429957866669
f 1449/1717/1449 57/1713/57 63/1417/63
f 372/1390/372 518/1433/518 2038/1435/2038
vt 0.2787030041217804 0.1567880064249039
vt 0.2756310105323792 0.1567869931459427
f 2248/1474/2248 472/1718/472 372/1719/372
vt 0.2726120054721832 0.1565269976854324
f 2329/1474/2329 2330/1719/2330 677/1720/677
f 2329/1718/2329 1704/1474/1704 2007/1475/2007
f 414/1475/414 947/1469/947 1325/1710/1325
f 497/1710/497 45/1718/45 482/1475/482
f 2150/1416/2150 1960/1474/1960 2239/1720/2239
f 1259/1426/1259 1672/1417/1672 1252/1434/1252
vt 0.2696320116519928 0.1557330042123795
f 774/1416/774 1062/1721/1062 778/1717/778
f 1553/1416/1553 1554/1720/1554 1610/1721/1610
f 754/1417/754 2060/1416/2060 2061/1717/2061
f 939/1426/939 908/1427/908 914/1414/914
f 1905/1414/1905 963/1417/963 964/1426/964
f 308/1416/308 325/1415/325 2409/1474/2409
vt 0.2428860068321228 0.1557459980249405
f 1888/1722/1888 2402/1423/2402 327/1714/327
f 1109/1420/1109 1044/1423/1044 2479/1418/2479
vt 0.2403399944305420 0.1497180014848709
vt 0.2416899949312210 0.1499840021133423
f 2373/1723/2373 814/1724/814 1383/1432/1383
f 1383/1431/1383 6/1432/6 10/1724/10
vt 0.2386610060930252 0.1497170031070709
f 2342/1725/2342 167/1723/167 2359/1432/2359
vt 0.2428400069475174 0.1507450044155121
f 2343/1724/2343 1507/1726/1507 2344/1428/2344
f 2343/1716/2343 198/1428/198 1529/1726/1529
f 1746/1431/1746 537/1724/537 438/1428/438
vt 0.2335470020771027 0.1480800062417984
vt 0.2353029996156693 0.1497150063514709
f 985/1727/985 1980/1728/1980 2126/1438/2126
vt 0.2369820028543472 0.1497160047292709
f 2164/1436/2164 1737/1438/1737 450/1729/450
f 2073/1652/2073 794/1727/794 741/1438/741
f 397/1436/397 401/1729/401 952/1725/952
vt 0.2336210012435913 0.1497139930725098
f 1472/1727/1472 1066/1730/1066 401/1728/401
f 1237/1438/1237 417/1728/417 401/1729/401
f 1373/1725/1373 1374/1432/1374 2161/1436/2161
vt 0.2417470067739487 0.1565070003271103
f 998/1418/998 1204/1722/1204 1205/1731/1205
vt 0.2404060065746307 0.1567710041999817
f 909/1732/909 1917/1422/1917 929/1731/929
f 563/1418/563 1221/1731/1221 1323/1422/1323
vt 0.2387849986553192 0.1567700058221817
f 2234/1733/2234 2128/1422/2128 2152/1732/2152
f 2234/1722/2234 2235/1418/2235 2147/1423/2147
vt 0.2355439960956573 0.1567679941654205
vt 0.2339169979095459 0.1567669957876205
f 1267/1734/1267 1697/1735/1697 1683/1439/1683
vt 0.2371650040149689 0.1567690074443817
f 301/1736/301 2430/1734/2430 1858/1439/1858
f 590/1736/590 2438/1439/2438 1944/1440/1944
f 913/1440/913 947/1422/947 965/1733/965
vt 0.2341340035200119 0.1625889986753464
f 495/1735/495 2019/1737/2019 484/1439/484
f 1993/1439/1993 1861/1737/1861 1999/1421/1999
f 589/1733/589 1861/1736/1861 244/1440/244
f 988/1428/988 1986/1716/1986 237/1429/237
vt 0.2345349937677383 0.1757330000400543
f 680/1476/680 2257/1479/2257 637/1738/637
vt 0.2347799986600876 0.1867160052061081
f 1080/1489/1080 1022/1476/1022 59/1739/59
vt 0.2343260049819946 0.1684110015630722
f 202/1479/202 996/1421/996 820/1740/820
vt 0.2350479960441589 0.2086800038814545
f 2272/1507/2272 463/1490/463 2274/1741/2274
vt 0.2350759953260422 0.2160030007362366
vt 0.2350659966468811 0.2123409956693649
f 724/1742/724 723/1507/723 690/1743/690
vt 0.2349500060081482 0.1976989954710007
f 461/1744/461 2100/1490/2100 2360/1489/2360
vt 0.2350800037384033 0.2196680009365082
f 1879/1507/1879 2389/1742/2389 1871/1745/1871
vt 0.2350769937038422 0.2233330011367798
f 682/1745/682 510/1746/510 377/1508/377
f 1475/1508/1475 405/1507/405 1424/1745/1424
f 733/1507/733 2021/1741/2021 503/1743/503
vt 0.2546690106391907 0.2843590080738068
vt 0.2649129927158356 0.2843729853630066
f 1151/1747/1151 1436/1748/1436 1491/1525/1491
vt 0.2751579880714417 0.2843869924545288
f 1197/1524/1197 1309/1525/1309 1324/1749/1324
f 1197/1527/1197 1198/1747/1198 243/1525/243
f 1328/1525/1328 558/1748/558 565/1749/565
vt 0.2854059934616089 0.2844009995460510
f 14/1524/14 7/1749/7 1392/1750/1392
f 1264/1750/1264 1689/1705/1689 46/1524/46
vt 0.2350669950246811 0.2269970029592514
f 369/1751/369 216/1518/216 204/1508/204
vt 0.2350499927997589 0.2306610047817230
f 863/1518/863 1961/1751/1961 1964/1752/1964
f 1548/1746/1548 1514/1751/1514 208/1508/208
vt 0.2348780035972595 0.2489780038595200
f 1724/1526/1724 149/1519/149 2265/1753/2265
vt 0.2344969958066940 0.2709490060806274
vt 0.2444269955158234 0.2843460142612457
f 1544/1527/1544 2362/1754/2362 1504/1755/1504
vt 0.2349990010261536 0.2379889935255051
f 2393/1519/2393 313/1518/313 1866/1756/1866
f 1245/1527/1245 921/1755/921 1906/1747/1906
vt 0.2347089946269989 0.2599650025367737
f 1136/1527/1136 1377/1526/1377 1750/1757/1750
vt 0.2349009960889816 0.1940380036830902
f 2125/1489/2125 1603/1758/1603 2180/1744/2180
vt 0.2349900007247925 0.2013590037822723
f 2064/1490/2064 760/1744/760 434/1759/434
vt 0.2350230067968369 0.2050199955701828
f 1741/1490/1741 443/1760/443 1032/1741/1032
f 531/1760/531 532/1490/532 1739/1759/1739
vt 0.2344350069761276 0.1720719933509827
f 1396/1479/1396 527/1740/527 531/1761/531
f 836/1479/836 1328/1761/1328 1180/1738/1180
vt 0.2348449975252151 0.1903769969940186
f 836/1489/836 837/1739/837 1179/1762/1179
vt 0.2346249967813492 0.1793940067291260
vt 0.2347069978713989 0.1830549985170364
f 2336/1476/2336 1538/1763/1538 1524/1764/1524
f 1223/1476/1223 1993/1764/1993 1999/1739/1999
f 1583/1763/1583 1565/1476/1565 1566/1738/1566
f 921/1489/921 1917/1762/1917 1906/1758/1906
vt 0.2350279986858368 0.2343250066041946
f 2292/1518/2292 2288/1765/2288 2010/1756/2010
vt 0.2349649965763092 0.2416519969701767
f 170/1519/170 2003/1756/2003 2288/1766/2288
vt 0.2349240034818649 0.2453150004148483
f 464/1519/464 434/1767/434 458/1753/458
vt 0.2348269969224930 0.2526409924030304
f 189/1526/189 1543/1753/1543 1716/1768/1716
f 481/1767/481 2028/1519/2028 378/1766/378
vt 0.2347709983587265 0.2563030123710632
f 392/1526/392 2015/1769/2015 484/1757/484
vt 0.2346429973840714 0.2636269927024841
f 1582/1527/1582 1578/1757/1578 254/1770/254
vt 0.2345719933509827 0.2672879993915558
f 508/1527/508 1820/1771/1820 1165/1754/1165
vt 0.2343489974737167 0.2776420116424561
vt 0.2341880053281784 0.2843340039253235
f 1096/1755/1096 1095/1772/1095 1041/1773/1041
f 1340/1772/1340 569/1755/569 576/1754/576
f 1541/1771/1541 460/1527/460 2269/1770/2269
f 1541/1769/1541 1536/1526/1536 1523/1768/1523
f 314/1765/314 2426/1518/2426 2449/1752/2449
f 1166/1737/1166 873/1740/873 1808/1421/1808
f 1826/1676/1826 1849/1407/1849 844/1595/844
vt 0.3810440003871918 0.5350019931793213
vt 0.3810440003871918 0.5438060164451599
vt 0.3677020072937012 0.5438060164451599
f 2438/1774/2438 649/1775/649 350/1776/350
vt 0.3677020072937012 0.5261980295181274
vt 0.3810440003871918 0.5261980295181274
f 2303/1777/2303 2314/1778/2314 2300/1774/2300
f 1881/1776/1881 359/1777/359 302/1774/302
vt 0.3810440003871918 0.5173929929733276
f 1226/1779/1226 394/1778/394 1312/1777/1312
vt 0.3677020072937012 0.5085890293121338
vt 0.3810440003871918 0.5085890293121338
f 88/1780/88 740/1781/740 108/1779/108
f 1827/1777/1827 1837/1780/1837 1812/1779/1812
vt 0.3877150118350983 0.5217959880828857
vt 0.3877150118350983 0.5261980295181274
f 642/1782/642 2260/1783/2260 2324/1778/2324
vt 0.3877150118350983 0.5173929929733276
f 2393/1779/2393 1599/1784/1599 313/1782/313
f 2158/1778/2158 793/1779/793 2085/1782/2085
vt 0.3877150118350983 0.5129910111427307
f 2317/1785/2317 2300/1784/2300 1003/1779/1003
vt 0.3877150118350983 0.5085890293121338
f 2288/1781/2288 2006/1786/2006 1708/1785/1708
f 1310/1779/1310 1197/1781/1197 1324/1785/1324
vt 0.3910500109195709 0.5151919722557068
vt 0.3910500109195709 0.5173929929733276
f 1996/1787/1996 567/1788/567 1/1784/1
vt 0.3910500109195709 0.5129910111427307
f 774/1785/774 778/1789/778 1028/1787/1028
f 140/1784/140 183/1785/183 2339/1787/2339
vt 0.3910500109195709 0.5107899904251099
f 1840/1790/1840 1228/1789/1228 1829/1785/1829
vt 0.3910500109195709 0.5085890293121338
f 2393/1786/2393 1866/1791/1866 303/1790/303
f 2364/1785/2364 2267/1786/2267 432/1790/432
vt 0.3927179872989655 0.5107899904251099
f 2267/1789/2267 2266/1790/2266 1720/1792/1720
vt 0.3927179872989655 0.5129910111427307
f 574/1792/574 1901/1793/1901 402/1789/402
vt 0.3927179872989655 0.5085890293121338
f 1767/1790/1767 1052/1791/1052 1765/1794/1765
f 1870/1794/1870 287/1792/287 1788/1790/1788
vt 0.3927179872989655 0.5151919722557068
f 1043/1788/1043 454/1787/454 1413/1795/1413
vt 0.3927179872989655 0.5173929929733276
f 386/1795/386 1804/1796/1804 1833/1788/1833
vt 0.3927179872989655 0.5140920281410217
f 556/1797/556 1448/1795/1448 1422/1787/1422
f 1455/1789/1455 1236/1793/1236 1319/1797/1319
f 1571/1787/1571 258/1789/258 1318/1797/1318
vt 0.3935520052909851 0.5140920281410217
f 1332/1795/1332 1233/1797/1233 404/1798/404
vt 0.3935520052909851 0.5151919722557068
f 1326/1798/1326 1427/1799/1427 1234/1795/1234
vt 0.3935520052909851 0.5129910111427307
f 1579/1797/1579 295/1793/295 1868/1800/1868
f 1505/1800/1505 1541/1798/1541 1523/1797/1523
vt 0.3910500109195709 0.5217959880828857
f 611/1783/611 609/1782/609 655/1801/655
vt 0.3910500109195709 0.5261980295181274
f 1817/1801/1817 1173/1802/1173 1855/1783/1855
f 1336/1782/1336 1230/1784/1230 418/1788/418
f 829/1788/829 828/1801/828 1173/1782/1173
vt 0.3877150118350983 0.5350019931793213
f 1038/1775/1038 86/1774/86 1093/1803/1093
vt 0.3877150118350983 0.5438060164451599
f 670/1803/670 2250/1804/2250 627/1775/627
f 349/1774/349 332/1778/332 331/1783/331
f 718/1783/718 687/1803/687 717/1774/717
vt 0.3810440003871918 0.5698249936103821
vt 0.3810440003871918 0.5784980058670044
vt 0.3677020072937012 0.5784980058670044
f 129/1805/129 143/1806/143 2282/1807/2282
vt 0.3677020072937012 0.5611519813537598
vt 0.3810440003871918 0.5611519813537598
f 774/1808/774 1028/1809/1028 1082/1805/1082
f 1930/1807/1930 250/1808/250 580/1805/580
vt 0.3810440003871918 0.5524790287017822
f 2251/1810/2251 628/1809/628 629/1808/629
f 2128/1776/2128 250/1775/250 2152/1810/2152
f 250/1808/250 1597/1776/1597 2173/1810/2173
vt 0.3877150118350983 0.5568159818649292
vt 0.3877150118350983 0.5611519813537598
f 794/1811/794 1367/1812/1367 90/1809/90
vt 0.3877150118350983 0.5524790287017822
f 2293/1810/2293 632/1813/632 173/1811/173
f 1642/1809/1642 33/1810/33 32/1811/32
vt 0.3877150118350983 0.5481430292129517
f 1771/1814/1771 116/1813/116 83/1810/83
f 18/1775/18 213/1804/213 996/1814/996
f 2378/1810/2378 12/1775/12 13/1814/13
vt 0.3910500109195709 0.5481430292129517
f 213/1813/213 212/1814/212 994/1815/994
vt 0.3910500109195709 0.5524790287017822
f 1997/1815/1997 245/1816/245 1196/1813/1196
vt 0.3910500109195709 0.5438060164451599
f 707/1814/707 1639/1804/1639 1009/1817/1009
f 669/1817/669 674/1815/674 2325/1814/2325
vt 0.3910500109195709 0.5568159818649292
f 169/1812/169 2001/1811/2001 1699/1818/1699
vt 0.3910500109195709 0.5611519813537598
f 563/1818/563 546/1819/546 1326/1812/1326
f 1988/1811/1988 786/1813/786 988/1816/988
f 622/1816/622 2428/1818/2428 2383/1811/2383
vt 0.3877150118350983 0.5698249936103821
f 392/1806/392 484/1805/484 483/1820/483
vt 0.3877150118350983 0.5784980058670044
f 326/1820/326 237/1821/237 1891/1806/1891
f 886/1805/886 1296/1809/1296 1253/1812/1253
f 1116/1812/1116 1038/1820/1038 1093/1805/1093
vt 0.3810440003871918 0.6061009764671326
vt 0.3810440003871918 0.6153020262718201
vt 0.3677020072937012 0.6153020262718201
f 1919/1822/1919 898/1823/898 899/1824/899
vt 0.3677020072937012 0.5968999862670898
vt 0.3810440003871918 0.5968999862670898
f 270/1825/270 1782/1826/1782 267/1822/267
f 1668/1824/1668 2221/1825/2221 20/1822/20
f 2209/1825/2209 1514/1807/1514 2349/1806/2349
f 1782/1806/1782 1119/1826/1119 1094/1825/1094
vt 0.3877150118350983 0.6107019782066345
vt 0.3877150118350983 0.6153020262718201
f 2080/1827/2080 803/1828/803 1375/1823/1375
vt 0.3877150118350983 0.6061009764671326
f 1668/1822/1668 1247/1829/1247 1246/1827/1246
f 996/1823/996 213/1822/213 994/1827/994
vt 0.3877150118350983 0.5968999862670898
f 505/1822/505 506/1826/506 475/1830/475
f 134/1830/134 2225/1829/2225 135/1822/135
vt 0.3910500109195709 0.6107019782066345
f 2355/1828/2355 1520/1827/1520 2094/1831/2094
vt 0.3910500109195709 0.6153020262718201
f 2482/1831/2482 466/1832/466 158/1828/158
vt 0.3910500109195709 0.6061009764671326
f 945/1827/945 1322/1829/1322 1240/1833/1240
f 1202/1833/1202 668/1831/668 2313/1827/2313
vt 0.3810440003871918 0.6429049968719482
vt 0.3810440003871918 0.6521059870719910
vt 0.3677020072937012 0.6521059870719910
f 1245/1834/1245 1906/1835/1906 1678/1836/1678
vt 0.3677020072937012 0.6337040066719055
vt 0.3810440003871918 0.6337040066719055
f 2123/1837/2123 2231/1838/2231 2193/1834/2193
f 825/1836/825 1169/1837/1169 2019/1834/2019
vt 0.3810440003871918 0.6245030164718628
f 2019/1839/2019 381/1838/381 484/1837/484
f 1805/1824/1805 2035/1823/2035 514/1839/514
f 1805/1837/1805 1833/1824/1833 1804/1839/1804
vt 0.3877150118350983 0.6291040182113647
vt 0.3877150118350983 0.6337040066719055
f 2389/1840/2389 316/1841/316 2405/1838/2405
vt 0.3877150118350983 0.6245030164718628
f 722/1839/722 721/1842/721 1644/1840/1644
f 953/1838/953 903/1839/903 1061/1840/1061
vt 0.3877150118350983 0.6199030280113220
f 1090/1843/1090 2474/1842/2474 1049/1839/1049
f 874/1823/874 1696/1828/1696 25/1843/25
f 1417/1839/1417 1445/1823/1445 1444/1843/1444
vt 0.3910500109195709 0.6222029924392700
vt 0.3910500109195709 0.6245030164718628
f 196/1844/196 184/1845/184 2263/1842/2263
vt 0.3910500109195709 0.6199030280113220
f 774/1843/774 1158/1846/1158 1433/1844/1433
f 1419/1842/1419 1471/1843/1471 1470/1844/1470
vt 0.3910500109195709 0.6176019906997681
f 1470/1847/1470 1417/1846/1417 58/1843/58
f 1294/1828/1294 938/1832/938 1840/1847/1840
f 1964/1843/1964 1971/1828/1971 866/1847/866
vt 0.3927179872989655 0.6176019906997681
f 1060/1846/1060 1159/1847/1159 1069/1848/1069
vt 0.3927179872989655 0.6199030280113220
f 69/1848/69 571/1849/571 1457/1846/1457
vt 0.3927179872989655 0.6153020262718201
f 1624/1847/1624 1951/1832/1951 1350/1850/1350
f 965/1850/965 927/1848/927 903/1847/903
vt 0.3927179872989655 0.6222029924392700
f 29/1845/29 714/1844/714 476/1851/476
vt 0.3927179872989655 0.6245030164718628
f 1075/1851/1075 1482/1852/1482 970/1845/970
f 1688/1844/1688 878/1846/878 1297/1849/1297
f 1172/1849/1172 1809/1851/1809 878/1844/878
vt 0.3910500109195709 0.6291040182113647
f 163/1841/163 1047/1840/1047 164/1853/164
vt 0.3910500109195709 0.6337040066719055
f 393/1853/393 1220/1854/1220 966/1841/966
f 1220/1840/1220 559/1842/559 558/1845/558
f 1285/1845/1285 1296/1853/1296 1266/1840/1266
vt 0.3877150118350983 0.6429049968719482
f 2238/1835/2238 2148/1834/2148 2149/1855/2149
vt 0.3877150118350983 0.6521059870719910
f 2190/1855/2190 2187/1856/2187 2155/1835/2155
f 1656/1834/1656 53/1838/53 702/1841/702
f 2031/1841/2031 372/1855/372 491/1834/491
vt 0.3810440003871918 0.6797090172767639
vt 0.3810440003871918 0.6889100074768066
vt 0.3677020072937012 0.6889100074768066
f 2249/1857/2249 626/1858/626 2017/1859/2017
vt 0.3677020072937012 0.6705080270767212
vt 0.3810440003871918 0.6705080270767212
f 1001/1860/1001 993/1861/993 1209/1857/1209
f 950/1859/950 926/1860/926 1860/1857/1860
vt 0.3810440003871918 0.6613069772720337
f 993/1862/993 2298/1861/2298 2297/1860/2297
f 953/1836/953 1144/1835/1144 899/1862/899
f 899/1860/899 898/1836/898 1896/1862/1896
vt 0.3877150118350983 0.6659079790115356
vt 0.3877150118350983 0.6705080270767212
f 1547/1863/1547 428/1864/428 1532/1861/1532
vt 0.3877150118350983 0.6613069772720337
f 624/1862/624 860/1865/860 988/1863/988
f 133/1861/133 455/1862/455 1520/1863/1520
f 837/1862/837 1855/1835/1855 847/1856/847
f 1958/1856/1958 2174/1865/2174 2126/1862/2126
vt 0.3910500109195709 0.6682080030441284
vt 0.3910500109195709 0.6705080270767212
f 1754/1866/1754 1111/1867/1111 1138/1864/1138
vt 0.3910500109195709 0.6659079790115356
f 1018/1863/1018 765/1868/765 766/1866/766
f 1047/1864/1047 1033/1863/1033 1753/1866/1753
vt 0.3910500109195709 0.6613069772720337
f 1321/1863/1321 406/1865/406 561/1869/561
f 1749/1869/1749 1773/1868/1773 1117/1863/1117
vt 0.3927179872989655 0.6682080030441284
f 85/1867/85 107/1866/107 84/1870/84
vt 0.3927179872989655 0.6705080270767212
f 1130/1870/1130 1758/1871/1758 1057/1867/1057
vt 0.3927179872989655 0.6659079790115356
f 705/1866/705 686/1868/686 721/1872/721
f 1541/1872/1541 1530/1870/1530 1506/1866/1506
vt 0.3877150118350983 0.6843090057373047
vt 0.3877150118350983 0.6889100074768066
f 370/1873/370 23/1874/23 369/1858/369
vt 0.3877150118350983 0.6797090172767639
f 1063/1857/1063 1078/1875/1078 1157/1873/1157
f 1008/1858/1008 1148/1857/1148 763/1873/763
vt 0.3877150118350983 0.6751080155372620
f 90/1876/90 1367/1875/1367 2157/1857/2157
f 2323/1861/2323 2312/1864/2312 674/1876/674
f 824/1857/824 1184/1861/1184 1807/1876/1807
vt 0.3910500109195709 0.6751080155372620
f 1819/1875/1819 1851/1876/1851 891/1877/891
vt 0.3910500109195709 0.6797090172767639
f 1813/1877/1813 1819/1878/1819 1838/1875/1838
vt 0.3910500109195709 0.6728079915046692
f 66/1879/66 1962/1877/1962 2119/1876/2119
f 2396/1864/2396 1940/1867/1940 593/1879/593
f 66/1876/66 2119/1864/2119 59/1879/59
vt 0.3927179872989655 0.6728079915046692
f 2104/1877/2104 2353/1879/2353 428/1880/428
vt 0.3927179872989655 0.6751080155372620
f 606/1880/606 362/1881/362 661/1877/661
f 606/1879/606 2420/1867/2420 2458/1871/2458
f 444/1871/444 2167/1880/2167 1404/1879/1404
vt 0.3910500109195709 0.6843090057373047
f 571/1874/571 1332/1873/1332 552/1882/552
vt 0.3910500109195709 0.6889100074768066
f 552/1882/552 404/1883/404 551/1874/551
f 1336/1873/1336 418/1875/418 551/1878/551
f 61/1878/61 60/1882/60 1446/1873/1446
vt 0.3810440003871918 0.7171599864959717
vt 0.3810440003871918 0.7265769839286804
vt 0.3677020072937012 0.7265769839286804
f 354/1884/354 607/1885/607 230/1886/230
vt 0.3677020072937012 0.7077429890632629
vt 0.3810440003871918 0.7077429890632629
f 462/1887/462 2096/1888/2096 2345/1884/2345
f 370/1886/370 369/1887/369 22/1884/22
vt 0.3810440003871918 0.6983270049095154
f 979/1889/979 2231/1888/2231 2123/1887/2123
f 1930/1859/1930 580/1858/580 2384/1889/2384
f 2090/1887/2090 2066/1859/2066 84/1889/84
vt 0.3877150118350983 0.6983270049095154
f 2351/1888/2351 184/1889/184 1510/1890/1510
vt 0.3877150118350983 0.7077429890632629
f 338/1890/338 2446/1891/2446 2461/1888/2461
vt 0.3877150118350983 0.6936179995536804
f 699/1892/699 877/1890/877 1642/1889/1642
f 1295/1858/1295 719/1874/719 387/1892/387
f 720/1889/720 688/1858/688 719/1892/719
vt 0.3910500109195709 0.6936179995536804
f 1511/1890/1511 2106/1892/2106 1501/1893/1501
vt 0.3910500109195709 0.6983270049095154
f 389/1893/389 2023/1894/2023 478/1890/478
f 1085/1892/1085 1105/1874/1105 1112/1883/1112
f 1533/1883/1533 1532/1893/1532 1716/1892/1716
vt 0.3877150118350983 0.7171599864959717
f 230/1885/230 2466/1884/2466 2448/1895/2448
vt 0.3877150118350983 0.7265769839286804
f 403/1895/403 1219/1896/1219 402/1885/402
f 1344/1884/1344 1615/1888/1615 267/1891/267
f 1218/1891/1218 400/1895/400 550/1884/550
vt 0.3810440003871918 0.7550860047340393
vt 0.3810440003871918 0.7645890116691589
vt 0.3677020072937012 0.7645890116691589
f 2145/1897/2145 2144/1898/2144 1967/1899/1967
vt 0.3677020072937012 0.7455829977989197
vt 0.3810440003871918 0.7455829977989197
f 2076/1900/2076 103/1901/103 2172/1897/2172
f 1302/1899/1302 932/1900/932 957/1897/957
vt 0.3810440003871918 0.7360799908638000
f 2051/1902/2051 2050/1901/2050 739/1900/739
f 869/1886/869 1279/1885/1279 876/1902/876
f 897/1900/897 944/1886/944 1905/1902/1905
vt 0.3877150118350983 0.7360799908638000
f 270/1901/270 1785/1902/1785 1350/1903/1350
vt 0.3877150118350983 0.7455829977989197
f 1162/1903/1162 1081/1904/1081 1023/1901/1023
f 675/1902/675 2322/1885/2322 2255/1896/2255
f 2322/1896/2322 667/1903/667 2311/1902/2311
vt 0.3877150118350983 0.7550860047340393
f 1542/1898/1542 426/1897/426 430/1905/430
vt 0.3877150118350983 0.7645890116691589
f 1120/1905/1120 1037/1906/1037 1758/1898/1758
f 1824/1897/1824 1845/1901/1845 848/1904/848
f 1842/1904/1842 1809/1905/1809 1172/1897/1172
vt 0.3810440003871918 0.7740020155906677
vt 0.3810440003871918 0.7834150195121765
vt 0.3677020072937012 0.7834150195121765
f 2036/1907/2036 1653/1908/1653 45/1909/45
f 1327/1899/1327 565/1898/565 558/1907/558
f 203/1909/203 2321/1899/2321 213/1907/213
vt 0.3877150118350983 0.7740020155906677
f 448/1908/448 449/1907/449 1407/1910/1407
vt 0.3877150118350983 0.7834150195121765
f 1440/1910/1440 1164/1911/1164 1080/1908/1080
f 1306/1907/1306 242/1898/242 245/1906/245
f 2457/1906/2457 222/1910/222 652/1907/652
vt 0.3943690061569214 0.5110459923744202
vt 0.3943850100040436 0.5076079964637756
f 1240/1912/1240 411/1794/411 1316/1913/1316
vt 0.3943600058555603 0.5128930211067200
f 230/1912/230 2448/1914/2448 2436/1800/2436
vt 0.3943549990653992 0.5138000249862671
f 365/1915/365 204/1800/204 215/1914/215
f 606/1800/606 352/1792/352 2420/1912/2420
vt 0.3943519890308380 0.5144090056419373
f 672/1798/672 634/1915/634 131/1916/131
vt 0.3943170011043549 0.5216330289840698
f 1048/1916/1048 1760/1917/1760 1101/1799/1101
f 1232/1798/1232 423/1916/423 940/1799/940
vt 0.3943170011043549 0.5340139865875244
f 1630/1918/1630 1357/1802/1357 1795/1917/1795
f 1039/1800/1039 1134/1915/1134 1772/1798/1772
f 1182/1794/1182 499/1912/499 1826/1792/1826
f 1283/1793/1283 1280/1792/1280 871/1800/871
f 35/1913/35 716/1794/716 686/1791/686
f 2170/1799/2170 1375/1796/1375 803/1795/803
f 2222/1796/2222 196/1801/196 2263/1788/2263
f 2263/1917/2263 184/1801/184 183/1796/183
f 588/1796/588 311/1799/311 2459/1917/2459
f 1656/1917/1656 1654/1802/1654 53/1801/53
f 1901/1803/1901 905/1802/905 920/1918/920
vt 0.3796640038490295 0.4931989908218384
f 1445/1919/1445 1421/1913/1421 1444/1791/1444
vt 0.3943170011043549 0.5485709905624390
vt 0.3943170011043549 0.5432170033454895
f 346/1920/346 2245/1817/2245 2143/1921/2143
vt 0.3943170011043549 0.5514370203018188
vt 0.3943170011043549 0.5529159903526306
f 1910/1922/1910 1896/1923/1896 969/1816/969
f 996/1815/996 1193/1920/1193 820/1922/820
f 1601/1815/1601 1554/1922/1554 1553/1816/1553
vt 0.3943170011043549 0.5544279813766479
f 2094/1923/2094 2279/1924/2279 144/1816/144
vt 0.3943170011043549 0.6106529831886292
vt 0.3943170011043549 0.6151980161666870
f 1377/1850/1377 2163/1925/2163 2159/1926/2159
vt 0.3943170011043549 0.6021029949188232
vt 0.3943170011043549 0.5871760249137878
f 1411/1927/1411 2168/1830/2168 440/1928/440
vt 0.3943170011043549 0.5722209811210632
f 1883/1924/1883 1934/1929/1934 582/1819/582
f 1486/1833/1486 1446/1927/1446 60/1925/60
vt 0.3943170011043549 0.6175389885902405
f 953/1848/953 1061/1850/1061 1144/1930/1144
f 1640/1821/1640 683/1929/683 29/1928/29
f 407/1920/407 409/1815/409 408/1817/408
f 615/1850/615 227/1831/227 618/1925/618
vt 0.3943170011043549 0.6187260150909424
f 1224/1848/1224 1816/1930/1816 409/1931/409
f 1354/1850/1354 1555/1926/1555 275/1930/275
vt 0.3943170011043549 0.6199250221252441
f 2181/1849/2181 2467/1931/2467 2177/1932/2177
f 248/1932/248 1596/1851/1596 1555/1849/1555
f 757/1932/757 2042/1852/2042 2070/1851/2070
vt 0.3943170011043549 0.6402180194854736
f 2177/1933/2177 980/1853/980 1974/1852/1974
f 2347/1848/2347 1541/1931/1541 2105/1849/2105
f 1541/1918/1541 1719/1921/1719 1535/1817/1535
f 1660/1817/1660 54/1803/54 51/1918/51
f 36/1919/36 474/1786/474 375/1781/375
f 881/1780/881 1676/1919/1676 1256/1781/1256
f 386/1783/386 1826/1802/1826 499/1803/499
f 1271/1791/1271 892/1786/892 1687/1919/1687
f 1884/1924/1884 336/1818/336 1929/1816/1929
f 1337/1820/1337 1462/1812/1462 832/1819/832
f 605/1819/605 2401/1818/2401 1618/1924/1618
f 1875/1817/1875 2392/1804/2392 1939/1803/1939
vt 0.3409560024738312 0.4701440036296844
vt 0.3527950048446655 0.4595139920711517
vt 0.3657320141792297 0.4772189855575562
f 1875/1934/1875 281/1935/281 282/1936/282
vt 0.3409560024738312 0.4399529993534088
f 651/1935/651 225/1934/225 654/1937/654
vt 0.3409560024738312 0.5003340244293213
f 2487/1936/2487 2113/1938/2113 1503/1934/1503
f 2471/1938/2471 151/1936/151 188/1780/188
vt 0.3409560024738312 0.5305250287055969
f 1132/1780/1132 1743/1777/1743 539/1939/539
f 2117/1939/2117 2176/1938/2176 2123/1780/2123
vt 0.3409560024738312 0.5607159733772278
f 1188/1940/1188 843/1939/843 1190/1776/1190
f 489/1776/489 491/1808/491 2038/1940/2038
f 1843/1777/1843 1805/1776/1805 1804/1939/1804
f 1494/1780/1494 76/1936/76 1474/1919/1474
f 734/1819/734 36/1929/36 375/1820/375
f 678/1820/678 640/1929/640 2331/1821/2331
f 374/1830/374 822/1826/822 1832/1806/1832
f 642/1806/642 2324/1821/2324 2253/1830/2253
f 154/1830/154 151/1821/151 2471/1928/2471
f 2164/1833/2164 1364/1829/1364 1737/1830/1737
f 1090/1850/1090 1115/1832/1115 1756/1831/1756
f 480/1852/480 1637/1853/1637 2025/1845/2025
f 1182/1853/1182 1167/1933/1167 821/1854/821
f 1927/1831/1927 2437/1833/2437 2417/1925/2417
vt 0.3409560024738312 0.5909060239791870
f 1007/1941/1007 1060/1940/1060 1142/1808/1142
f 2185/1808/2185 580/1807/580 2128/1941/2128
f 724/1807/724 388/1825/388 689/1941/689
vt 0.3409560024738312 0.6210970282554626
f 1053/1942/1053 1526/1824/1526 188/1837/188
vt 0.3409560024738312 0.6512870192527771
f 1839/1943/1839 1849/1942/1849 1826/1837/1826
f 1839/1837/1839 380/1836/380 1815/1943/1815
f 407/1825/407 559/1824/559 566/1942/566
f 864/1942/864 850/1941/850 1970/1825/1970
f 1667/1841/1667 871/1854/871 1278/1855/1278
f 1091/1927/1091 1400/1833/1400 1117/1830/1117
f 987/1933/987 1146/1852/1146 786/1932/786
vt 0.3943170011043549 0.6527199745178223
f 1793/1933/1793 1568/1944/1568 277/1855/277
vt 0.3943170011043549 0.6553739905357361
vt 0.3943170011043549 0.6590610146522522
f 1799/1945/1799 280/1946/280 989/1869/989
f 1086/1944/1086 83/1945/83 2052/1856/2052
vt 0.3943159878253937 0.6637809872627258
f 258/1869/258 1606/1946/1606 252/1947/252
vt 0.3943159878253937 0.6695349812507629
f 980/1948/980 650/1872/650 1972/1947/1972
vt 0.3943159878253937 0.6719769835472107
f 282/1949/282 1361/1880/1361 1362/1871/1362
vt 0.3943159878253937 0.6707839965820312
f 1294/1871/1294 1281/1950/1281 884/1949/884
f 958/1950/958 966/1871/966 933/1948/933
vt 0.3943159878253937 0.6742969751358032
f 1097/1949/1097 2056/1951/2056 1126/1880/1126
vt 0.3943159878253937 0.6826999783515930
vt 0.3943159878253937 0.6786739826202393
f 1097/1952/1097 1126/1878/1126 2056/1953/2056
f 547/1870/547 1313/1872/1313 396/1948/396
f 2356/1871/2356 1546/1870/1546 430/1948/430
vt 0.3943159878253937 0.6863740086555481
f 714/1954/714 682/1882/682 377/1952/377
f 1/1953/1 1306/1881/1306 1997/1951/1997
vt 0.3943159878253937 0.6884300112724304
f 236/1955/236 1878/1883/1878 2413/1954/2413
vt 0.3943159878253937 0.6988729834556580
vt 0.3943159878253937 0.6946960091590881
f 1026/1956/1026 761/1894/761 1467/1957/1467
vt 0.3943159878253937 0.6905180215835571
f 1504/1893/1504 1523/1958/1523 1536/1957/1536
f 761/1883/761 1009/1955/1009 1639/1958/1639
vt 0.3943159878253937 0.7030509710311890
f 1334/1956/1334 395/1959/395 1216/1894/1216
f 1334/1872/1334 1219/1869/1219 403/1947/403
vt 0.3943159878253937 0.7114059925079346
vt 0.3943159878253937 0.7072280049324036
f 324/1960/324 323/1891/323 307/1961/307
vt 0.3943159878253937 0.7155830264091492
vt 0.3943159878253937 0.7197610139846802
f 949/1895/949 1215/1962/1215 1895/1963/1895
f 500/1960/500 483/1962/483 2030/1895/2030
vt 0.3943159878253937 0.7239480018615723
f 1356/1964/1356 278/1895/278 1557/1963/1557
vt 0.3943159878253937 0.7281510233879089
vt 0.3943150043487549 0.7323679924011230
f 944/1896/944 970/1965/970 963/1966/963
vt 0.3943150043487549 0.7450550198554993
vt 0.3943150043487549 0.7408239841461182
f 1871/1967/1871 1932/1904/1932 303/1968/303
vt 0.3943150043487549 0.7365930080413818
f 1554/1903/1554 2118/1966/2118 2230/1969/2230
f 547/1964/547 574/1965/574 1313/1896/1313
f 2460/1891/2460 2374/1959/2374 2443/1961/2443
vt 0.3943150043487549 0.7492849826812744
f 2374/1904/2374 11/1967/11 1389/1970/1389
vt 0.3943150043487549 0.7619460225105286
vt 0.3943150043487549 0.7661650180816650
f 619/1906/619 351/1971/351 358/1972/358
vt 0.3943150043487549 0.7535079717636108
vt 0.3943150043487549 0.7577270269393921
f 351/1905/351 336/1973/336 2403/1974/2403
f 63/1905/63 1493/1974/1493 73/1971/73
vt 0.3943150043487549 0.7703840136528015
f 2355/1906/2355 1531/1972/1531 1520/1975/1520
vt 0.3943150043487549 0.7830410003662109
vt 0.3943150043487549 0.7788220047950745
f 2259/1976/2259 632/1911/632 166/1977/166
vt 0.3943150043487549 0.7746030092239380
f 397/1978/397 952/1977/952 1897/1910/1897
f 1831/1910/1831 1803/1975/1803 1830/1978/1830
f 2125/1973/2125 2127/1905/2127 2178/1970/2178
f 694/1968/694 720/1903/720 719/1969/719
vt 0.3943150043487549 0.7872599959373474
f 2127/1979/2127 1553/1911/1553 2228/1976/2228
f 2330/1951/2330 628/1881/628 677/1880/677
f 2485/1868/2485 466/1869/466 1538/1872/1538
f 1766/1877/1766 1046/1881/1046 1086/1878/1086
f 1658/1953/1658 48/1878/48 735/1881/735
f 2032/1883/2032 504/1882/504 2023/1954/2023
f 604/1893/604 344/1883/344 1926/1958/1926
f 1881/1878/1881 297/1952/297 2410/1882/2410
f 1657/1957/1657 703/1894/703 41/1893/41
f 2287/1856/2287 171/1855/171 166/1944/166
f 2000/1836/2000 1499/1860/1499 1699/1943/1699
f 368/1865/368 2317/1856/2317 1001/1869/1001
f 1045/1894/1045 1765/1891/1765 1038/1890/1038
vt 0.3409560024738312 0.6814780235290527
f 1210/1980/1210 639/1860/639 1186/1859/1186
vt 0.3409560024738312 0.7116690278053284
f 1248/1981/1248 485/1980/485 823/1859/823
f 1714/1859/1714 184/1887/184 196/1981/196
f 1950/1943/1950 2194/1860/2194 1985/1980/1985
f 1225/1894/1225 1194/1959/1194 1306/1891/1306
f 2422/1869/2422 1929/1856/1929 2439/1945/2439
f 1659/1895/1659 51/1891/51 54/1960/54
f 141/1903/141 130/1896/130 135/1966/135
f 2432/1904/2432 2422/1903/2422 2440/1968/2440
f 1542/1895/1542 430/1964/430 2159/1896/2159
f 1149/1906/1149 1080/1905/1080 1071/1971/1071
vt 0.3764390051364899 0.7916010022163391
f 136/1908/136 194/1911/194 2281/1982/2281
f 624/1979/624 237/1982/237 326/1911/326
f 221/1906/221 603/1975/603 602/1910/602
f 2178/1904/2178 2148/1970/2148 2146/1905/2146
f 359/1908/359 306/1982/306 302/1909/302
f 1620/1981/1620 271/1887/271 1351/1886/1351
vt 0.3409560024738312 0.7418590188026428
f 616/1983/616 656/1981/656 355/1886/355
f 190/1886/190 1715/1900/1715 1725/1983/1725
vt 0.3409560024738312 0.7720500230789185
f 2335/1900/2335 1365/1899/1365 106/1984/106
f 1662/1984/1662 47/1983/47 733/1900/733
f 170/1984/170 34/1899/34 2286/1909/2286
vt 0.3409560024738312 0.8022400140762329
vt 0.3586449921131134 0.7965509891510010
f 2250/1985/2250 493/1984/493 2017/1986/2017
f 1443/1909/1443 2229/1986/2229 1420/1984/1420
f 1342/1986/1342 575/1909/575 902/1982/902
f 275/1977/275 1555/1911/1555 1355/1910/1355
f 274/1933/274 1784/1855/1784 1347/1854/1347
vt 0.0180619992315769 0.2127780020236969
vt 0.0180619992315769 0.2112340033054352
vt 0.0090309996157885 0.2112340033054352
f 140/1987/140 2199/1988/2199 1717/1989/1717
vt 0.0090309996157885 0.2127780020236969
f 154/1989/154 2471/1990/2471 462/1987/462
vt 0.0180619992315769 0.2158679962158203
vt 0.0180619992315769 0.2143059968948364
vt 0.0090309996157885 0.2143059968948364
f 397/1991/397 1237/1992/1237 401/1993/401
vt 0.0090309996157885 0.2158679962158203
f 1100/1993/1100 1128/1994/1128 1396/1991/1396
vt 0.0180619992315769 0.2174160033464432
f 1143/1995/1143 1064/1991/1064 1146/1994/1146
vt 0.0090309996157885 0.2174160033464432
f 481/1994/481 482/1996/482 2028/1995/2028
vt 0.0180619992315769 0.2189120054244995
f 501/1997/501 1641/1995/1641 2029/1996/2029
vt 0.0090309996157885 0.2189120054244995
f 2474/1996/2474 2198/1998/2198 2265/1997/2265
vt 0.0180619992315769 0.2204750031232834
f 1414/1999/1414 2282/1997/2282 1105/1998/1105
vt 0.0090309996157885 0.2204750031232834
f 1208/1998/1208 2318/2000/2318 21/1999/21
vt 0.0180619992315769 0.2220699936151505
f 1267/2001/1267 1175/1999/1175 828/2000/828
vt 0.0090309996157885 0.2220699936151505
f 2244/2000/2244 2140/2002/2140 851/2001/851
vt 0.0180619992315769 0.2235710024833679
f 1625/2003/1625 1797/2001/1797 278/2002/278
vt 0.0090309996157885 0.2235710024833679
f 2254/2002/2254 636/2004/636 675/2003/675
vt 0.0180619992315769 0.2251340001821518
f 1816/2005/1816 829/2003/829 1817/2004/1817
vt 0.0090309996157885 0.2251340001821518
f 1081/2004/1081 1154/2006/1154 1486/2005/1486
vt 0.0180619992315769 0.2267419993877411
f 2125/2007/2125 2146/2005/2146 2242/2006/2242
vt 0.0090309996157885 0.2267419993877411
f 1478/2006/1478 1430/2008/1430 1154/2007/1154
vt 0.0273930002003908 0.1928540021181107
vt 0.0180619992315769 0.1943420022726059
vt 0.0273930002003908 0.1943420022726059
f 1840/2009/1840 938/2010/938 1228/2011/1228
vt 0.0273930002003908 0.1958449929952621
f 1179/2010/1179 1819/2012/1819 1691/2011/1691
vt 0.0180619992315769 0.1974039971828461
vt 0.0273930002003908 0.1974039971828461
f 1548/2012/1548 435/2013/435 1519/2014/1519
vt 0.0273930002003908 0.1989360004663467
f 1162/2015/1162 1023/2014/1023 763/2013/763
vt 0.0180619992315769 0.1989360004663467
f 1884/2013/1884 2403/2016/2403 336/2015/336
vt 0.0273930002003908 0.2004690021276474
f 147/2017/147 467/2015/467 2265/2016/2265
vt 0.0180619992315769 0.2004690021276474
f 1402/2016/1402 524/2018/524 1613/2017/1613
vt 0.0273930002003908 0.2020030021667480
f 1354/2019/1354 275/2017/275 1355/2018/1355
vt 0.0180619992315769 0.2020030021667480
f 257/2018/257 271/2020/271 1563/2019/1563
vt 0.0273930002003908 0.2035389989614487
f 1661/2021/1661 683/2019/683 691/2020/691
vt 0.0180619992315769 0.2035389989614487
f 967/2020/967 968/2022/968 938/2021/938
vt 0.0273930002003908 0.2050749957561493
f 833/2023/833 1806/2021/1806 1834/2022/1834
vt 0.0180619992315769 0.2050749957561493
f 950/2022/950 1314/2024/1314 926/2023/926
vt 0.0273930002003908 0.2066130042076111
f 634/2025/634 2277/2023/2277 131/2024/131
vt 0.0180619992315769 0.2066130042076111
f 1147/2024/1147 1066/2026/1066 1158/2025/1158
vt 0.0273930002003908 0.2080820053815842
f 1658/2027/1658 735/2025/735 1663/2026/1663
vt 0.0180619992315769 0.2080820053815842
f 1587/2026/1587 259/2028/259 1568/2027/1568
vt 0.0273930002003908 0.2096920013427734
f 1046/2029/1046 1725/2027/1725 1763/2028/1763
vt 0.0180619992315769 0.2096920013427734
f 885/2028/885 1287/2030/1287 880/2029/880
vt 0.0273930002003908 0.2112340033054352
f 1500/2031/1500 2358/2029/2358 2363/2030/2363
f 43/2030/43 688/1988/688 720/2031/720
vt 0.0273930002003908 0.2127780020236969
f 689/2032/689 43/2031/43 723/1988/723
f 1084/1988/1084 736/1987/736 2067/2032/2067
vt 0.0273930002003908 0.2143059968948364
f 897/2033/897 769/2032/769 1156/1987/1156
f 459/1987/459 797/1992/797 2107/2033/2107
vt 0.0273930002003908 0.2158679962158203
f 1106/2034/1106 1116/2033/1116 1093/1992/1093
f 1257/1992/1257 1680/1991/1680 1258/2034/1258
vt 0.0273930002003908 0.2174160033464432
f 2408/2035/2408 2406/2034/2406 292/1991/292
f 605/1991/605 1887/1995/1887 2401/2035/2401
vt 0.0273930002003908 0.2189120054244995
f 617/2036/617 1972/2035/1972 361/1995/361
f 598/1995/598 226/1997/226 1948/2036/1948
vt 0.0273930002003908 0.2204750031232834
f 2111/2037/2111 1516/2036/1516 2347/1997/2347
f 670/1997/670 2259/1999/2259 2327/2037/2327
vt 0.0273930002003908 0.2220699936151505
f 569/2038/569 1218/2037/1218 550/1999/550
f 2294/1999/2294 166/2001/166 171/2038/171
vt 0.0273930002003908 0.2235710024833679
f 230/2039/230 2436/2038/2436 2452/2001/2452
f 1406/2001/1406 537/2003/537 528/2039/528
vt 0.0273930002003908 0.2251340001821518
f 1499/2040/1499 167/2039/167 1699/2003/1699
f 2080/2003/2080 2047/2005/2047 746/2040/746
vt 0.0273930002003908 0.2267419993877411
f 256/2041/256 1580/2040/1580 1559/2005/1559
f 1839/2005/1839 1833/2007/1833 380/2041/380
vt 0.0361250005662441 0.1714690029621124
vt 0.0273930002003908 0.1729909926652908
vt 0.0361250005662441 0.1729909926652908
f 62/2042/62 1473/2043/1473 1480/2044/1480
vt 0.0361250005662441 0.1745119988918304
f 2256/2045/2256 2326/2044/2326 2257/2043/2257
vt 0.0273930002003908 0.1745119988918304
f 534/2043/534 1747/2046/1747 1412/2045/1412
vt 0.0361250005662441 0.1775570064783096
vt 0.0361250005662441 0.1760250031948090
vt 0.0273930002003908 0.1760250031948090
f 1372/2047/1372 1743/2048/1743 1540/2049/1540
vt 0.0273930002003908 0.1775570064783096
f 352/2049/352 292/2050/292 2406/2047/2406
vt 0.0361250005662441 0.1790799945592880
f 1693/2051/1693 1654/2047/1654 37/2050/37
vt 0.0273930002003908 0.1790799945592880
f 2487/2050/2487 192/2052/192 2214/2051/2214
vt 0.0361250005662441 0.1806039959192276
f 81/2053/81 981/2051/981 850/2052/850
vt 0.0273930002003908 0.1806039959192276
f 2138/2052/2138 2229/2054/2229 2188/2053/2188
vt 0.0361250005662441 0.1821269989013672
f 2257/2055/2257 2323/2053/2323 669/2054/669
vt 0.0273930002003908 0.1821269989013672
f 1261/2054/1261 1650/2056/1650 1684/2055/1684
vt 0.0361250005662441 0.1836879998445511
f 1261/2057/1261 1681/2055/1681 1183/2056/1183
vt 0.0273930002003908 0.1836879998445511
f 1647/2056/1647 46/2058/46 1652/2057/1652
vt 0.0361250005662441 0.1851769983768463
f 2134/2059/2134 2175/2057/2175 2121/2058/2121
vt 0.0273930002003908 0.1851769983768463
f 1841/2058/1841 1257/2060/1257 845/2059/845
vt 0.0361250005662441 0.1866929978132248
f 805/2061/805 2168/2059/2168 2092/2060/2092
vt 0.0273930002003908 0.1866929978132248
f 115/2060/115 1498/2062/1498 94/2061/94
vt 0.0361250005662441 0.1882289946079254
f 338/2063/338 234/2061/234 2446/2062/2446
vt 0.0273930002003908 0.1882289946079254
f 805/2062/805 525/2064/525 1364/2063/1364
vt 0.0361250005662441 0.1897560060024261
f 2033/2065/2033 822/2063/822 477/2064/477
vt 0.0273930002003908 0.1897560060024261
f 2237/2064/2237 1959/2066/1959 2181/2065/2181
vt 0.0361250005662441 0.1912840008735657
f 2438/2067/2438 225/2065/225 651/2066/651
vt 0.0273930002003908 0.1912840008735657
f 2159/2066/2159 804/2068/804 798/2067/798
vt 0.0361250005662441 0.1928540021181107
f 1217/2069/1217 402/2067/402 935/2068/935
f 534/2068/534 1742/2009/1742 530/2069/530
vt 0.0361250005662441 0.1943420022726059
f 1036/2070/1036 1113/2069/1113 1111/2009/1111
f 1735/2009/1735 532/2011/532 531/2070/531
vt 0.0361250005662441 0.1958449929952621
f 146/2071/146 147/2070/147 2475/2011/2475
f 2067/2011/2067 740/2012/740 88/2071/88
vt 0.0361250005662441 0.1974039971828461
f 207/2072/207 1530/2071/1530 214/2012/214
f 1791/2012/1791 1623/2014/1623 1604/2072/1604
vt 0.0361250005662441 0.1989360004663467
f 1215/2073/1215 406/2072/406 1321/2014/1321
f 2423/2014/2423 2233/2015/2233 338/2073/338
vt 0.0361250005662441 0.2004690021276474
f 141/2074/141 135/2073/135 2225/2015/2225
f 941/2015/941 918/2017/918 954/2074/954
vt 0.0361250005662441 0.2020030021667480
f 849/2075/849 2238/2074/2238 2149/2017/2149
f 317/2017/317 1864/2019/1864 590/2075/590
vt 0.0361250005662441 0.2035389989614487
f 1455/2076/1455 1446/2075/1446 71/2019/71
f 568/2019/568 399/2021/399 549/2076/549
vt 0.0361250005662441 0.2050749957561493
f 1901/2077/1901 920/2076/920 943/2021/943
f 1155/2021/1155 1061/2023/1061 1422/2077/1422
vt 0.0361250005662441 0.2066130042076111
f 1842/2078/1842 839/2077/839 1814/2023/1814
f 642/2023/642 460/2025/460 2260/2078/2260
vt 0.0361250005662441 0.2080820053815842
f 513/2079/513 383/2078/383 717/2025/717
f 1013/2025/1013 1147/2027/1147 1082/2079/1082
vt 0.0361250005662441 0.2096920013427734
f 731/2080/731 1068/2079/1068 1160/2027/1160
f 2292/2027/2292 178/2029/178 177/2080/177
vt 0.0361250005662441 0.2112340033054352
f 1905/2081/1905 964/2080/964 931/2029/931
f 68/2029/68 1424/2031/1424 1450/2081/1450
vt 0.0361250005662441 0.2127780020236969
f 1667/2082/1667 1278/2081/1278 1690/2031/1690
f 732/2031/732 34/2032/34 1708/2082/1708
vt 0.0361250005662441 0.2143059968948364
f 2097/2083/2097 2341/2082/2341 1512/2032/1512
f 1199/2032/1199 246/2033/246 1998/2083/1998
vt 0.0361250005662441 0.2158679962158203
f 862/2084/862 269/2083/269 1348/2033/1348
f 611/2033/611 1892/2034/1892 229/2084/229
vt 0.0361250005662441 0.2174160033464432
f 1248/2085/1248 37/2084/37 485/2034/485
f 1996/2034/1996 246/2035/246 1909/2085/1909
vt 0.0361250005662441 0.2189120054244995
f 1175/2086/1175 847/2085/847 828/2035/828
f 1167/2035/1167 1810/2036/1810 1673/2086/1673
vt 0.0361250005662441 0.2204750031232834
f 12/2087/12 6/2086/6 8/2036/8
f 2428/2036/2428 2410/2037/2410 2454/2087/2454
vt 0.0361250005662441 0.2220699936151505
f 1101/2088/1101 1102/2087/1102 1122/2037/1122
f 446/2037/446 1401/2038/1401 1744/2088/1744
vt 0.0361250005662441 0.2235710024833679
f 2039/2089/2039 372/2088/372 472/2038/472
f 2057/2038/2057 752/2039/752 800/2089/800
vt 0.0361250005662441 0.2251340001821518
f 1589/2090/1589 264/2089/264 1591/2039/1591
f 501/2039/501 391/2040/391 729/2090/729
vt 0.0361250005662441 0.2267419993877411
f 133/2091/133 2280/2090/2280 2279/2040/2279
f 576/2040/576 569/2041/569 550/2091/550
vt 0.0361250005662441 0.1486749947071075
vt 0.0451559983193874 0.1501940041780472
vt 0.0451559983193874 0.1486749947071075
f 1297/2092/1297 878/2093/878 892/2094/892
vt 0.0361250005662441 0.1517129987478256
vt 0.0451559983193874 0.1517129987478256
f 916/2093/916 960/2095/960 943/2096/943
vt 0.0451559983193874 0.1532319933176041
f 874/2097/874 1827/2096/1827 1836/2095/1836
vt 0.0361250005662441 0.1532319933176041
f 2008/2095/2008 1707/2098/1707 709/2097/709
vt 0.0451559983193874 0.1547510027885437
f 459/2099/459 433/2097/433 1533/2098/1533
vt 0.0361250005662441 0.1547510027885437
f 344/2098/344 301/2100/301 1926/2099/1926
vt 0.0451559983193874 0.1562699973583221
f 2205/2101/2205 2206/2099/2206 2273/2100/2273
vt 0.0361250005662441 0.1562699973583221
f 1649/2100/1649 2018/2102/2018 486/2101/486
vt 0.0451559983193874 0.1577890068292618
f 889/2103/889 1828/2101/1828 1852/2102/1852
vt 0.0361250005662441 0.1577890068292618
f 1869/2102/1869 2415/2104/2415 1934/2103/1934
vt 0.0451559983193874 0.1593089997768402
f 1044/2105/1044 2480/2103/2480 1099/2104/1099
vt 0.0361250005662441 0.1593089997768402
f 540/2104/540 1401/2106/1401 536/2105/536
vt 0.0451559983193874 0.1608279943466187
f 2345/2107/2345 147/2105/147 1509/2106/1509
vt 0.0361250005662441 0.1608279943466187
f 1270/2106/1270 1248/2108/1248 1688/2107/1688
vt 0.0451559983193874 0.1623480021953583
f 142/2109/142 159/2107/159 197/2108/197
vt 0.0361250005662441 0.1623480021953583
f 260/2108/260 1586/2110/1586 253/2109/253
vt 0.0451559983193874 0.1637919992208481
f 595/2111/595 2381/2109/2381 2395/2110/2395
vt 0.0361250005662441 0.1637919992208481
f 1620/2110/1620 1351/2112/1351 1619/2111/1619
vt 0.0451559983193874 0.1653870046138763
f 711/2113/711 383/2111/383 513/2112/513
vt 0.0361250005662441 0.1653870046138763
f 1945/2112/1945 2409/2114/2409 1931/2113/1931
vt 0.0451559983193874 0.1669069975614548
f 357/2115/357 351/2113/351 619/2114/619
vt 0.0361250005662441 0.1669069975614548
f 180/2114/180 175/2116/175 1704/2115/1704
vt 0.0451559983193874 0.1684280037879944
f 1963/2117/1963 1975/2115/1975 853/2116/853
vt 0.0361250005662441 0.1684280037879944
f 231/2116/231 222/2118/222 623/2117/623
vt 0.0451559983193874 0.1699479967355728
f 2380/2119/2380 2395/2117/2395 1946/2118/1946
vt 0.0361250005662441 0.1699479967355728
f 1263/2118/1263 1685/2120/1685 1290/2119/1290
vt 0.0451559983193874 0.1714690029621124
f 1656/2121/1656 37/2119/37 1654/2120/1654
f 1771/2120/1771 1051/2042/1051 1050/2121/1050
vt 0.0451559983193874 0.1729909926652908
f 742/2122/742 114/2121/114 91/2042/91
f 1457/2042/1457 1231/2044/1231 1439/2122/1439
vt 0.0451559983193874 0.1745119988918304
f 1946/2123/1946 582/2122/582 2386/2044/2386
f 299/2044/299 302/2045/302 354/2123/354
vt 0.0451559983193874 0.1760250031948090
f 1411/2124/1411 532/2123/532 1404/2045/1404
f 56/2045/56 1481/2048/1481 1432/2124/1432
vt 0.0451559983193874 0.1775570064783096
f 2086/2125/2086 2064/2124/2064 434/2048/434
f 458/2048/458 434/2047/434 457/2125/457
vt 0.0451559983193874 0.1790799945592880
f 2090/2126/2090 2157/2125/2157 1367/2047/1367
f 1682/2047/1682 1250/2051/1250 1671/2126/1671
vt 0.0451559983193874 0.1806039959192276
f 633/2127/633 2252/2126/2252 171/2051/171
f 2132/2051/2132 2142/2053/2142 2143/2127/2143
vt 0.0451559983193874 0.1821269989013672
f 1299/2128/1299 883/2127/883 891/2053/891
f 1091/2053/1091 443/2055/443 1400/2128/1400
vt 0.0451559983193874 0.1836879998445511
f 1136/2129/1136 1750/2128/1750 445/2055/445
f 298/2055/298 273/2057/273 1628/2129/1628
vt 0.0451559983193874 0.1851769983768463
f 2433/2130/2433 334/2129/334 2434/2057/2434
f 1174/2057/1174 502/2059/502 1806/2130/1806
vt 0.0451559983193874 0.1866929978132248
f 1960/2131/1960 1967/2130/1967 2144/2059/2144
f 1439/2059/1439 1231/2061/1231 412/2131/412
vt 0.0451559983193874 0.1882289946079254
f 1439/2132/1439 412/2131/412 1231/2061/1231
f 67/2061/67 1017/2063/1017 773/2132/773
vt 0.0451559983193874 0.1897560060024261
f 1558/2133/1558 272/2132/272 253/2063/253
f 1346/2063/1346 1576/2065/1576 253/2133/253
vt 0.0451559983193874 0.1912840008735657
f 2212/2134/2212 2217/2133/2217 2207/2065/2207
f 1700/2065/1700 172/2067/172 672/2134/672
vt 0.0451559983193874 0.1928540021181107
f 1900/2135/1900 1315/2134/1315 934/2067/934
f 1344/2067/1344 1040/2069/1040 1634/2135/1634
vt 0.0451559983193874 0.1943420022726059
f 1079/2136/1079 1064/2135/1064 1145/2069/1145
f 1640/2069/1640 691/2070/691 683/2136/683
vt 0.0451559983193874 0.1958449929952621
f 925/2137/925 961/2136/961 974/2070/974
f 1949/2070/1949 2140/2071/2140 105/2137/105
vt 0.0451559983193874 0.1974039971828461
f 2210/2138/2210 2103/2137/2103 1545/2071/1545
f 1599/2071/1599 294/2072/294 313/2138/313
vt 0.0451559983193874 0.1989360004663467
f 55/2139/55 57/2138/57 1014/2072/1014
f 2002/2072/2002 1707/2073/1707 2008/2139/2008
vt 0.0451559983193874 0.2004690021276474
f 968/2140/968 1916/2139/1916 547/2073/547
f 700/2073/700 702/2074/702 722/2140/722
vt 0.0451559983193874 0.2020030021667480
f 2208/2141/2208 2349/2140/2349 2106/2074/2106
f 692/2074/692 54/2075/54 713/2141/713
vt 0.0451559983193874 0.2035389989614487
f 370/2142/370 22/2141/22 206/2075/206
f 1108/2075/1108 1135/2076/1135 1087/2142/1087
vt 0.0451559983193874 0.2050749957561493
f 2442/2143/2442 337/2142/337 2441/2076/2441
f 2420/2076/2420 337/2077/337 2458/2143/2458
vt 0.0451559983193874 0.2066130042076111
f 1397/2144/1397 1742/2143/1742 451/2077/451
f 317/2077/317 2388/2078/2388 1872/2144/1872
vt 0.0451559983193874 0.2080820053815842
f 121/2145/121 2082/2144/2082 807/2078/807
f 2104/2078/2104 428/2079/428 2366/2145/2366
vt 0.0451559983193874 0.2096920013427734
f 1286/2146/1286 1691/2145/1691 891/2079/891
f 596/2079/596 1943/2080/1943 322/2146/322
vt 0.0451559983193874 0.2112340033054352
f 828/2147/828 847/2146/847 1173/2080/1173
f 418/2080/418 1230/2081/1230 1231/2147/1231
vt 0.0451559983193874 0.2127780020236969
f 1052/2148/1052 87/2147/87 117/2081/117
f 1357/2081/1357 259/2082/259 1795/2148/1795
vt 0.0451559983193874 0.2143059968948364
f 1053/2149/1053 188/2148/188 1769/2082/1769
f 283/2082/283 263/2083/263 1573/2149/1573
vt 0.0451559983193874 0.2158679962158203
f 425/2150/425 1546/2149/1546 2356/2083/2356
f 679/2083/679 2249/2084/2249 643/2150/643
vt 0.0451559983193874 0.2174160033464432
f 2039/2151/2039 2020/2150/2020 486/2084/486
f 2084/2084/2084 2087/2085/2087 2165/2151/2165
vt 0.0451559983193874 0.2189120054244995
f 1155/2152/1155 784/2151/784 779/2085/779
f 2083/2085/2083 2161/2086/2161 1407/2152/1407
vt 0.0451559983193874 0.2204750031232834
f 2345/2153/2345 1509/2152/1509 456/2086/456
f 1469/2086/1469 1421/2087/1421 1492/2153/1492
vt 0.0451559983193874 0.2220699936151505
f 2130/2154/2130 2184/2153/2184 2153/2087/2153
f 95/2087/95 2346/2088/2346 2362/2154/2362
vt 0.0451559983193874 0.2235710024833679
f 2418/2155/2418 2441/2154/2441 2421/2088/2421
f 1133/2088/1133 1718/2089/1718 155/2155/155
vt 0.0451559983193874 0.2251340001821518
f 1718/2156/1718 199/2155/199 1732/2089/1732
f 175/2089/175 2291/2090/2291 179/2156/179
vt 0.0451559983193874 0.2267419993877411
f 1730/2157/1730 1752/2156/1752 2211/2090/2211
f 244/2090/244 1861/2091/1861 1993/2157/1993
vt 0.0541869997978210 0.1243640035390854
vt 0.0541869997978210 0.1228220015764236
vt 0.0451559983193874 0.1228220015764236
f 1741/2158/1741 1740/2159/1740 1775/2160/1775
vt 0.0451559983193874 0.1243640035390854
f 1090/2160/1090 1049/2161/1049 1115/2158/1115
vt 0.0541869997978210 0.1258849948644638
f 958/2161/958 555/2162/555 419/2158/419
vt 0.0451559983193874 0.1274050027132034
vt 0.0541869997978210 0.1274050027132034
f 458/2162/458 468/2163/468 434/2164/434
vt 0.0541869997978210 0.1288720071315765
f 1124/2165/1124 1763/2164/1763 1725/2163/1725
vt 0.0451559983193874 0.1288720071315765
f 2317/2163/2317 995/2166/995 1212/2165/1212
vt 0.0541869997978210 0.1304450035095215
f 1921/2167/1921 962/2165/962 1008/2166/1008
vt 0.0451559983193874 0.1304450035095215
f 1543/2166/1543 112/2168/112 748/2167/748
vt 0.0541869997978210 0.1319639980792999
f 534/2169/534 1400/2167/1400 1742/2168/1742
vt 0.0451559983193874 0.1319639980792999
f 1250/2168/1250 1692/2170/1692 1268/2169/1268
vt 0.0541869997978210 0.1334840059280396
f 162/2171/162 2214/2169/2214 2276/2170/2276
vt 0.0451559983193874 0.1334840059280396
f 279/2170/279 1358/2172/1358 1799/2171/1799
vt 0.0541869997978210 0.1350030004978180
f 985/2173/985 1799/2171/1799 989/2172/989
vt 0.0451559983193874 0.1350030004978180
f 2045/2172/2045 1034/2174/1034 1108/2173/1108
vt 0.0541869997978210 0.1365219950675964
f 262/2175/262 250/2173/250 597/2174/597
vt 0.0451559983193874 0.1365219950675964
f 370/2174/370 220/2176/220 1004/2175/1004
vt 0.0541869997978210 0.1380420029163361
f 1189/2177/1189 1829/2175/1829 395/2176/395
vt 0.0451559983193874 0.1380420029163361
f 2356/2176/2356 430/2178/430 426/2177/426
vt 0.0541869997978210 0.1395609974861145
f 613/2179/613 238/2177/238 2444/2178/2444
vt 0.0451559983193874 0.1395609974861145
f 2072/2178/2072 791/2180/791 541/2179/541
vt 0.0541869997978210 0.1410800069570541
f 1076/2181/1076 1144/2179/1144 1155/2180/1155
vt 0.0451559983193874 0.1410800069570541
f 1847/2180/1847 1850/2182/1850 1848/2181/1848
vt 0.0541869997978210 0.1425999999046326
f 209/2183/209 215/2181/215 216/2182/216
vt 0.0451559983193874 0.1425999999046326
f 389/2182/389 48/2184/48 492/2183/492
vt 0.0541869997978210 0.1441189944744110
f 1221/2185/1221 400/2183/400 1218/2184/1218
vt 0.0451559983193874 0.1441189944744110
f 1946/2184/1946 1883/2186/1883 582/2185/582
vt 0.0541869997978210 0.1456380039453506
f 1149/2187/1149 1071/2185/1071 768/2186/768
vt 0.0451559983193874 0.1456380039453506
f 1227/2186/1227 568/2188/568 420/2187/420
vt 0.0541869997978210 0.1471560001373291
f 1941/2189/1941 2416/2187/2416 1860/2188/1860
vt 0.0451559983193874 0.1471560001373291
f 862/2188/862 856/2190/856 1955/2189/1955
vt 0.0541869997978210 0.1486749947071075
f 186/2191/186 1732/2189/1732 182/2190/182
f 985/2190/985 1612/2094/1612 1799/2191/1799
vt 0.0541869997978210 0.1501940041780472
f 1283/2192/1283 1260/2191/1260 1273/2094/1273
f 989/2094/989 280/2093/280 1359/2192/1359
vt 0.0541869997978210 0.1517129987478256
f 369/2193/369 204/2192/204 22/2093/22
f 2222/2093/2222 2263/2096/2263 127/2193/127
vt 0.0541869997978210 0.1532319933176041
f 256/2194/256 2242/2193/2242 2141/2096/2141
f 441/2096/441 440/2097/440 2073/2194/2073
vt 0.0541869997978210 0.1547510027885437
f 1427/2195/1427 1479/2194/1479 1472/2097/1472
f 452/2097/452 160/2099/160 186/2195/186
vt 0.0541869997978210 0.1562699973583221
f 13/2196/13 1381/2195/1381 9/2099/9
f 147/2099/147 1716/2101/1716 1532/2196/1532
vt 0.0541869997978210 0.1577890068292618
f 2174/2197/2174 2232/2196/2232 2120/2101/2120
f 1361/2101/1361 1623/2103/1623 1362/2197/1362
vt 0.0541869997978210 0.1593089997768402
f 1721/2198/1721 143/2197/143 129/2103/129
f 2358/2103/2358 458/2105/458 2363/2198/2363
vt 0.0541869997978210 0.1608279943466187
f 1462/2199/1462 74/2198/74 75/2105/75
f 2396/2105/2396 317/2107/317 1872/2199/1872
vt 0.0541869997978210 0.1623480021953583
f 1825/2200/1825 1817/2199/1817 1855/2107/1855
f 1847/2107/1847 504/2109/504 494/2200/494
vt 0.0541869997978210 0.1637919992208481
f 1974/2201/1974 1972/2200/1972 986/2109/986
f 770/2109/770 1014/2111/1014 57/2201/57
vt 0.0541869997978210 0.1653870046138763
f 2057/2202/2057 800/2201/800 2071/2111/2071
f 93/2111/93 115/2113/115 94/2202/94
vt 0.0541869997978210 0.1669069975614548
f 442/2203/442 1718/2202/1718 186/2113/186
f 465/2113/465 2110/2115/2110 470/2203/470
vt 0.0541869997978210 0.1684280037879944
f 1374/2204/1374 98/2203/98 120/2115/120
f 1825/2115/1825 1816/2117/1816 1817/2204/1817
vt 0.0541869997978210 0.1699479967355728
f 1900/2205/1900 908/2204/908 901/2117/901
f 213/2117/213 210/2119/210 212/2205/212
vt 0.0541869997978210 0.1714690029621124
f 1152/2206/1152 960/2205/960 1065/2119/1065
f 1137/2119/1137 1397/2121/1397 1106/2206/1106
vt 0.0541869997978210 0.1729909926652908
f 939/2207/939 1902/2206/1902 957/2121/957
f 1225/2121/1225 1335/2122/1335 557/2207/557
vt 0.0541869997978210 0.1745119988918304
f 1776/2208/1776 1777/2207/1777 1116/2122/1116
f 1870/2122/1870 2416/2123/2416 304/2208/304
vt 0.0541869997978210 0.1760250031948090
f 134/2209/134 135/2208/135 147/2123/147
f 2270/2123/2270 2198/2124/2198 163/2209/163
vt 0.0541869997978210 0.1775570064783096
f 298/2210/298 1860/2209/1860 2416/2124/2416
f 2016/2124/2016 480/2125/480 479/2210/479
vt 0.0541869997978210 0.1790799945592880
f 2079/2211/2079 2084/2210/2084 808/2125/808
f 2466/2125/2466 623/2126/623 222/2211/222
vt 0.0541869997978210 0.1806039959192276
f 1071/2212/1071 1080/2211/1080 1164/2126/1164
f 473/2126/473 2040/2127/2040 50/2212/50
vt 0.0541869997978210 0.1821269989013672
f 1333/2213/1333 1457/2212/1457 571/2127/571
f 554/2127/554 562/2128/562 1339/2213/1339
vt 0.0541869997978210 0.1836879998445511
f 163/2214/163 1090/2213/1090 1047/2128/1047
f 317/2128/317 1944/2129/1944 2388/2214/2388
vt 0.0541869997978210 0.1851769983768463
f 675/2215/675 636/2214/636 2332/2129/2332
f 998/2129/998 2258/2130/2258 644/2215/644
vt 0.0541869997978210 0.1866929978132248
f 452/2216/452 1730/2215/1730 160/2130/160
f 975/2130/975 1979/2131/1979 1978/2216/1978
vt 0.0541869997978210 0.1882289946079254
f 353/2217/353 614/2216/614 610/2131/610
f 2240/2131/2240 2131/2132/2131 1562/2217/1562
vt 0.0541869997978210 0.1897560060024261
f 728/2218/728 32/2217/32 47/2132/47
f 798/2132/798 804/2133/804 2087/2218/2087
vt 0.0541869997978210 0.1912840008735657
f 931/2219/931 956/2218/956 930/2133/930
f 2011/2133/2011 2009/2134/2009 1710/2219/1710
vt 0.0541869997978210 0.1928540021181107
f 276/2220/276 1790/2219/1790 942/2134/942
f 556/2134/556 903/2135/903 1338/2220/1338
vt 0.0541869997978210 0.1943420022726059
f 2378/2221/2378 9/2220/9 15/2135/15
f 782/2135/782 1078/2136/1078 1069/2221/1069
vt 0.0541869997978210 0.1958449929952621
f 69/2222/69 1912/2221/1912 571/2136/571
f 512/2136/512 2023/2137/2023 389/2222/389
vt 0.0541869997978210 0.1974039971828461
f 1490/2223/1490 412/2222/412 1483/2137/1483
f 1958/2137/1958 2126/2138/2126 1980/2223/1980
vt 0.0541869997978210 0.1989360004663467
f 1984/2224/1984 2063/2223/2063 736/2138/736
f 849/2138/849 991/2139/991 2238/2224/2238
vt 0.0541869997978210 0.2004690021276474
f 862/2225/862 1952/2224/1952 856/2139/856
f 2028/2139/2028 45/2140/45 1648/2225/1648
vt 0.0541869997978210 0.2020030021667480
f 566/2226/566 1325/2225/1325 1329/2140/1329
f 2418/2140/2418 1616/2141/1616 1950/2226/1950
vt 0.0541869997978210 0.2035389989614487
f 1054/2227/1054 1116/2226/1116 1106/2141/1106
f 2306/2141/2306 999/2142/999 2301/2227/2301
vt 0.0541869997978210 0.2050749957561493
f 1026/2228/1026 1009/2227/1009 761/2142/761
f 1853/2142/1853 894/2143/894 1298/2228/1298
vt 0.0541869997978210 0.2066130042076111
f 1340/2229/1340 900/2228/900 1914/2143/1914
f 231/2143/231 863/2144/863 617/2229/617
vt 0.0541869997978210 0.2080820053815842
f 775/2230/775 1468/2229/1468 1140/2144/1140
f 1055/2144/1055 2488/2145/2488 155/2230/155
vt 0.0541869997978210 0.2096920013427734
f 1011/2231/1011 777/2230/777 1030/2145/1030
f 2293/2145/2293 633/2146/633 632/2231/632
vt 0.0541869997978210 0.2112340033054352
f 1505/2232/1505 1523/2231/1523 1501/2146/1501
f 1046/2146/1046 1051/2147/1051 1086/2232/1086
vt 0.0541869997978210 0.2127780020236969
f 743/2233/743 2064/2232/2064 2075/2147/2075
f 864/2147/864 1977/2148/1977 982/2233/982
vt 0.0541869997978210 0.2143059968948364
f 1196/2234/1196 1995/2233/1995 1992/2148/1992
f 209/2148/209 888/2149/888 2005/2234/2005
vt 0.0541869997978210 0.2158679962158203
f 1102/2235/1102 1405/2234/1405 1122/2149/1122
f 1494/2149/1494 1448/2150/1448 1434/2235/1434
vt 0.0541869997978210 0.2174160033464432
f 1299/2236/1299 891/2235/891 1851/2150/1851
f 1299/2150/1299 1289/2151/1289 1844/2236/1844
vt 0.0541869997978210 0.2189120054244995
f 163/2237/163 2198/2236/2198 2474/2151/2474
f 461/2151/461 2360/2152/2360 2103/2237/2103
vt 0.0541869997978210 0.2204750031232834
f 141/2238/141 2225/2237/2225 537/2152/537
f 780/2152/780 763/2153/763 1023/2238/1023
vt 0.0541869997978210 0.2220699936151505
f 1137/2239/1137 750/2238/750 538/2153/538
f 1015/2153/1015 1146/2154/1146 772/2239/772
vt 0.0541869997978210 0.2235710024833679
f 1548/2240/1548 208/2239/208 2318/2154/2318
f 1043/2154/1043 1413/2155/1413 1098/2240/1098
vt 0.0541869997978210 0.2251340001821518
f 705/2241/705 721/2240/721 53/2155/53
f 11/2155/11 1392/2156/1392 7/2241/7
vt 0.0541869997978210 0.2267419993877411
f 1693/2242/1693 1248/2241/1248 1270/2156/1270
f 1429/2156/1429 1487/2157/1487 1482/2242/1482
vt 0.0632179975509644 0.0923800021409988
vt 0.0632179975509644 0.0908539965748787
vt 0.0541869997978210 0.0908539965748787
f 15/2243/15 9/2244/9 1381/2245/1381
vt 0.0541869997978210 0.0923800021409988
f 2032/2245/2032 512/2246/512 488/2243/488
vt 0.0632179975509644 0.0939060002565384
f 1155/2246/1155 1422/2247/1422 1464/2243/1464
vt 0.0541869997978210 0.0953999981284142
vt 0.0632179975509644 0.0953999981284142
f 1292/2247/1292 1265/2248/1265 889/2249/889
vt 0.0632179975509644 0.0969569981098175
f 2018/2250/2018 476/2249/476 377/2248/377
vt 0.0541869997978210 0.0969569981098175
f 968/2248/968 547/2251/547 396/2250/396
vt 0.0632179975509644 0.0984819978475571
f 1329/2252/1329 1325/2250/1325 564/2251/564
vt 0.0541869997978210 0.0984819978475571
f 205/2251/205 220/2253/220 217/2252/217
vt 0.0632179975509644 0.1000059992074966
f 2166/2254/2166 2065/2252/2065 98/2253/98
vt 0.0541869997978210 0.1000059992074966
f 367/2253/367 19/2255/19 1000/2254/1000
vt 0.0632179975509644 0.1015309989452362
f 1360/2256/1360 283/2254/283 1797/2255/1797
vt 0.0541869997978210 0.1015309989452362
f 2422/2255/2422 2439/2257/2439 2431/2256/2431
vt 0.0632179975509644 0.1031259968876839
f 2364/2258/2364 1502/2256/1502 465/2257/465
vt 0.0541869997978210 0.1031259968876839
f 358/2257/358 351/2259/351 1874/2258/1874
vt 0.0632179975509644 0.1045970022678375
f 2292/2260/2292 177/2258/177 1703/2259/1703
vt 0.0541869997978210 0.1045970022678375
f 1165/2259/1165 1832/2261/1832 822/2260/822
vt 0.0632179975509644 0.1061019971966743
f 1987/2262/1987 865/2260/865 977/2261/977
vt 0.0541869997978210 0.1061019971966743
f 113/2261/113 2050/2263/2050 102/2262/102
vt 0.0632179975509644 0.1076250001788139
f 1787/2264/1787 284/2262/284 1786/2263/1786
vt 0.0541869997978210 0.1076250001788139
f 2435/2263/2435 240/2265/240 235/2264/235
vt 0.0632179975509644 0.1091400012373924
f 414/2266/414 559/2264/559 1220/2265/1220
vt 0.0541869997978210 0.1091400012373924
f 289/2265/289 1866/2267/1866 1873/2266/1873
vt 0.0632179975509644 0.1106709986925125
f 2055/2268/2055 122/2266/122 1513/2267/1513
vt 0.0541869997978210 0.1106709986925125
f 1161/2267/1161 1010/2269/1010 765/2268/765
vt 0.0632179975509644 0.1121930032968521
f 340/2270/340 2245/2268/2245 346/2269/346
vt 0.0541869997978210 0.1121930032968521
f 2111/2269/2111 2347/2271/2347 2369/2270/2369
vt 0.0632179975509644 0.1136410012841225
f 743/2272/743 99/2270/99 107/2271/107
vt 0.0541869997978210 0.1136410012841225
f 1920/2271/1920 1917/2273/1917 921/2272/921
vt 0.0632179975509644 0.1152380034327507
f 861/2274/861 1958/2272/1958 1980/2273/1980
vt 0.0541869997978210 0.1152380034327507
f 1771/2273/1771 1774/2275/1774 1050/2274/1050
vt 0.0632179975509644 0.1167590022087097
f 1771/2276/1771 1050/2274/1050 1774/2275/1774
vt 0.0541869997978210 0.1167590022087097
f 2067/2275/2067 88/2277/88 1037/2276/1037
vt 0.0632179975509644 0.1183080002665520
f 692/2278/692 1287/2276/1287 885/2277/885
vt 0.0541869997978210 0.1183080002665520
f 1544/2277/1544 746/2279/746 2362/2278/2362
vt 0.0632179975509644 0.1198019981384277
f 598/2280/598 2385/2278/2385 2387/2279/2387
vt 0.0541869997978210 0.1198019981384277
f 1608/2279/1608 1609/2281/1609 1568/2280/1568
vt 0.0632179975509644 0.1213190034031868
f 2185/2282/2185 2234/2280/2234 2147/2281/2147
vt 0.0541869997978210 0.1213190034031868
f 780/2281/780 1320/2283/1320 901/2282/901
vt 0.0632179975509644 0.1228220015764236
f 1921/2284/1921 1008/2282/1008 901/2283/901
f 2284/2283/2284 2325/2159/2325 635/2284/635
vt 0.0632179975509644 0.1243640035390854
f 516/2285/516 379/2284/379 704/2159/704
f 692/2159/692 885/2158/885 1685/2285/1685
vt 0.0632179975509644 0.1258849948644638
f 1607/2286/1607 1585/2285/1585 1596/2158/1596
f 1153/2158/1153 778/2162/778 1447/2286/1447
vt 0.0632179975509644 0.1274050027132034
f 1988/2287/1988 988/2286/988 860/2162/860
f 2032/2162/2032 494/2164/494 504/2287/504
vt 0.0632179975509644 0.1288720071315765
f 459/2288/459 2074/2287/2074 796/2164/796
f 1018/2164/1018 907/2165/907 1907/2288/1907
vt 0.0632179975509644 0.1304450035095215
f 2379/2289/2379 1995/2288/1995 1196/2165/1196
f 192/2165/192 193/2167/193 2276/2289/2276
vt 0.0632179975509644 0.1319639980792999
f 162/2290/162 2276/2289/2276 2213/2167/2213
f 907/2167/907 766/2169/766 767/2290/767
vt 0.0632179975509644 0.1334840059280396
f 2487/2291/2487 1503/2290/1503 1729/2169/1729
f 1765/2169/1765 86/2171/86 1038/2291/1038
vt 0.0632179975509644 0.1350030004978180
f 1124/2292/1124 1123/2291/1123 1763/2171/1763
f 1788/2171/1788 287/2173/287 1358/2292/1358
vt 0.0632179975509644 0.1365219950675964
f 865/2293/865 2243/2292/2243 977/2173/977
f 2210/2173/2210 196/2175/196 2222/2293/2222
vt 0.0632179975509644 0.1380420029163361
f 2210/2294/2210 2475/2293/2475 2338/2175/2338
f 282/2175/282 1362/2177/1362 262/2294/262
vt 0.0632179975509644 0.1395609974861145
f 2151/2295/2151 2144/2294/2144 2124/2177/2124
f 425/2177/425 1526/2179/1526 2160/2295/2160
vt 0.0632179975509644 0.1410800069570541
f 1813/2296/1813 892/2295/892 1289/2179/1289
f 2212/2179/2212 2273/2181/2273 2282/2296/2282
vt 0.0632179975509644 0.1425999999046326
f 1373/2297/1373 792/2296/792 790/2181/790
f 782/2181/782 1011/2183/1011 1031/2297/1031
vt 0.0632179975509644 0.1441189944744110
f 2294/2298/2294 1705/2297/1705 2010/2183/2010
f 1598/2183/1598 1580/2185/1580 251/2298/251
vt 0.0632179975509644 0.1456380039453506
f 453/2299/453 1405/2298/1405 1102/2185/1102
f 2121/2185/2121 2246/2187/2246 2154/2299/2154
vt 0.0632179975509644 0.1471560001373291
f 363/2300/363 332/2299/332 2457/2187/2457
f 1155/2187/1155 1464/2189/1464 784/2300/784
vt 0.0632179975509644 0.1486749947071075
f 1054/2301/1054 1106/2300/1106 451/2189/451
f 2290/2189/2290 26/2191/26 176/2301/176
vt 0.0632179975509644 0.1501940041780472
f 1286/2302/1286 891/2301/891 883/2191/883
f 1110/2191/1110 1123/2192/1123 1121/2302/1121
vt 0.0632179975509644 0.1517129987478256
f 1137/2303/1137 1093/2302/1093 2044/2192/2044
f 1887/2192/1887 1879/2193/1879 2400/2303/2400
vt 0.0632179975509644 0.1532319933176041
f 2322/2304/2322 2332/2303/2332 667/2193/667
f 589/2193/589 1941/2194/1941 1861/2304/1861
vt 0.0632179975509644 0.1547510027885437
f 1817/2305/1817 829/2304/829 1173/2194/1173
f 2252/2194/2252 669/2195/669 2325/2305/2325
vt 0.0632179975509644 0.1562699973583221
f 2392/2306/2392 262/2305/262 597/2195/597
f 2438/2195/2438 320/2196/320 341/2306/341
vt 0.0632179975509644 0.1577890068292618
f 1486/2307/1486 1154/2306/1154 1426/2196/1426
f 631/2196/631 2251/2197/2251 629/2307/629
vt 0.0632179975509644 0.1593089997768402
f 2190/2308/2190 2155/2307/2155 2240/2197/2240
f 2028/2197/2028 507/2198/507 378/2308/378
vt 0.0632179975509644 0.1608279943466187
f 986/2309/986 866/2308/866 1981/2198/1981
f 1963/2198/1963 853/2199/853 852/2309/852
vt 0.0632179975509644 0.1623480021953583
f 1494/2310/1494 1483/2309/1483 1431/2199/1431
f 1770/2199/1770 1040/2200/1040 1048/2310/1048
vt 0.0632179975509644 0.1637919992208481
f 1210/2311/1210 2298/2310/2298 2311/2200/2311
f 1027/2200/1027 1007/2201/1007 783/2311/783
vt 0.0632179975509644 0.1653870046138763
f 1262/2312/1262 1293/2311/1293 872/2201/872
f 930/2201/930 423/2202/423 1235/2312/1235
vt 0.0632179975509644 0.1669069975614548
f 1853/2313/1853 1298/2312/1298 1300/2202/1300
f 1083/2202/1083 1478/2203/1478 1154/2313/1154
vt 0.0632179975509644 0.1684280037879944
f 1123/2314/1123 1118/2313/1118 1107/2203/1107
f 38/2203/38 1684/2204/1684 1650/2314/1650
vt 0.0632179975509644 0.1699479967355728
f 2278/2315/2278 2207/2314/2207 2273/2204/2273
f 2396/2204/2396 593/2205/593 317/2315/317
vt 0.0632179975509644 0.1714690029621124
f 1464/2316/1464 1021/2315/1021 784/2205/784
f 134/2205/134 2211/2206/2211 2225/2316/2225
vt 0.0632179975509644 0.1729909926652908
f 1192/2317/1192 845/2316/845 1677/2206/1677
f 598/2206/598 585/2207/585 584/2317/584
vt 0.0632179975509644 0.1745119988918304
f 1197/2318/1197 243/2317/243 5/2207/5
f 707/2207/707 699/2208/699 728/2318/728
vt 0.0632179975509644 0.1760250031948090
f 139/2319/139 1541/2318/1541 2269/2208/2269
f 1840/2208/1840 1856/2209/1856 1808/2319/1808
vt 0.0632179975509644 0.1775570064783096
f 1541/2320/1541 131/2319/131 2277/2209/2277
f 2150/2209/2150 1967/2210/1967 1960/2320/1960
vt 0.0632179975509644 0.1790799945592880
f 1541/2321/1541 2094/2320/2094 463/2210/463
f 599/2210/599 316/2211/316 2389/2321/2389
vt 0.0632179975509644 0.1806039959192276
f 1746/2322/1746 528/2321/528 537/2211/537
f 1222/2211/1222 555/2212/555 1315/2322/1315
vt 0.0632179975509644 0.1821269989013672
f 915/2323/915 1255/2322/1255 1676/2212/1676
f 2160/2212/2160 1371/2213/1371 430/2323/430
vt 0.0632179975509644 0.1836879998445511
f 2025/2324/2025 708/2323/708 513/2213/513
f 874/2213/874 2308/2214/2308 1827/2324/1827
vt 0.0632179975509644 0.1851769983768463
f 260/2325/260 2240/2324/2240 1562/2214/1562
f 471/2214/471 474/2215/474 2034/2325/2034
vt 0.0632179975509644 0.1866929978132248
f 239/2326/239 1359/2325/1359 1890/2215/1890
f 2408/2215/2408 1877/2216/1877 2406/2326/2406
vt 0.0632179975509644 0.1882289946079254
f 2369/2327/2369 122/2326/122 2049/2216/2049
f 2066/2216/2066 85/2217/85 84/2327/84
vt 0.0632179975509644 0.1897560060024261
f 396/2328/396 1228/2327/1228 938/2217/938
f 1660/2217/1660 49/2218/49 1661/2328/1661
vt 0.0632179975509644 0.1912840008735657
f 662/2329/662 614/2328/614 2445/2218/2445
f 1768/2218/1768 1115/2219/1115 1049/2329/1049
vt 0.0632179975509644 0.1928540021181107
f 244/2330/244 1197/2329/1197 5/2219/5
f 1096/2219/1096 1772/2220/1772 1095/2330/1095
vt 0.0632179975509644 0.1943420022726059
f 2342/2331/2342 1529/2330/1529 2012/2220/2012
f 207/2220/207 156/2221/156 1530/2331/1530
vt 0.0632179975509644 0.1958449929952621
f 2226/2332/2226 1718/2331/1718 1133/2221/1133
f 363/2221/363 652/2222/652 650/2332/650
vt 0.0632179975509644 0.1974039971828461
f 879/2333/879 1673/2332/1673 1810/2222/1810
f 1853/2222/1853 1810/2223/1810 1854/2333/1854
vt 0.0632179975509644 0.1989360004663467
f 1393/2334/1393 2376/2333/2376 12/2223/12
f 1222/2223/1222 419/2224/419 555/2334/555
vt 0.0632179975509644 0.2004690021276474
f 1378/2335/1378 2163/2334/2163 2091/2224/2091
f 952/2224/952 401/2225/401 974/2335/974
vt 0.0632179975509644 0.2020030021667480
f 2469/2336/2469 2460/2335/2460 330/2225/330
f 1100/2225/1100 1089/2226/1089 1128/2336/1128
vt 0.0632179975509644 0.2035389989614487
f 1089/2337/1089 1755/2336/1755 1088/2226/1088
f 146/2226/146 2222/2227/2222 2199/2337/2199
vt 0.0632179975509644 0.2050749957561493
f 1302/2338/1302 877/2337/877 731/2227/731
f 2442/2227/2442 2456/2228/2456 337/2338/337
vt 0.0632179975509644 0.2066130042076111
f 1393/2339/1393 1459/2338/1459 2376/2228/2376
f 2290/2228/2290 176/2229/176 2291/2339/2291
vt 0.0632179975509644 0.2080820053815842
f 1204/2340/1204 1202/2339/1202 1206/2229/1206
f 1601/2229/1601 1553/2230/1553 2127/2340/2127
vt 0.0632179975509644 0.2096920013427734
f 363/2341/363 650/2340/650 331/2230/331
f 663/2230/663 233/2231/233 658/2341/658
vt 0.0632179975509644 0.2112340033054352
f 149/2342/149 2474/2341/2474 2265/2231/2265
f 2435/2231/2435 342/2232/342 345/2342/345
vt 0.0632179975509644 0.2127780020236969
f 495/2343/495 825/2342/825 2019/2232/2019
f 248/2232/248 1591/2233/1591 1596/2343/1596
vt 0.0632179975509644 0.2143059968948364
f 315/2344/315 2388/2343/2388 1944/2233/1944
f 1083/2233/1083 1081/2234/1081 1162/2344/1162
vt 0.0632179975509644 0.2158679962158203
f 814/2345/814 1394/2344/1394 6/2234/6
f 2411/2234/2411 623/2235/623 316/2345/316
vt 0.0632179975509644 0.2174160033464432
f 2105/2346/2105 2101/2345/2101 2361/2235/2361
f 1820/2235/1820 1832/2236/1832 1165/2346/1165
vt 0.0632179975509644 0.2189120054244995
f 1128/2347/1128 527/2346/527 1396/2236/1396
f 2267/2236/2267 465/2237/465 2215/2347/2215
vt 0.0632179975509644 0.2204750031232834
f 20/2348/20 1272/2347/1272 1686/2237/1686
f 967/2237/967 1294/2238/1294 884/2348/884
vt 0.0632179975509644 0.2220699936151505
f 1100/2349/1100 439/2348/439 1087/2238/1087
f 929/2238/929 955/2239/955 928/2349/928
vt 0.0632179975509644 0.2235710024833679
f 127/2350/127 1717/2349/1717 2199/2239/2199
f 2473/2239/2473 146/2240/146 2199/2350/2199
vt 0.0632179975509644 0.2251340001821518
f 980/2351/980 2467/2350/2467 650/2240/650
f 1956/2240/1956 1971/2241/1971 1973/2351/1973
vt 0.0632179975509644 0.2267419993877411
f 596/2352/596 1881/2351/1881 1943/2241/1943
f 372/2241/372 522/2242/522 2332/2352/2332
vt 0.0719640031456947 0.0525819994509220
vt 0.0719640031456947 0.0510450005531311
vt 0.0632179975509644 0.0510450005531311
f 1138/2353/1138 1088/2354/1088 1755/2355/1755
vt 0.0632179975509644 0.0525819994509220
f 2365/2355/2365 2221/2356/2221 1246/2353/1246
vt 0.0719640031456947 0.0541179999709129
f 123/2356/123 101/2357/101 2050/2353/2050
vt 0.0632179975509644 0.0556700006127357
vt 0.0719640031456947 0.0556700006127357
f 1098/2357/1098 1413/2358/1413 1105/2359/1105
vt 0.0719640031456947 0.0571880005300045
f 1669/2360/1669 1166/2359/1166 1274/2358/1274
vt 0.0632179975509644 0.0571880005300045
f 723/2358/723 43/2361/43 720/2360/720
vt 0.0719640031456947 0.0602560006082058
vt 0.0719640031456947 0.0587279982864857
vt 0.0632179975509644 0.0587279982864857
f 820/2362/820 1193/2363/1193 1694/2364/1694
vt 0.0632179975509644 0.0602560006082058
f 1925/2364/1925 653/2365/653 2419/2362/2419
vt 0.0719640031456947 0.0617889985442162
f 1627/2366/1627 1798/2362/1798 1630/2365/1630
vt 0.0632179975509644 0.0617889985442162
f 2423/2365/2423 2461/2367/2461 235/2366/235
vt 0.0719640031456947 0.0633959993720055
f 2081/2368/2081 809/2366/809 2058/2367/2058
vt 0.0632179975509644 0.0633959993720055
f 2108/2367/2108 2218/2369/2218 456/2368/456
vt 0.0719640031456947 0.0648550018668175
f 2488/2370/2488 442/2368/442 186/2369/186
vt 0.0632179975509644 0.0648550018668175
f 2487/2369/2487 1729/2371/1729 192/2370/192
vt 0.0719640031456947 0.0663869976997375
f 2075/2372/2075 2064/2370/2064 2086/2371/2086
vt 0.0632179975509644 0.0663869976997375
f 490/2371/490 2022/2373/2022 832/2372/832
vt 0.0719640031456947 0.0679180026054382
f 1096/2374/1096 1768/2372/1768 1772/2373/1772
vt 0.0632179975509644 0.0679180026054382
f 77/2373/77 1030/2375/1030 777/2374/777
vt 0.0719640031456947 0.0694499984383583
f 1094/2376/1094 1119/2374/1119 1120/2375/1120
vt 0.0632179975509644 0.0694499984383583
f 600/2375/600 1863/2377/1863 1932/2376/1932
vt 0.0719640031456947 0.0709810033440590
f 264/2378/264 2149/2376/2149 2228/2377/2228
vt 0.0632179975509644 0.0709810033440590
f 2427/2377/2427 2448/2379/2448 2425/2378/2425
vt 0.0719640031456947 0.0724809989333153
f 520/2380/520 2039/2378/2039 2018/2379/2018
vt 0.0632179975509644 0.0724809989333153
f 1372/2379/1372 2158/2381/2158 2085/2380/2085
vt 0.0719640031456947 0.0740419998764992
f 768/2382/768 781/2380/781 1025/2381/1025
vt 0.0632179975509644 0.0740419998764992
f 495/2381/495 1655/2383/1655 52/2382/52
vt 0.0719640031456947 0.0755719989538193
f 701/2384/701 725/2382/725 702/2383/702
vt 0.0632179975509644 0.0755719989538193
f 1532/2383/1532 428/2385/428 1522/2384/1522
vt 0.0719640031456947 0.0771009996533394
f 862/2386/862 1987/2384/1987 978/2385/978
vt 0.0632179975509644 0.0771009996533394
f 433/2385/433 1547/2387/1547 1532/2386/1532
vt 0.0719640031456947 0.0786300003528595
f 512/2388/512 389/2386/389 492/2387/492
vt 0.0632179975509644 0.0786300003528595
f 1440/2387/1440 2241/2389/2241 1071/2388/1071
vt 0.0719640031456947 0.0801590010523796
f 1501/2390/1501 2106/2388/2106 2349/2389/2349
vt 0.0632179975509644 0.0801590010523796
f 800/2389/800 2078/2391/2078 2071/2390/2071
vt 0.0719640031456947 0.0816359966993332
f 2237/2392/2237 2130/2390/2130 2153/2391/2153
vt 0.0632179975509644 0.0816359966993332
f 2237/2391/2237 857/2393/857 1959/2392/1959
vt 0.0719640031456947 0.0832159966230392
f 1727/2394/1727 1728/2392/1728 194/2393/194
vt 0.0632179975509644 0.0832159966230392
f 2112/2393/2112 2109/2395/2109 469/2394/469
vt 0.0719640031456947 0.0847449973225594
f 2397/2396/2397 1891/2394/1891 2407/2395/2407
vt 0.0632179975509644 0.0847449973225594
f 2453/2395/2453 2421/2397/2421 238/2396/238
vt 0.0719640031456947 0.0862879976630211
f 2039/2398/2039 2038/2396/2038 518/2397/518
vt 0.0632179975509644 0.0862879976630211
f 2295/2397/2295 175/2399/175 179/2398/179
vt 0.0719640031456947 0.0878000035881996
f 1153/2400/1153 1447/2398/1447 1429/2399/1429
vt 0.0632179975509644 0.0878000035881996
f 1210/2399/1210 2311/2401/2311 639/2400/639
vt 0.0719640031456947 0.0893270000815392
f 136/2402/136 1733/2400/1733 157/2401/157
vt 0.0632179975509644 0.0893270000815392
f 724/2401/724 1305/2403/1305 1852/2402/1852
vt 0.0719640031456947 0.0908539965748787
f 711/2404/711 513/2402/513 708/2403/708
f 846/2403/846 825/2244/825 1183/2404/1183
vt 0.0719640031456947 0.0923800021409988
f 1227/2405/1227 420/2404/420 1236/2244/1236
f 1057/2244/1057 1037/2243/1037 1764/2405/1764
vt 0.0719640031456947 0.0939060002565384
f 1922/2406/1922 946/2405/946 922/2243/922
f 1922/2243/1922 940/2247/940 964/2406/964
vt 0.0719640031456947 0.0953999981284142
f 230/2407/230 2452/2406/2452 660/2247/660
f 599/2247/599 2389/2249/2389 2398/2407/2398
vt 0.0719640031456947 0.0969569981098175
f 77/2408/77 9/2407/9 1465/2249/1465
f 2213/2249/2213 2268/2250/2268 2483/2408/2483
vt 0.0719640031456947 0.0984819978475571
f 2058/2409/2058 809/2408/809 752/2250/752
f 701/2250/701 505/2252/505 725/2409/725
vt 0.0719640031456947 0.1000059992074966
f 2305/2410/2305 1731/2409/1731 1005/2252/1005
f 2146/2252/2146 2141/2254/2141 2242/2410/2242
vt 0.0719640031456947 0.1015309989452362
f 2312/2411/2312 997/2410/997 1203/2254/1203
f 1876/2254/1876 2405/2256/2405 306/2411/306
vt 0.0719640031456947 0.1031259968876839
f 916/2412/916 1898/2411/1898 960/2256/960
f 611/2256/611 655/2258/655 583/2412/583
vt 0.0719640031456947 0.1045970022678375
f 611/2413/611 296/2412/296 2404/2258/2404
f 911/2258/911 973/2260/973 1907/2413/1907
vt 0.0719640031456947 0.1061019971966743
f 399/2414/399 1338/2413/1338 1241/2260/1241
f 1511/2260/1511 1501/2262/1501 2340/2414/2340
vt 0.0719640031456947 0.1076250001788139
f 1511/2415/1511 744/2414/744 1125/2262/1125
f 2134/2262/2134 976/2264/976 2175/2415/2175
vt 0.0719640031456947 0.1091400012373924
f 592/2416/592 2454/2415/2454 1936/2264/1936
f 1304/2264/1304 686/2266/686 705/2416/705
vt 0.0719640031456947 0.1106709986925125
f 466/2417/466 469/2416/469 458/2266/458
f 141/2266/141 542/2268/542 1121/2417/1121
vt 0.0719640031456947 0.1121930032968521
f 2324/2418/2324 1706/2417/1706 2004/2268/2004
f 721/2268/721 716/2270/716 1644/2418/1644
vt 0.0719640031456947 0.1136410012841225
f 885/2419/885 880/2418/880 1290/2270/1290
f 1085/2270/1085 1045/2272/1045 1127/2419/1127
vt 0.0719640031456947 0.1152380034327507
f 2210/2420/2210 2338/2419/2338 2103/2272/2103
f 358/2272/358 1874/2274/1874 660/2420/660
vt 0.0719640031456947 0.1167590022087097
f 1442/2421/1442 1163/2420/1163 1063/2274/1063
f 1670/2274/1670 1283/2276/1283 1273/2421/1273
vt 0.0719640031456947 0.1183080002665520
f 1881/2422/1881 356/2421/356 618/2276/618
f 134/2276/134 2270/2278/2270 163/2422/163
vt 0.0719640031456947 0.1198019981384277
f 1226/2423/1226 1466/2422/1466 1441/2278/1441
f 2209/2278/2209 219/2280/219 1514/2423/1514
vt 0.0719640031456947 0.1213190034031868
f 2185/2424/2185 2235/2423/2235 2179/2280/2179
f 2316/2280/2316 211/2282/211 210/2424/210
vt 0.0719640031456947 0.1228220015764236
f 1237/2425/1237 550/2424/550 417/2282/417
f 22/2282/22 17/2284/17 206/2425/206
vt 0.0719640031456947 0.1243640035390854
f 299/2426/299 660/2425/660 1874/2284/1874
f 2132/2284/2132 2119/2285/2119 2142/2426/2142
vt 0.0719640031456947 0.1258849948644638
f 694/2427/694 1674/2426/1674 1647/2285/1647
f 1582/2285/1582 1629/2286/1629 1578/2427/1578
vt 0.0719640031456947 0.1274050027132034
f 274/2428/274 1792/2427/1792 268/2286/268
f 1305/2286/1305 889/2287/889 1852/2428/1852
vt 0.0719640031456947 0.1288720071315765
f 1936/2429/1936 2454/2428/2454 2426/2287/2426
f 589/2287/589 1928/2288/1928 2438/2429/2438
vt 0.0719640031456947 0.1304450035095215
f 2129/2430/2129 1985/2429/1985 2135/2288/2135
f 146/2288/146 2472/2289/2472 147/2430/147
vt 0.0719640031456947 0.1319639980792999
f 2220/2431/2220 1509/2430/1509 2368/2289/2368
f 1217/2289/1217 935/2290/935 1152/2431/1152
vt 0.0719640031456947 0.1334840059280396
f 527/2432/527 536/2431/536 1122/2290/1122
f 1207/2290/1207 999/2291/999 1208/2432/1208
vt 0.0719640031456947 0.1350030004978180
f 1207/2433/1207 201/2432/201 2310/2291/2310
f 527/2291/527 1405/2292/1405 531/2433/531
vt 0.0719640031456947 0.1365219950675964
f 231/2434/231 1961/2433/1961 863/2292/863
f 1989/2292/1989 1990/2293/1990 2191/2434/2191
vt 0.0719640031456947 0.1380420029163361
f 2176/2435/2176 1989/2434/1989 979/2293/979
f 1791/2293/1791 1604/2294/1604 1800/2435/1800
vt 0.0719640031456947 0.1395609974861145
f 2164/2436/2164 2088/2435/2088 811/2294/811
f 1881/2294/1881 2384/2295/2384 321/2436/321
vt 0.0719640031456947 0.1410800069570541
f 926/2437/926 1861/2436/1861 1860/2295/1860
f 373/2295/373 2040/2296/2040 521/2437/521
vt 0.0719640031456947 0.1425999999046326
f 1510/2438/1510 184/2437/184 1545/2296/1545
f 985/2296/985 1572/2297/1572 1612/2438/1612
vt 0.0719640031456947 0.1441189944744110
f 1272/2439/1272 1694/2438/1694 1193/2297/1193
f 1390/2297/1390 814/2298/814 1384/2439/1384
vt 0.0719640031456947 0.1456380039453506
f 2178/2440/2178 2228/2439/2228 2148/2298/2148
f 1001/2298/1001 2317/2299/2317 1212/2440/1212
vt 0.0719640031456947 0.1471560001373291
f 459/2441/459 2107/2440/2107 1547/2299/1547
f 2190/2299/2190 2154/2300/2154 2187/2441/2187
vt 0.0719640031456947 0.1486749947071075
f 1500/2442/1500 2337/2441/2337 2358/2300/2358
f 761/2300/761 496/2301/496 1467/2442/1467
vt 0.0719640031456947 0.1501940041780472
f 2310/2443/2310 205/2442/205 2301/2301/2301
f 2152/2301/2152 250/2302/250 2173/2443/2173
vt 0.0719640031456947 0.1517129987478256
f 17/2444/17 365/2443/365 24/2302/24
f 965/2302/965 953/2303/953 1896/2444/1896
vt 0.0719640031456947 0.1532319933176041
f 1465/2445/1465 1423/2444/1423 1480/2303/1480
f 208/2303/208 219/2304/219 2486/2445/2486
vt 0.0719640031456947 0.1547510027885437
f 2349/2446/2349 1514/2445/1514 1519/2304/1519
f 208/2304/208 1514/2305/1514 219/2446/219
vt 0.0719640031456947 0.1562699973583221
f 789/2447/789 119/2446/119 1534/2305/1534
f 92/2305/92 2162/2306/2162 1370/2447/1370
vt 0.0719640031456947 0.1577890068292618
f 773/2448/773 1017/2447/1017 1029/2306/1029
f 1310/2306/1310 1195/2307/1195 1198/2448/1198
vt 0.0719640031456947 0.1593089997768402
f 1072/2449/1072 1082/2448/1082 1028/2307/1028
f 1897/2307/1897 920/2308/920 905/2449/905
vt 0.0719640031456947 0.1608279943466187
f 154/2450/154 2480/2449/2480 151/2308/151
f 404/2308/404 1229/2309/1229 1321/2450/1321
vt 0.0719640031456947 0.1623480021953583
f 1437/2451/1437 1487/2450/1487 62/2309/62
f 72/2309/72 1473/2310/1473 1463/2451/1463
vt 0.0719640031456947 0.1637919992208481
f 96/2452/96 2058/2451/2058 118/2310/118
f 999/2310/999 2305/2311/2305 1208/2452/1208
vt 0.0719640031456947 0.1653870046138763
f 751/2453/751 2058/2452/2058 752/2311/752
f 939/2311/939 1921/2312/1921 908/2453/908
vt 0.0719640031456947 0.1669069975614548
f 724/2454/724 689/2453/689 723/2312/723
f 299/2312/299 1874/2313/1874 302/2454/302
vt 0.0719640031456947 0.1684280037879944
f 2292/2455/2292 2006/2454/2006 2288/2313/2288
f 1749/2313/1749 120/2314/120 1773/2455/1773
vt 0.0719640031456947 0.1699479967355728
f 2190/2456/2190 2240/2455/2240 2192/2314/2192
f 913/2314/913 1904/2315/1904 1325/2456/1325
vt 0.0719640031456947 0.1714690029621124
f 754/2457/754 748/2456/748 112/2315/112
f 1703/2315/1703 2005/2316/2005 2006/2457/2006
vt 0.0719640031456947 0.1729909926652908
f 1293/2458/1293 1269/2457/1269 893/2316/893
f 2329/2316/2329 2007/2317/2007 1706/2458/1706
vt 0.0719640031456947 0.1745119988918304
f 2466/2459/2466 2457/2458/2457 2448/2317/2448
f 2469/2317/2469 2438/2318/2438 341/2459/341
vt 0.0719640031456947 0.1760250031948090
f 1953/2460/1953 992/2459/992 851/2318/851
f 1570/2318/1570 1791/2319/1791 1614/2460/1614
vt 0.0719640031456947 0.1775570064783096
f 727/2461/727 50/2460/50 479/2319/479
f 2383/2319/2383 291/2320/291 1862/2461/1862
vt 0.0719640031456947 0.1790799945592880
f 757/2462/757 2068/2461/2068 124/2320/124
f 392/2320/392 500/2321/500 379/2462/379
vt 0.0719640031456947 0.1806039959192276
f 2025/2463/2025 513/2462/513 376/2321/376
f 2248/2321/2248 2332/2322/2332 636/2463/636
vt 0.0719640031456947 0.1821269989013672
f 71/2464/71 1446/2463/1446 1425/2322/1425
f 1824/2322/1824 1280/2323/1280 875/2464/875
vt 0.0719640031456947 0.1836879998445511
f 2465/2465/2465 2440/2464/2440 336/2323/336
f 2181/2323/2181 355/2324/355 343/2465/343
vt 0.0719640031456947 0.1851769983768463
f 773/2466/773 1029/2465/1029 78/2324/78
f 2079/2324/2079 808/2325/808 2056/2466/2056
vt 0.0719640031456947 0.1866929978132248
f 1114/2467/1114 1123/2466/1123 1107/2325/1107
f 1026/2325/1026 764/2326/764 1009/2467/1009
vt 0.0719640031456947 0.1882289946079254
f 1828/2468/1828 1695/2467/1695 1191/2326/1191
f 342/2326/342 2446/2327/2446 234/2468/234
vt 0.0719640031456947 0.1897560060024261
f 489/2469/489 2038/2468/2038 384/2327/384
f 1013/2327/1013 1012/2328/1012 762/2469/762
vt 0.0719640031456947 0.1912840008735657
f 1323/2470/1323 405/2469/405 546/2328/546
f 1702/2328/1702 2342/2329/2342 2012/2470/2012
vt 0.0719640031456947 0.1928540021181107
f 1659/2471/1659 1685/2470/1685 1264/2329/1264
f 1887/2329/1887 623/2330/623 2411/2471/2411
vt 0.0719640031456947 0.1943420022726059
f 1453/2472/1453 1444/2471/1444 67/2330/67
f 1445/2330/1445 75/2331/75 74/2472/74
vt 0.0719640031456947 0.1958449929952621
f 2280/2473/2280 1549/2472/1549 198/2331/198
f 1741/2331/1741 1032/2332/1032 1759/2473/1759
vt 0.0719640031456947 0.1974039971828461
f 456/2474/456 2218/2473/2218 2201/2332/2201
f 1960/2332/1960 2144/2333/2144 1957/2474/1957
vt 0.0719640031456947 0.1989360004663467
f 38/2475/38 1650/2474/1650 1651/2333/1651
f 1885/2333/1885 325/2334/325 307/2475/307
vt 0.0719640031456947 0.2004690021276474
f 2397/2476/2397 587/2475/587 1881/2334/1881
f 2004/2334/2004 1706/2335/1706 2333/2476/2333
vt 0.0719640031456947 0.2020030021667480
f 1252/2477/1252 1286/2476/1286 1675/2335/1675
f 1217/2335/1217 403/2336/403 402/2477/402
vt 0.0719640031456947 0.2035389989614487
f 2390/2478/2390 2384/2477/2384 580/2336/580
f 1528/2336/1528 748/2337/748 1533/2478/1533
vt 0.0719640031456947 0.2050749957561493
f 1528/2479/1528 1716/2478/1716 1543/2337/1543
f 1881/2337/1881 342/2338/342 2464/2479/2464
vt 0.0719640031456947 0.2066130042076111
f 96/2480/96 2169/2479/2169 2081/2338/2081
f 374/2338/374 2029/2339/2029 481/2480/481
vt 0.0719640031456947 0.2080820053815842
f 1053/2481/1053 1769/2480/1769 1780/2339/1780
f 1337/2339/1337 573/2340/573 74/2481/74
vt 0.0719640031456947 0.2096920013427734
f 1225/2482/1225 1/2481/1 1335/2340/1335
f 1078/2340/1078 1142/2341/1142 1069/2482/1069
vt 0.0719640031456947 0.2112340033054352
f 1657/2483/1657 34/2482/34 732/2341/732
f 2057/2341/2057 108/2342/108 751/2483/751
vt 0.0719640031456947 0.2127780020236969
f 1645/2484/1645 2034/2483/2034 474/2342/474
f 2441/2342/2441 337/2343/337 2421/2484/2421
vt 0.0719640031456947 0.2143059968948364
f 1419/2485/1419 1077/2484/1077 1139/2343/1139
f 231/2343/231 605/2344/605 1961/2485/1961
vt 0.0719640031456947 0.2158679962158203
f 2153/2486/2153 1991/2485/1991 1969/2344/1969
f 2110/2344/2110 2371/2345/2371 470/2486/470
vt 0.0719640031456947 0.2174160033464432
f 2375/2487/2375 242/2486/242 812/2345/812
f 270/2345/270 267/2346/267 1785/2487/1785
vt 0.0719640031456947 0.2189120054244995
f 2294/2488/2294 2288/2487/2288 2003/2346/2003
f 2284/2346/2284 365/2347/365 177/2488/177
vt 0.0719640031456947 0.2204750031232834
f 2351/2489/2351 2100/2488/2100 2370/2347/2370
f 1432/2347/1432 1476/2348/1476 1426/2489/1426
vt 0.0719640031456947 0.2220699936151505
f 2466/2490/2466 316/2489/316 623/2348/623
f 148/2348/148 2489/2349/2489 157/2490/157
vt 0.0719640031456947 0.2235710024833679
f 964/2491/964 940/2490/940 956/2349/956
f 1437/2349/1437 1480/2350/1480 1466/2491/1466
vt 0.0719640031456947 0.2251340001821518
f 388/2492/388 502/2491/502 507/2350/507
f 1611/2350/1611 1558/2351/1558 1598/2492/1598
vt 0.0719640031456947 0.2267419993877411
f 1256/2493/1256 1691/2492/1691 1286/2351/1286
f 1438/2351/1438 71/2352/71 1488/2493/1488
vt 0.0789510011672974 0.0007759999716654
vt 0.0812809988856316 0.0015529999509454
vt 0.0812809988856316 0.0007759999716654
f 2455/2494/2455 2463/2495/2463 339/2496/339
vt 0.0766220018267632 0.0015529999509454
vt 0.0766220018267632 0.0007759999716654
f 1600/2497/1600 1586/2494/1586 1562/2498/1562
f 555/2495/555 901/2494/901 1320/2497/1320
vt 0.0754579976201057 0.0003879999858327
vt 0.0766220018267632 0.0003879999858327
f 68/2499/68 1450/2498/1450 1326/2500/1326
vt 0.0742930024862289 0.0007759999716654
vt 0.0742930024862289 0.0003879999858327
f 2316/2501/2316 210/2499/210 2299/2502/2299
f 2345/2498/2345 456/2499/456 427/2501/427
vt 0.0737110003829002 0.0001939999929164
vt 0.0742930024862289 0.0001939999929164
f 2111/2503/2111 803/2502/803 2080/2504/2080
vt 0.0731289982795715 0.0003879999858327
vt 0.0731289982795715 0.0001939999929164
f 2150/2505/2150 865/2503/865 1967/2506/1967
f 422/2502/422 572/2503/572 1223/2505/1223
vt 0.0728380009531975 0.0000969999964582
vt 0.0731289982795715 0.0000969999964582
f 616/2507/616 355/2506/355 2181/2508/2181
vt 0.0725459977984428 0.0001939999929164
vt 0.0725459977984428 0.0000969999964582
f 743/2509/743 2048/2507/2048 2064/2510/2064
f 414/2506/414 566/2507/566 559/2509/559
vt 0.0724740028381348 0.0000240000008489
vt 0.0725459977984428 0.0000489999983984
vt 0.0725459977984428 0.0000240000008489
f 1843/2511/1843 839/2512/839 1842/2513/1842
vt 0.0724010020494461 0.0000489999983984
vt 0.0724010020494461 0.0000240000008489
f 1843/2514/1843 838/2511/838 1181/2515/1181
f 1541/2512/1541 2281/2511/2281 193/2514/193
vt 0.0724010020494461 0.0000120000004245
vt 0.0724010020494461 0.0000060000002122
vt 0.0723640024662018 0.0000060000002122
f 990/2516/990 1792/2517/1792 1983/2518/1983
vt 0.0723640024662018 0.0000120000004245
f 1342/2518/1342 902/2519/902 553/2516/553
vt 0.0725459977984428 0.0000120000004245
vt 0.0724740028381348 0.0000120000004245
f 2105/2513/2105 2348/2520/2348 2101/2521/2101
f 751/2521/751 108/2511/108 118/2513/118
f 393/2511/393 927/2521/927 947/2516/947
f 2203/2516/2203 157/2515/157 1733/2511/1733
vt 0.0731289982795715 0.0000489999983984
vt 0.0728380009531975 0.0000489999983984
f 1914/2508/1914 928/2522/928 971/2523/971
f 1314/2523/1314 1999/2507/1999 926/2508/926
vt 0.0726919993758202 0.0000489999983984
f 1295/2524/1295 893/2507/893 719/2523/719
f 2000/2510/2000 2001/2524/2001 1711/2512/1711
f 1208/2507/1208 1731/2524/1731 2318/2510/2318
vt 0.0728380009531975 0.0000240000008489
vt 0.0726919993758202 0.0000240000008489
f 137/2523/137 129/2525/129 2282/2526/2282
f 1756/2526/1756 1033/2524/1033 1047/2523/1047
f 2488/2524/2488 186/2526/186 160/2513/160
f 2373/2513/2373 1383/2512/1383 10/2524/10
vt 0.0742930024862289 0.0000969999964582
vt 0.0737110003829002 0.0000969999964582
f 814/2504/814 6/2527/6 1383/2528/1383
f 1649/2528/1649 389/2503/389 478/2504/478
f 2260/2503/2260 2262/2528/2262 645/2508/645
f 1813/2508/1813 1175/2506/1175 892/2503/892
vt 0.0766220018267632 0.0001939999929164
vt 0.0754579976201057 0.0001939999929164
f 1622/2500/1622 1579/2529/1579 1868/2530/1868
f 1304/2530/1304 705/2499/705 890/2500/890
f 837/2499/837 1838/2530/1838 1179/2504/1179
f 1621/2504/1621 1618/2502/1618 1349/2499/1349
vt 0.0812809988856316 0.0003879999858327
vt 0.0789510011672974 0.0003879999858327
f 1185/2496/1185 1850/2531/1850 1847/2532/1847
f 1638/2532/1638 2014/2494/2014 488/2496/488
f 1638/2494/1638 488/2532/488 2014/2500/2014
f 1885/2500/1885 581/2498/581 1947/2494/1947
vt 0.0812809988856316 0.0062199998646975
vt 0.0812809988856316 0.0046589998528361
vt 0.0719640031456947 0.0046589998528361
f 2442/2533/2442 649/2534/649 2456/2535/2456
vt 0.0719640031456947 0.0062199998646975
f 1885/2535/1885 307/2536/307 1942/2533/1942
vt 0.0812809988856316 0.0093170003965497
vt 0.0812809988856316 0.0077769998461008
vt 0.0719640031456947 0.0077769998461008
f 1825/2537/1825 1855/2538/1855 1180/2539/1180
vt 0.0719640031456947 0.0093170003965497
f 2166/2539/2166 1374/2540/1374 1373/2537/1373
vt 0.0812809988856316 0.0108829997479916
f 287/2540/287 1359/2541/1359 280/2537/280
vt 0.0719640031456947 0.0124340001493692
vt 0.0812809988856316 0.0124340001493692
f 2287/2541/2287 633/2542/633 171/2543/171
vt 0.0812809988856316 0.0139859998598695
f 517/2544/517 2026/2543/2026 471/2542/471
vt 0.0719640031456947 0.0139859998598695
f 557/2542/557 411/2545/411 394/2544/394
vt 0.0812809988856316 0.0170850008726120
vt 0.0812809988856316 0.0155360000208020
vt 0.0719640031456947 0.0155360000208020
f 724/2546/724 690/2547/690 1305/2548/1305
vt 0.0719640031456947 0.0170850008726120
f 508/2548/508 374/2549/374 1832/2546/1832
vt 0.0812809988856316 0.0186340007930994
f 516/2550/516 704/2546/704 1655/2549/1655
vt 0.0719640031456947 0.0186340007930994
f 650/2549/650 652/2551/652 361/2550/361
vt 0.0812809988856316 0.0201820004731417
f 1136/2552/1136 758/2550/758 810/2551/810
vt 0.0719640031456947 0.0201820004731417
f 2438/2551/2438 304/2553/304 2416/2552/2416
vt 0.0812809988856316 0.0217310003936291
f 1741/2554/1741 451/2552/451 443/2553/443
vt 0.0719640031456947 0.0217310003936291
f 1233/2553/1233 954/2555/954 398/2554/398
vt 0.0812809988856316 0.0232779998332262
f 1238/2556/1238 415/2554/415 1437/2555/1437
vt 0.0719640031456947 0.0232779998332262
f 723/2555/723 720/2557/720 40/2556/40
vt 0.0812809988856316 0.0248930007219315
f 1166/2558/1166 1808/2556/1808 1856/2557/1856
vt 0.0719640031456947 0.0248930007219315
f 1787/2557/1787 1349/2559/1349 284/2558/284
vt 0.0812809988856316 0.0263720005750656
f 592/2560/592 2428/2558/2428 2454/2559/2454
vt 0.0719640031456947 0.0263720005750656
f 2426/2559/2426 2454/2561/2454 2410/2560/2410
vt 0.0812809988856316 0.0279190000146627
f 1087/2562/1087 439/2560/439 741/2561/741
vt 0.0719640031456947 0.0279190000146627
f 2105/2561/2105 2361/2563/2361 1513/2562/1513
vt 0.0812809988856316 0.0294649992138147
f 1293/2564/1293 893/2562/893 1295/2563/1295
vt 0.0719640031456947 0.0294649992138147
f 2433/2563/2433 659/2565/659 334/2564/334
vt 0.0812809988856316 0.0310110002756119
f 147/2566/147 2368/2564/2368 1509/2565/1509
vt 0.0719640031456947 0.0310110002756119
f 1150/2565/1150 1151/2567/1151 1067/2566/1067
vt 0.0812809988856316 0.0325560010969639
f 2365/2568/2365 1506/2566/1506 2221/2567/2221
vt 0.0719640031456947 0.0325560010969639
f 1238/2567/1238 1466/2569/1466 1312/2568/1312
vt 0.0812809988856316 0.0340999998152256
f 1148/2570/1148 1160/2568/1160 1068/2569/1068
vt 0.0719640031456947 0.0340999998152256
f 2090/2569/2090 84/2571/84 2157/2570/2157
vt 0.0812809988856316 0.0356139987707138
f 1494/2572/1494 73/2570/73 1493/2571/1493
vt 0.0719640031456947 0.0356139987707138
f 2207/2571/2207 2217/2573/2217 2216/2572/2216
vt 0.0812809988856316 0.0371869988739491
f 1058/2574/1058 1779/2572/1779 125/2573/125
vt 0.0719640031456947 0.0371869988739491
f 118/2573/118 740/2575/740 2063/2574/2063
vt 0.0812809988856316 0.0387290008366108
f 1668/2576/1668 20/2574/20 1686/2575/1686
vt 0.0719640031456947 0.0387290008366108
f 1124/2575/1124 1121/2577/1121 1123/2576/1123
vt 0.0812809988856316 0.0402709990739822
f 1428/2578/1428 1152/2576/1152 1074/2577/1074
vt 0.0719640031456947 0.0402709990739822
f 960/2577/960 1898/2579/1898 1065/2578/1065
vt 0.0812809988856316 0.0417530015110970
f 650/2580/650 2467/2578/2467 331/2579/331
vt 0.0719640031456947 0.0417530015110970
f 1937/2579/1937 594/2581/594 2422/2580/2422
vt 0.0812809988856316 0.0433529987931252
f 517/2582/517 493/2580/493 2027/2581/2027
vt 0.0719640031456947 0.0433529987931252
f 1027/2581/1027 785/2583/785 1007/2582/1007
vt 0.0812809988856316 0.0448919981718063
f 324/2584/324 307/2582/307 305/2583/305
vt 0.0719640031456947 0.0448919981718063
f 2062/2583/2062 122/2585/122 100/2584/100
vt 0.0812809988856316 0.0464419983327389
f 2055/2586/2055 125/2584/125 100/2585/100
vt 0.0719640031456947 0.0464419983327389
f 473/2585/473 2021/2587/2021 33/2586/33
vt 0.0812809988856316 0.0479700006544590
f 2345/2588/2345 2096/2586/2096 147/2587/147
vt 0.0719640031456947 0.0479700006544590
f 2033/2587/2033 1165/2589/1165 822/2588/822
vt 0.0812809988856316 0.0495080016553402
f 2429/2590/2429 2377/2588/2377 664/2589/664
vt 0.0719640031456947 0.0495080016553402
f 1055/2589/1055 155/2591/155 1718/2590/1718
vt 0.0812809988856316 0.0510450005531311
f 1144/2592/1144 781/2590/781 899/2591/899
f 998/2591/998 644/2354/644 1204/2592/1204
vt 0.0812809988856316 0.0525819994509220
f 1393/2593/1393 77/2592/77 1459/2354/1459
f 1540/2354/1540 1724/2353/1724 2265/2593/2265
vt 0.0812809988856316 0.0541179999709129
f 1360/2594/1360 1634/2593/1634 1590/2353/1590
f 2184/2353/2184 2136/2357/2136 1991/2594/1991
vt 0.0812809988856316 0.0556700006127357
f 298/2595/298 2416/2594/2416 1870/2357/1870
f 44/2357/44 1650/2359/1650 1655/2595/1655
vt 0.0812809988856316 0.0571880005300045
f 1138/2596/1138 1111/2595/1111 1088/2359/1088
f 1473/2359/1473 1416/2360/1416 1495/2596/1495
vt 0.0812809988856316 0.0587279982864857
f 506/2597/506 474/2596/474 2026/2360/2026
f 1289/2360/1289 1809/2363/1809 1844/2597/1844
vt 0.0812809988856316 0.0602560006082058
f 826/2598/826 834/2597/834 1274/2363/1274
f 388/2363/388 1852/2362/1852 1806/2598/1806
vt 0.0812809988856316 0.0617889985442162
f 372/2599/372 2038/2598/2038 491/2362/491
f 168/2362/168 1712/2366/1712 1713/2599/1713
vt 0.0812809988856316 0.0633959993720055
f 1915/2600/1915 1895/2599/1895 902/2366/902
f 276/2366/276 949/2368/949 1895/2600/1895
vt 0.0812809988856316 0.0648550018668175
f 530/2601/530 1408/2600/1408 1747/2368/1747
f 704/2368/704 379/2370/379 706/2601/706
vt 0.0812809988856316 0.0663869976997375
f 2378/2602/2378 13/2601/13 9/2370/9
f 315/2370/315 1944/2372/1944 334/2602/334
vt 0.0812809988856316 0.0679180026054382
f 1996/2603/1996 1992/2602/1992 1998/2372/1998
f 1086/2372/1086 1051/2374/1051 1771/2603/1771
vt 0.0812809988856316 0.0694499984383583
f 1910/2604/1910 965/2603/965 1896/2374/1896
f 2385/2374/2385 312/2376/312 2387/2604/2387
vt 0.0812809988856316 0.0709810033440590
f 1259/2605/1259 33/2604/33 1672/2376/1672
f 953/2376/953 899/2378/899 1896/2605/1896
vt 0.0812809988856316 0.0724809989333153
f 1210/2606/1210 1186/2605/1186 831/2378/831
f 2273/2378/2273 2220/2380/2220 137/2606/137
vt 0.0812809988856316 0.0740419998764992
f 1204/2607/1204 644/2606/644 646/2380/646
f 2117/2380/2117 991/2382/991 2176/2607/2176
vt 0.0812809988856316 0.0755719989538193
f 2488/2608/2488 164/2607/164 155/2382/155
f 941/2382/941 954/2384/954 1233/2608/1233
vt 0.0812809988856316 0.0771009996533394
f 1575/2609/1575 2381/2608/2381 1550/2384/1550
f 1463/2384/1463 1473/2386/1473 1495/2609/1495
vt 0.0812809988856316 0.0786300003528595
f 1295/2610/1295 1835/2609/1835 872/2386/872
f 1527/2386/1527 197/2388/197 1524/2610/1524
vt 0.0812809988856316 0.0801590010523796
f 840/2611/840 1803/2610/1803 1187/2388/1187
f 2140/2388/2140 1380/2390/1380 105/2611/105
vt 0.0812809988856316 0.0816359966993332
f 1570/2612/1570 1551/2611/1551 250/2390/250
f 1667/2390/1667 1260/2392/1260 871/2612/871
vt 0.0812809988856316 0.0832159966230392
f 2478/2613/2478 456/2612/456 2201/2392/2201
f 180/2392/180 2251/2394/2251 1701/2613/1701
vt 0.0812809988856316 0.0847449973225594
f 616/2614/616 223/2613/223 608/2394/608
f 813/2394/813 1390/2396/1390 819/2614/819
vt 0.0812809988856316 0.0862879976630211
f 917/2615/917 1232/2614/1232 940/2396/940
f 813/2396/813 1389/2398/1389 1388/2615/1388
vt 0.0812809988856316 0.0878000035881996
f 2383/2616/2383 290/2615/290 327/2398/327
f 935/2398/935 402/2400/402 972/2616/972
vt 0.0812809988856316 0.0893270000815392
f 592/2617/592 1578/2616/1578 1629/2400/1629
f 1501/2400/1501 2349/2402/2349 1519/2617/1519
vt 0.0812809988856316 0.0908539965748787
f 1205/2618/1205 2314/2617/2314 2319/2402/2319
f 630/2402/630 174/2404/174 2259/2618/2259
vt 0.0812809988856316 0.0923800021409988
f 1657/2619/1657 693/2618/693 1651/2404/1651
f 123/2404/123 2050/2405/2050 759/2619/759
vt 0.0812809988856316 0.0939060002565384
f 944/2620/944 1156/2619/1156 1075/2405/1075
f 97/2405/97 119/2406/119 760/2620/760
vt 0.0812809988856316 0.0953999981284142
f 162/2621/162 2483/2620/2483 2214/2406/2214
f 826/2406/826 1274/2407/1274 1166/2621/1166
vt 0.0812809988856316 0.0969569981098175
f 599/2622/599 1924/2621/1924 316/2407/316
f 1885/2407/1885 1864/2408/1864 581/2622/581
vt 0.0812809988856316 0.0984819978475571
f 2250/2623/2250 626/2622/626 627/2408/627
f 1310/2408/1310 1242/2409/1242 1200/2623/1200
vt 0.0812809988856316 0.1000059992074966
f 1463/2624/1463 1030/2623/1030 77/2409/77
f 93/2409/93 2068/2410/2068 2171/2624/2171
vt 0.0812809988856316 0.1015309989452362
f 1379/2625/1379 2168/2624/2168 1364/2410/1364
f 2072/2410/2072 2167/2411/2167 1366/2625/1366
vt 0.0812809988856316 0.1031259968876839
f 514/2626/514 483/2625/483 381/2411/381
f 453/2411/453 1102/2412/1102 1057/2626/1057
vt 0.0812809988856316 0.1045970022678375
f 2477/2627/2477 1727/2626/1727 2489/2412/2489
f 16/2412/16 8/2413/8 14/2627/14
vt 0.0812809988856316 0.1061019971966743
f 1745/2628/1745 1770/2627/1770 1048/2413/1048
f 1677/2413/1677 1257/2414/1257 1258/2628/1258
vt 0.0812809988856316 0.1076250001788139
f 1960/2629/1960 1957/2628/1957 854/2414/854
f 867/2414/867 1689/2415/1689 1292/2629/1292
vt 0.0812809988856316 0.1091400012373924
f 380/2630/380 1805/2629/1805 514/2415/514
f 374/2415/374 481/2416/481 477/2630/477
vt 0.0812809988856316 0.1106709986925125
f 1018/2631/1018 766/2630/766 907/2416/907
f 680/2416/680 637/2417/637 2320/2631/2320
vt 0.0812809988856316 0.1121930032968521
f 2382/2632/2382 586/2631/586 312/2417/312
f 2002/2417/2002 2251/2418/2251 631/2632/631
vt 0.0812809988856316 0.1136410012841225
f 1047/2633/1047 1133/2632/1133 155/2418/155
f 2316/2418/2316 2317/2419/2317 211/2633/211
vt 0.0812809988856316 0.1152380034327507
f 747/2634/747 2357/2633/2357 1498/2419/1498
f 505/2419/505 41/2420/41 706/2634/706
vt 0.0812809988856316 0.1167590022087097
f 2027/2635/2027 475/2634/475 506/2420/506
f 1167/2420/1167 844/2421/844 1810/2635/1810
vt 0.0812809988856316 0.1183080002665520
f 1854/2636/1854 844/2635/844 1849/2421/1849
f 1846/2421/1846 1850/2422/1850 1185/2636/1185
vt 0.0812809988856316 0.1198019981384277
f 1853/2637/1853 879/2636/879 1810/2422/1810
f 1670/2422/1670 834/2423/834 1177/2637/1177
vt 0.0812809988856316 0.1213190034031868
f 1301/2638/1301 1258/2637/1258 1680/2423/1680
f 1937/2423/1937 615/2424/615 1884/2638/1884
vt 0.0812809988856316 0.1228220015764236
f 581/2639/581 1864/2638/1864 1933/2424/1933
f 2220/2424/2220 159/2425/159 137/2639/137
vt 0.0812809988856316 0.1243640035390854
f 1059/2640/1059 1140/2639/1140 1432/2425/1432
f 76/2425/76 1431/2426/1431 1454/2640/1454
vt 0.0812809988856316 0.1258849948644638
f 1836/2641/1836 1827/2640/1827 1812/2426/1812
f 2397/2426/2397 2407/2427/2407 1882/2641/1882
vt 0.0812809988856316 0.1274050027132034
f 2203/2642/2203 1733/2641/1733 2275/2427/2275
f 734/2427/734 1644/2428/1644 36/2642/36
vt 0.0812809988856316 0.1288720071315765
f 49/2643/49 715/2642/715 683/2428/683
f 670/2428/670 2327/2429/2327 390/2643/390
vt 0.0812809988856316 0.1304450035095215
f 2433/2644/2433 601/2643/601 659/2429/659
f 1622/2429/1622 1868/2430/1868 1867/2644/1867
vt 0.0812809988856316 0.1319639980792999
f 1192/2645/1192 23/2644/23 1211/2430/1211
f 315/2430/315 2404/2431/2404 2388/2645/2388
vt 0.0812809988856316 0.1334840059280396
f 575/2646/575 1915/2645/1915 902/2431/902
f 1114/2431/1114 1762/2432/1762 1123/2646/1123
vt 0.0812809988856316 0.1350030004978180
f 1899/2647/1899 553/2646/553 902/2432/902
f 611/2432/611 2404/2433/2404 1892/2647/1892
vt 0.0812809988856316 0.1365219950675964
f 1034/2648/1034 1778/2647/1778 1036/2433/1036
f 1901/2433/1901 1317/2434/1317 905/2648/905
vt 0.0812809988856316 0.1380420029163361
f 2185/2649/2185 2390/2648/2390 580/2434/580
f 1838/2434/1838 847/2435/847 1175/2649/1175
vt 0.0812809988856316 0.1395609974861145
f 1233/2650/1233 398/2649/398 1229/2435/1229
f 344/2435/344 225/2436/225 621/2650/621
vt 0.0812809988856316 0.1410800069570541
f 329/2651/329 2405/2650/2405 316/2436/316
f 650/2436/650 361/2437/361 1972/2651/1972
vt 0.0812809988856316 0.1425999999046326
f 16/2652/16 817/2651/817 1386/2437/1386
f 1034/2437/1034 1036/2438/1036 1754/2652/1754
vt 0.0812809988856316 0.1441189944744110
f 1938/2653/1938 1575/2652/1575 1869/2438/1869
f 1583/2438/1583 1566/2439/1566 1613/2653/1613
vt 0.0812809988856316 0.1456380039453506
f 1565/2654/1565 1795/2653/1795 1592/2439/1592
f 2304/2439/2304 212/2440/212 211/2654/211
vt 0.0812809988856316 0.1471560001373291
f 714/2655/714 377/2654/377 476/2440/476
f 1963/2440/1963 1976/2441/1976 1975/2655/1975
vt 0.0812809988856316 0.1486749947071075
f 683/2656/683 714/2655/714 29/2441/29
f 1881/2441/1881 2410/2442/2410 1878/2656/1878
vt 0.0812809988856316 0.1501940041780472
f 147/2657/147 1532/2656/1532 1522/2442/1522
f 1923/2442/1923 548/2443/548 954/2657/954
vt 0.0812809988856316 0.1517129987478256
f 757/2658/757 124/2657/124 2042/2443/2042
f 1006/2443/1006 768/2444/768 1071/2658/1071
vt 0.0812809988856316 0.1532319933176041
f 1271/2659/1271 1297/2658/1297 892/2444/892
f 97/2444/97 760/2445/760 2048/2659/2048
vt 0.0812809988856316 0.1547510027885437
f 1316/2660/1316 567/2659/567 912/2445/912
f 1875/2445/1875 1939/2446/1939 300/2660/300
vt 0.0812809988856316 0.1562699973583221
f 1278/2661/1278 871/2660/871 1280/2446/1280
f 1664/2446/1664 684/2447/684 1660/2661/1660
vt 0.0812809988856316 0.1577890068292618
f 864/2662/864 1970/2661/1970 1977/2447/1977
f 1880/2447/1880 335/2448/335 586/2662/586
vt 0.0812809988856316 0.1593089997768402
f 71/2663/71 1425/2662/1425 1481/2448/1481
f 1865/2448/1865 2405/2449/2405 1876/2663/1876
vt 0.0812809988856316 0.1608279943466187
f 1417/2664/1417 75/2663/75 1445/2449/1445
f 2359/2449/2359 167/2450/167 1499/2664/1499
vt 0.0812809988856316 0.1623480021953583
f 146/2665/146 2215/2664/2215 2472/2450/2472
f 146/2450/146 2475/2451/2475 2222/2665/2222
vt 0.0812809988856316 0.1637919992208481
f 1279/2666/1279 715/2665/715 868/2451/868
f 815/2451/815 14/2452/14 8/2666/8
vt 0.0812809988856316 0.1653870046138763
f 2212/2667/2212 2196/2666/2196 2217/2452/2217
f 2317/2452/2317 1003/2453/1003 1213/2667/1213
vt 0.0812809988856316 0.1669069975614548
f 563/2668/563 417/2667/417 400/2453/400
f 1104/2453/1104 1095/2454/1095 1134/2668/1134
vt 0.0812809988856316 0.1684280037879944
f 730/2669/730 704/2668/704 703/2454/703
f 1752/2454/1752 2225/2455/2225 2211/2669/2211
vt 0.0812809988856316 0.1699479967355728
f 855/2670/855 2236/2669/2236 2174/2455/2174
f 1010/2455/1010 1065/2456/1065 1898/2670/1898
vt 0.0812809988856316 0.1714690029621124
f 421/2671/421 1221/2670/1221 1218/2456/1218
f 1450/2456/1450 1424/2457/1424 1477/2671/1477
vt 0.0812809988856316 0.1729909926652908
f 1251/2672/1251 1191/2671/1191 1695/2457/1695
f 919/2457/919 1628/2458/1628 1789/2672/1789
vt 0.0812809988856316 0.1745119988918304
f 2057/2673/2057 751/2672/751 752/2458/752
f 1148/2458/1148 1068/2459/1068 764/2673/764
vt 0.0812809988856316 0.1760250031948090
f 613/2674/613 352/2673/352 2406/2459/2406
f 231/2459/231 1887/2460/1887 605/2674/605
vt 0.0812809988856316 0.1775570064783096
f 2097/2675/2097 1502/2674/1502 2341/2460/2341
f 284/2460/284 294/2461/294 1786/2675/1786
vt 0.0812809988856316 0.1790799945592880
f 1324/2676/1324 1993/2675/1993 572/2461/572
f 201/2461/201 19/2462/19 1214/2676/1214
vt 0.0812809988856316 0.1806039959192276
f 1261/2677/1261 825/2676/825 52/2462/52
f 1987/2462/1987 977/2463/977 978/2677/978
vt 0.0812809988856316 0.1821269989013672
f 1125/2678/1125 744/2677/744 2054/2463/2054
f 1987/2463/1987 1955/2464/1955 1954/2678/1954
vt 0.0812809988856316 0.1836879998445511
f 2145/2679/2145 2130/2678/2130 2124/2464/2124
f 2447/2464/2447 2459/2465/2459 311/2679/311
vt 0.0812809988856316 0.1851769983768463
f 1570/2680/1570 262/2679/262 285/2465/285
f 1546/2465/1546 2160/2466/2160 430/2680/430
vt 0.0812809988856316 0.1866929978132248
f 1178/2681/1178 848/2680/848 835/2466/835
f 1271/2466/1271 1683/2467/1683 1288/2681/1288
vt 0.0812809988856316 0.1882289946079254
f 976/2682/976 1983/2681/1983 2175/2467/2175
f 800/2467/800 752/2468/752 756/2682/756
vt 0.0812809988856316 0.1897560060024261
f 830/2683/830 1177/2682/1177 1176/2468/1176
f 707/2468/707 1068/2469/1068 731/2683/731
vt 0.0812809988856316 0.1912840008735657
f 575/2684/575 1318/2683/1318 1579/2469/1579
f 326/2469/326 2397/2470/2397 1881/2684/1881
vt 0.0812809988856316 0.1928540021181107
f 2121/2685/2121 2118/2684/2118 2246/2470/2246
f 94/2470/94 1512/2471/1512 104/2685/104
vt 0.0812809988856316 0.1943420022726059
f 2257/2686/2257 2280/2685/2280 133/2471/133
f 1946/2471/1946 2386/2472/2386 591/2686/591
vt 0.0812809988856316 0.1958449929952621
f 267/2687/267 1782/2686/1782 1094/2472/1094
f 2228/2472/2228 2149/2473/2149 2148/2687/2148
vt 0.0812809988856316 0.1974039971828461
f 1049/2688/1049 2474/2687/2474 1772/2473/1772
f 904/2473/904 1914/2474/1914 900/2688/900
vt 0.0812809988856316 0.1989360004663467
f 588/2689/588 1937/2688/1937 2422/2474/2422
f 1302/2474/1302 731/2475/731 1160/2689/1160
vt 0.0812809988856316 0.2004690021276474
f 2097/2690/2097 1512/2689/1512 1500/2475/1500
f 91/2475/91 112/2476/112 1543/2690/1543
vt 0.0812809988856316 0.2020030021667480
f 1415/2691/1415 816/2690/816 1159/2476/1159
f 1054/2476/1054 1776/2477/1776 1116/2691/1116
vt 0.0812809988856316 0.2035389989614487
f 2212/2692/2212 2282/2691/2282 1414/2477/1414
f 1486/2477/1486 1425/2478/1425 1446/2692/1446
vt 0.0812809988856316 0.2050749957561493
f 2344/2693/2344 1529/2692/1529 2342/2478/2342
f 1765/2478/1765 1052/2479/1052 117/2693/117
vt 0.0812809988856316 0.2066130042076111
f 385/2694/385 695/2693/695 718/2479/718
f 1353/2479/1353 1617/2480/1617 1348/2694/1348
vt 0.0812809988856316 0.2080820053815842
f 1518/2695/1518 185/2694/185 1527/2480/1527
f 1624/2480/1624 1588/2481/1588 2141/2695/2141
vt 0.0812809988856316 0.2096920013427734
f 727/2696/727 376/2695/376 687/2481/687
f 185/2481/185 1534/2482/1534 87/2696/87
vt 0.0812809988856316 0.2112340033054352
f 1611/2697/1611 1793/2696/1793 1558/2482/1558
f 2333/2482/2333 2262/2483/2262 1713/2697/1713
vt 0.0812809988856316 0.2127780020236969
f 1442/2698/1442 1433/2697/1433 1418/2483/1418
f 990/2483/990 1973/2484/1973 1971/2698/1971
vt 0.0812809988856316 0.2143059968948364
f 2213/2699/2213 2484/2698/2484 2268/2484/2268
f 2377/2484/2377 2443/2485/2443 2374/2699/2374
vt 0.0812809988856316 0.2158679962158203
f 2336/2700/2336 2095/2699/2095 2485/2485/2485
f 227/2485/227 348/2486/348 610/2700/610
vt 0.0812809988856316 0.2174160033464432
f 794/2701/794 811/2700/811 1367/2486/1367
f 2423/2486/2423 2189/2487/2189 2122/2701/2122
vt 0.0812809988856316 0.2189120054244995
f 2448/2702/2448 2457/2701/2457 332/2487/332
f 705/2487/705 53/2488/53 1654/2702/1654
vt 0.0812809988856316 0.2204750031232834
f 1290/2703/1290 880/2702/880 1679/2488/1679
f 1353/2488/1353 286/2489/286 1795/2703/1795
vt 0.0812809988856316 0.2220699936151505
f 2207/2704/2207 2205/2703/2205 2273/2489/2273
f 951/2489/951 1801/2490/1801 1064/2704/1064
vt 0.0812809988856316 0.2235710024833679
f 1443/2705/1443 1485/2704/1485 59/2490/59
f 1053/2490/1053 1136/2491/1136 445/2705/445
vt 0.0812809988856316 0.2251340001821518
f 1463/2706/1463 1157/2705/1157 776/2491/776
f 180/2491/180 1701/2492/1701 175/2706/175
vt 0.0812809988856316 0.2267419993877411
f 1854/2707/1854 846/2706/846 1183/2492/1183
f 1369/2492/1369 90/2493/90 99/2707/99
vt 0.0901710018515587 0.0015529999509454
vt 0.0901710018515587 0.0007759999716654
vt 0.0857260003685951 0.0007759999716654
f 544/2708/544 1414/2709/1414 1105/2710/1105
vt 0.0857260003685951 0.0015529999509454
f 1382/2710/1382 7/2711/7 14/2708/14
f 1449/2711/1449 63/2710/63 1474/2496/1474
f 1929/2496/1929 336/2495/336 2440/2711/2440
vt 0.0901710018515587 0.0031059999018908
f 2477/2711/2477 2489/2712/2489 148/2708/148
vt 0.0812809988856316 0.0031059999018908
f 707/2713/707 731/2711/731 699/2495/699
f 1340/2712/1340 1914/2711/1914 569/2713/569
vt 0.0901710018515587 0.0046589998528361
f 1585/2714/1585 1564/2712/1564 249/2713/249
f 2434/2713/2434 2438/2534/2438 330/2714/330
vt 0.0901710018515587 0.0062199998646975
f 2301/2715/2301 217/2714/217 997/2534/997
f 1021/2534/1021 1022/2533/1022 779/2715/779
vt 0.0901710018515587 0.0077769998461008
f 2435/2716/2435 235/2715/235 2451/2533/2451
f 360/2533/360 665/2538/665 364/2716/364
vt 0.0901710018515587 0.0093170003965497
f 397/2717/397 576/2716/576 1237/2538/1237
f 1911/2538/1911 558/2537/558 1328/2717/1328
vt 0.0901710018515587 0.0108829997479916
f 1953/2718/1953 851/2717/851 1949/2537/1949
f 772/2537/772 1146/2541/1146 987/2718/987
vt 0.0901710018515587 0.0124340001493692
f 915/2719/915 1328/2718/1328 836/2541/836
f 861/2541/861 1980/2543/1980 989/2719/989
vt 0.0901710018515587 0.0139859998598695
f 2033/2720/2033 508/2719/508 1165/2543/1165
f 2472/2543/2472 2204/2544/2204 147/2720/147
vt 0.0901710018515587 0.0155360000208020
f 1824/2721/1824 875/2720/875 1821/2544/1821
f 264/2544/264 1553/2547/1553 1610/2721/1610
vt 0.0901710018515587 0.0170850008726120
f 385/2722/385 718/2721/718 711/2547/711
f 2243/2547/2243 2192/2546/2192 977/2722/977
vt 0.0901710018515587 0.0186340007930994
f 1865/2723/1865 1876/2722/1876 1893/2546/1893
f 2367/2546/2367 2113/2550/2113 2483/2723/2483
vt 0.0901710018515587 0.0201820004731417
f 2438/2724/2438 2458/2723/2458 337/2550/337
f 1757/2550/1757 1779/2552/1779 1058/2724/1058
vt 0.0901710018515587 0.0217310003936291
f 1227/2725/1227 1448/2724/1448 1330/2552/1330
f 1092/2552/1092 870/2554/870 1757/2725/1757
vt 0.0901710018515587 0.0232779998332262
f 2307/2726/2307 2322/2725/2322 2311/2554/2311
f 2460/2554/2460 11/2556/11 2374/2726/2374
vt 0.0901710018515587 0.0248930007219315
f 505/2727/505 475/2726/475 41/2556/41
f 695/2556/695 1662/2558/1662 733/2727/733
vt 0.0901710018515587 0.0263720005750656
f 1804/2728/1804 521/2727/521 1170/2558/1170
f 1292/2558/1292 1263/2560/1263 1290/2728/1290
vt 0.0901710018515587 0.0279190000146627
f 839/2729/839 1170/2728/1170 1171/2560/1171
f 1996/2560/1996 1998/2562/1998 246/2729/246
vt 0.0901710018515587 0.0294649992138147
f 1376/2730/1376 2171/2729/2171 2068/2562/2068
f 63/2562/63 73/2564/73 1474/2730/1474
vt 0.0901710018515587 0.0310110002756119
f 72/2731/72 1463/2730/1463 77/2564/77
f 1270/2564/1270 1271/2566/1271 1288/2731/1288
vt 0.0901710018515587 0.0325560010969639
f 360/2732/360 2468/2731/2468 323/2566/323
f 1161/2566/1161 765/2568/765 771/2732/771
vt 0.0901710018515587 0.0340999998152256
f 1656/2733/1656 2030/2732/2030 37/2568/37
f 992/2568/992 1989/2570/1989 2137/2733/2137
vt 0.0901710018515587 0.0356139987707138
f 221/2734/221 602/2733/602 656/2570/656
f 2315/2570/2315 205/2572/205 201/2734/201
vt 0.0901710018515587 0.0371869988739491
f 1960/2735/1960 854/2734/854 2239/2572/2239
f 483/2572/483 484/2574/484 381/2735/381
vt 0.0901710018515587 0.0387290008366108
f 2035/2736/2035 483/2735/483 514/2574/514
f 887/2574/887 890/2576/890 1288/2736/1288
vt 0.0901710018515587 0.0402709990739822
f 2418/2737/2418 1985/2736/1985 328/2576/328
f 1566/2576/1566 265/2578/265 1602/2737/1602
vt 0.0901710018515587 0.0417530015110970
f 1132/2738/1132 539/2737/539 1097/2578/1097
f 386/2578/386 1833/2580/1833 1839/2738/1839
vt 0.0901710018515587 0.0433529987931252
f 694/2739/694 719/2738/719 893/2580/893
f 1421/2580/1421 74/2582/74 1492/2739/1492
vt 0.0901710018515587 0.0448919981718063
f 2438/2740/2438 2456/2739/2456 649/2582/649
f 338/2582/338 2122/2584/2122 340/2740/340
vt 0.0901710018515587 0.0464419983327389
f 366/2741/366 1203/2740/1203 997/2584/997
f 373/2584/373 50/2586/50 2040/2741/2040
vt 0.0901710018515587 0.0479700006544590
f 2433/2742/2433 2450/2741/2450 241/2586/241
f 1357/2586/1357 1798/2588/1798 277/2742/277
vt 0.0901710018515587 0.0495080016553402
f 67/2743/67 1444/2742/1444 1421/2588/1421
f 689/2588/689 388/2590/388 507/2743/507
vt 0.0901710018515587 0.0510450005531311
f 843/2744/843 1803/2743/1803 1831/2590/1831
f 1649/2590/1649 29/2592/29 476/2744/476
vt 0.0901710018515587 0.0525819994509220
f 392/2745/392 516/2744/516 2015/2592/2015
f 1161/2592/1161 1074/2593/1074 1152/2745/1152
vt 0.0901710018515587 0.0541179999709129
f 939/2746/939 914/2745/914 1902/2593/1902
f 1813/2593/1813 1851/2594/1851 1819/2746/1819
vt 0.0901710018515587 0.0556700006127357
f 2226/2747/2226 145/2746/145 1718/2594/1718
f 754/2594/754 114/2595/114 742/2747/742
vt 0.0901710018515587 0.0571880005300045
f 1697/2748/1697 828/2747/828 829/2595/829
f 2090/2595/2090 2088/2596/2088 801/2748/801
vt 0.0901710018515587 0.0587279982864857
f 363/2749/363 332/2748/332 650/2596/650
f 363/2596/363 650/2597/650 332/2749/332
vt 0.0901710018515587 0.0602560006082058
f 573/2750/573 403/2749/403 74/2597/74
f 830/2597/830 1811/2598/1811 1850/2750/1850
vt 0.0901710018515587 0.0617889985442162
f 308/2751/308 305/2750/305 325/2598/325
f 519/2598/519 688/2599/688 2036/2751/2036
vt 0.0901710018515587 0.0633959993720055
f 852/2752/852 1951/2751/1951 2231/2599/2231
f 1641/2599/1641 482/2600/482 2029/2752/2029
vt 0.0901710018515587 0.0648550018668175
f 501/2753/501 685/2752/685 1641/2600/1641
f 700/2600/700 722/2601/722 1644/2753/1644
vt 0.0901710018515587 0.0663869976997375
f 90/2754/90 2157/2753/2157 99/2601/99
f 1789/2601/1789 1358/2602/1358 288/2754/288
vt 0.0901710018515587 0.0679180026054382
f 1148/2755/1148 764/2754/764 763/2602/763
f 632/2602/632 174/2603/174 173/2755/173
vt 0.0901710018515587 0.0694499984383583
f 1130/2756/1130 1057/2755/1057 1102/2603/1102
f 540/2603/540 1751/2604/1751 543/2756/543
vt 0.0901710018515587 0.0709810033440590
f 2039/2757/2039 486/2756/486 2018/2604/2018
f 2482/2604/2482 465/2605/465 470/2757/470
vt 0.0901710018515587 0.0724809989333153
f 923/2758/923 1903/2757/1903 1147/2605/1147
f 690/2605/690 1652/2606/1652 1689/2758/1689
vt 0.0901710018515587 0.0740419998764992
f 458/2759/458 2114/2758/2114 2102/2606/2102
f 1114/2606/1114 1107/2607/1107 1774/2759/1774
vt 0.0901710018515587 0.0755719989538193
f 1645/2760/1645 371/2759/371 471/2607/471
f 1872/2607/1872 296/2608/296 1940/2760/1940
vt 0.0901710018515587 0.0771009996533394
f 2203/2761/2203 2476/2760/2476 148/2608/148
f 2364/2608/2364 1508/2609/1508 1502/2761/1502
vt 0.0901710018515587 0.0786300003528595
f 418/2762/418 552/2761/552 551/2609/551
f 360/2609/360 305/2610/305 665/2762/665
vt 0.0901710018515587 0.0801590010523796
f 1337/2763/1337 74/2762/74 1462/2610/1462
f 600/2610/600 2398/2611/2398 2389/2763/2389
vt 0.0901710018515587 0.0816359966993332
f 1162/2764/1162 763/2763/763 764/2611/764
f 1279/2611/1279 868/2612/868 1277/2764/1277
vt 0.0901710018515587 0.0832159966230392
f 287/2765/287 280/2764/280 1799/2612/1799
f 2338/2612/2338 1522/2613/1522 429/2765/429
vt 0.0901710018515587 0.0847449973225594
f 1719/2766/1719 2319/2765/2319 2299/2613/2299
f 65/2613/65 1477/2614/1477 1458/2766/1458
vt 0.0901710018515587 0.0862879976630211
f 2037/2767/2037 2027/2766/2027 390/2614/390
f 958/2614/958 419/2615/419 1222/2767/1222
vt 0.0901710018515587 0.0878000035881996
f 121/2768/121 807/2767/807 737/2615/737
f 549/2615/549 1319/2616/1319 420/2768/420
vt 0.0901710018515587 0.0893270000815392
f 2075/2769/2075 2086/2768/2086 2102/2616/2102
f 1095/2616/1095 1772/2617/1772 1134/2769/1134
vt 0.0901710018515587 0.0908539965748787
f 786/2770/786 1146/2769/1146 988/2617/988
f 1238/2617/1238 1437/2618/1437 1466/2770/1466
vt 0.0901710018515587 0.0923800021409988
f 2427/2771/2427 2425/2770/2425 602/2618/602
f 663/2618/663 603/2619/603 221/2771/221
vt 0.0901710018515587 0.0939060002565384
f 158/2772/158 466/2771/466 2485/2619/2485
f 150/2619/150 2201/2620/2201 152/2772/152
vt 0.0901710018515587 0.0953999981284142
f 121/2773/121 2049/2772/2049 755/2620/755
f 634/2620/634 2262/2621/2262 2260/2773/2260
vt 0.0901710018515587 0.0969569981098175
f 1863/2774/1863 293/2773/293 1932/2621/1932
f 1889/2621/1889 2413/2622/2413 293/2774/293
vt 0.0901710018515587 0.0984819978475571
f 1893/2775/1893 1876/2774/1876 1863/2622/1863
f 1256/2622/1256 1286/2623/1286 1252/2775/1252
vt 0.0901710018515587 0.1000059992074966
f 2066/2776/2066 2069/2775/2069 85/2623/85
f 852/2623/852 2231/2624/2231 979/2776/979
vt 0.0901710018515587 0.1015309989452362
f 923/2777/923 762/2776/762 1903/2624/1903
f 846/2624/846 1169/2625/1169 825/2777/825
vt 0.0901710018515587 0.1031259968876839
f 283/2778/283 1608/2777/1608 1794/2625/1794
f 2073/2625/2073 2168/2626/2168 794/2778/794
vt 0.0901710018515587 0.1045970022678375
f 967/2779/967 1906/2778/1906 937/2626/937
f 1370/2626/1370 1764/2627/1764 111/2779/111
vt 0.0901710018515587 0.1061019971966743
f 517/2780/517 2041/2779/2041 493/2627/493
f 1432/2627/1432 1481/2628/1481 1425/2780/1425
vt 0.0901710018515587 0.1076250001788139
f 1430/2781/1430 1426/2780/1426 1154/2628/1154
f 436/2628/436 470/2629/470 469/2781/469
vt 0.0901710018515587 0.1091400012373924
f 1762/2782/1762 1774/2781/1774 1050/2629/1050
f 1292/2629/1292 1290/2630/1290 1265/2782/1265
vt 0.0901710018515587 0.1106709986925125
f 1136/2783/1136 810/2782/810 1377/2630/1377
f 971/2630/971 928/2631/928 955/2783/955
vt 0.0901710018515587 0.1121930032968521
f 615/2784/615 618/2783/618 1884/2631/1884
f 113/2631/113 90/2632/90 1376/2784/1376
vt 0.0901710018515587 0.1136410012841225
f 2271/2785/2271 193/2784/193 192/2632/192
f 2336/2632/2336 2470/2633/2470 2095/2785/2095
vt 0.0901710018515587 0.1152380034327507
f 1839/2786/1839 1815/2785/1815 1849/2633/1849
f 598/2633/598 1948/2634/1948 585/2786/585
vt 0.0901710018515587 0.1167590022087097
f 1016/2787/1016 1903/2786/1903 762/2634/762
f 1354/2634/1354 1633/2635/1633 248/2787/248
vt 0.0901710018515587 0.1183080002665520
f 203/2788/203 202/2787/202 214/2635/214
f 784/2635/784 1021/2636/1021 779/2788/779
vt 0.0901710018515587 0.1198019981384277
f 105/2789/105 96/2788/96 81/2636/81
f 96/2636/96 2081/2637/2081 2058/2789/2058
vt 0.0901710018515587 0.1213190034031868
f 1464/2790/1464 1422/2789/1422 63/2637/63
f 976/2637/976 1973/2638/1973 1983/2790/1983
vt 0.0901710018515587 0.1228220015764236
f 1846/2791/1846 830/2790/830 1850/2638/1850
f 1557/2638/1557 1598/2639/1598 251/2791/251
vt 0.0901710018515587 0.1243640035390854
f 1463/2792/1463 1495/2791/1495 1157/2639/1157
f 276/2639/276 942/2640/942 949/2792/949
vt 0.0901710018515587 0.1258849948644638
f 202/2793/202 820/2792/820 1694/2640/1694
f 862/2640/862 1955/2641/1955 1987/2793/1987
vt 0.0901710018515587 0.1274050027132034
f 1791/2794/1791 1800/2793/1800 1614/2641/1614
f 407/2641/407 566/2642/566 1224/2794/1224
vt 0.0901710018515587 0.1288720071315765
f 2435/2795/2435 345/2794/345 614/2642/614
f 1239/2642/1239 1339/2643/1339 922/2795/922
vt 0.0901710018515587 0.1304450035095215
f 1064/2796/1064 1801/2795/1801 1986/2643/1986
f 1599/2643/1599 1786/2644/1786 294/2796/294
vt 0.0901710018515587 0.1319639980792999
f 1656/2797/1656 500/2796/500 2030/2644/2030
f 2307/2644/2307 2311/2645/2311 2309/2797/2309
vt 0.0901710018515587 0.1334840059280396
f 2271/2798/2271 187/2797/187 131/2645/131
f 2083/2645/2083 1373/2646/1373 2161/2798/2161
vt 0.0901710018515587 0.1350030004978180
f 2453/2799/2453 2418/2798/2418 2421/2646/2421
f 593/2646/593 1933/2647/1933 1864/2799/1864
vt 0.0901710018515587 0.1365219950675964
f 671/2800/671 670/2799/670 627/2647/627
f 1521/2647/1521 1535/2648/1535 203/2800/203
vt 0.0901710018515587 0.1380420029163361
f 1535/2801/1535 1719/2800/1719 2299/2648/2299
f 1762/2648/1762 1051/2649/1051 1763/2801/1763
vt 0.0901710018515587 0.1395609974861145
f 175/2802/175 1701/2801/1701 2008/2649/2008
f 2185/2649/2185 2179/2650/2179 2462/2802/2462
vt 0.0901710018515587 0.1410800069570541
f 1541/2803/1541 1506/2802/1506 2348/2650/2348
f 147/2650/147 2204/2651/2204 2095/2803/2095
vt 0.0901710018515587 0.1425999999046326
f 1964/2804/1964 866/2803/866 986/2651/986
f 563/2651/563 400/2652/400 1221/2804/1221
vt 0.0901710018515587 0.1441189944744110
f 931/2805/931 930/2804/930 973/2652/973
f 2062/2652/2062 755/2653/755 122/2805/122
vt 0.0901710018515587 0.1456380039453506
f 172/2806/172 1713/2805/1713 2262/2653/2262
f 540/2653/540 1403/2654/1403 1751/2806/1751
vt 0.0901710018515587 0.1471560001373291
f 1769/2807/1769 188/2806/188 1042/2654/1042
f 1195/2654/1195 1307/2655/1307 4/2807/4
vt 0.0901710018515587 0.1486749947071075
f 228/2808/228 649/2807/649 2442/2655/2442
f 1542/2655/1542 2159/2656/2159 798/2808/798
vt 0.0901710018515587 0.1501940041780472
f 596/2809/596 1934/2808/1934 1881/2656/1881
f 2422/2656/2422 594/2657/594 1929/2809/1929
vt 0.0901710018515587 0.1517129987478256
f 418/2810/418 1333/2809/1333 552/2657/552
f 607/2657/607 306/2658/306 2405/2810/2405
vt 0.0901710018515587 0.1532319933176041
f 439/2811/439 441/2810/441 741/2658/741
f 2083/2658/2083 791/2659/791 792/2811/792
vt 0.0901710018515587 0.1547510027885437
f 1240/2812/1240 1322/2811/1322 411/2659/411
f 452/2659/452 537/2660/537 1752/2812/1752
vt 0.0901710018515587 0.1562699973583221
f 81/2813/81 96/2812/96 118/2660/118
f 1661/2660/1661 713/2661/713 54/2813/54
vt 0.0901710018515587 0.1577890068292618
f 671/2814/671 676/2813/676 630/2661/630
f 49/2661/49 683/2662/683 1661/2814/1661
vt 0.0901710018515587 0.1593089997768402
f 1052/2815/1052 185/2814/185 87/2662/87
f 1311/2662/1311 1994/2663/1994 243/2815/243
vt 0.0901710018515587 0.1608279943466187
f 548/2816/548 1331/2815/1331 1229/2663/1229
f 398/2663/398 954/2664/954 548/2816/548
vt 0.0901710018515587 0.1623480021953583
f 393/2817/393 959/2816/959 1241/2664/1241
f 1469/2664/1469 1074/2665/1074 1017/2817/1017
vt 0.0901710018515587 0.1637919992208481
f 1313/2818/1313 402/2817/402 1219/2665/1219
f 637/2665/637 2264/2666/2264 2320/2818/2320
vt 0.0901710018515587 0.1653870046138763
f 2378/2819/2378 15/2818/15 12/2666/12
f 2473/2666/2473 161/2667/161 146/2819/146
vt 0.0901710018515587 0.1669069975614548
f 1529/2820/1529 198/2819/198 1549/2667/1549
f 2083/2667/2083 1407/2668/1407 525/2820/525
vt 0.0901710018515587 0.1684280037879944
f 1946/2821/1946 1938/2820/1938 1883/2668/1883
f 373/2668/373 521/2669/521 499/2821/499
vt 0.0901710018515587 0.1699479967355728
f 1166/2822/1166 1856/2821/1856 842/2669/842
f 1574/2669/1574 1591/2670/1591 1610/2822/1610
vt 0.0901710018515587 0.1714690029621124
f 1631/2823/1631 1577/2822/1577 1619/2670/1619
f 95/2670/95 2054/2671/2054 2346/2823/2346
vt 0.0901710018515587 0.1729909926652908
f 416/2824/416 570/2823/570 554/2671/554
f 861/2671/861 1359/2672/1359 239/2824/239
vt 0.0901710018515587 0.1745119988918304
f 915/2825/915 836/2824/836 1255/2672/1255
f 1847/2672/1847 1823/2673/1823 504/2825/504
vt 0.0901710018515587 0.1760250031948090
f 1488/2826/1488 56/2825/56 1439/2673/1439
f 1402/2673/1402 1613/2674/1613 1561/2826/1561
vt 0.0901710018515587 0.1775570064783096
f 1072/2827/1072 1028/2826/1028 778/2674/778
f 444/2674/444 1736/2675/1736 2167/2827/2167
vt 0.0901710018515587 0.1790799945592880
f 1502/2828/1502 2363/2827/2363 465/2675/465
f 2397/2675/2397 1867/2676/1867 587/2828/587
vt 0.0901710018515587 0.1806039959192276
f 1104/2829/1104 1134/2828/1134 1039/2676/1039
f 1912/2676/1912 896/2677/896 1332/2829/1332
vt 0.0901710018515587 0.1821269989013672
f 1315/2830/1315 1320/2829/1320 560/2677/560
f 144/2677/144 2279/2678/2279 2280/2830/2280
vt 0.0901710018515587 0.1836879998445511
f 463/2831/463 144/2830/144 2274/2678/2274
f 1315/2678/1315 549/2679/549 399/2831/399
vt 0.0901710018515587 0.1851769983768463
f 1609/2832/1609 1593/2831/1593 1602/2679/1602
f 2414/2679/2414 661/2680/661 362/2832/362
vt 0.0901710018515587 0.1866929978132248
f 2060/2833/2060 742/2832/742 103/2680/103
f 707/2680/707 728/2681/728 1639/2833/1639
vt 0.0901710018515587 0.1882289946079254
f 2294/2834/2294 2003/2833/2003 166/2681/166
f 1151/2681/1151 1491/2682/1491 1067/2834/1067
vt 0.0901710018515587 0.1897560060024261
f 1137/2835/1137 1106/2834/1106 1093/2682/1093
f 1294/2682/1294 873/2683/873 1281/2835/1281
vt 0.0901710018515587 0.1912840008735657
f 2363/2836/2363 2110/2835/2110 465/2683/465
f 1150/2683/1150 1073/2684/1073 1151/2836/1151
vt 0.0901710018515587 0.1928540021181107
f 239/2837/239 612/2836/612 1958/2684/1958
f 673/2684/673 2002/2685/2002 631/2837/631
vt 0.0901710018515587 0.1943420022726059
f 1976/2838/1976 992/2837/992 1953/2685/1953
f 1062/2685/1062 1495/2686/1495 1416/2838/1416
vt 0.0901710018515587 0.1958449929952621
f 1639/2839/1639 728/2838/728 47/2686/47
f 919/2686/919 1789/2687/1789 266/2839/266
vt 0.0901710018515587 0.1974039971828461
f 2354/2840/2354 1516/2839/1516 2111/2687/2111
f 434/2687/434 468/2688/468 1534/2840/1534
vt 0.0901710018515587 0.1989360004663467
f 1650/2841/1650 52/2840/52 1655/2688/1655
f 1671/2688/1671 1250/2689/1250 1268/2841/1268
vt 0.0901710018515587 0.2004690021276474
f 133/2842/133 1520/2841/1520 424/2689/424
f 190/2689/190 109/2690/109 1726/2842/1726
vt 0.0901710018515587 0.2020030021667480
f 2052/2843/2052 89/2842/89 109/2690/109
f 709/2690/709 1707/2691/1707 712/2843/712
vt 0.0901710018515587 0.2035389989614487
f 2324/2844/2324 2260/2843/2260 645/2691/645
f 704/2691/704 706/2692/706 710/2844/710
vt 0.0901710018515587 0.2050749957561493
f 68/2845/68 1326/2844/1326 546/2692/546
f 1334/2692/1334 1216/2693/1216 1219/2845/1219
vt 0.0901710018515587 0.2066130042076111
f 1255/2846/1255 1256/2845/1256 1676/2693/1676
f 345/2693/345 1881/2694/1881 610/2846/610
vt 0.0901710018515587 0.2080820053815842
f 2208/2847/2208 2106/2846/2106 1511/2694/1511
f 1508/2694/1508 132/2695/132 2339/2847/2339
vt 0.0901710018515587 0.2096920013427734
f 189/2848/189 1726/2847/1726 1543/2695/1543
f 1433/2695/1433 1472/2696/1472 1479/2848/1479
vt 0.0901710018515587 0.2112340033054352
f 2470/2849/2470 159/2848/159 2368/2696/2368
f 2356/2696/2356 426/2697/426 147/2849/147
vt 0.0901710018515587 0.2127780020236969
f 1687/2850/1687 892/2849/892 1175/2697/1175
f 1615/2697/1615 1625/2698/1625 1785/2850/1785
vt 0.0901710018515587 0.2143059968948364
f 398/2851/398 548/2850/548 1229/2698/1229
f 1700/2698/1700 1537/2699/1537 2009/2851/2009
vt 0.0901710018515587 0.2158679962158203
f 39/2852/39 1649/2851/1649 486/2699/486
f 1448/2699/1448 1493/2700/1493 1422/2852/1422
vt 0.0901710018515587 0.2174160033464432
f 1777/2853/1777 1045/2852/1045 1038/2700/1038
f 1633/2700/1633 1965/2701/1965 1589/2853/1589
vt 0.0901710018515587 0.2189120054244995
f 2305/2854/2305 2312/2853/2312 2320/2701/2320
f 1836/2701/1836 1244/2702/1244 1282/2854/1282
vt 0.0901710018515587 0.2204750031232834
f 1541/2855/1541 1516/2854/1516 1536/2702/1536
f 1890/2702/1890 304/2703/304 350/2855/350
vt 0.0901710018515587 0.2220699936151505
f 1540/2856/1540 467/2855/467 1525/2703/1525
f 2401/2703/2401 1349/2704/1349 1618/2856/1618
vt 0.0901710018515587 0.2235710024833679
f 2183/2857/2183 228/2856/228 2129/2704/2129
f 1630/2704/1630 1798/2705/1798 1357/2857/1357
vt 0.0901710018515587 0.2251340001821518
f 783/2858/783 1418/2857/1418 1451/2705/1451
f 1556/2705/1556 1574/2706/1574 247/2858/247
vt 0.0901710018515587 0.2267419993877411
f 1026/2859/1026 1083/2858/1083 764/2706/764
f 952/2706/952 961/2707/961 936/2859/936
vt 0.0993430018424988 0.0031059999018908
vt 0.0993430018424988 0.0015529999509454
f 432/2860/432 2267/2861/2267 132/2708/132
f 1208/2708/1208 1005/2712/1005 1731/2860/1731
vt 0.0993430018424988 0.0046589998528361
f 1660/2862/1660 684/2860/684 715/2712/715
f 1287/2712/1287 1811/2714/1811 880/2862/880
vt 0.0993430018424988 0.0062199998646975
f 2337/2863/2337 1512/2862/1512 94/2714/94
f 2108/2714/2108 2206/2715/2206 2205/2863/2205
# 4592 faces, 2863 coords texture

# End of File
