####
#
# OBJ File Generated by Meshlab
#
####
# Object base_link_0.obj
#
# Vertices: 907
# Faces: 1854
#
####
mtllib ./base_link_0.obj.mtl

vn -4.4078890631109537 -4.0842279112601219 1.8233368967935013
v 0.0977500000000000 -0.0079210000000000 0.0035970000000000
vn -6.2831853071795862 0.0000000000000057 -0.0000000000000075
v 0.0962000000000000 -0.0032200000000000 0.0004390000000000
vn -5.2622233716879920 1.5517437946901975 2.0736267850662156
v 0.0976538461538462 0.0050513846153846 0.0069642307692308
vn -5.2812297798476866 -1.8840083877348932 1.8513404359517756
v 0.0976458333333333 -0.0061912083333333 0.0059504166666667
vn -5.2661660412592175 -1.8621576866301990 0.7934477724923712
v 0.0975000000000000 -0.0076940000000000 0.0034950000000000
vn -5.2776761842724138 2.0484420056781434 1.3173957714736024
v 0.0975937500000000 0.0075543750000000 0.0039802500000000
vn -3.2837108560242472 2.2317993880044327 2.4948597219010713
v 0.0975000000000000 0.0043530000000000 0.0048270000000000
vn -5.3049715317763786 1.5661019020953986 1.8977823625390702
v 0.0976363636363636 0.0056434545454545 0.0064710909090909
vn -2.1638089730587953 4.7480490020121628 2.3318374313321377
v 0.0980000000000000 0.0080446363636364 0.0039092727272727
vn -2.1009942103944397 3.7422887240852134 -3.7755056544961132
v 0.0980000000000000 0.0062760000000000 -0.0063725000000000
vn -2.2288805034623476 2.2330208543624770 -4.7443351104620568
v 0.0980000000000000 0.0038850000000000 -0.0080630000000000
vn 3.0457512509974030 2.9536628971514065 1.0568751765543973
v 0.0990000000000000 0.0084230909090909 0.0030024545454545
vn -6.2831853071795853 0.0000000000000245 0.0000000000000305
v 0.0962000000000000 -0.0020490000000000 -0.0030010000000000
vn -2.9920563854029636 -2.0983042085587638 -2.3262959384793560
v 0.0962000000000000 -0.0043530000000000 -0.0048270000000000
vn -5.2851619223481450 -1.4559034429021245 -2.0910184430481458
v 0.0976458333333333 -0.0049397500000000 -0.0070341666666667
vn -3.2844705790006063 -1.8410461082337288 -2.7814989990073875
v 0.0975000000000000 -0.0035850000000000 -0.0054220000000000
vn -5.2168471524990609 -1.8433049064530564 -2.0803125952891608
v 0.0976458333333333 -0.0061055833333333 -0.0060459166666667
vn -2.1437887332370167 -3.9544988297495611 3.2998729642559574
v 0.0980000000000000 -0.0069400000000000 0.0056520000000000
vn -2.1143626094738797 3.4695815612371139 4.0154622427304476
v 0.0980000000000000 0.0059010000000000 0.0067290000000000
vn 3.0572455066175346 -2.5377408446105125 1.8416541445018408
v 0.0990000000000000 -0.0073285833333333 0.0051245833333333
vn -2.1451339026491616 -5.0127394301000265 1.7959070129958132
v 0.0980000000000000 -0.0083978181818182 0.0030776363636364
vn -2.1671975056833181 -4.5613189441004005 2.7396437161714644
v 0.0980000000000000 -0.0076890000000000 0.0045810000000000
vn 3.0270089716113278 1.8464024785402364 2.5322432223534830
v 0.0990000000000000 0.0052996363636364 0.0072028181818182
vn 3.0206739949710624 1.4533214724388770 2.7780239872888015
v 0.0990000000000000 0.0040540000000000 0.0079700000000000
vn 2.9779612832601301 -2.2298215870053606 2.1974839594494640
v 0.0990000000000000 -0.0063270000000000 0.0063190000000000
vn 3.0423092600065895 -2.7701159010393002 1.4701277249774223
v 0.0990000000000000 -0.0078900000000000 0.0042240000000000
vn -6.2831853071795862 -0.0000000000000057 0.0000000000000075
v 0.0962000000000000 0.0032200000000000 -0.0004390000000000
vn -2.9920563854029609 2.0983042085587673 2.3262959384793302
v 0.0962000000000000 0.0043530000000000 0.0048270000000000
vn -5.0333793283927299 1.9986545102394935 0.5850812336974798
v 0.0975000000000000 0.0078210000000000 0.0031980000000000
vn -5.2306685384755340 -1.3814421674090909 2.3603547532469165
v 0.0976363636363636 -0.0050820909090909 0.0069162727272727
vn -2.1352828705203950 4.9869912392155769 1.7763696159930715
v 0.0980000000000000 0.0084390000000000 0.0029800000000000
vn 2.9710947384677753 2.7786740176416602 1.4456807942940435
v 0.0990000000000000 0.0079720000000000 0.0040680000000000
vn 3.0154656089918754 2.1297784041290435 -2.3005433526949681
v 0.0990000000000000 0.0060110000000000 -0.0066203333333333
vn 3.0445419285364692 1.3550322819228557 -2.8306021316696630
v 0.0990000000000000 0.0039010000000000 -0.0080550000000000
vn -6.2831853071795862 0.0000000000000284 0.0000000000000268
v 0.0962000000000000 0.0038790000000000 0.0043910000000000
vn -6.2831853071795862 -0.0000000000000302 -0.0000000000000230
v 0.0962000000000000 0.0034400000000000 0.0011710000000000
vn -6.2831853071795853 0.0000000000000000 0.0000000000000000
v 0.0962000000000000 0.0000000000000000 0.0000000000000000
vn -4.1694190194045637 2.4816778103241850 1.5854569472573252
v 0.0962000000000000 0.0054117272727273 0.0029106363636364
vn -5.0265215920867838 1.5546353676324518 1.2582944781361669
v 0.0975000000000000 0.0064720000000000 0.0054330000000000
vn -3.5200146122356499 2.6966660003204685 1.8852292361949405
v 0.0975000000000000 0.0050240000000000 0.0041240000000000
vn -2.1825474712910644 3.1436882422685239 -4.2684004175891923
v 0.0980000000000000 0.0052815000000000 -0.0072180000000000
vn 3.0490696808619080 1.6046634159447568 -2.6972659142967208
v 0.0990000000000000 0.0045610000000000 -0.0077010000000000
vn -2.9405928227132754 -3.0553529557014070 -0.6600476741425112
v 0.0962000000000000 -0.0063160000000000 -0.0015360000000000
vn -2.9400498266158563 -1.9605578355802344 2.4345490511601251
v 0.0962000000000000 -0.0040258461538462 0.0050810769230769
vn -2.9501935003712672 -1.4547392631578397 2.7682528442400240
v 0.0962000000000000 -0.0029030000000000 0.0058160000000000
vn -3.3346365538530556 -3.3215986522947163 -0.0419729604897813
v 0.0975000000000000 -0.0064814666666667 -0.0000591333333333
vn -5.2611968847135433 0.6597274544274566 2.4665894595950721
v 0.0976363636363636 0.0020230909090909 0.0083439090909091
vn -5.2927587994583005 -2.2613004937689007 0.5744890721719070
v 0.0975882352941176 -0.0083043529411765 0.0019669411764706
vn -2.2217373976660379 -1.7321944371657874 -4.9316028599029433
v 0.0980000000000000 -0.0031080000000000 -0.0083930000000000
vn -2.2179219052783097 -4.4075168826522813 -2.8599850625280681
v 0.0980000000000000 -0.0075900000000000 -0.0047430000000000
vn 2.9725678982302579 -2.8331453593857150 -1.3434828451382905
v 0.0990000000000000 -0.0081350000000000 -0.0037310000000000
vn 3.0290768745278291 -3.1279384465045146 0.2434586605386232
v 0.0990000000000000 -0.0089260000000000 0.0006500000000000
vn 3.0327455346226930 -1.4193956834166039 -2.7963582644087221
v 0.0990000000000000 -0.0040580000000000 -0.0079770000000000
vn 3.0383820288003038 -2.4911565577653008 -1.9046953952206822
v 0.0990000000000000 -0.0071755000000000 -0.0053365000000000
vn -6.2831853071795862 0.0000000000000266 -0.0000000000000036
v 0.0962000000000000 -0.0030010000000000 0.0020490000000000
vn -2.9353163182382382 -2.4146057136695469 1.9835996707621899
v 0.0962000000000000 -0.0051390000000000 0.0039800000000000
vn -3.2878803216188812 -2.8093899091102221 1.6440690628167407
v 0.0975000000000000 -0.0056750000000000 0.0031700000000000
vn -5.2720539474261461 -2.2856486982499966 1.2955624719484593
v 0.0976250000000000 -0.0070705000000000 0.0048485000000000
vn 3.0156958506516065 -1.9041319638043246 -2.4925040800830827
v 0.0990000000000000 -0.0053310000000000 -0.0071890000000000
vn 3.0197252321545882 -2.1949254521922459 -2.2385587510926999
v 0.0990000000000000 -0.0061850000000000 -0.0064580000000000
vn -6.2831853071795862 0.0000000000000146 0.0000000000000120
v 0.0962000000000000 -0.0036590000000000 -0.0027810000000000
vn -6.2831853071795862 -0.0000000000000113 -0.0000000000000107
v 0.0962000000000000 -0.0022690000000000 -0.0046110000000000
vn -6.2831853071795862 -0.0000000000000001 -0.0000000000000008
v 0.0962000000000000 -0.0006580000000000 -0.0048300000000000
vn -2.1606330762338239 -4.7771480036080662 2.3263472397520415
v 0.0980000000000000 -0.0080030000000000 0.0040070000000000
vn -2.1338344760471659 -3.6676996496867980 3.7829826073869071
v 0.0980000000000000 -0.0062760000000000 0.0063725000000000
vn -2.1701788395209700 2.3972894403452933 4.6972925101062746
v 0.0980000000000000 0.0040045000000000 0.0079975000000000
vn -2.1479518726760647 2.9735723088210020 4.3837136261773910
v 0.0980000000000000 0.0051508181818182 0.0073120000000000
vn 3.0501848843216743 -2.9333445634018358 1.1136160933431767
v 0.0990000000000000 -0.0083621818181818 0.0031671818181818
vn 6.2831853071795871 0.0000000000000000 0.0000000000000000
v 0.0990000000000000 -0.0060470000000000 0.0053410000000000
vn -4.5058963160277203 -1.5663399703936622 -4.0836426367847469
v 0.0977500000000000 -0.0032055000000000 -0.0080765000000000
vn -2.9912486686753978 -0.8798354927685943 -3.0066305788892089
v 0.0962000000000000 -0.0018280000000000 -0.0062380000000000
vn -2.9919465034633794 -2.6902315379571382 -1.6053369752887656
v 0.0962000000000000 -0.0055830000000000 -0.0033290000000000
vn -2.9913643061770943 -2.8997839110280159 -1.1854436467643930
v 0.0962000000000000 -0.0060170000000000 -0.0024600000000000
vn -3.2873614169684591 -0.4822628562520954 -3.2110806470363853
v 0.0975000000000000 -0.0008780000000000 -0.0064400000000000
vn -5.3110128064236521 -2.1987158462516367 -1.4127856665120759
v 0.0976304347826087 -0.0073967391304348 -0.0043300000000000
vn -2.1763699350462855 -5.1910583090070679 1.1235717644270486
v 0.0980000000000000 -0.0087505000000000 0.0018515000000000
vn -2.2058291979630811 0.5463874109186919 5.2651688614978980
v 0.0980000000000000 0.0008835000000000 0.0089005000000000
vn -2.2013973714907111 1.2628096169800580 5.1517707747584796
v 0.0980000000000000 0.0021700000000000 0.0086765000000000
vn 3.0313621988738078 1.0942475374281517 2.9397085445774676
v 0.0990000000000000 0.0030260000000000 0.0084230000000000
vn 3.0275013653695204 0.0054965376989483 3.1366493013828110
v 0.0990000000000000 0.0000880000000000 0.0089500000000000
vn 2.9823192786682595 -3.1033250474469258 0.4514248628117728
v 0.0990000000000000 -0.0088410000000000 0.0013940000000000
vn 6.2831853071795871 0.0000000000000000 0.0000000000000000
v 0.0990000000000000 -0.0038300000000000 0.0050380000000000
vn -2.4848052822792979 1.8181223966576825 -2.3531656511637378
v 0.0962000000000000 0.0051390000000000 -0.0039800000000000
vn -2.8943516814019525 2.0070124523928818 -2.3483006604603300
v 0.0962000000000000 0.0037370000000000 -0.0053180000000000
vn -2.9914374421247292 1.3998159915639625 -2.8026046033004315
v 0.0962000000000000 0.0029030000000000 -0.0058160000000000
vn -4.9943663512521947 0.7792029976155034 -2.1024907110567828
v 0.0975000000000000 0.0033490000000000 -0.0077580000000000
vn -5.2600365453341320 -0.0554839660456503 -2.1211331746233482
v 0.0975000000000000 -0.0002508181818182 -0.0084403636363636
vn -3.2862423948102983 0.9400230463266123 -3.1504644602240806
v 0.0975000000000000 0.0020030000000000 -0.0061840000000000
vn -5.2317794360217302 1.9659076882498558 -0.8626074526284351
v 0.0975000000000000 0.0078230000000000 -0.0031940000000000
vn -3.8488661489788587 2.4050896166363080 -2.0806092989792346
v 0.0975000000000000 0.0044880000000000 -0.0047020000000000
vn -3.2889910581641661 3.0307108365147117 -1.1434806565677855
v 0.0975000000000000 0.0060840000000000 -0.0022890000000000
vn -5.2559863149013077 2.5027896624168600 -0.0315144938102187
v 0.0976250000000000 0.0085730000000000 -0.0001260000000000
vn -2.2302042551021786 4.9494091733714978 -1.7769260636754360
v 0.0980000000000000 0.0083875000000000 -0.0031055000000000
vn 2.9985883777153264 -0.7610769041278078 3.0399670064660702
v 0.0990000000000000 -0.0021410000000000 0.0086900000000000
vn 3.0622978046291118 3.0406731788217023 -0.7743410134987234
v 0.0990000000000000 0.0086705833333333 -0.0021876666666667
vn 6.2831853071795880 0.0000000000000031 -0.0000000000000071
v 0.0990000000000000 -0.0013100000000000 0.0069530000000000
vn -6.2831853071795862 -0.0000000000000168 -0.0000000000000001
v 0.0962000000000000 -0.0025620000000000 0.0052690000000000
vn -6.2831853071795862 0.0000000000000203 0.0000000000000043
v 0.0962000000000000 -0.0027810000000000 0.0036590000000000
vn -2.9438808819543931 -3.0723660969358226 0.5774174024381624
v 0.0962000000000000 -0.0063570000000000 0.0013570000000000
vn -2.9923066200267581 -0.5094603878350148 3.0911433603416896
v 0.0962000000000000 -0.0010590000000000 0.0064130000000000
vn -5.2831525449891119 -2.3549702246533877 0.0381943256740752
v 0.0975937500000000 -0.0085385000000000 0.0000936875000000
vn -3.2884284209984598 -3.0472351371004054 1.0926903541915036
v 0.0975000000000000 -0.0060840000000000 0.0022890000000000
vn -5.3131878577521015 -0.0955222928556201 2.3682748957472617
v 0.0975972222222222 -0.0000208888888889 0.0085404444444444
vn -3.2867570284810430 -1.0320991182249897 3.1434685914458753
v 0.0975000000000000 -0.0020030000000000 0.0061840000000000
vn -2.1457786623287554 -2.6088633418981093 -4.6142210131720010
v 0.0980000000000000 -0.0042970000000000 -0.0078510000000000
vn -2.1682094634098061 -4.9555625206980451 -1.9290958621171592
v 0.0980000000000000 -0.0083299090909091 -0.0032563636363636
vn -2.2172987689254264 -5.2897813641582472 -0.0692547943454287
v 0.0980000000000000 -0.0089435000000000 -0.0000950000000000
vn -2.1420180121315977 -0.7471302977014320 -5.2567458749348095
v 0.0980000000000000 -0.0012090000000000 -0.0088680000000000
vn 3.0500056449175208 -3.1258986165727340 -0.2832320047187720
v 0.0990000000000000 -0.0089100000000000 -0.0008480000000000
vn 3.0140169992111399 -3.0234141604217406 -0.8379867152073923
v 0.0990000000000000 -0.0086440000000000 -0.0023220000000000
vn 3.0072184113332612 -0.7006681120465460 -3.0566228441638037
v 0.0990000000000000 -0.0019470000000000 -0.0087360000000000
vn 6.2831853071795862 0.0000000000000209 0.0000000000000061
v 0.0990000000000000 -0.0072550000000000 -0.0035270000000000
vn -2.9917499434923669 -1.3195512446801341 -2.8413187672536813
v 0.0962000000000000 -0.0027370000000000 -0.0058960000000000
vn -2.9923132999389810 -2.4212262407444580 -1.9880607522889870
v 0.0962000000000000 -0.0050240000000000 -0.0041240000000000
vn -5.2491224327395596 -0.9484841058712330 -1.9708590974146138
v 0.0975000000000000 -0.0032818000000000 -0.0077800000000000
vn -5.2887697587824540 -0.4568954325757837 -2.3863276738206487
v 0.0975882352941176 -0.0020324117647059 -0.0082883529411765
vn -4.9907077643897892 -2.0803384128431199 -0.7449927742988202
v 0.0975000000000000 -0.0076920000000000 -0.0034990000000000
vn -5.2589474356433712 -2.3865034977840187 -0.6912831870871118
v 0.0976363636363636 -0.0082736363636364 -0.0022958181818182
vn -2.2238119657886677 -5.2229498012323941 -0.6111333473250246
v 0.0980000000000000 -0.0088850000000000 -0.0010740000000000
vn 6.2831853071795871 0.0000000000000092 -0.0000000000000018
v 0.0990000000000000 -0.0069530000000000 -0.0013100000000000
vn -5.2750629561141569 -0.4889207960241096 -2.6540937335772612
v 0.0976500000000000 -0.0011614000000000 -0.0085212000000000
vn -3.2890347646007050 -1.4146328700384190 -2.8918500597512113
v 0.0975000000000000 -0.0027370000000000 -0.0058960000000000
vn -5.2841090042255416 -1.3925249135331603 -2.1045112115297022
v 0.0976250000000000 -0.0042850000000000 -0.0074275000000000
vn -5.2790473522372245 -1.5408005575161312 -1.4299332389073496
v 0.0975000000000000 -0.0064665000000000 -0.0054290000000000
vn -3.2889643296691444 -2.5146911902215940 -1.9825070067915418
v 0.0975000000000000 -0.0050240000000000 -0.0041240000000000
vn -5.2302641980113140 -2.6516899970216721 -0.7381262407708100
v 0.0976538461538462 -0.0080470769230769 -0.0030433846153846
vn 3.0170540226955533 0.5502432865124002 3.0892925845801491
v 0.0990000000000000 0.0015790000000000 0.0088100000000000
vn 3.0487277330304288 -3.0881407340484817 -0.5620309059325140
v 0.0990000000000000 -0.0088080000000000 -0.0015910000000000
vn 6.2831853071795862 0.0000000000000002 0.0000000000000118
v 0.0990000000000000 -0.0041320000000000 0.0028210000000000
vn 6.2831853071795871 -0.0000000000000114 0.0000000000000030
v 0.0990000000000000 -0.0016130000000000 0.0047360000000000
vn 6.2831853071795862 -0.0000000000000064 0.0000000000000038
v 0.0990000000000000 -0.0066510000000000 0.0009070000000000
vn -6.2831853071795862 -0.0000000000000016 -0.0000000000000394
v 0.0962000000000000 -0.0038790000000000 -0.0043910000000000
vn -2.9921432812769373 -1.7284362314243114 -2.6128730173976535
v 0.0962000000000000 -0.0035850000000000 -0.0054220000000000
vn -5.2673681654456823 -1.5755757691790706 -1.8841878260800700
v 0.0976250000000000 -0.0055105000000000 -0.0065680000000000
vn -3.2864762528698339 -2.1573914206552778 -2.4754709568870923
v 0.0975000000000000 -0.0043530000000000 -0.0048270000000000
vn -2.1915186642099682 -4.3091957227775399 3.0684048742121375
v 0.0980000000000000 -0.0073340000000000 0.0051300000000000
vn 6.2831853071795862 0.0000000000000067 -0.0000000000000044
v 0.0990000000000000 -0.0063490000000000 0.0031240000000000
vn 6.2831853071795880 -0.0000000000000042 0.0000000000000055
v 0.0990000000000000 -0.0044340000000000 0.0006040000000000
vn -6.2831853071795871 -0.0000000000000229 0.0000000000000475
v 0.0962000000000000 -0.0043910000000000 0.0038790000000000
vn -6.2831853071795862 0.0000000000000094 -0.0000000000000020
v 0.0962000000000000 -0.0048300000000000 0.0006580000000000
vn -6.2831853071795862 -0.0000000000000333 -0.0000000000000092
v 0.0962000000000000 -0.0009520000000000 0.0050500000000000
vn -2.9919031571648675 -2.9322046554936545 1.1029943313468218
v 0.0962000000000000 -0.0060840000000000 0.0022890000000000
vn -2.9914345217874612 -0.9648145194533447 2.9804711305266416
v 0.0962000000000000 -0.0020030000000000 0.0061840000000000
vn -5.3250464626546856 -2.4449518283046414 -0.3583318250095592
v 0.0976400000000000 -0.0085031600000000 -0.0011377200000000
vn -3.3339091068011193 -3.2466521990105024 0.5888441866585883
v 0.0975000000000000 -0.0063570000000000 0.0013570000000000
vn -3.2844296769322088 -0.5355823494273486 3.2863234971079986
v 0.0975000000000000 -0.0010590000000000 0.0064130000000000
vn -5.2718082852467063 0.3824181787858626 2.3975628719062998
v 0.0975972222222222 0.0011358888888889 0.0084675555555556
vn -2.1815721040593132 -1.3035520693690437 -5.1404873288413118
v 0.0980000000000000 -0.0021411818181818 -0.0086837272727273
vn -2.2082896876313178 -5.1520749536486345 -1.2259464656689694
v 0.0980000000000000 -0.0087085000000000 -0.0020375000000000
vn -2.1253704521826919 -0.3254509117498061 -5.2760042129759057
v 0.0980000000000000 -0.0005580000000000 -0.0089330000000000
vn 3.0143946845067022 -0.3902840783791388 -3.1113392157247874
v 0.0990000000000000 -0.0012090000000000 -0.0088680000000000
vn 3.0414133453855552 -3.1382120781966210 -0.0340430137387960
v 0.0990000000000000 -0.0089490000000000 -0.0001000000000000
vn 3.0198562311853525 -2.9587478784446710 -1.0441346293579032
v 0.0990000000000000 -0.0084190000000000 -0.0030370000000000
vn 2.9666455788645396 -1.6150516379026221 -2.6872060030792739
v 0.0990000000000000 -0.0047110000000000 -0.0076100000000000
vn 6.2831853071795871 -0.0000000000000055 -0.0000000000000042
v 0.0990000000000000 -0.0031240000000000 -0.0063490000000000
vn 6.2831853071795862 0.0000000000000000 0.0000000000000000
v 0.0990000000000000 -0.0050380000000000 -0.0038300000000000
vn -4.4738634124910961 -3.5096849292463981 -2.6366788295301085
v 0.0977500000000000 -0.0068740000000000 -0.0053330000000000
vn -6.2831853071795862 -0.0000000000000308 -0.0000000000000167
v 0.0962000000000000 -0.0052690000000000 -0.0025620000000000
vn -2.9928312682251388 -0.4220642294126390 -3.1043458809094528
v 0.0962000000000000 -0.0008780000000000 -0.0064400000000000
vn -3.2902586604154744 -0.8594197535614549 -3.0997079102775738
v 0.0975000000000000 -0.0018280000000000 -0.0062380000000000
vn -3.2870933254770591 -2.7718451096389201 -1.7309748935633040
v 0.0975000000000000 -0.0055830000000000 -0.0033290000000000
vn -3.2873509767559566 -3.0449370645605347 -1.1572818138063647
v 0.0975000000000000 -0.0060170000000000 -0.0024600000000000
vn -2.1817294817293091 -0.0777507759902849 5.2762128594017472
v 0.0980000000000000 -0.0000950000000000 0.0089490000000000
vn -2.1929688108152803 1.8240501186285960 4.9356583116502719
v 0.0980000000000000 0.0031080000000000 0.0083930000000000
vn 3.0403207929397853 0.8143963471172257 3.0309040154411044
v 0.0990000000000000 0.0023110000000000 0.0086470000000000
vn 3.0395086546703682 0.2893365289351798 3.1249603577116445
v 0.0990000000000000 0.0008360000000000 0.0089110000000000
vn 3.0165409479574361 -3.0364241507581555 0.7871934377259160
v 0.0990000000000000 -0.0086930000000000 0.0021290000000000
vn 6.2831853071795862 0.0000000000000012 -0.0000000000000169
v 0.0990000000000000 -0.0047360000000000 -0.0016130000000000
vn -6.2831853071795862 -0.0000000000000073 -0.0000000000000111
v 0.0962000000000000 -0.0046110000000000 0.0022690000000000
vn -2.9916535151356336 -2.7347079502863627 1.5282699995696596
v 0.0962000000000000 -0.0056750000000000 0.0031700000000000
vn -3.3408288296056114 -2.5464660253434270 2.0923262546338273
v 0.0975000000000000 -0.0051390000000000 0.0039800000000000
vn -2.1599975999502665 -3.0782492092726486 -4.3444237382170634
v 0.0980000000000000 -0.0051508181818182 -0.0073120000000000
vn -2.1293563343999624 -3.6647137680748032 -3.8451738439751044
v 0.0980000000000000 -0.0061390000000000 -0.0065045000000000
vn 6.2831853071795862 0.0000000000000049 0.0000000000000183
v 0.0990000000000000 -0.0053410000000000 -0.0060470000000000
vn 6.2831853071795862 -0.0000000000000160 0.0000000000000056
v 0.0990000000000000 -0.0028210000000000 -0.0041320000000000
vn -6.2831853071795862 0.0000000000000249 0.0000000000000115
v 0.0962000000000000 -0.0050500000000000 -0.0009520000000000
vn -6.2831853071795862 -0.0000000000000094 -0.0000000000000190
v 0.0962000000000000 -0.0011710000000000 0.0034400000000000
vn -2.9423583973987215 -3.1256418964110253 -0.0492119258424521
v 0.0962000000000000 -0.0064810000000000 -0.0000915000000000
vn -3.3347881827678032 -3.2745031803317768 -0.7131460926756622
v 0.0975000000000000 -0.0063160000000000 -0.0015360000000000
vn -5.3172553639966011 0.8589774670165361 2.3235309425950437
v 0.0976354166666667 0.0031001250000000 0.0079969166666667
vn -5.2872698732926153 -2.5112605930684473 0.2959291630872187
v 0.0976346153846154 -0.0085152307692308 0.0010845384615385
vn -3.3390488725218326 -2.1205676306400951 2.5285042509889868
v 0.0975000000000000 -0.0041413846153846 0.0049863076923077
vn -3.3302476297926984 -1.5437084871289053 2.9034367241222698
v 0.0975000000000000 -0.0029030000000000 0.0058160000000000
vn -2.2259018724180848 -2.1645792352608568 -4.7855108384027449
v 0.0980000000000000 -0.0037120000000000 -0.0081440000000000
vn -2.1393725947824955 -4.1314698490437518 -3.3246095481256135
v 0.0980000000000000 -0.0070389090909091 -0.0055181818181818
vn -2.1917138686350723 -4.6912389224323983 -2.3611989211968178
v 0.0980000000000000 -0.0079160000000000 -0.0041770000000000
vn -2.1635594718654949 -5.2463046474251982 0.5139298746131047
v 0.0980000000000000 -0.0089060000000000 0.0008840000000000
vn 3.0349495751682034 -2.7309904709690103 -1.5418350673297252
v 0.0990000000000000 -0.0077940000000000 -0.0043990000000000
vn 3.0596672622655494 -1.0433259548790781 -2.9592406953902288
v 0.0990000000000000 -0.0029914545454545 -0.0084270000000000
vn 6.2831853071795862 0.0000000000000053 -0.0000000000000062
v 0.0990000000000000 -0.0009070000000000 -0.0066510000000000
vn -6.2831853071795862 0.0000000000000302 0.0000000000000230
v 0.0962000000000000 -0.0034400000000000 -0.0011710000000000
vn -5.2324849032978058 1.2565954004487532 2.0442795950082413
v 0.0975882352941176 0.0042481176470588 0.0074016470588235
vn -5.2319139639383820 -2.6717478207266510 0.7609965984760629
v 0.0976590909090909 -0.0081261818181818 0.0028409090909091
vn -5.2937982815967235 -2.1927056450549069 1.4629798758345072
v 0.0976363636363636 -0.0074741818181818 0.0042256363636364
vn -4.9768029341889601 -1.7248105588319604 1.1883899478519240
v 0.0975000000000000 -0.0066800000000000 0.0051750000000000
vn -4.9460570903778134 -0.9836878115162591 1.7635630822186130
v 0.0975000000000000 -0.0053070000000000 0.0065760000000000
vn 6.2831853071795862 0.0000000000000042 -0.0000000000000055
v 0.0990000000000000 -0.0006040000000000 -0.0044340000000000
vn -6.2831853071795862 -0.0000000000000245 -0.0000000000000305
v 0.0962000000000000 0.0020490000000000 0.0030010000000000
vn -2.9928312682251388 0.4220642294126611 3.1043458809094640
v 0.0962000000000000 0.0008780000000000 0.0064400000000000
vn -2.9918486094179695 3.0639173944606779 -0.6532921902811551
v 0.0962000000000000 0.0063570000000000 -0.0013570000000000
vn -5.3072790624285666 2.3706559033077168 -0.5372336355466524
v 0.0975882352941176 0.0082508823529412 -0.0021718823529412
vn -3.2856314186503872 3.3138456999979820 -0.1934631487350440
v 0.0975000000000000 0.0064880000000000 -0.0003940000000000
vn -3.2871194441918092 -0.0463038286757627 3.2892171742119922
v 0.0975000000000000 -0.0000920000000000 0.0064990000000000
vn -5.3110205971998798 -0.5309653449593571 2.2799812067930914
v 0.0975972222222222 -0.0021727222222222 0.0082618333333333
vn -2.2049558354151841 5.2999518751960082 0.0813805207856160
v 0.0980000000000000 0.0089435000000000 0.0000950000000000
vn -2.1884780750583115 5.2063091144892351 -0.9291389655439668
v 0.0980000000000000 0.0088180000000000 -0.0015320000000000
vn -2.1837129710365639 0.6808668500314267 -5.2536586947164388
v 0.0980000000000000 0.0011374000000000 -0.0088716000000000
vn -2.3593040721551852 0.0542861344005329 -5.0812727682628847
v 0.0980000000000000 0.0000950000000000 -0.0089490000000000
vn 6.2831853071795862 -0.0000000000000187 0.0000000000000418
v 0.0990000000000000 0.0035270000000000 -0.0072550000000000
vn -4.3880017265901667 -1.9724989052553625 4.0309702106277232
v 0.0977500000000000 -0.0039080000000000 0.0077730000000000
vn -6.2831853071795862 -0.0000000000000036 -0.0000000000000266
v 0.0962000000000000 0.0004390000000000 0.0032200000000000
vn -6.2831853071795862 0.0000000000000113 0.0000000000000107
v 0.0962000000000000 0.0022690000000000 0.0046110000000000
vn -2.9917499434923709 1.3195512446801334 2.8413187672536808
v 0.0962000000000000 0.0027370000000000 0.0058960000000000
vn -2.9434732537713755 3.1063734221841846 0.3526454016116634
v 0.0962000000000000 0.0064740000000000 0.0005770000000000
vn -3.3385356207661672 3.1499166154544000 0.9908035736676739
v 0.0975000000000000 0.0061665000000000 0.0019980000000000
vn -3.2848219790828228 1.8617299327606034 2.7553583102754589
v 0.0975000000000000 0.0035850000000000 0.0054220000000000
vn -3.2856295216949278 0.9508990007348592 3.1918695512820978
v 0.0975000000000000 0.0018280000000000 0.0062380000000000
vn -5.2589533275676530 -0.7550629064872849 1.7720102589803299
v 0.0975000000000000 -0.0036470000000000 0.0076220000000000
vn -2.1788886760211357 5.2305047185662445 0.6190072242190453
v 0.0980000000000000 0.0088850000000000 0.0010740000000000
vn -2.1728072182420286 4.5283822438764449 -2.7568608629444382
v 0.0980000000000000 0.0076890000000000 -0.0045810000000000
vn -2.1549687761157497 1.7810762306706263 -5.0214578233738845
v 0.0980000000000000 0.0030060000000000 -0.0084240909090909
vn 3.0174171901026683 3.0533290523787899 0.7170383114504881
v 0.0990000000000000 0.0087330000000000 0.0019580000000000
vn 3.0044404743763975 3.1308691657999406 0.1972456229609069
v 0.0990000000000000 0.0089370000000000 0.0004740000000000
vn 3.0219405762863625 2.4582061248049643 -1.9459307776761894
v 0.0990000000000000 0.0070903636363636 -0.0054490909090909
vn 3.0483025014986396 0.7550841958312622 -3.0449364055819497
v 0.0990000000000000 0.0021720909090909 -0.0086743636363636
vn 6.2831853071795871 0.0000000000000000 0.0000000000000000
v 0.0990000000000000 0.0013100000000000 -0.0069530000000000
vn -2.6887723357085442 2.6325417012617978 1.5626846594797472
v 0.0962000000000000 0.0050240000000000 0.0041240000000000
vn -4.0190190612620436 2.6768125294637919 1.7836440235166473
v 0.0975000000000000 0.0055830000000000 0.0033290000000000
vn -5.2653589459126726 2.3057294210469506 1.4479624921203060
v 0.0976750000000000 0.0070431000000000 0.0049657500000000
vn -5.2566529570005818 1.7529238868529951 1.9322108836547682
v 0.0976250000000000 0.0061785000000000 0.0059455000000000
vn -2.2008821024178298 2.6775363793088505 -4.5545863201668055
v 0.0980000000000000 0.0044630000000000 -0.0077580000000000
vn 3.0216638604058961 1.8446736193331490 -2.5369240714995103
v 0.0990000000000000 0.0051890000000000 -0.0072920000000000
vn 6.2831853071795862 0.0000000000000114 -0.0000000000000030
v 0.0990000000000000 0.0016130000000000 -0.0047360000000000
vn -6.2831853071795862 -0.0000000000000115 0.0000000000000168
v 0.0962000000000000 0.0048300000000000 -0.0006580000000000
vn -2.9912486686753974 0.8798354927685950 3.0066305788892089
v 0.0962000000000000 0.0018280000000000 0.0062380000000000
vn -2.9921432812769369 1.7284362314243116 2.6128730173976540
v 0.0962000000000000 0.0035850000000000 0.0054220000000000
vn -2.8909567939088294 2.8848442780676922 1.1174136936077292
v 0.0962000000000000 0.0061800909090909 0.0019560000000000
vn -3.3332814862769862 3.3129628353963407 0.3840216780564071
v 0.0975000000000000 0.0064740000000000 0.0005770000000000
vn -3.2861594678422712 1.3737563326835875 3.0136681371300362
v 0.0975000000000000 0.0027370000000000 0.0058960000000000
vn -5.2416022464409657 -1.5168219631070285 2.1325978674689585
v 0.0976346153846154 -0.0044504615384615 0.0073390769230769
vn -5.2460424792429228 -0.8124354782770258 2.4992294495242429
v 0.0976250000000000 -0.0030920000000000 0.0079980000000000
vn -2.1812913464430213 5.1680948042611945 1.2083591599502599
v 0.0980000000000000 0.0087017272727273 0.0020664545454545
vn -2.1251892207543559 4.2319509822726289 -3.2400576528580656
v 0.0980000000000000 0.0071549090909091 -0.0053672727272727
vn -2.1475226913075325 1.1705587890489704 -5.1433553953729740
v 0.0980000000000000 0.0020390000000000 -0.0087150000000000
vn 3.0309062707143433 3.1098963370405439 0.4153502494044006
v 0.0990000000000000 0.0088660000000000 0.0012210000000000
vn 3.0345461384531154 2.6846536372086911 -1.6226953079192907
v 0.0990000000000000 0.0077070000000000 -0.0045510000000000
vn 3.0111796307465810 1.1094346280986722 -2.9333524474532924
v 0.0990000000000000 0.0032130000000000 -0.0083530000000000
vn 6.2831853071795862 0.0000000000000000 0.0000000000000000
v 0.0990000000000000 0.0060470000000000 -0.0053410000000000
vn 6.2831853071795862 -0.0000000000000002 -0.0000000000000118
v 0.0990000000000000 0.0041320000000000 -0.0028210000000000
vn -4.4253426545364940 4.1422950719339253 -1.6418084299217091
v 0.0977500000000000 0.0080645384615385 -0.0032356153846154
vn -6.2831853071795862 0.0000000000000068 -0.0000000000000093
v 0.0962000000000000 0.0006580000000000 0.0048300000000000
vn -6.2831853071795871 -0.0000000000000220 -0.0000000000000039
v 0.0962000000000000 0.0036590000000000 0.0027810000000000
vn -6.2831853071795862 -0.0000000000000091 -0.0000000000000339
v 0.0962000000000000 0.0050500000000000 0.0009520000000000
vn -2.9921412727827867 -0.0437822929548123 3.1325195683659866
v 0.0962000000000000 -0.0000920000000000 0.0064990000000000
vn -2.9919722023686259 3.1270942352833444 -0.1890848521674759
v 0.0962000000000000 0.0064880000000000 -0.0003940000000000
vn -3.2873416552674715 3.2201804410364678 -0.6749794468090371
v 0.0975000000000000 0.0063570000000000 -0.0013570000000000
vn -3.2864488469213144 0.4431932573767500 3.2592451721824753
v 0.0975000000000000 0.0008780000000000 0.0064400000000000
vn -5.2881454331390003 -0.3523602121772577 2.6625789480466748
v 0.0976911764705882 -0.0010925294117647 0.0085631764705882
vn -2.2223103485751325 5.2587662449003743 -0.4436545827983248
v 0.0980000000000000 0.0089060000000000 -0.0008840000000000
vn 3.0575419380733928 3.1132543552353606 -0.3914192504859175
v 0.0990000000000000 0.0088910000000000 -0.0010230000000000
vn 3.0484006806278225 3.1373722810357156 -0.0949016185110030
v 0.0990000000000000 0.0089460000000000 -0.0002750000000000
vn 3.0055816978372683 0.3756933569603472 -3.1119823897916365
v 0.0990000000000000 0.0010350000000000 -0.0088900000000000
vn 3.0688691419135501 -0.0316872358193587 -3.1375139192747632
v 0.0990000000000000 -0.0000534545454545 -0.0089418181818182
vn 6.2831853071795853 0.0000000000000000 0.0000000000000000
v 0.0990000000000000 0.0038300000000000 -0.0050380000000000
vn 6.2831853071795871 -0.0000000000000148 0.0000000000000069
v 0.0990000000000000 0.0063490000000000 -0.0031240000000000
vn -6.2831853071795862 0.0000000000000232 -0.0000000000000018
v 0.0962000000000000 0.0009520000000000 -0.0050500000000000
vn -6.2831853071795862 -0.0000000000000052 0.0000000000000085
v 0.0962000000000000 0.0027810000000000 -0.0036590000000000
vn -5.2384774859210754 2.7287750049954038 0.5646824838572208
v 0.0976346153846154 0.0080826153846154 0.0028813846153846
vn -2.1181739305231329 -3.1682816982138786 4.2485034154653851
v 0.0980000000000000 -0.0053054545454545 0.0072004545454545
vn 6.2831853071795862 0.0000000000000000 0.0000000000000000
v 0.0990000000000000 0.0053410000000000 0.0060470000000000
vn -4.4428480488102089 2.6920878126536407 -3.5113349651825008
v 0.0977500000000000 0.0053330000000000 -0.0068740000000000
vn -6.2831853071795871 -0.0000000000000124 -0.0000000000000049
v 0.0962000000000000 0.0025620000000000 -0.0052690000000000
vn -6.2831853071795862 0.0000000000000036 0.0000000000000266
v 0.0962000000000000 -0.0004390000000000 -0.0032200000000000
vn -2.2131798225406465 3.9310361828800824 3.2775151839344607
v 0.0980000000000000 0.0068180000000000 0.0057980000000000
vn 3.0474829695226364 2.2721143371937882 2.1582690374733695
v 0.0990000000000000 0.0064500000000000 0.0061935000000000
vn 2.9895890479435097 2.5671536441222802 1.7956192626543694
v 0.0990000000000000 0.0073733636363636 0.0050591818181818
vn 6.2831853071795862 0.0000000000000000 0.0000000000000000
v 0.0990000000000000 0.0000000000000000 0.0000000000000000
vn -6.2831853071795862 0.0000000000000094 0.0000000000000190
v 0.0962000000000000 0.0011710000000000 -0.0034400000000000
vn -5.3081926836296418 1.3486192969961710 -2.2217682526405573
v 0.0976354166666667 0.0042787500000000 -0.0074333750000000
vn -5.2913831414593879 1.4110735295071728 -1.5383176302518242
v 0.0975000000000000 0.0053540000000000 -0.0065298000000000
vn -2.1785617705094973 3.7896704395874368 3.7015424343588430
v 0.0980000000000000 0.0063770000000000 0.0062800000000000
vn -2.1190456180441184 4.3993271100885583 2.9430906320690631
v 0.0980000000000000 0.0074065000000000 0.0050140000000000
vn 6.2831853071795862 0.0000000000000000 0.0000000000000000
v 0.0990000000000000 0.0050380000000000 0.0038300000000000
vn -6.2831853071795862 -0.0000000000000214 -0.0000000000000035
v 0.0962000000000000 0.0030010000000000 -0.0020490000000000
vn -5.2656548264846226 1.9838470030313249 -1.7538759942799635
v 0.0976363636363636 0.0060007272727273 -0.0061391818181818
vn 3.0058410640045463 -1.8344769298679835 2.5411358916889659
v 0.0990000000000000 -0.0051845000000000 0.0072855000000000
vn 6.2831853071795871 -0.0000000000000251 -0.0000000000000158
v 0.0990000000000000 0.0072550000000000 0.0035270000000000
vn -6.2831853071795862 -0.0000000000000084 -0.0000000000000128
v 0.0962000000000000 0.0046110000000000 -0.0022690000000000
vn -2.9916535151356340 2.7347079502863494 -1.5282699995696631
v 0.0962000000000000 0.0056750000000000 -0.0031700000000000
vn -2.9921412727827867 0.0437822929548136 -3.1325195683660270
v 0.0962000000000000 0.0000920000000000 -0.0064990000000000
vn -5.2384542978793105 0.6378722871614220 -2.6920483426966806
v 0.0976363636363636 0.0029561818181818 -0.0080594545454545
vn -3.2825775263660617 0.5526585471061046 -3.3147705215296477
v 0.0975000000000000 0.0010590000000000 -0.0064130000000000
vn -5.2514469058043058 1.8986368395881377 -1.6655931791693634
v 0.0976346153846154 0.0065191538461538 -0.0055850769230769
vn -5.3249631883944470 2.0660955015555644 -1.2789311594562782
v 0.0976029411764706 0.0074710588235294 -0.0041544117647059
vn -5.3207535323523913 2.4275536976168919 0.3232577233859765
v 0.0976354166666667 0.0085165833333333 0.0010109166666667
vn -2.1255968893558439 -2.4907936905288945 4.7080649413211377
v 0.0980000000000000 -0.0041740000000000 0.0079105000000000
vn -2.1748577040089927 -0.6289974005311467 5.2587436408267427
v 0.0980000000000000 -0.0010725000000000 0.0088795000000000
vn -2.2057774139597539 4.7423258677272093 -2.3118877421422295
v 0.0980000000000000 0.0080030000000000 -0.0040070000000000
vn 3.0205944287827005 -1.1282737408989281 2.9262724460168554
v 0.0990000000000000 -0.0032100000000000 0.0083465000000000
vn 6.2831853071795871 0.0000000000000052 -0.0000000000000016
v 0.0990000000000000 0.0031240000000000 0.0063490000000000
vn 6.2831853071795871 -0.0000000000000042 0.0000000000000055
v 0.0990000000000000 0.0006040000000000 0.0044340000000000
vn 6.2831853071795862 0.0000000000000042 -0.0000000000000055
v 0.0990000000000000 0.0044340000000000 -0.0006040000000000
vn -2.9919031571648675 2.9322046554936678 -1.1029943313468533
v 0.0962000000000000 0.0060840000000000 -0.0022890000000000
vn -4.2980392456260459 1.8941398426676099 -2.1083769079298107
v 0.0962000000000000 0.0044314166666667 -0.0042219166666667
vn -2.9914345217874576 0.9648145194533443 -2.9804711305266416
v 0.0962000000000000 0.0020030000000000 -0.0061840000000000
vn -3.2884922642705177 1.5107980621237673 -2.8656158097552145
v 0.0975000000000000 0.0029030000000000 -0.0058160000000000
vn -5.3056199626672731 0.4074473394508741 -2.4853037113989256
v 0.0976400000000000 0.0010404800000000 -0.0085173200000000
vn -3.2872213684564073 1.8038360627848848 -2.6878471149034553
v 0.0975000000000000 0.0037370000000000 -0.0053180000000000
vn -3.5857362978323182 2.4375784908439537 -2.2111373962877585
v 0.0975000000000000 0.0051390000000000 -0.0039800000000000
vn -5.3208748437915112 2.4092164905336411 -0.2516693006950576
v 0.0976111111111111 0.0084905555555556 -0.0010655555555556
vn -2.1565677262599050 -1.1888607447499260 5.1396534343411098
v 0.0980000000000000 -0.0020390000000000 0.0087150000000000
vn -2.1689002604521561 5.1109346696122930 -1.3425599525775382
v 0.0980000000000000 0.0086830000000000 -0.0021710000000000
vn 3.0177094227577594 2.9398959292852220 -1.0927863883272946
v 0.0990000000000000 0.0083580000000000 -0.0032020000000000
vn 6.2831853071795853 -0.0000000000000028 0.0000000000000112
v 0.0990000000000000 0.0009070000000000 0.0066510000000000
vn 6.2831853071795871 0.0000000000000160 -0.0000000000000056
v 0.0990000000000000 0.0028210000000000 0.0041320000000000
vn 6.2831853071795880 0.0000000000000053 -0.0000000000000071
v 0.0990000000000000 0.0066510000000000 -0.0009070000000000
vn 6.2831853071795862 -0.0000000000000012 0.0000000000000169
v 0.0990000000000000 0.0047360000000000 0.0016130000000000
vn -2.9923066200267581 0.5094603878349904 -3.0911433603416771
v 0.0962000000000000 0.0010590000000000 -0.0064130000000000
vn -3.2881963971370824 0.1167901279436095 -3.2252473657080900
v 0.0975000000000000 0.0000920000000000 -0.0064990000000000
vn -5.2893230201146784 0.6337765975597169 -2.4453445594537602
v 0.0976538461538462 0.0022386153846154 -0.0083069230769231
vn -5.2958838703484545 1.9900252686409698 -1.4557083576103285
v 0.0976250000000000 0.0069780000000000 -0.0049840000000000
vn -3.2865081098624453 2.8839951116579616 -1.6231727199446384
v 0.0975000000000000 0.0056750000000000 -0.0031700000000000
vn -5.2831057337303671 2.4811784747171037 0.6136468310007209
v 0.0976590909090909 0.0083257272727273 0.0021851818181818
vn -2.1271302954159363 -1.7826452451170907 5.0041223411786682
v 0.0980000000000000 -0.0029780000000000 0.0084340000000000
vn 3.0432906816044660 -0.3676578973720333 3.1156694597281800
v 0.0990000000000000 -0.0010335000000000 0.0088825000000000
vn 2.9807745508254295 -1.4911054975110507 2.7553003130686240
v 0.0990000000000000 -0.0042350000000000 0.0078850000000000
vn 3.0516781470178076 2.8289735159778364 -1.3594889010095248
v 0.0990000000000000 0.0080600000000000 -0.0038900000000000
vn 6.2831853071795871 0.0000000000000172 -0.0000000000000210
v 0.0990000000000000 -0.0035270000000000 0.0072550000000000
vn 6.2831853071795862 0.0000000000000001 0.0000000000000043
v 0.0990000000000000 0.0069530000000000 0.0013100000000000
vn 4.1415424543841084 -4.3169820059751025 0.0734536504396617
v 0.0246850312500000 -0.0159303437500000 0.0200040000000000
vn 0.6153010405542101 5.7791326653207165 1.6639791441106120
v 0.0208110000000000 0.0162010000000000 0.0221900000000000
vn 0.8755850132755939 5.4393861221072903 2.7970331274868023
v 0.0235284444444444 0.0160931481481481 0.0210033703703704
vn 1.1198548800530828 -5.7587588865817256 0.9682605050305405
v 0.0240000000000000 -0.0162500000000000 0.0204440000000000
vn -0.4385977364738712 -4.0221522558606209 -4.6889551626206156
v 0.0203390000000000 0.0125563000000000 0.0210367500000000
vn 0.0053755194611164 -3.9668172829991248 -4.8723117112379590
v 0.0172320000000000 0.0154250000000000 0.0190350000000000
vn 0.0008367531010290 -3.9090065606300723 -4.9181665698308290
v 0.0218930000000000 0.0152140000000000 0.0192040000000000
vn -0.0223140312461895 -3.7737320334878199 -5.0223370746273979
v 0.0234460000000000 0.0150010000000000 0.0193700000000000
vn 5.6629677546506212 -1.8317506826452594 0.4613506296025593
v 0.0249896363636364 -0.0153552727272727 0.0206498181818182
vn 1.4551735487557429 2.9843634009554449 5.2965830994106149
v 0.0230620000000000 0.0133160000000000 0.0230770000000000
vn 3.2550049442732054 3.6026693741002109 3.9100399001305290
v 0.0211486333333333 0.0158499666666667 0.0225217333333333
vn 1.0273032354133760 -5.9195128562430410 1.0525262344425699
v 0.0195521111111111 -0.0162451851851852 0.0230583333333333
vn 0.0000000000000040 -6.2831853071795862 0.0000000000000017
v 0.0175230000000000 -0.0162500000000000 0.0207942307692308
vn -0.0066680625639466 3.7789651779795603 -5.0184932914680864
v 0.0187860000000000 -0.0146409285714286 0.0196407142857143
vn -0.4429685328389877 3.2141710373694914 -5.2939176452612333
v 0.0218930000000000 -0.0156546666666667 0.0188424666666667
vn -2.1001045392368862 3.5793229635034853 -4.0261946183805062
v 0.0185328571428571 -0.0135262380952381 0.0204267142857143
vn 2.0922597263345470 1.1683544757188655 -2.6247032723732242
v 0.0245066410256410 0.0159787435897436 0.0187602307692308
vn 0.8967055238343791 -2.9854802899505941 5.4397501587411874
v 0.0235620000000000 -0.0128820000000000 0.0232130000000000
vn 1.3407046929559605 5.7958738101515630 0.0178790274558323
v 0.0160846363636364 -0.0148030000000000 0.0218240000000000
vn -0.9368501945756231 -1.0447262987110149 -2.0824207763471185
v 0.0109810000000000 -0.0162500000000000 0.0187148333333333
vn -0.0138354055738072 -6.2810121636772944 0.1130955293837240
v 0.0152262941176471 -0.0162500000000000 0.0228935882352941
vn -0.0000000000000001 -6.2831853071795862 0.0000000000000202
v 0.0132060000000000 -0.0162500000000000 0.0207908666666667
vn -0.0106135380914058 3.7506117632106410 -5.0399200435076112
v 0.0141250000000000 -0.0146909687500000 0.0196049062500000
vn 2.9888500149543398 2.8128663120694140 -2.8820153547619212
v 0.0151980000000000 -0.0140150000000000 0.0200960000000000
vn 4.6065488653962756 3.9766799283561003 -0.7024871677730173
v 0.0154325000000000 -0.0143955000000000 0.0206360000000000
vn -2.4964177238492837 2.6027081264040355 -5.1200161872430012
v 0.0106090000000000 -0.0110620000000000 0.0223090000000000
vn -3.8294719964956339 2.3248418380523708 -4.2937687473798363
v 0.0097710000000000 -0.0112640000000000 0.0227180000000000
vn 0.0030707094870589 -6.2831823448868871 0.0024477585939326
v 0.0175230000000000 -0.0162500000000000 0.0226500000000000
vn 0.0025883927234256 -6.2831819593578411 0.0027626004487319
v 0.0196820000000000 -0.0162500000000000 0.0207472352941176
vn -0.3788974817103209 -2.5792615634802600 -3.0412029717145614
v 0.0215237272727273 -0.0162500000000000 0.0187140909090909
vn 0.0929554138882564 5.0367331312629622 -2.9657207997814172
v 0.0163093437500000 -0.0148999375000000 0.0194484062500000
vn -0.0053699285327852 2.8453266808718878 -5.6013750100979829
v 0.0218930000000000 -0.0109550000000000 0.0219140000000000
vn 3.2485160956147534 -1.0316504054379456 -2.9623445609956018
v 0.0250000000000000 0.0080760000000000 0.0231310000000000
vn -2.0636236859264629 5.7353931967321232 -0.2946980271830812
v 0.0171250000000000 -0.0147180909090909 0.0206360000000000
vn -0.0017805891275137 -6.2680288027888178 0.3077213258480644
v 0.0165000000000000 -0.0162500000000000 0.0232000000000000
vn 0.0006161976065983 -6.2831851193533987 0.0006576668182589
v 0.0175230000000000 -0.0162500000000000 0.0218100000000000
vn -0.0000000000000000 -6.2831853071795862 0.0000000000000102
v 0.0196820000000000 -0.0162500000000000 0.0197250000000000
vn -0.8477287785840932 4.8137102474488449 -3.2494698474151833
v 0.0171895405405405 -0.0148045135135135 0.0195201891891892
vn -0.0016564074528477 3.2310979649199840 -5.3868827854350032
v 0.0218930000000000 -0.0126255000000000 0.0209945000000000
vn 1.2206964517266474 5.9057725568588149 -0.4777081196243038
v 0.0160909565217391 -0.0148060869565217 0.0206360000000000
vn -5.6201109408167422 1.5259709584354697 -1.5681879803946559
v 0.0179000000000000 -0.0135000000000000 0.0218240000000000
vn -0.0773408721543277 -1.0325441371570283 -2.2596763618854445
v 0.0225710000000000 -0.0162500000000000 0.0183350000000000
vn 0.0055944503444516 -6.2804961188883572 0.1316942688307448
v 0.0184242916666667 -0.0162491666666667 0.0229557083333333
vn 0.0155480117167653 -6.2831148962217629 0.0122730244320488
v 0.0196820000000000 -0.0162500000000000 0.0218103333333333
vn -0.0000000000000000 -6.2831853071795880 0.0000000000000100
v 0.0175230000000000 -0.0162500000000000 0.0197250000000000
vn 0.5356803569483933 3.0913827221614691 -5.3250229057040990
v 0.0234460000000000 -0.0157458857142857 0.0187657428571429
vn -2.0230099490110431 4.1069066240627476 -3.3195640263115602
v 0.0181810769230769 -0.0139953076923077 0.0201093076923077
vn -0.0168681617617952 3.0185732357405750 -5.5090910458957598
v 0.0218930000000000 -0.0116979230769231 0.0215250000000000
vn 3.2345286336757377 -1.3511557045953702 -2.8315720814790488
v 0.0250000000000000 0.0106110000000000 0.0220830000000000
vn 2.7724311320066644 -0.5073331469238949 -2.3336122897731042
v 0.0250000000000000 0.0152500000000000 0.0191750000000000
vn 1.6202598562647235 -2.9477965942845206 5.2921269134563813
v 0.0228750000000000 -0.0129520000000000 0.0233400000000000
vn -2.8851085506498322 4.9504125794027605 -0.2858624576993240
v 0.0171749166666667 -0.0146854583333333 0.0218240000000000
vn 0.7491651086229000 5.3896996083770832 2.0464190844592562
v 0.0193598461538462 0.0162310000000000 0.0233942307692308
vn 0.8827397625040123 -3.0035015937574419 -2.6414443165510959
v 0.0241005000000000 -0.0162400000000000 0.0187525000000000
vn 0.2233764960966416 -3.0819078484076297 5.4679765489874779
v 0.0242500000000000 -0.0129280000000000 0.0231320000000000
vn -0.4416237381906795 4.2752999506364997 -3.2609506905049086
v 0.0171360000000000 0.0121500000000000 0.0215869333333333
vn -2.0642420171041804 -2.8723350472824745 -2.2872736659188995
v 0.0183599402985075 0.0126307462686567 0.0209912835820895
vn -0.0924790374728973 -3.0045803477390494 -5.5129997797427341
v 0.0218930000000000 0.0118420000000000 0.0214480000000000
vn -1.7649070319175939 -4.0642933228444216 -3.7932650292497327
v 0.0183808235294118 0.0140185294117647 0.0200926470588235
vn -0.8351865475581378 -4.8603867578892661 -3.0634957041530089
v 0.0171857692307692 0.0147673076923077 0.0195475769230769
vn 0.5820284322196486 -2.9624815527719091 -5.3529370630343500
v 0.0234460000000000 0.0158429411764706 0.0186854411764706
vn 2.8007819578635491 0.5586953943041599 -2.3543062743117087
v 0.0250000000000000 -0.0152500000000000 0.0191750000000000
vn 1.2023122846288397 -5.9450847241079483 -0.3549812298262541
v 0.0160760869565217 0.0147990434782609 0.0206360000000000
vn -0.0018534780267748 6.2680296599589322 0.3077084171740501
v 0.0165000000000000 0.0162500000000000 0.0232000000000000
vn 0.0008710842658384 6.2831849330923166 0.0009267274755380
v 0.0175230000000000 0.0162500000000000 0.0218100000000000
vn 0.0000000000000023 6.2831853071795862 0.0000000000000012
v 0.0196820000000000 0.0162500000000000 0.0197250000000000
vn 3.0813322993844765 -1.2368631619830666 2.8853066336442934
v 0.0250000000000000 -0.0105340000000000 0.0243160000000000
vn 0.0909369470985189 1.8521171255448770 5.9779620908890205
v 0.0216670000000000 0.0104290000000000 0.0243610000000000
vn -2.2433671244525013 0.1896809406660782 0.9800265741367462
v 0.0085000000000000 0.0056200000000000 0.0258970000000000
vn -0.4544899584155060 -0.4166488843158161 -6.2392668916434086
v 0.0125710000000000 0.0016140000000000 0.0244470000000000
vn -0.4497820350647880 -0.8834518385915684 -6.1939748894761113
v 0.0125710000000000 0.0032210000000000 0.0242870000000000
vn 0.1036511851722268 0.4760333232884672 6.2500093267316448
v 0.0204512307692308 0.0115271538461538 0.0242000000000000
vn 0.0000000000000000 0.0000000000000000 6.2831853071795862
v 0.0190600000000000 0.0126791538461538 0.0242000000000000
vn -0.3999366542031746 0.7294008967427132 5.8881504722088014
v 0.0158890000000000 0.0152500000000000 0.0242000000000000
vn -1.6948421665644005 -1.6954597893572885 3.8922299220542880
v 0.0173322307692308 0.0145819230769231 0.0242000000000000
vn -2.9181130457786590 -0.2428288136622571 3.5981642037745840
v 0.0178650000000000 0.0135000000000000 0.0242000000000000
vn -1.2540312920354908 -1.1694754846349253 -6.0229152192206303
v 0.0115320000000000 0.0045370000000000 0.0241870000000000
vn -3.5248299293274750 -0.9676235156301790 -5.0870101198405022
v 0.0097710000000000 0.0046750000000000 0.0249230000000000
vn -0.0002660787884642 5.6119956134350231 2.0703884051464518
v 0.0185370000000000 0.0162310000000000 0.0233930000000000
vn 3.0936287999922909 -1.5373368697470258 2.7375750967264723
v 0.0250000000000000 -0.0129590000000000 0.0231150000000000
vn 1.8131291693367475 -1.1886506009794733 -2.4710054331857085
v 0.0245157735849056 -0.0160190188679245 0.0187424905660377
vn 0.2016200402761862 2.7909502230830530 -3.6004340902973304
v 0.0163191724137931 0.0121235862068966 0.0214997931034483
vn -2.6397957316408025 -2.7759984244242104 -3.9868046213677308
v 0.0185040909090909 0.0134809545454545 0.0204570454545455
vn 0.0006355069675377 -3.8824025177819852 -4.9397513400037720
v 0.0172320000000000 0.0152140000000000 0.0192040000000000
vn 0.0572698548899650 -5.0092078391623760 -2.9880075508011865
v 0.0162988000000000 0.0148909200000000 0.0194549200000000
vn -0.5322432801383353 -3.0238741319075282 -5.3281831497640244
v 0.0218930000000000 0.0157740400000000 0.0187442000000000
vn -2.1962495040900034 -5.6162217386053666 -0.5387318845546386
v 0.0171370000000000 0.0147100000000000 0.0206360000000000
vn 2.7609937328096392 -2.2801981469195205 1.8524345055374856
v 0.0250000000000000 -0.0152500000000000 0.0216720000000000
vn 0.0009998208570024 -2.7634553632151633 -5.6408599888070263
v 0.0187860000000000 0.0108840000000000 0.0219500000000000
vn -0.0048477646325256 -3.4345584549622057 -5.2600658452338651
v 0.0218930000000000 0.0134436153846154 0.0204809230769231
vn 0.2393743476868729 -3.4956641155305261 -5.1537661826202470
v 0.0187860000000000 0.0156746000000000 0.0188280000000000
vn 1.1623114927990907 4.1473449969305607 4.5299996314239053
v 0.0233510000000000 0.0158350000000000 0.0213620000000000
vn 1.6606734199726292 -4.2769722410907605 3.6115282947184331
v 0.0246269230769231 -0.0154342307692308 0.0215408461538462
vn -0.0578044170586850 -1.5375737503910978 -5.9266764461081971
v 0.0187860000000000 0.0115818181818182 0.0215876363636364
vn -0.0050931433090703 -3.2252999906089466 -5.3908702310624630
v 0.0218930000000000 0.0125280714285714 0.0210535714285714
vn -0.0198606523160573 -3.6236982559824060 -5.1313120295662751
v 0.0218930000000000 0.0141320000000000 0.0200140000000000
vn 1.4278187962885500 3.3948484881916228 5.0569446500120545
v 0.0230620000000000 0.0146580000000000 0.0222480000000000
vn 2.6653494438854892 3.1489985519983268 4.7219354688457482
v 0.0220240000000000 0.0148670000000000 0.0225660000000000
vn 1.6680524802673988 4.7196609483419589 3.5465400880783582
v 0.0223407735849057 0.0159902075471698 0.0215308867924528
vn 5.7321883191061875 -2.0505114721294544 -0.0509803091545921
v 0.0249810000000000 -0.0154430000000000 0.0200040000000000
vn 1.7757011896105397 5.4846489158660265 2.3888610976750728
v 0.0214413333333333 0.0160695000000000 0.0219660000000000
vn 0.5984653485495277 5.7718423913354755 2.2968551146006142
v 0.0227726666666667 0.0161590000000000 0.0210896666666667
vn 1.4862572861157373 -5.9202101439242449 0.0368751374349562
v 0.0240913636363636 -0.0162409090909091 0.0196690909090909
vn 0.2892252778873851 -3.4043706376045568 5.2721485930406971
v 0.0242500000000000 -0.0147100000000000 0.0220420000000000
vn 0.3124369905015083 -3.3047981692262516 5.3339298632946788
v 0.0242500000000000 -0.0138290000000000 0.0226030000000000
vn 2.7353308072566298 -4.1031026465639870 1.9623652070739255
v 0.0245514305555556 -0.0159568750000000 0.0209751805555556
vn 0.3475278055704588 -0.0364293688367617 -5.5253977618513233
v 0.0172320000000000 0.0118420000000000 0.0214480000000000
vn -0.0035573291225953 -3.7734195637828210 -5.0234381227333227
v 0.0218930000000000 0.0147855000000000 0.0195335000000000
vn -0.0013438526569501 -3.9283553931954907 -4.9029698992704880
v 0.0234460000000000 0.0152140000000000 0.0192040000000000
vn 2.8325311498516048 4.3403367035093794 2.9799784069790132
v 0.0205337222222222 0.0159518055555556 0.0229848888888889
vn -0.0105386986624784 6.2831277526606142 0.0155644808688712
v 0.0132060000000000 0.0162500000000000 0.0217920526315790
vn -0.0000000000000020 6.2831853071795871 0.0000000000000075
v 0.0153650000000000 0.0162500000000000 0.0197250000000000
vn -0.0041052912607541 2.2370797299174243 5.8707359560483150
v 0.0105630000000000 0.0095220000000000 0.0247300000000000
vn -2.0579241064167553 0.4606704111460685 0.8674761394468566
v 0.0085000000000000 0.0102420000000000 0.0244410000000000
vn -0.2174802195776301 1.1910235575242603 1.3616208089762749
v 0.0089847000000000 0.0106251500000000 0.0241342000000000
vn -1.2384361266636574 0.1010558286127025 0.2038757514899257
v 0.0085000000000000 0.0117150000000000 0.0237700000000000
vn -0.0337931069292342 0.0302355371093986 6.2827197970895607
v 0.0139400000000000 0.0136915000000000 0.0242000000000000
vn -1.2974064006746244 1.1942804573292845 5.7753077562200561
v 0.0129827692307692 0.0147179743589744 0.0241596666666667
vn 2.2977583843432203 1.8101543994369533 3.8775407714777188
v 0.0154050000000000 0.0126270000000000 0.0242000000000000
vn -3.5286003125993015 2.3628605160996692 4.1920618834946666
v 0.0125560000000000 0.0153180000000000 0.0237450000000000
vn -3.3393824302260420 -1.9287923904227484 -4.9120246091397917
v 0.0097710000000000 0.0091900000000000 0.0236330000000000
vn -4.1883735418204742 -0.5589560567201761 -4.6475437940438402
v 0.0090360000000000 0.0031840000000000 0.0257680000000000
vn 0.0146319694923755 6.2830703268618278 0.0214380017083160
v 0.0218130000000000 0.0162500000000000 0.0206194285714286
vn 0.1011370758382471 2.8146701335382334 -3.1096322071841591
v 0.0196953333333333 0.0162500000000000 0.0187404166666667
vn -0.0000000000000015 2.0265942603487392 5.9461120493019823
v 0.0167500000000000 0.0085490000000000 0.0250830000000000
vn -2.2455824055621489 0.0681006650347432 0.9989164521696482
v 0.0085000000000000 0.0024230000000000 0.0263890000000000
vn 0.4891210639044390 0.3035850717463315 6.2255716267992156
v 0.0207660000000000 0.0127060000000000 0.0242000000000000
vn -0.0005470808774145 0.4233577208140276 6.2545039459078984
v 0.0189978181818182 0.0115835454545455 0.0242000000000000
vn 2.3860180031860017 1.6616653618772039 5.3786036061682490
v 0.0210937105263158 0.0134167631578947 0.0240443157894737
vn -1.8395373247644722 -0.5674764051372827 -5.9427068683493145
v 0.0110285454545455 0.0022927272727273 0.0246617272727273
vn -1.9615598540344594 1.6130997340895421 -0.8727058949931604
v 0.0090999166666667 0.0162468333333333 0.0203977222222222
vn 0.5687128551228767 3.6077229511270090 -3.0219189557315747
v 0.0153860000000000 0.0162500000000000 0.0187983333333333
vn -0.0013602828010719 2.0255254739557746 5.9464546218410517
v 0.0126250000000000 0.0085490000000000 0.0250830000000000
vn -0.0054055298268644 1.6971326890677374 6.0052681349008781
v 0.0139170000000000 0.0104290000000000 0.0243610000000000
vn 3.2453289989817375 0.3531460769262398 -3.1170163076254314
v 0.0250000000000000 -0.0027380000000000 0.0243470000000000
vn 0.0336225030065903 0.6313097931460447 6.2183675745059270
v 0.0153050000000000 0.0112170000000000 0.0242000000000000
vn -0.1236066074416381 0.6771698477332548 -1.9269399532986082
v 0.0140000000000000 0.0162500000000000 0.0183350000000000
vn -0.1434121920292074 0.0085923556215259 -0.1582158945219135
v 0.0094280000000000 0.0162500000000000 0.0200730000000000
vn 0.0000000000000005 2.2308521936953025 5.8730617127942510
v 0.0126250000000000 0.0095220000000000 0.0247300000000000
vn 0.0114837642088762 1.5609654995813711 6.0847822908281461
v 0.0167500000000000 0.0065640000000000 0.0256740000000000
vn -0.6055926424612847 3.2105757759327593 5.3233800742682922
v 0.0091204615384615 0.0121953846153846 0.0235555384615385
vn -0.0214590295388063 0.3420448666792473 6.2645744715880287
v 0.0139888571428571 0.0116284285714286 0.0242000000000000
vn -4.1844351370866271 -0.2509676902308975 -4.6779615306926026
v 0.0090360000000000 0.0015950000000000 0.0259150000000000
vn -0.2017568077422245 0.7163378500059181 -1.9407176423048753
v 0.0182860000000000 0.0162500000000000 0.0183350000000000
vn 0.0030352435106520 6.2831228450305581 0.0186960293768158
v 0.0207620000000000 0.0162500000000000 0.0211150000000000
vn 0.0113409695173763 6.2831585435710702 -0.0050061421123925
v 0.0218410000000000 0.0162500000000000 0.0197250000000000
vn 0.0003436857208398 2.2552610759316587 5.8632505646387507
v 0.0167500000000000 0.0095220000000000 0.0247300000000000
vn 0.0009203536567628 1.5546483222785239 6.0865945976597926
v 0.0126250000000000 0.0065640000000000 0.0256740000000000
vn 0.0005577496117302 1.6268255631196347 6.0201887459548749
v 0.0190830000000000 0.0104290000000000 0.0243610000000000
vn -0.3192558512696206 -1.2472234317871396 -6.1450091076542650
v 0.0125710000000000 0.0048140000000000 0.0240220000000000
vn 0.7894088708602369 0.5640662455132693 6.1253430982775239
v 0.0202660000000000 0.0138445000000000 0.0242000000000000
vn 1.0998958640759364 1.1684554452849043 5.9191042281123680
v 0.0215977250000000 0.0123422750000000 0.0241452750000000
vn -3.4089350139847574 -0.4877087403695529 -5.2151960102084747
v 0.0097710000000000 0.0023480000000000 0.0252480000000000
vn -1.7400692376883355 1.7831448572130233 -2.2202930592420667
v 0.0098673750000000 0.0162500000000000 0.0197118125000000
vn -0.2102680633053157 6.2625539030763893 0.2959051439615800
v 0.0110555238095238 0.0162480952380952 0.0209152619047619
vn -0.0000000000000218 6.2831853071795862 -0.0000000000000192
v 0.0132060000000000 0.0162500000000000 0.0188854166666667
vn 0.0007733748500616 2.3706837312244646 5.8185167304410097
v 0.0126250000000000 0.0100030000000000 0.0245390000000000
vn 0.0003991567106121 1.3127372339081460 6.1432046698615945
v 0.0167500000000000 0.0055290000000000 0.0259170000000000
vn 3.0487787538601490 -0.3216709056747261 3.1212578327367249
v 0.0250000000000000 -0.0027040000000000 0.0263620000000000
vn -0.0245457566932850 0.6360674812516229 6.2160175827221718
v 0.0129160000000000 0.0112170000000000 0.0242000000000000
vn -1.5605254451251591 2.6290884108318457 5.4717151262076476
v 0.0101250000000000 0.0121590000000000 0.0237630000000000
vn -2.7833975301572185 2.0625430861285294 5.1270394916778290
v 0.0114352941176471 0.0131606470588235 0.0238982941176471
vn 0.3349843982220349 6.1153933956436717 0.9822954335621179
v 0.0233809090909091 0.0162467272727273 0.0205715909090909
vn 0.2464229120281492 6.2257668074817047 0.5251273699997780
v 0.0206352173913043 0.0162463478260870 0.0219055217391304
vn -0.1355967216369404 2.3638066309264949 -3.0319719596251766
v 0.0171900000000000 0.0162500000000000 0.0186825000000000
vn -0.0004417992663472 1.3111117276632367 6.1435512331749846
v 0.0126250000000000 0.0055290000000000 0.0259170000000000
vn -2.2448710732299473 -0.0012465922367337 1.0010200724328477
v 0.0085000000000000 0.0008090000000000 0.0264880000000000
vn -0.0453927750121959 1.7669690960139930 5.9963496868350878
v 0.0165000000000000 0.0104290000000000 0.0243610000000000
vn -0.3201964094497317 -1.6196511266310409 -6.0576956568937828
v 0.0125710000000000 0.0063860000000000 0.0236530000000000
vn 2.4299832549617859 1.7401416656521622 5.1255225084680474
v 0.0203565531914893 0.0146201489361702 0.0240469893617021
vn -0.0364407874813293 0.4433452097811431 6.2512406030680321
v 0.0175108461538462 0.0115271538461538 0.0242000000000000
vn 1.9782271305643200 2.2239086186568073 5.4297004188060987
v 0.0220504761904762 0.0123190952380952 0.0240362380952381
vn -2.2871702077678528 -0.0441724154394007 -5.8140310135286208
v 0.0106580000000000 0.0000000000000000 0.0248810000000000
vn -0.3560111809811798 6.1563549678344893 0.8143745335911305
v 0.0099394418604651 0.0162472325581395 0.0205621162790698
vn -0.0031326748748036 6.2831779058416304 0.0059287681701824
v 0.0110470000000000 0.0162500000000000 0.0198990000000000
vn -0.1345885549305019 1.4516975893666602 -2.6426653617838962
v 0.0122535909090909 0.0162500000000000 0.0185788181818182
vn 0.0087996425745158 1.7865779692955890 6.0224289768101569
v 0.0167500000000000 0.0075620000000000 0.0253980000000000
vn 0.0046500992355515 1.0572276975536332 6.1921860836903493
v 0.0167500000000000 0.0044850000000000 0.0261180000000000
vn -0.0977013556985154 0.5555586111873583 6.2499531874317142
v 0.0120348888888889 0.0114890000000000 0.0242000000000000
vn -1.6335478784161817 1.7243049694674926 5.7019687760671438
v 0.0111688589743590 0.0124872051282051 0.0240195256410256
vn 1.0837755445610853 5.9188750024815082 1.0156035245431192
v 0.0201089411764706 0.0162446470588235 0.0225775882352941
vn 0.5780053599407897 6.1363090821686628 0.7651392422921013
v 0.0212077500000000 0.0162467916666667 0.0215216666666667
vn 0.3666260133840951 6.0878894785139215 1.0553687411741242
v 0.0223215172413793 0.0162450689655172 0.0209239655172414
vn -0.0005285647865298 1.7946778431830639 6.0201684639242359
v 0.0126250000000000 0.0075620000000000 0.0253980000000000
vn 0.0002110520777239 1.0621678618116803 6.1914132584974810
v 0.0126250000000000 0.0044850000000000 0.0261180000000000
vn -0.1141676250295133 0.6865332750310784 6.2040606147865214
v 0.0165000000000000 0.0112170000000000 0.0242000000000000
vn 2.5370205264567902 2.8045932965062899 5.0025562633850864
v 0.0220240000000000 0.0135060000000000 0.0234060000000000
vn 2.3789438592584178 3.0414390677451473 3.6973427111716370
v 0.0200436341463415 0.0157829878048780 0.0237937682926829
vn -3.4757877401006096 -0.0326906169817287 -5.2060224735455023
v 0.0097930000000000 0.0000000000000000 0.0253430000000000
vn -4.2161084035976106 -0.0099766470392168 -4.6524445696566170
v 0.0090360000000000 0.0000000000000000 0.0259640000000000
vn -0.0403188593760702 3.8858164022210140 4.6538951866118543
v 0.0154810000000000 0.0158589534883721 0.0239185116279070
vn -4.1901672537107393 -1.4025929214271458 -4.4642352807665482
v 0.0090360000000000 0.0078560000000000 0.0247480000000000
vn -0.9413289174403134 1.0337616149534266 -2.0681436433969891
v 0.0109810000000000 0.0162500000000000 0.0187148333333333
vn -0.0137234528424169 6.2810131162474168 0.1131406552233609
v 0.0152262941176471 0.0162500000000000 0.0228935882352941
vn -0.0000000000000001 6.2831853071795862 0.0000000000000202
v 0.0132060000000000 0.0162500000000000 0.0207908666666667
vn -0.0954260389830057 2.5946883458353329 5.7119905005949061
v 0.0105630000000000 0.0100030000000000 0.0245390000000000
vn 0.0035960210406458 0.8043220627293354 6.2300252807882561
v 0.0167500000000000 0.0033790000000000 0.0262840000000000
vn 3.0613981379583795 -0.9374363156087142 2.9950405905810320
v 0.0250000000000000 -0.0079980000000000 0.0252640000000000
vn 3.0497079287729254 -0.6359587571015917 3.0727182821172425
v 0.0250000000000000 -0.0053790000000000 0.0259480000000000
vn -0.4324191129522702 0.2432072667924082 6.2401037388446072
v 0.0129340000000000 0.0137595555555556 0.0241982222222222
vn -1.0251036965083535 0.5615116137888403 6.0749814926328218
v 0.0119316461538461 0.0127132307692308 0.0241712000000000
vn -0.4378630801621787 0.8456520908369575 6.1271785762435389
v 0.0109759642857143 0.0117766428571429 0.0241655000000000
vn -0.1413312085083283 0.7108158293593614 6.1892407873674911
v 0.0139400000000000 0.0146740000000000 0.0242000000000000
vn -0.7269097091108023 0.7416848042127828 6.0420572241347887
v 0.0095913333333333 0.0108803333333333 0.0242213333333333
vn -4.1839156207120354 -1.5312498729114732 -4.4179896771249831
v 0.0090360000000000 0.0093610000000000 0.0242180000000000
vn 0.9917665549298479 5.9511809860818641 1.0035426477882463
v 0.0195772222222222 0.0162445925925926 0.0230588888888889
vn 0.0000000000000004 6.2831853071795871 0.0000000000000045
v 0.0175230000000000 0.0162500000000000 0.0207675000000000
vn 0.3024006013274805 -2.8764200787915244 5.5768458473872329
v 0.0242500000000000 -0.0123160000000000 0.0234640000000000
vn 0.0052660280940602 2.0397011416504802 5.9417203108001955
v 0.0208750000000000 0.0085490000000000 0.0250830000000000
vn 0.0015827145327578 0.8001626590785822 6.2306491094635117
v 0.0126250000000000 0.0033790000000000 0.0262840000000000
vn 0.4740265047168709 3.0075502421206313 4.9116557832729164
v 0.0193219020979021 0.0157910559440559 0.0239540069930070
vn 0.4767649861353139 2.9191659037175643 3.7534564261759726
v 0.0162198461538462 0.0121641538461538 0.0242000000000000
vn 0.5544470468863735 2.0608625705130783 5.8743055929404786
v 0.0231842500000000 0.0111285000000000 0.0241536250000000
vn -2.5001586573711156 -1.4994887809294348 -5.5429002730429966
v 0.0106090000000000 0.0068370000000000 0.0239440000000000
vn -0.0974686065373891 -0.4770805106122921 6.2552239601829402
v 0.0119780000000000 -0.0115050000000000 0.0242000000000000
vn 0.0043029931153808 -1.5295673400322025 6.0928339526529989
v 0.0167500000000000 -0.0064490000000000 0.0257030000000000
vn 0.0032340901206147 -1.7749285228216642 6.0257454857291650
v 0.0167500000000000 -0.0074970000000000 0.0254180000000000
vn 2.2766848412331435 -1.8421194344183041 3.8916341587546945
v 0.0154050000000000 -0.0126270000000000 0.0242000000000000
vn -0.0051383866489890 -0.3357862055955448 6.2640494439192818
v 0.0139926153846154 -0.0116157692307692 0.0242000000000000
vn 0.0005116868627717 -2.2583504652074176 5.8619773252461087
v 0.0126250000000000 -0.0095520000000000 0.0247190000000000
vn -0.0433784746182182 -0.4405199442614208 6.2515164386631783
v 0.0174955000000000 -0.0115530000000000 0.0242000000000000
vn 0.4874685054583507 -2.8982579194216407 3.8419903878186794
v 0.0161965000000000 -0.0121695000000000 0.0242000000000000
vn 1.5735481100894169 5.8739810434614057 -0.0164258142590530
v 0.0241005000000000 0.0162400000000000 0.0196970000000000
vn -0.0020401337396126 -2.0199179228029780 5.9483165984166435
v 0.0126250000000000 -0.0085310000000000 0.0250890000000000
vn -0.0016895228045907 -1.2765418792864054 6.1507444271265843
v 0.0126250000000000 -0.0053910000000000 0.0259460000000000
vn -2.1977815073882025 -0.0854332475321460 0.9467387650730077
v 0.0085000000000000 -0.0024230000000000 0.0263890000000000
vn -2.1979747933904727 -0.0304884591835098 0.9508114017302123
v 0.0085000000000000 -0.0008090000000000 0.0264880000000000
vn -1.8277639628830653 0.5927468882672426 -5.9405809741395492
v 0.0111060000000000 -0.0024043846153846 0.0246268461538462
vn 0.0148044083700738 -5.5951096041225217 2.1364653633180604
v 0.0175190000000000 -0.0162310000000000 0.0233930000000000
vn 1.0244953247415238 -0.3856916669827750 5.4785800401708142
v 0.0196850000000000 -0.0149620000000000 0.0242000000000000
vn -2.8245926797579060 0.1098686630747993 3.9953166164600500
v 0.0178650000000000 -0.0135000000000000 0.0242000000000000
vn -0.4061194767760737 -0.6507120378048438 5.8859426810854165
v 0.0158890000000000 -0.0152500000000000 0.0242000000000000
vn 0.0727791517057083 -0.4954172642616279 6.2511696888856516
v 0.0205528750000000 -0.0115230000000000 0.0242000000000000
vn 0.0312807985226830 -2.2194719965227487 5.8765685148056974
v 0.0229380000000000 -0.0095520000000000 0.0247190000000000
vn -0.0012354268794728 -0.5123186468056389 6.2609421696085450
v 0.0126250000000000 -0.0021690000000000 0.0264110000000000
vn -2.1959820390869664 -0.3094639138425187 0.8973502843413064
v 0.0085000000000000 -0.0087320000000000 0.0250200000000000
vn -2.1968997771533290 -0.1996009397467363 0.9285330800655240
v 0.0085000000000000 -0.0056200000000000 0.0258970000000000
vn 1.2732499942645130 -1.0126360208232636 5.9531609368766789
v 0.0214509504950495 -0.0126148118811881 0.0241294653465347
vn -0.4407606700097801 0.8818310685105568 -6.1954224476613451
v 0.0125710000000000 -0.0032210000000000 0.0242870000000000
vn 0.2683226517544099 -2.1499732854371167 5.8881984669810992
v 0.0235820000000000 -0.0107952000000000 0.0242414000000000
vn -2.4976016413348310 1.1526840958313722 -5.6271318792420031
v 0.0106090000000000 -0.0047760000000000 0.0244390000000000
vn 0.0904712831942184 -3.1251422847632435 5.0293023473571337
v 0.0174690408163265 -0.0157843877551020 0.0239529795918367
vn 0.1735071079616952 -0.6755453070173604 6.2406683130196843
v 0.0215243000000000 -0.0114876000000000 0.0242000000000000
vn 0.2580728011120866 -0.0501557498102388 6.2719189885441855
v 0.0205271600000000 -0.0126229200000000 0.0242000000000000
vn 0.1291840689894316 -0.3495680145213218 6.2605219718020102
v 0.0190600000000000 -0.0136966086956522 0.0242000000000000
vn 0.0109137892039372 -2.3772618278842765 5.8157069910574517
v 0.0229380000000000 -0.0100560000000000 0.0245180000000000
vn -0.0011918737101372 -0.2602610891685349 6.2764259320187987
v 0.0126250000000000 -0.0010850000000000 0.0264780000000000
vn 3.0533131991319156 0.9420762526043167 2.9932042345819831
v 0.0250000000000000 0.0079980000000000 0.0252640000000000
vn -1.2289273656237705 1.1422607615006550 -6.0318442464358712
v 0.0115320000000000 -0.0047200000000000 0.0241520000000000
vn -3.4977463272864200 1.0250839818579007 -5.0902485328349565
v 0.0097710000000000 -0.0048640000000000 0.0248860000000000
vn -4.2358631958780846 0.8309273630280275 -4.5604751830991193
v 0.0090360000000000 -0.0047610000000000 0.0255240000000000
vn -4.2513033057819438 1.4221126112167084 -4.3983070988522570
v 0.0090360000000000 -0.0078560000000000 0.0247480000000000
vn -0.0017562932322196 -5.6084863953674660 2.0725714007167535
v 0.0185370000000000 -0.0162310000000000 0.0233930000000000
vn 0.6484611900171303 -3.3007562522220435 4.7285302085446563
v 0.0193483310810810 -0.0158075270270270 0.0239454189189189
vn 0.5799092321539174 2.5376881974685648 3.7940227834298561
v 0.0162167333333333 -0.0148351333333333 0.0242000000000000
vn -0.0005550518872042 -2.3825482802218896 5.8136339327834188
v 0.0208750000000000 -0.0100560000000000 0.0245180000000000
vn 0.0016909392067442 -0.7694511226898346 6.2346151650397053
v 0.0126250000000000 -0.0032490000000000 0.0263000000000000
vn 0.0734993861869477 2.3580374670591575 5.8205292532025608
v 0.0242500000000000 0.0104290000000000 0.0243610000000000
vn 2.0976027870508291 -2.5289518816354533 5.3390578247035005
v 0.0223767666666667 -0.0124684000000000 0.0238038666666667
vn 0.5888997744311066 -1.9738155326046201 5.9078459068988352
v 0.0231873333333333 -0.0111156666666667 0.0241573333333333
vn -1.7983394127217167 1.6091624186652802 -5.7594700853954848
v 0.0111060000000000 -0.0069268461538462 0.0237542307692308
vn -4.2443631694060473 1.1196914307441033 -4.4912321650735523
v 0.0090360000000000 -0.0063210000000000 0.0251830000000000
vn 3.0091005510431064 -0.0484705851756188 3.7127046962472683
v 0.0151350000000000 -0.0134760000000000 0.0242000000000000
vn -1.7311252722752488 -3.0267016870980319 4.2510996497218718
v 0.0131616797385621 -0.0157627385620915 0.0238829803921569
vn -0.1414949924609640 -0.7853146613624059 6.1793520622235754
v 0.0139400000000000 -0.0146740000000000 0.0242000000000000
vn -0.0002268769305919 -2.0325155210285493 5.9442460913356774
v 0.0208750000000000 -0.0085310000000000 0.0250890000000000
vn 0.0039661524308930 -0.2594206339696838 6.2764312182635509
v 0.0167500000000000 -0.0010850000000000 0.0264780000000000
vn -0.8705479445468072 -2.4207347685008580 5.5881292867005845
v 0.0090468000000000 -0.0113484000000000 0.0239698000000000
vn 3.2485770935140552 -0.6982122227807225 -3.0581701086629836
v 0.0250000000000000 0.0054410000000000 0.0238880000000000
vn -0.8355870000182095 -0.6173373363617000 5.9730484845370597
v 0.0095913333333333 -0.0108810000000000 0.0242206666666667
vn 0.7505706272356533 -5.3922946024925871 2.0562281212658857
v 0.0193206153846154 -0.0162310000000000 0.0233940769230769
vn -0.0735358294265916 -3.2588681440895106 4.9834218592583319
v 0.0185213076923077 -0.0158020000000000 0.0239382948717949
vn -1.6774308584707343 1.6273039361589294 3.9951808805285802
v 0.0173022000000000 -0.0146058000000000 0.0242000000000000
vn 1.0822051508060806 2.7831952860501561 -2.5657870408083174
v 0.0240913636363636 0.0162409090909091 0.0187145454545455
vn -0.0000000000000016 -2.2341278443203927 5.8717207315962519
v 0.0208750000000000 -0.0095520000000000 0.0247190000000000
vn -0.0015343975988490 -1.0272589861060617 6.1972703567988683
v 0.0126250000000000 -0.0043240000000000 0.0261450000000000
vn 0.0791586614636769 -1.7610051189687708 5.9883518135138960
v 0.0216670000000000 -0.0104290000000000 0.0243610000000000
vn -2.1959695161967860 -0.2585883938316659 0.9130087963766702
v 0.0085000000000000 -0.0071890000000000 0.0255060000000000
vn 3.0708694331527813 1.2321881044909124 2.8868404502326532
v 0.0250000000000000 0.0105340000000000 0.0243160000000000
vn 0.4112539084433051 2.7785897431796087 5.6187108137761710
v 0.0242500000000000 0.0115700000000000 0.0238410000000000
vn 0.9497155493114895 -1.3395020022680679 5.9717052444029974
v 0.0222954057971014 -0.0116925507246377 0.0241460869565217
vn -0.4195885201610188 0.4214487186823622 -6.2430483516353785
v 0.0125710000000000 -0.0016140000000000 0.0244470000000000
vn 0.9482226763635659 -2.7898077709996674 5.5285618338715441
v 0.0235620000000000 -0.0120920000000000 0.0236340000000000
vn -3.3686843850325650 1.4430289742872091 -5.0574157227433432
v 0.0097710000000000 -0.0070990000000000 0.0243430000000000
vn 0.0000000000000000 0.0000000000000000 6.2831853071795862
v 0.0190600000000000 -0.0126090000000000 0.0242000000000000
vn 0.6625086751503240 -0.7140934741744694 6.1176279234292759
v 0.0203020769230769 -0.0136723538461538 0.0241928153846154
vn -0.0004009447694967 -2.2576147856375259 5.8622438529524254
v 0.0167500000000000 -0.0095520000000000 0.0247190000000000
vn -0.3638760008828388 1.2007487435463380 -6.1506360992034832
v 0.0125710000000000 -0.0048140000000000 0.0240220000000000
vn 3.5860014655601562 -2.5503689771279436 4.4787591927752946
v 0.0210876363636364 -0.0141942727272727 0.0237074545454545
vn -0.1273712960566053 -0.6918161971985821 6.2021119604658974
v 0.0165000000000000 -0.0112170000000000 0.0242000000000000
vn -1.7440207495556874 -2.2822506116294168 3.9042923071660929
v 0.0173322307692308 -0.0124180769230769 0.0242000000000000
vn 1.1282110727767354 5.7511046247692654 0.9813800113177921
v 0.0240000000000000 0.0162500000000000 0.0204440000000000
vn 0.0013916823363202 -1.5275128149443704 6.0934335047032082
v 0.0126250000000000 -0.0064490000000000 0.0257030000000000
vn -0.0023263731619482 -1.7800977164835421 6.0242357691625887
v 0.0126250000000000 -0.0074970000000000 0.0254180000000000
vn 0.0028859948419853 -1.6370822893256691 6.0147766630460850
v 0.0190830000000000 -0.0104290000000000 0.0243610000000000
vn 2.5881134831047135 -3.0368024158356599 3.6704024513787239
v 0.0201160813953488 -0.0157383255813953 0.0237577209302326
vn -3.3501092645026684 0.5139984476366565 -5.2444083752551212
v 0.0097710000000000 -0.0024640000000000 0.0252370000000000
vn -4.2467512831966685 0.2757750710482629 -4.6182681470982025
v 0.0090360000000000 -0.0015950000000000 0.0259150000000000
vn -0.0228614395539354 -0.6360896210679521 6.2161166277113828
v 0.0129160000000000 -0.0112170000000000 0.0242000000000000
vn -0.4980723766066392 -0.4605348818803222 6.2026662763539564
v 0.0121027058823529 -0.0126258235294118 0.0242000000000000
vn -0.0000000000000002 -2.0229073787715777 5.9473334446515587
v 0.0167500000000000 -0.0085310000000000 0.0250890000000000
vn 0.0001849620795739 -1.2792937279469960 6.1501950625481037
v 0.0167500000000000 -0.0053910000000000 0.0259460000000000
vn -0.0093960412280979 -1.6893950208241888 6.0091528664879466
v 0.0139170000000000 -0.0104290000000000 0.0243610000000000
vn 3.0478978083612089 0.3188480989923120 3.1215167790542648
v 0.0250000000000000 0.0027040000000000 0.0263620000000000
vn 3.2416155108624758 -0.0013051707811073 -3.1370841504858857
v 0.0250000000000000 0.0000000000000000 0.0245000000000000
vn -2.5438668843922789 -2.8078327479108722 5.0011385007577420
v 0.0109760000000000 -0.0135060000000000 0.0234060000000000
vn -0.0122773253851248 -5.6700751073118010 2.0003234206307976
v 0.0154810000000000 -0.0162310000000000 0.0233930000000000
vn -0.8548007413933111 -1.8842576473035364 5.8479962248807213
v 0.0102234411764706 -0.0113257058823529 0.0241477647058823
vn -1.4843407730173290 -1.4975369016634914 5.7551097873939057
v 0.0111792545454545 -0.0123123272727273 0.0240976727272727
vn -2.0105737647155260 -1.5509856353113318 5.4997613962870817
v 0.0119842790697674 -0.0134348139534884 0.0240624186046512
vn -1.4085302521291314 -1.3123384568039571 5.7846518981457180
v 0.0128762888888889 -0.0146595333333333 0.0241462222222222
vn -0.1815931687314815 -3.2287754170384950 4.9448015017989215
v 0.0142266241610738 -0.0158265771812080 0.0239260671140939
vn 0.0091951110626583 -1.0190500225806041 6.1985105591390726
v 0.0167500000000000 -0.0043240000000000 0.0261450000000000
vn -1.3795015673388460 -0.7363999678535624 0.2051410417578123
v 0.0085000000000000 -0.0102420000000000 0.0244410000000000
vn -3.3009675784788253 -0.7477524041603507 0.8090891704283472
v 0.0089871428571429 -0.0106350000000000 0.0241086190476190
vn 0.0026899211389339 -5.6432355956890525 2.0142660034874638
v 0.0142085000000000 -0.0162310000000000 0.0233930000000000
vn -0.0195697691671619 -3.7934539887239720 4.7032850981399887
v 0.0154810000000000 -0.0158342093023256 0.0239436744186047
vn -0.5425049568157477 -0.8023614898060217 6.1706440515950574
v 0.0108437297297297 -0.0118068378378378 0.0241488108108108
vn -0.6523051511499900 -0.0788976209728741 6.1756286804081872
v 0.0128910000000000 -0.0141170000000000 0.0242000000000000
vn 0.0068571829042301 -0.7755123758651079 6.2337138973206914
v 0.0167500000000000 -0.0032490000000000 0.0263000000000000
vn 3.0490799203750556 0.6385668898725434 3.0721514329870594
v 0.0250000000000000 0.0053790000000000 0.0259480000000000
vn -3.6078551000972388 -2.0000055559915006 4.4648119907342689
v 0.0124296122448980 -0.0145839795918367 0.0239558571428571
vn -4.0986027375492018 1.2044610259909230 -4.5652367366037208
v 0.0090360000000000 -0.0093610000000000 0.0242180000000000
vn -1.2694980195054337 -5.0229011935493713 2.0371523169819463
v 0.0134440000000000 -0.0162310000000000 0.0233950000000000
vn -0.0681499178874208 -0.0005511638124496 6.2815372023168274
v 0.0139400000000000 -0.0135210000000000 0.0242000000000000
vn 2.2860809423089314 1.8365264353586424 3.8463725025069051
v 0.0154050000000000 -0.0143730000000000 0.0242000000000000
vn 0.0020662304701302 -0.5123616372921875 6.2609281591094668
v 0.0167500000000000 -0.0021690000000000 0.0264110000000000
vn -0.9160956050694452 -0.2294109015476238 0.1971644275976372
v 0.0085000000000000 -0.0117150000000000 0.0237700000000000
vn -0.0786130797564966 -1.7714904012818826 5.9922963703720162
v 0.0113330000000000 -0.0104290000000000 0.0243610000000000
vn -3.4930462914383615 1.6893067240923731 -4.8554557198212835
v 0.0097710000000000 -0.0092180000000000 0.0236230000000000
vn -4.2163615438986133 -1.0764262740771668 -4.5304102869613114
v 0.0090360000000000 0.0063210000000000 0.0251830000000000
vn -4.1782157024614719 -0.8457798115847442 -4.6123700540203627
v 0.0090360000000000 0.0047610000000000 0.0255240000000000
vn 0.0042871388941278 6.2831795773139465 0.0033792953341466
v 0.0175230000000000 0.0162500000000000 0.0226500000000000
vn 0.0018767089728862 6.2831826180544992 0.0024700631636362
v 0.0196820000000000 0.0162500000000000 0.0207675000000000
vn -0.3422138065428123 3.0080132902376882 -3.0947789775197192
v 0.0215237272727273 0.0162500000000000 0.0187140909090909
vn 0.0729821869358578 -2.4167451721774573 5.7979851282592731
v 0.0242500000000000 -0.0104290000000000 0.0243610000000000
vn 0.0020475327244651 0.0025597392377587 6.2818808555640890
v 0.0126250000000000 0.0000000000000000 0.0265000000000000
vn -0.0001235943424396 0.2706408157168383 6.2758899172908658
v 0.0126250000000000 0.0011350000000000 0.0264760000000000
vn -2.2455913546089805 0.1301013843982423 0.9921963396233179
v 0.0085000000000000 0.0040290000000000 0.0261920000000000
vn 0.5786471740514518 -2.5636531835462608 3.7943442400397873
v 0.0161965000000000 0.0148305000000000 0.0242000000000000
vn 0.1354656677307785 3.0484849761479582 5.0501259236778626
v 0.0174765000000000 0.0157733541666667 0.0239703750000000
vn 0.0000000000000000 0.0000000000000000 6.2831853071795862
v 0.0190600000000000 0.0135210000000000 0.0242000000000000
vn 0.3189446871607802 0.9781846212020764 6.1663661577527975
v 0.0212780000000000 0.0112170000000000 0.0242000000000000
vn -2.4625273119199065 -1.0758027922106348 -5.6595226711867275
v 0.0106090000000000 0.0045910000000000 0.0244740000000000
vn -0.7463559675709804 6.0119456262808599 1.0249804194518883
v 0.0131133571428571 0.0162447142857143 0.0228182857142857
vn -0.3486263785238495 6.2350328797049777 0.4401915603235045
v 0.0121238250000000 0.0162463250000000 0.0217678000000000
vn -0.0000000000000068 6.2831853071795871 0.0000000000000045
v 0.0153650000000000 0.0162500000000000 0.0207675000000000
vn -0.0000000000000002 0.0027279012098256 6.2818375849766808
v 0.0167500000000000 0.0000000000000000 0.0265000000000000
vn 0.0101464648962663 0.2743029188543623 6.2755719572413033
v 0.0167500000000000 0.0011350000000000 0.0264760000000000
vn -0.4371448944835150 2.2826711269194311 5.8105283722000198
v 0.0090118823529412 0.0112333529411765 0.0240207058823529
vn 3.2463293078136530 0.6957186559469294 -3.0588326189063748
v 0.0250000000000000 -0.0054410000000000 0.0238880000000000
vn -0.0287252743190914 -0.0137624190684834 6.2829897421308498
v 0.0139400000000000 0.0126791538461538 0.0242000000000000
vn -1.6369765374305323 3.2193606660891825 4.2698051722254728
v 0.0131657987421384 0.0157868616352201 0.0238614339622642
vn 2.9919079912142035 -0.0138605363571137 3.7701295526035796
v 0.0151350000000000 0.0135000000000000 0.0242000000000000
vn -3.2482590658542749 2.0504904062441955 4.8608002543252207
v 0.0122964218750000 0.0144815625000000 0.0238981562500000
vn -0.0788874866595510 1.0421777800162666 -2.2762939483373366
v 0.0225710000000000 0.0162500000000000 0.0183350000000000
vn 0.0063613629794785 6.2803725677975004 0.1356009811787539
v 0.0184491600000000 0.0162488000000000 0.0229732400000000
vn 0.0145110927373967 6.2831208218911616 0.0118620066054245
v 0.0196820000000000 0.0162500000000000 0.0218103333333333
vn -0.0000000000000002 6.2831853071795871 -0.0000000000000001
v 0.0175230000000000 0.0162500000000000 0.0197250000000000
vn 0.3411095235743394 -2.7170903929257744 5.6535767526588332
v 0.0242500000000000 -0.0114090909090909 0.0239159090909091
vn 0.0105478165184524 2.2512821016422029 5.8646520274900542
v 0.0208750000000000 0.0095220000000000 0.0247300000000000
vn -0.0006000620166856 0.5349887404471817 6.2589450878933510
v 0.0126250000000000 0.0022680000000000 0.0264030000000000
vn -2.2418277637139075 0.2497286997230947 0.9649157576212970
v 0.0085000000000000 0.0071890000000000 0.0255060000000000
vn -0.7696894815595630 0.0084751224233044 -6.2116579155823928
v 0.0120022500000000 0.0000000000000000 0.0245560000000000
vn 0.2108868953559473 0.7641308231360294 6.1742869684947266
v 0.0190600000000000 0.0146740000000000 0.0242000000000000
vn -0.0154007804981998 3.1848210038451712 4.9958476101136418
v 0.0185184545454546 0.0158065454545455 0.0239350259740260
vn -1.6893042893383088 2.4131230188843964 3.4848479573958588
v 0.0173510000000000 0.0124330000000000 0.0242000000000000
vn 1.0320948981243161 1.3018229351836896 5.9019159439087412
v 0.0223279661016949 0.0116618983050847 0.0241481694915254
vn 0.2479976225708531 2.1938113246554254 5.8749932212036393
v 0.0236516666666667 0.0107275333333333 0.0242583333333333
vn -1.2536034661040774 -1.6512925197514501 -5.9089412511162713
v 0.0115320000000000 0.0067570000000000 0.0236630000000000
vn -3.4991932149437481 -1.3789332611432898 -5.0052596144587680
v 0.0097710000000000 0.0069630000000000 0.0243830000000000
vn -0.0076083799263605 6.2809876645505778 0.1227411881518939
v 0.0142517391304348 0.0162478260869565 0.0229401304347826
vn -0.0014728303793565 6.2831843267021759 0.0013418185840181
v 0.0153650000000000 0.0162500000000000 0.0218100000000000
vn -0.0058917465283413 6.2831641720894940 0.0097791301939534
v 0.0121260000000000 0.0162500000000000 0.0207676842105263
vn -0.0000000000000079 6.2831853071795862 0.0000000000000047
v 0.0132060000000000 0.0162500000000000 0.0197250000000000
vn 0.0074262216250145 0.5300568949337372 6.2592427852948322
v 0.0167500000000000 0.0022680000000000 0.0264030000000000
vn -2.2421294903761080 0.3037781901841613 0.9470138440510572
v 0.0085000000000000 0.0087320000000000 0.0250200000000000
vn -0.1053230921451656 1.7940642957607187 5.9843536960912598
v 0.0113330000000000 0.0104290000000000 0.0243610000000000
vn -0.0771974490753023 -0.1273852718793060 6.2786746947814080
v 0.0130870000000000 0.0129450000000000 0.0242000000000000
vn -2.1552320652685291 1.3498208998759975 5.6217968465241466
v 0.0121372816901408 0.0136158309859155 0.0240722957746479
vn -0.1734495005501691 3.2249307301804309 4.9532648557830612
v 0.0142329533333333 0.0158214600000000 0.0239293200000000
vn 2.3048749550048173 -1.7934856645422013 3.9073436118095368
v 0.0154050000000000 0.0143730000000000 0.0242000000000000
vn -0.7619003452430082 1.7279356015726692 5.9429911607217951
v 0.0102534324324324 0.0113863783783784 0.0241369189189189
vn 0.0326876793370272 -0.6313308349688727 6.2184029433887744
v 0.0153050000000000 -0.0112170000000000 0.0242000000000000
vn 0.0000000000000000 0.0000000000000000 6.2831853071795862
v 0.0139400000000000 -0.0127050000000000 0.0242000000000000
vn 3.0491670619206586 0.0016938459230600 3.1378161885182996
v 0.0250000000000000 0.0000000000000000 0.0265000000000000
vn 3.2464068125385901 -0.3514391034885590 -3.1171651057905310
v 0.0250000000000000 0.0027380000000000 0.0243470000000000
vn 2.2469653139112249 -1.6138346889011781 5.2611274952108449
v 0.0204075113636364 -0.0146013295454546 0.0240192727272727
vn 0.0069594932518534 -0.4272593493491880 6.2539761889784913
v 0.0189989285714286 -0.0115872857142857 0.0242000000000000
vn -0.0500209120261314 -1.7659623436787697 5.9956591542249704
v 0.0165000000000000 -0.0104290000000000 0.0243610000000000
vn -2.1973617504404643 -0.1457325674989881 0.9393090920316622
v 0.0085000000000000 -0.0040290000000000 0.0261920000000000
vn -0.4992289109406441 1.6096312461643776 -6.0396142699050541
v 0.0125710000000000 -0.0063860000000000 0.0236530000000000
vn 2.5696875034466014 -1.9883527219938117 5.2715058488797943
v 0.0212186379310345 -0.0135049482758621 0.0239621896551724
vn -4.2552159262474412 0.5925527213487853 -4.5807109994573292
v 0.0090360000000000 -0.0031840000000000 0.0257680000000000
vn -0.1001409932919970 -0.7452662933909203 -2.0094650691588329
v 0.0140000000000000 -0.0162500000000000 0.0183350000000000
vn -0.1540785770903551 -0.0099971410748063 -0.1716249439646735
v 0.0094280000000000 -0.0162500000000000 0.0200730000000000
vn -0.3895190321604753 -3.6028233309872988 5.1256798890768023
v 0.0087500000000000 -0.0148260000000000 0.0219650000000000
vn -0.3725628674926884 -3.0459711933266100 5.4626700518455884
v 0.0087500000000000 -0.0137710000000000 0.0226410000000000
vn -3.0481560053203713 -2.1120594018836973 0.6293972424188342
v 0.0089338247422680 -0.0159750000000000 0.0209872989690722
vn 0.1162035577201152 2.8210430726568676 -5.4662286345537945
v 0.0156780000000000 -0.0155305263157895 0.0189459473684211
vn 0.0070409720038621 3.0167398458644801 -5.5108132762228621
v 0.0141250000000000 -0.0119190000000000 0.0214050000000000
vn -0.4763545942338214 3.1304755255611036 -5.4121655575695335
v 0.0125710000000000 -0.0123310000000000 0.0211710000000000
vn -1.5293287190799871 -4.3176694008647392 4.2112487049913598
v 0.0101845652173913 -0.0158961304347826 0.0214554782608696
vn -3.5444998669027483 -3.3113011938791379 3.9895304911610587
v 0.0114960000000000 -0.0157310000000000 0.0223390000000000
vn 4.9159258237896264 -3.1349956460158355 -0.0244487535560427
v 0.0153654545454545 -0.0127250000000000 0.0218240000000000
vn -2.1710534297762325 3.3751345569268851 -4.7720854282584737
v 0.0109446363636364 -0.0147450909090909 0.0199339090909091
vn -3.3701552239972785 2.6785225680187934 -4.4560349137793764
v 0.0097710000000000 -0.0150800000000000 0.0203860000000000
vn -1.9540909899859711 -1.6011863913742652 -0.8867435320479521
v 0.0090981891891892 -0.0162469189189189 0.0203937567567568
vn 0.5551485402676704 -3.1260955921624678 -3.0586547760756075
v 0.0153860000000000 -0.0162500000000000 0.0187983333333333
vn -2.1551852505168942 -0.5582266556537228 0.7501780857753372
v 0.0085000000000000 -0.0145230000000000 0.0221660000000000
vn -0.7685810282567661 0.1460218091525919 0.6198483141654323
v 0.0085000000000000 -0.0131430000000000 0.0230110000000000
vn -0.1217015117386684 -0.1097835532840616 -0.0378002321074753
v 0.0085000000000000 -0.0158480000000000 0.0212390000000000
vn 0.3835874534239480 2.5631289763238319 -5.6675583954566804
v 0.0156780000000000 -0.0117665000000000 0.0214879090909091
vn -0.4775816128622209 2.4568498318228449 -5.7509664818543058
v 0.0125710000000000 -0.0094400000000000 0.0226080000000000
vn -0.3497548294327359 2.7602420415076789 -5.6269463310887948
v 0.0125710000000000 -0.0109090000000000 0.0219370000000000
vn -1.9741998813142154 -4.8709939172593897 3.0545173360144657
v 0.0110976440677966 -0.0160239322033898 0.0217294915254237
vn -4.2408683950166788 2.4864671581066160 -3.9058365458270559
v 0.0090360000000000 -0.0136440000000000 0.0220910000000000
vn -0.7661792485955610 -5.9968216829952929 1.0505861991126344
v 0.0131220500000000 -0.0162445750000000 0.0228298750000000
vn -0.4000629692273894 -6.2283430932253925 0.4483676260533993
v 0.0121226000000000 -0.0162459750000000 0.0217692000000000
vn -0.0000000000000036 -6.2831853071795862 0.0000000000000030
v 0.0153650000000000 -0.0162500000000000 0.0207675000000000
vn -3.3744639027245396 -0.0617650739008975 0.9397945892372805
v 0.0088800000000000 -0.0124917272727273 0.0230942727272727
vn -0.4713405562497260 3.6846876343196686 -5.0412626209142655
v 0.0123867647058824 -0.0148584117647059 0.0194905882352941
vn -0.3964639658441966 3.5355356512585980 -5.1682832825562555
v 0.0125710000000000 -0.0136980000000000 0.0203130000000000
vn -3.1212204256357712 -3.9523831455675511 3.4991989751201529
v 0.0121924363636364 -0.0158896909090909 0.0228148909090909
vn 5.9497362053185325 0.7588278579415926 -0.0242696989131119
v 0.0151608461538462 -0.0137972307692308 0.0218240000000000
vn -1.7869420556006015 3.0813464408881481 -5.1294553589468670
v 0.0111364285714286 -0.0128991428571429 0.0211047142857143
vn 0.5831296720411527 -5.6203730831399215 2.3993103690976656
v 0.0227873333333333 -0.0161590000000000 0.0210843333333333
vn 5.6833518922539863 2.1157528123455318 -0.0233387592129307
v 0.0249810000000000 0.0154430000000000 0.0200040000000000
vn 0.3140626952584839 -6.1060011758211248 1.0168019827508517
v 0.0233773809523810 -0.0162470000000000 0.0205680476190476
vn 0.5573816671624048 -6.2094382960717391 0.3513893071209290
v 0.0206390000000000 -0.0162463478260870 0.0219021739130435
vn -0.1639373268234723 -2.1000526557429335 -2.9497307238912365
v 0.0171900000000000 -0.0162500000000000 0.0186825000000000
vn 3.0804507994234052 1.5258847284421699 2.7435354316239602
v 0.0250000000000000 0.0129590000000000 0.0231150000000000
vn 0.4387624592874430 3.2958419672111914 5.3280271996798225
v 0.0242500000000000 0.0137710000000000 0.0226410000000000
vn 2.3944975085468454 4.3855044968246606 1.9453476805574017
v 0.0245512027027027 0.0159501351351351 0.0209801891891892
vn -0.7162638321545186 1.9281625288704023 -5.6698727827533588
v 0.0172320000000000 -0.0117752000000000 0.0214832400000000
vn 0.0047633911779738 2.7793697555668535 -5.6330515922304709
v 0.0187860000000000 -0.0109550000000000 0.0219140000000000
vn 0.8362120520879019 -4.7054130552405713 -3.1248448398554469
v 0.0162803600000000 -0.0121366400000000 0.0215688000000000
vn 2.0893979712137036 -2.9527657981905451 5.1114112517095416
v 0.0225910000000000 -0.0137805000000000 0.0229770000000000
vn 2.3867629439656066 -4.7931713935453670 2.8812731064636679
v 0.0214804634146341 -0.0160011707317073 0.0220063414634146
vn 2.7469636496919376 -4.3502184543066287 3.1013808151452182
v 0.0205352000000000 -0.0159462857142857 0.0229900857142857
vn 0.8061021977300401 -5.4277959216444902 2.8461114707554418
v 0.0235293571428571 -0.0160845000000000 0.0210141071428571
vn 1.6480958195467610 -5.7323087219437570 1.1614413703175606
v 0.0208220000000000 -0.0162010000000000 0.0221790000000000
vn 4.1461650258137848 4.2928843454517205 0.0507422803393064
v 0.0246779666666667 0.0159334000000000 0.0200040000000000
vn 0.8946316063893411 -5.9307708507413066 1.1656125911081605
v 0.0201152105263158 -0.0162438421052632 0.0225856842105263
vn 0.7485240041087164 -5.9947456546588711 1.0944273798782618
v 0.0212121666666667 -0.0162467916666667 0.0215192083333333
vn 0.3645905109919734 -5.9916013273547470 1.3105642798545214
v 0.0223495862068966 -0.0162450689655172 0.0209124827586207
vn 0.3610537491329857 2.9222476871294414 5.5459998688662449
v 0.0242500000000000 0.0126840000000000 0.0232670000000000
vn -0.0092312637683302 3.9261947999875861 -4.9045973441929691
v 0.0172320000000000 -0.0153430000000000 0.0191005000000000
vn -1.7241888534762713 1.9863865762243633 -5.1046442203438742
v 0.0185858823529412 -0.0126771470588235 0.0209610882352941
vn 0.3372240859362610 -1.2965887214280436 -3.9635664353968889
v 0.0164550000000000 -0.0119785000000000 0.0213720000000000
vn -0.5264762504775468 2.0240061016700537 -5.9109463549949659
v 0.0125710000000000 -0.0079300000000000 0.0231810000000000
vn -3.3037368049260150 -4.0172666670820032 -2.2821760021499777
v 0.0171010000000000 -0.0122783333333333 0.0216446666666667
vn 5.7891316646304229 1.7072656365616679 0.0219118850129739
v 0.0249905000000000 0.0153465000000000 0.0206310000000000
vn 0.9979762147058502 -3.1985232436334732 5.2927768994613515
v 0.0235620000000000 -0.0136540000000000 0.0227670000000000
vn 2.1350917166147449 -3.3216053672700903 4.8549233007748889
v 0.0225910000000000 -0.0145445000000000 0.0225010000000000
vn 0.9185234940200729 -3.4268727713833158 5.1603003553738480
v 0.0235620000000000 -0.0147540000000000 0.0220656153846154
vn 3.6451618984228733 -3.5230744626385770 3.5694251018415684
v 0.0211844666666667 -0.0158534333333333 0.0224866000000000
vn 0.0168846411385075 -6.2829954438372209 0.0287967807030667
v 0.0218146000000000 -0.0162500000000000 0.0207497000000000
vn 0.1401493015729285 -2.4578743655013984 -3.0489469436491059
v 0.0196953333333333 -0.0162500000000000 0.0187404166666667
vn 2.8048029562090417 1.9870584186676665 2.3485841405714534
v 0.0250000000000000 0.0152500000000000 0.0216720000000000
vn 0.4235095262005270 3.6045173899165621 5.1177974960504251
v 0.0242500000000000 0.0148260000000000 0.0219650000000000
vn 0.1815275914145252 3.5037460860067506 -5.1686150548563417
v 0.0187860000000000 -0.0155611428571429 0.0189207142857143
vn -0.0176699160638408 3.7387554036329327 -5.0469739428040770
v 0.0218930000000000 -0.0145674000000000 0.0196937000000000
vn -0.0139834464941382 3.4898969969085756 -5.2223978928835315
v 0.0218930000000000 -0.0135280000000000 0.0204245000000000
vn -1.9903091731675893 -0.6387869051224161 -2.8022125371591522
v 0.0172907222222222 -0.0123399444444444 0.0211640555555556
vn 3.2234332973347861 -1.6624022661766860 -2.6591286232816209
v 0.0250000000000000 0.0130120000000000 0.0207590000000000
vn 3.2931085832742739 -3.0550835140948180 4.3778300058593889
v 0.0214370000000000 -0.0148622000000000 0.0229924000000000
vn 1.0400184867771478 -4.2200192535726071 4.4893534469359473
v 0.0233268181818182 -0.0158342727272727 0.0213670909090909
vn -4.6793739862326156 -3.1930752916577045 -1.9368822587085963
v 0.0177870000000000 -0.0129480000000000 0.0218240000000000
vn -0.1809086604399739 -0.7442655984845414 -1.9745242866657278
v 0.0182860000000000 -0.0162500000000000 0.0183350000000000
vn 0.0009467209774616 -6.2831644110427201 0.0113786644099578
v 0.0207620000000000 -0.0162500000000000 0.0207676666666667
vn 0.0102817167440240 -6.2831632761173788 -0.0045494450169666
v 0.0218410000000000 -0.0162500000000000 0.0197250000000000
vn 1.5890898284433086 2.2474092542426716 1.8825244365695959
v 0.0249510000000000 0.0155600000000000 0.0214510000000000
vn 0.0080378163540266 3.8123150800527590 -4.9893003748794520
v 0.0234460000000000 -0.0150330000000000 0.0193460000000000
vn -0.0002620913663732 3.0245265050802086 -5.5057378647701301
v 0.0187860000000000 -0.0117096250000000 0.0215195000000000
vn -0.2916283511469747 -0.9788795205327336 1.0389101220441361
v 0.0159130000000000 -0.0122290000000000 0.0212300000000000
vn 3.0181478059796181 -2.6989290608241281 4.7710935361349414
v 0.0217490000000000 -0.0139750000000000 0.0233010000000000
vn 1.5656172852701369 -4.5135172897218387 3.9167312322117107
v 0.0223848181818182 -0.0158602727272727 0.0216208181818182
vn -0.4801535200143882 -0.0487162536478573 0.1523568475961325
v 0.0085000000000000 0.0131430000000000 0.0230110000000000
vn -3.1820388980396137 0.8693977206246531 0.3523951518440089
v 0.0090937647058824 0.0126763529411765 0.0230741176470588
vn -0.4662244116722211 0.2906199375081093 -0.1059019944089061
v 0.0085000000000000 0.0158480000000000 0.0212390000000000
vn -0.0104478512804658 -1.5322481367623688 -5.9102385361721899
v 0.0156780000000000 0.0115851538461538 0.0215858461538462
vn -0.4912908173006066 -2.4324678546349445 -5.7588329809180774
v 0.0125710000000000 0.0094400000000000 0.0226080000000000
vn -2.8124333972781144 3.1408215469858694 4.6398598364981654
v 0.0109720000000000 0.0146745000000000 0.0227020000000000
vn -2.3989605928324433 4.3141795162325627 3.7799631233464899
v 0.0110862307692308 0.0159041846153846 0.0218488307692308
vn -1.8209396609176398 -3.1520263153984578 -5.0719093997744347
v 0.0111060000000000 0.0129870769230769 0.0210614615384615
vn -4.3846443573455289 -2.9384965995208185 -3.2360346802161146
v 0.0090360000000000 0.0136440000000000 0.0220910000000000
vn -4.6056597482428181 -2.0162605774439117 -3.6669802860500202
v 0.0090360000000000 0.0149750000000000 0.0212110000000000
vn -0.5023481723679876 2.9548724660441730 5.4998030711803869
v 0.0090080000000000 0.0137633750000000 0.0226645000000000
vn -2.9444315271909827 2.2788364626408257 0.4925106943788644
v 0.0089390000000000 0.0159748265306122 0.0209878571428571
vn 0.0073210594455132 -3.0019137598664507 -5.5189942756786063
v 0.0141250000000000 0.0118420000000000 0.0214480000000000
vn 0.0002297989280222 -2.7506426004037907 -5.6467909069825071
v 0.0156780000000000 0.0108840000000000 0.0219500000000000
vn 0.1108407485123580 -2.4467286888667377 -5.5262499908252565
v 0.0156780000000000 0.0156627142857143 0.0188378571428571
vn -0.4332359631285018 -1.9731055223784957 -5.9401071948488111
v 0.0125710000000000 0.0079300000000000 0.0231810000000000
vn -1.6720761573479532 3.3474462282217128 5.0155538216781510
v 0.0101250000000000 0.0144900000000000 0.0224170000000000
vn -1.5325397860624075 4.1256697064360299 4.4367542267059985
v 0.0101650000000000 0.0157634000000000 0.0215456000000000
vn -3.5118031287881113 3.1342222186310957 4.1599801868370143
v 0.0114960000000000 0.0157310000000000 0.0223390000000000
vn -0.9456904030485597 5.5316629226952250 2.4101533696841355
v 0.0102266666666667 0.0161620000000000 0.0210830000000000
vn -2.2797835683525491 0.4727073206786206 0.7744980260918006
v 0.0085000000000000 0.0145230000000000 0.0221660000000000
vn -0.5065174892412437 3.9854322696252726 4.7982454810141295
v 0.0090240909090909 0.0155380909090909 0.0214843636363636
vn -0.5074708722472101 -2.7608473651062457 -5.6049489417286136
v 0.0125710000000000 0.0109090000000000 0.0219370000000000
vn -1.8345788394794513 2.9453241897510098 5.2090671013229182
v 0.0101250000000000 0.0137290000000000 0.0228910000000000
vn -0.1037284527099033 -3.5186765875594248 -5.0465075165405313
v 0.0120490000000000 0.0154630000000000 0.0190390000000000
vn -0.9291910932501214 5.8265157256990054 1.6743282869820848
v 0.0109580000000000 0.0162110000000000 0.0212700000000000
vn -0.7216316721099549 3.4914473254060758 5.1619598606198176
v 0.0092468888888889 0.0147417777777778 0.0220590555555556
vn -2.0137730222884866 2.9924410744744705 5.1357852804627591
v 0.0101250000000000 0.0129520000000000 0.0233400000000000
vn -2.8273448102823400 2.7806858169282460 4.8471387230309659
v 0.0109934615384615 0.0139090000000000 0.0231911538461538
vn -2.0956074455909821 -3.4019084185116322 -4.7879445797430895
v 0.0110350000000000 0.0147716923076923 0.0198790000000000
vn -3.4917554124661128 -2.8865066018318495 -4.2499136314953700
v 0.0097710000000000 0.0133090000000000 0.0215840000000000
vn -3.3568666255068869 -2.6514316218823866 -4.4709678945252529
v 0.0097710000000000 0.0151240000000000 0.0203530000000000
vn -0.5421512657751251 -5.7053928843011663 2.0290416675928222
v 0.0102246666666667 -0.0161590000000000 0.0210886666666667
vn -1.7561396055054050 -1.7902807590435452 -2.2123182768551315
v 0.0098673750000000 -0.0162500000000000 0.0197118125000000
vn -0.3706442554000914 -6.1731368635220720 0.7315722014551842
v 0.0110551428571429 -0.0162480952380952 0.0209160238095238
vn -0.0000000000000219 -6.2831853071795862 -0.0000000000000193
v 0.0132060000000000 -0.0162500000000000 0.0188854166666667
vn 2.8570407100157706 0.4729871643499950 -3.2429447726640510
v 0.0154095000000000 -0.0126356250000000 0.0209863750000000
vn -1.7688986888703078 -2.7523007850537735 5.3459366223536122
v 0.0099380000000000 -0.0133160000000000 0.0230770000000000
vn -1.4676863832928029 -3.3727265917979214 5.0587783869650016
v 0.0099380000000000 -0.0146580000000000 0.0222480000000000
vn -2.7044921497157066 -3.1256574436690441 4.7037839997139441
v 0.0109760000000000 -0.0148670000000000 0.0225660000000000
vn -1.2607609142794463 -4.2946798909880552 4.2916506766230613
v 0.0093530000000000 -0.0158430000000000 0.0212880000000000
vn -0.1840899823991746 3.5457984270108405 -5.0579453464339519
v 0.0120490000000000 -0.0154420000000000 0.0190560000000000
vn -4.5825517281692276 2.0457605887742778 -3.6774816083458028
v 0.0090360000000000 -0.0149750000000000 0.0212110000000000
vn -0.3376762047934023 -6.1496819026403271 0.8480940831139194
v 0.0099297500000000 -0.0162469318181818 0.0205652500000000
vn -0.1439872698210612 -1.4210748235141080 -2.6222944334619749
v 0.0122673913043478 -0.0162500000000000 0.0185682173913043
vn -0.0034324113308261 -6.2831770895323995 0.0061597220839484
v 0.0110470000000000 -0.0162500000000000 0.0198990000000000
vn 0.0001851373932464 2.7692175559191261 -5.6374664177835996
v 0.0156780000000000 -0.0109550000000000 0.0219140000000000
vn -0.0089354824783531 3.1372308993662905 -5.4436045749673641
v 0.0141250000000000 -0.0121560000000000 0.0212710000000000
vn -3.3511957415031692 2.7059750012497785 -4.5234294569603737
v 0.0097710000000000 -0.0132240000000000 0.0216360000000000
vn -0.0074618738098716 -6.2809895067035235 0.1227442938541501
v 0.0142738695652174 -0.0162478260869565 0.0229401304347826
vn -0.0014840804362146 -6.2831843065436939 0.0013597979718630
v 0.0153650000000000 -0.0162500000000000 0.0218100000000000
vn -0.0060830980458592 -6.2831611866286430 0.0105430139431849
v 0.0121260000000000 -0.0162500000000000 0.0207676842105263
vn -0.0000000000000079 -6.2831853071795862 0.0000000000000047
v 0.0132060000000000 -0.0162500000000000 0.0197250000000000
vn 1.1948499960710084 4.4113282157003546 -3.8031261036959276
v 0.0153131111111111 -0.0146967777777778 0.0196014603174603
vn 3.0806524384450751 2.0140617319747811 -3.1345976102513315
v 0.0151000000000000 -0.0135230000000000 0.0204300000000000
vn -1.2417924980973301 3.7768565784259129 -4.8292693181896000
v 0.0115320000000000 -0.0154940000000000 0.0191190000000000
vn -1.6263898678376543 -5.5173535862707901 1.9735195315039888
v 0.0127090000000000 -0.0161960000000000 0.0227610000000000
vn -1.4988885777991576 -5.7420534089143427 1.7481148073423338
v 0.0119690000000000 -0.0161816666666667 0.0220656666666667
vn -0.0113239922661863 -6.2831223957126765 0.0160570268250966
v 0.0132060000000000 -0.0162500000000000 0.0217920526315790
vn -0.0000000000000003 -6.2831853071795862 0.0000000000000089
v 0.0153650000000000 -0.0162500000000000 0.0197250000000000
vn 4.4890705643894204 4.0052736237452233 0.0075387320947549
v 0.0154422222222222 -0.0144071111111111 0.0218240000000000
vn -1.8561808601463423 2.2161974020783308 -5.5334460645630168
v 0.0110705000000000 -0.0089990000000000 0.0230615000000000
vn -1.2315929364950553 2.7027878035184445 -5.5114722780316940
v 0.0115320000000000 -0.0109320000000000 0.0220480000000000
vn 0.1693585464645527 -3.0837184330658154 -5.4492092446224971
v 0.0141250000000000 0.0120780000000000 0.0213160000000000
vn -0.0118187537490199 -3.7829814807078490 -5.0151304263244416
v 0.0141250000000000 0.0148940000000000 0.0194525000000000
vn 0.0132169541446651 -3.9091601370058244 -4.9181126955099153
v 0.0156780000000000 0.0152140000000000 0.0192040000000000
vn -0.4190613123610731 -3.5380200468424339 -5.1635779750151691
v 0.0125710000000000 0.0136980000000000 0.0203130000000000
vn -3.1644620700928909 4.0557767698155027 3.3637249872016559
v 0.0122018490566038 0.0158917924528302 0.0228221698113207
vn 4.2903103157935973 -4.3661612403097418 -0.2697019289199005
v 0.0155000000000000 0.0144800000000000 0.0206360000000000
vn 5.8734789182345271 -0.0672104398254189 -0.1586937353994356
v 0.0151000000000000 0.0135000000000000 0.0218240000000000
vn -1.2416387490931831 5.0453652636452135 2.0356092775323988
v 0.0134440000000000 0.0162310000000000 0.0233950000000000
vn -1.6043073008514996 5.5463315323511173 1.9296525226689472
v 0.0127160000000000 0.0161980000000000 0.0227550000000000
vn -1.5531327477077690 5.6817121316777399 1.8245812438526237
v 0.0119736666666667 0.0161843333333333 0.0220600000000000
vn 4.4701740456702401 2.2731063491839345 -1.0001878381176530
v 0.0154581176470588 0.0125340000000000 0.0216745882352941
vn 1.1680294458749672 -4.6028317962026213 -3.4013616070106907
v 0.0156150000000000 0.0147539130434783 0.0195577391304348
vn -0.5010452937874178 -3.1422761754511699 -5.4011090852140349
v 0.0125710000000000 0.0123310000000000 0.0211710000000000
vn -3.5179544790205304 2.9759904212349073 4.2641035091765378
v 0.0117710000000000 0.0149370000000000 0.0231080000000000
vn -1.8251725399524934 -2.1336110807681394 -5.5763233885203736
v 0.0111060000000000 0.0089679230769231 0.0230615384615385
vn -3.2967263581144346 -0.7586086334444710 -3.3207065953501145
v 0.0182529230769231 0.0125588461538462 0.0215895384615385
vn 0.0027265260724719 -3.7554034661316136 -5.0367773916605527
v 0.0187860000000000 0.0146827142857143 0.0196107142857143
vn 3.2279079425051060 1.6638350021329702 -2.6578399767500565
v 0.0250000000000000 -0.0130120000000000 0.0207590000000000
vn -0.3380151744834534 0.0645609596272408 -0.3381616477171713
v 0.0173443888888889 0.0124073333333333 0.0211253333333333
vn 1.3035656174041217 -5.8780591999736114 0.0006117853339433
v 0.0160819090909091 0.0147995909090909 0.0218240000000000
vn 0.0359187331821610 5.6098108069454042 2.1216590232535784
v 0.0175190000000000 0.0162310000000000 0.0233930000000000
vn -0.0017364691486555 -3.8953782831987773 -4.9290133733052670
v 0.0187860000000000 0.0152140000000000 0.0192040000000000
vn 3.2392681132233370 1.3481314106577400 -2.8327764980204728
v 0.0250000000000000 -0.0106110000000000 0.0220830000000000
vn 0.7765163477679738 -0.3402915501693572 -0.0970446973435934
v 0.0159180000000000 0.0122270000000000 0.0212310000000000
vn -2.6967864649367410 -5.0865375499554180 0.0600539127933981
v 0.0171218095238095 0.0147221904761905 0.0218240000000000
vn -5.3604055085364788 -2.9870162868748791 -0.7540959969822205
v 0.0178391538461538 0.0137972307692308 0.0218240000000000
vn 0.0027100862755269 5.6373072141858440 2.0220551999492793
v 0.0142085000000000 0.0162310000000000 0.0233930000000000
vn 3.2509878979022115 1.0372559540721054 -2.9602925797254285
v 0.0250000000000000 -0.0080760000000000 0.0231310000000000
vn 2.8931785654226045 -0.4925779692253170 -3.0179408239718022
v 0.0153094545454545 0.0128128181818182 0.0208807272727273
vn 2.7893759426834084 -3.2841229014482485 -2.8636824862680834
v 0.0151980000000000 0.0140140000000000 0.0200960000000000
vn -0.4870235693978729 -3.6761236097244012 -5.0467415812241594
v 0.0123702307692308 0.0148616153846154 0.0194894615384615
vn -1.8534185275174653 -2.6503073307540208 -5.3411066643780583
v 0.0110705000000000 0.0110695000000000 0.0221425000000000
vn -3.8763649178055020 -2.0128580081804506 -4.2830131321980405
v 0.0097710000000000 0.0113390000000000 0.0226810000000000
vn -0.0406113023943729 5.6919460287481130 1.9701738081076345
v 0.0154810000000000 0.0162310000000000 0.0233930000000000
vn 3.1011422999293417 -2.0872477232608087 -2.9707054985198296
v 0.0151000000000000 0.0135230000000000 0.0204300000000000
vn 4.3850327112164393 -3.9916429885153764 -0.1174889308728708
v 0.0155000000000000 0.0144800000000000 0.0218240000000000
vn -1.2268263779522954 -3.7828905245750839 -4.8276210397052717
v 0.0115320000000000 0.0155150000000000 0.0191030000000000
# 907 vertices, 0 vertices normals


usemtl material_0
vt 0.1448509991168976 0.1447570025920868
vt 0.1448509991168976 0.1258250027894974
vt 0.2172760069370270 0.1258250027894974
f 148/1/148 116/2/116 108/3/108
vt 0.2172760069370270 0.1447570025920868
f 148/3/148 70/4/70 116/1/116
vt 0.2172760069370270 0.1163590028882027
vt 0.2534880042076111 0.1163590028882027
f 173/3/173 17/5/17 134/6/134
vt 0.2534880042076111 0.1258250027894974
f 172/6/172 134/7/134 15/3/15
vt 0.0724250003695488 0.1447570025920868
vt 0.0724250003695488 0.1258250027894974
f 185/8/185 75/9/75 157/2/157
f 106/2/106 126/1/126 186/8/186
vt 0.0724250003695488 0.1636890023946762
f 186/10/186 126/8/126 75/1/75
vt 0.1448509991168976 0.1636890023946762
f 149/1/149 118/11/118 106/10/106
vt 0.0724250003695488 0.1826210021972656
f 106/12/106 118/10/118 126/11/126
vt 0.1448509991168976 0.1826210021972656
f 107/11/107 144/13/144 119/12/119
vt 0.0724250003695488 0.2015530019998550
f 18/14/18 65/12/65 4/13/4
vt 0.1448509991168976 0.2015530019998550
f 119/13/119 144/15/144 149/14/149
vt 0.0724250003695488 0.2204860001802444
f 240/16/240 269/14/269 296/15/296
vt 0.1448509991168976 0.2204860001802444
f 103/15/103 163/17/163 77/16/77
vt 0.0724250003695488 0.2394179999828339
f 21/18/21 193/16/193 76/17/76
vt 0.1448509991168976 0.2394179999828339
f 76/17/76 193/19/193 48/18/48
vt 0.0724250003695488 0.2583500146865845
f 124/20/124 17/18/17 157/19/157
vt 0.1448509991168976 0.2583500146865845
f 75/19/75 124/21/124 157/20/157
vt 0.0724250003695488 0.2772819995880127
f 103/22/103 77/20/77 147/21/147
vt 0.1448509991168976 0.2772819995880127
f 30/21/30 269/23/269 240/22/240
vt 0.0724250003695488 0.2962140142917633
f 241/24/241 296/22/296 324/23/324
vt 0.1448509991168976 0.2962140142917633
f 240/23/240 296/25/296 210/24/210
vt 0.0724250003695488 0.3160080015659332
f 103/26/103 297/24/297 163/25/163
vt 0.1448509991168976 0.3160080015659332
f 103/25/103 258/27/258 297/26/297
vt 0.0724250003695488 0.3358019888401031
f 241/28/241 218/26/218 210/27/210
vt 0.1448509991168976 0.3358019888401031
f 30/27/30 196/29/196 4/28/4
vt 0.0724250003695488 0.3552959859371185
f 229/30/229 274/28/274 282/29/282
vt 0.1448509991168976 0.3552959859371185
f 268/29/268 9/31/9 31/30/31
vt 0.0724250003695488 0.3747900128364563
f 22/32/22 58/30/58 194/31/194
vt 0.1448509991168976 0.3747900128364563
f 47/31/47 77/33/77 78/32/78
vt 0.0724250003695488 0.3933340013027191
f 147/34/147 77/32/77 47/33/47
vt 0.1448509991168976 0.3933340013027191
f 192/33/192 66/35/66 3/34/3
vt 0.0724250003695488 0.4118779897689819
f 8/36/8 67/34/67 19/35/19
vt 0.1448509991168976 0.4118779897689819
f 58/35/58 4/37/4 195/36/195
vt 0.0724250003695488 0.4299330115318298
f 3/38/3 67/36/67 8/37/8
vt 0.1448509991168976 0.4299330115318298
f 229/37/229 281/39/281 274/38/274
vt 0.0724250003695488 0.4479880034923553
f 230/40/230 281/38/281 229/39/229
vt 0.1448509991168976 0.4479880034923553
f 268/39/268 6/41/6 9/40/9
vt 0.1448509991168976 0.4660440087318420
vt 0.2172760069370270 0.4479880034923553
f 323/42/323 31/41/31 242/43/242
vt 0.2172760069370270 0.4660440087318420
f 310/43/310 259/44/259 206/42/206
vt 0.0362129993736744 0.4750710129737854
vt 0.0362129993736744 0.4660440087318420
vt 0.0724250003695488 0.4660440087318420
f 250/45/250 93/46/93 298/47/298
vt 0.0724250003695488 0.4750710129737854
f 279/47/279 41/48/41 231/45/231
f 320/47/320 221/40/221 244/41/244
f 307/41/307 208/42/208 150/47/150
vt 0.2765330076217651 0.0000000000000000
vt 0.2813740074634552 0.0000000000000000
vt 0.2888210117816925 0.0061800000257790
f 230/49/230 229/50/229 39/51/39
vt 0.2862150073051453 0.0000000000000000
f 201/51/201 206/50/206 312/52/312
vt 0.2897010147571564 0.0128790000453591
vt 0.2765330076217651 0.0121449995785952
f 201/53/201 310/54/310 206/51/206
vt 0.2897010147571564 0.0601009987294674
vt 0.2897010147571564 0.1073239967226982
vt 0.2765330076217651 0.0850140005350113
f 92/55/92 205/56/205 310/57/310
vt 0.2765330076217651 0.0728690028190613
f 250/57/250 312/58/312 93/55/93
vt 0.2765330076217651 0.1093040034174919
vt 0.2765330076217651 0.0971589982509613
f 268/56/268 29/59/29 6/60/6
f 201/59/201 250/56/250 89/7/89
vt 0.2765330076217651 0.0364350005984306
f 279/55/279 271/61/271 41/53/41
f 285/56/285 10/60/10 271/57/271
vt 0.2765330076217651 0.0242899991571903
f 321/53/321 294/61/294 220/62/220
f 280/51/280 285/54/285 271/49/271
f 307/53/307 244/62/244 207/54/207
vt 0.2765330076217651 0.0607240013778210
vt 0.2765330076217651 0.0485789999365807
f 279/63/279 11/64/11 291/55/291
f 280/55/280 271/64/271 279/61/279
f 279/55/279 231/58/231 11/63/11
f 279/7/279 291/6/291 86/59/86
vt 0.1858180016279221 0.1093040034174919
vt 0.2311760038137436 0.1093040034174919
f 140/65/140 176/66/176 178/5/178
f 272/6/272 267/5/267 84/66/84
f 84/59/84 267/6/267 304/66/304
vt 0.2897010147571564 0.1545470058917999
f 304/67/304 289/4/289 83/7/83
vt 0.2897010147571564 0.2017689943313599
f 132/68/132 114/17/114 61/15/61
f 63/67/63 159/68/159 71/13/71
f 63/13/63 71/11/71 62/67/62
f 30/7/30 4/56/4 65/67/65
vt 0.2897010147571564 0.2489919960498810
f 62/68/62 133/69/133 132/19/132
f 158/19/158 114/17/114 72/68/72
f 158/7/158 43/4/43 176/3/176
f 158/2/158 73/65/73 43/5/43
f 253/3/253 255/2/255 234/5/234
f 253/4/253 214/11/214 255/1/255
f 212/11/212 213/4/213 236/67/236
f 212/13/212 235/68/235 213/15/213
vt 0.2897010147571564 0.2962140142917633
f 169/69/169 170/70/170 139/23/139
f 140/23/140 99/21/99 169/69/169
vt 0.1404609978199005 0.1093040034174919
f 169/71/169 99/65/99 142/2/142
vt 0.0043890001252294 0.0218609999865294
vt 0.0043890001252294 0.0437219999730587
vt 0.0000000000000000 0.0282109994441271
f 169/72/169 142/73/142 170/74/170
vt 0.0043890001252294 0.0655819997191429
vt 0.0043890001252294 0.0874430015683174
vt 0.0000000000000000 0.0846330001950264
f 251/75/251 141/76/141 254/77/254
vt 0.0000000000000000 0.0564219988882542
f 141/77/141 97/78/97 143/75/143
f 98/75/98 44/78/44 97/73/97
vt 0.0497470013797283 0.1093040034174919
vt 0.0951040014624596 0.1093040034174919
f 97/79/97 44/80/44 45/9/45
f 97/80/97 45/71/45 143/2/143
f 2/2/2 191/9/191 140/80/140
vt 0.0000000000000000 0.1128439977765083
vt 0.0043890001252294 0.1093040034174919
f 141/79/141 100/81/100 254/82/254
f 140/81/140 191/79/191 176/9/176
f 76/77/76 48/76/48 181/82/181
vt 0.0000000000000000 0.0000000000000000
f 61/72/61 176/74/176 191/83/191
vt 0.0043890001252294 0.0000000000000000
f 37/72/37 13/83/13 191/84/191
f 55/74/55 2/73/2 169/78/169
f 321/81/321 220/77/220 243/82/243
vt 0.0000000000000000 0.1410540044307709
f 177/85/177 98/81/98 97/9/97
f 140/9/140 178/8/178 99/85/99
vt 0.0000000000000000 0.1692650020122528
f 211/86/211 141/85/141 251/8/251
f 37/8/37 55/10/55 177/86/177
vt 0.0000000000000000 0.1974759995937347
f 37/87/37 273/12/273 13/14/13
f 37/86/37 177/10/177 211/12/211
f 37/21/37 2/19/2 55/69/55
f 177/86/177 55/12/55 98/87/98
vt 0.0000000000000000 0.2256869971752167
f 37/14/37 36/16/36 27/88/27
f 37/88/37 211/87/211 198/14/198
f 36/88/36 198/16/198 252/18/252
vt 0.0000000000000000 0.2538979947566986
f 198/89/198 251/18/251 212/20/212
vt 0.0000000000000000 0.2821089923381805
f 253/90/253 252/89/252 38/20/38
f 272/20/272 278/22/278 267/90/267
f 272/88/272 266/18/266 278/89/278
f 37/90/37 284/22/284 278/24/278
f 284/70/284 267/25/267 278/23/278
f 304/25/304 284/70/284 288/27/288
vt 0.2897010147571564 0.3434369862079620
f 288/70/288 27/91/27 234/29/234
f 199/29/199 254/27/254 257/70/257
f 99/31/99 46/29/46 145/91/145
vt 0.2897010147571564 0.3906599879264832
vt 0.2897010147571564 0.4378820061683655
f 72/92/72 114/93/114 161/39/161
f 289/39/289 288/37/288 303/92/303
f 133/93/133 122/43/122 16/39/16
f 159/93/159 160/44/160 71/43/71
vt 0.2765330076217651 0.4831250011920929
f 159/44/159 74/93/74 160/94/160
f 71/91/71 160/92/160 122/33/122
f 14/33/14 16/31/16 135/91/135
vt 0.0000000000000000 0.3103199899196625
f 14/95/14 133/24/133 16/26/16
f 43/92/43 179/37/179 46/35/46
f 73/43/73 161/41/161 162/39/162
f 73/35/73 72/33/72 161/92/161
vt 0.2897010147571564 0.4851050078868866
vt 0.2897010147571564 0.5323269963264465
vt 0.2765330076217651 0.5268470048904419
f 142/96/142 145/97/145 102/98/102
vt 0.2765330076217651 0.5049859881401062
f 180/98/180 164/99/164 66/96/66
vt 0.2897010147571564 0.5795500278472900
vt 0.2765330076217651 0.5705680251121521
vt 0.2765330076217651 0.5487070083618164
f 61/100/61 158/101/158 176/102/176
f 142/97/142 99/100/99 145/102/145
f 22/102/22 194/98/194 64/97/64
vt 0.2813740074634552 0.5924289822578430
vt 0.2888349890708923 0.5861989855766296
vt 0.2862150073051453 0.5924289822578430
f 170/103/170 142/104/142 102/105/102
vt 0.2765330076217651 0.5924289822578430
f 182/104/182 44/103/44 171/106/171
f 104/100/104 146/104/146 100/106/100
f 104/106/104 100/101/100 143/100/143
vt 0.2311760038137436 0.4831250011920929
vt 0.1858180016279221 0.4831250011920929
f 254/107/254 203/108/203 257/44/257
vt 0.1404609978199005 0.4831250011920929
f 183/109/183 44/42/44 182/108/182
f 104/108/104 143/42/143 45/44/45
f 104/94/104 45/107/45 183/44/183
f 235/96/235 199/99/199 257/94/257
vt 0.0951040014624596 0.4831250011920929
f 236/42/236 216/109/216 7/110/7
f 213/93/213 217/96/217 239/94/239
f 76/110/76 181/48/181 187/42/187
vt 0.0000000000000000 0.3385309875011444
f 213/111/213 235/28/235 217/30/217
vt 0.0000000000000000 0.3949530124664307
f 227/32/227 28/34/28 40/112/40
vt 0.0000000000000000 0.3667420148849487
f 8/112/8 19/113/19 230/32/230
f 38/113/38 227/30/227 40/32/40
vt 0.0000000000000000 0.4231629967689514
f 214/114/214 215/36/215 238/38/238
f 256/46/256 200/40/200 202/47/202
vt 0.0000000000000000 0.4513739943504333
f 295/38/295 219/40/219 205/115/205
f 200/115/200 255/114/255 202/38/202
f 308/112/308 306/34/306 85/36/85
f 132/111/132 14/95/14 114/26/114
f 308/26/308 85/28/85 84/111/84
f 289/111/289 91/30/91 322/113/322
f 292/46/292 319/115/319 290/40/290
vt 0.0000000000000000 0.4795849919319153
f 292/115/292 290/46/290 318/116/318
f 306/36/306 305/114/305 85/112/85
f 292/48/292 318/47/318 88/42/88
vt 0.0043890001252294 0.4831250011920929
vt 0.0497470013797283 0.4831250011920929
f 88/117/88 318/45/318 305/118/305
f 62/48/62 71/118/71 113/45/113
vt 0.0043890001252294 0.4952700138092041
f 319/116/319 74/117/74 159/119/159
f 319/116/319 159/45/159 290/117/290
vt 0.0000000000000000 0.5077959895133972
vt 0.0043890001252294 0.5074149966239929
vt 0.0043890001252294 0.5195599794387817
f 46/120/46 181/121/181 145/122/145
vt 0.0000000000000000 0.5360069870948792
vt 0.0043890001252294 0.5317040085792542
vt 0.0043890001252294 0.5438489913940430
f 320/123/320 88/124/88 291/125/291
f 88/118/88 86/48/86 291/110/291
f 88/123/88 306/122/306 86/124/86
f 280/120/280 279/119/279 308/121/308
f 87/116/87 121/119/121 74/120/74
vt 0.0043890001252294 0.5559939742088318
f 307/123/307 87/125/87 319/126/319
f 321/123/321 322/120/322 294/122/294
vt 0.0000000000000000 0.5642179846763611
f 89/123/89 294/126/294 91/127/91
vt 0.0043890001252294 0.5681390166282654
vt 0.0043890001252294 0.5802839994430542
f 172/127/172 15/128/15 105/129/105
vt 0.0000000000000000 0.5924289822578430
f 36/127/36 234/129/234 27/130/27
vt 0.0043890001252294 0.5924289822578430
f 256/131/256 310/130/310 201/129/201
f 201/126/201 89/128/89 91/127/91
f 293/46/293 243/45/243 10/116/10
f 90/90/90 293/24/293 285/95/285
vt 0.6711490154266357 0.1055319979786873
vt 0.6901969909667969 0.1055319979786873
vt 0.6901969909667969 0.0994009971618652
f 280/132/280 308/133/308 90/134/90
vt 0.6711490154266357 0.0994009971618652
f 294/134/294 250/135/250 298/132/298
vt 0.7092440128326416 0.1177959963679314
vt 0.6711490154266357 0.1177959963679314
f 90/136/90 309/132/309 293/137/293
vt 0.6330530047416687 0.1177959963679314
f 256/138/256 201/137/201 91/132/91
vt 0.6330530047416687 0.1055319979786873
f 322/132/322 91/139/91 294/138/294
vt 0.5949569940567017 0.1177959963679314
f 123/140/123 122/138/122 115/139/115
vt 0.5949569940567017 0.1055319979786873
f 16/139/16 123/141/123 15/140/15
vt 0.5568609833717346 0.1177959963679314
f 16/142/16 15/140/15 134/141/134
vt 0.5568609833717346 0.1055319979786873
f 75/141/75 125/143/125 124/142/124
vt 0.5187649726867676 0.1177959963679314
f 125/144/125 135/142/135 124/143/124
vt 0.5187649726867676 0.1055319979786873
f 251/143/251 199/145/199 235/144/235
vt 0.7282919883728027 0.1269930005073547
vt 0.7092440128326416 0.1300590038299561
vt 0.7282919883728027 0.1300590038299561
f 126/146/126 162/147/162 117/148/117
vt 0.7092440128326416 0.1239269971847534
vt 0.7282919883728027 0.1239269971847534
f 46/149/46 179/146/179 144/150/144
f 179/147/179 162/146/162 126/149/126
vt 0.7282919883728027 0.1177959963679314
f 179/149/179 126/150/126 118/151/118
f 46/151/46 144/136/144 101/149/101
vt 0.7378159761428833 0.1300590038299561
vt 0.7378159761428833 0.1269930005073547
f 215/148/215 323/152/323 295/153/295
f 215/153/215 268/146/268 323/148/323
vt 0.7378159761428833 0.1239269971847534
f 215/146/215 29/153/29 268/154/268
f 238/154/238 92/150/92 202/146/202
vt 0.6901969909667969 0.1300590038299561
f 214/149/214 237/155/237 215/147/215
vt 0.6711490154266357 0.1300590038299561
f 215/155/215 295/137/295 238/156/238
f 215/137/215 228/149/228 6/136/6
f 6/149/6 282/137/282 9/155/9
vt 0.6330530047416687 0.1300590038299561
f 229/157/229 6/156/6 228/137/228
f 40/137/40 39/138/39 229/157/229
vt 0.5949569940567017 0.1300590038299561
f 3/158/3 8/157/8 7/138/7
f 147/138/147 217/140/217 257/158/257
vt 0.5568609833717346 0.1300590038299561
f 180/159/180 192/158/192 239/140/239
f 180/140/180 239/142/239 217/159/217
vt 0.5378130078315735 0.1300590038299561
vt 0.5187649726867676 0.1300590038299561
f 147/160/147 47/144/47 217/161/217
f 58/142/58 171/160/171 57/159/57
f 57/144/57 102/160/102 5/142/5
vt 0.6711490154266357 0.1423220038414001
vt 0.6901969909667969 0.1423220038414001
vt 0.6901969909667969 0.1361899971961975
f 182/162/182 4/163/4 196/164/196
vt 0.6711490154266357 0.1361899971961975
f 182/164/182 171/165/171 4/162/4
f 193/165/193 5/164/5 102/155/102
f 193/155/193 102/156/102 48/165/48
vt 0.7092440128326416 0.1361899971961975
f 177/164/177 97/166/97 141/147/141
f 203/147/203 146/155/146 103/164/103
vt 0.6330530047416687 0.1423220038414001
f 55/165/55 139/167/139 98/162/98
f 254/157/254 100/165/100 146/156/146
f 204/167/204 146/165/146 104/157/104
vt 0.5949569940567017 0.1423220038414001
f 203/168/203 103/167/103 147/157/147
f 104/157/104 183/158/183 241/168/241
vt 0.5568609833717346 0.1361899971961975
f 30/169/30 182/158/182 196/159/196
vt 0.5568609833717346 0.1423220038414001
f 183/168/183 182/169/182 240/170/240
f 218/158/218 183/169/183 240/168/240
vt 0.5187649726867676 0.1361899971961975
vt 0.5378130078315735 0.1361899971961975
f 30/171/30 240/172/240 182/160/182
f 241/160/241 183/161/183 218/171/218
f 204/172/204 104/169/104 241/159/241
f 166/159/166 127/160/127 77/172/77
vt 0.5378130078315735 0.1423220038414001
f 49/173/49 148/170/148 189/169/189
f 107/169/107 152/172/152 52/173/52
vt 0.6711490154266357 0.1484539955854416
vt 0.6901969909667969 0.1484539955854416
f 13/174/13 61/175/61 191/163/191
f 148/163/148 151/162/151 111/174/111
vt 0.6330530047416687 0.1545850038528442
vt 0.6711490154266357 0.1545850038528442
f 148/174/148 108/176/108 151/177/151
f 50/167/50 54/174/54 188/162/188
f 22/176/22 26/174/26 20/167/20
vt 0.5949569940567017 0.1545850038528442
f 326/178/326 299/176/299 296/167/296
f 215/167/215 6/168/6 29/178/29
vt 0.5568609833717346 0.1484539955854416
f 21/179/21 76/168/76 167/170/167
vt 0.5568609833717346 0.1545850038528442
f 106/178/106 188/179/188 51/180/51
f 172/168/172 105/179/105 53/178/53
vt 0.5378130078315735 0.1484539955854416
f 105/181/105 184/179/184 53/170/53
f 172/170/172 154/173/154 59/181/59
vt 0.6711490154266357 0.1607169955968857
vt 0.6521009802818298 0.1668480038642883
vt 0.6711490154266357 0.1668480038642883
f 173/182/173 59/183/59 60/184/60
vt 0.6330530047416687 0.1668480038642883
f 173/183/173 172/176/172 59/185/59
f 185/176/185 173/182/173 60/177/60
f 57/182/57 5/176/5 194/183/194
vt 0.5949569940567017 0.1668480038642883
f 107/186/107 119/185/119 109/176/109
f 149/176/149 110/178/110 128/186/128
vt 0.5759090185165405 0.1668480038642883
vt 0.5568609833717346 0.1607169955968857
vt 0.5568609833717346 0.1668480038642883
f 106/187/106 51/188/51 153/189/153
f 149/188/149 106/178/106 153/180/153
f 76/178/76 52/187/52 81/186/81
f 76/187/76 187/178/187 52/188/52
vt 0.6330530047416687 0.1729799956083298
vt 0.6521009802818298 0.1729799956083298
f 187/190/187 107/191/107 52/183/52
f 22/183/22 64/185/64 26/190/26
vt 0.5759090185165405 0.1729799956083298
vt 0.5949569940567017 0.1729799956083298
f 20/192/20 25/193/25 65/186/65
f 186/186/186 75/187/75 50/192/50
vt 0.7323439717292786 0.1137470006942749
vt 0.7174689769744873 0.1029480025172234
f 18/194/18 20/195/20 65/136/65
f 172/150/172 53/154/53 154/151/154
f 299/194/299 324/151/324 296/154/296
f 299/151/299 311/194/311 324/136/324
vt 0.7447389960289001 0.1270669996738434
f 80/154/80 163/196/163 325/194/325
vt 0.6915590167045593 0.0939129963517189
vt 0.6823490262031555 0.0932689979672432
f 28/197/28 236/198/236 7/134/7
vt 0.7005249857902527 0.0957930013537407
f 79/199/79 66/197/66 164/134/164
f 286/199/286 326/134/326 296/195/296
f 286/134/286 269/133/269 25/195/25
f 24/136/24 66/133/66 79/132/79
f 23/135/23 275/134/275 19/198/19
f 87/133/87 150/136/150 121/195/121
f 64/152/64 68/196/68 26/153/26
f 127/154/127 165/153/165 78/196/78
vt 0.7412449717521667 0.1307899951934814
f 79/200/79 164/196/164 165/152/165
vt 0.7352290153503418 0.1316110044717789
f 211/152/211 177/201/177 141/200/141
vt 0.7473400235176086 0.1303970068693161
f 12/196/12 222/200/222 242/202/242
f 321/201/321 243/152/243 293/148/293
vt 0.7234230041503906 0.1345109939575195
f 207/203/207 225/148/225 262/147/262
vt 0.7292879819869995 0.1328539997339249
f 106/201/106 186/148/186 188/204/188
f 24/204/24 23/148/23 67/203/67
vt 0.7176470160484314 0.1365730017423630
f 24/205/24 67/203/67 66/166/66
vt 0.7066059708595276 0.1417790055274963
f 275/206/275 274/166/274 281/164/281
f 276/203/276 282/147/282 275/166/275
vt 0.6571390032768250 0.0932689979672432
vt 0.6319289803504944 0.0932689979672432
f 275/139/275 282/207/282 274/208/274
vt 0.6067190170288086 0.0932689979672432
f 272/209/272 85/141/85 305/139/305
f 223/139/223 205/208/205 245/209/245
f 12/139/12 31/132/31 9/135/9
f 245/207/245 219/139/219 222/135/222
f 90/135/90 84/198/84 304/207/304
vt 0.5815089941024780 0.0932689979672432
vt 0.5562989711761475 0.0932689979672432
f 260/210/260 95/211/95 206/143/206
vt 0.5310890078544617 0.0932689979672432
f 260/212/260 206/145/206 259/143/259
f 108/143/108 116/211/116 121/212/121
vt 0.5058789849281311 0.0932689979672432
vt 0.4806689918041229 0.0932689979672432
f 173/145/173 157/213/157 17/214/17
f 71/213/71 122/145/122 113/212/113
f 223/141/223 261/210/261 205/143/205
f 261/141/261 259/209/259 205/210/205
vt 0.4806689918041229 0.1118730008602142
f 231/215/231 232/144/232 42/145/42
vt 0.5203250050544739 0.1422770023345947
f 327/216/327 220/172/220 298/171/298
vt 0.5040230154991150 0.1349750012159348
f 55/217/55 169/171/169 139/161/139
vt 0.4865840077400208 0.1309909969568253
f 313/218/313 93/161/93 95/144/95
vt 0.4806689918041229 0.1304759979248047
f 44/215/44 56/219/56 171/144/171
f 313/219/313 327/218/327 298/144/298
vt 0.4924489855766296 0.1319140046834946
f 243/220/243 246/161/246 224/218/224
vt 0.4982739984989166 0.1332460045814514
f 41/221/41 10/161/10 33/220/33
f 10/221/10 243/217/243 224/161/224
vt 0.5096259713172913 0.1370700001716614
f 207/217/207 244/222/244 225/171/225
f 221/214/221 247/215/247 225/145/225
vt 0.7120270133018494 0.1390070021152496
f 11/223/11 42/166/42 34/206/34
vt 0.6963089704513550 0.1482920050621033
vt 0.7013679742813110 0.1448760032653809
f 103/175/103 146/224/146 258/225/258
f 221/163/221 34/225/34 247/206/247
f 221/164/221 11/163/11 34/206/34
f 244/175/244 221/225/221 225/163/225
vt 0.6914399862289429 0.1520030051469803
f 150/226/150 208/175/208 263/174/263
vt 0.6867830157279968 0.1559789925813675
f 208/177/208 262/227/262 263/226/263
vt 0.6823589801788330 0.1601859927177429
f 208/228/208 207/227/207 262/177/262
f 131/174/131 167/177/167 81/226/81
f 127/175/127 314/226/314 165/224/165
vt 0.6781690120697021 0.1646090000867844
f 23/182/23 300/229/300 270/228/270
f 2/184/2 140/229/140 169/182/169
f 276/177/276 275/182/275 283/228/283
vt 0.6742010116577148 0.1692460030317307
f 165/230/165 314/184/314 300/183/300
f 12/229/12 242/184/242 31/230/31
vt 0.6704559922218323 0.1740850061178207
f 24/230/24 300/191/300 23/231/23
f 252/191/252 198/230/198 212/183/212
vt 0.6399779915809631 0.1791120022535324
f 24/190/24 79/232/79 300/191/300
vt 0.6669380068778992 0.1791120022535324
f 21/233/21 1/191/1 193/232/193
vt 0.6130179762840271 0.1791120022535324
f 12/234/12 329/232/329 222/190/222
f 223/191/223 245/233/245 329/231/329
f 161/190/161 75/185/75 117/186/117
f 245/186/245 222/193/222 329/190/329
vt 0.5351290106773376 0.1524329930543900
f 253/179/253 237/181/237 214/235/214
vt 0.5254319906234741 0.1453659981489182
f 252/236/252 227/181/227 38/173/38
vt 0.5396569967269897 0.1563439965248108
vt 0.5439749956130981 0.1604869961738586
f 253/237/253 36/238/36 252/180/252
f 116/188/116 74/180/74 121/238/121
f 261/180/261 316/179/316 260/235/260
f 258/237/258 311/180/311 297/235/297
vt 0.5150589942932129 0.1395079940557480
f 62/239/62 61/171/61 13/222/13
f 223/216/223 316/171/316 261/239/261
vt 0.5303789973258972 0.1487630009651184
f 276/181/276 283/236/283 287/240/287
f 12/181/12 287/240/287 329/235/329
f 12/236/12 32/173/32 287/216/287
f 251/172/251 254/216/254 199/173/199
vt 0.5860570073127747 0.1791120022535324
f 166/192/166 314/241/314 127/193/127
f 80/234/80 96/193/96 314/241/314
vt 0.5590969920158386 0.1791120022535324
f 328/242/328 286/241/286 82/192/82
f 136/193/136 22/234/22 20/190/20
f 69/189/69 20/192/20 137/187/137
vt 0.5480840206146240 0.1648530066013336
f 170/243/170 102/189/102 57/188/57
vt 0.5519769787788391 0.1694229990243912
f 137/244/137 26/189/26 68/243/68
f 131/238/131 137/243/137 68/188/68
f 265/192/265 246/189/246 327/244/327
vt 0.5556499958038330 0.1741809993982315
f 265/245/265 313/192/313 95/244/95
f 265/192/265 224/245/224 246/242/246
f 265/166/265 248/223/248 224/205/224
vt 0.6711490154266357 0.0122630000114441
vt 0.6711490154266357 0.0061320001259446
vt 0.6901969909667969 0.0061320001259446
f 268/246/268 31/247/31 323/248/323
vt 0.6901969909667969 0.0122630000114441
f 264/248/264 209/249/209 232/246/232
vt 0.7092440128326416 0.0245260000228882
vt 0.6711490154266357 0.0245260000228882
f 248/250/248 33/251/33 224/246/224
vt 0.6330530047416687 0.0245260000228882
vt 0.6330530047416687 0.0122630000114441
f 264/252/264 232/253/232 33/246/33
f 3/246/3 66/251/66 67/252/67
vt 0.5949569940567017 0.0245260000228882
vt 0.5949569940567017 0.0122630000114441
f 226/254/226 225/255/225 209/253/209
f 209/253/209 42/252/42 232/254/232
vt 0.5568609833717346 0.0245260000228882
vt 0.5568609833717346 0.0122630000114441
f 275/256/275 281/257/281 19/255/19
f 246/255/246 220/254/220 327/256/327
vt 0.5187649726867676 0.0245260000228882
vt 0.5187649726867676 0.0122630000114441
f 209/258/209 247/259/247 34/257/34
f 209/257/209 34/256/34 42/258/42
vt 0.7282919883728027 0.0337239988148212
vt 0.7282919883728027 0.0367899984121323
vt 0.7092440128326416 0.0367899984121323
f 190/260/190 263/261/263 226/262/226
vt 0.7092440128326416 0.0306579992175102
vt 0.7282919883728027 0.0306579992175102
f 226/263/226 263/264/263 262/260/262
f 112/262/112 188/263/188 54/260/54
vt 0.7282919883728027 0.0245260000228882
f 131/263/131 152/250/152 120/265/120
f 131/265/131 52/264/52 152/263/152
vt 0.7378159761428833 0.0337239988148212
f 120/261/120 152/260/152 109/266/109
vt 0.7378159761428833 0.0367899984121323
f 120/266/120 110/267/110 153/261/153
vt 0.7378159761428833 0.0306579992175102
f 155/260/155 53/264/53 189/268/189
f 155/268/155 174/266/174 154/260/154
vt 0.6901969909667969 0.0367899984121323
f 328/263/328 299/262/299 326/269/326
vt 0.6711490154266357 0.0367899984121323
f 174/269/174 54/270/54 60/251/60
f 156/251/156 54/250/54 174/263/174
f 138/263/138 129/269/129 131/251/131
vt 0.6330530047416687 0.0367899984121323
f 14/271/14 125/252/125 114/251/114
f 130/251/130 129/270/129 277/271/277
vt 0.5949569940567017 0.0367899984121323
f 204/272/204 241/254/241 324/252/324
f 138/252/138 277/271/277 129/272/129
vt 0.5568609833717346 0.0367899984121323
f 130/273/130 82/256/82 129/254/129
f 96/254/96 328/272/328 82/273/82
vt 0.5187649726867676 0.0367899984121323
f 130/274/130 301/258/301 314/256/314
f 112/256/112 51/273/51 188/274/188
vt 0.6711490154266357 0.0490529984235764
vt 0.6711490154266357 0.0429209992289543
vt 0.6901969909667969 0.0429209992289543
f 168/275/168 112/276/112 156/277/156
vt 0.6901969909667969 0.0490529984235764
f 168/277/168 120/278/120 112/275/112
f 185/276/185 157/270/157 173/269/173
f 168/269/168 138/277/138 120/276/120
f 155/277/155 154/269/154 53/262/53
vt 0.7092440128326416 0.0429209992289543
f 175/262/175 156/279/156 174/277/174
vt 0.6330530047416687 0.0490529984235764
f 108/276/108 121/275/121 150/280/150
f 190/271/190 197/270/197 155/276/155
f 122/280/122 160/271/160 115/276/115
vt 0.5949569940567017 0.0490529984235764
f 79/281/79 165/272/165 300/271/300
f 175/271/175 155/280/155 197/281/197
vt 0.5568609833717346 0.0490529984235764
f 175/282/175 277/273/277 168/272/168
f 175/272/175 197/281/197 277/282/277
vt 0.6711490154266357 0.0551839992403984
f 168/283/168 277/275/277 138/278/138
vt 0.6901969909667969 0.0551839992403984
f 175/278/175 168/284/168 156/283/156
vt 0.6711490154266357 0.0613159984350204
vt 0.6330530047416687 0.0613159984350204
f 277/283/277 233/285/233 249/286/249
f 277/280/277 197/275/197 233/283/233
f 249/286/249 233/280/233 264/283/264
vt 0.5949569940567017 0.0613159984350204
f 190/287/190 233/281/233 197/280/197
f 264/280/264 233/286/233 226/287/226
vt 0.5568609833717346 0.0551839992403984
f 316/288/316 249/282/249 265/281/265
vt 0.5568609833717346 0.0613159984350204
f 37/287/37 198/289/198 36/288/36
f 302/281/302 249/287/249 316/288/316
vt 0.5378130078315735 0.0551839992403984
vt 0.5378130078315735 0.0490529984235764
f 265/290/265 264/291/264 248/282/248
f 245/282/245 205/288/205 219/290/219
vt 0.6711490154266357 0.0674479976296425
vt 0.6711490154266357 0.0735789984464645
vt 0.6521009802818298 0.0735789984464645
f 265/292/265 249/293/249 264/294/264
vt 0.6330530047416687 0.0735789984464645
f 283/294/283 270/295/270 315/286/315
f 198/286/198 211/285/211 251/292/251
f 315/292/315 270/294/270 300/286/300
vt 0.5949569940567017 0.0735789984464645
f 317/296/317 315/287/315 277/286/277
f 315/286/315 301/295/301 277/296/277
vt 0.5759090185165405 0.0735789984464645
vt 0.5568609833717346 0.0735789984464645
vt 0.5568609833717346 0.0674479976296425
f 317/297/317 283/298/283 315/299/315
f 273/299/273 266/289/266 63/287/63
f 317/287/317 287/296/287 283/297/283
f 329/297/329 302/299/302 316/287/316
vt 0.6330530047416687 0.0797109976410866
f 329/300/329 317/295/317 302/294/302
vt 0.6521009802818298 0.0797109976410866
f 541/294/541 385/301/385 411/300/411
vt 0.5759090185165405 0.0797109976410866
f 745/302/745 753/297/753 733/296/733
vt 0.5949569940567017 0.0797109976410866
f 593/296/593 864/303/864 747/302/747
vt 0.7323439717292786 0.0204780008643866
f 737/250/737 851/304/851 728/265/728
f 753/268/753 865/265/865 864/304/864
vt 0.7447389960289001 0.0337980017066002
f 748/305/748 864/266/864 865/268/865
f 96/265/96 299/268/299 328/264/328
f 745/268/745 842/304/842 865/305/865
vt 0.6915590167045593 0.0006440000142902
vt 0.7005249857902527 0.0025239998940378
f 732/248/732 840/306/840 745/307/745
vt 0.7174689769744873 0.0096789998933673
f 728/308/728 851/248/851 840/307/840
vt 0.6823490262031555 0.0000000000000000
f 593/309/593 747/306/747 653/248/653
f 372/249/372 558/308/558 364/250/364
f 372/304/372 582/250/582 558/308/558
f 641/250/641 653/246/653 645/249/645
f 571/248/571 646/308/646 636/249/636
vt 0.7412449717521667 0.0375210009515285
f 857/310/857 350/267/350 636/305/636
vt 0.7473400235176086 0.0371280014514923
f 350/311/350 364/310/364 636/305/636
vt 0.7352290153503418 0.0383419990539551
f 857/261/857 636/267/636 645/312/645
f 295/267/295 242/310/242 219/312/219
vt 0.7292879819869995 0.0395850017666817
f 857/312/857 653/313/653 747/261/747
vt 0.7234230041503906 0.0412419997155666
f 857/262/857 645/261/645 653/314/653
f 593/313/593 653/314/653 641/261/641
f 561/279/561 646/262/646 571/314/571
vt 0.7066059708595276 0.0485100001096725
f 307/315/307 319/277/319 292/279/292
vt 0.7176470160484314 0.0433040000498295
f 641/314/641 646/316/646 561/279/561
f 601/267/601 558/266/558 582/305/582
vt 0.6571390032768250 0.0000000000000000
f 601/247/601 600/317/600 583/309/583
vt 0.6319289803504944 0.0000000000000000
f 62/253/62 113/318/113 133/317/133
f 108/253/108 263/247/263 151/246/151
f 209/248/209 225/247/225 247/309/247
f 372/317/372 341/247/341 582/253/582
vt 0.6067190170288086 0.0000000000000000
f 16/319/16 122/318/122 123/253/123
f 600/253/600 582/255/582 341/319/341
vt 0.5815089941024780 0.0000000000000000
f 641/319/641 645/255/645 636/320/636
vt 0.5562989711761475 0.0000000000000000
f 640/320/640 648/257/648 639/321/639
vt 0.5310890078544617 0.0000000000000000
vt 0.5058789849281311 0.0000000000000000
f 651/322/651 593/259/593 640/323/640
vt 0.4806689918041229 0.0000000000000000
f 639/323/639 629/259/629 638/324/638
f 651/322/651 640/321/640 639/257/639
f 303/257/303 200/259/200 91/322/91
f 583/320/583 600/255/600 625/257/625
vt 0.5097100138664246 0.0438390001654625
vt 0.5040869712829590 0.0417269989848137
f 625/325/625 600/326/600 341/274/341
vt 0.4865869879722595 0.0377219989895821
f 644/327/644 597/258/597 599/274/599
vt 0.4806689918041229 0.0186039991676807
f 599/328/599 597/259/597 637/258/637
vt 0.4806689918041229 0.0372069999575615
f 807/328/807 770/258/770 797/329/797
f 435/329/435 770/258/770 758/327/758
vt 0.4924750030040741 0.0386499986052513
f 63/330/63 290/327/290 159/274/159
vt 0.4983280003070831 0.0399909988045692
f 774/331/774 787/330/787 775/274/775
f 136/331/136 4/274/4 58/326/58
f 625/273/625 341/291/341 773/274/773
f 201/324/201 312/259/312 250/328/250
vt 0.7120270133018494 0.0457380004227161
f 158/316/158 72/332/72 73/279/73
f 139/277/139 56/315/56 44/278/44
vt 0.6963089704513550 0.0550229996442795
vt 0.6914399862289429 0.0587339997291565
f 203/284/203 147/333/147 257/334/257
vt 0.7013679742813110 0.0516070015728474
f 769/284/769 625/335/625 773/333/773
f 807/278/807 756/315/756 770/335/770
f 37/335/37 27/284/27 284/278/284
f 302/283/302 277/284/277 249/334/249
vt 0.6823589801788330 0.0669170022010803
vt 0.6867830157279968 0.0627100020647049
f 758/336/758 770/285/770 775/337/775
f 807/285/807 774/283/774 775/334/775
f 759/292/759 768/285/768 771/336/771
f 768/285/768 786/334/786 769/337/769
vt 0.6781690120697021 0.0713400021195412
f 768/293/768 769/292/769 771/338/771
f 759/336/759 771/338/771 773/292/773
vt 0.6742010116577148 0.0759769976139069
f 769/339/769 773/293/773 771/338/771
vt 0.6704559922218323 0.0808160006999969
f 717/340/717 583/301/583 625/339/625
f 717/294/717 559/293/559 583/339/583
vt 0.6669380068778992 0.0858419984579086
f 615/340/615 567/341/567 573/301/573
f 588/339/588 610/301/610 567/294/567
vt 0.6130179762840271 0.0858419984579086
vt 0.6399779915809631 0.0858419984579086
f 422/342/422 338/300/338 417/343/417
f 435/301/435 338/343/338 422/300/422
f 410/300/410 429/303/429 330/296/330
f 391/296/391 338/295/338 429/300/429
f 212/343/212 251/301/251 235/341/235
f 391/342/391 429/303/429 410/300/410
vt 0.5151879787445068 0.0463090017437935
f 435/291/435 333/344/333 432/274/432
vt 0.5351740121841431 0.0591990016400814
f 35/288/35 236/289/236 28/345/28
f 435/290/435 432/288/432 330/345/330
vt 0.5439839959144592 0.0672269985079765
vt 0.5396729707717896 0.0630870014429092
f 330/346/330 429/347/429 338/289/338
f 410/347/410 330/345/330 383/289/383
vt 0.5255929827690125 0.0522000007331371
f 330/348/330 432/291/432 383/290/383
f 392/344/392 882/325/882 414/274/414
vt 0.5204920172691345 0.0491060018539429
f 116/291/116 70/349/70 115/344/115
vt 0.5304830074310303 0.0555670000612736
f 149/290/149 153/350/153 110/348/110
f 286/290/286 296/345/296 269/350/269
f 568/348/568 611/349/611 464/291/464
f 882/291/882 872/273/872 873/282/873
vt 0.5590969920158386 0.0858419984579086
vt 0.5860570073127747 0.0858419984579086
f 466/351/466 822/302/822 505/352/505
f 351/303/351 860/352/860 749/302/749
f 473/298/473 494/297/494 453/302/453
f 466/352/466 461/303/461 822/342/822
vt 0.5556520223617554 0.0809149965643883
f 822/351/822 461/353/461 494/302/494
vt 0.5480930209159851 0.0715939998626709
f 894/354/894 883/346/883 899/299/899
f 822/289/822 873/299/873 872/346/872
f 898/298/898 721/354/721 680/299/680
vt 0.5519829988479614 0.0761609971523285
f 882/298/882 900/302/900 874/355/874
f 544/353/544 637/355/637 647/302/647
f 811/354/811 830/298/830 820/355/820
f 316/279/316 265/332/265 95/315/95
vt 0.6413990259170532 0.4379099905490875
vt 0.6263419985771179 0.4429939985275269
vt 0.6413990259170532 0.4429939985275269
f 638/356/638 647/357/647 637/358/637
vt 0.6263419985771179 0.4480789899826050
vt 0.6413990259170532 0.4480789899826050
f 717/359/717 769/360/769 796/358/796
f 200/358/200 288/357/288 234/359/234
vt 0.6263419985771179 0.4531629979610443
vt 0.6413990259170532 0.4531629979610443
f 598/361/598 479/362/479 498/360/498
f 808/360/808 818/359/818 828/361/828
vt 0.6263419985771179 0.4582470059394836
vt 0.6413990259170532 0.4582470059394836
f 759/363/759 774/364/774 768/362/768
f 418/362/418 812/361/812 821/363/821
vt 0.7317450046539307 0.4785830080509186
vt 0.7618600130081177 0.4785830080509186
vt 0.7618600130081177 0.4684149920940399
f 107/365/107 181/366/181 101/367/101
vt 0.7317450046539307 0.4684149920940399
f 348/367/348 868/368/868 655/365/655
vt 0.6112840175628662 0.4734990000724792
vt 0.6413990259170532 0.4684149920940399
vt 0.6112840175628662 0.4684149920940399
f 377/369/377 368/370/368 778/371/778
vt 0.6413990259170532 0.4785830080509186
vt 0.6112840175628662 0.4785830080509186
f 889/372/889 385/369/385 411/373/411
f 889/370/889 411/369/411 385/372/385
vt 0.5962269902229309 0.4836669862270355
vt 0.6112840175628662 0.4836669862270355
f 811/373/811 821/374/821 830/375/830
vt 0.7317450046539307 0.4277420043945312
vt 0.7404929995536804 0.4175739884376526
vt 0.7189249992370605 0.4175739884376526
f 846/376/846 848/377/848 732/378/732
vt 0.7451599836349487 0.4276840090751648
f 133/377/133 113/376/113 122/379/122
vt 0.7502530217170715 0.4375649988651276
f 329/380/329 287/379/287 317/376/317
vt 0.6972910165786743 0.4261969923973083
f 473/381/473 453/376/453 420/378/420
vt 0.6865720152854919 0.4237500131130219
vt 0.6973559856414795 0.4175739884376526
vt 0.6757879853248596 0.4175739884376526
f 231/382/231 41/383/41 232/384/232
f 403/383/403 520/382/520 710/381/710
vt 0.6758530139923096 0.4261969923973083
f 43/384/43 162/385/162 179/382/179
f 412/381/412 419/378/419 386/383/386
vt 0.6542199850082397 0.4175739884376526
f 415/385/415 420/384/420 453/386/453
vt 0.7058870196342468 0.4330520033836365
f 119/387/119 149/376/149 128/381/128
vt 0.7317450046539307 0.4480789899826050
vt 0.7558069825172424 0.4471879899501801
f 385/388/385 386/389/386 886/380/886
vt 0.7317450046539307 0.4582470059394836
vt 0.7618579864501953 0.4565240144729614
f 184/390/184 123/391/123 70/388/70
f 173/389/173 134/388/134 172/391/172
vt 0.7684170007705688 0.4654760062694550
f 135/392/135 16/391/16 134/390/134
vt 0.7106580138206482 0.4539529979228973
f 606/393/606 572/390/572 589/388/589
vt 0.7106580138206482 0.4429579973220825
f 440/376/440 703/394/703 675/388/675
f 745/388/745 840/394/840 851/393/851
f 415/387/415 685/394/685 390/376/390
vt 0.6624869704246521 0.4429579973220825
vt 0.6672570109367371 0.4330520033836365
f 438/356/438 379/395/379 337/396/337
f 390/388/390 346/380/346 379/376/379
vt 0.6279850006103516 0.4276840090751648
f 707/396/707 712/385/712 533/397/533
vt 0.6326519846916199 0.4175739884376526
vt 0.6303690075874329 0.4226559996604919
f 579/386/579 591/398/591 580/399/580
f 424/399/424 795/397/795 387/385/387
f 807/395/807 775/356/775 756/358/756
f 836/397/836 709/356/709 684/396/684
vt 0.6228910088539124 0.4375649988651276
f 817/356/817 828/400/828 819/357/819
f 94/385/94 311/386/311 299/399/299
vt 0.6254929900169373 0.4326539933681488
f 716/356/716 479/401/479 598/400/598
vt 0.6201739907264709 0.4424099922180176
f 680/400/680 617/402/617 568/357/568
f 730/401/730 855/356/855 731/397/731
vt 0.6624869704246521 0.4539529979228973
f 473/364/473 420/403/420 494/362/494
f 875/360/875 879/362/879 880/403/880
vt 0.6672570109367371 0.4638589918613434
f 744/403/744 854/364/854 742/404/742
f 264/358/264 226/360/226 209/395/209
vt 0.6143760085105896 0.4518939852714539
vt 0.6173369884490967 0.4471879899501801
f 426/405/426 790/359/790 421/406/421
f 781/357/781 764/406/764 794/359/794
vt 0.6112869977951050 0.4565240144729614
f 766/407/766 805/361/805 844/405/844
f 423/359/423 387/405/387 378/361/378
f 380/361/380 612/407/612 588/363/588
f 852/402/852 729/406/729 724/357/724
f 594/403/594 593/395/593 641/360/641
vt 0.7058870196342468 0.4638589918613434
f 608/408/608 776/390/776 609/393/609
f 738/390/738 724/368/724 729/367/729
vt 0.7755360007286072 0.4739120006561279
f 56/409/56 170/392/170 57/367/57
vt 0.6972910165786743 0.4707140028476715
f 485/368/485 466/410/466 505/365/505
f 241/390/241 210/408/210 296/368/296
f 458/404/458 340/364/340 499/370/499
vt 0.6865720152854919 0.4731599986553192
f 88/410/88 305/411/305 306/365/306
vt 0.6715149879455566 0.4785830080509186
vt 0.6758530139923096 0.4707140028476715
f 362/412/362 812/411/812 378/413/378
f 347/410/347 767/368/767 783/408/783
f 738/413/738 729/404/729 760/370/760
f 40/409/40 230/367/230 39/366/39
vt 0.7708939909934998 0.4887509942054749
vt 0.7833189964294434 0.4817349910736084
f 390/414/390 685/415/685 603/366/603
f 893/409/893 765/366/765 743/415/743
vt 0.7919750213623047 0.4887509942054749
f 888/415/888 793/414/793 368/416/368
vt 0.7498139739036560 0.4887509942054749
f 843/366/843 853/417/853 852/414/852
vt 0.7287330031394958 0.4887509942054749
f 590/365/590 721/418/721 780/417/780
f 887/417/887 425/366/425 388/365/388
vt 0.6865720152854919 0.4887509942054749
vt 0.7076529860496521 0.4887509942054749
f 344/419/344 359/420/359 788/412/788
f 495/412/495 477/420/477 398/365/398
f 391/365/391 375/420/375 803/418/803
f 375/365/375 410/411/410 383/412/383
vt 0.6654919981956482 0.4887509942054749
f 375/421/375 383/419/383 371/412/371
f 435/412/435 422/413/422 797/372/797
f 336/371/336 438/370/438 337/363/337
f 892/370/892 437/364/437 887/363/887
vt 0.5976089835166931 0.4739120006561279
f 882/369/882 873/422/873 414/373/414
vt 0.6012430191040039 0.4697639942169189
f 753/423/753 593/369/593 651/371/651
f 868/370/868 354/372/354 754/413/754
vt 0.6080710291862488 0.4610590040683746
f 685/424/685 664/371/664 603/363/603
vt 0.6047270298004150 0.4654760062694550
f 822/371/822 901/424/901 505/425/505
f 539/369/539 668/423/668 455/422/455
vt 0.5938109755516052 0.4779100120067596
f 303/422/303 288/426/288 200/373/200
f 273/423/273 278/371/278 266/425/266
f 886/407/886 334/424/334 387/363/387
f 334/375/334 424/372/424 387/373/387
vt 0.6233299970626831 0.4887509942054749
vt 0.6444110274314880 0.4887509942054749
f 886/427/886 387/428/387 423/372/423
f 892/372/892 335/375/335 420/427/420
f 893/421/893 377/412/377 361/372/361
f 547/372/547 551/428/551 714/421/714
vt 0.6022499799728394 0.4887509942054749
f 811/429/811 436/427/436 423/375/423
vt 0.5856220126152039 0.4853579998016357
vt 0.5898259878158569 0.4817349910736084
f 536/430/536 676/374/676 394/431/394
f 811/374/811 423/426/423 418/431/418
vt 0.5811690092086792 0.4887509942054749
f 114/432/114 125/429/125 161/430/161
f 722/374/722 806/430/806 588/429/588
f 534/429/534 450/375/450 521/374/521
f 436/373/436 385/426/385 423/374/423
f 435/390/435 758/367/758 333/392/333
vt 0.3212760090827942 0.7922090291976929
vt 0.3235920071601868 0.8058260083198547
vt 0.3235920071601868 0.7922090291976929
f 440/433/440 524/434/524 703/435/703
vt 0.3189600110054016 0.8194419741630554
vt 0.3235920071601868 0.8194419741630554
f 76/434/76 81/436/81 167/437/167
vt 0.3189600110054016 0.7922090291976929
f 528/436/528 464/433/464 634/438/634
f 415/433/415 664/436/664 685/434/685
vt 0.3282249867916107 0.8194419741630554
vt 0.3282249867916107 0.8058260083198547
vt 0.3259089887142181 0.8058260083198547
f 871/439/871 811/440/811 820/441/820
vt 0.3259089887142181 0.8194419741630554
f 871/441/871 881/442/881 811/439/811
f 735/442/735 863/441/863 349/434/349
f 815/434/815 883/437/883 902/442/902
vt 0.3259089887142181 0.7922090291976929
f 419/441/419 424/443/424 334/435/334
f 861/435/861 729/434/729 352/441/352
vt 0.3189600110054016 0.7785930037498474
vt 0.3143280148506165 0.7922090291976929
f 825/444/825 827/445/827 819/438/819
vt 0.3143280148506165 0.7649769783020020
vt 0.3189600110054016 0.7649769783020020
f 422/446/422 785/444/785 797/447/797
f 764/445/764 804/444/804 778/446/778
vt 0.3096950054168701 0.7649769783020020
f 513/445/513 462/446/462 706/448/706
vt 0.3096950054168701 0.7922090291976929
f 136/448/136 58/449/58 22/445/22
vt 0.3143280148506165 0.7377439737319946
vt 0.3096950054168701 0.7377439737319946
f 58/446/58 57/450/57 194/451/194
f 58/451/58 195/448/195 171/446/171
vt 0.3189600110054016 0.7377439737319946
f 764/447/764 778/452/778 794/450/794
f 643/450/643 652/446/652 644/447/644
vt 0.3212760090827942 0.7785930037498474
f 186/433/186 50/453/50 188/444/188
f 744/444/744 730/438/730 731/433/731
vt 0.3212760090827942 0.7649769783020020
f 742/453/742 855/454/855 730/447/730
f 781/447/781 766/444/766 764/453/764
f 764/454/764 765/452/765 804/447/804
vt 0.3235920071601868 0.7377439737319946
vt 0.3235920071601868 0.7649769783020020
f 793/455/793 778/454/778 368/456/368
f 488/452/488 634/454/634 715/455/715
vt 0.3004310131072998 0.7922090291976929
f 223/448/223 329/457/329 316/449/316
vt 0.3004310131072998 0.7377439737319946
f 446/458/446 532/448/532 447/451/447
f 807/457/807 786/448/786 768/458/768
vt 0.3050630092620850 0.6832789778709412
vt 0.3096950054168701 0.6832789778709412
f 807/459/807 768/451/768 786/460/786
vt 0.3004310131072998 0.6832789778709412
f 131/458/131 81/459/81 52/461/52
f 674/451/674 523/459/523 701/458/701
vt 0.3004310131072998 0.6560459733009338
vt 0.2957980036735535 0.6560459733009338
f 674/461/674 701/462/701 523/463/523
vt 0.2957980036735535 0.6832789778709412
f 344/463/344 792/464/792 375/461/375
vt 0.2957980036735535 0.6424300074577332
vt 0.2934820055961609 0.6424300074577332
f 375/463/375 792/465/792 803/466/803
vt 0.2934820055961609 0.6560459733009338
f 638/466/638 629/467/629 544/463/544
vt 0.3096950054168701 0.6560459733009338
vt 0.3050630092620850 0.6560459733009338
f 791/460/791 729/468/729 777/469/777
f 791/469/791 367/459/367 343/460/343
f 509/459/509 508/469/508 530/462/530
f 360/462/360 777/461/777 729/459/729
vt 0.3189600110054016 0.6832789778709412
f 360/455/360 367/470/367 777/452/777
vt 0.3282249867916107 0.6832789778709412
vt 0.3282249867916107 0.7377439737319946
f 542/471/542 698/455/698 609/472/609
f 718/470/718 620/455/620 614/471/614
vt 0.3143280148506165 0.6832789778709412
f 742/450/742 844/473/844 855/460/855
f 742/460/742 764/451/764 779/450/779
f 443/473/443 525/450/525 444/452/444
f 409/452/409 384/470/384 434/473/434
vt 0.3189600110054016 0.6560459733009338
vt 0.3143280148506165 0.6560459733009338
f 180/470/180 47/474/47 78/475/78
f 180/475/180 217/473/217 47/470/47
f 638/473/638 544/475/544 647/468/647
f 737/468/737 728/460/728 850/473/850
vt 0.3328790068626404 0.8194419741630554
vt 0.3328790068626404 0.8058260083198547
vt 0.3305520117282867 0.8058260083198547
f 620/476/620 550/477/550 551/478/551
vt 0.3305520117282867 0.8194419741630554
f 307/478/307 150/479/150 87/476/87
f 661/479/661 692/478/692 660/440/660
f 428/440/428 512/439/512 430/479/430
vt 0.3421869874000549 0.7377439737319946
vt 0.3375329971313477 0.6832789778709412
vt 0.3375329971313477 0.7377439737319946
f 605/480/605 586/481/586 720/482/720
vt 0.3468410074710846 0.6832789778709412
vt 0.3468410074710846 0.7377439737319946
f 337/483/337 379/480/379 425/484/425
f 560/481/560 614/480/614 620/483/620
vt 0.3328790068626404 0.7377439737319946
f 751/485/751 735/471/735 755/472/755
f 560/481/560 574/485/574 614/482/614
f 751/471/751 352/485/352 729/481/729
vt 0.3608039915561676 0.7377439737319946
vt 0.3561500012874603 0.6832789778709412
vt 0.3561500012874603 0.7377439737319946
f 602/486/602 717/487/717 574/488/574
vt 0.3654580116271973 0.6832789778709412
vt 0.3654580116271973 0.7377439737319946
f 766/489/766 742/486/742 779/490/779
f 602/487/602 559/486/559 717/489/717
vt 0.3514949977397919 0.7377439737319946
f 602/491/602 574/483/574 560/484/560
f 576/487/576 666/491/666 556/488/556
f 665/483/665 563/491/563 575/487/575
vt 0.3941769897937775 0.7922090291976929
vt 0.3941769897937775 0.7649769783020020
vt 0.3893910050392151 0.7649769783020020
f 594/492/594 592/493/592 654/494/654
vt 0.3893910050392151 0.7922090291976929
f 391/494/391 410/495/410 375/492/375
vt 0.3846040070056915 0.7785930037498474
vt 0.3846040070056915 0.7649769783020020
f 605/496/605 642/494/642 586/497/586
vt 0.3846040070056915 0.7922090291976929
f 626/495/626 627/496/627 518/498/518
f 82/494/82 69/496/69 137/495/137
vt 0.3893910050392151 0.7377439737319946
vt 0.3846040070056915 0.7377439737319946
f 96/494/96 82/499/82 130/500/130
f 648/500/648 654/497/654 639/494/639
vt 0.3941769897937775 0.7377439737319946
f 663/493/663 395/501/395 688/499/688
f 348/499/348 354/494/354 868/493/868
vt 0.4037500023841858 0.7377439737319946
f 571/493/571 601/502/601 602/501/602
vt 0.4037500023841858 0.7922090291976929
f 893/503/893 361/493/361 765/492/765
f 641/502/641 561/493/561 584/503/584
vt 0.3822109997272491 0.7922090291976929
vt 0.3846040070056915 0.8194419741630554
f 396/504/396 898/505/898 680/498/680
vt 0.3798179924488068 0.8194419741630554
vt 0.3798179924488068 0.7922090291976929
f 594/506/594 648/504/648 640/507/640
f 718/505/718 614/504/614 573/506/573
vt 0.3822109997272491 0.7785930037498474
f 365/498/365 373/496/373 372/508/372
f 875/508/875 449/504/449 682/498/682
vt 0.3822109997272491 0.7649769783020020
f 94/496/94 96/497/96 325/509/325
f 548/509/548 629/508/629 714/496/714
vt 0.3798179924488068 0.7377439737319946
vt 0.3798179924488068 0.7649769783020020
f 353/509/353 352/510/352 752/511/752
f 902/500/902 450/509/450 903/497/903
f 718/510/718 573/509/573 562/500/562
vt 0.3750309944152832 0.6832789778709412
vt 0.3750309944152832 0.7377439737319946
f 574/510/574 573/512/573 614/513/614
vt 0.3846040070056915 0.6832789778709412
f 478/514/478 401/510/401 457/500/457
f 815/512/815 903/510/903 838/514/838
vt 0.3702439963817596 0.7377439737319946
f 510/515/510 686/489/686 535/490/535
f 510/512/510 535/515/535 686/513/686
f 837/489/837 907/515/907 832/512/832
vt 0.4037500023841858 0.6832789778709412
vt 0.3941769897937775 0.6832789778709412
f 80/502/80 166/516/166 77/517/77
f 393/517/393 686/501/686 662/502/662
f 23/499/23 19/514/19 67/500/67
f 549/517/549 632/499/632 616/501/616
f 493/514/493 511/499/511 474/517/474
vt 0.8251280188560486 0.8194419741630554
vt 0.8251280188560486 0.7922090291976929
vt 0.8203780055046082 0.7922090291976929
f 598/518/598 362/519/362 608/520/608
vt 0.8203780055046082 0.8194419741630554
f 452/520/452 512/521/512 474/518/474
vt 0.8251280188560486 0.7785930037498474
f 452/522/452 474/520/474 512/519/512
vt 0.8203780055046082 0.7649769783020020
vt 0.8251280188560486 0.7649769783020020
f 624/523/624 606/522/606 585/524/585
f 690/520/690 478/522/478 476/523/476
vt 0.8251280188560486 0.7377439737319946
vt 0.8203780055046082 0.7377439737319946
f 427/524/427 428/525/428 340/526/340
f 675/526/675 703/523/703 484/524/484
vt 0.8322520256042480 0.7513599991798401
vt 0.8322520256042480 0.7377439737319946
vt 0.8298779726028442 0.7377439737319946
f 509/527/509 712/528/712 531/529/531
vt 0.8298779726028442 0.7513599991798401
f 184/529/184 189/530/189 53/527/53
vt 0.8346269726753235 0.7513599991798401
vt 0.8346269726753235 0.7377439737319946
f 663/531/663 474/532/474 452/528/452
f 556/528/556 666/527/666 496/531/496
vt 0.8370019793510437 0.7513599991798401
vt 0.8370019793510437 0.7377439737319946
f 552/533/552 475/534/475 621/532/621
f 193/532/193 1/531/1 5/533/5
vt 0.8393769860267639 0.7513599991798401
vt 0.8393769860267639 0.7377439737319946
f 689/535/689 569/536/569 589/534/589
f 517/534/517 535/533/535 382/535/382
vt 0.8108789920806885 0.7922090291976929
vt 0.8108789920806885 0.7377439737319946
vt 0.8013799786567688 0.7377439737319946
f 452/537/452 492/538/492 475/539/475
vt 0.8013799786567688 0.7922090291976929
f 14/539/14 135/540/135 125/537/125
f 800/523/800 366/537/366 801/520/801
f 192/538/192 3/523/3 216/526/216
f 376/537/376 345/523/345 793/538/793
vt 0.8346269726753235 0.7105110287666321
f 376/534/376 363/541/363 381/532/381
vt 0.8393769860267639 0.7105110287666321
f 295/542/295 323/534/323 242/536/242
f 485/541/485 461/534/461 466/542/466
vt 0.8298779726028442 0.7105110287666321
f 264/528/264 33/543/33 248/529/248
f 404/541/404 405/528/405 694/532/694
f 483/543/483 504/528/504 522/541/522
vt 0.8346269726753235 0.6832789778709412
vt 0.8298779726028442 0.6832789778709412
f 90/541/90 308/544/308 84/545/84
f 390/545/390 379/543/379 438/541/438
vt 0.8393769860267639 0.6832789778709412
f 702/542/702 701/546/701 523/544/523
f 307/544/307 207/541/207 208/542/208
f 307/543/307 292/525/292 320/529/320
vt 0.8203780055046082 0.6832789778709412
f 877/525/877 905/547/905 900/526/900
f 663/547/663 687/543/687 493/545/493
f 37/543/37 191/547/191 2/525/2
vt 0.8536260128021240 0.7377439737319946
vt 0.8488759994506836 0.6832789778709412
vt 0.8488759994506836 0.7377439737319946
f 451/548/451 407/549/407 482/550/482
vt 0.8583750128746033 0.6832789778709412
vt 0.8583750128746033 0.7377439737319946
f 663/551/663 493/548/493 474/552/474
f 536/549/536 687/548/687 663/551/663
vt 0.8441259860992432 0.7377439737319946
f 440/553/440 702/542/702 676/536/676
f 353/542/353 752/549/752 862/546/862
f 440/549/440 676/553/676 524/550/524
f 344/553/344 371/549/371 359/542/359
vt 0.8726239800453186 0.7377439737319946
vt 0.8678749799728394 0.6832789778709412
vt 0.8678749799728394 0.7377439737319946
f 486/554/486 476/555/476 463/556/463
vt 0.8773739933967590 0.6832789778709412
vt 0.8773739933967590 0.7377439737319946
f 902/557/902 883/554/883 830/558/830
f 434/555/434 433/554/433 417/557/417
vt 0.8631250262260437 0.7377439737319946
f 527/559/527 545/551/545 546/552/546
f 707/555/707 525/559/525 486/556/486
f 749/551/749 342/559/342 365/555/365
vt 0.8963720202445984 0.7649769783020020
vt 0.9058709740638733 0.7377439737319946
vt 0.8963720202445984 0.7377439737319946
f 761/560/761 378/561/378 789/562/789
vt 0.9058709740638733 0.7922090291976929
vt 0.8963720202445984 0.7922090291976929
f 716/563/716 598/560/598 577/564/577
f 835/561/835 470/560/470 490/563/490
vt 0.8844980001449585 0.7922090291976929
vt 0.8868730068206787 0.8194419741630554
vt 0.8868730068206787 0.7922090291976929
f 365/565/365 357/566/357 858/567/858
vt 0.8821229934692383 0.8194419741630554
vt 0.8821229934692383 0.7922090291976929
f 80/568/80 314/565/314 166/569/166
f 317/566/317 277/565/277 302/568/302
vt 0.8916230201721191 0.7649769783020020
f 667/564/667 691/560/691 455/570/455
vt 0.8916230201721191 0.7922090291976929
f 594/570/594 654/571/654 648/564/648
vt 0.8868730068206787 0.7785930037498474
vt 0.8868730068206787 0.7649769783020020
f 760/572/760 788/570/788 366/573/366
f 808/571/808 445/572/445 470/567/470
f 235/570/235 257/572/257 217/571/217
vt 0.8916230201721191 0.7377439737319946
vt 0.8868730068206787 0.7377439737319946
f 492/570/492 621/574/621 475/575/475
f 784/575/784 767/573/767 796/570/796
f 526/560/526 633/562/633 507/574/507
f 451/574/451 661/570/661 407/560/407
vt 0.8916230201721191 0.6832789778709412
vt 0.8868730068206787 0.6832789778709412
f 690/574/690 577/576/577 587/577/587
f 654/577/654 629/575/629 639/574/639
f 506/576/506 577/574/577 538/562/538
vt 0.8963720202445984 0.6832789778709412
f 483/562/483 460/578/460 467/576/467
vt 0.8821229934692383 0.7377439737319946
f 513/579/513 692/557/692 477/558/477
f 715/577/715 633/579/633 705/575/705
f 755/557/755 736/579/736 856/577/856
vt 0.8963720202445984 0.6560459733009338
vt 0.8916230201721191 0.6560459733009338
f 596/578/596 715/580/715 677/581/677
f 570/581/570 613/576/613 579/578/579
vt 0.8868730068206787 0.6560459733009338
f 439/576/439 535/581/535 517/582/517
f 359/582/359 383/577/383 432/576/432
vt 0.9011219739913940 0.6832789778709412
vt 0.9058709740638733 0.6832789778709412
f 869/583/869 870/561/870 355/584/355
f 393/562/393 662/583/662 523/578/523
f 41/561/41 33/583/33 232/562/232
vt 0.9058709740638733 0.6560459733009338
vt 0.9011219739913940 0.6560459733009338
f 721/584/721 617/585/617 680/586/680
f 288/586/288 284/583/284 27/584/27
f 750/583/750 597/586/597 657/580/657
f 897/580/897 701/578/701 878/583/878
vt 0.9082459807395935 0.6560459733009338
vt 0.9106209874153137 0.6832789778709412
vt 0.9106209874153137 0.6560459733009338
f 564/587/564 556/588/556 555/589/555
f 578/584/578 617/587/617 590/585/590
f 804/588/804 765/587/765 377/584/377
vt 0.9106209874153137 0.6424300074577332
vt 0.9082459807395935 0.6424300074577332
f 507/589/507 650/590/650 487/591/487
f 857/591/857 747/587/747 866/589/866
vt 0.9058709740638733 0.6424300074577332
f 396/587/396 665/591/665 689/592/689
f 623/592/623 622/585/622 607/587/607
vt 0.9129959940910339 0.6560459733009338
vt 0.9129959940910339 0.6424300074577332
f 237/593/237 228/594/228 215/590/215
f 484/590/484 703/589/703 504/593/504
vt 0.2934460043907166 0.6387979984283447
vt 0.2917700111865997 0.6424059867858887
f 579/466/579 613/595/613 591/596/591
f 393/465/393 523/595/523 904/466/904
f 394/467/394 662/466/662 686/596/686
vt 0.2911660075187683 0.6713839769363403
vt 0.2911660075187683 0.6463419795036316
f 425/597/425 379/467/379 795/598/795
f 304/467/304 288/596/288 289/598/289
f 387/462/387 795/465/795 378/463/378
f 596/464/596 677/463/677 666/467/666
vt 0.2990500032901764 0.6331949830055237
f 513/465/513 477/599/477 469/595/469
vt 0.3062579929828644 0.6299039721488953
f 454/600/454 538/599/538 476/469/476
vt 0.3141080141067505 0.6288130283355713
f 869/601/869 355/600/355 356/468/356
f 741/599/741 728/462/728 726/469/726
f 832/601/832 522/468/522 505/475/505
f 419/468/419 795/600/795 424/469/424
f 881/475/881 411/474/411 811/601/811
f 875/465/875 682/462/682 879/599/879
f 336/597/336 337/464/337 437/467/437
f 703/458/703 704/461/704 504/464/504
vt 0.2911660075187683 0.6964250206947327
f 658/602/658 643/464/643 644/597/644
vt 0.2911660075187683 0.7214670181274414
f 608/603/608 362/464/362 761/602/761
vt 0.2911660075187683 0.7465080022811890
vt 0.2911660075187683 0.7715499997138977
f 548/458/548 544/604/544 629/605/629
f 715/603/715 705/604/705 678/458/678
f 452/603/452 512/458/512 492/464/492
f 808/470/808 444/471/444 445/474/445
f 732/474/732 728/471/728 840/481/840
vt 0.3246960043907166 0.7676209807395935
f 888/455/888 368/606/368 377/472/377
f 758/456/758 801/606/801 333/455/333
vt 0.3226409852504730 0.7725250124931335
f 759/607/759 358/456/358 800/454/800
f 549/481/549 658/601/658 632/474/632
vt 0.3623009920120239 0.6288130283355713
f 798/483/798 794/608/794 778/481/778
f 399/601/399 400/481/400 716/608/716
f 539/487/539 526/608/526 514/483/514
vt 0.3317809998989105 0.7597799897193909
f 514/609/514 507/482/507 495/485/495
f 174/608/174 60/487/60 59/489/59
f 667/489/667 496/512/496 666/608/666
vt 0.4104950129985809 0.6288130283355713
f 321/502/321 309/610/309 322/516/322
vt 0.4330309927463531 0.8466749787330627
f 428/610/428 332/502/332 431/611/431
f 41/514/41 271/608/271 10/512/10
f 598/610/598 498/517/498 823/516/823
f 675/517/675 880/610/880 674/514/674
f 718/610/718 550/608/550 620/514/620
vt 0.4614039957523346 0.8466749787330627
f 726/610/726 727/611/727 739/612/739
vt 0.4586879909038544 0.6288130283355713
f 415/612/415 453/613/453 664/610/664
vt 0.3412109911441803 0.7549729943275452
f 791/614/791 760/484/760 729/480/729
vt 0.3516699969768524 0.7532690167427063
f 764/615/764 854/491/854 765/484/765
f 791/609/791 777/614/777 367/482/367
vt 0.3621700108051300 0.7547659873962402
f 528/616/528 631/488/631 545/615/545
f 745/484/745 865/614/865 753/615/753
f 760/491/760 799/615/799 788/488/788
f 418/480/418 378/482/378 812/614/812
f 25/616/25 269/490/269 65/486/65
vt 0.3715940117835999 0.7596120238304138
f 634/617/634 399/513/399 716/515/716
f 404/617/404 694/515/694 695/490/695
f 252/617/252 35/490/35 227/616/227
vt 0.3784379959106445 0.7676900029182434
f 601/510/601 582/513/582 600/618/600
f 608/618/608 761/513/761 776/617/776
f 358/488/358 366/616/366 800/486/800
f 816/609/816 828/472/828 817/606/817
vt 0.4897769987583160 0.8466749787330627
f 716/613/716 400/612/400 479/619/479
vt 0.5068809986114502 0.6288130283355713
f 671/619/671 402/620/402 456/613/456
f 200/472/200 234/609/234 255/485/255
f 253/457/253 234/458/234 36/605/36
vt 0.2911660075187683 0.7965919971466064
f 743/621/743 765/457/765 854/605/854
f 892/436/892 420/445/420 336/449/336
f 184/436/184 70/438/70 49/445/49
vt 0.3226209878921509 0.7830439805984497
f 841/433/841 349/622/349 853/453/853
vt 0.2911660075187683 0.8466749787330627
f 374/623/374 867/449/867 738/457/738
vt 0.3219079971313477 0.7778059840202332
f 392/454/392 906/453/906 876/624/876
f 895/607/895 416/454/416 896/624/896
f 96/622/96 130/433/130 314/435/314
vt 0.3246670067310333 0.7879430055618286
f 443/625/443 444/622/444 679/435/679
f 576/435/576 564/443/564 656/625/656
vt 0.3277989923954010 0.7922369837760925
f 605/625/605 720/443/720 554/626/554
f 527/624/527 546/453/546 595/622/595
f 781/607/781 620/606/620 551/456/551
vt 0.3195390105247498 0.8466749787330627
f 554/449/554 622/627/622 545/436/545
vt 0.2911660075187683 0.8216329813003540
f 690/621/690 538/628/538 577/457/577
f 595/628/595 546/623/546 630/457/630
f 659/437/659 644/627/644 652/442/652
f 494/623/494 395/627/395 453/449/453
f 420/627/420 822/437/822 494/436/494
f 616/478/616 585/626/585 604/440/604
vt 0.3317349851131439 0.7957980036735535
f 859/477/859 860/629/860 351/478/351
f 336/626/336 420/478/420 415/629/415
f 187/627/187 181/439/181 107/442/107
f 791/627/791 343/479/343 344/439/344
vt 0.3411709964275360 0.8006259799003601
f 624/477/624 585/630/585 616/629/616
f 694/626/694 480/441/480 499/440/499
f 507/443/507 633/441/633 650/626/650
f 343/476/343 367/479/367 376/627/376
vt 0.3803240060806274 0.7726460099220276
f 669/631/669 403/511/403 710/618/710
vt 0.3809559941291809 0.7779170274734497
f 710/509/710 904/631/904 897/632/897
vt 0.3783429861068726 0.7881019711494446
f 650/506/650 469/507/469 487/633/487
vt 0.3802689909934998 0.7831850051879883
f 623/634/623 553/633/553 630/507/630
f 808/504/808 470/634/470 809/507/809
f 468/632/468 476/634/476 486/508/486
f 586/509/586 564/511/564 555/631/555
f 719/632/719 616/508/616 632/509/632
f 481/634/481 456/504/456 401/508/401
f 702/505/702 662/495/662 394/498/394
vt 0.4046579897403717 0.8466749787330627
f 409/635/409 689/503/689 537/492/537
f 871/505/871 820/492/820 883/495/883
vt 0.3762849867343903 0.8466749787330627
vt 0.3714469969272614 0.7961140275001526
vt 0.3620629906654358 0.8008800148963928
f 793/636/793 345/637/345 778/638/778
vt 0.3479120135307312 0.8466749787330627
f 847/627/847 732/639/732 745/476/745
f 705/639/705 691/630/691 678/476/678
vt 0.3516150116920471 0.8023430109024048
f 548/640/548 550/639/550 713/638/713
f 354/636/354 861/638/861 353/639/353
f 385/639/385 886/640/886 423/630/423
f 687/636/687 686/506/686 535/637/535
f 576/477/576 656/476/656 596/630/596
f 216/636/216 3/635/3 7/505/7
f 586/633/586 642/637/642 649/506/649
f 549/492/549 643/505/643 658/635/658
f 680/506/680 568/636/568 464/505/464
f 309/503/309 83/635/83 322/611/322
f 715/502/715 678/503/678 677/611/677
vt 0.5181490182876587 0.8466749787330627
f 56/620/56 57/619/57 171/641/171
vt 0.5465220212936401 0.8466749787330627
vt 0.5550749897956848 0.6288130283355713
f 695/642/695 540/643/540 408/620/408
f 549/620/549 553/641/553 565/642/565
f 393/618/393 904/511/904 891/510/891
vt 0.5748950242996216 0.8466749787330627
vt 0.6032680273056030 0.8466749787330627
f 549/643/549 565/644/565 643/645/643
vt 0.6032680273056030 0.6288130283355713
f 749/645/749 365/646/365 858/643/858
vt 0.6316409707069397 0.8466749787330627
f 586/646/586 649/645/649 564/647/564
vt 0.6514620184898376 0.6288130283355713
f 762/647/762 761/648/761 789/646/789
vt 0.6996549963951111 0.6288130283355713
vt 0.7167599797248840 0.8466749787330627
vt 0.7451329827308655 0.8466749787330627
f 396/649/396 563/650/563 665/651/665
vt 0.7478489875793457 0.6288130283355713
f 506/651/506 469/652/469 650/649/650
vt 0.7735059857368469 0.8466749787330627
f 902/652/902 885/651/885 450/653/450
vt 0.7960420250892639 0.6288130283355713
f 190/653/190 151/654/151 263/652/263
vt 0.8442350029945374 0.6288130283355713
f 175/655/175 174/654/174 155/547/155
vt 0.6600139737129211 0.8466749787330627
vt 0.6883869767189026 0.8466749787330627
f 512/648/512 431/656/431 492/657/492
f 374/657/374 760/649/760 366/648/366
f 877/654/877 899/538/899 905/547/905
f 624/544/624 616/655/616 719/545/719
f 603/547/603 664/545/664 552/655/552
f 690/546/690 587/655/587 397/544/397
f 742/655/742 854/546/854 764/549/764
f 548/655/548 714/551/714 551/555/551
f 819/551/819 827/655/827 503/549/503
f 790/557/790 762/582/762 789/555/789
f 588/538/588 806/654/806 767/539/767
f 552/526/552 664/547/664 475/538/475
f 526/530/526 507/529/507 514/525/514
f 384/654/384 347/653/347 783/539/783
f 536/553/536 688/536/688 441/535/441
vt 0.8444370031356812 0.7547439932823181
f 574/550/574 615/553/615 573/658/573
vt 0.8549119830131531 0.7532690167427063
f 623/552/623 630/548/630 546/659/546
vt 0.8653709888458252 0.7549880146980286
f 658/556/658 637/559/637 544/660/544
f 717/559/717 615/552/615 574/660/574
f 717/548/717 625/550/625 769/659/769
vt 0.8748130202293396 0.7598230242729187
f 741/556/741 726/661/726 739/554/739
vt 0.8924289941787720 0.6288130283355713
f 606/662/606 665/655/665 575/555/575
f 82/530/82 137/525/137 129/524/129
vt 0.9003109931945801 0.6298959851264954
f 644/663/644 657/662/657 597/580/597
vt 0.9075090289115906 0.6332100033760071
f 536/664/536 394/663/394 687/592/687
f 443/581/443 679/662/679 445/582/445
f 801/663/801 359/586/359 432/592/432
f 807/662/807 768/581/768 774/580/774
f 528/580/528 649/586/649 642/663/642
f 859/592/859 351/591/351 866/664/866
f 516/555/516 427/582/427 458/662/458
vt 0.9130989909172058 0.6388109922409058
vt 0.9105880260467529 0.6357150077819824
f 218/665/218 240/666/240 210/590/210
vt 0.9147679805755615 0.6424099802970886
f 702/667/702 523/665/523 662/594/662
f 809/666/809 838/591/838 903/590/903
f 304/594/304 267/593/267 284/667/284
f 622/594/622 546/665/546 545/590/545
f 495/664/495 487/591/487 477/666/477
vt 0.9153710007667542 0.6463419795036316
f 707/668/707 489/667/489 508/593/508
f 598/592/598 823/586/823 362/585/362
vt 0.8818839788436890 0.7676969766616821
f 842/579/842 853/558/853 859/669/859
f 749/575/749 858/579/858 866/573/866
f 365/584/365 372/561/372 357/588/357
f 527/593/527 464/589/464 528/588/528
vt 0.9153710007667542 0.6713839769363403
f 412/588/412 388/670/388 419/593/419
f 584/668/584 561/593/561 571/670/571
vt 0.9153710007667542 0.6964250206947327
f 906/671/906 877/670/877 900/588/900
vt 0.9153710007667542 0.7214670181274414
f 452/561/452 474/672/474 511/588/511
f 887/671/887 389/588/389 413/672/413
vt 0.9153710007667542 0.7465080022811890
f 601/561/601 583/673/583 559/672/559
f 595/558/595 604/554/604 563/661/563
f 409/582/409 537/557/537 384/577/384
vt 0.9153710007667542 0.7715499997138977
f 213/673/213 216/561/216 236/674/236
vt 0.8255800008773804 0.7778059840202332
f 239/522/239 192/675/192 216/524/216
vt 0.8262349963188171 0.7830569744110107
f 892/676/892 413/675/413 335/522/335
vt 0.8018789887428284 0.8466749787330627
f 841/677/841 851/537/851 725/540/725
f 759/676/759 800/522/800 774/519/774
vt 0.8281459808349609 0.7880120277404785
f 391/678/391 888/676/888 338/519/338
vt 0.8281610012054443 0.7675729990005493
f 595/679/595 630/524/630 604/675/604
vt 0.8350120186805725 0.7595580220222473
f 676/680/676 441/531/441 704/527/704
f 857/680/857 866/533/866 858/531/858
vt 0.8311420083045959 0.7632169723510742
f 336/681/336 415/530/415 438/679/438
f 527/527/527 528/681/528 545/680/545
f 897/680/897 904/535/904 701/533/701
f 563/530/563 604/524/604 575/679/575
f 844/540/844 862/539/862 752/653/752
f 391/658/391 792/535/792 888/680/888
f 395/649/395 475/657/475 453/650/453
f 809/648/809 903/647/903 444/656/444
f 722/537/722 567/677/567 615/521/615
vt 0.8302519917488098 0.8466749787330627
vt 0.8349940180778503 0.7960410118103027
f 529/682/529 530/683/530 708/678/708
f 791/518/791 788/678/788 799/519/799
f 513/653/513 506/677/506 462/540/462
f 575/521/575 604/677/604 585/682/585
f 105/682/105 123/678/123 184/518/184
f 409/521/409 434/682/434 417/518/417
vt 0.8444269895553589 0.8008649945259094
f 549/684/549 616/683/616 553/682/553
f 493/520/493 331/537/331 511/521/511
f 737/681/737 725/527/725 851/530/851
f 896/553/896 412/535/412 386/658/386
f 137/552/137 20/659/20 26/660/26
vt 0.8838940262794495 0.7831220030784607
vt 0.8818349838256836 0.7880030274391174
f 842/569/842 859/685/859 748/686/748
f 131/661/131 68/669/68 167/558/167
f 527/660/527 563/661/563 396/556/396
vt 0.8747389912605286 0.7958449721336365
f 426/569/426 428/686/428 427/687/427
vt 0.8839259743690491 0.7726070284843445
vt 0.8846290111541748 0.7778729796409607
f 654/573/654 592/688/592 714/689/714
f 572/669/572 567/688/567 610/573/610
f 687/573/687 535/579/535 510/669/510
f 852/569/852 853/565/853 349/685/349
f 489/689/489 463/685/463 471/565/471
f 790/565/790 789/572/789 763/689/763
f 442/573/442 706/689/706 462/572/462
f 900/572/900 905/565/905 874/567/874
f 747/674/747 748/561/748 866/563/866
vt 0.8653540015220642 0.8006299734115601
vt 0.8586249947547913 0.8466749787330627
f 716/687/716 577/690/577 650/691/650
f 507/568/507 487/569/487 495/687/495
vt 0.8549180030822754 0.8023430109024048
f 321/691/321 293/692/293 309/684/309
vt 0.8869979977607727 0.8466749787330627
f 82/693/82 286/568/286 69/691/69
f 828/690/828 829/692/829 810/691/810
f 857/691/857 747/568/747 350/687/350
f 857/682/857 350/691/350 747/684/747
f 824/564/824 813/571/813 814/566/814
f 390/693/390 603/563/603 346/564/346
vt 0.9153710007667542 0.7965919971466064
f 667/674/667 455/563/455 496/694/496
vt 0.9153710007667542 0.8216329813003540
f 440/563/440 674/695/674 701/694/701
f 766/568/766 844/693/844 742/566/742
f 740/693/740 750/564/750 657/566/657
vt 0.9153710007667542 0.8466749787330627
f 740/563/740 657/693/657 750/696/750
f 630/563/630 616/696/616 604/695/604
f 204/567/204 311/566/311 258/571/258
f 667/658/667 677/659/677 678/550/678
f 525/642/525 442/644/442 468/643/468
vt 0.7898849844932556 0.5271919965744019
vt 0.8293820023536682 0.4995569884777069
vt 0.8293820023536682 0.5213389992713928
f 444/697/444 525/698/525 707/699/707
vt 0.8293820023536682 0.5431219935417175
f 138/700/138 131/697/131 120/699/120
vt 0.7475119829177856 0.5502899885177612
vt 0.7889620065689087 0.5682920217514038
f 596/701/596 656/700/656 488/702/488
vt 0.7027940154075623 0.5685629844665527
f 525/702/525 468/703/468 486/701/486
vt 0.7461550235748291 0.5892540216445923
f 792/703/792 376/702/376 793/704/793
f 785/697/785 807/700/807 797/701/797
vt 0.2911660075187683 0.5213389992713928
vt 0.2911660075187683 0.4995569884777069
vt 0.3306629955768585 0.5271919965744019
f 894/705/894 899/706/899 881/707/881
vt 0.2911660075187683 0.5431219935417175
f 584/708/584 571/705/571 602/707/602
vt 0.3315860033035278 0.5682920217514038
vt 0.3730350136756897 0.5502899885177612
vt 0.4177530109882355 0.5685629844665527
f 370/709/370 376/710/376 381/711/381
f 536/710/536 441/709/441 676/708/676
vt 0.3743920028209686 0.5892540216445923
f 18/709/18 4/711/4 136/712/136
f 343/707/343 792/710/792 344/708/344
vt 0.7014089822769165 0.6057890057563782
vt 0.6085850000381470 0.5897790193557739
vt 0.6562910079956055 0.5817810297012329
f 488/713/488 656/714/656 649/715/649
f 30/703/30 65/704/65 269/715/269
f 373/704/373 342/713/342 358/715/358
vt 0.6551899909973145 0.6177250146865845
vt 0.5602740049362183 0.5924559831619263
f 722/714/722 618/716/618 806/717/806
vt 0.6079810261726379 0.6249359846115112
f 694/717/694 499/716/499 540/718/540
f 497/713/497 463/716/463 476/714/476
vt 0.5602740049362183 0.6273490190505981
f 877/719/877 881/717/881 899/718/899
vt 0.4191389977931976 0.6057890057563782
vt 0.4642570018768311 0.5817810297012329
f 434/720/434 783/712/783 785/721/785
vt 0.5119630098342896 0.5897790193557739
f 710/722/710 878/720/878 682/721/682
f 690/711/690 476/721/476 538/712/538
vt 0.4653570055961609 0.6177250146865845
vt 0.5125669836997986 0.6249359846115112
f 751/723/751 752/717/752 352/724/352
f 308/719/308 279/724/279 306/717/306
f 468/723/468 462/720/462 454/722/454
f 380/717/380 767/723/767 347/722/347
vt 0.7317450046539307 0.3660959899425507
vt 0.7317450046539307 0.3610120117664337
vt 0.7468019723892212 0.3610120117664337
f 448/725/448 541/726/541 881/727/881
vt 0.7468019723892212 0.3660959899425507
f 762/727/762 776/728/776 761/725/761
vt 0.7317450046539307 0.3559280037879944
f 427/727/427 340/726/340 458/729/458
vt 0.7317450046539307 0.3762640058994293
vt 0.7317450046539307 0.3711799979209900
vt 0.7468019723892212 0.3711799979209900
f 333/730/333 801/731/801 432/732/432
vt 0.7468019723892212 0.3762640058994293
f 370/732/370 778/733/778 345/730/345
f 527/731/527 595/725/595 563/728/563
f 83/728/83 289/732/289 322/731/322
vt 0.7618600130081177 0.3864319920539856
vt 0.7317450046539307 0.3864319920539856
f 353/734/353 861/735/861 352/730/352
vt 0.7618600130081177 0.3915160000324249
vt 0.7618600130081177 0.3966000080108643
vt 0.7317450046539307 0.3966000080108643
f 350/736/350 858/737/858 357/738/357
f 902/735/902 830/734/830 885/736/885
f 433/738/433 422/735/422 417/736/417
vt 0.6112840175628662 0.3966000080108643
vt 0.6112840175628662 0.3864319920539856
vt 0.6413990259170532 0.3864319920539856
f 509/739/509 531/740/531 508/741/508
vt 0.6413990259170532 0.3966000080108643
f 843/741/843 724/742/724 738/739/738
vt 0.7769179940223694 0.4016849994659424
vt 0.7618600130081177 0.4016849994659424
f 630/743/630 553/744/553 616/737/616
vt 0.7502530217170715 0.3555819988250732
vt 0.7476509809494019 0.3506720066070557
f 694/745/694 405/729/405 671/746/671
vt 0.7529699802398682 0.3604280054569244
f 204/745/204 324/747/324 311/727/311
vt 0.7558069825172424 0.3652049899101257
f 204/748/204 258/727/258 146/747/146
f 664/727/664 453/729/453 475/745/475
vt 0.7427750229835510 0.3406729996204376
vt 0.7189249992370605 0.3355920016765594
vt 0.7404929995536804 0.3355920016765594
f 480/749/480 671/750/671 456/751/456
vt 0.7451599836349487 0.3457010090351105
vt 0.7317450046539307 0.3457599878311157
f 478/752/478 497/746/497 476/753/476
f 80/729/80 325/753/325 96/746/96
vt 0.7058870196342468 0.3510699868202209
f 394/754/394 686/753/686 687/729/687
f 757/749/757 379/752/379 346/753/346
f 822/753/822 872/750/872 901/749/901
vt 0.7587680220603943 0.3699109852313995
f 608/755/608 587/728/587 577/748/577
vt 0.7618579864501953 0.3745410144329071
f 596/732/596 488/755/488 715/756/715
f 557/733/557 502/732/502 693/756/693
f 845/728/845 750/755/750 727/732/727
vt 0.7106580138206482 0.3609760105609894
f 506/757/506 538/726/538 454/725/454
f 589/730/589 610/733/610 588/734/588
vt 0.7106580138206482 0.3719699978828430
f 373/758/373 759/731/759 773/730/773
f 850/758/850 856/725/856 736/731/736
vt 0.7650730013847351 0.3790769875049591
f 464/733/464 611/756/611 693/759/693
f 398/748/398 477/728/477 692/727/692
f 844/757/844 752/729/752 731/726/731
vt 0.6972910165786743 0.3442150056362152
vt 0.6973559856414795 0.3355920016765594
f 893/760/893 780/761/780 898/750/898
vt 0.6865720152854919 0.3417679965496063
f 411/761/411 385/760/385 436/762/436
vt 0.6672570109367371 0.3510699868202209
vt 0.6413990259170532 0.3457599878311157
vt 0.6758530139923096 0.3442150056362152
f 320/763/320 291/764/291 221/765/221
vt 0.6757879853248596 0.3355920016765594
f 514/766/514 495/761/495 398/762/398
f 539/750/539 514/753/514 668/760/668
f 64/765/64 1/766/1 21/762/21
vt 0.6542199850082397 0.3355920016765594
f 442/767/442 462/766/462 468/765/468
vt 0.6279850006103516 0.3457010090351105
vt 0.6326519846916199 0.3355920016765594
f 161/768/161 125/769/125 75/764/75
f 814/767/814 826/764/826 875/769/875
vt 0.6228910088539124 0.3555819988250732
f 443/770/443 706/768/706 442/764/442
f 740/767/740 727/765/727 750/764/750
f 679/757/679 470/754/470 445/729/445
f 705/760/705 633/753/633 526/754/526
vt 0.6413990259170532 0.3660959899425507
f 888/770/888 377/764/377 893/771/893
vt 0.6624869704246521 0.3609760105609894
f 707/771/707 486/764/486 463/772/463
vt 0.6112869977951050 0.3745410144329071
vt 0.6173369884490967 0.3652049899101257
f 28/773/28 7/774/7 40/771/40
f 641/770/641 636/771/636 646/774/646
vt 0.6624869704246521 0.3719699978828430
f 624/775/624 572/771/572 606/772/606
vt 0.6413990259170532 0.3762640058994293
f 528/773/528 642/771/642 631/776/631
f 444/776/444 707/771/707 533/775/533
f 828/763/828 834/772/834 829/764/829
f 808/757/808 828/725/828 809/758/809
vt 0.7058870196342468 0.3818759918212891
f 261/730/261 260/777/260 259/758/259
vt 0.7684170007705688 0.3834939897060394
vt 0.7719010114669800 0.3877820074558258
f 357/734/357 372/778/372 364/779/364
vt 0.7755360007286072 0.3919300138950348
vt 0.7793340086936951 0.3959279954433441
f 534/737/534 443/780/443 445/781/445
f 814/736/814 875/779/875 880/780/880
f 822/734/822 413/759/413 873/778/873
f 440/736/440 675/734/675 674/779/674
f 458/736/458 481/780/481 501/737/501
f 458/730/458 501/735/501 481/777/481
f 774/737/774 800/781/800 787/743/787
vt 0.7875220179557800 0.4033760130405426
vt 0.7833189964294434 0.3997530043125153
f 516/782/516 339/743/339 426/783/426
vt 0.7708939909934998 0.4067690074443817
vt 0.7919750213623047 0.4067690074443817
f 195/784/195 4/782/4 171/785/171
f 829/743/829 819/782/819 810/784/810
f 434/744/434 384/743/384 783/784/783
vt 0.7498139739036560 0.4067690074443817
f 883/786/883 820/738/820 830/744/830
f 818/744/818 834/738/834 828/737/828
vt 0.7287330031394958 0.4067690074443817
f 846/738/846 726/786/726 848/787/848
vt 0.7076529860496521 0.4067690074443817
f 763/738/763 492/787/492 332/788/332
f 895/786/895 890/744/890 416/784/416
vt 0.6972910165786743 0.3887310028076172
f 465/789/465 500/735/500 471/738/471
f 586/743/586 555/781/555 720/783/720
vt 0.6715149879455566 0.3966000080108643
vt 0.6865720152854919 0.4067690074443817
f 843/790/843 860/788/860 853/791/853
vt 0.6672570109367371 0.3818759918212891
f 572/775/572 610/792/610 589/776/589
vt 0.6865720152854919 0.3911780118942261
f 843/793/843 867/789/867 860/738/860
vt 0.6758530139923096 0.3887310028076172
f 363/742/363 367/741/367 360/794/360
f 339/777/339 776/735/776 762/789/762
f 61/741/61 114/792/114 158/794/158
vt 0.6047270298004150 0.3834939897060394
f 894/773/894 411/776/411 881/795/881
f 894/740/894 881/795/881 411/776/411
vt 0.5976089835166931 0.3919300138950348
f 843/796/843 738/740/738 867/739/867
f 413/795/413 389/740/389 414/796/414
f 805/776/805 844/741/844 855/740/855
f 805/741/805 855/776/855 844/792/844
f 784/793/784 796/790/796 768/794/768
f 374/794/374 738/790/738 760/742/760
vt 0.6654919981956482 0.4067690074443817
f 69/742/69 25/790/25 20/797/20
vt 0.6444110274314880 0.4067690074443817
f 419/797/419 334/798/334 386/742/386
f 174/790/174 59/791/59 154/797/154
f 408/790/408 686/793/686 891/738/891
vt 0.6233299970626831 0.4067690074443817
f 788/799/788 359/742/359 801/798/801
vt 0.5898259878158569 0.3997530043125153
f 439/796/439 493/739/493 510/800/510
vt 0.6022499799728394 0.4067690074443817
f 791/801/791 344/800/344 788/739/788
f 366/739/366 788/799/788 801/801/801
vt 0.5811690092086792 0.4067690074443817
f 899/800/899 874/801/874 905/802/905
f 754/799/754 353/739/353 862/742/862
f 458/738/458 499/788/499 480/790/480
f 536/733/536 663/759/663 688/734/688
vt 0.3458159863948822 0.2526020109653473
vt 0.3581950068473816 0.2526020109653473
vt 0.3581950068473816 0.2357279956340790
f 688/803/688 395/804/395 494/805/494
vt 0.3458159863948822 0.2357279956340790
f 542/805/542 698/806/698 697/803/697
vt 0.3351950049400330 0.2526020109653473
f 542/806/542 697/807/697 698/803/698
vt 0.3458159863948822 0.2694349884986877
vt 0.3581950068473816 0.2694349884986877
f 108/808/108 150/809/150 263/804/263
f 841/804/841 853/803/853 851/808/851
vt 0.3351950049400330 0.2694349884986877
f 859/810/859 853/808/853 860/803/860
f 859/803/859 866/807/866 748/810/748
vt 0.3241879940032959 0.2694349884986877
f 265/811/265 327/810/327 313/807/313
vt 0.3241879940032959 0.2526020109653473
f 763/807/763 621/812/621 492/811/492
vt 0.3458159863948822 0.2862679958343506
vt 0.3581950068473816 0.2862679958343506
f 503/813/503 467/814/467 460/809/460
f 369/809/369 381/808/381 363/813/363
vt 0.3351950049400330 0.2862679958343506
f 230/815/230 19/813/19 281/808/281
f 7/808/7 230/810/230 40/815/40
vt 0.3241879940032959 0.2862679958343506
f 717/816/717 618/815/618 722/810/722
f 415/810/415 390/811/390 438/816/438
vt 0.3131810128688812 0.2862679958343506
f 669/817/669 404/816/404 670/811/670
vt 0.3131810128688812 0.2694349884986877
f 605/811/605 631/818/631 642/817/642
vt 0.3458159863948822 0.3031010031700134
vt 0.3581950068473816 0.3031010031700134
f 749/819/749 860/820/860 867/814/867
f 808/814/808 809/813/809 818/819/818
vt 0.3351950049400330 0.3031010031700134
f 370/821/370 798/819/798 778/813/778
f 842/813/842 851/815/851 853/821/853
vt 0.3241879940032959 0.3031010031700134
f 374/822/374 342/821/342 867/815/867
f 821/815/821 812/816/812 830/822/830
vt 0.3638150095939636 0.2073010057210922
vt 0.3703689873218536 0.2146160006523132
vt 0.3703689873218536 0.2014520019292831
f 229/823/229 282/824/282 6/825/6
vt 0.3572329878807068 0.2131070047616959
f 46/826/46 101/824/101 181/823/181
vt 0.3506030142307281 0.2188179939985275
f 397/826/397 672/827/672 401/805/401
vt 0.3438650071620941 0.2244089990854263
f 374/827/374 366/828/366 358/806/358
vt 0.3703689873218536 0.2277809977531433
f 889/824/889 386/826/386 385/829/385
vt 0.3703689873218536 0.2409459948539734
f 740/805/740 739/830/739 727/829/727
f 845/830/845 727/805/727 726/804/726
vt 0.3703689873218536 0.2541109919548035
f 800/804/800 801/831/801 787/830/787
f 823/805/823 812/827/812 362/806/362
f 365/831/365 342/804/342 373/809/373
vt 0.3703689873218536 0.2672759890556335
f 130/809/130 277/832/277 301/831/301
f 548/829/548 551/826/551 550/805/550
vt 0.3398050069808960 0.2278980016708374
f 90/833/90 304/806/304 309/828/309
vt 0.3322800099849701 0.2353799939155579
vt 0.3359569907188416 0.2315649986267090
f 482/834/482 502/807/502 518/835/518
vt 0.3287360072135925 0.2393079996109009
f 765/807/765 361/834/361 377/836/377
vt 0.3252939879894257 0.2433259934186935
f 335/837/335 413/807/413 822/836/822
vt 0.3219400048255920 0.2474219948053360
f 340/812/340 430/837/430 439/838/439
f 506/835/506 454/806/454 462/833/462
vt 0.3186599910259247 0.2515839934349060
f 554/839/554 545/812/545 631/838/631
f 344/807/344 375/837/375 371/812/371
vt 0.3154380023479462 0.2558009922504425
f 804/840/804 377/811/377 778/812/778
f 485/840/485 504/812/504 704/839/704
vt 0.3122690021991730 0.2600530087947845
f 623/818/623 607/840/607 553/841/553
vt 0.3091520071029663 0.2643240094184875
f 883/818/883 874/841/874 899/842/899
vt 0.3060790002346039 0.2686100006103516
f 876/843/876 900/818/900 882/842/882
f 892/835/892 336/807/336 437/806/437
vt 0.3703689873218536 0.2804400026798248
f 861/814/861 360/844/360 729/832/729
f 658/832/658 628/809/628 632/814/632
vt 0.3703689873218536 0.2936049997806549
f 766/845/766 551/844/551 547/814/547
vt 0.3703689873218536 0.3067699968814850
f 372/820/372 341/846/341 773/845/773
f 372/845/372 773/814/773 341/820/341
vt 0.3491919934749603 0.3174310028553009
f 62/847/62 132/820/132 61/819/61
vt 0.3597150146961212 0.3192969858646393
vt 0.3703689873218536 0.3199349939823151
f 521/848/521 450/849/450 700/846/700
f 32/820/32 9/847/9 276/848/276
vt 0.3388940095901489 0.3144930005073547
vt 0.3289090096950531 0.3106870055198669
f 485/850/485 505/821/505 504/851/504
f 485/819/485 441/821/441 461/850/461
f 309/819/309 304/850/304 83/847/83
f 702/848/702 394/846/394 676/820/676
f 744/851/744 742/821/742 730/822/730
vt 0.3030439913272858 0.2729060053825378
f 753/852/753 651/817/651 639/843/639
f 40/840/40 229/818/229 228/811/228
vt 0.3000420033931732 0.2772080004215240
f 374/817/374 358/852/358 342/853/342
vt 0.3003120124340057 0.2957539856433868
vt 0.2970649898052216 0.2815119922161102
f 809/854/809 470/853/470 835/855/835
vt 0.2941080033779144 0.2858150005340576
vt 0.2957209944725037 0.2929570078849792
f 279/856/279 86/857/86 306/855/306
f 613/818/613 652/843/652 581/817/581
vt 0.3191219866275787 0.3061650097370148
f 550/817/550 619/858/619 713/816/713
f 180/822/180 66/816/66 192/858/192
f 10/851/10 224/822/224 33/858/33
vt 0.3096179962158203 0.3011449873447418
f 485/859/485 704/858/704 441/817/441
vt 0.2911660075187683 0.2901110053062439
f 38/860/38 40/857/40 228/856/228
f 763/854/763 789/855/789 802/857/802
f 751/817/751 755/854/755 752/859/752
f 184/854/184 49/817/49 189/853/189
vt 0.3501119911670685 0.1621740013360977
vt 0.3501119911670685 0.1430010050535202
vt 0.3204579949378967 0.1430010050535202
f 351/861/351 749/862/749 866/863/866
vt 0.3204579949378967 0.1621740013360977
f 419/863/419 425/864/425 795/861/795
vt 0.2936570048332214 0.1429789960384369
vt 0.2918039858341217 0.1327040046453476
f 503/865/503 504/863/504 483/866/483
vt 0.2911660075187683 0.1222480013966560
vt 0.3148629963397980 0.1222480013966560
f 194/867/194 5/866/5 1/868/1
vt 0.2966099977493286 0.1531420052051544
f 409/865/409 396/869/396 689/863/689
vt 0.3004249930381775 0.1629659980535507
f 687/870/687 493/864/493 511/869/511
f 687/863/687 511/869/511 493/864/493
vt 0.3467299938201904 0.1823669970035553
vt 0.3099749982357025 0.1819099932909012
f 503/871/503 484/864/484 504/872/504
f 872/868/872 874/866/874 901/863/901
vt 0.3049440085887909 0.1725610047578812
f 503/873/503 483/872/483 467/864/467
f 703/864/703 524/870/524 704/873/704
vt 0.3295750021934509 0.1942059993743896
vt 0.3381640017032623 0.1883489936590195
vt 0.3153510093688965 0.1910170018672943
f 276/874/276 9/875/9 282/876/282
f 32/872/32 276/876/276 287/875/287
vt 0.3209899961948395 0.1999869942665100
f 416/876/416 389/877/389 388/874/388
f 755/872/755 735/875/735 736/871/736
f 212/868/212 236/863/236 35/862/35
vt 0.3385590016841888 0.1222480013966560
f 594/862/594 640/878/640 593/868/593
vt 0.3622559905052185 0.1222480013966560
f 524/879/524 676/878/676 704/862/704
vt 0.3922820091247559 0.1416489928960800
vt 0.3859530091285706 0.1222480013966560
f 554/880/554 720/881/720 566/879/566
vt 0.4038000106811523 0.1286810040473938
vt 0.4096490144729614 0.1222480013966560
f 720/881/720 555/882/555 723/883/723
vt 0.3979940116405487 0.1351410001516342
f 505/881/505 522/880/522 504/884/504
f 789/881/789 378/884/378 795/882/795
f 48/880/48 145/879/145 181/862/181
f 12/861/12 9/864/9 32/871/32
vt 0.3636220097541809 0.1698260009288788
vt 0.3552429974079132 0.1762059926986694
f 888/885/888 417/861/417 338/886/338
f 893/861/893 898/871/898 409/886/409
vt 0.3795099854469299 0.1560360044240952
f 144/887/144 179/862/179 118/861/118
vt 0.3717480003833771 0.1631499975919724
f 401/861/401 456/888/456 402/887/402
f 893/888/893 409/861/409 417/885/417
vt 0.3866919875144958 0.1482619941234589
f 409/887/409 898/889/898 396/862/396
f 747/889/747 864/880/864 748/862/748
vt 0.3423160016536713 0.0671439990401268
vt 0.3423160016536713 0.0549950003623962
vt 0.3254419863224030 0.0549950003623962
f 888/890/888 893/891/893 417/892/417
vt 0.3254419863224030 0.0671439990401268
f 847/892/847 745/893/745 733/890/733
vt 0.3423160016536713 0.0775690004229546
f 598/893/598 608/894/608 577/890/577
vt 0.3591490089893341 0.0671439990401268
vt 0.3591490089893341 0.0549950003623962
f 423/895/423 378/896/378 418/891/418
f 459/891/459 399/890/399 693/895/693
vt 0.3591490089893341 0.0775690004229546
f 837/897/837 483/895/483 522/890/522
f 634/890/634 716/894/716 650/897/650
vt 0.3591490089893341 0.0883719995617867
f 178/898/178 43/897/43 46/894/46
vt 0.3423160016536713 0.0883719995617867
f 376/894/376 367/899/367 363/898/363
vt 0.3759829998016357 0.0671439990401268
vt 0.3759829998016357 0.0549950003623962
f 634/900/634 650/901/650 633/896/633
f 715/896/715 634/895/634 633/900/633
vt 0.3759829998016357 0.0775690004229546
f 355/902/355 755/900/755 856/895/856
f 816/895/816 839/897/839 838/902/838
vt 0.3759829998016357 0.0883719995617867
f 95/903/95 312/902/312 206/897/206
f 478/897/478 457/898/457 500/903/500
vt 0.3759829998016357 0.0991759970784187
f 893/904/893 743/903/743 780/898/780
vt 0.3591490089893341 0.0991759970784187
f 527/898/527 396/905/396 680/904/680
vt 0.3928160071372986 0.0671439990401268
vt 0.3928160071372986 0.0549950003623962
f 622/906/622 566/907/566 607/901/607
f 443/901/443 442/900/442 525/906/525
vt 0.3928160071372986 0.0775690004229546
f 527/908/527 680/906/680 464/900/464
f 50/900/50 75/902/75 185/908/185
vt 0.3928160071372986 0.0883719995617867
f 446/909/446 529/908/529 681/902/681
f 529/902/529 708/903/708 681/909/681
vt 0.2970150113105774 0.0494779981672764
vt 0.3043310046195984 0.0430449992418289
vt 0.2911660075187683 0.0430449992418289
f 529/910/529 447/911/447 709/912/709
vt 0.3028219938278198 0.0559380017220974
f 310/913/310 205/911/205 259/910/259
vt 0.3085330128669739 0.0624459981918335
f 863/913/863 849/914/849 349/892/349
vt 0.3141230046749115 0.0690589994192123
f 530/914/530 508/915/508 471/893/471
vt 0.3174960017204285 0.0430449992418289
f 64/911/64 194/913/194 1/916/1
vt 0.3306599855422974 0.0430449992418289
f 681/892/681 530/917/530 471/916/471
f 255/917/255 214/892/214 238/891/238
vt 0.3438250124454498 0.0430449992418289
f 401/891/401 402/918/402 457/917/457
f 705/892/705 526/914/526 539/893/539
f 446/918/446 447/891/447 529/896/529
vt 0.3569900095462799 0.0430449992418289
f 446/896/446 711/919/711 532/918/532
f 280/916/280 90/913/90 285/892/285
vt 0.3176119923591614 0.0730440020561218
f 540/920/540 517/893/517 382/915/382
vt 0.3250940144062042 0.0804300010204315
vt 0.3212800025939941 0.0768209993839264
f 845/921/845 638/894/638 637/922/637
vt 0.3290230035781860 0.0839089974761009
f 80/894/80 77/921/77 163/923/163
vt 0.3330410122871399 0.0872870013117790
f 850/924/850 728/894/728 739/923/739
vt 0.3371360003948212 0.0905779972672462
f 447/899/447 532/924/532 710/925/710
f 637/922/637 597/893/597 750/920/750
vt 0.3412980139255524 0.0937979966402054
f 772/926/772 757/899/757 346/925/346
f 266/894/266 305/924/305 318/899/318
vt 0.3455150127410889 0.0969609990715981
f 237/927/237 38/898/38 228/899/228
f 124/927/124 135/899/135 17/926/17
vt 0.3497669994831085 0.1000709980726242
f 564/905/564 649/927/649 656/928/656
vt 0.3540380001068115 0.1031310036778450
f 529/905/529 709/928/709 530/929/530
vt 0.3583239912986755 0.1061460003256798
f 811/930/811 411/905/411 436/929/436
f 836/922/836 884/894/884 813/893/813
vt 0.3701550066471100 0.0430449992418289
f 681/901/681 708/931/708 530/919/530
f 683/919/683 446/896/446 681/901/681
vt 0.3833200037479401 0.0430449992418289
f 717/932/717 722/931/722 615/901/615
vt 0.3964839875698090 0.0430449992418289
f 890/907/890 711/933/711 906/932/906
f 185/932/185 60/901/60 54/907/54
vt 0.4071579873561859 0.0637760013341904
f 669/934/669 670/907/670 403/906/403
vt 0.4090110063552856 0.0535009987652302
vt 0.4096490144729614 0.0430449992418289
f 105/935/105 15/936/15 123/933/123
f 404/907/404 695/934/695 670/935/670
vt 0.4042049944400787 0.0739390030503273
vt 0.4003910124301910 0.0837630033493042
f 694/937/694 540/908/540 695/938/695
f 116/906/116 115/908/115 160/937/160
f 222/906/222 219/937/219 242/934/242
f 23/935/23 270/933/270 275/907/275
f 534/938/534 444/908/444 903/909/903
vt 0.3669230043888092 0.1120719984173775
vt 0.3626199960708618 0.1091250032186508
f 465/939/465 497/904/497 515/940/515
f 123/940/123 115/904/115 70/930/70
f 669/905/669 532/930/532 711/904/711
f 694/927/694 671/905/671 480/898/480
vt 0.3712269961833954 0.1149939969182014
vt 0.3854640126228333 0.1118139997124672
f 506/941/506 650/942/650 577/939/577
vt 0.3755289912223816 0.1178959980607033
f 907/942/907 522/941/522 832/943/832
vt 0.3958710134029388 0.0933580026030540
f 671/944/671 405/909/405 402/903/402
f 683/938/683 681/909/681 448/944/448
f 886/904/886 386/944/386 334/903/334
f 416/904/416 388/939/388 896/942/896
vt 0.3798249959945679 0.1207839995622635
f 712/945/712 508/942/508 531/943/531
vt 0.3908399939537048 0.1027069985866547
f 391/904/391 803/942/803 792/946/792
f 489/946/489 471/944/471 508/904/508
vt 0.3296920061111450 0.9070860147476196
vt 0.3492259979248047 0.9070860147476196
vt 0.3492259979248047 0.8774319887161255
f 654/947/654 714/948/714 629/949/629
vt 0.3296920061111450 0.8774319887161255
f 606/949/606 575/950/575 585/947/585
vt 0.3491190075874329 0.8506609797477722
vt 0.3596920073032379 0.8487830162048340
f 855/951/855 844/949/844 731/952/731
vt 0.3703689873218536 0.8481400012969971
vt 0.3703689873218536 0.8718360066413879
f 683/953/683 711/952/711 446/954/446
vt 0.3387700021266937 0.8536270260810852
f 541/951/541 681/955/681 471/949/471
vt 0.3287360072135925 0.8574609756469727
f 95/956/95 93/950/93 312/955/312
f 465/949/465 515/955/515 500/950/500
vt 0.3091169893741608 0.9037039875984192
vt 0.3096010088920593 0.8669379949569702
f 521/957/521 706/950/706 443/958/443
f 464/954/464 693/952/693 634/949/634
vt 0.3190590143203735 0.8619400262832642
f 696/959/696 457/958/457 402/950/402
f 719/950/719 550/956/550 718/959/718
vt 0.2970559895038605 0.8865489959716797
vt 0.3030230104923248 0.8951380252838135
vt 0.3003030121326447 0.8723260164260864
f 49/960/49 70/961/70 148/962/148
f 594/958/594 584/962/584 655/961/655
vt 0.2911660075187683 0.8779640197753906
f 448/962/448 681/963/681 541/960/541
f 481/958/481 456/961/456 402/957/402
f 481/954/481 402/949/402 456/948/456
vt 0.3703689873218536 0.8955330252647400
f 120/948/120 109/964/109 128/954/128
vt 0.3703689873218536 0.9192299842834473
f 382/965/382 686/964/686 408/948/408
vt 0.3506030142307281 0.9492560029029846
vt 0.3703689873218536 0.9429259896278381
f 541/966/541 500/967/500 696/965/696
vt 0.3638150095939636 0.9607740044593811
vt 0.3703689873218536 0.9666230082511902
f 500/967/500 457/968/457 696/969/696
vt 0.3572329878807068 0.9549670219421387
f 541/967/541 471/966/471 500/970/500
f 895/967/895 669/970/669 890/968/890
f 202/966/202 92/965/92 310/948/310
f 481/947/481 401/950/401 697/957/697
vt 0.3218950033187866 0.9205960035324097
vt 0.3153949975967407 0.9122160077095032
f 256/971/256 202/947/202 310/972/310
f 669/947/669 710/957/710 532/972/532
vt 0.3359450101852417 0.9364839792251587
f 623/973/623 546/948/546 622/947/622
vt 0.3286969959735870 0.9287220239639282
f 380/947/380 347/974/347 612/973/612
f 658/974/658 599/947/599 637/971/637
vt 0.3438650071620941 0.9436659812927246
f 566/973/566 720/975/720 580/948/580
f 380/975/380 588/966/588 767/948/767
vt 0.7463319897651672 0.1898429989814758
vt 0.7541890144348145 0.1865379959344864
vt 0.7086020112037659 0.1865379959344864
f 784/976/784 785/977/785 783/978/783
vt 0.6630160212516785 0.1865379959344864
vt 0.6806709766387939 0.1999869942665100
vt 0.7017520070075989 0.1999869942665100
f 602/979/602 601/980/601 559/981/559
f 796/981/796 806/978/806 618/979/618
vt 0.6174290180206299 0.1865379959344864
vt 0.6385099887847900 0.1999869942665100
vt 0.6595900058746338 0.1999869942665100
f 784/982/784 807/983/807 785/984/785
f 434/984/434 785/979/785 433/982/433
vt 0.7384819984436035 0.1931699961423874
f 513/976/513 469/978/469 506/985/506
vt 0.5718430280685425 0.1865379959344864
vt 0.5752679705619812 0.1999869942665100
vt 0.5963490009307861 0.1999869942665100
f 784/986/784 768/987/768 807/988/807
f 272/988/272 305/982/305 266/986/266
vt 0.5331069827079773 0.1999869942665100
vt 0.5262560248374939 0.1865379959344864
vt 0.5042120218276978 0.1965419948101044
f 761/989/761 362/990/362 378/991/378
vt 0.4885259866714478 0.1898429989814758
vt 0.4806689918041229 0.1865379959344864
f 885/992/885 823/990/823 699/993/699
vt 0.4963760077953339 0.1931699961423874
f 565/990/565 607/992/607 581/994/581
f 328/990/328 326/994/326 286/991/286
vt 0.5541869997978210 0.1999869942665100
f 461/990/461 688/989/688 494/995/494
f 643/995/643 565/986/565 652/990/652
vt 0.7306460142135620 0.1965419948101044
f 791/978/791 799/996/799 760/985/760
vt 0.7228320240974426 0.1999869942665100
f 537/981/537 612/997/612 347/996/347
f 589/980/589 588/979/588 612/984/612
vt 0.6174290180206299 0.1999869942665100
f 689/982/689 589/998/589 612/983/612
f 373/998/373 341/982/341 372/988/372
vt 0.5120260119438171 0.1999869942665100
f 722/989/722 588/991/588 567/999/567
f 433/987/433 785/986/785 422/995/422
f 343/978/343 376/981/376 792/996/792
vt 0.5592290163040161 0.2538889944553375
vt 0.5592290163040161 0.2749699950218201
vt 0.5729539990425110 0.2470380067825317
f 717/1000/717 796/1001/796 618/1002/618
vt 0.5592290163040161 0.2960500121116638
vt 0.5729539990425110 0.2926250100135803
f 842/1001/842 748/1003/748 865/1004/865
vt 0.5592290163040161 0.3171310126781464
vt 0.5592290163040161 0.3382109999656677
vt 0.5729539990425110 0.3382109999656677
f 796/1005/796 786/1006/786 768/1007/768
vt 0.5592290163040161 0.3592920005321503
f 743/1006/743 854/1008/854 744/1007/744
f 796/1004/796 769/1003/769 786/1005/786
vt 0.5592290163040161 0.3803719878196716
vt 0.5592290163040161 0.4014529883861542
vt 0.5729539990425110 0.3837980031967163
f 541/1009/541 696/1010/696 385/1011/385
vt 0.5592290163040161 0.4225339889526367
vt 0.5729539990425110 0.4293839931488037
f 845/1010/845 846/1012/846 635/1013/635
vt 0.5592290163040161 0.4436140060424805
vt 0.5627440214157104 0.4514279961585999
f 789/1014/789 795/1015/795 782/1012/782
f 846/1012/846 847/1015/847 635/1013/635
f 213/1008/213 239/1009/239 216/1011/216
vt 0.5627440214157104 0.2249940037727356
vt 0.5592290163040161 0.2328079938888550
f 846/1016/846 732/1017/732 847/1000/847
vt 0.5695819854736328 0.2093079984188080
vt 0.5661860108375549 0.2171590030193329
f 847/1002/847 753/1018/753 639/1019/639
f 847/1002/847 733/1019/733 753/1016/753
vt 0.5729539990425110 0.2014520019292831
f 835/1018/835 836/1002/836 831/1020/831
f 439/1002/439 517/1001/517 499/1004/499
f 845/1005/845 726/1007/726 846/1004/846
vt 0.5661860108375549 0.4592640101909637
vt 0.5695819854736328 0.4671140015125275
f 190/1013/190 189/1021/189 111/1022/111
f 190/1011/190 226/1007/226 233/1008/233
f 687/1013/687 510/1011/510 493/1010/493
f 845/1015/845 637/1021/637 750/1013/750
vt 0.5729539990425110 0.4749709963798523
f 659/1022/659 356/1023/356 644/1013/644
f 847/1000/847 639/1002/639 635/1016/635
vt 0.4671219885349274 0.3542450070381165
vt 0.4880839884281158 0.3542450070381165
vt 0.4880839884281158 0.3492859899997711
f 882/1024/882 874/1025/874 872/1026/872
vt 0.4671219885349274 0.3492859899997711
f 639/1026/639 638/1027/638 635/1024/635
vt 0.4880839884281158 0.3443270027637482
f 606/1027/606 569/1026/569 665/1028/665
vt 0.4671219885349274 0.3443270027637482
f 835/1028/835 490/1029/490 509/1027/509
vt 0.4671219885349274 0.3637889921665192
vt 0.4880839884281158 0.3637889921665192
vt 0.4880839884281158 0.3590170145034790
f 782/1030/782 795/1031/795 379/1032/379
vt 0.4671219885349274 0.3590170145034790
f 809/1032/809 831/1033/831 818/1030/818
f 452/1033/452 475/1032/475 395/1025/395
f 542/1025/542 672/1024/672 397/1033/397
vt 0.4671219885349274 0.4791130125522614
vt 0.4880839884281158 0.4791130125522614
vt 0.4880839884281158 0.4743410050868988
f 809/1034/809 835/1035/835 831/1036/831
vt 0.4671219885349274 0.4743410050868988
f 554/1036/554 566/1037/566 622/1034/622
vt 0.4671219885349274 0.4695689976215363
f 835/1036/835 509/1038/509 836/1037/836
vt 0.4671219885349274 0.4886020123958588
vt 0.4880839884281158 0.4886020123958588
vt 0.4880839884281158 0.4838570058345795
f 836/1039/836 509/1040/509 491/1041/491
vt 0.4671219885349274 0.4838570058345795
f 98/1041/98 139/1042/139 44/1039/44
f 120/1042/120 128/1041/128 110/1035/110
f 889/1035/889 385/1034/385 886/1042/886
vt 0.4671219885349274 0.4980919957160950
vt 0.4880839884281158 0.4980919957160950
vt 0.4880839884281158 0.4933469891548157
f 119/1043/119 128/1044/128 109/1045/109
vt 0.4671219885349274 0.4933469891548157
f 373/1045/373 358/1046/358 759/1043/759
f 818/1046/818 824/1045/824 834/1040/834
f 176/1040/176 43/1039/43 178/1046/178
vt 0.5090460181236267 0.3443270027637482
f 102/1047/102 145/1028/145 48/1026/48
vt 0.5085989832878113 0.3496370017528534
f 818/1048/818 831/1047/831 824/1026/824
vt 0.5073500275611877 0.3548009991645813
f 325/1049/325 163/1048/163 297/1025/297
f 831/1049/831 836/1025/836 813/1032/813
f 836/1025/836 684/1048/684 884/1026/884
vt 0.5031049847602844 0.3645170032978058
f 834/1032/834 824/1050/824 825/1049/825
vt 0.4976019859313965 0.3735870122909546
f 824/1051/824 814/1050/814 825/1031/825
f 570/1032/570 579/1031/579 557/1050/557
f 490/1030/490 470/1051/470 712/1031/712
vt 0.4671219885349274 0.3827680051326752
vt 0.4916979968547821 0.3824090063571930
f 624/1051/624 562/1052/562 572/1053/572
vt 0.4859859943389893 0.3913669884204865
f 428/1054/428 431/1053/431 512/1052/512
vt 0.4766240119934082 0.4160250127315521
vt 0.4775660037994385 0.4108110070228577
vt 0.4671219885349274 0.4117200076580048
f 836/1055/836 491/1056/491 709/1057/709
vt 0.4810430109500885 0.4007700085639954
vt 0.4671219885349274 0.4022299945354462
f 63/1056/63 62/1058/62 13/1059/13
vt 0.4671219885349274 0.3926860094070435
f 162/1060/162 161/1058/161 117/1054/117
vt 0.4763100147247314 0.4213199913501740
vt 0.4671219885349274 0.4212090075016022
f 758/1061/758 775/1055/775 787/1062/787
vt 0.4251970052719116 0.3553099930286407
f 684/1063/684 449/1024/449 875/1027/875
vt 0.4251970052719116 0.3662930130958557
f 813/1064/813 884/1030/884 826/1033/826
f 746/1063/746 739/1033/739 740/1024/740
vt 0.4251970052719116 0.3443270027637482
f 393/1027/393 891/1065/891 686/1063/686
vt 0.4251970052719116 0.3772760033607483
f 339/1066/339 790/1052/790 426/1030/426
f 516/1030/516 426/1064/426 427/1066/427
f 421/1064/421 790/1033/790 763/1063/763
f 426/1051/426 421/1030/421 428/1052/428
f 888/1029/888 792/1065/792 793/1027/793
vt 0.4251970052719116 0.3882600069046021
f 781/1067/781 551/1060/551 766/1052/766
f 340/1054/340 439/1052/439 499/1060/499
vt 0.4251970052719116 0.3992429971694946
vt 0.4251970052719116 0.4102259874343872
f 472/1059/472 668/1068/668 451/1069/451
f 339/1069/339 762/1057/762 790/1059/790
f 266/1056/266 318/1059/318 290/1057/290
f 542/1059/542 609/1058/609 776/1060/776
f 698/1060/698 587/1067/587 609/1068/609
f 339/1068/339 542/1059/542 776/1060/776
vt 0.4251970052719116 0.4212090075016022
f 354/1070/354 353/1062/353 754/1057/754
f 816/1057/816 809/1069/809 828/1070/828
vt 0.4251970052719116 0.4321919977664948
f 516/1062/516 458/1070/458 481/1071/481
vt 0.4671219885349274 0.4311270117759705
f 458/1071/458 480/1072/480 456/1062/456
f 359/1062/359 371/1055/371 383/1057/383
f 516/1066/516 501/1067/501 339/1052/339
vt 0.4766519963741302 0.4266169965267181
f 693/1073/693 399/1061/399 634/1062/634
vt 0.4976249933242798 0.4688670039176941
vt 0.4917289912700653 0.4600560069084167
f 516/1074/516 481/1075/481 501/1038/501
vt 0.5031319856643677 0.4779520034790039
f 339/1035/339 501/1076/501 697/1036/697
f 339/1074/339 697/1036/697 542/1076/542
vt 0.4671219885349274 0.4596500098705292
vt 0.4860430061817169 0.4511469900608063
f 682/1077/682 878/1075/878 674/1078/674
vt 0.4776139855384827 0.4318050146102905
f 253/1079/253 38/1073/38 237/1072/237
vt 0.4811190068721771 0.4418169856071472
vt 0.4671219885349274 0.4501610100269318
f 289/1078/289 303/1080/303 91/1081/91
vt 0.4671219885349274 0.4406720101833344
f 275/1079/275 270/1082/270 283/1080/283
f 624/1036/624 719/1074/719 718/1038/718
vt 0.5073670148849487 0.4876709878444672
vt 0.5054789781570435 0.4827080070972443
f 364/1083/364 558/1084/558 636/1041/636
vt 0.5086110234260559 0.4928280115127563
f 576/1040/576 556/1085/556 564/1083/564
vt 0.5090460181236267 0.4980919957160950
f 731/1085/731 752/1045/752 755/1086/755
f 632/1084/632 548/1035/548 713/1041/713
f 441/1085/441 688/1040/688 461/1045/461
f 719/1086/719 632/1045/632 713/1044/713
f 697/1040/697 401/1083/401 672/1041/672
f 658/1076/658 644/1035/644 599/1084/599
vt 0.4251970052719116 0.4431760013103485
f 832/1072/832 505/1071/505 901/1087/901
f 313/1087/313 298/1082/298 93/1072/93
f 658/1079/658 544/1072/544 628/1082/628
vt 0.4251970052719116 0.4541589915752411
f 180/1088/180 78/1077/78 164/1081/164
f 537/1078/537 347/1081/347 384/1077/384
f 624/1081/624 718/1080/718 562/1082/562
f 719/1082/719 713/1087/713 619/1088/619
f 107/1088/107 101/1081/101 144/1082/144
vt 0.4251970052719116 0.4651420116424561
f 679/1088/679 712/1089/712 470/1077/470
vt 0.4251970052719116 0.4761250019073486
f 632/1090/632 628/1037/628 548/1038/548
f 895/1038/895 404/1089/404 669/1090/669
f 301/1038/301 300/1077/300 314/1089/314
f 500/1038/500 515/1075/515 497/1077/497
f 465/1090/465 471/1034/471 463/1037/463
vt 0.4251970052719116 0.4871079921722412
f 542/1091/542 697/1039/697 672/1042/672
f 346/1090/346 603/1042/603 552/1034/552
f 35/1091/35 28/1042/28 227/1090/227
vt 0.4251970052719116 0.4980919957160950
f 542/1092/542 397/1043/397 698/1046/698
f 695/1092/695 408/1046/408 891/1039/891
f 845/1039/845 635/1091/635 638/1092/638
f 698/1073/698 397/1062/397 587/1072/587
vt 0.3330900073051453 0.4117200076580048
vt 0.3540529906749725 0.4117200076580048
vt 0.3540529906749725 0.4069750010967255
f 534/1093/534 521/1094/521 443/1095/443
vt 0.3330900073051453 0.4069750010967255
f 478/1095/478 500/1096/500 497/1093/497
vt 0.3540529906749725 0.4022299945354462
f 707/1096/707 463/1095/463 489/1097/489
vt 0.3330900073051453 0.4022299945354462
f 884/1097/884 875/1098/875 826/1096/826
vt 0.3330900073051453 0.4212090075016022
vt 0.3540529906749725 0.4212090075016022
vt 0.3540529906749725 0.4164650142192841
f 369/1099/369 348/1100/348 381/1101/381
vt 0.3330900073051453 0.4164650142192841
f 369/1101/369 354/1102/354 348/1099/348
f 291/1102/291 11/1101/11 221/1094/221
f 590/1094/590 869/1093/869 659/1102/659
vt 0.3330900073051453 0.4311270117759705
vt 0.3540529906749725 0.4311270117759705
vt 0.3540529906749725 0.4261679947376251
f 369/1103/369 363/1104/363 360/1105/360
vt 0.3330900073051453 0.4261679947376251
f 370/1105/370 345/1106/345 376/1103/376
f 831/1106/831 813/1105/813 824/1100/824
f 834/1100/834 825/1099/825 829/1106/829
vt 0.3330900073051453 0.4406720101833344
vt 0.3540529906749725 0.4406720101833344
vt 0.3540529906749725 0.4358989894390106
f 584/1107/584 602/1108/602 381/1109/381
vt 0.3330900073051453 0.4358989894390106
f 370/1109/370 381/1110/381 560/1107/560
f 602/1110/602 560/1109/560 381/1104/381
f 37/1104/37 278/1103/278 273/1110/273
vt 0.3635970056056976 0.3919900059700012
vt 0.3576920032501221 0.3831650018692017
vt 0.3330900073051453 0.3926860094070435
f 419/1111/419 388/1112/388 425/1113/425
vt 0.3519920110702515 0.3742319941520691
vt 0.3330900073051453 0.3827680051326752
f 562/1112/562 573/1114/573 567/1115/567
vt 0.3330900073051453 0.3542450070381165
vt 0.3435660004615784 0.3548530042171478
vt 0.3422780036926270 0.3443270027637482
f 857/1116/857 858/1117/858 350/1118/350
vt 0.3450689911842346 0.3599080145359039
vt 0.3330900073051453 0.3732790052890778
f 348/1119/348 584/1116/584 381/1120/381
f 370/1119/370 560/1117/560 798/1116/798
vt 0.3470480144023895 0.3648450076580048
f 643/1120/643 657/1114/657 644/1121/644
vt 0.3691079914569855 0.4010820090770721
f 643/1111/643 644/1097/644 657/1122/657
f 528/1122/528 488/1097/488 649/1095/649
vt 0.3733449876308441 0.4108180105686188
f 798/1123/798 781/1122/781 794/1095/794
vt 0.3745859861373901 0.4159840047359467
f 756/1124/756 775/1123/775 770/1094/770
f 798/1123/798 560/1095/560 620/1094/620
vt 0.3750149905681610 0.4212760031223297
f 548/1101/548 628/1100/628 544/1125/544
f 798/1101/798 620/1124/620 781/1094/781
f 754/1125/754 862/1124/862 844/1101/844
f 734/1097/734 844/1111/844 805/1113/805
vt 0.2911660075187683 0.3443270027637482
vt 0.2911660075187683 0.3553099930286407
f 94/1116/94 299/1126/299 96/1127/96
vt 0.2911660075187683 0.3662930130958557
f 440/1116/440 701/1127/701 702/1128/702
f 369/1114/369 360/1120/360 861/1115/861
f 369/1116/369 861/1128/861 354/1120/354
vt 0.2911660075187683 0.3772760033607483
f 562/1115/562 567/1120/567 572/1129/572
f 465/1119/465 463/1120/463 497/1121/497
vt 0.2911660075187683 0.3882600069046021
f 734/1130/734 766/1113/766 547/1115/547
f 501/1115/501 481/1129/481 697/1130/697
f 734/1129/734 805/1120/805 766/1128/766
vt 0.2911660075187683 0.3992429971694946
f 8/1113/8 230/1130/230 7/1131/7
f 754/1131/754 734/1098/734 592/1113/592
f 579/1097/579 580/1113/580 626/1098/626
vt 0.2911660075187683 0.4102259874343872
f 751/1132/751 729/1093/729 852/1096/852
f 887/1131/887 388/1096/388 389/1098/389
f 754/1132/754 844/1096/844 734/1131/734
vt 0.2911660075187683 0.4212090075016022
f 337/1133/337 425/1102/425 437/1093/437
f 868/1093/868 754/1132/754 655/1133/655
f 348/1099/348 655/1102/655 584/1133/584
f 416/1113/416 890/1112/890 392/1115/392
vt 0.3745659887790680 0.4265519976615906
f 416/1134/416 414/1125/414 389/1105/389
f 843/1104/843 852/1134/852 724/1105/724
vt 0.3733150064945221 0.4316959977149963
f 890/1135/890 906/1134/906 392/1104/392
vt 0.3690640032291412 0.4414170086383820
f 896/1109/896 388/1108/388 412/1136/412
f 889/1109/889 886/1135/886 386/1104/386
f 817/1136/817 460/1135/460 839/1109/839
f 416/1099/416 392/1133/392 414/1106/414
vt 0.3635869920253754 0.4504440128803253
f 896/1107/896 386/1137/386 886/1108/886
vt 0.3576950132846832 0.4592489898204803
vt 0.3330900073051453 0.4596500098705292
f 69/1138/69 286/1137/286 25/1139/25
f 663/1137/663 452/1136/452 395/1108/395
vt 0.3470390141010284 0.4775930047035217
vt 0.3519859910011292 0.4681960046291351
vt 0.3330900073051453 0.4695689976215363
f 869/1140/869 356/1141/356 659/1142/659
vt 0.3426040112972260 0.4928149878978729
vt 0.3435580134391785 0.4875949919223785
vt 0.3330900073051453 0.4886020123958588
f 696/1143/696 886/1144/886 385/1145/385
vt 0.3330900073051453 0.4791130125522614
f 307/1144/307 320/1140/320 244/1146/244
f 896/1141/896 886/1138/886 405/1139/405
vt 0.3422780036926270 0.4980919957160950
vt 0.3330900073051453 0.4980919957160950
f 491/1147/491 509/1143/509 530/1148/530
vt 0.2911660075187683 0.4321919977664948
f 17/1149/17 135/1110/135 134/1103/134
f 896/1137/896 405/1107/405 404/1139/404
vt 0.2911660075187683 0.4431760013103485
vt 0.2911660075187683 0.4541589915752411
f 895/1107/895 896/1150/896 404/1151/404
f 131/1151/131 129/1139/129 137/1107/137
f 392/1150/392 876/1107/876 882/1110/882
f 254/1149/254 146/1103/146 203/1106/203
f 50/1106/50 185/1133/185 54/1149/54
f 906/1150/906 900/1110/900 876/1149/876
vt 0.2911660075187683 0.4651420116424561
f 906/1151/906 711/1152/711 683/1139/683
vt 0.2911660075187683 0.4761250019073486
f 906/1142/906 683/1152/683 877/1153/877
f 373/1153/373 773/1146/773 341/1142/341
f 890/1140/890 669/1142/669 711/1146/711
vt 0.2911660075187683 0.4871079921722412
vt 0.2911660075187683 0.4980919957160950
f 683/1145/683 448/1154/448 881/1155/881
f 541/1155/541 411/1148/411 881/1145/881
f 576/1143/576 596/1145/596 666/1148/666
f 472/1145/472 519/1144/519 455/1146/455
f 190/1146/190 155/1153/155 189/1154/189
f 877/1154/877 683/1145/683 881/1146/881
f 570/1139/570 557/1152/557 578/1142/578
f 557/1142/557 579/1141/579 626/1139/626
f 570/1105/570 578/1125/578 590/1100/590
vt 0.5003240108489990 0.8829349875450134
vt 0.4566839933395386 0.8829349875450134
vt 0.4566839933395386 0.8662089705467224
f 570/1156/570 590/1157/590 613/1158/613
vt 0.5003240108489990 0.8662089705467224
f 266/1158/266 290/1159/290 63/1156/63
vt 0.5003240108489990 0.8994290232658386
vt 0.4566839933395386 0.8994290232658386
f 590/1160/590 659/1161/659 613/1157/613
f 355/1157/355 870/1156/870 755/1160/755
vt 0.5417129993438721 0.8829349875450134
f 355/1162/355 856/1156/856 356/1159/356
vt 0.5417129993438721 0.8662089705467224
f 796/1159/796 767/1163/767 806/1162/806
vt 0.5417129993438721 0.8994290232658386
f 751/1164/751 863/1160/863 735/1156/735
f 487/1156/487 469/1162/469 477/1164/477
vt 0.5819810032844543 0.8829349875450134
f 784/1165/784 783/1162/783 767/1163/767
vt 0.5819810032844543 0.8662089705467224
f 754/1163/754 592/1166/592 655/1165/655
vt 0.5819810032844543 0.8994290232658386
f 751/1167/751 849/1164/849 863/1162/863
f 557/1162/557 611/1165/611 568/1167/568
vt 0.6222490072250366 0.8829349875450134
f 557/1168/557 693/1165/693 611/1166/611
vt 0.6222490072250366 0.8662089705467224
f 557/1166/557 568/1169/568 578/1168/578
vt 0.6222490072250366 0.8994290232658386
f 578/1170/578 568/1167/568 617/1165/617
f 107/1165/107 109/1168/109 152/1170/152
vt 0.6625170111656189 0.8829349875450134
f 18/1171/18 136/1168/136 20/1169/20
vt 0.6625170111656189 0.8662089705467224
f 590/1169/590 617/1172/617 721/1171/721
vt 0.6625170111656189 0.8994290232658386
f 499/1173/499 517/1170/517 540/1168/540
f 590/1168/590 780/1171/780 869/1173/869
vt 0.7027850151062012 0.8829349875450134
f 869/1174/869 780/1171/780 743/1172/743
vt 0.7027850151062012 0.8662089705467224
f 557/1172/557 626/1175/626 518/1174/518
vt 0.7027850151062012 0.8994290232658386
f 256/1176/256 91/1173/91 200/1171/200
f 557/1171/557 518/1174/518 502/1176/502
vt 0.7229189872741699 0.8662089705467224
vt 0.7027850151062012 0.8571739792823792
f 335/1177/335 822/1175/822 420/1178/420
vt 0.7229189872741699 0.8571739792823792
f 766/1178/766 779/1179/779 764/1177/764
vt 0.4122950136661530 0.8650850057601929
vt 0.4122950136661530 0.8481400012969971
vt 0.4423640072345734 0.8481400012969971
f 518/1180/518 627/1181/627 519/1182/519
vt 0.4724330008029938 0.8481400012969971
f 626/1158/626 723/1182/723 627/1183/627
vt 0.4122950136661530 0.8820310235023499
f 613/1184/613 659/1180/659 652/1158/652
f 743/1158/743 744/1157/744 870/1184/870
f 555/1182/555 556/1158/556 627/1180/627
f 89/1159/89 250/1158/250 294/1183/294
vt 0.5025020241737366 0.8481400012969971
f 869/1183/869 743/1185/743 870/1159/870
vt 0.5325710177421570 0.8481400012969971
f 571/1185/571 636/1186/636 558/1163/558
f 744/1163/744 731/1159/731 755/1185/755
vt 0.5626400113105774 0.8481400012969971
f 149/1163/149 144/1186/144 118/1187/118
f 848/1187/848 726/1166/726 728/1163/728
vt 0.5927079916000366 0.8481400012969971
f 699/1166/699 498/1187/498 406/1188/406
vt 0.4122950136661530 0.8989769816398621
f 413/1157/413 414/1161/414 873/1189/873
f 744/1189/744 755/1184/755 870/1157/870
vt 0.4964129924774170 0.9159229993820190
f 238/1161/238 295/1160/295 92/1190/92
vt 0.4683740139007568 0.9159229993820190
f 751/1190/751 852/1191/852 849/1161/849
vt 0.4403350055217743 0.9159229993820190
f 813/1192/813 826/1189/826 814/1161/814
vt 0.4122950136661530 0.9159229993820190
f 644/1189/644 356/1192/356 750/1193/750
f 605/1161/605 554/1191/554 631/1192/631
vt 0.5244529843330383 0.9159229993820190
f 746/1160/746 356/1164/356 856/1194/856
f 315/1194/315 300/1190/300 301/1160/301
vt 0.5805310010910034 0.9159229993820190
f 746/1164/746 750/1167/750 356/1195/356
vt 0.5524920225143433 0.9159229993820190
f 569/1195/569 589/1196/589 610/1164/610
f 569/1196/569 610/1194/610 589/1164/589
vt 0.6085709929466248 0.9159229993820190
f 689/1197/689 665/1195/665 569/1167/569
f 841/1167/841 737/1170/737 736/1197/736
vt 0.6227769851684570 0.8481400012969971
f 734/1188/734 547/1198/547 592/1169/592
f 452/1169/452 511/1166/511 512/1188/512
vt 0.6528459787368774 0.8481400012969971
f 841/1198/841 735/1199/735 349/1172/349
f 613/1172/613 581/1169/581 591/1198/591
vt 0.6829149723052979 0.8481400012969971
f 852/1200/852 349/1172/349 849/1199/849
f 543/1178/543 673/1172/673 407/1200/407
vt 0.7430530190467834 0.8481400012969971
vt 0.7129840254783630 0.8481400012969971
f 745/1201/745 851/1179/851 842/1202/842
vt 0.7426030039787292 0.8571649789810181
f 528/1203/528 634/1179/634 488/1201/488
f 837/1202/837 832/1179/832 901/1178/901
vt 0.7412940263748169 0.8660460114479065
f 753/1203/753 864/1204/864 593/1179/593
f 571/1175/571 558/1172/558 601/1178/601
f 837/1200/837 838/1202/838 839/1178/839
f 607/1179/607 591/1204/591 581/1177/581
vt 0.6366099715232849 0.9159229993820190
f 430/1170/430 511/1205/511 331/1197/331
vt 0.6646500229835510 0.9159229993820190
f 292/1170/292 88/1173/88 320/1206/320
f 837/1206/837 815/1205/815 838/1170/838
vt 0.6926890015602112 0.9159229993820190
f 815/1207/815 902/1206/902 903/1173/903
f 405/1173/405 886/1176/886 696/1207/696
f 885/1174/885 699/1175/699 543/1177/543
vt 0.7363920211791992 0.8834699988365173
f 592/1208/592 547/1174/547 714/1177/714
vt 0.7207279801368713 0.9159229993820190
f 405/1207/405 696/1176/696 402/1209/402
vt 0.7292190194129944 0.9001299738883972
f 885/1210/885 700/1209/700 450/1176/450
f 514/1174/514 398/1210/398 668/1176/668
f 885/1210/885 543/1174/543 700/1208/700
f 543/1208/543 699/1177/699 673/1204/673
vt 0.4515689909458160 0.9354569911956787
vt 0.4319320023059845 0.9354569911956787
vt 0.4319320023059845 0.9264219999313354
f 699/1211/699 406/1212/406 673/1213/673
vt 0.4515689909458160 0.9264219999313354
f 673/1213/673 406/1214/406 459/1211/459
vt 0.4910280108451843 0.9521830081939697
vt 0.4515689909458160 0.9521830081939697
f 719/1215/719 619/1216/619 550/1211/550
vt 0.4910280108451843 0.9354569911956787
f 673/1211/673 482/1217/482 407/1215/407
vt 0.4910280108451843 0.9686769843101501
vt 0.4515689909458160 0.9686769843101501
f 673/1218/673 459/1219/459 482/1216/482
f 406/1216/406 479/1215/479 400/1218/400
vt 0.5316089987754822 0.9521830081939697
f 132/1220/132 133/1215/133 14/1217/14
vt 0.5316089987754822 0.9354569911956787
f 815/1217/815 901/1221/901 874/1220/874
vt 0.5316089987754822 0.9686769843101501
f 112/1222/112 153/1218/153 51/1215/51
f 815/1215/815 874/1220/874 883/1222/883
vt 0.5738980174064636 0.9521830081939697
f 746/1223/746 856/1220/856 850/1221/850
vt 0.5738980174064636 0.9354569911956787
f 837/1221/837 901/1224/901 815/1223/815
vt 0.5738980174064636 0.9686769843101501
f 255/1225/255 238/1222/238 202/1220/202
f 885/1220/885 830/1223/830 812/1225/812
vt 0.6161869764328003 0.9521830081939697
f 887/1226/887 437/1223/437 425/1224/425
vt 0.6161869764328003 0.9354569911956787
f 459/1224/459 502/1227/502 482/1226/482
vt 0.6161869764328003 0.9686769843101501
f 837/1228/837 522/1225/522 907/1223/907
f 626/1223/626 580/1226/580 723/1228/723
vt 0.6584759950637817 0.9521830081939697
f 816/1229/816 817/1226/817 839/1227/839
vt 0.6584759950637817 0.9354569911956787
f 837/1227/837 839/1230/839 483/1229/483
vt 0.6584759950637817 0.9686769843101501
f 839/1231/839 460/1228/460 483/1226/483
f 534/1226/534 445/1229/445 444/1231/444
vt 0.7007650136947632 0.9521830081939697
f 816/1232/816 838/1229/838 809/1230/809
vt 0.7007650136947632 0.9354569911956787
f 252/1230/252 212/1233/212 35/1232/35
vt 0.7007650136947632 0.9686769843101501
f 534/1234/534 903/1231/903 450/1229/450
f 699/1229/699 823/1232/823 498/1234/498
vt 0.4127449989318848 0.9264119863510132
vt 0.4122950136661530 0.9173870086669922
f 406/1213/406 498/1235/498 479/1236/479
vt 0.4423640072345734 0.9173870086669922
f 690/1237/690 397/1213/397 478/1236/478
vt 0.4140540063381195 0.9352939724922180
f 459/1212/459 400/1238/400 399/1213/399
f 459/1235/459 693/1213/693 502/1238/502
vt 0.4189560115337372 0.9527180194854736
f 406/1239/406 400/1238/400 459/1212/459
f 700/1214/700 407/1213/407 661/1237/661
vt 0.4724330008029938 0.9173870086669922
f 700/1240/700 661/1217/661 660/1214/660
vt 0.5025020241737366 0.9173870086669922
f 272/1241/272 84/1217/84 85/1240/85
f 521/1211/521 700/1214/700 660/1217/660
vt 0.5325710177421570 0.9173870086669922
f 472/1241/472 482/1242/482 518/1221/518
f 737/1221/737 850/1217/850 736/1241/736
vt 0.5626400113105774 0.9173870086669922
f 884/1242/884 684/1243/684 875/1224/875
f 472/1224/472 518/1221/518 519/1242/519
f 190/1237/190 111/1240/111 151/1214/151
f 472/1216/472 451/1212/451 482/1211/482
vt 0.4261299967765808 0.9693779945373535
f 746/1216/746 850/1244/850 739/1239/739
f 746/1216/746 740/1239/740 750/1212/750
vt 0.4906989932060242 0.9851700067520142
f 720/1219/720 723/1218/723 580/1245/580
vt 0.4626590013504028 0.9851700067520142
f 21/1245/21 167/1246/167 68/1219/68
f 64/1219/64 21/1244/21 68/1216/68
vt 0.4346199929714203 0.9851700067520142
f 566/1244/566 591/1219/591 607/1247/607
f 513/1246/513 706/1247/706 692/1219/692
vt 0.5187379717826843 0.9851700067520142
f 566/1248/566 580/1245/580 591/1218/591
f 732/1218/732 848/1222/848 728/1248/728
vt 0.5467770099639893 0.9851700067520142
f 565/1248/565 581/1222/581 652/1249/652
vt 0.5748170018196106 0.9851700067520142
f 543/1222/543 407/1225/407 700/1250/700
f 555/1250/555 627/1249/627 723/1222/723
vt 0.5927090048789978 0.9173870086669922
vt 0.6227779984474182 0.9173870086669922
f 120/1227/120 153/1251/153 112/1252/112
vt 0.6528469920158386 0.9173870086669922
f 156/1252/156 112/1253/112 54/1230/54
f 780/1230/780 721/1227/721 898/1252/898
f 741/1251/741 739/1227/739 728/1224/728
vt 0.6829159855842590 0.9173870086669922
f 556/1230/556 519/1253/519 627/1254/627
f 871/1243/871 894/1251/894 881/1224/881
vt 0.7129840254783630 0.9173870086669922
f 455/1233/455 519/1254/519 496/1255/496
vt 0.7430530190467834 0.9343330264091492
vt 0.7430530190467834 0.9173870086669922
f 116/1256/116 160/1255/160 74/1257/74
vt 0.7430530190467834 0.9512789845466614
f 451/1256/451 668/1258/668 398/1232/398
f 841/1232/841 725/1233/725 737/1256/737
f 841/1255/841 736/1256/736 735/1233/735
f 451/1230/451 398/1254/398 661/1233/661
vt 0.6028559803962708 0.9851700067520142
f 472/1225/472 455/1228/455 668/1259/668
f 139/1259/139 170/1250/170 56/1225/56
vt 0.6589350104331970 0.9851700067520142
f 273/1228/273 63/1231/63 13/1260/13
vt 0.6308959722518921 0.9851700067520142
f 660/1260/660 692/1261/692 706/1228/706
f 521/1228/521 660/1261/660 706/1259/706
f 350/1234/350 357/1232/357 364/1258/364
vt 0.7430530190467834 0.9682250022888184
f 661/1258/661 398/1262/398 692/1234/692
vt 0.7150139808654785 0.9851700067520142
f 817/1263/817 819/1234/819 460/1262/460
vt 0.6869750022888184 0.9851700067520142
f 421/1231/421 332/1234/332 428/1264/428
f 294/1264/294 298/1260/298 220/1231/220
vt 0.7430530190467834 0.9851700067520142
f 319/1262/319 87/1265/87 74/1263/74
f 539/1263/539 455/1264/455 691/1234/691
vt 0.3097249865531921 0.9955599904060364
vt 0.3097249865531921 0.9925850033760071
vt 0.3004449903964996 0.9925850033760071
f 808/1266/808 809/1267/809 444/1268/444
vt 0.3004449903964996 0.9955599904060364
f 828/1268/828 810/1269/810 819/1266/819
vt 0.3097249865531921 0.9896100163459778
vt 0.3004449903964996 0.9896100163459778
f 285/1267/285 293/1270/293 10/1271/10
f 556/1271/556 496/1268/496 519/1267/519
vt 0.9071490168571472 0.9955599904060364
vt 0.9071490168571472 0.9925850033760071
vt 0.8976230025291443 0.9925850033760071
f 594/1272/594 655/1273/655 592/1274/592
vt 0.8976230025291443 0.9955599904060364
f 880/1274/880 879/1275/879 674/1272/674
vt 0.9071490168571472 0.9896100163459778
vt 0.8976230025291443 0.9896100163459778
f 707/1273/707 508/1276/508 712/1277/712
f 608/1277/608 609/1274/609 587/1273/587
vt 0.2932580113410950 0.9899110198020935
vt 0.2911660075187683 0.9866350293159485
f 772/1278/772 346/1271/346 552/1279/552
f 127/1279/127 78/1271/78 77/1270/77
vt 0.3195979893207550 0.9866350293159485
f 772/1280/772 763/1279/763 757/1270/757
vt 0.3356710076332092 0.9985349774360657
f 885/1280/885 812/1267/812 823/1281/823
vt 0.2956100106239319 0.9929800033569336
f 757/1282/757 763/1268/763 782/1278/782
f 165/1268/165 164/1271/164 78/1278/78
f 763/1280/763 552/1270/552 621/1267/621
vt 0.3480300009250641 0.9866350293159485
f 94/1283/94 297/1280/297 311/1281/311
vt 0.3639079928398132 0.9985349774360657
f 705/1283/705 539/1281/539 691/1284/691
vt 0.3764629960060120 0.9866350293159485
f 667/1284/667 666/1285/666 677/1283/677
vt 0.4048950076103210 0.9866350293159485
vt 0.3921450078487396 0.9985349774360657
vt 0.4203819930553436 0.9985349774360657
f 684/1286/684 709/1287/709 447/1288/447
vt 0.4333269894123077 0.9866350293159485
f 606/1288/606 589/1289/589 569/1286/569
f 772/1285/772 552/1284/552 763/1287/763
f 553/1287/553 607/1286/607 565/1285/565
vt 0.4617590010166168 0.9866350293159485
vt 0.4486179947853088 0.9985349774360657
vt 0.4768550097942352 0.9985349774360657
f 802/1290/802 789/1291/789 782/1292/782
vt 0.4901919960975647 0.9866350293159485
f 871/1292/871 883/1293/883 894/1290/894
vt 0.5186240077018738 0.9866350293159485
vt 0.5050920248031616 0.9985349774360657
vt 0.5333290100097656 0.9985349774360657
f 763/1294/763 802/1295/802 782/1296/782
vt 0.5470560193061829 0.9866350293159485
f 757/1296/757 782/1297/782 379/1294/379
f 94/1293/94 325/1292/325 297/1295/297
f 11/1295/11 231/1294/231 42/1293/42
f 892/1289/892 887/1288/887 413/1291/413
f 492/1291/492 431/1290/431 332/1289/332
vt 0.5615649819374084 0.9985349774360657
f 226/1297/226 262/1296/262 225/1298/225
vt 0.5754879713058472 0.9866350293159485
f 468/1298/468 454/1299/454 476/1297/476
vt 0.2980340123176575 0.9952020049095154
f 373/1300/373 759/1268/759 774/1282/774
vt 0.3008579909801483 0.9969660043716431
f 373/1301/373 774/1266/774 759/1269/759
f 512/1269/512 511/1268/511 430/1300/430
f 594/1266/594 641/1281/641 584/1267/584
f 439/1301/439 331/1269/331 493/1300/493
vt 0.3040449917316437 0.9981229901313782
f 295/1302/295 205/1266/205 92/1301/92
vt 0.3074350059032440 0.9985349774360657
f 439/1303/439 430/1266/430 331/1302/331
f 490/1303/490 712/1281/712 509/1266/509
vt 0.5898020267486572 0.9985349774360657
vt 0.6039209961891174 0.9866350293159485
f 421/1304/421 763/1305/763 332/1299/332
f 758/1299/758 787/1298/787 801/1304/801
vt 0.6180390119552612 0.9985349774360657
vt 0.6462759971618652 0.9985349774360657
f 439/1305/439 510/1306/510 535/1307/535
vt 0.6323530077934265 0.9866350293159485
f 428/1307/428 430/1308/430 340/1305/340
vt 0.6607850193977356 0.9866350293159485
vt 0.6745120286941528 0.9985349774360657
vt 0.7027490139007568 0.9985349774360657
f 458/1309/458 456/1310/456 481/1311/481
vt 0.6892169713973999 0.9866350293159485
f 435/1311/435 330/1312/330 338/1309/338
f 811/1308/811 418/1307/418 821/1310/821
f 825/1310/825 814/1309/814 827/1308/827
vt 0.7176489830017090 0.9866350293159485
vt 0.7309859991073608 0.9985349774360657
vt 0.7592229843139648 0.9985349774360657
f 126/1313/126 117/1314/117 75/1315/75
vt 0.7460820078849792 0.9866350293159485
f 447/1315/447 710/1316/710 682/1313/682
vt 0.7745140194892883 0.9866350293159485
vt 0.7874590158462524 0.9985349774360657
vt 0.8156960010528564 0.9985349774360657
f 814/1317/814 833/1318/833 827/1319/827
vt 0.8029459714889526 0.9866350293159485
f 503/1319/503 827/1320/827 484/1317/484
f 183/1316/183 45/1315/45 44/1318/44
f 243/1318/243 220/1317/220 246/1316/246
f 484/1312/484 827/1311/827 833/1314/833
f 141/1314/141 143/1313/143 100/1312/100
vt 0.8313779830932617 0.9866350293159485
vt 0.8439329862594604 0.9985349774360657
vt 0.8721699714660645 0.9985349774360657
f 260/1321/260 316/1322/316 95/1323/95
vt 0.8598110079765320 0.9866350293159485
f 397/1323/397 401/1324/401 478/1321/478
vt 0.8882430195808411 0.9866350293159485
f 814/1325/814 880/1277/880 833/1276/833
vt 0.9166749715805054 0.9866350293159485
f 689/1276/689 612/1326/612 537/1325/537
f 675/1325/675 484/1324/484 833/1323/833
f 675/1325/675 833/1274/833 880/1277/880
vt 0.9145830273628235 0.9899110198020935
f 829/1273/829 825/1327/825 819/1276/819
f 819/1326/819 503/1276/503 460/1327/460
vt 0.9122310280799866 0.9929800033569336
f 879/1328/879 682/1327/682 674/1273/674
f 670/1320/670 695/1319/695 891/1322/891
f 540/1322/540 382/1321/382 408/1320/408
f 382/1274/382 535/1325/535 686/1323/686
vt 0.9069830179214478 0.9969660043716431
f 435/1329/435 797/1272/797 770/1275/770
vt 0.9098070263862610 0.9952020049095154
f 520/1273/520 904/1272/904 710/1330/710
f 644/1323/644 750/1275/750 657/1274/657
f 403/1329/403 670/1330/670 520/1272/520
vt 0.9004060029983521 0.9985349774360657
vt 0.9037960171699524 0.9981229901313782
f 520/1331/520 891/1332/891 904/1275/904
f 670/1275/670 891/1323/891 520/1331/520
f 904/1329/904 523/1275/523 701/1332/701
f 99/1273/99 178/1330/178 46/1328/46
f 710/1304/710 897/1306/897 878/1305/878
vt 0.7953140139579773 0.2774499952793121
vt 0.7917479872703552 0.2774499952793121
vt 0.7917479872703552 0.2627289891242981
f 148/1333/148 111/1334/111 189/1335/189
vt 0.7953140139579773 0.2627289891242981
f 878/1335/878 701/1336/701 674/1333/674
vt 0.8021759986877441 0.2480079978704453
vt 0.8021759986877441 0.2627289891242981
vt 0.7987449765205383 0.2627289891242981
f 491/1337/491 530/1338/530 709/1339/709
vt 0.7987449765205383 0.2774499952793121
f 667/1340/667 678/1333/678 691/1336/691
f 684/1336/684 447/1339/447 682/1340/682
vt 0.8021759986877441 0.2774499952793121
f 749/1341/749 867/1340/867 342/1339/342
f 684/1339/684 682/1338/682 449/1341/449
vt 0.8089990019798279 0.2627289891242981
vt 0.8055880069732666 0.2627289891242981
vt 0.8055880069732666 0.2480079978704453
f 679/1342/679 533/1343/533 712/1344/712
vt 0.8089990019798279 0.2480079978704453
f 43/1344/43 73/1345/73 162/1342/162
vt 0.8038820028305054 0.2480079978704453
f 444/1346/444 533/1344/533 679/1343/679
# 1854 faces, 1346 coords texture

# End of File
