####
#
# OBJ File Generated by Meshlab
#
####
# Object left_arm_link6_1.obj
#
# Vertices: 3068
# Faces: 5979
#
####
mtllib ./left_arm_link6_1.obj.mtl

vn 5.7476573657254715 2.2991721279173913 -1.0077893939423312
v 0.0433220000000000 0.0173300000000000 -0.0103810000000000
vn 5.8508142313520342 1.8189161551225286 -1.3404824448011561
v 0.0439330000000000 0.0136560000000000 -0.0138100000000000
vn 6.1202058728466637 0.9300133688516078 1.0068298694938316
v 0.0461320000000000 0.0070090000000000 0.0103780000000000
vn 5.8773390336774032 2.2045058168071914 0.0023889904317939
v 0.0444300000000000 0.0167990000000000 -0.0000030000000000
vn 5.9113052406112949 1.8380287265163524 -1.0071627756675556
v 0.0445570000000000 0.0138510000000000 -0.0103810000000000
vn 6.2112073617343091 0.9118548522647332 -0.0006362847516609
v 0.0469950000000000 0.0069090000000000 -0.0000010000000000
vn 5.9545720526659638 1.8509828128071679 -0.6727354708015892
v 0.0450030000000000 0.0139900000000000 -0.0069260000000000
vn 6.1000072291152900 -0.5782718510343936 -1.3393684138329958
v 0.0458020000000000 -0.0043410000000000 -0.0138060000000000
vn 6.0338440562060942 0.3861893818175911 -1.6689123242811519
v 0.0450760000000000 0.0028830000000000 -0.0171960000000000
vn 3.3109725308282298 -3.7911064883210899 -0.0995459839140830
v 0.0440534615384615 -0.0124240000000000 -0.0148296923076923
vn 5.7877635682507851 -2.2483993933047839 -0.9359502741325569
v 0.0434690000000000 -0.0169620000000000 -0.0103730000000000
vn 5.7970531627645236 2.3699466029755887 0.3585203484518723
v 0.0438810000000000 0.0179430000000000 0.0034560000000000
vn 6.0708173111896722 1.5959677227686866 0.0002254685033914
v 0.0459630000000000 0.0119840000000000 -0.0000020000000000
vn 5.8563857076715946 -1.4995005171600291 1.6693743219437620
v 0.0437340000000000 -0.0112890000000000 0.0172010000000000
vn 6.2400624173064330 0.6804346251981537 -0.0008289889615244
v 0.0472170000000000 0.0051740000000000 0.0000000000000000
vn 6.1087513205154309 1.3801335350947272 -0.3601016177635581
v 0.0462410000000000 0.0104510000000000 -0.0034610000000000
vn 6.1746992845409228 0.4426971501949029 1.0069154386979791
v 0.0465410000000000 0.0033410000000000 0.0103790000000000
vn 6.2393979562291904 -0.5418980116583894 0.3591642371129497
v 0.0472290000000000 -0.0040990000000000 0.0034620000000000
vn 5.9205821659791260 -2.0419612204270674 -0.3580571606290505
v 0.0448170000000000 -0.0154570000000000 -0.0034550000000000
vn 6.1629090000600835 -0.5839149403114042 -1.0069263638098613
v 0.0464530000000000 -0.0044020000000000 -0.0103760000000000
vn 6.1265745997116507 -0.0933379132381367 -1.3393969523156404
v 0.0460020000000000 -0.0007040000000000 -0.0138060000000000
vn 6.0180863574387793 1.7860644925446290 0.0061400876257548
v 0.0455050000000000 0.0136210000000000 -0.0000020000000000
vn 6.1719621819629200 0.8893222310777287 -0.6715364641641225
v 0.0466460000000000 0.0067210000000000 -0.0069240000000000
vn 6.1271474926726412 0.8820916124788367 -1.0077874158743851
v 0.0461840000000000 0.0066530000000000 -0.0103790000000000
vn 5.8974998377779420 1.3324338616006766 -1.6689580232929950
v 0.0440570000000000 0.0099540000000000 -0.0171980000000000
vn 6.2612532526128328 0.4565245029333072 -0.0025737209191407
v 0.0473760000000000 0.0034210000000000 0.0000000000000000
vn 6.2775889492267583 -0.0066121085673140 -0.0037987045880843
v 0.0475000000000000 -0.0001200000000000 0.0000010000000000
vn 5.7385603757781052 -2.5080280217896269 0.3600361340333287
v 0.0434280000000000 -0.0190110000000000 0.0034650000000000
vn 5.8944907924050938 -2.0337518283876173 0.6723559162516071
v 0.0445570000000000 -0.0153510000000000 0.0069290000000000
vn 6.2593473330101856 -0.4745596040417969 -0.0050565537239701
v 0.0473570000000000 -0.0036870000000000 0.0000020000000000
vn 6.2500202813656749 0.4003723529651371 -0.3589749571796669
v 0.0473100000000000 0.0030290000000000 -0.0034590000000000
vn 6.0399811193837012 -1.5470424053694654 0.6719290904754864
v 0.0456310000000000 -0.0117820000000000 0.0069280000000000
vn 5.8369601530510655 1.8636816897254451 1.3397158024868827
v 0.0438280000000000 0.0139940000000000 0.0138060000000000
vn 6.0236376707186494 -0.5222884481855753 1.6685662525952909
v 0.0449990000000000 -0.0039020000000000 0.0171990000000000
vn 6.1650191554145071 0.9368182370427824 0.6718776954654894
v 0.0465930000000000 0.0070790000000000 0.0069230000000000
vn 5.9661965949563758 1.3959531243703731 1.3392311289778631
v 0.0447970000000000 0.0104860000000000 0.0138060000000000
vn 5.9606492752518427 -1.0080180320350560 1.6692502271958984
v 0.0445500000000000 -0.0074460000000000 0.0172000000000000
vn 5.8148897317895774 2.3259426049173437 -0.3584552908238384
v 0.0440150000000000 0.0176090000000000 -0.0034630000000000
vn 5.9322452922899442 0.4260543592804099 1.9926079986218213
v 0.0440360000000000 0.0031640000000000 0.0205340000000000
vn 5.8973736031195765 1.8826063009504796 1.0066071643619483
v 0.0444510000000000 0.0141920000000000 0.0103760000000000
vn 6.0823973974484584 1.3744133811233787 -0.6722371500294060
v 0.0459680000000000 0.0103880000000000 -0.0069250000000000
vn 6.1719512621198298 1.1441312520316180 -0.0004176834332563
v 0.0467100000000000 0.0086250000000000 -0.0000010000000000
vn 5.7300251110022806 2.3431938381661821 1.0063921384298844
v 0.0431900000000000 0.0176620000000000 0.0103750000000000
vn 5.9801146926951807 1.8601742773321051 -0.3587691689386995
v 0.0452700000000000 0.0140740000000000 -0.0034620000000000
vn 6.1294654006676943 1.3562748460313261 0.0033698226303918
v 0.0463660000000000 0.0103180000000000 -0.0000010000000000
vn 5.7717920299750993 2.3603943961825387 0.6714950408873180
v 0.0436220000000000 0.0178380000000000 0.0069210000000000
vn 5.9405827341716257 2.0281018921145897 -0.0052477275035558
v 0.0449930000000000 0.0152270000000000 -0.0000030000000000
vn -6.0671821394573335 1.6060118275161808 0.0164142609503618
v -0.0459640000000000 0.0119840000000000 -0.0000020000000000
vn 0.1701230386036109 0.4473384223850904 6.2464480370198778
v 0.0119210000000000 0.0307790000000000 0.0299940000000000
vn -0.7503404352766012 -5.3913244681639689 2.0590525863627587
v -0.0108270000000000 -0.0407440000000000 0.0265900000000000
vn -4.4479704038280543 0.3702807146913704 3.9123016565359743
v -0.0414410000000000 0.0034800000000000 0.0270000000000000
vn -0.0003868442095409 -3.2257276508908763 0.0012513313242740
v -0.0152070000000000 -0.0407450000000000 0.0219990000000000
vn 0.5016393972981998 1.2269810362254867 6.1252022860688120
v 0.0133520000000000 0.0326980000000000 0.0296510000000000
vn -4.6054078742743210 3.9172276085622384 -1.6693154549801137
v -0.0344050000000000 0.0292620000000000 -0.0172030000000000
vn 4.3309396440188559 -4.4693499257338161 -0.8606830010942143
v 0.0318960000000000 -0.0344180000000000 -0.0086760000000000
vn -2.3681044959145736 5.7203356829579288 1.0049997812871800
v -0.0178820000000000 0.0431010000000000 0.0103690000000000
vn 3.4511267172842350 -4.7155597500202457 -2.3062253982336518
v 0.0249530000000000 -0.0353460000000000 -0.0230440000000000
vn -0.8303290289970146 -1.0238341510801703 6.1262300485354801
v -0.0221660000000000 -0.0274820000000000 0.0296660000000000
vn 0.0000000000000005 -0.0015231963933460 -6.2831851225497228
v 0.0082500000000000 -0.0123820000000000 -0.0299960000000000
vn -6.1648674152553609 0.9364698379919796 -0.6722034803947455
v -0.0465940000000000 0.0070760000000000 -0.0069250000000000
vn -5.5822307795913515 2.6713885379762776 1.0215002809972977
v -0.0418170000000000 0.0207050000000000 0.0103740000000000
vn 4.4421522531582234 -4.2805348158044882 -1.1798527429953547
v 0.0333010000000000 -0.0322520000000000 -0.0120880000000000
vn 4.6086783246132690 -4.0314406328391348 -1.3804439189558948
v 0.0343380000000000 -0.0306230000000000 -0.0137990000000000
vn -5.8152643141970621 2.3251560964999380 0.3564507411078497
v -0.0440150000000000 0.0176110000000000 0.0034560000000000
vn -0.0000524357274889 0.0014487594096573 6.2831851387041873
v 0.0206250000000000 0.0165070000000000 0.0299970000000000
vn 0.2984179241244002 4.4524825163725508 3.9109993674977992
v 0.0027200000000000 0.0415040000000000 0.0269910000000000
vn -4.2838525272779702 -3.5157693924162823 2.9495369894217962
v -0.0234743846153846 -0.0397721538461538 0.0175238461538462
vn -1.3611713985709775 -3.3843938235630713 5.0814667126573756
v -0.0110980000000000 -0.0394600000000000 0.0276330000000000
vn 1.3108422743991617 2.4925995516782553 5.5968709554980585
v 0.0184880000000000 0.0351140000000000 0.0281080000000000
vn 4.7235534747387158 3.4260064498599503 2.3024039915005412
v 0.0348170000000000 0.0251610000000000 0.0238000000000000
vn 5.5049738419112746 2.2513677218693777 1.9925049782545476
v 0.0408650000000000 0.0167140000000000 0.0205310000000000
vn -3.2497711759412264 5.3220285857218776 0.6702513460190125
v -0.0245410000000000 0.0402360000000000 0.0069150000000000
vn 3.2990214612100019 -4.7593465762193157 -2.4346669845251196
v 0.0239160000000000 -0.0354000000000000 -0.0244150000000000
vn 4.6828857673235040 -4.0969235190234432 -0.8346984492410829
v 0.0350180000000000 -0.0312270000000000 -0.0086450000000000
vn -0.0263831175548493 -0.2758094242312768 6.2708611656151998
v -0.0030450000000000 -0.0328520000000000 0.0300090000000000
vn -1.3112154883146192 6.1384296308478454 0.0028888262657975
v -0.0100740000000000 0.0464200000000000 -0.0000100000000000
vn 1.0104302957779403 0.8452103249758119 6.1262875728207948
v 0.0270460000000000 0.0227110000000000 0.0296540000000000
vn 1.6089086317388153 1.3519086387847197 5.9023438211862862
v 0.0287680000000000 0.0241560000000000 0.0290170000000000
vn 0.0000627660435734 -3.2245462671613807 0.0007340176489063
v -0.0169970000000000 -0.0407450000000000 0.0207460000000000
vn -0.0367052550137196 5.3674078351226662 3.0862350484657757
v -0.0380840000000000 0.0211820869565217 0.0124847391304348
vn 0.2248919433497696 5.9596442478207976 1.5427198278670144
v -0.0396250000000000 0.0208413636363636 0.0132888181818182
vn -1.2213092302419291 -0.5230333911675042 6.1248711166263750
v -0.0324520000000000 -0.0139160000000000 0.0296620000000000
vn -0.0942046416578555 -0.6958183051071423 6.2414881710311487
v -0.0047320000000000 -0.0333380000000000 0.0299480000000000
vn 1.7056325664078571 4.1236343594529465 3.9084140729660799
v 0.0159140000000000 0.0384270000000000 0.0269920000000000
vn -2.8161538555581873 -0.0026948730796966 5.5962871438408479
v -0.0396780000000000 0.0000070000000000 0.0281170000000000
vn -4.5188917870104168 -3.6329159676012974 2.4126390561328823
v -0.0255410000000000 -0.0386690000000000 0.0155660000000000
vn 1.3008094401688406 0.2738710854946296 6.1245434323330255
v 0.0345660000000000 0.0072280000000000 0.0296580000000000
vn 0.0003055188725285 -3.2264037559735739 0.0006177066426837
v -0.0229110000000000 -0.0407460000000000 0.0144000000000000
vn -5.3483801383148215 3.2060031948975580 0.6719438770125937
v -0.0404510000000000 0.0241840000000000 0.0069190000000000
vn -2.8412444773728822 -4.4431804480633907 3.4111374574003892
v -0.0178936153846154 -0.0398813846153846 0.0234616923076923
vn -1.9312176467432707 -0.8266047086877480 5.9023284062320167
v -0.0345190000000000 -0.0148020000000000 0.0290260000000000
vn 4.2588493439722681 -4.4340847306887934 -1.2874193096308286
v 0.0318280000000000 -0.0333480000000000 -0.0133820000000000
vn 0.0000819842521207 -0.0015549592626827 -6.2831851123743991
v 0.0041250000000000 -0.0082570000000000 -0.0299970000000000
vn 5.6723624274838542 -2.4786633396223219 1.0080739551026436
v 0.0427440000000000 -0.0187100000000000 0.0103840000000000
vn 3.4179659997988692 -4.6668789450882144 -2.4496565095074101
v 0.0249462857142857 -0.0343160000000000 -0.0250921428571429
vn -0.4399138291941340 -0.1689625913316420 6.2474460774658098
v -0.0307720000000000 -0.0119140000000000 0.0300040000000000
vn -3.3845202383698672 -4.6683784556903136 2.4903058704844527
v -0.0248040000000000 -0.0341560000000000 0.0255950000000000
vn 1.5203693436602783 -4.6550146324232360 3.9218020192448173
v 0.0112890000000000 -0.0405650000000000 0.0266290000000000
vn 4.3059096243190575 -1.1683380324331520 3.9128311370333693
v 0.0401250000000000 -0.0109180000000000 0.0270040000000000
vn 1.5918151478756333 2.3218664407984573 -5.5969494723397899
v 0.0224500000000000 0.0327100000000000 -0.0281230000000000
vn -4.3052828409633932 -4.4136282801299256 -1.2022092446942050
v -0.0321734000000000 -0.0333480000000000 -0.0121920000000000
vn -5.7383430853067336 -2.5087623697862025 -0.3592974976996467
v -0.0434280000000000 -0.0190130000000000 -0.0034540000000000
vn -4.5503347594597203 -4.1175828919927548 -1.3443180981993290
v -0.0290040000000000 -0.0367950000000000 -0.0108960000000000
vn -6.0498815589805703 -1.6733923084079387 0.0083146287940926
v -0.0458230000000000 -0.0125100000000000 0.0000040000000000
vn -0.0005082152053861 -0.0010951873539594 -3.4553574984513595
v -0.0018540000000000 0.0056990000000000 -0.0300000000000000
vn -0.4809643217117863 5.9294687206921486 1.9912950746036668
v -0.0034420000000000 0.0440200000000000 0.0205240000000000
vn -4.1624360973972916 -4.4201428407805929 -1.6059722454193137
v -0.0307895555555556 -0.0333490000000000 -0.0163766666666667
vn 0.0000995489348393 -0.0011761724445282 -6.2831851820795626
v -0.0247500000000000 -0.0165070000000000 -0.0299950000000000
vn 2.4450946853795696 5.7819749608900279 -0.0003848381764965
v 0.0184460000000000 0.0437720000000000 -0.0000090000000000
vn 2.6473142805531968 5.6915477708848652 0.0007469436909004
v 0.0200750000000000 0.0430490000000000 -0.0000090000000000
vn 0.0005781120189473 -2.8751263791145814 0.0011398090830686
v 0.0072410000000000 -0.0407440000000000 0.0254790000000000
vn -5.8976296234326311 -2.0345690279961941 -0.6537164057684213
v -0.0445570000000000 -0.0153540000000000 -0.0069200000000000
vn -4.0158804416348959 -4.5013923485156297 -1.7546887098417041
v -0.0280700000000000 -0.0357505000000000 -0.0164135000000000
vn -4.6802348274999233 -4.0616633313297568 -1.0077567938730252
v -0.0349410000000000 -0.0309280000000000 -0.0103700000000000
vn 0.0000000000000000 -0.0015231963933465 -6.2831851225497228
v -0.0165000000000000 -0.0082570000000000 -0.0299970000000000
vn -5.7735209688233358 1.7957904506534457 1.6681828634869613
v -0.0431320000000000 0.0134150000000000 0.0171940000000000
vn 2.7380868861021272 5.3904828832506659 -1.6706890598322830
v 0.0204260000000000 0.0402820000000000 -0.0172050000000000
vn -6.1896989695027624 -0.0943974787918214 1.0074129566717511
v -0.0466560000000000 -0.0007080000000000 0.0103790000000000
vn 5.3753795591801961 3.2135222012269535 -0.3603895700457126
v 0.0406910000000000 0.0243250000000000 -0.0034640000000000
vn 0.8069540069566309 -1.6192271173856647 6.0120441694036639
v 0.0157070000000000 -0.0333380000000000 0.0292630000000000
vn 0.6284979993322455 -1.1458586202046708 6.1295600931460443
v 0.0170670000000000 -0.0309070000000000 0.0296670000000000
vn -2.0620141885163514 0.4027893189104068 5.9023982049085655
v -0.0368580000000000 0.0072440000000000 0.0290200000000000
vn -4.9221122091209395 -3.1393552570737095 -2.2975004329294713
v -0.0362310000000000 -0.0230780000000000 -0.0237980000000000
vn -1.8704936737139231 5.7499954127523836 1.6677884549151469
v -0.0139700000000000 0.0429580000000000 0.0171870000000000
vn -5.1906561863485710 -2.9081916866814055 -2.0050450445935777
v -0.0269470000000000 -0.0394080000000000 -0.0113970000000000
vn -2.8290266576751772 -4.1152570515523390 -0.9562321358202699
v -0.0271170000000000 -0.0407520000000000 -0.0093690000000000
vn -0.0003567133397728 -3.2237710783156777 0.0010159553331462
v -0.0257540000000000 -0.0407520000000000 -0.0085470000000000
vn -5.3595384379451012 -2.7751188997162486 -1.7290845922355540
v -0.0276050000000000 -0.0393810000000000 -0.0095740000000000
vn -4.2961407371123554 -4.4739184897866986 -0.9977678756278137
v -0.0321400000000000 -0.0338600000000000 -0.0102430000000000
vn 1.2856342508273342 -2.9090604064372614 5.3918400776561963
v 0.0134720000000000 -0.0380860000000000 0.0278680000000000
vn -0.4294306786430417 2.0585981570320691 5.9015161919981232
v -0.0076810000000000 0.0367740000000000 0.0290140000000000
vn -4.5359454221057982 -4.0143666202997768 -1.6524893301989776
v -0.0280980000000000 -0.0371540000000000 -0.0126920000000000
vn -0.1387281023080144 1.3249369213797262 6.1236759533630885
v -0.0037460000000000 0.0351200000000000 0.0296510000000000
vn -0.4298233692967783 0.2130229924772130 6.2465516200472608
v -0.0295410000000000 0.0147170000000000 0.0299970000000000
vn -0.4666417059041446 0.0879940961014190 6.2471426755373507
v -0.0324380000000000 0.0060710000000000 0.0299990000000000
vn 5.7066315242867098 2.6146381387810345 -0.0004299692405488
v 0.0431540000000000 0.0198490000000000 -0.0000040000000000
vn 2.6243116419002348 -1.0576927640755842 5.5882305074996736
v 0.0367320000000000 -0.0149960000000000 0.0281210000000000
vn 2.6980310001278851 -0.8114548733855507 5.5955342130785466
v 0.0380120000000000 -0.0113710000000000 0.0281200000000000
vn 0.0000632481901723 -0.0004608517527296 -3.4559588313478105
v -0.0048540000000000 0.0035200000000000 -0.0300000000000000
vn -0.0002952185351046 -0.0015425871520396 -6.2831850981830817
v -0.0082500000000000 -0.0000070000000000 -0.0299990000000000
vn 1.0025289339333843 -5.4952225948164513 1.8249346088245375
v 0.0137050000000000 -0.0407440000000000 0.0252240000000000
vn 1.0829333789713380 0.0790206744012623 0.9966897535752983
v 0.0374560000000000 0.0267420000000000 0.0137390000000000
vn 4.0327329576147655 4.6956979159426293 -1.0080159208226729
v 0.0303320000000000 0.0354540000000000 -0.0103860000000000
vn 0.0003362969040354 -3.2591591770205688 0.0019944633848148
v 0.0037650000000000 -0.0407440000000000 0.0268480000000000
vn -3.6663495506840849 -4.6022725386950869 -2.1988623040363171
v -0.0268673076923077 -0.0342817692307692 -0.0222242307692308
vn -3.7104356557178919 -4.5306309663263047 -2.2600242710716243
v -0.0268680000000000 -0.0333510000000000 -0.0241250000000000
vn -0.2094893349402979 0.4243903370302199 6.2473462045828789
v -0.0147100000000000 0.0295480000000000 0.0299940000000000
vn 2.7561637600329485 -0.2408926057026259 3.8117299442677699
v 0.0384005714285714 0.0256115714285714 0.0116464285714286
vn 1.4384429194169051 6.0953419054023641 0.3564727915716675
v 0.0109070000000000 0.0461360000000000 0.0034490000000000
vn -5.4099017246071579 2.6901642787144122 1.6712420407895527
v -0.0404800000000000 0.0200450000000000 0.0171930000000000
vn 3.1513168973782317 5.1593288668551782 -1.6704630428189895
v 0.0235210000000000 0.0385570000000000 -0.0172050000000000
vn -6.2355082305299296 -0.0471330759996693 -0.6717051224005648
v -0.0471270000000000 -0.0003540000000000 -0.0069230000000000
vn 5.5912922451745644 2.8216178073866818 0.3590101357782656
v 0.0423240000000000 0.0213570000000000 0.0034550000000000
vn -0.0621872376220449 5.6006323062170633 -2.2890070008938497
v -0.0380840000000000 0.0209763225806452 0.0150121935483871
vn -0.0365619143908129 -0.6537601816520582 6.2472425891945162
v -0.0015830000000000 -0.0333380000000000 0.0299750000000000
vn 0.0037222484847483 -0.8673375404223529 6.2209374556814794
v 0.0000000000000000 -0.0352040000000000 0.0297560000000000
vn -3.7552985200947737 -4.6080141858346053 -2.0324910544895358
v -0.0277340000000000 -0.0342800000000000 -0.0206960000000000
vn 0.4237400689530941 0.2328398857935774 6.1996207322160970
v 0.0380840000000000 0.0235907142857143 0.0110179047619048
vn -5.8522644583938384 -2.0178872456471071 1.0072365153838478
v -0.0441120000000000 -0.0152100000000000 0.0103830000000000
vn -6.1418118289266577 -1.0775949260690796 0.6730189005221495
v -0.0464190000000000 -0.0081400000000000 0.0069270000000000
vn 0.2708011862891053 -1.2920881636541661 6.1386932569428883
v 0.0034020000000000 -0.0378540000000000 0.0292490000000000
vn -3.6911443017283441 -4.6407947738511712 -2.0757223353941980
v -0.0263970000000000 -0.0355605000000000 -0.0202210000000000
vn 0.2483741585252216 -0.3991830591863062 6.2476020748110495
v 0.0173720000000000 -0.0280500000000000 0.0300080000000000
vn 0.7534153317010732 -1.0909362140941796 6.1253404336041282
v 0.0199790000000000 -0.0291100000000000 0.0296660000000000
vn 0.4741533175024462 -4.2401993518068553 2.9055180144217796
v 0.0055160000000000 -0.0407430000000000 0.0281740000000000
vn 3.6380674647183469 5.0084374288805140 -1.0081304876705941
v 0.0274350000000000 0.0377400000000000 -0.0103860000000000
vn 0.0001287137164770 0.0014533631296403 6.2831851348048975
v 0.0123750000000000 -0.0247430000000000 0.0300070000000000
vn -4.4065573405849339 0.6732396895961990 3.9124329682402870
v -0.0411120000000000 0.0062720000000000 0.0270000000000000
vn 0.0000000000000023 -0.0015231963933451 -6.2831851225497237
v -0.0247500000000000 -0.0000070000000000 -0.0299990000000000
vn -4.1709536357475869 -4.2472689472236276 -1.9957265930786616
v -0.0306720000000000 -0.0317600000000000 -0.0205250000000000
vn 2.8945018390856991 3.7697790392922537 2.5794106230585263
v 0.0410560000000000 0.0216080000000000 0.0118980000000000
vn -0.0010817251043898 -0.0008269509364398 -3.4557216859533648
v -0.0042470000000000 -0.0149210000000000 -0.0299960000000000
vn 5.5400722044833630 -2.4210046137331367 1.6692529627007733
v 0.0413770000000000 -0.0181100000000000 0.0172020000000000
vn -1.0147829578667102 1.8417693450219261 5.9018512355332424
v -0.0181550000000000 0.0328900000000000 0.0290140000000000
vn 0.0000000000000019 -0.0015231963933460 -6.2831851225497237
v -0.0082500000000000 -0.0165070000000000 -0.0299950000000000
vn -3.9592274077840242 -4.4618576872681430 -1.9686171841217566
v -0.0291380000000000 -0.0333500000000000 -0.0201260000000000
vn -3.4313443602922571 2.8592564775378726 3.9017099146592136
v -0.0320200000000000 0.0265420000000000 0.0269950000000000
vn -6.2713914841770162 -0.2638930488323969 0.0003884435611847
v -0.0474620000000000 -0.0019020000000000 0.0000010000000000
vn 1.1688515942936979 -0.6165870438127945 6.1260214174856999
v 0.0312440000000000 -0.0164470000000000 0.0296630000000000
vn 0.4335358566684255 6.2629119441578283 -0.0030315622258680
v 0.0033210000000000 0.0473840000000000 -0.0000100000000000
vn -0.0034752289989869 6.2658438422829610 -0.3482025269139638
v 0.0000000000000000 0.0474060000000000 -0.0034730000000000
vn -1.9880339545742474 -0.6806279807560283 -5.9025235604415709
v -0.0355470000000000 -0.0121430000000000 -0.0290180000000000
vn 0.9381162538778154 0.9233151647502136 -6.1267042322939655
v 0.0252150000000000 0.0247150000000000 -0.0296630000000000
vn -5.6486732718624912 -2.7344581430611652 0.0271852376422286
v -0.0426890000000000 -0.0208310000000000 0.0000060000000000
vn -1.0496952522459733 -5.4718270352840301 -1.8244869732695401
v -0.0137050000000000 -0.0407560000000000 -0.0252030000000000
vn 3.8674686883922034 -2.2441718739313519 3.8817066913140197
v 0.0358460000000000 -0.0210750000000000 0.0270070000000000
vn 0.0022815357323851 5.7731325356642271 -2.4637339004658605
v 0.0000000000000000 0.0422820000000000 -0.0254290000000000
vn -0.4728340351975895 -4.2367596442212569 -2.9034115903785489
v -0.0055160000000000 -0.0407570000000000 -0.0281530000000000
vn 0.0003358236764790 -3.2584456131952386 0.0019930732127318
v -0.0037650000000000 -0.0407560000000000 -0.0268260000000000
vn -5.7854888699701723 -2.2531569111060499 -0.9369219131645961
v -0.0434610000000000 -0.0169850000000000 -0.0103740000000000
vn 0.4005051291688839 1.2660752382146947 -6.1249771600423006
v 0.0106250000000000 0.0336690000000000 -0.0296650000000000
vn -5.4384824616244565 -2.8723836153771942 -1.2573112156139064
v -0.0285060000000000 -0.0386880000000000 -0.0076230000000000
vn -0.0006207542882064 -3.2256306701052488 0.0011478138592013
v -0.0240210000000000 -0.0407530000000000 -0.0125160000000000
vn 3.9823965419837837 4.6570744201413632 1.3383426326977941
v 0.0299010000000000 0.0349680000000000 0.0138000000000000
vn -5.8636481363753621 -0.9933266776555870 -1.9914445713945501
v -0.0435450000000000 -0.0072870000000000 -0.0205310000000000
vn -4.4159786419588007 -4.4053619439779510 -0.7458365429838016
v -0.0331810000000000 -0.0333470000000000 -0.0076635000000000
vn -0.0733466875535248 -5.9958424954169711 -1.0039335745118121
v -0.0421400000000000 -0.0123514705882353 -0.0133927647058824
vn -5.9383655695704132 -1.8905729227909591 -0.7797711458714744
v -0.0286230000000000 -0.0400260000000000 -0.0039260000000000
vn -5.2575231800945570 -3.3536347956467680 -0.6718069007057985
v -0.0397520000000000 -0.0253160000000000 -0.0069170000000000
vn 2.2113228274879804 -3.9111766297452708 3.9626749465926627
v 0.0210902727272727 -0.0358483636363636 0.0269997272727273
vn -5.5235314587953326 -2.4370791305598933 -1.6973828255444761
v -0.0413780000000000 -0.0181180000000000 -0.0171920000000000
vn 5.4184325589922047 2.6820684580635099 -1.6696060912173458
v 0.0404800000000000 0.0200360000000000 -0.0172000000000000
vn -0.7896238528231825 -1.8194457808517186 -5.9522073742475454
v -0.0134680000000000 -0.0349480000000000 -0.0290770000000000
vn -4.4368076679134250 -4.4161014128869187 -0.5341114448134161
v -0.0325037368421053 -0.0343598421052631 -0.0052290526315789
vn -2.9772204227761634 -4.0015802884485190 -0.5125162945025934
v -0.0282050000000000 -0.0407510000000000 -0.0052700000000000
vn -0.0001650547041162 0.0008679147863247 3.3265351756390551
v -0.0033080000000000 0.0177010000000000 0.0299970000000000
vn -1.2924535207020671 -0.3088798837792072 -6.1247223756254554
v -0.0343420000000000 -0.0082290000000000 -0.0296560000000000
vn 1.2678549386163873 0.3795793612936197 -6.1255412661905035
v 0.0338290000000000 0.0101180000000000 -0.0296600000000000
vn 1.8951009911045855 5.8265343316860667 -1.3411096627365970
v 0.0142300000000000 0.0437480000000000 -0.0138170000000000
vn -0.1858787424047457 -0.4378170419464342 -6.2469930519682952
v -0.0112870000000000 -0.0310170000000000 -0.0299920000000000
vn -0.2997768034530952 -0.9633978998022573 -6.1972211651791671
v -0.0094400000000000 -0.0333520000000000 -0.0297830000000000
vn -1.1538512778352403 -0.6573322254144810 -6.1250613607995321
v -0.0306970000000000 -0.0174610000000000 -0.0296530000000000
vn -4.9414126455603915 -3.7301072951582448 1.0079778345029755
v -0.0371740000000000 -0.0281990000000000 0.0103860000000000
vn -4.8593206927574304 -3.9526940485743070 -0.4635564818636492
v -0.0305100000000000 -0.0366630000000000 -0.0036910000000000
vn -4.7176632575148822 -4.1106183695964029 -0.5026152992437342
v -0.0354130000000000 -0.0313440000000000 -0.0051840000000000
vn -4.4343389285708090 -4.4369492426210968 -0.3422905112765865
v -0.0332150000000000 -0.0338300000000000 -0.0034370000000000
vn -0.2585913151824755 -1.2804988355802533 -6.1418344722014773
v -0.0031900000000000 -0.0378620000000000 -0.0292400000000000
vn -4.7408587909295612 -4.1175690688964872 -0.1962010451782276
v -0.0311380000000000 -0.0360710000000000 -0.0018230000000000
vn -5.4311701259457985 -3.0751018205035199 -0.6741407846855483
v -0.0293985000000000 -0.0382855000000000 -0.0038120000000000
vn -5.0670099832854065 -3.6295788872321118 -0.7756541080341893
v -0.0297750000000000 -0.0373130000000000 -0.0056020000000000
vn -2.5330355972770189 -4.4365767981123723 -1.3336844473755929
v -0.0251885000000000 -0.0407530000000000 -0.0137315000000000
vn 5.2589554897077262 3.1437785570069883 -1.3408051262703584
v 0.0394890000000000 0.0236040000000000 -0.0138120000000000
vn 1.6367059177817871 -2.6408526275304709 5.4515691438591585
v 0.0214060000000000 -0.0341600000000000 0.0277870000000000
vn 1.0148527945603045 1.8386992027538573 -5.9028283230669514
v 0.0181540000000000 0.0328760000000000 -0.0290280000000000
vn -3.4182511707756928 -3.7661212140497420 -0.0612892123847767
v -0.0439870000000000 -0.0124550000000000 -0.0150770000000000
vn -2.6949014870622907 -0.9970720361688432 1.0510949483329433
v -0.0425714615384615 -0.0152910769230769 -0.0169451538461538
vn 0.0000283614679156 0.0010290266997330 3.3265515681843603
v 0.0173130000000000 -0.0049190000000000 0.0300020000000000
vn 0.0006701632802111 -3.2968961058975932 0.0018737335882495
v -0.0055900000000000 -0.0407560000000000 -0.0263670000000000
vn -0.0006748797733395 -3.2263593443286225 0.0004616659387893
v -0.0186660000000000 -0.0407550000000000 -0.0193380000000000
vn 5.0825402054225526 3.6126076933869014 -0.6732713849138036
v 0.0384130000000000 0.0273010000000000 -0.0069290000000000
vn -0.0626040499747757 3.4854604415420765 4.9736062075338534
v -0.0397600000000000 -0.0169257647058823 -0.0164384705882353
vn 3.6799694588583254 -2.5188524675849120 3.9169016860211534
v 0.0343670000000000 -0.0234090000000000 0.0270070000000000
vn 0.8654477525700064 4.3778214047856823 -3.9156440050905226
v 0.0081130000000000 0.0407810000000000 -0.0270090000000000
vn 1.7553531308726054 1.1528944476840712 -5.9029268455680022
v 0.0313850000000000 0.0206290000000000 -0.0290250000000000
vn 0.0002236157017679 -3.2234471668293914 0.0012593295395214
v -0.0133200000000000 -0.0407550000000000 -0.0230750000000000
vn -4.8099340738921255 -3.9809050778832686 -0.6862598561197817
v -0.0302690000000000 -0.0366880000000000 -0.0055300000000000
vn 2.0578279186629023 -2.5594664067021511 5.3306269766093362
v 0.0233740000000000 -0.0333380000000000 0.0275540000000000
vn -0.3357306978297350 -0.3364793609026764 -6.2469463099488243
v -0.0233350000000000 -0.0233420000000000 -0.0299940000000000
vn 0.4093590572621763 0.2482178182256660 -6.2464112327194190
v 0.0280570000000000 0.0173650000000000 -0.0300030000000000
vn 2.4223556382205063 -3.7662112370942387 3.9272142866020636
v 0.0223970000000000 -0.0350380000000000 0.0270070000000000
vn 0.0068229303562207 5.8343313490635396 -2.3147607820277560
v 0.0000000000000000 0.0429440000000000 -0.0238250000000000
vn 2.6410425920952023 5.2041950138273219 -2.3019620544841657
v 0.0194250000000000 0.0383050000000000 -0.0238130000000000
vn -5.8346332640531955 -0.0352440795459554 -2.3035006994804119
v -0.0429530000000000 -0.0003270000000000 -0.0238040000000000
vn -4.4548482582653177 -0.2382796759063201 -3.9151241062329869
v -0.0415310000000000 -0.0021500000000000 -0.0269990000000000
vn 0.2092064335279827 0.4209006399116645 -6.2476948726146180
v 0.0147090000000000 0.0295330000000000 -0.0300060000000000
vn 0.5738796568225943 2.7544327803546600 -5.5977064385462239
v 0.0081140000000000 0.0388330000000000 -0.0281240000000000
vn 2.3133972085039050 5.5859262118663793 -1.6701545833141624
v 0.0173110000000000 0.0417160000000000 -0.0172060000000000
vn -0.0561529841211765 -5.0075091320780603 -3.6182566332889636
v -0.0421400000000000 -0.0129450909090909 -0.0121024545454545
vn 3.6011252464089529 4.9577047504138596 1.3383837695202359
v 0.0270400000000000 0.0372250000000000 0.0138000000000000
vn 0.6316812292486849 2.0021274833274445 -5.9028444908352151
v 0.0113020000000000 0.0358140000000000 -0.0290290000000000
vn 2.9951891167608489 -3.7900748771015786 3.6995390331214182
v 0.0251220000000000 -0.0333390000000000 0.0266475000000000
vn -4.4682123475165696 3.7479555350233036 2.3095393511885596
v -0.0329350000000000 0.0275800000000000 0.0237990000000000
vn 1.2119862032151776 -1.7176200664006369 5.9020131688410684
v 0.0212510000000000 -0.0309640000000000 0.0290300000000000
vn -0.0002188475179977 0.0007603248063482 3.3263063850432775
v 0.0065020000000000 -0.0167770000000000 0.0300050000000000
vn -0.9163348219288759 -5.4940002811924016 -1.8689700029546943
v -0.0127640000000000 -0.0407560000000000 -0.0256940000000000
vn -4.4681377985893338 -4.4036321540534846 -0.3434114455741513
v -0.0323780000000000 -0.0346535000000000 -0.0035135000000000
vn -0.4541759633612796 -0.1240871908033675 -6.2477419070526388
v -0.0318760000000000 -0.0085480000000000 -0.0299970000000000
vn -3.2845658687035852 -2.8218335223412456 -2.9105594677964639
v -0.0444700000000000 -0.0133860000000000 -0.0116490000000000
vn 1.9454320506299800 0.7928988422963639 -5.9024463928784368
v 0.0347730000000000 0.0141950000000000 -0.0290240000000000
vn -3.2314732172191087 -3.3464811266934920 0.9518015915401752
v -0.0436210000000000 -0.0129590000000000 -0.0159290000000000
vn 5.0456272191190132 3.5865879350019201 -1.0076575604691662
v 0.0380320000000000 0.0270300000000000 -0.0103840000000000
vn 4.7062491240338780 4.1536632801592539 -0.0059307385368848
v 0.0356950000000000 0.0313390000000000 -0.0000060000000000
vn 0.0002048555195123 -3.2238124976971152 0.0005214359654926
v -0.0268110000000000 -0.0407510000000000 -0.0043420000000000
vn 1.1028702931902683 0.7259942283658061 -6.1259420800175208
v 0.0295060000000000 0.0193930000000000 -0.0296620000000000
vn -4.4952096307565572 -4.3409824585588206 -0.6339139066894828
v -0.0337330000000000 -0.0329486153846154 -0.0066436153846154
vn -3.0209885151973070 -3.9140459718199021 -0.3687745467980768
v -0.0284515000000000 -0.0407510000000000 -0.0036975000000000
vn -2.7904144875202390 -0.3810430062924353 -5.5962839304245469
v -0.0393110000000000 -0.0053950000000000 -0.0281140000000000
vn -5.1571078954492826 -3.5377076630942978 -0.5518719688168057
v -0.0300330000000000 -0.0372850000000000 -0.0037400000000000
vn -5.0908701635635882 -2.6704109572099628 -2.5330838167880501
v -0.0257420000000000 -0.0401000000000000 -0.0133040000000000
vn 4.9281633055846026 3.5025924828275752 -1.6693442891174259
v 0.0368160000000000 0.0261640000000000 -0.0172020000000000
vn 0.0001318562466797 0.0016024847293673 6.2831850980828250
v -0.0123750000000000 0.0247570000000000 0.0299950000000000
vn -5.2487452645834667 -3.3371500552295288 -0.8682549449265962
v -0.0293200000000000 -0.0379670000000000 -0.0056730000000000
vn -4.7253833638560678 -4.1191463126355892 -0.3369171211525945
v -0.0355000000000000 -0.0314210000000000 -0.0034510000000000
vn 2.7627494393880729 0.5387770061863650 -5.5969495828693052
v 0.0389350000000000 0.0076380000000000 -0.0281170000000000
vn 1.5261452447049604 -2.7101142482613514 5.4455646524259596
v 0.0201910000000000 -0.0350320000000000 0.0277240000000000
vn 4.4237683386994266 0.5895351190588112 -3.9009035948728159
v 0.0412300000000000 0.0054220000000000 -0.0270010000000000
vn -0.7253348195591129 -1.1054145738547991 -6.1258538433857765
v -0.0194630000000000 -0.0294710000000000 -0.0296500000000000
vn 0.0076312151483789 -2.4262146561009081 5.6632799395204181
v -0.0421400000000000 -0.0138863636363636 -0.0166512727272727
vn -0.4198192757251975 -1.0605900288957986 -6.1735755599708400
v -0.0110150000000000 -0.0333520000000000 -0.0296920000000000
vn -5.0068930842430746 -3.7636287183859123 -0.3529662425385334
v -0.0378570000000000 -0.0285370000000000 -0.0034520000000000
vn -0.1014260415155900 5.5914874263151457 2.3980229602047376
v -0.0397600000000000 -0.0179939411764706 -0.0151151764705882
vn -5.9240454686071580 -1.4279699407610038 -1.5126376040621514
v -0.0441620000000000 -0.0114070000000000 -0.0155050000000000
vn -0.0004690076952412 -0.0013206196725762 -3.4563584356631090
v -0.0018540000000000 -0.0057140000000000 -0.0299980000000000
vn -1.1259596264167075 -2.0340889343641311 5.8308434155711213
v -0.0188400000000000 -0.0333380000000000 0.0287560000000000
vn 5.1433976991830201 -3.2714974748081680 -1.4902996400024071
v 0.0282275000000000 -0.0383775000000000 -0.0094140000000000
vn -2.8227473294549466 5.5601469577306943 -0.6731089794527518
v -0.0213350000000000 0.0420200000000000 -0.0069330000000000
vn 3.8606796502130218 2.2343411472093297 3.9143309799545141
v 0.0360150000000000 0.0207990000000000 0.0269970000000000
vn -2.1992537355694082 5.8782294524023690 0.0146580049234463
v -0.0167970000000000 0.0444310000000000 -0.0000100000000000
vn 0.0000306705240537 0.0015959094309148 6.2831851030989103
v 0.0206250000000000 0.0082570000000000 0.0299990000000000
vn -2.6388934678236531 1.5632657901310696 2.5484232934545328
v -0.0350000000000000 0.0225330000000000 0.0112540000000000
vn -5.7968455637275937 -0.5371211805051819 2.3317259339134147
v -0.0427630000000000 -0.0040440000000000 0.0238060000000000
vn 4.0737942233515358 -4.5343842093082021 -1.5217408212412595
v 0.0299060000000000 -0.0345070000000000 -0.0153280000000000
vn 0.9147256220376416 5.9768978175126364 1.6673342261770214
v 0.0067890000000000 0.0446600000000000 0.0171870000000000
vn 3.8336270265419179 -4.5866401745240912 -1.9311097237727788
v 0.0285730000000000 -0.0339420000000000 -0.0198750000000000
vn 1.0927820041255647 -0.7551961768230651 -6.1245744126233426
v 0.0291170000000000 -0.0199870000000000 -0.0296530000000000
vn 4.0754323667217127 -4.0920480940608623 -2.4734571179522424
v 0.0246460000000000 -0.0382630000000000 -0.0177900000000000
vn 0.0499727610222446 0.1488835426135507 6.1833527109923541
v -0.0365420000000000 0.0236242727272727 0.0110247272727273
vn 0.4509866065547449 5.8160721694250048 2.3084537570643859
v 0.0031540000000000 0.0428440000000000 0.0237950000000000
vn -6.1978118642636923 0.8992289159012887 0.3556745861975790
v -0.0469230000000000 0.0067630000000000 0.0034580000000000
vn -0.5031863821977782 6.2164015300551423 0.6710783827636493
v -0.0036740000000000 0.0469860000000000 0.0069140000000000
vn 3.7950499831328224 -4.4819578135259084 -2.2317126533672189
v 0.0251900000000000 -0.0370630000000000 -0.0190810000000000
vn -1.9184527602624153 5.9616641514204129 -0.3593476824726868
v -0.0145230000000000 0.0451270000000000 -0.0034690000000000
vn -5.3503591861474007 3.2550848388861255 -0.3598270861490637
v -0.0405030000000000 0.0246360000000000 -0.0034650000000000
vn -1.2759652352070094 -2.3296363441758015 5.6876572088956436
v -0.0190470000000000 -0.0341360000000000 0.0284090000000000
vn 3.9286276144811270 -4.5429998821682673 -1.8451067134324506
v 0.0276980000000000 -0.0357650000000000 -0.0171810000000000
vn 5.2126179549614440 -3.3394308813594669 -1.0065051881278824
v 0.0392890000000000 -0.0251740000000000 -0.0103710000000000
vn -5.9112807077469274 1.8386370179918590 1.0063612872374077
v -0.0445570000000000 0.0138560000000000 0.0103760000000000
vn -3.5263693207845197 0.0000000000000000 0.0000000000000000
v -0.0350000000000000 0.0253146666666667 0.0135496666666667
vn -1.2082683821843647 -2.3141738956959923 5.6992985471278779
v -0.0179650000000000 -0.0349920000000000 0.0283050000000000
vn -3.7831264730552054 4.4410831212069377 -2.3051668200964053
v -0.0279170000000000 0.0326390000000000 -0.0238120000000000
vn -5.9353097040393852 0.3806847189616497 1.9927950925521536
v -0.0440590000000000 0.0028270000000000 0.0205340000000000
vn 1.0101743964148759 -0.8450560367472599 -6.1263949661980517
v 0.0270460000000000 -0.0227110000000000 -0.0296520000000000
vn 3.9857070333800482 -4.4715102223998180 -1.8925203741472332
v 0.0295130000000000 -0.0333500000000000 -0.0193530000000000
vn 4.8169819132925520 -3.6546099761061059 -1.6679083732654338
v 0.0359850000000000 -0.0273040000000000 -0.0171890000000000
vn 4.5143922141080264 -4.0217668794999097 -1.6702998527670068
v 0.0337130000000000 -0.0300660000000000 -0.0171880000000000
vn 5.7715557712096741 0.8756697392501296 2.2974695383690342
v 0.0424670000000000 0.0064560000000000 0.0238040000000000
vn 3.8145772849729491 -4.5812159291592769 -1.9839933788218707
v 0.0268490000000000 -0.0358200000000000 -0.0187860000000000
vn 2.1100121465312838 -4.7511438291007746 -1.6790667705334785
v 0.0222658888888889 -0.0407544444444444 -0.0180868888888889
vn 1.9625912110781136 -4.8851603353817792 -1.7216835352850521
v 0.0211900000000000 -0.0407550000000000 -0.0193390000000000
vn 2.2765778673981050 -4.6219241778800164 -1.5771779077678265
v 0.0235110000000000 -0.0407540000000000 -0.0164395000000000
vn -2.0894039656324757 -0.2176577095387610 5.9022656951234715
v -0.0373500000000000 -0.0039780000000000 0.0290230000000000
vn 0.4406273871857079 0.1708871479521013 6.2475627260569775
v 0.0307710000000000 0.0119280000000000 0.0299980000000000
vn 4.1920302070677238 -4.3661375862214520 -1.6727236735585580
v 0.0307390769230769 -0.0330011538461538 -0.0174321538461539
vn 4.7901168775579235 -3.7735135868734915 -1.5026659162758103
v 0.0284250000000000 -0.0374230000000000 -0.0110230000000000
vn 5.3240068135166547 -2.4862270413217566 -2.2203011722779848
v 0.0265610000000000 -0.0400840000000000 -0.0115170000000000
vn -0.8319417277620064 -3.4978480395820104 4.9605561490031205
v -0.0365420000000000 0.0255185000000000 0.0115725000000000
vn -2.7722872407175059 -2.4903127723174232 1.6711313832215613
v -0.0350000000000000 0.0260510555555556 0.0124078888888889
vn 3.8356051371501869 -3.9034973418827130 -3.0835569995927927
v 0.0220660000000000 -0.0395620000000000 -0.0196360000000000
vn 3.8225158709386848 -4.2437778966740565 -2.6149766248567152
v 0.0235730000000000 -0.0383190000000000 -0.0193670000000000
vn 1.7334738220254078 -1.1908242792395101 -5.9018475796662528
v 0.0309710000000000 -0.0212590000000000 -0.0290150000000000
vn 1.6092246894401478 -1.3518246379433569 -5.9021495757958462
v 0.0287690000000000 -0.0241570000000000 -0.0290150000000000
vn 5.8868745773208735 0.8478332828658477 -1.9922638651805313
v 0.0436980000000000 0.0062930000000000 -0.0205340000000000
vn 0.0031534171262336 0.4444548556818015 -6.1819594115926506
v 0.0397600000000000 -0.0155550000000000 -0.0110265000000000
vn -0.0324657864009703 -4.4192781234724405 4.2415593245773504
v 0.0421410000000000 -0.0131120000000000 -0.0160970000000000
vn 3.0481842211491452 4.9601259207912705 2.3314054810549840
v 0.0224160000000000 0.0366460000000000 0.0237970000000000
vn -1.1845726239914871 4.3001042893968222 -3.9160284093466262
v -0.0111080000000000 0.0400690000000000 -0.0270090000000000
vn -3.1035245070550008 5.0730395130411434 -1.9937470469329401
v -0.0230400000000000 0.0376560000000000 -0.0205420000000000
vn -5.6713151101000641 2.3189647677176186 -1.3402764260110795
v -0.0425850000000000 0.0174090000000000 -0.0138110000000000
vn -3.6805760095800668 5.0671038649243840 0.3584188599771223
v -0.0278740000000000 0.0383480000000000 0.0034510000000000
vn -0.8993368213810001 5.8785254482914207 -1.9943209452576018
v -0.0066360000000000 0.0436430000000000 -0.0205430000000000
vn -4.8208333979742024 3.4827808787613512 -1.9934827628597032
v -0.0357860000000000 0.0258510000000000 -0.0205390000000000
vn 0.2358187980621866 -3.9055451691595247 -3.0349620106339481
v 0.0027720000000000 -0.0407570000000000 -0.0285540000000000
vn -3.0475061199698676 4.9702567951969510 -2.3140005189890007
v -0.0224160000000000 0.0366350000000000 -0.0238120000000000
vn -4.9836756489745078 3.0238292741180444 -2.3156801104715239
v -0.0366980000000000 0.0223170000000000 -0.0238090000000000
vn 5.6422834880991388 -2.5529565199042046 -1.0103621403207521
v 0.0427690000000000 -0.0186590000000000 -0.0103730000000000
vn -1.5727383204772989 1.3915283479880940 -5.9029525094219375
v -0.0281200000000000 0.0248950000000000 -0.0290270000000000
vn -1.4350844797962168 1.5327363126200440 -5.9032708113363705
v -0.0256590000000000 0.0274240000000000 -0.0290270000000000
vn 4.2693353643807423 -4.4201072422216319 1.3004268281453284
v 0.0318310000000000 -0.0333420000000000 0.0133890000000000
vn 0.1671523028931136 -0.9419612879195463 -6.2078166239007730
v 0.0045300000000000 -0.0348450000000000 -0.0297270000000000
vn 5.1731890792523441 -3.5550693934428721 0.0004403895633465
v 0.0391800000000000 -0.0268550000000000 0.0000080000000000
vn 0.0493330167498543 -3.5473963199760239 -5.0478403374177390
v 0.0421410000000000 -0.0136050000000000 -0.0114900000000000
vn 1.3229915092106588 -0.1403676639520008 -6.1242078059434739
v 0.0351130000000000 -0.0037530000000000 -0.0296560000000000
vn 0.4635579587272340 -0.0861922599764288 -6.2476663777167101
v 0.0324380000000000 -0.0060710000000000 -0.0299970000000000
vn 0.0000000112730032 0.0008797190292026 3.3261013158346788
v 0.0000000000000000 0.0180070000000000 0.0299970000000000
vn 5.9415496853404850 -2.0280122552775288 0.0746140177602738
v 0.0289089411764706 -0.0399288823529412 0.0003195294117647
vn 3.0597007845759232 -3.7950136944370012 -0.2656157857627603
v 0.0286200000000000 -0.0407510000000000 -0.0021130000000000
vn 4.4248662156802352 -4.2084585250734499 1.4507385750394222
v 0.0332170000000000 -0.0318280000000000 0.0138160000000000
vn -2.0321601130886906 3.9710087499332309 -3.9098899256280544
v -0.0189520000000000 0.0370100000000000 -0.0270090000000000
vn -1.7260279753837637 2.2265816569381331 -5.5960077876180323
v -0.0242650000000000 0.0313870000000000 -0.0281230000000000
vn 6.0830912580616543 -1.5597229089980134 -0.1705705017749084
v 0.0287690000000000 -0.0403770000000000 -0.0009830000000000
vn -1.6965748179335640 1.2371373397055270 -5.9032560054978527
v -0.0303330000000000 0.0221450000000000 -0.0290260000000000
vn 2.8036834355712332 1.6269617841395791 2.5555413496373007
v 0.0350000000000000 -0.0168485200000000 -0.0162827600000000
vn 2.5476748781037237 2.7987959794195825 1.0548765727937497
v 0.0350000000000000 -0.0180855294117647 -0.0148387058823529
vn 4.7019654623436020 -4.0740390926950409 0.8413941243061513
v 0.0351330000000000 -0.0310940000000000 0.0086620000000000
vn -0.0016945336221667 3.9750760107440377 -4.7978947219126882
v 0.0397600000000000 -0.0171506363636364 -0.0116904545454545
vn 4.4564545640590190 -4.2642660007523752 1.1833627519194865
v 0.0334700000000000 -0.0320710000000000 0.0121060000000000
vn 0.0789740231136927 -0.4175937136421234 -6.2577245930351184
v 0.0061501818181818 -0.0327748181818182 -0.0299571818181818
vn 0.0454398838819495 6.0725677064627970 -0.7853306163910532
v 0.0397600000000000 -0.0181578235294118 -0.0134247647058824
vn 0.2242964917810396 -1.1070819726687138 -6.1778321391225326
v 0.0039750000000000 -0.0363750000000000 -0.0294940000000000
vn 5.2200625495518613 -3.4758415898775286 -0.2456870797475139
v 0.0301920000000000 -0.0372640000000000 -0.0018720000000000
vn 4.5816373648455677 -4.2531965449428881 -0.6166078410151737
v 0.0310570000000000 -0.0358095000000000 -0.0054205000000000
vn 3.1037497949965811 5.0738144042888855 1.9912607243140341
v 0.0230400000000000 0.0376660000000000 0.0205260000000000
vn 0.0055014239792666 -1.2619514057754881 -6.1493287065513309
v 0.0000000000000000 -0.0389230000000000 -0.0291020000000000
vn 4.3223640263934548 -4.4711122423254324 0.8906375442030086
v 0.0322740000000000 -0.0339650000000000 0.0091310000000000
vn 0.0004260851352456 0.0007543318010956 3.3265890479592040
v -0.0179240000000000 0.0016680000000000 0.0300000000000000
vn -3.9462067955963449 2.1001262902526614 -3.8872393988748568
v -0.0367080000000000 0.0195370000000000 -0.0270040000000000
vn 4.2111259553993534 4.2005070359796122 1.9915048057990969
v 0.0312590000000000 0.0311820000000000 0.0205270000000000
vn 0.0000004755591618 -3.2214432085428140 0.0020877791370860
v 0.0000000000000000 -0.0407560000000000 -0.0271460000000000
vn 5.5241950903962209 -2.9508792059431892 -0.3586805257616330
v 0.0418160000000000 -0.0223350000000000 -0.0034530000000000
vn -5.3497878437009696 -2.3296231403504111 -2.3028787629115675
v -0.0393480000000000 -0.0172320000000000 -0.0238000000000000
vn 4.6611328330422488 -3.0409254351517712 2.9133158362783296
v 0.0243380000000000 -0.0400670000000000 0.0158760000000000
vn -3.0729677852478812 -4.2231826228747682 -3.4907546871950901
v -0.0185750000000000 -0.0402040000000000 -0.0224860000000000
vn 0.0008703572332277 -3.2262756777712620 0.0011535690350707
v 0.0202130000000000 -0.0407460000000000 0.0178350000000000
vn 4.8476868511540356 3.4451464269139165 -1.9931706734276786
v 0.0359860000000000 0.0255730000000000 -0.0205390000000000
vn -4.5745482381913636 -4.2579814932340163 0.6442225661807198
v -0.0310470000000000 -0.0357640000000000 0.0057690000000000
vn -6.1270714869509080 -0.0458662248410723 -1.3398831936744720
v -0.0460060000000000 -0.0003480000000000 -0.0138070000000000
vn -2.6768833520549742 1.5132408942259938 2.5961685846144995
v -0.0350000000000000 -0.0168481600000000 -0.0162827600000000
vn -2.8758649966158574 -4.8103778880684667 -2.8386324395287388
v -0.0197040000000000 -0.0379560000000000 -0.0246660000000000
vn 4.1273623233314574 -4.5211022431146812 1.4108561001696787
v 0.0307880000000000 -0.0340050000000000 0.0144150000000000
vn 4.0399178906823758 -4.5344021447783707 1.6077926642932967
v 0.0297931428571428 -0.0343078571428571 0.0161965714285714
vn 3.9155738826569184 -4.5740420041761478 1.7929734137591704
v 0.0285620000000000 -0.0347240000000000 0.0179660000000000
vn 4.0726395719282706 -4.5332176701909903 1.5287745769743952
v 0.0292310000000000 -0.0353040000000000 0.0147480000000000
vn 3.2687528020078931 5.3421039040482565 0.3583110151020611
v 0.0247400000000000 0.0404410000000000 0.0034510000000000
vn 1.8142201070093740 -2.2404149458963025 5.5538173706840137
v 0.0255100000000000 -0.0303830000000000 0.0281240000000000
vn 4.0789431363477942 4.7514918360632370 -0.3621782828638767
v 0.0308170000000000 0.0360230000000000 -0.0034670000000000
vn 4.9973928955087263 2.9973791456585288 -2.3196595019365800
v 0.0368680000000000 0.0220350000000000 -0.0238090000000000
vn -4.6841823362474795 -4.0954444331084590 0.8350227188220747
v -0.0350180000000000 -0.0312230000000000 0.0086620000000000
vn 1.0252917266469443 -0.8289672316529132 6.1262094720589388
v 0.0274890000000000 -0.0221580000000000 0.0296650000000000
vn -3.4318833575616985 -3.9762851349060364 -3.4455983575265345
v -0.0200110000000000 -0.0401860000000000 -0.0211730000000000
vn -1.6627851831512990 -4.9644927815640134 -1.9444628234340331
v -0.0189160000000000 -0.0407550000000000 -0.0215650000000000
vn 3.1321998668767250 -4.8045938994403308 2.5630109370199055
v 0.0225260000000000 -0.0360125000000000 0.0250255000000000
vn -0.0155461913053497 6.1655472455066658 -1.1650062958482978
v 0.0000000000000000 0.0463520000000000 -0.0121180000000000
vn -0.0043069184462753 6.1280775554751354 -1.3534060687891758
v 0.0000000000000000 0.0460010000000000 -0.0138300000000000
vn 3.8575488562680791 -4.5479885042155646 1.9767515914110865
v 0.0268060000000000 -0.0360640000000000 0.0182960000000000
vn -3.5440254472959611 -4.5383065081270457 -2.5081708951279689
v -0.0258740000000000 -0.0333510000000000 -0.0256020000000000
vn 4.2301715882618929 -4.2682497496013241 1.8169255620408293
v 0.0310410000000000 -0.0321340000000000 0.0188820000000000
vn 2.4332307825649915 -4.4893211236946629 1.4629340821270798
v 0.0243920000000000 -0.0407460000000000 0.0151330000000000
vn -4.2645089012285036 -4.4251899996764763 1.2997158672588418
v -0.0318320000000000 -0.0333420000000000 0.0133880000000000
vn 2.8351412525942474 5.5844170192055271 0.3577602045379041
v 0.0214620000000000 0.0422720000000000 0.0034500000000000
vn -4.4035079994492232 -4.1632088637807296 1.6495608665209556
v -0.0280820000000000 -0.0368950000000000 0.0133925000000000
vn -5.5004053032432401 -2.9373925961705405 0.6729878625284680
v -0.0415700000000000 -0.0222010000000000 0.0069300000000000
vn -4.6174921925963588 -4.0682843653824472 1.2549118240355641
v -0.0293335000000000 -0.0368025000000000 0.0097150000000000
vn -5.9608011383995381 -1.0028487147613692 -1.6737193215269364
v -0.0445500000000000 -0.0074540000000000 -0.0171940000000000
vn -2.7047954622975907 -4.3976664121430398 -3.5790251687121062
v -0.0170550000000000 -0.0402210000000000 -0.0236970000000000
vn -3.1987105701512659 -4.7922936047370408 -2.5042036172179816
v -0.0228770000000000 -0.0360670000000000 -0.0244840000000000
vn -2.7286080006967870 -4.2646851553499383 1.0788477920878612
v -0.0265114000000000 -0.0407470000000000 0.0109758000000000
vn 0.0002454580790039 0.0018165255310835 6.2831850347994154
v -0.0247500000000000 0.0165070000000000 0.0299970000000000
vn 0.0001928786213964 0.0015140943851440 6.2831851132631682
v -0.0165000000000000 0.0247570000000000 0.0299950000000000
vn -2.3614609858649813 -4.5828910514375183 -3.5897528867677413
v -0.0154600000000000 -0.0402380000000000 -0.0248010000000000
vn -1.2431494329424675 -5.3522415519939726 -1.8515635355673281
v -0.0155300000000000 -0.0407560000000000 -0.0241180000000000
vn -2.5654120316884073 2.7604869170203692 1.1619624568978688
v -0.0350000000000000 -0.0180679375000000 -0.0149101875000000
vn -4.6914031862836971 -3.6224446453878021 2.0591710490660260
v -0.0267730000000000 -0.0382570000000000 0.0136995000000000
vn 1.1716673074986512 4.3082871121721000 -3.8974595346340895
v 0.0107630000000000 0.0401630000000000 -0.0270090000000000
vn -4.3219233276398725 -4.4718775439536822 0.8891289242297762
v -0.0322750000000000 -0.0339640000000000 0.0091310000000000
vn -4.4409001954097675 -4.2811172242129869 1.1816372299901032
v -0.0333020000000000 -0.0322460000000000 0.0121060000000000
vn -4.6081043234558052 -4.0310892182390390 1.3829950186150026
v -0.0343390000000000 -0.0306160000000000 0.0138160000000000
vn 0.0000315796437906 -0.0014572513721350 -6.2831851246917134
v -0.0061880000000000 -0.0206320000000000 -0.0299940000000000
vn 4.0288934438506825 -4.4734001138233159 1.7916521662109968
v 0.0299270000000000 -0.0333410000000000 0.0184710000000000
vn 5.0974102907631025 -3.2513308764923106 1.6698863598056319
v 0.0380990000000000 -0.0242590000000000 0.0172040000000000
vn -5.4497244289254727 -2.3818968051417704 -1.9923192732786799
v -0.0404440000000000 -0.0177100000000000 -0.0205290000000000
vn -0.9617249794203124 -1.8674557846812478 -5.9064623901876123
v -0.0172990000000000 -0.0333520000000000 -0.0290160000000000
vn 3.4789260151293893 -4.7064615633613682 2.2842185688300236
v 0.0248110000000000 -0.0358775000000000 0.0221490000000000
vn -3.5092582247060240 -4.7063705137180731 -2.2373855015009467
v -0.0249960000000000 -0.0359370000000000 -0.0217440000000000
vn 4.7497179631418520 4.0404156604181463 0.6710718590856956
v 0.0358970000000000 0.0305370000000000 0.0069180000000000
vn -0.0041341687725754 5.9462808494684944 -2.0078718710586441
v 0.0000000000000000 0.0441390000000000 -0.0205580000000000
vn 0.0001439569233540 0.0008915023210428 3.3263002790175542
v -0.0161130000000000 0.0080310000000000 0.0299990000000000
vn 5.6135259089864489 2.2454950059404193 -1.6692990503311107
v 0.0419370000000000 0.0167740000000000 -0.0172000000000000
vn -2.0437773814983324 -0.4880540936809993 -5.9024120459141081
v -0.0365290000000000 -0.0087530000000000 -0.0290190000000000
vn -0.2457934924801001 -0.4138086016649450 -6.2462238913062089
v -0.0165000000000000 -0.0285860000000000 -0.0299920000000000
vn -0.5005391819095177 -1.4572066655285483 -6.0865438065812905
v -0.0078230000000000 -0.0364520000000000 -0.0292560000000000
vn -3.4944848606272818 4.8130845425265942 1.9908071737526221
v -0.0259590000000000 0.0357170000000000 0.0205260000000000
vn -0.0064884334011867 -5.9932547539028134 -0.9411794294025113
v -0.0397600000000000 -0.0123460000000000 -0.0134263333333333
vn -0.4081432613203465 -0.2377296404480869 -6.2475103483951395
v -0.0285790000000000 -0.0165070000000000 -0.0299950000000000
vn 5.5748995620342532 1.7327278496934044 -2.2971255131189445
v 0.0410170000000000 0.0127470000000000 -0.0238060000000000
vn 1.5873226915724432 -2.3056181907553523 5.6165025931459356
v 0.0218720000000000 -0.0333380000000000 0.0280220000000000
vn 4.4616055382591178 4.3941632867074247 -0.3604437343070927
v 0.0338310000000000 0.0332090000000000 -0.0034660000000000
vn 0.3303341719628194 0.3542133822711622 -6.2454041900518851
v 0.0222320000000000 0.0243800000000000 -0.0300050000000000
vn 0.2483741585252215 0.3991830591863029 -6.2476020748110495
v 0.0173720000000000 0.0280500000000000 -0.0300060000000000
vn -5.9252733724210378 -0.5145736638548558 -1.9925562676914497
v -0.0439840000000000 -0.0038230000000000 -0.0205320000000000
vn 0.0006651723378578 -3.2253410647265865 0.0008531754503545
v -0.0249710000000000 -0.0407520000000000 -0.0105670000000000
vn -0.3861452908037591 -0.2723361893646694 -6.2473304477143490
v -0.0270320000000000 -0.0189350000000000 -0.0299950000000000
vn -5.7738456643768448 -2.1978780371228450 -1.1111265638279806
v -0.0284251538461538 -0.0397126923076923 -0.0058460769230769
vn -5.8144288122259145 0.4099773943014035 -2.3163894226811421
v -0.0428440000000000 0.0030680000000000 -0.0238050000000000
vn 3.0706723603823063 5.4746154163339282 -0.0006876928698538
v 0.0232590000000000 0.0414160000000000 -0.0000090000000000
vn 2.8688971641752712 5.5839353042411508 -0.0014568536545721
v 0.0216810000000000 0.0422630000000000 -0.0000090000000000
vn -4.3462202769959584 -4.4592405180228312 -0.8325526352085189
v -0.0325080000000000 -0.0338500000000000 -0.0085620000000000
vn 0.2948205621219310 2.7968856193335925 -5.5980911848617572
v 0.0042090000000000 0.0394480000000000 -0.0281240000000000
vn 2.6187410461159706 1.0579451246523852 -5.5916740449794107
v 0.0367320000000000 0.0149960000000000 -0.0281180000000000
vn -5.2805252598877308 -3.3678052774243397 -0.3577168337876089
v -0.0399880000000000 -0.0254660000000000 -0.0034530000000000
vn -0.5163465839286075 -1.2272885394359796 -6.1297084541804612
v -0.0125950000000000 -0.0333520000000000 -0.0295750000000000
vn -0.0001651641316679 0.0008677737717649 3.3262076277047870
v 0.0033070000000000 -0.0176860000000000 0.0300050000000000
vn -4.8577149375297610 -3.8609822259455875 -0.9631934059790710
v -0.0296790000000000 -0.0370320000000000 -0.0073915000000000
vn 5.6794680550303305 1.7649776111201927 -1.9927265902400024
v 0.0421590000000000 0.0131030000000000 -0.0205360000000000
vn -3.8749314583647791 4.5116786451750555 1.9909850550354995
v -0.0287000000000000 0.0335540000000000 0.0205260000000000
vn -1.2568662381120932 -0.4306092932552307 -6.1249349799635553
v -0.0334180000000000 -0.0114170000000000 -0.0296550000000000
vn -3.1749250596643241 -2.1979157962524893 -3.3201854122927554
v -0.0442840000000000 -0.0142780000000000 -0.0111600000000000
vn 2.0127648707896695 0.6009640376711656 -5.9026999000343485
v 0.0359840000000000 0.0107630000000000 -0.0290230000000000
vn 0.6422544570432052 1.1624465533720927 -6.1248133612788669
v 0.0170670000000000 0.0309070000000000 -0.0296650000000000
vn -0.5884072451968202 -1.6616253765843259 -6.0254287578053631
v -0.0066920000000000 -0.0379410000000000 -0.0289750000000000
vn -0.7092001814694212 -1.9440721705130257 -5.9232277613280644
v -0.0055340000000000 -0.0393730000000000 -0.0286760000000000
vn 0.0002143420991328 -3.2242234511684602 0.0009385368667336
v -0.0263690000000000 -0.0407510000000000 -0.0064680000000000
vn -4.5002985002926161 -4.3534694172029411 -0.4955628247987282
v -0.0338034705882353 -0.0330886470588235 -0.0050137058823529
vn -2.8775884547203372 -4.1038891000030668 -0.8025251009117355
v -0.0275905000000000 -0.0407520000000000 -0.0078495000000000
vn 2.3524823839276574 -1.5482149330445354 5.5966062005879618
v 0.0331530000000000 -0.0217920000000000 0.0281220000000000
vn 1.1682726073396557 0.6161119557629384 -6.1260564077363924
v 0.0312450000000000 0.0164460000000000 -0.0296610000000000
vn -5.5262826155367852 -2.8198106986936331 -0.9591705487899060
v -0.0289090000000000 -0.0386590000000000 -0.0057440000000000
vn -4.6757504664003804 -4.1951603985122645 -0.0043087929319630
v -0.0314230000000000 -0.0357960000000000 0.0000090000000000
vn -4.5520933372163341 3.8238543045853208 2.0020135849997027
v -0.0338520000000000 0.0283460000000000 0.0205280000000000
vn 5.3132699554790861 3.1765796693037407 -1.0074779706848331
v 0.0400500000000000 0.0239400000000000 -0.0103830000000000
vn -3.1793287018570107 1.1749493891919875 1.1288901113841243
v -0.0419800000000000 -0.0176250000000000 -0.0158330000000000
vn -4.8857459511955810 -3.6962015330699343 1.3461237310703891
v -0.0366530000000000 -0.0278030000000000 0.0138150000000000
vn 0.0579939327204243 0.6380776251297726 6.0237528518306886
v -0.0397600000000000 -0.0155285454545455 -0.0169688181818182
vn 0.0006820579792485 -3.3445691978812206 0.0015804269847345
v -0.0064610000000000 -0.0407560000000000 -0.0259970000000000
vn -0.6526507992488000 -4.7043157348813018 -2.6435944982655650
v -0.0082090000000000 -0.0407570000000000 -0.0274900000000000
vn 0.0000000000000000 -0.0015231963933456 -6.2831851225497228
v 0.0082500000000000 0.0082430000000000 -0.0300010000000000
vn -5.8368841362984947 -2.3064892569367399 0.0165154530376718
v -0.0441230000000000 -0.0175910000000000 0.0000050000000000
vn -0.0000000000000004 -0.0015231963933451 -6.2831851225497228
v 0.0165000000000000 0.0164930000000000 -0.0300030000000000
vn 0.0000000000000000 0.0015231963933443 6.2831851225497228
v 0.0247500000000000 0.0000070000000000 0.0300010000000000
vn 3.1524084782645718 3.1543524021639260 -3.9106891221169859
v 0.0294060000000000 0.0293990000000000 -0.0270060000000000
vn 2.0124327656835055 -0.6006641163379699 5.9028637809100699
v 0.0359840000000000 -0.0107630000000000 0.0290250000000000
vn -3.1515711066639498 5.1599364003034047 1.6678352389435043
v -0.0235210000000000 0.0385660000000000 0.0171880000000000
vn 3.3172428453867298 2.9399181902184690 -3.9313256526934759
v 0.0312660000000000 0.0274130000000000 -0.0270060000000000
vn 2.4734765658129163 3.7136889923807157 -3.9153677018015514
v 0.0231040000000000 0.0345710000000000 -0.0270080000000000
vn -4.3198495616522168 -4.3472921056697649 -1.3809555687057644
v -0.0293635000000000 -0.0359410000000000 -0.0124110000000000
vn 1.4576999151659675 6.0628543863119884 -0.6732022888009990
v 0.0110120000000000 0.0458220000000000 -0.0069340000000000
vn -2.7810665514096087 1.5824846967170205 -2.5800647855830601
v -0.0350000000000000 0.0221441785714286 0.0162924642857143
vn -4.6602376706768283 -3.5142942690645400 -2.2994297042492522
v -0.0343010000000000 -0.0258610000000000 -0.0237980000000000
vn -1.2688962350562631 0.3820237445773154 6.1251857790734094
v -0.0338300000000000 0.0101330000000000 0.0296570000000000
vn -1.4657538181867782 -1.5070789856475248 -5.9022963459485815
v -0.0261960000000000 -0.0269260000000000 -0.0290140000000000
vn 0.4656003530331274 6.1738464398125075 1.0073804695421200
v 0.0034270000000000 0.0465370000000000 0.0103680000000000
vn -3.7665765142366840 -4.5831485925651601 -2.0694668043724374
v -0.0259870000000000 -0.0364640000000000 -0.0189400000000000
vn 3.2266804490501961 5.2827415097069315 -1.0078536488993186
v 0.0242980000000000 0.0398330000000000 -0.0103870000000000
vn -1.3902923469214787 5.7832788158099424 1.9915215166521125
v -0.0103160000000000 0.0429320000000000 0.0205240000000000
vn 2.4122980933626406 -4.5080693042525795 3.5061593465812182
v 0.0194722272727273 -0.0371798181818182 0.0262600454545455
vn 0.1340065300618176 -0.3907981814303162 6.2557228624603400
v 0.0090300000000000 -0.0317330000000000 0.0300090000000000
vn -6.2229276010544305 0.3989845448175636 0.6718216230913370
v -0.0470320000000000 0.0030140000000000 0.0069240000000000
vn 0.3065451474753552 -0.9461129408665472 6.1997028124454179
v 0.0094380000000000 -0.0333380000000000 0.0297960000000000
vn -0.0004050775564297 -0.0010904261036000 -3.4553576129384695
v -0.0057060000000000 -0.0018610000000000 -0.0299990000000000
vn 0.7982591161455930 -1.8261706135360813 5.9489069978809059
v 0.0135540000000000 -0.0349380000000000 0.0290830000000000
vn -3.7042612880963293 -2.4880585252658585 -3.9135206469435975
v -0.0345010000000000 -0.0232250000000000 -0.0269940000000000
vn -0.4001998802747483 1.2679539051657482 6.1245360090180583
v -0.0106250000000000 0.0336830000000000 0.0296510000000000
vn -2.1432349478435166 -1.8308630263305243 -5.5953104745120523
v -0.0302190000000000 -0.0257200000000000 -0.0281090000000000
vn -2.3085395279034673 -1.6158319766445741 -5.5958592975235701
v -0.0324990000000000 -0.0227700000000000 -0.0281100000000000
vn 2.5776946363403397 -4.8589735239545941 3.0361328031158954
v 0.0177310000000000 -0.0383870000000000 0.0257880000000000
vn -3.7174136500209856 0.0000000000000000 0.0000000000000000
v -0.0350000000000000 0.0235084000000000 0.0156480000000000
vn -0.0857282746633246 0.4652347420777489 6.2474487118876585
v -0.0060640000000000 0.0324450000000000 0.0299930000000000
vn -0.5966924104561180 0.4841215720107324 -5.8832884486047243
v -0.0365420000000000 0.0236059047619048 0.0169730952380952
vn -4.2183515709681556 -4.4974831768363881 -1.2047364935206277
v -0.0310390000000000 -0.0344570000000000 -0.0120500000000000
vn -4.4643758617646210 -3.9316160676439429 -1.9919695128318118
v -0.0330600000000000 -0.0292660000000000 -0.0205260000000000
vn -4.7495396033375217 -3.5805667044723566 -1.9911578450495786
v -0.0352560000000000 -0.0265800000000000 -0.0205270000000000
vn 0.4569177195162769 -0.1281556254299716 6.2471355663938741
v 0.0317400000000000 -0.0090240000000000 0.0300030000000000
vn 2.3853350872120274 5.7616157110946933 -0.6733595877798685
v 0.0180610000000000 0.0435280000000000 -0.0069330000000000
vn 4.4086286380738251 4.3446242876226826 -1.0081533509812513
v 0.0332980000000000 0.0326850000000000 -0.0103850000000000
vn 2.9491662976919550 3.3542017005260365 -3.8979520754864505
v 0.0274200000000000 0.0312600000000000 -0.0270070000000000
vn 6.0660812594686924 -1.5549638442943436 0.3596428251521961
v 0.0459010000000000 -0.0118520000000000 0.0034630000000000
vn 6.1744254539585093 -1.0439233969794730 0.3598026393127403
v 0.0467580000000000 -0.0078190000000000 0.0034620000000000
vn 5.7919051169925275 -1.9988743692655391 1.3399733203231621
v 0.0434970000000000 -0.0149840000000000 0.0138120000000000
vn 6.2619889313885118 -0.0957710261966644 -0.3583842553177875
v 0.0474020000000000 -0.0007230000000000 -0.0034580000000000
vn 6.2331798603800683 -0.7394665045048898 -0.0000658488102964
v 0.0471840000000000 -0.0054690000000000 0.0000020000000000
vn 6.2734103355405582 0.2118463003968213 -0.0004393713048320
v 0.0474710000000000 0.0016550000000000 0.0000010000000000
vn 5.9348829591705501 -1.5200171539787428 1.3399271494523175
v 0.0445460000000000 -0.0115000000000000 0.0138120000000000
vn 5.7137938798173051 -2.4969250027844825 0.6726640920673481
v 0.0431720000000000 -0.0188980000000000 0.0069300000000000
vn 0.1003168575308305 -0.7188383457006108 6.2399149123630364
v 0.0047200000000000 -0.0333380000000000 0.0299400000000000
vn 2.5021001393215228 -1.3842872480493209 2.4949158084861454
v 0.0350000000000000 0.0246974615384615 0.0111644615384615
vn 3.1463707258450042 0.0000000000000000 0.0000000000000000
v 0.0350000000000000 0.0239219230769231 0.0120396923076923
vn -0.1376110390119193 5.9574483917300487 1.5850020013636494
v 0.0396260000000000 0.0208525000000000 0.0132440000000000
vn -0.0000000000000003 -0.0015231963933446 -6.2831851225497228
v 0.0123750000000000 0.0082430000000000 -0.0300010000000000
vn 2.8597696341338250 0.0000000000000000 0.0000000000000000
v 0.0350000000000000 0.0221284000000000 0.0135976000000000
vn 0.4448975889166361 -0.1689715493347821 6.2468594262333852
v 0.0307710000000000 -0.0119140000000000 0.0300040000000000
vn -1.7681427188734313 4.1023123892903772 3.8959210804367088
v -0.0164090000000000 0.0382190000000000 0.0269920000000000
vn 2.7953979517675243 0.0107771551075569 5.6063889624070917
v 0.0396000000000000 0.0000070000000000 0.0281560000000000
vn -0.0000819842521197 -0.0015549592626851 -6.2831851123744000
v -0.0041250000000000 -0.0082570000000000 -0.0299970000000000
vn 5.6544469570472575 2.3549471249660794 1.3392223326465067
v 0.0425850000000000 0.0174150000000000 0.0138050000000000
vn -0.2388842145011788 -3.9011056120417011 3.0397771947105250
v -0.0027720000000000 -0.0407430000000000 0.0285760000000000
vn 0.0008908359984428 -3.2257326880494737 0.0013593546052894
v 0.0152070000000000 -0.0407450000000000 0.0219990000000000
vn -0.0000000000000005 -0.0015231963933478 -6.2831851225497228
v -0.0082500000000000 -0.0123820000000000 -0.0299960000000000
vn 0.0434444147368597 5.4582014794148837 2.8687665570073069
v 0.0380840000000000 0.0211323333333333 0.0125540000000000
vn -5.6739548041659011 -2.4754724921275826 1.0075956963164279
v -0.0427690000000000 -0.0186530000000000 0.0103840000000000
vn -5.7155040476649672 -2.4932369470342080 0.6726483732503052
v -0.0431970000000000 -0.0188410000000000 0.0069290000000000
vn 2.0623426874403368 -0.3999378716980042 5.9024735340910635
v 0.0368570000000000 -0.0072300000000000 0.0290240000000000
vn 0.9821780049842460 6.1852218365236853 -0.3588215598711050
v 0.0074410000000000 0.0468190000000000 -0.0034700000000000
vn -5.9327502691705103 -1.5318343652930004 1.3397626032517465
v -0.0445440000000000 -0.0115060000000000 0.0138110000000000
vn 5.3316467737775959 3.2382578855922128 0.6582495162352848
v 0.0402640000000000 0.0244930000000000 0.0069190000000000
vn -2.4915151126870323 1.3146726708016256 5.5960769871700835
v -0.0351080000000000 0.0184950000000000 0.0281120000000000
vn 0.4707734227743428 -0.0434399674322442 6.2473487310795131
v 0.0328590000000000 -0.0030380000000000 0.0300020000000000
vn -4.1999005824495850 1.5258679576864267 3.8914957620661670
v -0.0390080000000000 0.0144240000000000 0.0269980000000000
vn 2.8420171480537411 -4.4413957925346148 3.4127992521267321
v 0.0178931538461538 -0.0398819230769231 0.0234622307692308
vn -1.8587060446556631 0.9806693379864462 5.9023148303437907
v -0.0332350000000000 0.0175080000000000 0.0290180000000000
vn 0.0318095005074926 -0.3019845403472784 6.2683830420647819
v 0.0030440000000000 -0.0328520000000000 0.0300090000000000
vn -0.0001324930362131 -3.2248870511114371 0.0003600437728244
v 0.0169950000000000 -0.0407450000000000 0.0207480000000000
vn 0.0000000000000000 6.2806856162877551 -0.0017904777741246
v 0.0000000000000000 0.0475000000000000 -0.0000100000000000
vn 0.0000000000000009 -0.0015231963933464 -6.2831851225497237
v -0.0123750000000000 -0.0165070000000000 -0.0299950000000000
vn 4.4454180389774924 0.2807470521610197 3.9145131165745450
v 0.0414970000000000 0.0027260000000000 0.0270010000000000
vn 0.5262984461349550 3.8924662134331460 4.6860398204051563
v 0.0365420000000000 0.0217601818181818 0.0117760454545455
vn -5.5220482524807055 2.2100173776014951 1.9913743161389241
v -0.0409910000000000 0.0164050000000000 0.0205300000000000
vn 0.0617204398930911 -0.7220941241644996 6.2395086881723039
v 0.0031460000000000 -0.0333380000000000 0.0299620000000000
vn -2.2243258480768517 5.3878350940795290 2.3167767144850790
v -0.0164620000000000 0.0396800000000000 0.0237960000000000
vn 0.0153523499965296 -1.9282452615449170 5.8830031438967492
v 0.0365420000000000 0.0247720909090909 0.0111928636363636
vn 5.6222022805549683 -1.9396495064919095 1.9926474935142195
v 0.0417410000000000 -0.0143770000000000 0.0205380000000000
vn 0.5028287795444538 6.2161128105764538 -0.6735488138058972
v 0.0036740000000000 0.0469830000000000 -0.0069340000000000
vn -0.0001565899149479 -3.2314046361460171 0.0020771331482214
v -0.0018900000000000 -0.0407440000000000 0.0270920000000000
vn -1.5989107182280626 2.3228546172016395 5.5943160747569980
v -0.0224500000000000 0.0327230000000000 0.0281090000000000
vn -1.5037079180839981 4.2062110681199369 3.8957025545455179
v -0.0137900000000000 0.0392400000000000 0.0269920000000000
vn 2.3568187129341984 5.7245670900125045 1.0056983347138804
v 0.0177650000000000 0.0431490000000000 0.0103690000000000
vn -0.8282677121043092 1.9320703251266367 5.9019838389572037
v -0.0148100000000000 0.0345250000000000 0.0290140000000000
vn 5.3505519288191516 3.2549549277080350 0.3582685116540867
v 0.0405030000000000 0.0246370000000000 0.0034550000000000
vn -0.0001872218599986 -0.0013613407180170 -6.2831851445830660
v -0.0061880000000000 -0.0123820000000000 -0.0299960000000000
vn -0.0445701806055492 5.5469264162874552 2.8112115326737137
v 0.0396260000000000 0.0211238125000000 0.0125701250000000
vn 0.0229134076579066 6.1243640972473594 0.4652330826331571
v 0.0380840000000000 0.0208015714285714 0.0136601785714286
vn 1.4208679610349888 6.0253286590333586 1.0057753035058172
v 0.0107350000000000 0.0454110000000000 0.0103690000000000
vn -6.0973854280835207 -1.0693700172239589 1.0074136448064195
v -0.0459590000000000 -0.0080590000000000 0.0103810000000000
vn 5.5610604641947585 2.7292042712438191 0.9958605019916987
v 0.0416580000000000 0.0210220000000000 0.0103750000000000
vn -5.9199304585779267 -2.0435429309023987 0.3522446984994042
v -0.0448170000000000 -0.0154550000000000 0.0034640000000000
vn -2.4609604626230683 0.2489947358661337 -0.7806086814319904
v -0.0378470000000000 0.0248630000000000 0.0167810000000000
vn 1.3023783405096134 -0.2532412607641826 6.1249246240558488
v 0.0346500000000000 -0.0067970000000000 0.0296610000000000
vn 0.0000807456795331 0.0014765269804738 6.2831851247232020
v 0.0247500000000000 -0.0164930000000000 0.0300050000000000
vn 0.3336580141519686 -1.4621441021843740 6.0954780301919520
v 0.0028150000000000 -0.0393130000000000 0.0289520000000000
vn 0.0000796929310612 -0.0015129440945521 -6.2831851223151398
v 0.0082500000000000 0.0247430000000000 -0.0300050000000000
vn -6.2392512602215202 -0.5419538214127573 -0.3589695175994163
v -0.0472300000000000 -0.0041010000000000 -0.0034580000000000
vn -1.0248556663459605 0.8316728281277860 6.1259546326106946
v -0.0274900000000000 0.0221720000000000 0.0296540000000000
vn 0.0018887241488701 -3.7733842954246581 3.0780583428698955
v 0.0000000000000000 -0.0407430000000000 0.0287110000000000
vn -5.3300538789613681 2.6394908632103604 1.9918774975972877
v -0.0395660000000000 0.0195930000000000 0.0205300000000000
vn 1.9178508428757073 5.9619595458707906 0.3563980507464455
v 0.0145230000000000 0.0451290000000000 0.0034500000000000
vn -0.0041656013452833 6.2742429096146797 0.1972284701356120
v 0.0000000000000000 0.0474770000000000 0.0017190000000000
vn 2.7289557491946943 1.6903259153580412 2.3272802639996772
v 0.0350000000000000 0.0219738823529412 0.0121349117647059
vn -0.2409999949196907 6.2735423333060432 0.0017271628126864
v -0.0016530000000000 0.0474710000000000 -0.0000100000000000
vn 1.4344390565720768 -5.2396200751166768 1.8428329311521474
v 0.0172690000000000 -0.0407450000000000 0.0229250000000000
vn -5.4211125433413407 2.1580501017876546 2.3032805709305109
v -0.0398810000000000 0.0159610000000000 0.0238010000000000
vn -1.1193032744426330 2.5912119124886730 5.5924468975127395
v -0.0156440000000000 0.0364710000000000 0.0281080000000000
vn -1.3560934191748362 2.4705245811136334 5.5953157963723115
v -0.0191780000000000 0.0347430000000000 0.0281080000000000
vn -2.7376844859353779 5.3915981658194632 1.6672617812837314
v -0.0204260000000000 0.0402910000000000 0.0171880000000000
vn -2.6936023360171242 5.3035039535748547 1.9914094289660671
v -0.0199650000000000 0.0393820000000000 0.0205250000000000
vn -0.0003739863581654 -0.0006471940967522 -3.4557210017481803
v -0.0049930000000000 -0.0163850000000000 -0.0299950000000000
vn -6.2332221218666790 -0.7393716103336347 0.0006027594138048
v -0.0471840000000000 -0.0054690000000000 0.0000020000000000
vn 0.1767482783221376 4.1733389806364576 4.6084284618772653
v 0.0380840000000000 0.0217853043478261 0.0117560434782609
vn 2.5863517344812337 0.5360562598834012 3.3153784303052332
v 0.0393490000000000 0.0248210000000000 0.0111890000000000
vn 2.8041883367497431 -0.2605832287018925 5.5965250250307079
v 0.0395140000000000 -0.0036000000000000 0.0281180000000000
vn -2.2959924463354833 3.8251819097978892 3.9096857872894817
v -0.0214090000000000 0.0356590000000000 0.0269930000000000
vn 0.4085939478094138 -0.2486892836048147 6.2464803655532517
v 0.0280570000000000 -0.0173650000000000 0.0300050000000000
vn -0.6422442323197994 1.1654140653528380 6.1242474936545630
v -0.0170680000000000 0.0309210000000000 0.0296520000000000
vn 0.6543730641959302 -4.7079700159978426 2.6440851109502130
v 0.0082080000000000 -0.0407430000000000 0.0275110000000000
vn -6.2626819639361599 -0.0472127012392412 -0.3590585804186958
v -0.0474060000000000 -0.0003560000000000 -0.0034590000000000
vn 4.5601422464620214 3.8178406485202308 -1.9932976363138848
v 0.0338520000000000 0.0283360000000000 -0.0205390000000000
vn -3.2709359838887897 4.1902520053557959 -0.1081306453340133
v -0.0405050000000000 0.0210670000000000 0.0153260000000000
vn -3.7737101820580086 -4.5212762234345973 -2.1843510542656532
v -0.0280575000000000 -0.0333500000000000 -0.0221490000000000
vn 0.0039969468927573 -0.6596197893123773 6.2478467115205234
v 0.0000000000000000 -0.0333380000000000 0.0299770000000000
vn 0.8716858907960227 6.2167814609347207 -0.0065545768764125
v 0.0066870000000000 0.0470270000000000 -0.0000100000000000
vn -1.1685865831142288 0.6196754914342423 6.1255970214064650
v -0.0312450000000000 0.0164610000000000 0.0296550000000000
vn 5.5699060512789513 2.8056781989519024 0.6658354138309154
v 0.0420750000000000 0.0212320000000000 0.0069200000000000
vn 2.7463460077521722 3.0478424416663517 0.4367649877883516
v 0.0350000000000000 0.0208241666666667 0.0134261666666667
vn -0.0589349396694062 5.4654323665779128 2.8639042943464563
v 0.0365420000000000 0.0211238125000000 0.0125701250000000
vn -4.6041677844990163 -4.0270774871786097 -1.4030271788056394
v -0.0344510000000000 -0.0304950000000000 -0.0138000000000000
vn -4.8970465554693536 -3.6817178642878257 -1.3448726683867620
v -0.0367390000000000 -0.0276960000000000 -0.0138000000000000
vn -0.0000000000000000 -0.0015231963933456 -6.2831851225497219
v 0.0082500000000000 0.0164930000000000 -0.0300030000000000
vn -5.7923757731417451 -1.9972067195494878 1.3404214336248585
v -0.0434940000000000 -0.0149960000000000 0.0138120000000000
vn -4.8787455950146565 -3.0483485453280985 2.5125674660530097
v -0.0256146153846154 -0.0397208461538461 0.0140081538461538
vn 5.7610047016989654 -1.4747881647988925 1.9927392168388949
v 0.0427470000000000 -0.0110340000000000 0.0205370000000000
vn -6.0630991048799832 -1.5684886028573668 0.3545450302153537
v -0.0459000000000000 -0.0118590000000000 0.0034630000000000
vn 0.5993841053815891 -1.6728693866428339 6.0213169155891855
v 0.0067920000000000 -0.0379310000000000 0.0289840000000000
vn 0.7195826307968834 -1.9574308123516935 5.9177512203869274
v 0.0056170000000000 -0.0393620000000000 0.0286860000000000
vn -5.6137537472568466 2.2461502665446189 1.6679710180792799
v -0.0419370000000000 0.0167820000000000 0.0171930000000000
vn -0.0040326993591795 6.2382229830484732 -0.6842994520176935
v 0.0000000000000000 0.0471250000000000 -0.0069410000000000
vn 0.0000000000000000 -0.0015231963933439 -6.2831851225497237
v 0.0165000000000000 0.0082430000000000 -0.0300010000000000
vn -6.1683285916177555 -1.0828484417415223 0.3559599265041118
v -0.0466950000000000 -0.0081900000000000 0.0034620000000000
vn -4.3465767193107148 0.9860592478142874 3.9078845214317908
v -0.0405950000000000 0.0090340000000000 0.0269990000000000
vn -0.2939876706681591 2.7993434375728925 5.5968447669489159
v -0.0042100000000000 0.0394610000000000 0.0281070000000000
vn 0.5113595363126190 -1.4697071337591765 6.0828265559544938
v 0.0079400000000000 -0.0364420000000000 0.0292640000000000
vn 2.0915192703823831 0.2188079613681084 5.9012156245391472
v 0.0373490000000000 0.0039920000000000 0.0290220000000000
vn 0.0006820899876154 -3.3449819543638570 0.0015806609710804
v 0.0064610000000000 -0.0407440000000000 0.0260180000000000
vn 0.0000222320720948 0.0014948544356403 6.2831851291222094
v 0.0247500000000000 -0.0082430000000000 0.0300030000000000
vn 3.6005907600163622 4.9572152953251107 -1.3407202674596743
v 0.0270510000000000 0.0372110000000000 -0.0138160000000000
vn 0.4694395290539048 0.0432996444495956 6.2476999968149549
v 0.0328590000000000 0.0030520000000000 0.0300000000000000
vn -0.5749361844885020 2.7577952206591116 5.5961191663275169
v -0.0081140000000000 0.0388460000000000 0.0281070000000000
vn 3.0937170526945414 -1.0706931320149300 2.3440016344346164
v 0.0380354375000000 0.0261832500000000 0.0122759375000000
vn 1.3131688300324589 0.0077721714110827 6.1284873669238191
v 0.0352720000000000 0.0000070000000000 0.0296680000000000
vn -0.0006749313952521 -3.2253831073843879 0.0004617012518743
v 0.0186650000000000 -0.0407450000000000 0.0193590000000000
vn -0.8952156884335729 4.3734029239052647 3.9121408844737364
v -0.0083760000000000 0.0407410000000000 0.0269920000000000
vn -2.7627279285414916 0.5452870693358050 5.5962365208369986
v -0.0389350000000000 0.0076520000000000 0.0281150000000000
vn -2.3128850326065287 5.5871159890743103 1.6670853717158236
v -0.0173110000000000 0.0417240000000000 0.0171880000000000
vn 1.8961019682386118 5.8930679487022655 1.0062235026270498
v 0.0142940000000000 0.0444200000000000 0.0103690000000000
vn 0.0002230549699840 -3.2232169981881817 0.0012590238953280
v 0.0133190000000000 -0.0407450000000000 0.0230960000000000
vn -6.2467531173959534 0.4479404780857866 -0.3598531676039070
v -0.0472860000000000 0.0033920000000000 -0.0034600000000000
vn 4.4756250580983838 3.7479162524115632 -2.2977158123252317
v 0.0329350000000000 0.0275680000000000 -0.0238100000000000
vn -0.0001802876883495 -0.0012532092747676 -6.2831851628221589
v -0.0061880000000000 -0.0165070000000000 -0.0299950000000000
vn -3.9414471292464270 -4.3744403589316985 -2.1834959622752188
v -0.0289850000000000 -0.0325400000000000 -0.0221700000000000
vn -3.8253393511493470 -4.3950395945513714 -2.3423101886538187
v -0.0281033846153846 -0.0325672307692308 -0.0236252307692308
vn -1.7556729045156978 1.1554174447987084 5.9022690504533353
v -0.0313850000000000 0.0206430000000000 0.0290170000000000
vn -1.1033589666960022 0.7292305531184976 6.1256500465441066
v -0.0295060000000000 0.0194080000000000 0.0296540000000000
vn -3.6181321892724325 -4.5205562995605604 -2.4329596740972237
v -0.0263750000000000 -0.0333510000000000 -0.0248740000000000
vn 3.3403817530706847 1.7804567359302723 3.4296193097311023
v 0.0399794285714286 0.0239308571428571 0.0107732142857143
vn 0.0002488502944178 -0.0014950070509204 -6.2831851188060597
v 0.0041250000000000 0.0164930000000000 -0.0300030000000000
vn 0.6725241435656393 6.2410104498747474 -0.0031488650358479
v 0.0050000000000000 0.0472360000000000 -0.0000100000000000
vn -6.0375007992989005 -1.5596700425671080 0.6724579300126083
v -0.0456290000000000 -0.0117880000000000 0.0069270000000000
vn 0.9215301305660505 -5.4804308386614444 1.8845848433159094
v 0.0127630000000000 -0.0407440000000000 0.0257150000000000
vn -0.0000306705240537 0.0015959094309148 6.2831851030989112
v 0.0206250000000000 -0.0082430000000000 0.0300030000000000
vn -0.0145978232902724 6.2550790505370175 -0.4939161428105335
v 0.0000000000000000 0.0472890000000000 -0.0052070000000000
vn -3.7882374114805430 2.3559936764048843 3.9133270220829570
v -0.0353040000000000 0.0219840000000000 0.0269960000000000
vn 2.3841533451234760 5.7912957462684016 0.3576806063965463
v 0.0180490000000000 0.0438380000000000 0.0034500000000000
vn -4.1324398818013144 -4.2029257445421146 -2.1615382078577587
v -0.0302720000000000 -0.0313460000000000 -0.0221700000000000
vn -0.4100335185380943 0.2519600882473157 6.2460660088013951
v -0.0280570000000000 0.0173800000000000 0.0299970000000000
vn -0.0000667774668465 -0.0003047910267428 -3.4557222134295595
v -0.0030860000000000 -0.0137600000000000 -0.0299960000000000
vn 0.0006697063482116 -3.2958381414174998 0.0018727473151273
v 0.0055890000000000 -0.0407440000000000 0.0263880000000000
vn -3.5804436739100258 -4.6878828115061948 -2.1611089023394392
v -0.0259270000000000 -0.0352930000000000 -0.0216220000000000
vn 4.4613773320868138 -0.2895923491017055 3.8892721356288722
v 0.0414940000000000 -0.0027550000000000 0.0270020000000000
vn 0.3758453790663640 2.3683572124512007 5.7350585205332587
v 0.0380840000000000 0.0226216666666667 0.0112263333333333
vn 5.6537886451735027 -1.4505243059975055 2.2979151576561825
v 0.0415890000000000 -0.0107340000000000 0.0238080000000000
vn -2.5535863274957702 3.6592524642869249 3.9116730358835916
v -0.0237690000000000 0.0341310000000000 0.0269930000000000
vn -6.2594026806745724 -0.4745010919110053 0.0062754831167238
v -0.0473570000000000 -0.0036860000000000 0.0000020000000000
vn -5.1495434355199086 -2.7509066950554546 -2.2969587224901469
v -0.0378770000000000 -0.0202630000000000 -0.0237990000000000
vn 0.0001665800569857 -3.2253927401378579 0.0006499075661574
v -0.0249750000000000 -0.0407470000000000 0.0105820000000000
vn 0.1290710815193387 0.4587172269415366 6.2469290128542729
v 0.0090310000000000 0.0317470000000000 0.0299930000000000
vn -0.8587156476462549 -5.5191936123163483 1.8647602519209443
v -0.0118040000000000 -0.0407440000000000 0.0261710000000000
vn -3.1322224466205624 -4.8038494365698661 2.5642587347970220
v -0.0225270000000000 -0.0360125000000000 0.0250255000000000
vn -1.2552740505252677 -5.3464713319038317 1.8535062715935167
v -0.0155300000000000 -0.0407440000000000 0.0241390000000000
vn -3.4793209559847336 -4.7065212844596251 2.2835091235423999
v -0.0248120000000000 -0.0358775000000000 0.0221485000000000
vn 3.2002856142746441 -4.7918047995006106 -2.5031450047018797
v 0.0228770000000000 -0.0360670000000000 -0.0244840000000000
vn -0.0271601844370080 2.9161760215932979 -5.4359140120096754
v 0.0380840000000000 0.0222086451612903 0.0165188387096774
vn -4.2809051571776315 4.2692319594620507 -1.6698421609398253
v -0.0319810000000000 0.0318930000000000 -0.0172040000000000
vn -1.9152613037164210 5.8872316305131269 1.0054181608026331
v -0.0144320000000000 0.0443750000000000 0.0103690000000000
vn -3.2595318005829954 5.3476845027559285 0.3546848130880864
v -0.0246870000000000 0.0404730000000000 0.0034510000000000
vn -0.9248437584262453 -0.9373006351641083 6.1266770914561119
v -0.0247220000000000 -0.0252080000000000 0.0296650000000000
vn -2.8264546731109057 -4.7913378719094313 2.9190805443998049
v -0.0191950000000000 -0.0383170000000000 0.0245680000000000
vn -3.3042558840276302 3.8633012857712781 1.0609613137789453
v -0.0410425000000000 0.0208363750000000 0.0136957500000000
vn -1.6405321622572784 -5.1190340870303448 1.8064764398779347
v -0.0189160000000000 -0.0407450000000000 0.0215860000000000
vn -2.8376302089199323 5.5833198319056718 0.3459758930496268
v -0.0214390000000000 0.0422840000000000 0.0034500000000000
vn -6.0199298777781651 1.7780156762311421 0.0046865765804573
v -0.0455050000000000 0.0136220000000000 -0.0000030000000000
vn -0.4668171343939869 6.2460059669640415 -0.3600150320955079
v -0.0034820000000000 0.0472780000000000 -0.0034700000000000
vn -1.7577199969597717 6.0254465338116319 0.0062688851932074
v -0.0134530000000000 0.0455550000000000 -0.0000100000000000
vn -0.0000000000000026 -0.0015231963933496 -6.2831851225497228
v 0.0082500000000000 -0.0082570000000000 -0.0299970000000000
vn 0.6291923554933800 4.7284196563339762 -3.7292687232088517
v 0.0365420000000000 0.0214180000000000 0.0158780000000000
vn 4.8529734041967982 3.4530534931127126 1.9571770157297059
v 0.0357860000000000 0.0258600000000000 0.0205290000000000
vn 1.4710090812156178 1.5012817693339373 5.9022061913250692
v 0.0262960000000000 0.0268280000000000 0.0290160000000000
vn -0.0008710122216136 -3.2256651621841903 0.0011520181739611
v -0.0202200000000000 -0.0407460000000000 0.0178270000000000
vn -0.2146796773851814 -1.0905911885907231 6.1812896636129837
v -0.0037280000000000 -0.0363540000000000 0.0295230000000000
vn -0.2972015174166150 4.4422905643873873 3.9211596486654798
v -0.0028090000000000 0.0414980000000000 0.0269910000000000
vn -0.9117013282208107 -2.2268590477158385 5.7942968533846662
v -0.0100900000000000 -0.0380010000000000 0.0285450000000000
vn 0.0003927533893013 -0.0007893546545456 -6.2831851644235632
v 0.0041250000000000 -0.0123820000000000 -0.0299960000000000
vn -0.9429672709216208 6.1637746978899415 -0.6735713171202217
v -0.0070830000000000 0.0465910000000000 -0.0069340000000000
vn 4.3109526240172098 1.1780656207411113 3.8875814841182690
v 0.0401690000000000 0.0107700000000000 0.0269990000000000
vn 3.5091194051605701 -4.7061741815688132 -2.2381384135904701
v 0.0249950000000000 -0.0359370000000000 -0.0217440000000000
vn -1.9293961845820564 5.9298525787122074 0.6711957326798117
v -0.0145760000000000 0.0448190000000000 0.0069140000000000
vn 3.5436593299128614 -4.5388457606010775 -2.5078777004566541
v 0.0258710000000000 -0.0333510000000000 -0.0256060000000000
vn -2.4324054288827353 -4.4870804720549353 1.4635731807857864
v -0.0243930000000000 -0.0407460000000000 0.0151330000000000
vn -2.4486884306138936 -4.5736037172943398 3.5422938252722762
v -0.0157470000000000 -0.0401810000000000 0.0246890000000000
vn -5.3512716679492902 -2.3328489982781666 2.2977887945004065
v -0.0393710000000000 -0.0171680000000000 0.0238090000000000
vn 0.0000000000000000 -0.0015231963933456 -6.2831851225497237
v 0.0165000000000000 -0.0000070000000000 -0.0299990000000000
vn 4.3714639619552447 -4.4185099672250656 -0.9133610189161628
v 0.0328510000000000 -0.0333470000000000 -0.0094038000000000
vn 4.4717120633816316 -4.2935318175544328 -1.0093692756004800
v 0.0335200000000000 -0.0324630000000000 -0.0103700000000000
vn 4.9886214048547846 3.0334628112672859 2.2953688362308098
v 0.0366980000000000 0.0223280000000000 0.0238000000000000
vn -1.8400002349773070 -1.0133026212303506 5.9024382641942665
v -0.0328830000000000 -0.0181470000000000 0.0290270000000000
vn -5.4510335567233250 -2.3780383132788341 1.9936898446526790
v -0.0404670000000000 -0.0176470000000000 0.0205390000000000
vn -0.0000807456795317 0.0014765269804752 6.2831851247232029
v 0.0247500000000000 0.0165070000000000 0.0299970000000000
vn 0.4535323945282448 0.1299967590008642 6.2475234950304595
v 0.0317400000000000 0.0090380000000000 0.0299990000000000
vn 2.6041700320934096 2.7985480142711898 -1.1039942840476848
v 0.0350000000000000 0.0209313000000000 0.0148793500000000
vn -1.8419991230423887 -4.6300969219758503 3.8040722528620972
v -0.0138376153846154 -0.0399801538461538 0.0261527692307692
vn -0.1709196678860085 -0.7599820438234370 6.2319629765453266
v -0.0063020000000000 -0.0333380000000000 0.0299160000000000
vn -4.6602387052827181 -3.0414444799248708 2.9141192198349608
v -0.0243380000000000 -0.0400670000000000 0.0158760000000000
vn 5.8309299952415810 -0.0485765408654172 2.3117198084286943
v 0.0429520000000000 -0.0003160000000000 0.0238060000000000
vn -3.3184205811034913 -2.9775402965875832 -3.9103893100737790
v -0.0310570000000000 -0.0276630000000000 -0.0269930000000000
vn 0.0000000000000003 -0.0015231963933453 -6.2831851225497237
v -0.0123750000000000 -0.0000070000000000 -0.0299990000000000
vn -2.6369854223921010 5.2027096476268095 2.3082417078960544
v -0.0194250000000000 0.0383170000000000 0.0237960000000000
vn 2.2344098609767005 3.8598041371686937 -3.9166742383805082
v 0.0207930000000000 0.0360080000000000 -0.0270080000000000
vn -0.3306153435730069 3.3264746231986706 -4.9427422215099206
v -0.0365420000000000 0.0221373333333333 0.0164529230769231
vn 4.7468326003308761 3.9734027779231460 -1.0081521406933980
v 0.0357770000000000 0.0299510000000000 -0.0103850000000000
vn -4.4525174893397104 0.0000000000000000 0.0000000000000000
v -0.0350000000000000 0.0219133571428571 0.0151983571428571
vn 0.0002685303906383 -0.0012011736737096 -3.4559586220700482
v -0.0048540000000000 -0.0035340000000000 -0.0299980000000000
vn 1.2685320882310920 -0.3794131312833492 6.1254466428193410
v 0.0338290000000000 -0.0101180000000000 0.0296620000000000
vn -3.8591455367562011 -2.2409213910820016 -3.9144331596697732
v -0.0359910000000000 -0.0208410000000000 -0.0269950000000000
vn 2.7741515252024720 5.4632833395868285 -1.3410601690357218
v 0.0208050000000000 0.0410310000000000 -0.0138170000000000
vn -1.9449018516588599 0.7961544450946612 5.9022714078274996
v -0.0347730000000000 0.0142100000000000 0.0290190000000000
vn -4.1449751215869499 -4.4920446440086703 -1.4539186310579317
v -0.0294520000000000 -0.0353740000000000 -0.0139300000000000
vn -4.9597493453944530 3.4276147261956336 1.7403869671066223
v -0.0368170000000000 0.0261720000000000 0.0171910000000000
vn 0.0036576554260634 6.2383466010705089 0.6820655002728310
v 0.0000000000000000 0.0471290000000000 0.0069200000000000
vn -1.9703637683914941 -2.0189645819332878 -5.5939657604527717
v -0.0276720000000000 -0.0284430000000000 -0.0281080000000000
vn -5.8973126432544714 1.3334704530368109 1.6683380787491828
v -0.0440580000000000 0.0099620000000000 0.0171950000000000
vn 0.9270056678319242 6.0570125203337009 1.3380057111443067
v 0.0069150000000000 0.0454880000000000 0.0137980000000000
vn -0.0007216282313736 -0.0008905845050329 -3.4559586614497686
v 0.0035270000000000 0.0048470000000000 -0.0300000000000000
vn -6.1745098116394512 -1.0439793066874954 -0.3597496029971029
v -0.0467580000000000 -0.0078200000000000 -0.0034570000000000
vn 5.5884679762766014 2.7663798616697286 -0.6727328289848941
v 0.0422350000000000 0.0209080000000000 -0.0069280000000000
vn 0.3940258986258696 -1.0416922016699384 6.1782435515040444
v 0.0110090000000000 -0.0333380000000000 0.0297090000000000
vn 2.0104627112693532 5.9470562850950799 0.0004917719332435
v 0.0151310000000000 0.0450250000000000 -0.0000100000000000
vn -0.6322669898252445 2.0050212227635074 5.9017445849216035
v -0.0113020000000000 0.0358280000000000 0.0290140000000000
vn 2.3822591079069917 -2.5124609961649691 4.2214446154130751
v 0.0180900000000000 -0.0375230000000000 0.0269580000000000
vn 2.1999319829816466 -4.8138269579438084 3.3849703846732315
v 0.0152230000000000 -0.0396290000000000 0.0257820000000000
vn 0.0000299151489722 -0.0014834311926248 -6.2831851316218277
v 0.0061880000000000 0.0082430000000000 -0.0300010000000000
vn -4.1615618348503061 -4.5119429938657367 -1.3393749100005496
v -0.0308839230769231 -0.0341584615384615 -0.0136216923076923
vn -3.3995493686516038 0.2617254992144776 -3.0888655227965138
v -0.0350000000000000 0.0237094285714286 0.0166458571428571
vn -6.2620976081670570 -0.0960258682558573 0.3575794725154652
v -0.0474020000000000 -0.0007210000000000 0.0034600000000000
vn -0.0000401037510454 -0.0013340880694319 -6.2831851621831882
v 0.0123750000000000 0.0247430000000000 -0.0300050000000000
vn -4.2118998892098025 -4.4899963140561496 -1.2547289091123131
v -0.0303700000000000 -0.0350420000000000 -0.0121930000000000
vn -0.0001367038457677 0.0013849307738160 6.2831851438936042
v -0.0288750000000000 0.0082570000000000 0.0299990000000000
vn -6.0660321925866638 -1.5547041091065459 -0.3593152363117339
v -0.0459020000000000 -0.0118540000000000 -0.0034560000000000
vn -3.9463955314735077 -4.4517115670219702 -2.0198865333592506
v -0.0265155000000000 -0.0367010000000000 -0.0174155000000000
vn -5.5051969216380217 2.2505448092080607 -1.9929302419995687
v -0.0408650000000000 0.0167050000000000 -0.0205370000000000
vn 0.0000627191910380 -3.2244652049917089 0.0007334313445148
v 0.0169970000000000 -0.0407550000000000 -0.0207240000000000
vn -0.4540961919116022 6.0288062508175866 -1.6725853180129755
v -0.0033170000000000 0.0450430000000000 -0.0172070000000000
vn -0.3825877093210185 -0.2994214510072809 6.2451826419417991
v -0.0263350000000000 -0.0198800000000000 0.0300060000000000
vn 4.3723302082765079 -0.9105527114094792 -3.8954171101257553
v 0.0407630000000000 -0.0082420000000000 -0.0269970000000000
vn 4.5065449860786329 -4.3744498081237255 -0.0995106117504922
v 0.0338190000000000 -0.0333450000000000 -0.0009080000000000
vn 2.6878501968070991 -0.8445538564166444 -5.5956584232423783
v 0.0378390000000000 -0.0119450000000000 -0.0281120000000000
vn -0.0003872823955445 -3.2263326604020870 0.0012514156364574
v 0.0152070000000000 -0.0407550000000000 -0.0219780000000000
vn -0.4274877938132653 0.1973656459084479 -6.2473823914646935
v -0.0299080000000000 0.0139390000000000 -0.0300030000000000
vn -4.2266280650899191 -4.3867044132673616 1.5252382117426346
v -0.0312660000000000 -0.0333410000000000 0.0151080000000000
vn 2.6246653921991845 -4.3183552121428948 1.2663299923065381
v 0.0259140000000000 -0.0407470000000000 0.0123360000000000
vn 4.5026067251503568 -4.3816203172527901 0.0035313044853012
v 0.0322090000000000 -0.0349640000000000 0.0000090000000000
vn 0.2873185253811045 0.3879465200846350 6.2458417325653253
v 0.0198870000000000 0.0263420000000000 0.0299950000000000
vn -3.6809157200835863 5.0668334743151835 -0.3608873556533385
v -0.0278630000000000 0.0383540000000000 -0.0034680000000000
vn 1.3547060999909908 -3.3955457949065351 -5.0766472949324228
v 0.0111230000000000 -0.0394740000000000 -0.0276050000000000
vn -3.9706114942818891 -4.5468235531869796 1.7375699435021104
v -0.0294310000000000 -0.0340410000000000 0.0178020000000000
vn 4.7245393653402221 -4.1307244928706401 0.1897974077294348
v 0.0355510000000000 -0.0314660000000000 0.0017370000000000
vn -4.1479843763738096 -4.4227177002632860 1.6456461673951015
v -0.0284540000000000 -0.0359540000000000 0.0149150000000000
vn 5.5243345236123815 -2.9509346615698195 0.3592080500332870
v 0.0418040000000000 -0.0223570000000000 0.0034660000000000
vn -1.4063578802802514 5.9631616651975845 -1.3415004359446641
v -0.0105850000000000 0.0447690000000000 -0.0138180000000000
vn 4.7848983143046420 -4.0649530839210577 -0.0337379777216300
v 0.0360760000000000 -0.0308990000000000 0.0000080000000000
vn 4.6050523599861721 3.9181286189523603 1.6680998501989757
v 0.0344050000000000 0.0292700000000000 0.0171910000000000
vn 0.0000605551681857 -0.0015881301023352 -6.2831851015724318
v 0.0288750000000000 -0.0000070000000000 -0.0299990000000000
vn -0.0042168178232706 -0.0075055479596824 -6.2831720184972237
v 0.0082500000000000 -0.0247570000000000 -0.0299930000000000
vn 4.4421468102556823 -4.4425501013537616 0.0030694363050946
v 0.0334240000000000 -0.0337510000000000 0.0000090000000000
vn 1.9311775845858037 -0.8298761226923701 -5.9020162851964901
v 0.0345180000000000 -0.0148170000000000 -0.0290170000000000
vn 1.2209961186466103 -0.5258719411133023 -6.1245325110222053
v 0.0324520000000000 -0.0139300000000000 -0.0296540000000000
vn -4.7495119462215172 4.0403849296483623 -0.6731546371911203
v -0.0358970000000000 0.0305340000000000 -0.0069310000000000
vn 4.4449399408008166 -4.4364777492544540 0.1822017853479574
v 0.0326050000000000 -0.0345250000000000 0.0018800000000000
vn 4.4566938576125805 -4.3869216046790971 0.6047228775053566
v 0.0316520000000000 -0.0351480000000000 0.0056840000000000
vn 2.8304034067834789 -4.4977699214527105 -3.3499951214904615
v 0.0180180000000000 -0.0396630000000000 -0.0236400000000000
vn -0.4875397285193095 1.2265075264188039 -6.1263941769435606
v -0.0129670000000000 0.0328380000000000 -0.0296650000000000
vn 4.6252207873959366 -4.2475901377357159 -0.0233530564333777
v 0.0349680000000000 -0.0321480000000000 0.0000090000000000
vn -2.0361201150848602 0.5146859873366399 -5.9028591294779176
v -0.0364100000000000 0.0092220000000000 -0.0290230000000000
vn 4.9750339749428312 -3.5424200156884162 1.4493149339776989
v 0.0284770000000000 -0.0377990000000000 0.0099000000000000
vn 0.7526197907820620 -5.3955397110344459 -2.0553712254269225
v 0.0108260000000000 -0.0407560000000000 -0.0265690000000000
vn -5.3328387841742337 -2.8483923507279187 1.6697117180809862
v -0.0398420000000000 -0.0212760000000000 0.0172030000000000
vn -5.9660597289849244 1.3958230841670483 -1.3401939871554776
v -0.0447970000000000 0.0104790000000000 -0.0138100000000000
vn -5.9776816633005998 0.9072165910542078 -1.6685986378312685
v -0.0446570000000000 0.0067790000000000 -0.0171980000000000
vn 5.2142850198054473 -3.0468345029874655 1.7048658862325845
v 0.0277025000000000 -0.0389100000000000 0.0100900000000000
vn -0.3898055083825418 2.0636847368735962 -5.9029432135897446
v -0.0070200000000000 0.0368920000000000 -0.0290290000000000
vn 0.0003739531335944 -0.0006471118996594 -3.4557210017823943
v 0.0049930000000000 -0.0163850000000000 -0.0299950000000000
vn 2.5961728246214442 1.1303267595956226 5.5869027397457476
v 0.0364640000000000 0.0156510000000000 0.0281130000000000
vn 0.0004678252768450 -0.0018017185332993 -6.2831849951048699
v 0.0020620000000000 -0.0082570000000000 -0.0299970000000000
vn -5.7584385633951101 -1.4872223462537528 1.9929381546615759
v -0.0427460000000000 -0.0110400000000000 0.0205370000000000
vn 0.0002488592989170 -0.0007033790533448 -3.4557211075801249
v -0.0016220000000000 -0.0130140000000000 -0.0299960000000000
vn 3.7726274737331775 -4.5266775908518149 -2.1758849107546792
v 0.0280490000000000 -0.0333500000000000 -0.0221640000000000
vn -0.0006975973397102 -3.3434520206864495 0.0015817366178968
v -0.0064760000000000 -0.0407440000000000 0.0260210000000000
vn 0.6026941611810691 2.0134837523269611 5.9022110882561307
v 0.0107700000000000 0.0359910000000000 0.0290140000000000
vn -0.7095817811696327 -1.9427898350574921 5.9237977765605683
v -0.0055340000000000 -0.0393590000000000 0.0286960000000000
vn -0.5885939368063660 -1.6597592113541930 6.0258708059850852
v -0.0066920000000000 -0.0379270000000000 0.0289950000000000
vn -2.7746585548998062 5.4637296915491627 1.3388196664392369
v -0.0208050000000000 0.0410370000000000 0.0137990000000000
vn -0.6657648963441384 -4.8134195259618515 2.5759655925036329
v -0.0082090000000000 -0.0407430000000000 0.0275110000000000
vn 1.1643036037882635 0.6434545940690556 6.1244924654414783
v 0.0309140000000000 0.0170740000000000 0.0296550000000000
vn -5.5910687249795661 2.7633009354206126 0.6668179867421048
v -0.0422350000000000 0.0209110000000000 0.0069200000000000
vn -2.9307760408773684 0.6114659595167178 3.2922762889756876
v -0.0393090000000000 0.0248730000000000 0.0112130000000000
vn -0.0000000000000000 -0.0015231963933456 -6.2831851225497228
v -0.0082500000000000 0.0164930000000000 -0.0300030000000000
vn -0.0062811140120904 4.0665919491067486 4.6810504071178904
v -0.0380840000000000 0.0218313333333333 0.0117030000000000
vn -0.5283453596996379 -1.3156418442303588 6.1144288636183610
v -0.0125960000000000 -0.0333380000000000 0.0295930000000000
vn -5.0463274227836568 3.5892433920976123 0.9972522746104171
v -0.0380330000000000 0.0270350000000000 0.0103730000000000
vn 0.3231263584900009 0.3609757842582763 6.2457025736671801
v 0.0222320000000000 0.0243940000000000 0.0299950000000000
vn 2.3017678554084933 5.5911630976697229 1.6675071968356636
v 0.0171970000000000 0.0417710000000000 0.0171880000000000
vn -3.3858854214861558 -4.5194146638855708 2.7523965446369791
v -0.0218940000000000 -0.0381820000000000 0.0218420000000000
vn 2.9914287783483835 -1.0007905546319407 -2.9377131323012895
v 0.0350000000000000 0.0249563478260870 0.0165353478260870
vn 1.5815743319236497 -2.3155804460372762 -5.6125380142940982
v 0.0218790000000000 -0.0333520000000000 -0.0280060000000000
vn -0.5005301166038574 -1.4550164138920940 6.0871168288678223
v -0.0078240000000000 -0.0364380000000000 0.0292750000000000
vn 2.9756619703293405 -0.2501102040918227 -1.4409046866544806
v 0.0373610000000000 0.0259130000000000 0.0160770000000000
vn -6.2110033741392581 0.9137207092591302 -0.0007440202125701
v -0.0469950000000000 0.0069100000000000 -0.0000010000000000
vn 0.0000000000000004 -0.0015231963933434 -6.2831851225497228
v -0.0165000000000000 0.0082430000000000 -0.0300010000000000
vn -4.7152244373140091 4.0107862916808372 -1.0083268915462127
v -0.0355410000000000 0.0302310000000000 -0.0103850000000000
vn 3.5101317485648931 -3.0332286431729862 -0.7277405566576649
v 0.0350000000000000 0.0262543666666667 0.0148817333333333
vn 0.6177435682142797 1.1699629408078920 6.1255358317275146
v 0.0164530000000000 0.0312520000000000 0.0296520000000000
vn -2.8000322598811076 -0.2975131367467241 5.5960924023279075
v -0.0394550000000000 -0.0042030000000000 0.0281180000000000
vn -0.1907736787195357 -0.4454230893851242 6.2454553379787230
v -0.0119210000000000 -0.0307640000000000 0.0300080000000000
vn -0.8716851483232309 6.2167842333733843 0.0030157025642033
v -0.0066870000000000 0.0470270000000000 -0.0000100000000000
vn 0.2615177277333173 2.8055065289563581 5.5960463361807413
v 0.0036060000000000 0.0395210000000000 0.0281070000000000
vn -2.0564566144181367 -0.4281636998474523 5.9025488663933734
v -0.0367680000000000 -0.0076740000000000 0.0290240000000000
vn -1.2677021364495027 -0.3991428849205768 6.1245705377802864
v -0.0336760000000000 -0.0106180000000000 0.0296620000000000
vn 5.5964064063639469 2.2884145749053473 1.6683752223352502
v 0.0418090000000000 0.0170990000000000 0.0171940000000000
vn -3.6012454126460751 4.9569381042292795 -1.3408011491520955
v -0.0270400000000000 0.0372190000000000 -0.0138160000000000
vn 5.0874214118846801 3.1679308684115535 1.8087428332784588
v 0.0377190000000000 0.0229480000000000 0.0205290000000000
vn -0.4016049117632970 -0.2463637501501005 6.2475979860375270
v -0.0280580000000000 -0.0173650000000000 0.0300050000000000
vn 1.8223995343276493 5.6619936279065790 1.9906354051195856
v 0.0135250000000000 0.0420320000000000 0.0205250000000000
vn 3.1867290970948430 4.1806064475708826 -0.1533252321460928
v 0.0404730000000000 0.0210970000000000 0.0153840000000000
vn -0.4542263166162437 -0.1260000792779184 6.2475841360522937
v -0.0317410000000000 -0.0090240000000000 0.0300030000000000
vn 2.3233804672627909 -1.6052769289877264 -5.5919832398215643
v 0.0327160000000000 -0.0224560000000000 -0.0281090000000000
vn 2.7486379159030299 -2.8635891303954875 -3.9828209490695152
v 0.0210438000000000 -0.0358888000000000 -0.0269804000000000
vn -3.6391329646584341 5.0077198288598161 -1.0079313835676966
v -0.0274250000000000 0.0377480000000000 -0.0103870000000000
vn -3.6881133424687018 -4.6246110557536957 2.1175447774428120
v -0.0258600000000000 -0.0361260000000000 0.0199070000000000
vn 1.8546705881783105 -4.8565028794952134 -1.8651619330319398
v 0.0204590000000000 -0.0407550000000000 -0.0201090000000000
vn -0.2592076885992980 -1.2767729392141125 6.1425922632271606
v -0.0031910000000000 -0.0378480000000000 0.0292600000000000
vn 2.4645001242293190 -1.3618249930610040 -5.5968537702816405
v 0.0347360000000000 -0.0191840000000000 -0.0281100000000000
vn -5.5418148249471999 -2.4170133170601229 1.6692465014121267
v -0.0414020000000000 -0.0180550000000000 0.0172020000000000
vn -0.4670178369731004 -4.2366680670330954 2.9082075006498225
v -0.0055160000000000 -0.0407430000000000 0.0281740000000000
vn -3.4551400119726812 -4.6713567469994040 2.3897506547317575
v -0.0238360000000000 -0.0368710000000000 0.0215930000000000
vn -3.6432530099616054 -4.3910919166762197 2.6305491889361639
v -0.0231200000000000 -0.0381170000000000 0.0203460000000000
vn 0.3812174754919974 1.2691644511666247 6.1252293512597484
v 0.0101250000000000 0.0338370000000000 0.0296510000000000
vn -0.0003311925221131 -3.2498454031911210 0.0019938583921459
v -0.0037640000000000 -0.0407440000000000 0.0268480000000000
vn 4.1167134546274724 -4.2228951369360894 -2.1535433185358137
v 0.0300600000000000 -0.0315490000000000 -0.0221700000000000
vn 3.8409060197295180 -2.2668304710538503 -3.9157369288842290
v 0.0358470000000000 -0.0210880000000000 -0.0269940000000000
vn 4.1503167037169213 -4.2663475469568084 -1.9984143956918927
v 0.0304570000000000 -0.0319660000000000 -0.0205250000000000
vn -4.0232832140029267 4.7047182499860885 -1.0082213415214212
v -0.0303260000000000 0.0354590000000000 -0.0103860000000000
vn -5.6129728209433907 2.7778973605331330 0.3589986896004568
v -0.0424860000000000 0.0210350000000000 0.0034550000000000
vn 3.6651503818146152 -4.6102764137693182 -2.1849693309301572
v 0.0268678571428572 -0.0342601428571429 -0.0222685714285714
vn 3.6888915346574276 -4.5084922589289729 -2.3466611129503012
v 0.0268620000000000 -0.0333510000000000 -0.0241330000000000
vn -2.9874018029660476 -4.8360075831343794 2.6751153762344040
v -0.0210249473684210 -0.0370087368421053 0.0249342105263158
vn -3.1091559429712210 -4.6630202505983078 2.8376923568979029
v -0.0205840000000000 -0.0382480000000000 0.0232510000000000
vn -3.2851798018735101 -0.9734194950743248 1.2262141391214973
v -0.0374310000000000 0.0267480000000000 0.0138170000000000
vn 0.9248742181825856 0.9399368254832765 6.1261958060727526
v 0.0247220000000000 0.0252220000000000 0.0296530000000000
vn -0.4335351608347546 6.2629126903292365 -0.0005360062446982
v -0.0033210000000000 0.0473840000000000 -0.0000100000000000
vn 5.3786990099961596 2.7400195058431440 1.6916122091384882
v 0.0403260000000000 0.0203520000000000 0.0171930000000000
vn 1.6359969210171297 -2.6548758861855570 -5.4455428096483001
v 0.0214060000000000 -0.0341730000000000 -0.0277690000000000
vn -3.2415781998588034 -4.7205545488763434 2.5838181243961968
v -0.0221355000000000 -0.0372810000000000 0.0231075000000000
vn -0.2503709917303009 -0.4081950103237959 6.2462397198671207
v -0.0173730000000000 -0.0280500000000000 0.0300080000000000
vn 0.5298323222303034 0.2460778781390779 -5.8638897424038188
v 0.0365420000000000 0.0236000000000000 0.0169680000000000
vn 0.0157043838956946 5.8794859004422957 -1.9039068371607932
v 0.0380840000000000 0.0209974615384615 0.0151086538461538
vn -0.3214812798823957 -0.9401458995848350 6.1991398521933201
v -0.0094420000000000 -0.0333380000000000 0.0298000000000000
vn 2.8990117735873584 1.5820474432890936 -2.5809832550836029
v 0.0350000000000000 0.0221270714285714 0.0162777857142857
vn 4.0291697443028260 0.0000000000000000 0.0000000000000000
v 0.0350000000000000 0.0236910000000000 0.0156656000000000
vn 4.6475697640052447 -3.5156775489090002 -2.3191536434295381
v 0.0342210000000000 -0.0259670000000000 -0.0237970000000000
vn -1.8460326142028320 -4.9853146481781465 1.7511682219770184
v -0.0204600000000000 -0.0407450000000000 0.0201300000000000
vn 3.7548645988469973 -4.6082453186450554 -2.0327151991964043
v 0.0277340000000000 -0.0342800000000000 -0.0206955000000000
vn 4.7387877095964486 -3.5947966363610906 -1.9912021797603334
v 0.0351730000000000 -0.0266890000000000 -0.0205260000000000
vn -0.7946982053898428 -1.8020584226447938 5.9561605179279908
v -0.0134680000000000 -0.0349340000000000 0.0290960000000000
vn 0.2116871256028293 0.4297058798088083 6.2464943075257207
v 0.0147090000000000 0.0295480000000000 0.0299940000000000
vn -2.8029495861625104 5.5201550662958985 1.0057917733285888
v -0.0211010000000000 0.0416200000000000 0.0103690000000000
vn 0.0010821929522064 -0.0008268823660044 -3.4557216857305963
v 0.0042470000000000 -0.0149210000000000 -0.0299960000000000
vn -6.1672412363404554 1.1615623899156506 0.0294724531916794
v -0.0467100000000000 0.0086250000000000 -0.0000010000000000
vn 2.7559857626258770 0.5756827276532408 5.5968455056969892
v 0.0388390000000000 0.0081210000000000 0.0281150000000000
vn 3.1305256440498455 -4.6871764806006944 -2.7746491139808080
v 0.0209770000000000 -0.0378860000000000 -0.0234180000000000
vn 2.9852023197982707 -4.8343635876513913 -2.6811324463215773
v 0.0207680000000000 -0.0373430000000000 -0.0246100000000000
vn 3.2278894639898237 -4.7562853220065211 -2.5353999975334061
v 0.0224575000000000 -0.0369670000000000 -0.0232865000000000
vn -0.0000000000000019 -0.0015231963933478 -6.2831851225497237
v 0.0082500000000000 -0.0165070000000000 -0.0299950000000000
vn -1.1633324398684572 -0.6395857151776286 6.1250948284337561
v -0.0309140000000000 -0.0170600000000000 0.0296630000000000
vn 1.2673085360476977 0.4021700833693578 6.1244694251971179
v 0.0336760000000000 0.0106320000000000 0.0296570000000000
vn 3.6916018989912702 -4.6403153128954102 -2.0760239405980387
v 0.0263965000000000 -0.0355605000000000 -0.0202210000000000
vn 3.4236062974445218 -4.6858018793748260 -2.4070206194713277
v 0.0235710000000000 -0.0368960000000000 -0.0219235000000000
vn 3.6195077348095412 -4.6258528925519853 -2.2300067273456525
v 0.0250400000000000 -0.0365280000000000 -0.0204320000000000
vn -6.0717683944173357 1.4208496035552809 -0.6719279898831524
v -0.0458880000000000 0.0107360000000000 -0.0069260000000000
vn -0.3743317763143572 -0.0213166987352369 6.1943308277767235
v -0.0380840000000000 0.0237030909090909 0.0110323636363636
vn -1.4315975735963908 6.0687845766851556 -0.6734660690177378
v -0.0108430000000000 0.0458620000000000 -0.0069340000000000
vn -0.1362905060874239 -0.3809604517233484 6.2569368606700673
v -0.0090310000000000 -0.0317330000000000 0.0300080000000000
vn 1.3651806750768516 5.7890137874726921 1.9911739639123072
v 0.0101580000000000 0.0429700000000000 0.0205240000000000
vn 0.8127892734704376 2.6985191216132667 5.5952962628511633
v 0.0113770000000000 0.0380190000000000 0.0281080000000000
vn 4.4469587672512834 -3.9507420825936292 -1.9918699742213533
v 0.0329520000000000 -0.0293880000000000 -0.0205260000000000
vn 3.9508566179278106 -4.4671915315320092 -1.9740142589549592
v 0.0291280000000000 -0.0333500000000000 -0.0201450000000000
vn 0.3564249880211841 -3.8139632866288178 4.8417028464675473
v -0.0380840000000000 0.0254950000000000 0.0115554000000000
vn -0.0000000034312323 -0.0007925769851224 -3.4558726300894174
v 0.0000000000000000 -0.0127570000000000 -0.0299960000000000
vn -2.8826760583533364 3.7995611717410203 2.5484044602495048
v -0.0410390000000000 0.0216630000000000 0.0118420000000000
vn -3.6681617090308194 -4.5765838263216967 2.2523090374433576
v -0.0249240000000000 -0.0368000000000000 0.0200590000000000
vn -5.7322069898345358 2.3199239234678868 1.0355465440684453
v -0.0433220000000000 0.0173350000000000 0.0103750000000000
vn 0.2178627873307917 2.0900116767023844 -5.9017148100952461
v 0.0039850000000000 0.0373420000000000 -0.0290300000000000
vn 3.7367930629601585 -4.6316502996984221 2.0136818422061502
v 0.0267950000000000 -0.0354480000000000 0.0197530000000000
vn 5.0145758208773108 -3.1980880336226267 1.9934706081580333
v 0.0372390000000000 -0.0237100000000000 0.0205400000000000
vn -0.0002449590480655 -0.0034927030812183 -3.4566928833127166
v -0.0030860000000000 -0.0222550000000000 -0.0299940000000000
vn -1.5356878360000406 -5.1669135647048927 -1.8453263101339783
v -0.0181050000000000 -0.0407550000000000 -0.0222490000000000
vn -2.7400670850907662 -0.6587703109233657 -5.5954386246418339
v -0.0385880000000000 -0.0092460000000000 -0.0281130000000000
vn -0.0006011944139924 0.0009933354753245 3.3263842591686288
v 0.0121260000000000 -0.0132950000000000 0.0300040000000000
vn -1.2757320567033128 -2.3348063169960951 -5.6857880769137461
v -0.0190460000000000 -0.0341490000000000 -0.0283910000000000
vn 2.0955408229707095 -4.8085734809737728 1.6395525934769406
v 0.0222658888888889 -0.0407460000000000 0.0181083333333333
vn 3.8456638419038454 -4.6094950454341195 1.8537637488509033
v 0.0276850000000000 -0.0353960000000000 0.0181310000000000
vn 1.9415726766668591 -4.8428306416945190 1.7925520978574392
v 0.0211900000000000 -0.0407450000000000 0.0193610000000000
vn -0.4641536115375099 -0.0840843062779528 -6.2475111478906458
v -0.0324990000000000 -0.0057370000000000 -0.0299980000000000
vn -0.0426625903539595 0.4684412964710095 -6.2476136248304979
v -0.0028760000000000 0.0328670000000000 -0.0300070000000000
vn 4.1098310246430154 -4.5211009753893370 1.4631501618112395
v 0.0300110000000000 -0.0346570000000000 0.0145810000000000
vn -0.0577559712588672 5.5004553316419011 2.5412629527624282
v -0.0373800000000000 -0.0179960000000000 -0.0151160000000000
vn -0.3291180222171827 3.4368417211879310 4.8981789761007528
v -0.0373800000000000 -0.0169270000000000 -0.0164403333333333
vn -2.7103957621369936 -4.7417082881228110 -3.1033421346227650
v -0.0180860000000000 -0.0388540000000000 -0.0247335000000000
vn 4.0621318977021055 4.7299758079732621 -0.6729503871036278
v 0.0306360000000000 0.0358100000000000 -0.0069310000000000
vn 4.2821579745854779 -3.8001793415930423 2.5857552474567913
v 0.0245250000000000 -0.0387160000000000 0.0172860000000000
vn 3.8653540045529908 2.2380090717673315 -3.8964849758583755
v 0.0360150000000000 0.0207870000000000 -0.0270040000000000
vn 4.5654644768951851 -3.4113981692695172 2.6421563250070852
v 0.0249120000000000 -0.0393710000000000 0.0157230000000000
vn 3.8996754955926503 -4.3651741618435134 2.2816513801803473
v 0.0250650000000000 -0.0374060000000000 0.0186190000000000
vn 0.2728588983926462 1.2999849302309956 -6.1246831171274154
v 0.0072210000000000 0.0345590000000000 -0.0296660000000000
vn -4.7224178218072392 -3.8029018737015576 1.6307810670346834
v -0.0281350000000000 -0.0375115000000000 0.0117155000000000
vn -4.2977125336291069 -4.4254429797893531 1.1859976004717063
v -0.0322085000000000 -0.0333420000000000 0.0120835000000000
vn 1.1019853597653422 -0.7258952819313147 6.1262281625879451
v 0.0295050000000000 -0.0193930000000000 0.0296640000000000
vn -1.7475746093205689 -5.0352623479983842 -1.7955785583923838
v -0.0197010000000000 -0.0407550000000000 -0.0208510000000000
vn 2.2763912745456452 -4.6584104558605821 1.5448604096321987
v 0.0235110000000000 -0.0407460000000000 0.0164615000000000
vn -4.4005802940056666 -4.2532065543200233 1.4031267341425333
v -0.0330500000000000 -0.0320020000000000 0.0138160000000000
vn 4.8284284559685489 -3.6387320852630021 1.6699873062621839
v 0.0360690000000000 -0.0271840000000000 0.0172040000000000
vn 4.5235801453280775 -4.0163092811641379 1.6556903958302964
v 0.0338230000000000 -0.0299330000000000 0.0172050000000000
vn 4.2161348372292364 -4.3476802462338933 1.6588130051348835
v 0.0309115714285714 -0.0328518571428571 0.0173924285714286
vn 2.2758729282137722 5.4947346192446496 -1.9937348257613148
v 0.0169200000000000 0.0407740000000000 -0.0205420000000000
vn 3.5405006805794241 -4.6709808203931438 2.2604734442594014
v 0.0258320000000000 -0.0348460000000000 0.0227250000000000
vn 0.9471952537682101 5.9711022303610006 -1.6700752294015357
v 0.0070900000000000 0.0446050000000000 -0.0172060000000000
vn 3.9223902876956256 -3.7400098682982530 3.1718195423216011
v 0.0222078571428571 -0.0398208571428572 0.0191618571428571
vn 3.9614608142601861 -4.0864664940667836 2.6505427981209597
v 0.0238310000000000 -0.0384100000000000 0.0188500000000000
vn 3.6642760772642289 5.0451027629095933 -0.6734114395383890
v 0.0277100000000000 0.0381190000000000 -0.0069320000000000
vn -2.4988687175454416 -4.6874313386529476 -3.3528110183608755
v -0.0165140000000000 -0.0396960000000000 -0.0247820000000000
vn -2.8827117050355029 -4.8560576161158924 -2.7480386444452587
v -0.0205750000000000 -0.0368130000000000 -0.0257930000000000
vn -5.4403312129702588 -2.4247610602147560 1.9897698218916160
v -0.0270820000000000 -0.0400140000000000 0.0102710000000000
vn -2.8347335528007163 -4.1011969710078393 0.9512677622554911
v -0.0271170000000000 -0.0407480000000000 0.0093900000000000
vn -4.5133437123467299 -4.2941434749460221 0.8028581788646987
v -0.0310245000000000 -0.0354805000000000 0.0076030000000000
vn -5.5087664033130785 -1.9078060863533046 -2.3141444122459562
v -0.0406110000000000 -0.0139980000000000 -0.0238000000000000
vn 3.8377754787334339 -4.5857163198456892 1.9256486700399966
v 0.0282193846153846 -0.0343845384615385 0.0195160769230769
vn -4.6637721430025447 -4.0796970152295522 1.0098152159699403
v -0.0348270000000000 -0.0310520000000000 0.0103870000000000
vn -4.5280598636249803 0.0000000000000000 0.0000000000000000
v -0.0350000000000000 -0.0172019000000000 -0.0148197500000000
vn -6.1902671715153410 -0.0463971504749505 -1.0071834252432290
v -0.0466600000000000 -0.0003520000000000 -0.0103780000000000
vn -4.9699434311636015 -3.3385922780364501 1.8867569386221410
v -0.0272490000000000 -0.0385830000000000 0.0119300000000000
vn 3.9754716970061268 -4.4861206860712644 1.8768623506249931
v 0.0295490000000000 -0.0333400000000000 0.0192940000000000
vn -0.0000000000000005 -0.0015231963933478 -6.2831851225497228
v -0.0082500000000000 -0.0206320000000000 -0.0299940000000000
vn -1.3062849325138881 -5.2786746978651555 -1.8938964835386194
v -0.0164110000000000 -0.0407560000000000 -0.0235270000000000
vn -1.2084963802550006 -2.3158527667625126 -5.6983604230582765
v -0.0179640000000000 -0.0350050000000000 -0.0282870000000000
vn -2.9910043277669143 -4.6000816455660765 -3.0578114239729342
v -0.0194700000000000 -0.0387990000000000 -0.0235380000000000
vn -3.1651401153378722 -4.3143027548943911 -3.2910056259767937
v -0.0194490000000000 -0.0396290000000000 -0.0223980000000000
vn 0.4450221165201770 0.1696260677918487 -6.2466574795303984
v 0.0307720000000000 0.0119140000000000 -0.0300020000000000
vn -1.1185005792657550 -5.3620778299291993 -1.9184367853213371
v -0.0146280000000000 -0.0407560000000000 -0.0246770000000000
vn -1.1245443473373085 -2.0374678180719004 -5.8293381353822271
v -0.0188420000000000 -0.0333520000000000 -0.0287390000000000
vn 1.7553318132482185 -1.1527356311061692 5.9027278962961622
v 0.0313840000000000 -0.0206290000000000 0.0290280000000000
vn 3.5711413690826008 -4.6994890710010271 2.1517638122392313
v 0.0258280000000000 -0.0355040000000000 0.0213240000000000
vn 5.2258571463363941 2.5916864544387490 -2.3070632729488683
v 0.0384950000000000 0.0190520000000000 -0.0238080000000000
vn -4.2662115668073382 -4.4855311677115912 1.0710387550120584
v -0.0318540000000000 -0.0339760000000000 0.0109150000000000
vn 0.9366503849882178 6.1195411775500004 1.0052277483638010
v 0.0070130000000000 0.0461330000000000 0.0103680000000000
vn -2.9613192120484619 -0.1869445744906090 -1.5090219157947196
v -0.0373820000000000 0.0258590000000000 0.0161310000000000
vn -1.8392025847810727 5.6566094144810801 1.9909246408325294
v -0.0136550000000000 0.0419900000000000 0.0205240000000000
vn -4.2760995987083588 -4.2677799839245623 -1.7233334091203574
v -0.0277240000000000 -0.0368890000000000 -0.0143080000000000
vn -4.2347991382530035 -4.3529926882914314 -1.6090568478876057
v -0.0283800000000000 -0.0362980000000000 -0.0141630000000000
vn 2.3966357592102510 5.7863345691609895 -0.3596024148888042
v 0.0181680000000000 0.0437870000000000 -0.0034690000000000
vn 0.0002346580511299 -0.0018462654432580 -6.2831850119444255
v -0.0061880000000000 -0.0041320000000000 -0.0299980000000000
vn 5.8206810998932799 0.4150296444292814 2.3024362395695972
v 0.0428430000000000 0.0030790000000000 0.0238050000000000
vn 0.0000000000000004 -0.0015231963933474 -6.2831851225497228
v -0.0247500000000000 -0.0082570000000000 -0.0299970000000000
vn 3.1938436358682010 5.2284268625783499 -1.3413447570895762
v 0.0239580000000000 0.0392740000000000 -0.0138160000000000
vn 4.1148686757236277 -1.7294565970342415 3.8983624359439535
v 0.0383240000000000 -0.0161390000000000 0.0270050000000000
vn 3.4945281816666576 4.8122943297464023 -1.9928414684138591
v 0.0259590000000000 0.0357070000000000 -0.0205410000000000
vn -5.9073529080592042 -2.1223108075308001 0.0118906610784077
v -0.0447520000000000 -0.0159230000000000 0.0000040000000000
vn -0.0426348241620556 0.4711640493698189 6.2474433396082283
v -0.0030450000000000 0.0328660000000000 0.0299930000000000
vn 0.0150463730080275 6.2552786537561476 0.4905496068274017
v 0.0000000000000000 0.0472920000000000 0.0051860000000000
vn -5.8867891778687440 0.8490736694914663 1.9920475135098841
v -0.0436980000000000 0.0063030000000000 0.0205330000000000
vn -6.2500015884040874 0.3997818212235284 0.3587296089740997
v -0.0473110000000000 0.0030310000000000 0.0034590000000000
vn -6.1628219057629625 -0.5840972894021800 1.0075281949287032
v -0.0464530000000000 -0.0043970000000000 0.0103800000000000
vn -3.1491530267567738 -3.0548590210002997 -0.6239875642601621
v -0.0350000000000000 0.0263316000000000 0.0150171200000000
vn -5.4610328052653916 -2.9163015362615461 -1.0063967484509408
v -0.0411460000000000 -0.0220080000000000 -0.0103730000000000
vn 5.2663885575695089 3.4154996682171039 -0.0002414217034867
v 0.0398970000000000 0.0257780000000000 -0.0000050000000000
vn 5.3956241869616113 3.2093135518290623 0.0020875966518211
v 0.0408010000000000 0.0243210000000000 -0.0000050000000000
vn 0.1925789724796311 -0.4487042033341646 6.2449784141937155
v 0.0119210000000000 -0.0307640000000000 0.0300080000000000
vn 0.5194435752703404 -1.2328472785254643 6.1285743577284091
v 0.0125780000000000 -0.0333380000000000 0.0295940000000000
vn -4.5033686360271625 -3.8473546132438745 -2.0915467673550481
v -0.0264310000000000 -0.0381630000000000 -0.0146040000000000
vn -4.1839319527891137 -4.2332038825605700 -2.0036098936695241
v -0.0266050000000000 -0.0372570000000000 -0.0160260000000000
vn -2.0132681822150857 0.6033363040985653 5.9022097872043986
v -0.0359840000000000 0.0107770000000000 0.0290200000000000
vn 1.2897214073631305 -2.5891681275090757 5.5491254470724707
v 0.0157720000000000 -0.0366030000000000 0.0280870000000000
vn 4.1847813818424484 -1.4698756960080133 3.9225699327818462
v 0.0393110000000000 -0.0135590000000000 0.0270050000000000
vn -0.0000000000000007 -0.0015231963933443 -6.2831851225497228
v 0.0082500000000000 0.0041180000000000 -0.0300000000000000
vn -2.6061205774518688 1.0661101856312241 5.5968999165624549
v -0.0367330000000000 0.0150100000000000 0.0281130000000000
vn -5.5623737318559794 1.7378756137107316 2.3193168547909409
v -0.0410170000000000 0.0127590000000000 0.0238020000000000
vn -4.2432828649229819 -4.4124011241824475 -1.4071081804310859
v -0.0315620000000000 -0.0333480000000000 -0.0142210000000000
vn 3.8749355225408912 4.5105219792876019 -1.9935143637201111
v 0.0287000000000000 0.0335440000000000 -0.0205410000000000
vn -3.1318858924867294 -3.1819234251785709 -3.9036028127334852
v -0.0291180000000000 -0.0296980000000000 -0.0269930000000000
vn -3.0445497231411527 -1.0311358475320052 -2.9341490515251025
v -0.0350000000000000 0.0249829545454545 0.0165170000000000
vn -4.3139747011940628 -4.4275201004511437 -1.1223475698855609
v -0.0305475000000000 -0.0353025000000000 -0.0105705000000000
vn -0.0000000000000004 -0.0015231963933464 -6.2831851225497237
v -0.0165000000000000 -0.0165070000000000 -0.0299950000000000
vn -5.6794353561622861 1.7660982728536589 1.9920245231910498
v -0.0421590000000000 0.0131130000000000 0.0205310000000000
vn 1.9407776476137899 -3.7411325355212117 4.3105699543967608
v 0.0150442000000000 -0.0389912000000000 0.0268586000000000
vn -4.5480285478060551 -4.2025753620305348 -1.0536238413557286
v -0.0300660000000000 -0.0361700000000000 -0.0090260000000000
vn -6.0442089121721629 -1.5382556181090301 -0.6607170084379503
v -0.0456310000000000 -0.0117850000000000 -0.0069200000000000
vn -0.4884509234897205 6.0276022728553817 1.6675229926457238
v -0.0035210000000000 0.0450360000000000 0.0171870000000000
vn 0.0000000000000000 -0.0009320726011081 -3.4561254787864861
v -0.0060000000000000 -0.0000070000000000 -0.0299990000000000
vn -3.0999320729689765 5.0763430227479134 1.9910969151166522
v -0.0229900000000000 0.0376960000000000 0.0205250000000000
vn -0.9143060393947027 5.7662451819918825 2.2961252794475726
v -0.0067420000000000 0.0424270000000000 0.0237950000000000
vn 0.0150405916896893 6.1661369990529593 1.1617407176437013
v 0.0000000000000000 0.0463580000000000 0.0120980000000000
vn 1.9294811646410239 5.9296269363059526 -0.6738601975801970
v 0.0145760000000000 0.0448150000000000 -0.0069340000000000
vn -4.0580636543177881 -4.5125453132815032 -1.6266956402947415
v -0.0284230000000000 -0.0357170000000000 -0.0156400000000000
vn -0.1695086339326617 0.4419823916700625 6.2474783985486972
v -0.0119210000000000 0.0307790000000000 0.0299930000000000
vn -4.2407154937570208 -4.3800447262653162 -1.5077579145247670
v -0.0312630000000000 -0.0333480000000000 -0.0150980000000000
vn 1.3129330226297187 6.1383087433984072 -0.0040596587011824
v 0.0100740000000000 0.0464190000000000 -0.0000100000000000
vn -0.5236246191664036 1.2229443814982202 6.1244527241798998
v -0.0139230000000000 0.0324590000000000 0.0296510000000000
vn 0.3001031811307674 0.3809373393503074 -6.2454607010828411
v 0.0198870000000000 0.0263270000000000 -0.0300050000000000
vn 0.7377907497528018 -5.4264954953267992 2.0246009597768109
v 0.0108260000000000 -0.0407440000000000 0.0265900000000000
vn -3.9597646414610628 -4.5455446468011118 -1.7667093391845072
v -0.0293260000000000 -0.0339250000000000 -0.0183390000000000
vn -4.7028308252231179 -4.0733770498274344 -0.8406941334860663
v -0.0351330000000000 -0.0310980000000000 -0.0086450000000000
vn -4.3285614878282477 -4.4715955079024567 -0.8611854430076011
v -0.0318960000000000 -0.0344180000000000 -0.0086760000000000
vn 1.2241211017238900 -0.5005454675339206 6.1256480701968883
v 0.0326900000000000 -0.0133450000000000 0.0296630000000000
vn 0.9431646142116867 6.1640351022053910 0.6711379273535372
v 0.0070830000000000 0.0465940000000000 0.0069140000000000
vn 3.0997981621505661 5.0756079649167063 -1.9930532963229015
v 0.0229900000000000 0.0376860000000000 -0.0205420000000000
vn -2.7499273415186676 -4.2034415063506385 -1.0828806152089969
v -0.0265515000000000 -0.0407525000000000 -0.0108560000000000
vn -5.9843081213976683 0.8628111988854494 1.6687632287737451
v -0.0447070000000000 0.0064470000000000 0.0171960000000000
vn -5.6879095082945357 1.2909995758827659 2.3083926884221726
v -0.0418970000000000 0.0094760000000000 0.0238030000000000
vn -4.7550396698530388 3.3824754135057220 2.3024552410917396
v -0.0350110000000000 0.0248910000000000 0.0237990000000000
vn -5.3335256950724270 -2.8488380221831693 -1.6678092606337609
v -0.0398310000000000 -0.0213060000000000 -0.0171910000000000
vn -6.1265026004789984 -0.0932928463904460 1.3398346418192291
v -0.0460020000000000 -0.0006970000000000 0.0138090000000000
vn 1.3577851786210209 -3.3933117970478737 5.0763564209159480
v 0.0111230000000000 -0.0394610000000000 0.0276260000000000
vn 5.7549726626451969 -0.9605223874657285 2.3024414547601015
v 0.0423650000000000 -0.0070790000000000 0.0238070000000000
vn -4.7925394289451955 -3.8694479793948986 -1.2192601926952875
v -0.0292420000000000 -0.0370675000000000 -0.0091910000000000
vn 0.9504003856542618 -1.8761537937861699 5.9078886326812068
v 0.0172640000000000 -0.0333380000000000 0.0290350000000000
vn 0.4668193327349465 6.2461247919428962 0.3572675655483188
v 0.0034820000000000 0.0472800000000000 0.0034490000000000
vn -4.7703490248294473 -3.5477049579777535 -2.0181447909109287
v -0.0269280000000000 -0.0384545000000000 -0.0129710000000000
vn -6.1579636337449548 -1.2143522047097053 -0.0046489396389603
v -0.0466370000000000 -0.0090150000000000 0.0000030000000000
vn -6.2078592328859354 -0.5882715622410349 0.6722986151776560
v -0.0469180000000000 -0.0044420000000000 0.0069260000000000
vn -5.5365178986144219 -2.2786346959067667 -1.8984725294600868
v -0.0272620000000000 -0.0400690000000000 -0.0096790000000000
vn -4.2648540976518898 -4.4278220522545144 -1.2879260611652932
v -0.0318280000000000 -0.0333480000000000 -0.0133840000000000
vn -0.0000605626731247 0.0015881112531530 6.2831851015761062
v 0.0288750000000000 0.0000070000000000 0.0300010000000000
vn -4.4255025546886575 -4.2076436131065300 -1.4508232068819007
v -0.0332180000000000 -0.0318340000000000 -0.0137990000000000
vn -4.4569582726358519 -4.2646938791234312 -1.1800054702877296
v -0.0334710000000000 -0.0320760000000000 -0.0120890000000000
vn 4.3759503388196901 -0.8899703119414860 3.9099464229171108
v 0.0407620000000000 -0.0082290000000000 0.0270040000000000
vn 5.6059700076818757 2.8259290335489560 -0.0012130873840425
v 0.0424300000000000 0.0213530000000000 -0.0000040000000000
vn -0.0006782685290002 -0.0005663938477478 -3.4553577436286362
v -0.0057060000000000 0.0018470000000000 -0.0300000000000000
vn 0.0032329434367017 6.1284127113533211 1.3514421214942556
v 0.0000000000000000 0.0460080000000000 0.0138100000000000
vn -0.0276235936742034 6.0844483876166420 0.6251187907294607
v -0.0365420000000000 0.0208026190476190 0.0135558095238095
vn -2.3602671635080963 2.1844700857088357 1.9289938670508939
v -0.0350000000000000 0.0211550000000000 0.0124950000000000
vn 4.2780974174718507 -4.4828986731686236 -1.0371178430088976
v 0.0315020000000000 -0.0344360000000000 -0.0103730000000000
vn 4.4513834481422752 -4.2537122877490958 -1.2485889286984901
v 0.0295850000000000 -0.0362080000000000 -0.0107710000000000
vn -5.5020171179556048 3.0216476430171570 -0.0008800090737764
v -0.0416450000000000 0.0228460000000000 -0.0000050000000000
vn -5.5912602887825704 2.8213122831007045 -0.3605680509561139
v -0.0423250000000000 0.0213550000000000 -0.0034640000000000
vn 4.3868913394651772 -4.4010497963152631 -0.9269110442101853
v 0.0309825000000000 -0.0352735000000000 -0.0088490000000000
vn 0.0005654976701989 -0.0014977035389934 -6.2831850823914515
v -0.0041250000000000 0.0082430000000000 -0.0300010000000000
vn 0.0176225841112219 5.8987052231788732 2.1400979745740116
v 0.0000000000000000 0.0435740000000000 0.0221820000000000
vn -3.2795836506833407 5.3530771817485912 -0.0011961136203827
v -0.0248060000000000 0.0405080000000000 -0.0000090000000000
vn -0.3031649077833879 0.3589677735955474 -6.2478279288259735
v -0.0212120000000000 0.0252720000000000 -0.0300050000000000
vn 0.0001452596881240 -3.2488237590061546 0.0001643875541610
v -0.0113560000000000 -0.0407440000000000 0.0240330000000000
vn 0.0000000000000016 -0.0015231963933471 -6.2831851225497228
v 0.0123750000000000 -0.0082570000000000 -0.0299970000000000
vn -2.0690598826142228 -4.5200295221331528 3.7391530397647017
v -0.0165955000000000 -0.0385725625000000 0.0264263125000000
vn -6.0644884313530314 0.8743265341642081 1.3398807234416774
v -0.0455370000000000 0.0065660000000000 0.0138070000000000
vn -5.9811418753741865 1.8569605089886125 0.3522610304839115
v -0.0452700000000000 0.0140760000000000 0.0034570000000000
vn -5.1577925595850624 3.5775056160917247 0.0072509180473618
v -0.0389330000000000 0.0272110000000000 -0.0000060000000000
vn 4.4476310884701018 -3.9903493667594110 -1.9385784192485613
v 0.0270640000000000 -0.0375180000000000 -0.0144560000000000
vn 4.9411496649020652 -3.7308007553822278 -1.0066132007895014
v 0.0371740000000000 -0.0282040000000000 -0.0103710000000000
vn 5.1595848098192887 -3.3053865630669605 -1.3386771779468434
v 0.0387380000000000 -0.0248220000000000 -0.0138010000000000
vn -1.9230251413910526 2.0593812544984949 -5.5957165827859630
v -0.0271050000000000 0.0289710000000000 -0.0281220000000000
vn -0.0000000000000033 -0.0015231963933449 -6.2831851225497228
v 0.0082500000000000 -0.0041320000000000 -0.0299980000000000
vn -6.0823415716670901 1.3749171771122068 0.6717395850355951
v -0.0459680000000000 0.0103920000000000 0.0069220000000000
vn 4.1189493052759518 1.7082475995447806 3.9067543754189735
v 0.0384200000000000 0.0159210000000000 0.0269980000000000
vn 0.3232330943116372 -0.3612065992999225 -6.2456642005574121
v 0.0222320000000000 -0.0243950000000000 -0.0299930000000000
vn -1.3211766101003637 0.1262495874016542 6.1250178517297016
v -0.0351660000000000 0.0032170000000000 0.0296580000000000
vn -1.8954595699756485 5.8269955620205725 1.3384486704806302
v -0.0142300000000000 0.0437550000000000 0.0137980000000000
vn -0.4727594255782621 0.0009815594028474 6.2473125215626331
v -0.0330000000000000 0.0000070000000000 0.0300010000000000
vn -1.4571831595399702 6.0633603181741762 0.6704442501859976
v -0.0110120000000000 0.0458250000000000 0.0069140000000000
vn 5.4212769027148591 -2.8512496757958075 -1.3390649359351732
v 0.0405810000000000 -0.0216780000000000 -0.0138010000000000
vn -0.4947506231864135 6.1086339088894377 1.3380193068623814
v -0.0035870000000000 0.0458700000000000 0.0137980000000000
vn -0.9691448661513741 6.1144807528064131 1.0054118588617447
v -0.0073240000000000 0.0460850000000000 0.0103680000000000
vn 0.0039154931653210 6.0464365793409689 1.6813015793541444
v 0.0000000000000000 0.0451690000000000 0.0172020000000000
vn -6.0454176898376888 -0.0919355509904712 1.6687294481760744
v -0.0451640000000000 -0.0006840000000000 0.0171980000000000
vn -2.6690510444059892 -3.5786302983411726 3.9397060386665372
v -0.0236741818181818 -0.0341807272727273 0.0270090000000000
vn 0.0006794852345932 -0.0009787776324865 -3.4554841230887785
v 0.0035270000000000 -0.0048610000000000 -0.0299980000000000
vn -0.0004456796718106 -0.0011807041203792 -6.2831851455160557
v -0.0061870000000000 0.0041180000000000 -0.0300000000000000
vn -1.4098242021860636 -2.2208083182248872 5.6955029083099822
v -0.0203690000000000 -0.0333380000000000 0.0284220000000000
vn -4.0723637522012073 1.8407613125105571 -3.8849765411981787
v -0.0379440000000000 0.0170120000000000 -0.0270040000000000
vn 5.5700844011210533 -2.7877778833881734 0.7347014260103339
v 0.0290855000000000 -0.0388235000000000 0.0041135000000000
vn 2.1079849032278184 -4.5756406453054517 -3.6693951077920941
v 0.0166620434782609 -0.0386150000000000 -0.0262991304347826
vn -5.2465340659720052 -2.8011903425513101 1.9926856064621963
v -0.0389430000000000 -0.0207950000000000 0.0205390000000000
vn 3.0130862680978137 -3.8698221883741821 0.5082958913949939
v 0.0282040000000000 -0.0407490000000000 0.0052910000000000
vn -4.0382138414378508 -4.1885567607719008 2.3543932083823669
v -0.0296330000000000 -0.0310900000000000 0.0238130000000000
vn -0.4653550200053516 6.1732781557045042 -1.0108108732870935
v -0.0034270000000000 0.0465320000000000 -0.0103890000000000
vn 4.6855348880585694 -4.1228997921924799 -0.6731126359973316
v 0.0351750000000000 -0.0313670000000000 -0.0069150000000000
vn 4.5216097828785822 -4.3461547040243786 -0.3436080681740088
v 0.0339203636363636 -0.0331130909090909 -0.0035194545454545
vn -0.7711509133139631 1.9522515180629583 -5.9033877394590206
v -0.0137930000000000 0.0349300000000000 -0.0290290000000000
vn 2.5329870767907896 -4.4367501930812674 1.3291265032384814
v 0.0252388000000000 -0.0407470000000000 0.0136598000000000
vn -0.0005327410344124 -3.2256306901977001 0.0011739195275103
v 0.0240200000000000 -0.0407470000000000 0.0125370000000000
vn 4.1976516504446000 -4.5007229807365778 1.2624256517511985
v 0.0310173076923077 -0.0342844615384615 0.0127503846153846
vn 0.4273254615283468 -1.3025985063441594 -6.1280439533666495
v 0.0090530000000000 -0.0349000000000000 -0.0295090000000000
vn -0.0023546674483936 -0.0054285306622295 -3.4551731391723606
v -0.0016220000000000 -0.0230000000000000 -0.0299940000000000
vn -3.6704638329770862 5.0928306800065304 -0.0013533341748920
v -0.0277940000000000 0.0385200000000000 -0.0000080000000000
vn 1.5480086849428760 2.3541994570199050 5.5959170448779476
v 0.0217990000000000 0.0331600000000000 0.0281090000000000
vn -2.6511976606431045 0.9558676975113014 -5.5953659645648166
v -0.0373420000000000 0.0134080000000000 -0.0281180000000000
vn 5.2576008930701157 -3.3534254102215519 0.6728610175243038
v 0.0397510000000000 -0.0253130000000000 0.0069310000000000
vn 5.8725744774859585 -2.0458865144169325 0.8613214536610596
v 0.0286070000000000 -0.0399680000000000 0.0041920000000000
vn 1.9723119800285367 2.0298491283263362 5.5881153680673945
v 0.0277780000000000 0.0283390000000000 0.0281100000000000
vn -4.5721756458720550 4.3004230187469057 -0.0008131056144791
v -0.0345040000000000 0.0326460000000000 -0.0000070000000000
vn 0.1908136438948403 -0.4480524954365885 -6.2451950540824059
v 0.0119210000000000 -0.0307790000000000 -0.0299920000000000
vn 5.3582319493033319 -2.9560072258533081 1.3714307930112621
v 0.0282895000000000 -0.0388785000000000 0.0081335000000000
vn -3.8830230854094174 -4.5049667100366593 2.0205554910604757
v -0.0287440000000000 -0.0333400000000000 0.0209140000000000
vn 4.3719078005426590 -4.4609948522031821 -0.6754176046755497
v 0.0325371538461538 -0.0341004615384615 -0.0069093076923077
vn 0.5443820384027291 -1.2139972237793439 -6.1304180208619448
v 0.0136490909090909 -0.0329358181818182 -0.0295692727272727
vn 0.0001451907643435 -3.2481165628203525 0.0001643826421645
v 0.0113550000000000 -0.0407560000000000 -0.0240110000000000
vn -4.3169432708306967 -4.1194487675350633 1.9644020946650551
v -0.0269380000000000 -0.0372850000000000 0.0152450000000000
vn -4.8823562694094473 3.9448167275426131 -0.0004815250149711
v -0.0368310000000000 0.0299950000000000 -0.0000060000000000
vn -4.9008366831752213 3.5404505774000827 -1.6691730535149749
v -0.0366130000000000 0.0264490000000000 -0.0172020000000000
vn 0.0002148800108076 -3.2234241511999144 0.0009386809567132
v 0.0263680000000000 -0.0407490000000000 0.0064900000000000
vn 2.0042390430774910 -0.6340438066482972 -5.9018620287948904
v 0.0358210000000000 -0.0113080000000000 -0.0290180000000000
vn 2.2384902766649000 3.8713892038107627 3.8829221158422573
v 0.0207930000000000 0.0360210000000000 0.0269930000000000
vn -5.8869693803494663 1.3774387864823121 -1.6693406087068401
v -0.0439810000000000 0.0102870000000000 -0.0171990000000000
vn -3.3317764530725014 -2.9682073938138358 3.9076206501197306
v -0.0310570000000000 -0.0276500000000000 0.0270080000000000
vn -4.7047358541597095 4.1552086890699762 0.0071007601561004
v -0.0356950000000000 0.0313390000000000 -0.0000070000000000
vn -0.0000000000000000 -0.0047876543382368 -3.4558690277993480
v 0.0000000000000000 -0.0232570000000000 -0.0299940000000000
vn -3.9176181807151798 -4.4041721564899374 2.1690783963070173
v -0.0288020000000000 -0.0326920000000000 0.0221870000000000
vn 5.4609679124127730 -2.9158080977588332 1.0081193636930665
v 0.0411460000000000 -0.0220030000000000 0.0103850000000000
vn 4.2460363471772098 -4.4123586309895924 1.3988497807145763
v 0.0315570000000000 -0.0333420000000000 0.0142510000000000
vn 2.8907492293762358 -4.0771432163096701 0.8051290805277305
v 0.0275895000000000 -0.0407480000000000 0.0078710000000000
vn 4.4441047453699944 3.7701966393053059 2.3182138680396251
v 0.0327180000000000 0.0278370000000000 0.0237990000000000
vn 5.3483971609754706 -3.1336090565260606 0.9800415142066066
v 0.0289450000000000 -0.0384770000000000 0.0060990000000000
vn -5.1406679806826530 -2.7584176224025714 2.3049117557867680
v -0.0378890000000000 -0.0202310000000000 0.0238100000000000
vn 0.0007942771064905 -3.2247436494312733 0.0008512917077371
v 0.0249700000000000 -0.0407480000000000 0.0105880000000000
vn 4.8764196954678498 -3.8065778169091935 1.0433294488906271
v 0.0295416666666667 -0.0370963333333333 0.0078716666666667
vn 4.7703871613533604 -4.0248840156112076 0.7009207981267793
v 0.0304620000000000 -0.0364010000000000 0.0058540000000000
vn 0.0002224163874795 -0.0015022824713612 -6.2831851108660395
v -0.0288750000000000 0.0082430000000000 -0.0300010000000000
vn -3.8161775476920408 -4.4050190219601424 2.3409962842449810
v -0.0279990000000000 -0.0326712000000000 0.0235990000000000
vn 4.6038833755544566 -4.0268172449098616 1.4044201843734763
v 0.0344510000000000 -0.0304890000000000 0.0138160000000000
vn -2.1619925889648028 -1.8060755059139519 5.5958293013969884
v -0.0303900000000000 -0.0255040000000000 0.0281230000000000
vn 2.1985455241986722 -3.1908679182268531 -4.2449693778387347
v 0.0180900000000000 -0.0375350000000000 -0.0269380000000000
vn 5.2808034522758582 -3.3673687782492800 0.3596935152534826
v 0.0399870000000000 -0.0254640000000000 0.0034670000000000
vn 5.8104139272410356 -2.0492345132528360 1.2087639964462797
v 0.0282390000000000 -0.0399820000000000 0.0062540000000000
vn -1.9709537115298756 -2.0197428686344456 5.5929756654404716
v -0.0277790000000000 -0.0283260000000000 0.0281230000000000
vn 4.4687056679522499 -4.4031765012922808 -0.3419629582170032
v 0.0323770000000000 -0.0346535000000000 -0.0035135000000000
vn -3.8554356514804424 -2.2690048966620164 3.8818254463608532
v -0.0359910000000000 -0.0208280000000000 0.0270060000000000
vn 4.7132912772032807 -4.1341279210442536 -0.3106128750627737
v 0.0353830000000000 -0.0315520000000000 -0.0034510000000000
vn 4.3240968306771101 -4.4611796900634149 0.9348415890786308
v 0.0316050000000000 -0.0345800000000000 0.0092610000000000
vn 0.3929560381876968 -1.0517927145543675 -6.1763967637096657
v 0.0110140000000000 -0.0333520000000000 -0.0296920000000000
vn 0.1127705190768046 -0.3753730911855161 -6.2566625043533692
v 0.0090310000000000 -0.0317470000000000 -0.0299910000000000
vn 4.4877606509930184 -4.3479613906636274 -0.6367966975072578
v 0.0336225000000000 -0.0330670000000000 -0.0066190000000000
vn -0.0001286844545895 0.0014533249595885 6.2831851348125607
v 0.0123750000000000 0.0247570000000000 0.0299950000000000
vn 5.6452166668237629 -1.4517613387545083 -2.3161872739143456
v 0.0415880000000000 -0.0107520000000000 -0.0238010000000000
vn 2.1705587017965975 -4.7783217318805047 -3.4535399267333702
v 0.0149420000000000 -0.0397290000000000 -0.0258200000000000
vn -0.9361567235790140 6.1190239098184600 -1.0088868166247291
v -0.0070130000000000 0.0461280000000000 -0.0103890000000000
vn -3.5957483951773419 -4.5226700672935376 2.4613713253736611
v -0.0262074444444444 -0.0333390000000000 0.0251360000000000
vn -3.6738770842061754 -4.6477943442007472 2.0897131506210780
v -0.0268150000000000 -0.0348020000000000 0.0211860000000000
vn -0.3702520785316688 1.2683007783912172 -6.1259907609940392
v -0.0098270000000000 0.0339100000000000 -0.0296660000000000
vn -1.2487031092475467 0.4464950950174844 -6.1253384563395654
v -0.0332330000000000 0.0119310000000000 -0.0296600000000000
vn 0.9160600990493794 -5.4958513485576992 -1.8673781794643849
v 0.0127630000000000 -0.0407560000000000 -0.0256930000000000
vn 0.0005071441110123 -3.2232173866498366 0.0004143892892105
v 0.0133190000000000 -0.0407560000000000 -0.0230750000000000
vn 0.0000306724983740 0.0015959171483824 6.2831851030967396
v -0.0206250000000000 -0.0082430000000000 0.0300030000000000
vn -3.8378252992898809 -4.5114676251484838 2.0960457902147054
v -0.0259310000000000 -0.0367330000000000 0.0184580000000000
vn 4.2618704193085835 -4.4650244469711211 1.1725167593040835
v 0.0304520000000000 -0.0352280000000000 0.0112090000000000
vn 4.8968532238869411 -3.6810886978138888 1.3469896900607730
v 0.0367390000000000 -0.0276900000000000 0.0138150000000000
vn -4.2392250936720561 -1.4106757233295273 -3.8977972437953250
v -0.0394490000000000 -0.0131650000000000 -0.0269970000000000
vn -0.4800026300902316 -4.8398870031753258 -3.6466653959837485
v -0.0373800000000000 -0.0129285000000000 -0.0121230000000000
vn -0.2042306152309153 -0.4694298412057512 -6.2412317060080111
v -0.0139460000000000 -0.0299150000000000 -0.0299920000000000
vn -0.4870853923600791 -0.0345162545590400 -6.2448433757137867
v -0.0328740000000000 -0.0028830000000000 -0.0299990000000000
vn 0.0008912493465646 -3.2258778971543758 0.0013595003008744
v -0.0152070000000000 -0.0407550000000000 -0.0219780000000000
vn 5.0264808652905586 3.5617559336833162 1.1301809523758268
v 0.0378220000000000 0.0273290000000000 0.0103730000000000
vn -0.0034076695468293 6.1918061965757785 -1.0220261211743435
v 0.0000000000000000 0.0466570000000000 -0.0103980000000000
vn 1.8586248338959159 0.9775004662976144 -5.9027186685983306
v 0.0332350000000000 0.0174940000000000 -0.0290250000000000
vn 4.7620730532374047 3.3712896141944837 -2.3041187309801474
v 0.0350110000000000 0.0248790000000000 -0.0238090000000000
vn 5.5220971670870593 2.2091488960311709 -1.9924499746966140
v 0.0409910000000000 0.0163940000000000 -0.0205360000000000
vn -2.6233022227547451 -4.3172005924868664 1.2655629110620299
v -0.0259150000000000 -0.0407470000000000 0.0123360000000000
vn 4.1480752575052922 -4.4229546039297896 1.6447338713697526
v 0.0284530000000000 -0.0359540000000000 0.0149150000000000
vn 4.5170159655681683 -3.6355925513919414 2.4123225919993061
v 0.0255410000000000 -0.0386690000000000 0.0155670000000000
vn 0.0002115005811249 0.0015502992856269 6.2831850991257721
v 0.0123750000000000 -0.0164930000000000 0.0300050000000000
vn -6.1115304277956266 0.4384733199522293 -1.3399604875603208
v -0.0458890000000000 0.0032890000000000 -0.0138080000000000
vn -5.2147276646925071 -3.0464606522745052 1.7046941725761804
v -0.0277035000000000 -0.0389100000000000 0.0100900000000000
vn -4.9753224648874061 -3.5418281576994506 1.4492497969238027
v -0.0284770000000000 -0.0377990000000000 0.0099000000000000
vn 3.6807845858122565 5.0667535205725809 -0.3612685555241248
v 0.0278740000000000 0.0383460000000000 -0.0034680000000000
vn 0.0005997750054973 0.4677557809786492 -6.2480129112866578
v 0.0000000000000000 0.0329930000000000 -0.0300070000000000
vn -3.4175284267635679 -4.6669965839464682 -2.4500695453604093
v -0.0249462857142857 -0.0343160000000000 -0.0250921428571429
vn 0.0011273461131331 -3.2268171564032708 0.0012038005641697
v 0.0229070000000000 -0.0407470000000000 0.0144040000000000
vn -0.3007622755119044 0.3847471438382882 6.2449833533136410
v -0.0198870000000000 0.0263420000000000 0.0299950000000000
vn -5.5266268625619936 -2.9457566419979391 0.3568365459058446
v -0.0418170000000000 -0.0223330000000000 0.0034650000000000
vn 4.0034713449183510 1.9708520077911700 -3.9070760166474541
v 0.0372980000000000 0.0183870000000000 -0.0270040000000000
vn 2.4913508094408581 1.3096066621428806 -5.5975883216219628
v 0.0351080000000000 0.0184810000000000 -0.0281190000000000
vn -1.3158065909386072 -0.1784353621320700 -6.1249972358851128
v -0.0349850000000000 -0.0048020000000000 -0.0296560000000000
vn 0.3854605580581779 -0.2858109704911369 6.2460951751769080
v 0.0263340000000000 -0.0198800000000000 0.0300060000000000
vn 0.4885262948786225 6.0268037631878961 -1.6707747026472710
v 0.0035210000000000 0.0450270000000000 -0.0172070000000000
vn 3.3851108137352712 -4.6685958322038763 2.4886934373613681
v 0.0248030000000000 -0.0341570000000000 0.0255960000000000
vn 0.8433598447836841 -1.0089714603622539 6.1267139730932501
v 0.0227030000000000 -0.0270390000000000 0.0296660000000000
vn 4.2841826451136100 -3.5153877380587635 2.9495573691363206
v 0.0234739230769231 -0.0397721538461538 0.0175243846153846
vn -0.1764550064309142 -2.0776384246977599 5.7757932999444241
v -0.0373800000000000 -0.0141340000000000 -0.0167393333333333
vn -3.3232476833429176 0.2809608068802016 3.1054177613033258
v -0.0350000000000000 -0.0152481500000000 -0.0165911000000000
vn -0.0000939651004992 0.0015916140110711 6.2831851014730304
v -0.0206250000000000 0.0165070000000000 0.0299970000000000
vn -2.8298446919751723 -4.4979704029798393 -3.3501706645300091
v -0.0180180000000000 -0.0396630000000000 -0.0236400000000000
vn -3.2995645534223206 -4.7587832602468030 -2.4350338324880534
v -0.0239160000000000 -0.0354000000000000 -0.0244150000000000
vn 1.3511494750653175 -1.6080395336156326 5.9028169636712438
v 0.0241490000000000 -0.0287620000000000 0.0290290000000000
vn -4.4560876429127347 -4.3875018847118845 0.6050958924457520
v -0.0316520000000000 -0.0351480000000000 0.0056840000000000
vn -0.0000179526081552 -0.0012234539053413 -6.2831851808057149
v -0.0082500000000000 -0.0247570000000000 -0.0299930000000000
vn -2.6695775246692821 -0.9087789370439558 -5.5945748879596282
v -0.0375500000000000 -0.0128270000000000 -0.0281120000000000
vn -0.0001323416766097 -3.2238633740661551 0.0003599742015793
v -0.0169950000000000 -0.0407550000000000 -0.0207260000000000
vn -4.3695597238979307 -4.4186330151480844 0.9208332535579297
v -0.0328465000000000 -0.0333430000000000 0.0094450000000000
vn -4.4716944274441026 -4.2929872076978981 1.0130070402091669
v -0.0335200000000000 -0.0324570000000000 0.0103870000000000
vn -4.3810269096376970 -0.8347479364416734 -3.9119490339020651
v -0.0408630000000000 -0.0077280000000000 -0.0269980000000000
vn -6.0234221073757936 -0.5236436957843315 -1.6686839541106211
v -0.0450000000000000 -0.0039100000000000 -0.0171950000000000
vn 4.7708657268719090 4.0573261596966850 0.3566442373979609
v 0.0361100000000000 0.0307170000000000 0.0034530000000000
vn 5.3337548760755933 -2.8473724221328354 1.6697013531866534
v 0.0398300000000000 -0.0212980000000000 0.0172030000000000
vn -3.4524978461799880 -4.7142177092766024 -2.3071001127403492
v -0.0249530000000000 -0.0353450000000000 -0.0230450000000000
vn -2.3804497737325518 -2.8445718099949646 -0.5191937670896287
v -0.0350000000000000 -0.0123241666666667 -0.0134281666666667
vn 3.9753672041542858 -4.5438588330725889 1.7340699098428223
v 0.0294300000000000 -0.0340410000000000 0.0178030000000000
vn -4.1020762104492716 0.0000000000000000 0.0000000000000000
v -0.0350000000000000 -0.0139580000000000 -0.0149750000000000
vn 3.2544201259198635 5.3192537910105502 0.6710202449906310
v 0.0245940000000000 0.0402030000000000 0.0069150000000000
vn 4.2253684494209782 -4.3904363544976182 1.5186369843234819
v 0.0312660000000000 -0.0333410000000000 0.0151080000000000
vn 0.0002432032868692 -0.0015087813269681 -6.2831851121843467
v -0.0288750000000000 -0.0000070000000000 -0.0299990000000000
vn 0.5311579053507937 -1.3328312576749406 -6.1110166844402700
v 0.0125920000000000 -0.0333520000000000 -0.0295750000000000
vn 2.0449433211408854 -3.5683266479648390 -4.3256954709110875
v 0.0150446000000000 -0.0390042000000000 -0.0268376000000000
vn 1.2671245194161491 -0.4018502435252310 -6.1245624886572037
v 0.0336760000000000 -0.0106320000000000 -0.0296550000000000
vn 5.1587186361191719 -3.5253821735477784 0.5532760421879644
v 0.0299570000000000 -0.0373655000000000 0.0040035000000000
vn 4.2171128669793081 -1.4593259496634774 -3.9071131480383796
v 0.0393120000000000 -0.0135710000000000 -0.0269960000000000
vn -3.1219554818913702 -3.1855616125839910 3.9126494993683942
v -0.0291180000000000 -0.0296850000000000 0.0270080000000000
vn 4.5302571918442096 3.8542376160226368 1.9912041207532489
v 0.0336280000000000 0.0286110000000000 0.0205280000000000
vn -1.9766814440795339 0.7086564859054287 -5.9028754723597494
v -0.0353490000000000 0.0126920000000000 -0.0290240000000000
vn -1.2002946885130892 0.5648121148861200 -6.1253144777669117
v -0.0319260000000000 0.0150820000000000 -0.0296610000000000
vn 4.8783534710879506 -3.0491302166049721 2.5121820784451039
v 0.0256140769230769 -0.0397208461538461 0.0140081538461538
vn -5.0837324365190648 3.6105231878079569 0.6737278304503105
v -0.0384130000000000 0.0273050000000000 0.0069180000000000
vn 5.0069384713823810 -3.7633908540525636 0.3546025440587733
v 0.0378570000000000 -0.0285350000000000 0.0034670000000000
vn -4.3633934107020265 -3.9920920437450218 2.1173352290236491
v -0.0262490000000000 -0.0379410000000000 0.0154000000000000
vn -4.0576744078807163 -4.3440146962283777 2.0301966895818868
v -0.0264500000000000 -0.0370065000000000 0.0168800000000000
vn 1.2726025221358053 -2.5888885161807811 -5.5551462956220874
v 0.0157720000000000 -0.0366170000000000 -0.0280680000000000
vn -4.1619528899721558 -4.3670968597956294 1.7545070140279970
v -0.0276860000000000 -0.0366130000000000 0.0150810000000000
vn -0.9269770090959225 6.0564571373973921 -1.3407818063651173
v -0.0069150000000000 0.0454810000000000 -0.0138180000000000
vn 5.6542486684642750 -2.5064964978597830 1.0873127794498267
v 0.0285560000000000 -0.0392220000000000 0.0061780000000000
vn -1.8967468903205760 5.8925744619058529 -1.0082723362198398
v -0.0142940000000000 0.0444150000000000 -0.0103880000000000
vn -4.4345520863797709 4.4222962701730477 -0.3598543467430228
v -0.0335660000000000 0.0334770000000000 -0.0034670000000000
vn -5.0813339993264410 3.0904483157123708 -1.9929478229264106
v -0.0377200000000000 0.0229390000000000 -0.0205380000000000
vn 3.0230025923581190 -3.9064243515623729 0.3828205246016282
v 0.0284447272727273 -0.0407490000000000 0.0037663636363636
vn -6.1202365300197679 0.9293178629512278 -1.0077065770556248
v -0.0461320000000000 0.0070050000000000 -0.0103790000000000
vn -3.7881029587813622 -4.5161935275748650 2.1719084230207808
v -0.0280925000000000 -0.0333400000000000 0.0221060000000000
vn 0.0001941067324364 -3.2241132536317707 0.0005315087747394
v 0.0268110000000000 -0.0407490000000000 0.0043630000000000
vn 5.7590741910241263 -1.4806051353681580 -1.9975606140026758
v 0.0427450000000000 -0.0110500000000000 -0.0205300000000000
vn 2.0568151859337478 -0.4306060540650083 -5.9021879341705947
v 0.0367670000000000 -0.0076880000000000 -0.0290190000000000
vn 4.2312914193467446 -4.4280643831873707 1.3990048550574756
v 0.0295165000000000 -0.0355850000000000 0.0130755000000000
vn 4.3462204014038388 -4.4594161091952227 -0.8322563274554726
v 0.0325070000000000 -0.0338500000000000 -0.0085610000000000
vn 4.1181163610050158 -1.7270531903423270 -3.9094773021483484
v 0.0383240000000000 -0.0161520000000000 -0.0269960000000000
vn -0.0000222315428794 0.0014948566809181 6.2831851291216987
v -0.0247500000000000 -0.0082430000000000 0.0300030000000000
vn 4.4931419404001689 -4.3609586610986550 -0.4956314650560167
v 0.0337321176470588 -0.0331623529411765 -0.0050141764705882
vn 0.0001059353631454 0.0016477285265853 6.2831850858118363
v -0.0165000000000000 -0.0164930000000000 0.0300050000000000
vn -0.0815550469934910 0.4655991648955077 -6.2472502489061954
v -0.0057300000000000 0.0324910000000000 -0.0300070000000000
vn -0.5843968473637280 2.0171448813276238 -5.9030345361046574
v -0.0104530000000000 0.0360710000000000 -0.0290290000000000
vn 5.3523906440469489 -3.2682841793169137 0.2680709012600848
v 0.0299090000000000 -0.0376730000000000 0.0020260000000000
vn 0.4395839204376294 -0.1715557366867292 -6.2475266697691438
v 0.0307720000000000 -0.0119280000000000 -0.0299960000000000
vn -0.0003828999752845 0.0017815865353429 6.2831850366077164
v -0.0123750000000000 -0.0164930000000000 0.0300050000000000
vn -4.7307338260484659 3.4132649968313933 -2.3065100347466641
v -0.0348170000000000 0.0251500000000000 -0.0238100000000000
vn -5.4705413345618403 2.7597802123626880 -1.3401680222747756
v -0.0410740000000000 0.0207220000000000 -0.0138120000000000
vn -4.8031454116002354 4.0190119137871267 0.3525567767298098
v -0.0363500000000000 0.0304340000000000 0.0034530000000000
vn -1.2845061050704816 1.6599521817860716 -5.9033508806966086
v -0.0229710000000000 0.0297120000000000 -0.0290280000000000
vn -5.6831627164981455 1.3278897769297711 -2.3006657464379581
v -0.0418240000000000 0.0097810000000000 -0.0238060000000000
vn -1.2721998795215597 2.5200148003896023 -5.5924012555150844
v -0.0179700000000000 0.0353690000000000 -0.0281240000000000
vn -0.2375638232774801 -3.9011761819067043 -3.0359399952226878
v -0.0027720000000000 -0.0407570000000000 -0.0285550000000000
vn 0.4697564459129665 -0.0448235553203737 -6.2475163584768891
v 0.0328590000000000 -0.0030520000000000 -0.0299980000000000
vn -3.4783874550475602 5.2249954493732913 -0.0003013388696877
v -0.0263190000000000 0.0395420000000000 -0.0000090000000000
vn 4.9387311884216007 -3.8794793734465030 0.0011988938448548
v 0.0306820000000000 -0.0366690000000000 0.0000100000000000
vn 0.2540138454093120 -5.1796815013490392 -3.2589182397871808
v 0.0373800000000000 -0.0128090000000000 -0.0123236666666667
vn -1.7729750692917094 4.0786365730128313 -3.9207674397585750
v -0.0164080000000000 0.0382060000000000 -0.0270090000000000
vn -4.9947238171937522 3.8008733341394438 0.0098116445845201
v -0.0379110000000000 0.0286180000000000 -0.0000060000000000
vn -4.1814022766546968 1.5524890000850822 -3.9157211080876011
v -0.0390070000000000 0.0144110000000000 -0.0270030000000000
vn 3.2788030152895637 0.1313320057049748 3.1159867487364501
v 0.0350000000000000 -0.0152704210526316 -0.0166143157894737
vn 0.0059371326407426 -5.7814602719715271 2.1376606290568070
v 0.0397600000000000 -0.0125110000000000 -0.0151170000000000
vn 4.1142942930677400 0.0000000000000000 0.0000000000000000
v 0.0350000000000000 -0.0142135000000000 -0.0152516250000000
vn 0.0003127969245856 -3.2229922219156730 0.0004449190498339
v 0.0271680000000000 -0.0407500000000000 0.0000110000000000
vn 6.0834277678085256 -1.5627471503072354 0.1100350260267454
v 0.0287680000000000 -0.0404090000000000 0.0005385000000000
vn 4.4882025958178628 -4.2756644789954121 1.0116910140267623
v 0.0336900000000000 -0.0322810000000000 0.0103870000000000
vn -0.8884894509067497 5.7578897222484606 -2.3226984283700349
v -0.0064560000000000 0.0424600000000000 -0.0238140000000000
vn 5.7456436484365794 -1.0174522689830596 -2.3026891912326386
v 0.0423080000000000 -0.0074270000000000 -0.0238020000000000
vn 0.1385495681284615 -1.6464218070942451 -5.9926495472151986
v 0.0421410000000000 -0.0144218181818182 -0.0111279090909091
vn 5.6345933394997836 -2.7557116815321674 0.0119935080355854
v 0.0294460000000000 -0.0385920000000000 0.0000100000000000
vn 4.3753020460129859 -4.4129109341634285 0.9203348246613352
v 0.0328460000000000 -0.0333430000000000 0.0094450000000000
vn 2.7955601423759937 -0.0115049052774746 -5.6060969124014788
v 0.0396010000000000 -0.0000070000000000 -0.0281540000000000
vn 0.2645910560908573 -2.0980033947072405 5.7421164287175621
v 0.0373800000000000 -0.0141226315789474 -0.0167313157894737
vn -4.0789543886212911 4.7516867512096184 0.3594313966976072
v -0.0308170000000000 0.0360250000000000 0.0034520000000000
vn 3.1862882026729298 -3.0731912493619049 -0.5203800765945525
v 0.0350000000000000 -0.0126403888888889 -0.0134339444444444
vn 5.9580893567610662 -1.9718231170222751 -0.1522656633657798
v 0.0288710000000000 -0.0400080000000000 -0.0009780000000000
vn 3.1317920676727677 1.1721720968047122 -2.4656940840112216
v 0.0427880000000000 -0.0177330000000000 -0.0123070000000000
vn 4.4541644670459739 0.2884172598597117 -3.9080114667939707
v 0.0414970000000000 0.0027130000000000 -0.0270000000000000
vn 5.5000847303152822 -2.9382454922459864 -0.6710328307396897
v 0.0415700000000000 -0.0222050000000000 -0.0069180000000000
vn 0.1142984455132947 -0.7128693552077192 -6.2371140210282503
v 0.0047310000000000 -0.0333520000000000 -0.0299300000000000
vn -0.0034695222510986 2.4168204104604665 -5.7085458951092907
v 0.0397600000000000 -0.0164360000000000 -0.0112390000000000
vn 4.4151786402280333 -4.4081657772733571 -0.7405263982900765
v 0.0316310000000000 -0.0349630000000000 -0.0070580000000000
vn 3.0593644517058998 -3.8081098017135928 0.2395524149590205
v 0.0286200000000000 -0.0407500000000000 0.0021350000000000
vn 0.0852112904981618 0.4623111901020807 -6.2476539738828301
v 0.0060640000000000 0.0324310000000000 -0.0300070000000000
vn -5.8096767031574581 -2.0515254044363438 1.2090449357606587
v -0.0282400000000000 -0.0399820000000000 0.0062540000000000
vn -0.0006011965417453 0.0009934598732705 3.3261814170685824
v -0.0121270000000000 0.0133090000000000 0.0299980000000000
vn 3.9413814485572174 -4.3727397624139659 2.1875814703231340
v 0.0289840000000000 -0.0325300000000000 0.0221870000000000
vn 3.6741476068657875 -4.4643286072058066 2.4568669969168195
v 0.0239950000000000 -0.0374730000000000 0.0202080000000000
vn 0.0377208470577228 5.4127094294068785 -2.9479580762864779
v -0.0373800000000000 -0.0178690000000000 -0.0125570000000000
vn -0.0161227957027590 6.0935262400826948 -1.4966098171175946
v 0.0000000000000000 0.0456040000000000 -0.0155320000000000
vn -1.7980583344699046 -2.2910418895817282 -5.5358178182227880
v -0.0248810000000000 -0.0309150000000000 -0.0281080000000000
vn -2.1967659422039363 -3.1819199933236266 -4.2471489896383829
v -0.0180900000000000 -0.0375350000000000 -0.0269380000000000
vn -4.2606889933266183 -4.4666307176426230 1.1706695976483867
v -0.0304530000000000 -0.0352280000000000 0.0112090000000000
vn 3.5427293303449319 2.7092679477748236 -3.9163598413543732
v 0.0329930000000000 0.0253100000000000 -0.0270050000000000
vn 0.0002344119659711 -0.0015572935071264 -6.2831850993286160
v 0.0288750000000000 0.0082430000000000 -0.0300010000000000
vn -3.6126720527612424 -4.5046497575956259 -2.4742336405194107
v -0.0237540000000000 -0.0374395000000000 -0.0206275000000000
vn 5.1302409617525058 -2.7511820751796474 2.3334574423737440
v 0.0378770000000000 -0.0202510000000000 0.0238100000000000
vn 3.8373264360072890 -4.5114712948290254 2.0969741716650132
v 0.0259300000000000 -0.0367330000000000 0.0184590000000000
vn -4.2410552831673201 -4.4171963024649612 1.3998142627694516
v -0.0315580000000000 -0.0333410000000000 0.0142510000000000
vn 2.0082438528976341 -1.9731202287397538 5.5967543995068798
v 0.0283320000000000 -0.0277720000000000 0.0281240000000000
vn 2.1943147995604537 -1.7643028956790847 5.5967437639447084
v 0.0308880000000000 -0.0248990000000000 0.0281230000000000
vn -5.6505642693613343 -1.4539474837527053 -2.3024085681792150
v -0.0415900000000000 -0.0107450000000000 -0.0238010000000000
vn -5.4606352479464313 -2.9160874723374763 1.0074882900688620
v -0.0411580000000000 -0.0219800000000000 0.0103840000000000
vn 3.1979001792480197 5.2269956985012493 1.3384907651855871
v 0.0240090000000000 0.0392480000000000 0.0137990000000000
vn 3.6730345588617590 -4.6480780439986216 2.0905825673331897
v 0.0268140000000000 -0.0348020000000000 0.0211870000000000
vn 3.5760539205837745 -3.9869205612257126 3.2800260996368835
v 0.0208831538461538 -0.0398263076923077 0.0206959230769231
vn -4.7706293393435040 -4.0246627989898140 0.7005220603856341
v -0.0304630000000000 -0.0364000000000000 0.0058540000000000
vn 0.3594952256518358 -0.3212736294275186 6.2459029471714764
v 0.0243870000000000 -0.0222250000000000 0.0300060000000000
vn -4.8763391985116398 -3.8066508382701056 1.0433401743561239
v -0.0295423333333333 -0.0370963333333333 0.0078710000000000
vn -0.0042864984553826 -1.6424113939409584 -5.9757736083468176
v -0.0373800000000000 -0.0143595000000000 -0.0111490000000000
vn -2.7930891149578758 0.2301914009473908 -3.0846638701935927
v -0.0350000000000000 -0.0155928181818182 -0.0110324545454545
vn 3.5961913387074462 -4.5222704503718729 2.4617686251335589
v 0.0262064444444444 -0.0333390000000000 0.0251360000000000
vn -2.8896214687487269 -4.0757287885141356 0.8025391029738973
v -0.0275905000000000 -0.0407480000000000 0.0078710000000000
vn -0.0000505364282072 -3.2243202935556488 0.0006167741351656
v -0.0263780000000000 -0.0407480000000000 0.0064620000000000
vn 0.9382153428306691 -0.9234922257581512 6.1266362528761178
v 0.0252150000000000 -0.0247150000000000 0.0296650000000000
vn -5.2733541661781818 -3.3784445659267330 0.3599476355620724
v -0.0399180000000000 -0.0255730000000000 0.0034660000000000
vn -2.6144561374367878 1.7263996696643846 -2.3188467971174500
v -0.0350000000000000 -0.0170178750000000 -0.0121583125000000
vn 4.1325917660727942 -4.2013701731116431 2.1643838423381547
v 0.0302710000000000 -0.0313360000000000 0.0221870000000000
vn -3.0613227111555537 -4.8523905103515101 -2.5598492951941645
v -0.0217880000000000 -0.0367370000000000 -0.0245520000000000
vn -6.1673800672958627 -0.5360059144165819 -1.0065788412542185
v -0.0464860000000000 -0.0040380000000000 -0.0103770000000000
vn -3.4978033597279587 -4.1181161866789520 -3.2040855921815723
v -0.0208000000000000 -0.0395950000000000 -0.0210620000000000
vn -2.8506960178454284 -4.5491633773429321 -3.1515377190432989
v -0.0223363888888889 -0.0355705555555555 -0.0260903333333333
vn 3.8236962724490628 -4.3944677465176500 2.3459593785375135
v 0.0281243076923077 -0.0325566153846154 0.0236072307692308
vn 4.4349870465355998 4.4221206026980004 0.3577592296206584
v 0.0335660000000000 0.0334780000000000 0.0034520000000000
vn -2.1715287873968325 -4.7785828493791662 -3.4526013765675980
v -0.0149420000000000 -0.0397290000000000 -0.0258200000000000
vn -4.3742583029301114 -4.4500365634748800 0.7311329457542755
v -0.0323236923076923 -0.0342336923076923 0.0073797692307692
vn -2.7511179215456001 3.0466548395184265 -0.4354882962870043
v -0.0350000000000000 -0.0181824166666667 -0.0134265833333333
vn -4.4938353621472018 -4.3602300444374738 0.4958442702484166
v -0.0337340588235294 -0.0331599411764706 0.0050162941176471
vn -1.6953087136108067 -2.7463312640072868 -5.3550002864302666
v -0.0201750000000000 -0.0350410000000000 -0.0277120000000000
vn -4.3243630360750052 -4.4609485618572213 0.9347536740534839
v -0.0316060000000000 -0.0345790000000000 0.0092610000000000
vn -5.3490319796592738 -3.1330379172730725 0.9792169214108319
v -0.0289460000000000 -0.0384770000000000 0.0060990000000000
vn -1.1769111133626986 -1.7176144015628578 -5.9109929198646753
v -0.0207030000000000 -0.0313480000000000 -0.0290130000000000
vn -3.2528684282371398 3.0610285211451567 3.9017358146120822
v -0.0301540000000000 0.0286450000000000 0.0269940000000000
vn -0.4792421356712835 0.0431844117336558 -6.2460486568709568
v -0.0328740000000000 0.0028690000000000 -0.0300000000000000
vn -2.0672285433344442 -2.5818588335637154 -5.3175078796833759
v -0.0233750000000000 -0.0333520000000000 -0.0275370000000000
vn -2.9583883452058841 -3.8004688279634014 -3.7104512597599197
v -0.0251075000000000 -0.0333510000000000 -0.0266500000000000
vn 4.7153439914442350 4.0114740974352880 1.0057968828402419
v 0.0355410000000000 0.0302350000000000 0.0103720000000000
vn -0.0000283614679156 0.0010290266997330 3.3265515681843603
v 0.0173130000000000 0.0049330000000000 0.0300000000000000
vn -0.3857446700498615 0.2675449551372767 -6.2476976453769453
v -0.0270320000000000 0.0189210000000000 -0.0300040000000000
vn 4.4103988191484849 -4.4399005108726506 0.5535208947612140
v 0.0326028461538461 -0.0342224615384615 0.0055522307692308
vn 0.0005815609915796 0.0015878131751549 6.2831850519513281
v -0.0206250000000000 0.0000070000000000 0.0300010000000000
vn -0.6216312785486007 4.3868654341419324 -3.9151845199156510
v -0.0056050000000000 0.0412000000000000 -0.0270090000000000
vn -4.0331113352797052 4.6957097151989293 1.0060092740915711
v -0.0303320000000000 0.0354600000000000 0.0103710000000000
vn -5.7300124562476835 2.3427232904694391 -1.0075690624076463
v -0.0431900000000000 0.0176570000000000 -0.0103820000000000
vn 2.5116118325302996 -2.1960685170786416 1.9817369027724907
v 0.0350000000000000 -0.0130250000000000 -0.0160040000000000
vn 4.4187843374378017 -0.5992702815940114 -3.9167712264640921
v 0.0412190000000000 -0.0055170000000000 -0.0269980000000000
vn 5.1374236409208311 -3.4302126171068528 -1.1243748446869575
v 0.0289410000000000 -0.0379990000000000 -0.0075300000000000
vn -1.3292348803354654 5.6806983318496718 -2.3045669887307185
v -0.0098820000000000 0.0417960000000000 -0.0238140000000000
vn -1.7891656193005783 5.5565774290947072 -2.2980190427647611
v -0.0131590000000000 0.0408830000000000 -0.0238130000000000
vn 2.5037615296212348 -1.9149260669895205 -2.2372269622877532
v 0.0350000000000000 -0.0138862000000000 -0.0118987333333333
vn 4.7178044965235957 -4.1101409534572193 0.5054660661758815
v 0.0354120000000000 -0.0313420000000000 0.0052010000000000
vn 4.9772046727906272 -3.7580431519231290 -0.6707465078019845
v 0.0375460000000000 -0.0284860000000000 -0.0069160000000000
vn -3.6374425927763401 5.0092252126156227 1.0059884302971951
v -0.0274350000000000 0.0377460000000000 0.0103700000000000
vn 0.0002189201221591 0.0007603790036505 3.3264416991944126
v 0.0065020000000000 0.0167920000000000 0.0299970000000000
vn 0.4686523270621646 -0.0020511976860812 -6.2479869208801206
v 0.0330000000000000 -0.0000070000000000 -0.0299990000000000
vn 3.3123834884548473 0.5298721653416034 1.6489462139104181
v 0.0420805000000000 -0.0169930000000000 -0.0163975000000000
vn -0.7069177255297387 1.1216821723954702 -6.1253285656967345
v -0.0188770000000000 0.0298360000000000 -0.0296650000000000
vn 0.0401693958263819 -0.6463482686811587 -6.2474816175293473
v 0.0015820000000000 -0.0333520000000000 -0.0299570000000000
vn 2.9349841807296939 -4.0078697267252812 -0.7048855206076391
v 0.0279890000000000 -0.0407520000000000 -0.0063090000000000
vn -5.0758426142256550 3.6684933886980629 -0.3578952314287602
v -0.0384270000000000 0.0277630000000000 -0.0034650000000000
vn 5.6169124152473140 -2.4032749920441843 -1.4441245292195444
v 0.0279945000000000 -0.0397050000000000 -0.0077525000000000
vn 1.0485308854178390 -2.6731878919873844 -5.5685512734727745
v 0.0083910000000000 -0.0394210000000000 -0.0282260000000000
vn 0.1301259730825269 -5.7916828454471405 2.0501550552756838
v 0.0373800000000000 -0.0125110000000000 -0.0151170000000000
vn 5.7402101653948083 -2.4337934028361170 -0.7332414380064244
v 0.0288860000000000 -0.0393100000000000 -0.0038800000000000
vn -1.0725245248254522 0.7824460278597267 -6.1250052309850336
v -0.0285170000000000 0.0208190000000000 -0.0296630000000000
vn 5.7186466983076363 -1.8934910881912879 -1.7600474782068769
v 0.0422400000000000 -0.0145720000000000 -0.0188680000000000
vn 0.2873028312509567 -0.3879558948263984 -6.2458421672170701
v 0.0198870000000000 -0.0263420000000000 -0.0299930000000000
vn -0.0032223326338846 2.4230970725654188 -5.7050616368017835
v 0.0373800000000000 -0.0164360000000000 -0.0112390000000000
vn -4.3587955337386894 -3.8740310330372068 2.3122469462309860
v -0.0320600000000000 -0.0285810000000000 0.0238120000000000
vn 4.5124469320622795 -4.3527007923676173 0.4015502491150442
v 0.0318780000000000 -0.0351310000000000 0.0038030000000000
vn -4.4089067355028586 4.3447867558329047 1.0063357447330692
v -0.0332980000000000 0.0326900000000000 0.0103710000000000
vn 2.7193587618045743 0.7674272882963622 0.1745958210471381
v 0.0420476666666667 -0.0180975000000000 -0.0148118333333333
vn 5.5361532748602098 -2.9601885474001266 0.0001330895692952
v 0.0418870000000000 -0.0223990000000000 0.0000060000000000
vn 1.3208485832618468 0.1252336566918529 -6.1252468807284082
v 0.0351660000000000 0.0032020000000000 -0.0296580000000000
vn 0.0065875113355891 -2.2481163769680554 5.7418870936827808
v 0.0397600000000000 -0.0140933333333333 -0.0167200000000000
vn 5.4213418855497615 -3.1639834425626403 -0.0017377374182674
v 0.0410340000000000 -0.0239260000000000 0.0000070000000000
vn -2.8021626312114654 5.5196948433035473 -1.0084390358694988
v -0.0211240000000000 0.0416030000000000 -0.0103880000000000
vn 4.4101848627041811 -4.4098645381553627 0.7517811655307938
v 0.0331684000000000 -0.0333430000000000 0.0077562000000000
vn -0.0047495835570771 -5.2050114764590996 -3.2947569556786451
v 0.0397600000000000 -0.0128090000000000 -0.0123233333333333
vn 4.7400235702445430 -4.1165353144345298 0.2111890925804129
v 0.0311383636363636 -0.0360706363636364 0.0019563636363636
vn -1.1414483556703781 0.6770795458604675 -6.1251469822159539
v -0.0303460000000000 0.0180500000000000 -0.0296620000000000
vn -3.6183786037913377 2.6077326829623098 -3.9087558748101174
v -0.0337390000000000 0.0243060000000000 -0.0270060000000000
vn -2.2767882682480605 1.6724555719159035 -5.5911700215551612
v -0.0320430000000000 0.0233940000000000 -0.0281210000000000
vn 2.8249449309835879 -4.7920753924469972 2.9193336600185980
v 0.0191940000000000 -0.0383170000000000 0.0245680000000000
vn -6.0352529015996694 -1.0581954522636063 1.3396453239120683
v -0.0453150000000000 -0.0079450000000000 0.0138100000000000
vn 2.4490884918534506 -4.5717623666670981 3.5444217394140414
v 0.0157460000000000 -0.0401810000000000 0.0246890000000000
vn 2.4422247599025857 -2.8625975460971635 0.4737689502973381
v 0.0350000000000000 0.0266715000000000 0.0133735000000000
vn 0.0000000000000000 -0.0015231963933456 -6.2831851225497228
v -0.0165000000000000 -0.0000070000000000 -0.0299990000000000
vn -2.0110090069272828 3.9707144255610074 3.9124665471773956
v -0.0189520000000000 0.0370230000000000 0.0269920000000000
vn -0.0802984345065740 3.4887571611920851 -4.9512505123118897
v -0.0380840000000000 0.0221240810810811 0.0164450270270270
vn 1.2558880840919180 -5.3439793693482596 1.8560511306906240
v 0.0155300000000000 -0.0407440000000000 0.0241400000000000
vn -1.1865220769235818 4.2974856551819745 3.9158819706405943
v -0.0111080000000000 0.0400820000000000 0.0269920000000000
vn 0.6773649294424852 -4.7080666512307481 3.5559256957848913
v 0.0365420000000000 0.0259827272727273 0.0119926363636364
vn 1.4070904352947282 5.9636725789206366 1.3380439559168893
v 0.0105850000000000 0.0447760000000000 0.0137980000000000
vn -6.2123897674986397 -0.5397970453787083 -0.6719200825622541
v -0.0469510000000000 -0.0040770000000000 -0.0069220000000000
vn -1.3514536665445429 1.6108503249538428 5.9019751511325484
v -0.0241500000000000 0.0287760000000000 0.0290150000000000
vn 5.3370632443603547 -2.3414401045541138 2.3180527854989288
v 0.0393480000000000 -0.0172200000000000 0.0238100000000000
vn 1.3208204323353370 -0.1254194566883716 6.1252387424736998
v 0.0351660000000000 -0.0032020000000000 0.0296600000000000
vn 0.0066552595415137 -1.2591069019755006 6.1500583230398735
v 0.0000000000000000 -0.0389090000000000 0.0291220000000000
vn 1.6401678049153261 -5.1197518773077499 1.8060208390709609
v 0.0189150000000000 -0.0407450000000000 0.0215860000000000
vn 0.4987504725358665 6.2436843489349263 -0.3549798773325032
v 0.0036960000000000 0.0472620000000000 -0.0034700000000000
vn -6.2735171768984515 0.2103475213700500 -0.0002211833199839
v -0.0474710000000000 0.0016560000000000 0.0000000000000000
vn -3.9378368072113825 2.1033881907886105 3.9123869229660433
v -0.0367080000000000 0.0195500000000000 0.0269970000000000
vn -1.6356939877757086 1.3199181381276817 5.9021358971865530
v -0.0292400000000000 0.0235840000000000 0.0290170000000000
vn -1.4995310912298918 1.4724312489752229 5.9022987632649206
v -0.0268210000000000 0.0263030000000000 0.0290160000000000
vn 0.2359469667012035 -3.9020649155510885 3.0397398415811776
v 0.0027710000000000 -0.0407430000000000 0.0285760000000000
vn 0.4666424579468160 -0.0853711959198449 6.2470066729543268
v 0.0324380000000000 -0.0060570000000000 0.0300030000000000
vn 0.1669967104009715 -0.7685477149656749 6.2322943219829297
v 0.0062930000000000 -0.0333380000000000 0.0299080000000000
vn 0.1678441988881718 -0.9409857641352642 6.2080675887173564
v 0.0045290000000000 -0.0348310000000000 0.0297450000000000
vn 0.0000000000000019 -0.0015231963933460 -6.2831851225497237
v -0.0082500000000000 -0.0082570000000000 -0.0299970000000000
vn 0.2246026339050677 -1.1033592964675374 6.1785017159890137
v 0.0039750000000000 -0.0363610000000000 0.0295130000000000
vn -5.9938141615029901 -1.5479036957842311 1.0072571952984102
v -0.0451770000000000 -0.0116710000000000 0.0103820000000000
vn -0.0003928668209466 -0.0007893931654075 -6.2831851643960208
v -0.0041250000000000 -0.0123820000000000 -0.0299960000000000
vn 1.9103361911661236 5.9359652567434491 0.6706213759448781
v 0.0144370000000000 0.0448640000000000 0.0069140000000000
vn 5.4496306143852644 -2.3816502227558769 1.9929251739460592
v 0.0404430000000000 -0.0177010000000000 0.0205390000000000
vn 0.2240017479416226 2.5405374514596977 5.5720947413422364
v 0.0365420000000000 0.0226218823529412 0.0112268235294118
vn 2.7848140236467103 0.2015930171974419 3.0849512692972647
v 0.0350000000000000 0.0234410000000000 0.0110270000000000
vn 3.0797394867450980 -1.9023517032004524 1.7274066115709790
v 0.0350000000000000 0.0250608947368421 0.0119894736842105
vn 3.3345577195869773 2.3402374106909756 0.8373440075305958
v 0.0410282500000000 0.0208278750000000 0.0137718750000000
vn -0.0003302122957736 -3.2486161746201137 0.0019939679255088
v 0.0037610000000000 -0.0407560000000000 -0.0268270000000000
vn 0.0101517250230070 0.4304295699303186 -6.1810902062350976
v 0.0373800000000000 -0.0155550000000000 -0.0110265000000000
vn 0.0007519290537555 0.0008649458582130 3.3265255550997117
v -0.0143650000000000 -0.0108400000000000 0.0300030000000000
vn 4.7450694653600198 -4.1124611812570304 -0.2022006716669187
v 0.0311380000000000 -0.0360710000000000 -0.0018230000000000
vn -5.7911469070111750 1.3546656059401854 -1.9930360760724211
v -0.0429880000000000 0.0100540000000000 -0.0205350000000000
vn -5.3978921560151001 2.7233921800037368 -1.6691841788902488
v -0.0403260000000000 0.0203440000000000 -0.0172010000000000
vn 0.0523316853755834 -6.0531121197127113 -0.5646989263132077
v 0.0421410000000000 -0.0122811818181818 -0.0137224545454545
vn -3.4360295452017611 2.8188671864875605 -3.9221445499560232
v -0.0320200000000000 0.0265290000000000 -0.0270060000000000
vn -1.3654151245021129 5.7881181374100841 -1.9937056363456160
v -0.0101580000000000 0.0429600000000000 -0.0205430000000000
vn 4.5260894362947504 -4.3407438596311803 0.3452086585096389
v 0.0340315454545455 -0.0329971818181818 0.0035254545454545
vn 0.0000000000000000 0.0015231963933443 6.2831851225497228
v -0.0247500000000000 0.0000070000000000 0.0300010000000000
vn -4.6476397725892937 -3.5177541977636477 2.3168900248744890
v -0.0342210000000000 -0.0259550000000000 0.0238110000000000
vn -4.4470428035572329 -3.9497946675637960 1.9938625760933388
v -0.0329520000000000 -0.0293780000000000 0.0205410000000000
vn -4.7378248946950929 -3.5944007440021317 1.9938849723358323
v -0.0351740000000000 -0.0266790000000000 0.0205410000000000
vn 4.0448410548266915 0.0000000000000000 0.0000000000000000
v 0.0350000000000000 -0.0170690000000000 -0.0135583750000000
vn 3.1704028483755020 -0.8365832231985845 1.6450873385379585
v 0.0424969230769231 -0.0154801538461539 -0.0169775384615385
vn 4.7056134312224511 -4.1012572926032362 0.6700613301521612
v 0.0352900000000000 -0.0312330000000000 0.0069330000000000
vn 0.4725481471238682 -4.2394936121190909 -2.9024236042198859
v 0.0055160000000000 -0.0407570000000000 -0.0281530000000000
vn -0.0262082696988033 -0.3904233284961567 -6.2592801780444098
v -0.0023214285714286 -0.0330834285714286 -0.0299764285714286
vn -0.4086271670874210 0.2329000358743340 -6.2476966410050192
v -0.0285790000000000 0.0164930000000000 -0.0300030000000000
vn -4.8724753404381769 3.7472618933207640 1.2791207737212735
v -0.0364120000000000 0.0281240000000000 0.0138020000000000
vn 5.9388199325126152 -1.8891050709536192 -0.7795802683955513
v 0.0286220000000000 -0.0400260000000000 -0.0039250000000000
vn -0.0001419513120067 -0.8639036450294205 -6.2212637366472840
v 0.0000000000000000 -0.0352190000000000 -0.0297370000000000
vn 5.4282540883970718 -3.0801491504810325 -0.6751410540414693
v 0.0293985000000000 -0.0382855000000000 -0.0038120000000000
vn 5.5961495138128265 -2.1825459296207375 -1.8343661465553749
v 0.0416250000000000 -0.0162450000000000 -0.0188680000000000
vn 5.6473313787860482 -2.1630924908184181 -1.6918882381331060
v 0.0420800000000000 -0.0164220000000000 -0.0171920000000000
vn -0.0592534471480683 6.0749639228552761 -0.7662159740595340
v 0.0373800000000000 -0.0181600000000000 -0.0134243333333333
vn 2.4670064778035523 2.2761490484146272 -1.8840872393071955
v 0.0350000000000000 -0.0178510000000000 -0.0124960000000000
vn 5.2506337538721874 -3.3640069199530473 -0.6709321349152066
v 0.0396820000000000 -0.0254250000000000 -0.0069170000000000
vn 0.0000400896839294 -0.0013339854963106 -6.2831851622022263
v 0.0123750000000000 -0.0247570000000000 -0.0299930000000000
vn 0.2448451524497240 4.0772557350230860 -4.6702956793425434
v 0.0373800000000000 -0.0171710000000000 -0.0117075000000000
vn 1.1638028377998886 -0.6426335948689788 -6.1246411080874905
v 0.0309140000000000 -0.0170750000000000 -0.0296530000000000
vn 3.1552715923032122 5.1581054201814576 1.6669954913525780
v 0.0235720000000000 0.0385340000000000 0.0171890000000000
vn 5.6425531562767421 -2.7500246356588680 -0.0000246976186481
v 0.0426880000000000 -0.0208320000000000 0.0000060000000000
vn 0.2705358597931426 -1.2938620856749889 -6.1383837393140377
v 0.0034020000000000 -0.0378680000000000 -0.0292290000000000
vn 0.0001650591158185 0.0008678973773834 3.3265074411496101
v 0.0033070000000000 0.0177010000000000 0.0299970000000000
vn 5.5214542414148049 -2.5040756085620877 -1.6262631547478483
v 0.0414010000000000 -0.0180640000000000 -0.0171910000000000
vn 5.0684848456375109 -3.6272236770990989 -0.7777307425897516
v 0.0297750000000000 -0.0373130000000000 -0.0056020000000000
vn 2.9791739546861296 -4.0030154996081446 -0.5093813304128496
v 0.0282040000000000 -0.0407510000000000 -0.0052700000000000
vn -4.3600062408829254 4.3069034800314396 1.3328185829653303
v -0.0328320000000000 0.0322320000000000 0.0138010000000000
vn -3.9920715743575057 4.6474740103868220 1.3392487924079193
v -0.0299070000000000 0.0349640000000000 0.0138000000000000
vn -4.4120127614453439 0.6746168687753441 -3.9060745359535325
v -0.0411120000000000 0.0062590000000000 -0.0270010000000000
vn 4.8604540954344762 -3.9511710280372592 -0.4640364939885813
v 0.0305100000000000 -0.0366630000000000 -0.0036910000000000
vn -5.2347311714215765 3.1838229807563216 -1.3406969340208195
v -0.0393070000000000 0.0239060000000000 -0.0138130000000000
vn -4.6694193087260443 3.9886215487531453 1.2987702887056971
v -0.0352760000000000 0.0295370000000000 0.0138010000000000
vn -3.2304705761348811 5.2803826139417787 -1.0084137121987728
v -0.0243510000000000 0.0398010000000000 -0.0103870000000000
vn 2.1601200634265840 -1.5457411585751935 -2.3172048889009789
v 0.0350000000000000 -0.0143039090909091 -0.0111678181818182
vn 5.4395929590425709 -2.8702956181984640 -1.2581337418605987
v 0.0285060000000000 -0.0386880000000000 -0.0076230000000000
vn 2.0911753657963210 0.1986749507971916 -5.9029339658770574
v 0.0374060000000000 0.0034070000000000 -0.0290210000000000
vn -5.6657470698202319 1.8080106256146786 -1.9932103812851476
v -0.0420590000000000 0.0134210000000000 -0.0205360000000000
vn 2.6102768219735832 1.5767487725600748 -2.5428449394482144
v 0.0350000000000000 -0.0164730000000000 -0.0112550000000000
vn -2.2968300417864560 3.8305070767618821 -3.9001335013957590
v -0.0214090000000000 0.0356460000000000 -0.0270080000000000
vn -5.5962573947939926 2.2882456496350927 -1.6692899033820199
v -0.0418090000000000 0.0170910000000000 -0.0172000000000000
vn 0.5994025822573027 -1.6771078892953051 -6.0201185150980159
v 0.0067920000000000 -0.0379450000000000 -0.0289640000000000
vn 4.7255056975583871 -4.1188764459021661 0.3380464899943741
v 0.0354990000000000 -0.0314200000000000 0.0034680000000000
vn 0.7196859672235965 -1.9602474474069238 -5.9170829813891741
v 0.0056170000000000 -0.0393750000000000 -0.0286650000000000
vn -5.2892166524531730 3.2165210618557092 -1.0075956237347836
v -0.0398650000000000 0.0242460000000000 -0.0103840000000000
vn -0.0000979312425506 0.0008075198838063 3.3265540663275992
v 0.0094760000000000 0.0153110000000000 0.0299970000000000
vn -0.0006971537308075 -3.3434115508734061 0.0015830801181300
v 0.0064710000000000 -0.0407560000000000 -0.0260030000000000
vn 4.6775235688239771 -4.1932422336202260 -0.0025848946542115
v 0.0314230000000000 -0.0357960000000000 0.0000100000000000
vn -0.0087527456598355 -0.3655967156489910 -6.2620545242419059
v 0.0000000000000000 -0.0331220000000000 -0.0299803333333333
vn 3.8655430067108743 4.5203479927441519 1.9917798696524320
v 0.0286940000000000 0.0335580000000000 0.0205270000000000
vn 3.4957035611893854 4.8122405297440976 1.9915564008572209
v 0.0259480000000000 0.0357240000000000 0.0205260000000000
vn -1.5047743685393868 2.3792408409411916 -5.5973832080829347
v -0.0212110000000000 0.0335260000000000 -0.0281230000000000
vn -4.7424055166885255 3.9828374342648902 0.9958730514911421
v -0.0357770000000000 0.0299560000000000 0.0103720000000000
vn -0.0000501710844698 -3.2243202934666075 0.0006169894433181
v 0.0263780000000000 -0.0407520000000000 -0.0064400000000000
vn -5.8799741053385137 0.8929213453797149 -1.9928886182569052
v -0.0436490000000000 0.0066250000000000 -0.0205350000000000
vn 2.8792784172286754 -4.1049298612921925 -0.8034683373601762
v 0.0275900000000000 -0.0407520000000000 -0.0078490000000000
vn 5.7738071808823488 -2.1986943099397629 -1.1094373220902867
v 0.0284246923076923 -0.0397126923076923 -0.0058460769230769
vn 0.4714081703649383 -3.4049443289716748 -5.0275541730393680
v 0.0373800000000000 -0.0136050000000000 -0.0114900000000000
vn 0.0504789074933717 -4.3006903925949924 4.3368759064036819
v 0.0373800000000000 -0.0131120000000000 -0.0160970000000000
vn 5.5258822459542527 -2.8207797672420600 -0.9590654071203244
v 0.0289090000000000 -0.0386590000000000 -0.0057440000000000
vn 0.4232849350988668 -0.2113034271168562 -6.2475899154995878
v 0.0295400000000000 -0.0147170000000000 -0.0299950000000000
vn 0.4008813275281520 -0.2493007895858145 -6.2475025566642968
v 0.0280570000000000 -0.0173800000000000 -0.0299950000000000
vn 4.9022254287357674 -3.9207193862585692 -0.0039928660966277
v 0.0371500000000000 -0.0295990000000000 0.0000080000000000
vn -2.3019726523547819 5.5903560744070768 -1.6700767959334797
v -0.0171970000000000 0.0417630000000000 -0.0172060000000000
vn 5.8220358411980229 0.3756844176362683 -2.3050902235222979
v 0.0428660000000000 0.0027400000000000 -0.0238040000000000
vn 4.4339982301044287 -4.4357203857955732 0.3670845264256206
v 0.0328037692307692 -0.0342136923076923 0.0037122307692308
vn 5.2733450556754571 -3.3787011167765142 -0.3585575822283207
v 0.0399170000000000 -0.0255750000000000 -0.0034520000000000
vn 3.1239669114829698 -3.0556105347958882 0.6210189807825747
v 0.0350000000000000 -0.0126605384615385 -0.0149928076923077
vn 3.5562344377893846 0.0000000000000000 0.0000000000000000
v 0.0350000000000000 -0.0136920000000000 -0.0135520000000000
vn 2.7973631145392961 -0.2955015386273911 -5.5977361952739209
v 0.0394540000000000 -0.0042160000000000 -0.0281140000000000
vn -0.5995262077593381 1.1725128093701354 -6.1267076600190578
v -0.0159930000000000 0.0314760000000000 -0.0296650000000000
vn 0.5110447127971599 -1.4716805646214028 -6.0823218949594722
v 0.0079400000000000 -0.0364560000000000 -0.0292450000000000
vn -0.0000222553198762 -0.0014948242288328 -6.2831851291289018
v 0.0247500000000000 -0.0082570000000000 -0.0299970000000000
vn 0.0055421947776666 0.4997983737489129 6.0523120059191839
v 0.0397600000000000 -0.0154948333333333 -0.0169726666666667
vn -0.2613235971293069 2.8072406986459963 -5.5950938343590151
v -0.0034930000000000 0.0395170000000000 -0.0281240000000000
vn 0.0001651539659530 0.0008677809338872 3.3262354512871140
v -0.0033080000000000 -0.0176860000000000 0.0300050000000000
vn 4.8579454695124573 -3.8607822854988632 -0.9625617096207351
v 0.0296780000000000 -0.0370320000000000 -0.0073910000000000
vn 0.6543714613893182 -4.7079045766699554 -2.6410525561222475
v 0.0082090000000000 -0.0407570000000000 -0.0274900000000000
vn -4.3475865393073834 0.9452634366534691 -3.9181604294270622
v -0.0405950000000000 0.0090210000000000 -0.0270020000000000
vn -0.0002685941720838 0.0007825403868197 3.3266311426755966
v 0.0143640000000000 0.0108550000000000 0.0299980000000000
vn -0.0001440316123481 0.0008915415377350 3.3262890367212998
v 0.0161130000000000 0.0080300000000000 0.0299990000000000
vn -3.1971710666000188 5.2265993718949106 -1.3415612226222537
v -0.0240090000000000 0.0392420000000000 -0.0138160000000000
vn 0.2278328676813554 -0.4624377393051573 -6.2406834653831131
v 0.0147090000000000 -0.0295480000000000 -0.0299920000000000
vn 3.6444651494645757 0.0000000000000000 0.0000000000000000
v 0.0350000000000000 -0.0151430625000000 -0.0120877500000000
vn -0.0010188569349598 -6.0374237258789316 -0.6286335126843438
v 0.0397600000000000 -0.0122840000000000 -0.0136950000000000
vn 4.4926768669740715 -4.3425753808519483 0.6393062828368026
v 0.0337339230769231 -0.0329460769230769 0.0066523846153846
vn -2.7882042358547103 0.4304780696537613 -5.5931933851905002
v -0.0392230000000000 0.0059850000000000 -0.0281170000000000
vn -1.8219170140371275 5.6611078052020112 -1.9938209227816004
v -0.0135250000000000 0.0420220000000000 -0.0205430000000000
vn 3.0330590210357697 -4.5333261228906201 3.1158879509103130
v 0.0194840000000000 -0.0389230000000000 0.0233440000000000
vn 0.9765728955142774 6.1586764889170826 -0.6735170345838046
v 0.0073970000000000 0.0465420000000000 -0.0069340000000000
vn -1.8083120156421413 2.1615360996910704 5.5954726320897326
v -0.0255110000000000 0.0303970000000000 0.0281090000000000
vn 0.0000524372127075 0.0014487731489129 6.2831851387011985
v 0.0206250000000000 -0.0164930000000000 0.0300050000000000
vn -2.7035724133077386 0.8043946476644259 5.5938567387284834
v -0.0380120000000000 0.0113840000000000 0.0281140000000000
vn 4.4637400918906875 -0.0041448345671625 3.9026917569422892
v 0.0415860000000000 0.0000060000000000 0.0270020000000000
vn 1.3362193042068669 -5.2083906597250742 1.9545231067039477
v 0.0164110000000000 -0.0407440000000000 0.0235480000000000
vn 1.1399555869822169 -5.4155221218295306 1.8452692928174108
v 0.0146270000000000 -0.0407440000000000 0.0246990000000000
vn 0.7574655111646698 -3.7609136765438365 4.7146325605364217
v 0.0365420000000000 0.0255740909090909 0.0116150000000000
vn 0.0000299151489727 -0.0014834311926261 -6.2831851316218286
v -0.0061880000000000 -0.0082570000000000 -0.0299970000000000
vn -2.1918869825190628 1.7712524442951723 5.5954810414710412
v -0.0308880000000000 0.0249120000000000 0.0281110000000000
vn -2.6897193405500599 2.1310909291310947 -4.5579152599474719
v -0.0381842500000000 0.0236429285714286 0.0169783214285714
vn -5.6162216507807008 -2.4496222899205193 1.3400348404722586
v -0.0421700000000000 -0.0183910000000000 0.0138130000000000
vn 2.3325288416261847 5.6661972852558691 1.3386843857749826
v 0.0175160000000000 0.0425450000000000 0.0137990000000000
vn -1.1885497525486119 1.7337335247879750 5.9021054490751155
v -0.0212520000000000 0.0309780000000000 0.0290150000000000
vn -4.5229081542420912 -4.0179673972152106 -1.6529627541270657
v -0.0338240000000000 -0.0299410000000000 -0.0171890000000000
vn -0.0000171047690890 -0.0015519288666196 -6.2831851153619693
v 0.0041250000000000 0.0247430000000000 -0.0300050000000000
vn -0.3197991396832046 -1.4524760693967076 6.0985227811143741
v -0.0026400000000000 -0.0393090000000000 0.0289640000000000
vn 0.0050542052353524 -1.0853057149718996 6.1848006157575197
v 0.0000000000000000 -0.0370620000000000 0.0294710000000000
vn 1.7327357932967886 -4.9791748098836077 1.8684235418038977
v 0.0197000000000000 -0.0407450000000000 0.0208720000000000
vn -6.2612828470673856 0.4548975053195816 0.0013964428040962
v -0.0473770000000000 0.0034210000000000 0.0000000000000000
vn -5.8951452900035326 -2.0324978980859205 0.6719881911325432
v -0.0445530000000000 -0.0153630000000000 0.0069280000000000
vn 0.0001927669178912 0.0015142283395942 6.2831851132445324
v 0.0165000000000000 -0.0247430000000000 0.0300070000000000
vn 0.0742110432978743 -0.3373379384569307 6.2640269619975868
v 0.0060630000000000 -0.0324310000000000 0.0300090000000000
vn 0.2284276662876804 -0.8982652991352995 6.2105526418244876
v 0.0078660000000000 -0.0333380000000000 0.0298610000000000
vn -0.0000000224263998 -3.2208944682163159 0.0020860715467743
v 0.0000000000000000 -0.0407440000000000 0.0271670000000000
vn 0.0001566662947752 -3.2314255880138743 0.0020772870949036
v 0.0018910000000000 -0.0407440000000000 0.0270920000000000
vn -5.2319156545027523 2.5912583055824037 2.2956834872886418
v -0.0384950000000000 0.0190630000000000 0.0238010000000000
vn 0.2409996854242233 6.2735404532697956 -0.0052698616516702
v 0.0016530000000000 0.0474710000000000 -0.0000100000000000
vn 5.5132379923522583 -1.9057014935411820 2.3064589237246063
v 0.0406110000000000 -0.0139870000000000 0.0238090000000000
vn 2.5402749273399552 -4.7173394614116715 3.2806380046322161
v 0.0168720000000000 -0.0395920000000000 0.0246610000000000
vn 2.7425213536108402 -4.6890483048030251 3.1553421991280732
v 0.0180060000000000 -0.0389780000000000 0.0246210000000000
vn -4.2888303165381734 1.2570986555389299 3.8935669739585577
v -0.0398920000000000 0.0117560000000000 0.0269980000000000
vn 3.1883147817894697 3.9715367442826359 1.9682245373613672
v 0.0411510000000000 0.0212140000000000 0.0124060000000000
vn 3.5705694470630824 0.0000000000000000 0.0000000000000000
v 0.0350000000000000 0.0253776000000000 0.0135966000000000
vn 3.9388524020947613 4.5861276354322031 -1.6691039333183917
v 0.0293620000000000 0.0343190000000000 -0.0172040000000000
vn 3.5527092654984402 4.8917665564113690 -1.6697937719521145
v 0.0265580000000000 0.0365320000000000 -0.0172040000000000
vn 1.5329943833400708 -5.1005553843296525 1.9186249594792344
v 0.0181040000000000 -0.0407450000000000 0.0222700000000000
vn -2.8344038000749010 -3.4025521251780044 -3.9352517304489640
v -0.0270460000000000 -0.0315970000000000 -0.0269920000000000
vn -2.5696004488354283 3.3759809588165450 -0.6295349699465128
v -0.0395320000000000 0.0222215000000000 0.0165160000000000
vn 0.0159632530464998 0.1508190026963835 6.1770218446691523
v 0.0365420000000000 0.0236043809523810 0.0110159047619048
vn 3.2082898622984031 -4.2229480289059458 3.3646728918909119
v 0.0194344615384615 -0.0398541538461538 0.0221330000000000
vn -4.8288346774591409 -3.6392524692072561 -1.6674280576133591
v -0.0360700000000000 -0.0271920000000000 -0.0171890000000000
vn -5.7390861883994750 -2.5068367093126529 0.3492963194028685
v -0.0434530000000000 -0.0189540000000000 0.0034650000000000
vn -0.0001366470717496 0.0013849704585764 6.2831851438825677
v 0.0288750000000000 -0.0082430000000000 0.0300030000000000
vn 2.0764956134135817 0.0137758716586859 5.9112809077751409
v 0.0374840000000000 0.0000070000000000 0.0290500000000000
vn 2.0914257327856012 -0.1990934038943094 5.9029252278652375
v 0.0374050000000000 -0.0034070000000000 0.0290230000000000
vn 2.3204390051979003 1.7305468594888307 2.3296729359564221
v 0.0350000000000000 0.0225320000000000 0.0112540000000000
vn 3.0691376842655145 -2.1155152806557096 2.2264056934972705
v 0.0350000000000000 0.0260355500000000 0.0124382000000000
vn -2.2755086592998830 5.4956821949415122 1.9913487352930030
v -0.0169200000000000 0.0407840000000000 0.0205250000000000
vn -6.2775898973410458 -0.0066405075698563 0.0038127587567005
v -0.0475000000000000 -0.0001200000000000 0.0000010000000000
vn 0.0041656582930260 6.2741275159476224 -0.2008145881485973
v 0.0000000000000000 0.0474760000000000 -0.0017400000000000
vn 0.0003031939917506 -3.2239289296081166 0.0006642005216960
v -0.0257620000000000 -0.0407480000000000 0.0085490000000000
vn -0.0005816467882776 -2.8638673457011614 0.0011322998300352
v 0.0072410000000000 -0.0407560000000000 -0.0254580000000000
vn -0.0000979140853849 0.0008074530316569 3.3265079274211296
v -0.0094760000000000 -0.0152970000000000 0.0300050000000000
vn 0.0004444533664631 0.0009023458584367 3.3265890628986439
v -0.0179240000000000 -0.0016540000000000 0.0300010000000000
vn 0.3607258677459771 0.5786530745664202 5.9670752606457498
v 0.0373800000000000 -0.0155692727272727 -0.0169654545454545
vn 0.0059914672856965 -4.3585006824115684 4.2981236504420215
v 0.0397600000000000 -0.0131120000000000 -0.0160970000000000
vn -2.7372168297450736 5.3906296994227301 -1.6701013356932222
v -0.0204480000000000 0.0402710000000000 -0.0172060000000000
vn -0.4469445931980130 5.9303244246011895 -1.9964702548049464
v -0.0032420000000000 0.0440250000000000 -0.0205430000000000
vn -0.9511252379925800 1.8707837446159306 -5.9034935975571727
v -0.0170110000000000 0.0334810000000000 -0.0290290000000000
vn 4.1332978575399801 4.1169887377342960 2.3056893278396116
v 0.0304130000000000 0.0303380000000000 0.0237980000000000
vn -1.8997558377677750 0.8959726964985000 -5.9026055005670361
v -0.0339590000000000 0.0160440000000000 -0.0290250000000000
vn -4.9083591121585188 -3.1327591121403500 2.3294163415122178
v -0.0361680000000000 -0.0231660000000000 0.0238110000000000
vn -0.8126377318037186 1.0490588330432176 -6.1253895176014836
v -0.0215950000000000 0.0279320000000000 -0.0296640000000000
vn 5.9268222151042096 -2.0132136354877299 -0.4620081406698692
v 0.0288200000000000 -0.0400130000000000 -0.0019650000000000
vn 5.0130212142196289 -3.7749700277609985 0.2475859329466951
v 0.0303660000000000 -0.0370140000000000 0.0019990000000000
vn 5.2958098617837255 -3.3708884142181987 0.0172042520584172
v 0.0300140000000000 -0.0375990000000000 0.0000100000000000
vn -0.0016328950298989 -3.5547037397978851 -5.0376192185193274
v 0.0397600000000000 -0.0136050000000000 -0.0114900000000000
vn -1.0392365445283172 2.6180100362980068 -5.5963360089051104
v -0.0145700000000000 0.0368990000000000 -0.0281240000000000
vn -2.5492723537883957 1.1991544629070963 -5.5960635937494363
v -0.0358730000000000 0.0169480000000000 -0.0281190000000000
vn 3.7173003370068383 0.0000000000000000 0.0000000000000000
v 0.0350000000000000 -0.0154996000000000 -0.0156500000000000
vn 3.0722901357781311 -3.7912346277271931 0.0758840256524949
v 0.0286872727272727 -0.0407500000000000 0.0006874545454545
vn -2.3329718298932463 5.6654167017114236 -1.3409615132588795
v -0.0175160000000000 0.0425390000000000 -0.0138170000000000
vn -0.9941804443834579 0.8789335633920723 -6.1253013352314269
v -0.0264370000000000 0.0234040000000000 -0.0296630000000000
vn 4.5091496335498125 -4.2920159934018507 0.8334131528945105
v 0.0338750000000000 -0.0324590000000000 0.0086620000000000
vn -1.4787364708593134 4.2069238383559391 -3.9158289363734307
v -0.0137900000000000 0.0392270000000000 -0.0270090000000000
vn -5.1657150149099555 3.1417050035710163 -1.6694711568348719
v -0.0385900000000000 0.0234690000000000 -0.0172020000000000
vn 2.7520796346304670 -2.3956334337411738 -1.7863637352438020
v 0.0350000000000000 -0.0129549444444444 -0.0124108888888889
vn 4.6614622088756628 -4.0378171049736595 1.1759954899601333
v 0.0347130000000000 -0.0307210000000000 0.0121060000000000
vn 0.0001718097499172 -3.2233192183617350 0.0009582228635460
v 0.0270780000000000 -0.0407500000000000 0.0022000000000000
vn -2.4199019435851312 1.4388274100992082 -5.5971214227696695
v -0.0340980000000000 0.0202830000000000 -0.0281200000000000
vn 5.0525976121183271 -3.7258762752869843 -0.0011246702662449
v 0.0381850000000000 -0.0282510000000000 0.0000080000000000
vn 1.3003014513308702 -0.2726820476601809 -6.1245938744261563
v 0.0345660000000000 -0.0072290000000000 -0.0296560000000000
vn -4.4409005483165878 4.3766313792230722 0.6710336198916038
v -0.0336320000000000 0.0330160000000000 0.0069170000000000
vn 2.8688499842527775 1.0012078363502683 -1.4427108702403968
v 0.0423760000000000 -0.0181780000000000 -0.0133280000000000
vn -0.0000809680043293 -0.0014765342188839 -6.2831851247094601
v 0.0247500000000000 -0.0165070000000000 -0.0299950000000000
vn 4.3403962169353152 -4.4186839269868550 1.0459639242573153
v 0.0325490000000000 -0.0333430000000000 0.0107700000000000
vn 0.0001565278168148 -3.2309871737552354 0.0020763916568290
v -0.0018920000000000 -0.0407560000000000 -0.0270700000000000
vn 6.0613502339832399 -1.5846785028563477 0.4544638332362951
v 0.0287160000000000 -0.0403510000000000 0.0021200000000000
vn 0.0428429820834509 -0.3928906758762793 -6.2586733459267405
v 0.0030830000000000 -0.0330280000000000 -0.0299766666666667
vn 0.3320856008525666 0.4358171867208941 -6.2009947753373957
v 0.0421410000000000 -0.0155275454545455 -0.0110237272727273
vn 2.8956535976964166 -0.9010401780740511 2.9556524294733180
v 0.0350000000000000 -0.0140254347826087 -0.0165291304347826
vn 0.3342207194492491 -1.4663477903411486 -6.0942474331905467
v 0.0028150000000000 -0.0393270000000000 -0.0289320000000000
vn -4.0624680665348363 4.7300180549887765 0.6703959184919906
v -0.0306360000000000 0.0358140000000000 0.0069160000000000
vn -3.6640891693940807 5.0455848322676706 0.6706353019379370
v -0.0277100000000000 0.0381230000000000 0.0069160000000000
vn 0.3113679453119365 -5.9689534875963135 -0.6783241645417137
v 0.0373800000000000 -0.0122868181818182 -0.0136675454545455
vn 0.0219223322500482 4.0369565944807260 -4.7522505269173614
v 0.0421410000000000 -0.0171918181818182 -0.0117245454545455
vn 4.5666644083044741 -4.2349644124985133 -0.8194466160476795
v 0.0307560000000000 -0.0358350000000000 -0.0072035000000000
vn 5.6664384954723186 -2.6740115705030236 0.3348434627082829
v 0.0292773076923077 -0.0388299230769231 0.0020695384615385
vn 0.0002920766406291 -3.2237633908122079 0.0006934723991435
v 0.0257620000000000 -0.0407520000000000 -0.0085270000000000
vn 0.0016677493275289 -3.7765725284730065 -3.0734455186015999
v 0.0000000000000000 -0.0407570000000000 -0.0286890000000000
vn 0.0001803044974340 -0.0012530725421065 -6.2831851628370856
v 0.0061870000000000 -0.0165070000000000 -0.0299950000000000
vn -0.0006959440058372 -3.3184100759884898 0.0019091269975106
v -0.0056170000000000 -0.0407440000000000 0.0263990000000000
vn -0.0002488958015604 -0.0007034279913565 -3.4557211075661343
v 0.0016220000000000 -0.0130140000000000 -0.0299960000000000
vn 0.0000667887908457 -0.0003047767848330 -3.4557222134310761
v 0.0030860000000000 -0.0137600000000000 -0.0299960000000000
vn 1.7010079232364170 -2.7506800858777609 -5.3510903172461024
v 0.0201910000000000 -0.0350450000000000 -0.0277050000000000
vn 0.0006780669133223 -3.2261588801652881 0.0004600849280119
v -0.0186710000000000 -0.0407450000000000 0.0193540000000000
vn 3.0599863287861391 -4.8539478435494088 -2.5582154914218065
v 0.0217880000000000 -0.0367380000000000 -0.0245520000000000
vn -0.0002488502944178 -0.0014950070509201 -6.2831851188060597
v -0.0041250000000000 0.0164930000000000 -0.0300030000000000
vn -3.6748489928484234 -4.4636159151819932 2.4570220240908882
v -0.0239950000000000 -0.0374730000000000 0.0202070000000000
vn 0.4365109342484261 2.8026876747313061 -5.4033814361392905
v 0.0365420000000000 0.0222004848484849 0.0165144242424242
vn 1.7325150125882698 1.1899293895999430 5.9023371611592115
v 0.0309710000000000 0.0212590000000000 0.0290170000000000
vn 0.8715815348854559 4.3808072351266159 3.9108721282710635
v 0.0081130000000000 0.0407940000000000 0.0269920000000000
vn -3.1934097209472116 5.2295832549477748 1.3384119852675247
v -0.0239580000000000 0.0392800000000000 0.0137990000000000
vn 5.1497274647307094 -2.7504086517759281 -2.2963760012331402
v 0.0378880000000000 -0.0202420000000000 -0.0237990000000000
vn 3.9162510357218956 -4.4064048085640390 -2.1673283899459728
v 0.0288010000000000 -0.0327020000000000 -0.0221700000000000
vn -4.3830376062486032 4.3713685610865962 -1.0079944074110263
v -0.0330380000000000 0.0329480000000000 -0.0103860000000000
vn 3.5808769052936760 -4.6883678493548757 -2.1592134329375106
v 0.0259270000000000 -0.0352930000000000 -0.0216220000000000
vn 3.8107841024186939 -4.4108020885418311 -2.3381710668891316
v 0.0279732000000000 -0.0326832000000000 -0.0236228000000000
vn 1.0925772483528891 0.7547927189730113 6.1247175364593254
v 0.0291160000000000 0.0199860000000000 0.0296550000000000
vn 1.8016974502778742 -2.2854572200721779 -5.5370979236459501
v 0.0249050000000000 -0.0308950000000000 -0.0281070000000000
vn -3.5765040513461770 -3.9864909666119059 3.2800358090583464
v -0.0208841538461539 -0.0398258461538461 0.0206959230769231
vn -2.3989114022833160 5.7854483348827532 0.3471962490487192
v -0.0181680000000000 0.0437890000000000 0.0034500000000000
vn -3.6056132023976093 1.9733468973401194 3.2988841438003815
v -0.0400305000000000 0.0238760000000000 0.0106840000000000
vn -0.0001228199171148 -0.0015837776479738 -6.2831851023430785
v -0.0123750000000000 0.0247430000000000 -0.0300050000000000
vn 1.1755206283946560 -1.7174104148234290 -5.9113377879469935
v 0.0206360000000000 -0.0313920000000000 -0.0290130000000000
vn -2.8404610457541288 -0.6329317769306142 2.5647785838924069
v -0.0382025263157895 0.0261254736842105 0.0122243157894737
vn -0.6725254466589035 6.2410110625064181 -0.0003941695959116
v -0.0050000000000000 0.0472360000000000 -0.0000100000000000
vn 2.0663552679339543 -2.5800653298690364 -5.3187311086768378
v 0.0233740000000000 -0.0333520000000000 -0.0275370000000000
vn -0.7199841372939378 -1.1048694000186294 6.1262859570379522
v -0.0194010000000000 -0.0294980000000000 0.0296660000000000
vn -5.9553877943248033 -1.0440625375107795 1.6683562386639421
v -0.0444900000000000 -0.0078000000000000 0.0171990000000000
vn -0.2689461444823745 2.3862811258241297 5.7149437555531142
v -0.0380840000000000 0.0225604375000000 0.0112525625000000
vn -0.0353151055674700 4.7144481835374652 -3.9706697703711091
v 0.0380840000000000 0.0214180000000000 0.0158780000000000
vn 3.4962693432126946 0.2729872871216460 -3.0861429962196558
v 0.0350000000000000 0.0237305454545455 0.0166227272727273
vn 4.8999764493796194 3.5093058981933423 1.7207000298169259
v 0.0366130000000000 0.0264570000000000 0.0171910000000000
vn -5.9663449136104560 1.9040293550166401 -0.3582686673512878
v -0.0451620000000000 0.0144160000000000 -0.0034620000000000
vn 2.8520357984960891 -4.5501220898002579 -3.1499097821345354
v 0.0223360000000000 -0.0355709444444444 -0.0260900555555556
vn 4.4732077987611358 0.0000000000000000 0.0000000000000000
v 0.0350000000000000 0.0219004545454545 0.0148750909090909
vn 3.6116635100935812 -4.5058903563699744 -2.4734226012868472
v 0.0237535000000000 -0.0374400000000000 -0.0206275000000000
vn -6.0979748137965499 1.4275056430900164 -0.3590261039632066
v -0.0461600000000000 0.0108010000000000 -0.0034610000000000
vn 3.6762539962195939 -2.5394004789778126 -3.8908534608419920
v 0.0343680000000000 -0.0234220000000000 -0.0269940000000000
vn 3.6188579734512567 -4.5206144430470596 -2.4315478615202437
v 0.0263710000000000 -0.0333510000000000 -0.0248800000000000
vn -4.4617342491010046 -0.2565917127989512 3.8803568756724416
v -0.0415310000000000 -0.0021370000000000 0.0270020000000000
vn -2.0041752530240302 -0.6311294418837792 5.9022603310685593
v -0.0358210000000000 -0.0112940000000000 0.0290250000000000
vn 4.4211705490959625 0.5868936573316177 3.9153616394965245
v 0.0412300000000000 0.0054340000000000 0.0270000000000000
vn -5.6485954358457402 -1.4549269630171571 2.3077589793636539
v -0.0415880000000000 -0.0107400000000000 0.0238080000000000
vn 0.0000000000000003 -0.0015231963933446 -6.2831851225497237
v 0.0123750000000000 -0.0000070000000000 -0.0299990000000000
vn -0.3556543831097482 -0.3281543447339423 6.2456218558698655
v -0.0243880000000000 -0.0222250000000000 0.0300060000000000
vn 0.4006330987370437 0.2497495585649486 6.2475041003869984
v 0.0280570000000000 0.0173790000000000 0.0299970000000000
vn 0.5397026083114638 2.7637163122234196 5.5965449127452125
v 0.0076450000000000 0.0389410000000000 0.0281080000000000
vn -0.3927940221802603 -1.0457549984460079 6.1776286102218378
v -0.0110160000000000 -0.0333380000000000 0.0297090000000000
vn 2.9565191648784710 -3.8010229273133511 -3.7104613252018188
v 0.0251070000000000 -0.0333515000000000 -0.0266505000000000
vn -0.0004676074867182 -0.0018016559832296 -6.2831849951662191
v -0.0020630000000000 -0.0082570000000000 -0.0299970000000000
vn 3.4984459732255608 -4.1172828463627207 -3.2044925825005905
v 0.0208000000000000 -0.0395960000000000 -0.0210610000000000
vn 3.3505972882984749 -4.7547993311470265 -2.3741062708808509
v 0.0239680000000000 -0.0360010000000000 -0.0231430000000000
vn -5.6224392169001618 -1.9386085925163226 1.9929796872812922
v -0.0417380000000000 -0.0143890000000000 0.0205380000000000
vn 4.2295245256607199 1.4441943770003633 3.8915735603285477
v 0.0393790000000000 0.0133740000000000 0.0269980000000000
vn -0.0001256740885266 -3.2272078052921724 0.0006103484104814
v -0.0216390000000000 -0.0407460000000000 0.0161710000000000
vn -3.3230560201380568 -4.7531442722486528 2.4152168628252304
v -0.0237050000000000 -0.0359435000000000 0.0236205000000000
vn -3.4602906171493144 -4.6771856402720031 2.3687162593485374
v -0.0253235000000000 -0.0345110000000000 0.0241695000000000
vn 4.4013179272159801 -4.2531372126338045 -1.4005305413234064
v 0.0330500000000000 -0.0320090000000000 -0.0137990000000000
vn 0.0000000000000000 -0.0015231963933443 -6.2831851225497237
v -0.0247500000000000 0.0082430000000000 -0.0300010000000000
vn 4.2948864265911961 -4.4758187459304786 -0.9953377401962973
v 0.0321390000000000 -0.0338600000000000 -0.0102430000000000
vn 0.0000577726351078 -0.0016561395010448 -6.2831850865162160
v -0.0082500000000000 0.0247430000000000 -0.0300050000000000
vn -1.2846876555868918 -2.9030829125482844 5.3947042555004536
v -0.0134420000000000 -0.0380840000000000 0.0278760000000000
vn 5.3094779908134910 2.6800663043948463 1.9923580546082729
v 0.0394160000000000 0.0198930000000000 0.0205300000000000
vn -4.1493812407720112 -4.0976843750877858 2.3347942912969186
v -0.0253010000000000 -0.0379970000000000 0.0171190000000000
vn 1.0594677929604883 2.6196948800053410 5.5906941610000720
v 0.0150030000000000 0.0367390000000000 0.0281080000000000
vn -0.9466228646890680 6.1907285214784942 -0.3601560790549684
v -0.0071250000000000 0.0468680000000000 -0.0034700000000000
vn -2.5893264631153543 -1.1061985730963351 5.5967325073152789
v -0.0364640000000000 -0.0156370000000000 0.0281200000000000
vn -1.9395517406889260 5.9549855339531721 0.3498536768082792
v -0.0146630000000000 0.0450840000000000 0.0034490000000000
vn -1.3188669362198222 -1.6346186798410427 5.9028548434389814
v -0.0235770000000000 -0.0292330000000000 0.0290290000000000
vn 2.2250894162342498 5.3939310307966144 2.3032120361693593
v 0.0163530000000000 0.0397250000000000 0.0237960000000000
vn 5.4002088947783520 2.2030924978454212 2.3090535474781033
v 0.0397580000000000 0.0162620000000000 0.0238020000000000
vn 4.9074946892946381 -3.1568059045360277 -2.3025083369359125
v 0.0361680000000000 -0.0231770000000000 -0.0237980000000000
vn -2.8232741980444898 5.5605831197863989 0.6706859705161087
v -0.0213120000000000 0.0420350000000000 0.0069150000000000
vn 3.2763003970883395 -4.7234969627331438 -2.5303124603854981
v 0.0238940000000000 -0.0347530000000000 -0.0256930000000000
vn -0.4680178332787162 6.2185539139153816 -0.6754979624078105
v -0.0034610000000000 0.0469990000000000 -0.0069340000000000
vn 0.0001872713259340 -0.0013612465918353 -6.2831851445952127
v 0.0061870000000000 -0.0123820000000000 -0.0299960000000000
vn -0.0512819201800068 -0.6973220267248268 6.2418529549102937
v -0.0031590000000000 -0.0333380000000000 0.0299660000000000
vn 2.0573058287279604 0.4315477287032785 5.9019249642916458
v 0.0367670000000000 0.0076880000000000 0.0290210000000000
vn -1.4372377147840063 -5.2412632570920259 1.8439951835915145
v -0.0172700000000000 -0.0407440000000000 0.0229240000000000
vn -0.0336473938376687 6.0910768806456899 0.6470610661359170
v -0.0380840000000000 0.0208041363636364 0.0135497272727273
vn 4.3001408386385442 -4.4181616657996914 -1.2050039392011691
v 0.0321688000000000 -0.0333480000000000 -0.0122080000000000
vn -0.0024393673642607 4.4455131467934885 3.9493726691862570
v 0.0000000000000000 0.0415930000000000 0.0269910000000000
vn 2.6920318298392578 5.3038497281817936 1.9912937810930529
v 0.0199870000000000 0.0393710000000000 0.0205250000000000
vn -0.0102550910733936 2.7970075712030655 5.6055580319243044
v 0.0000000000000000 0.0396070000000000 0.0281460000000000
vn -3.2465829705324962 -4.7294962037853470 2.5556298289485002
v -0.0236600000000000 -0.0349390000000000 0.0256390000000000
vn 2.6251254117360103 0.4305179588935397 -0.9174881254325226
v 0.0378170000000000 0.0249200000000000 0.0167560000000000
vn -5.6427569451525335 2.3906824958901249 1.2968600609688838
v -0.0427150000000000 0.0170930000000000 0.0138040000000000
vn 0.4636324356283462 0.0868933766723430 6.2474810838240993
v 0.0324380000000000 0.0060710000000000 0.0300000000000000
vn 4.6644122964318093 -4.0797118850258078 -1.0076497113882663
v 0.0348260000000000 -0.0310570000000000 -0.0103700000000000
vn 1.8524240104966601 5.7559421808216236 1.6669515741532799
v 0.0138370000000000 0.0430010000000000 0.0171870000000000
vn 0.0706836778616289 5.3317951545693800 3.1788887405103328
v -0.0396250000000000 0.0212133333333333 0.0124396666666667
vn -5.6542818683049356 -2.5066423795163360 1.0866657180869754
v -0.0285570000000000 -0.0392220000000000 0.0061770000000000
vn -2.0446549591869418 -3.5575394162492349 -4.3307496344181704
v -0.0150452000000000 -0.0390038000000000 -0.0268376000000000
vn 0.0002690523254657 0.0007826760911790 3.3267286500317370
v -0.0143650000000000 0.0108550000000000 0.0299980000000000
vn -1.5821834039588238 -2.3202295703254636 -5.6103422298561654
v -0.0218810000000000 -0.0333520000000000 -0.0280060000000000
vn -3.5890341237321999 0.0000000000000000 0.0000000000000000
v -0.0350000000000000 -0.0136284000000000 -0.0135996000000000
vn 3.7923820380450621 -4.5090411879463232 2.1786629995230768
v 0.0280920000000000 -0.0333400000000000 0.0221060000000000
vn 4.3832032231676656 4.3716482067078370 1.0057737314003301
v 0.0330380000000000 0.0329530000000000 0.0103720000000000
vn 0.0000978633642203 0.0008073803992093 3.3262384046928704
v -0.0094760000000000 0.0153110000000000 0.0299970000000000
vn -0.1655506568553831 -4.3339748489722068 4.2640868290069678
v -0.0373800000000000 -0.0131530000000000 -0.0161390000000000
vn -4.9018416055474985 -3.9213345081756099 0.0059287352632822
v -0.0371500000000000 -0.0295990000000000 0.0000080000000000
vn 0.0078035701206390 1.3113118300480062 -6.1290866952994820
v 0.0000000000000000 0.0352650000000000 -0.0296740000000000
vn 2.7739754854601339 5.4634797208433303 1.3388283838945454
v 0.0208280000000000 0.0410260000000000 0.0137990000000000
vn -4.9938337910021380 -3.7805035533932139 0.3533203404351223
v -0.0377690000000000 -0.0286520000000000 0.0034670000000000
vn 0.0000621527457439 0.0014414220134381 6.2831851400315966
v 0.0165000000000000 -0.0164930000000000 0.0300050000000000
vn -4.4867922370400697 -4.3480974234152168 0.6415217802017129
v -0.0336423076923077 -0.0330414615384615 0.0066523846153846
vn 3.3192223564002030 -2.9798885637962136 3.9118188135614380
v 0.0309610000000000 -0.0277570000000000 0.0270080000000000
vn 4.0582384803826947 -4.3431859727661370 2.0308268903399762
v 0.0264495000000000 -0.0370070000000000 0.0168805000000000
vn 0.0002235079656394 -3.2237528598224339 0.0007236071813908
v -0.0268170000000000 -0.0407490000000000 0.0043430000000000
vn -3.0224259063581425 -3.9054753922020944 0.3816048824599479
v -0.0284451818181818 -0.0407490000000000 0.0037663636363636
vn -5.1586644416692859 -3.5255948312865457 0.5539501028234387
v -0.0299580000000000 -0.0373655000000000 0.0040035000000000
vn -2.3258800009613871 1.7410732189697706 -2.3150680114717925
v -0.0350000000000000 -0.0164730000000000 -0.0112560000000000
vn -3.4094061824098425 -2.9795396933049316 0.9484979225781955
v -0.0350000000000000 -0.0127525666666667 -0.0148849000000000
vn 3.3864767649197813 -4.5193819903881742 2.7517107579518258
v 0.0218930000000000 -0.0381820000000000 0.0218420000000000
vn 3.1066312407729080 -3.1975267494573592 3.9101153410954215
v 0.0290490000000000 -0.0297520000000000 0.0270090000000000
vn 4.1621593043892204 -4.3674094319436847 1.7533470432546117
v 0.0276860000000000 -0.0366130000000000 0.0150810000000000
vn -0.4856871151864830 -3.6363094465494870 -4.8965758550855165
v -0.0373800000000000 -0.0135580000000000 -0.0115210000000000
vn -4.7128638559330431 -4.1343882951104529 0.3126737491499519
v -0.0353840000000000 -0.0315500000000000 0.0034680000000000
vn -0.3312580353444181 0.3570638571702199 6.2452735179803698
v -0.0222320000000000 0.0243950000000000 0.0299950000000000
vn 4.3655192030056309 -3.9899485796900436 2.1170856773058682
v 0.0262480000000000 -0.0379420000000000 0.0154010000000000
vn -5.7612060430754974 -1.4762295903579026 -1.9913022166551193
v -0.0427470000000000 -0.0110430000000000 -0.0205300000000000
vn -1.3172470178854927 0.0667435728336892 -6.1261976979447148
v -0.0352650000000000 0.0018280000000000 -0.0296580000000000
vn -4.4304884644597555 -4.4391893334842081 0.3680811482532911
v -0.0328047692307692 -0.0342136923076923 0.0037122307692308
vn -4.1412724676497614 -1.6772813086447047 -3.8952713514975703
v -0.0384710000000000 -0.0158000000000000 -0.0269960000000000
vn -4.2310449063039455 -4.4285648598003373 1.3981543577806448
v -0.0295175000000000 -0.0355850000000000 0.0130750000000000
vn -0.0169609454028621 6.0041198022913989 -1.8230619233933154
v 0.0000000000000000 0.0446720000000000 -0.0188980000000000
vn 1.8394544627374276 5.6554907659257223 -1.9938396933902893
v 0.0136550000000000 0.0419800000000000 -0.0205430000000000
vn -1.2679847427352766 -2.5842094385000589 -5.5584699398998945
v -0.0157370000000000 -0.0366130000000000 -0.0280770000000000
vn 5.0505042818245736 3.6608293825562721 0.6598941941489248
v 0.0382000000000000 0.0276010000000000 0.0069180000000000
vn -3.1780675223731487 0.0000000000000000 0.0000000000000000
v -0.0350000000000000 -0.0150834615384615 -0.0120419230769231
vn 5.0901705052289845 -2.6731891111512049 -2.5315056933677504
v 0.0257410000000000 -0.0401010000000000 -0.0133030000000000
vn -2.2006863983675435 -4.8120260482697264 3.3870547867773153
v -0.0152240000000000 -0.0396290000000000 0.0257810000000000
vn 4.1461478531584204 -4.4911960752877054 -1.4532313282817502
v 0.0294515000000000 -0.0353740000000000 -0.0139300000000000
vn -0.4715325043955443 0.0465639161803839 6.2472135915441802
v -0.0328600000000000 0.0030520000000000 0.0300000000000000
vn -0.0002345164689972 0.0015573715338637 6.2831850992981222
v 0.0288750000000000 0.0082570000000000 0.0299990000000000
vn -4.4464175125425056 3.7800332220413373 -2.3011441236604124
v -0.0327180000000000 0.0278260000000000 -0.0238100000000000
vn -0.0000299162644618 -0.0014834251735267 -6.2831851316231671
v -0.0061870000000000 0.0082430000000000 -0.0300010000000000
vn 0.0007216282313736 -0.0008905845050329 -3.4559586614497686
v -0.0035270000000000 0.0048470000000000 -0.0300000000000000
vn -0.9070498603901156 0.9693893983883620 -6.1250622795465750
v -0.0241220000000000 0.0257820000000000 -0.0296640000000000
vn 3.9463675003509038 -4.4516754942677315 -2.0200488102853349
v 0.0265155000000000 -0.0367010000000000 -0.0174155000000000
vn -2.4218600930438714 -3.7650663518349270 3.9257182258992711
v -0.0223980000000000 -0.0350380000000000 0.0270070000000000
vn -1.5224781823715416 -2.7070407239308247 5.4475958155087714
v -0.0201750000000000 -0.0350280000000000 0.0277310000000000
vn 0.3555744897033580 -0.3321976285514509 -6.2452162723756812
v 0.0243870000000000 -0.0222390000000000 -0.0299940000000000
vn -5.8786703755330842 2.2006785974746053 -0.0000274809751193
v -0.0444300000000000 0.0167990000000000 -0.0000030000000000
vn -2.0199022781856124 5.9432192129958095 0.0072164906994141
v -0.0151320000000000 0.0450250000000000 -0.0000100000000000
vn 4.8852223826391921 -3.6971991395947517 -1.3448045786158374
v 0.0366530000000000 -0.0278100000000000 -0.0138000000000000
vn -1.1753449745446582 -1.7144699554673539 5.9122023719152432
v -0.0206360000000000 -0.0313780000000000 0.0290300000000000
vn -1.8046476648371772 -2.2894651584052381 5.5333644633895540
v -0.0249060000000000 -0.0308810000000000 0.0281240000000000
vn 4.2107023873529217 -4.4908734799900918 -1.2556860190730887
v 0.0303690000000000 -0.0350420000000000 -0.0121930000000000
vn -3.2334059367073840 3.0709094081687347 -3.9154263682024375
v -0.0301540000000000 0.0286320000000000 -0.0270070000000000
vn -5.8331278368677770 -0.1010541280319288 2.3050660760351294
v -0.0429490000000000 -0.0006480000000000 0.0238050000000000
vn -5.9545401942763103 1.8513428254107480 0.6719115454041565
v -0.0450030000000000 0.0139940000000000 0.0069210000000000
vn 3.5337600036740739 2.7368382080300524 3.8919117850385945
v 0.0329920000000000 0.0253220000000000 0.0269950000000000
vn 5.5527522841777381 1.7636933288633077 2.3224530200919906
v 0.0409190000000000 0.0130680000000000 0.0238020000000000
vn 1.9697361893377612 -2.0207784122425259 -5.5931526279567860
v 0.0277780000000000 -0.0283390000000000 -0.0281080000000000
vn -0.0002688562894649 -0.0012011448486433 -3.4559586220046592
v 0.0048540000000000 -0.0035340000000000 -0.0299980000000000
vn 2.6454902381241236 5.1950656073230821 2.3141030646089109
v 0.0194450000000000 0.0383060000000000 0.0237960000000000
vn -1.3281332962520003 -0.0027534000493602 6.1247093906855827
v -0.0353130000000000 0.0000070000000000 0.0296590000000000
vn 4.1611017368454970 -4.5122223412321976 -1.3398781094943895
v 0.0308834615384615 -0.0341584615384615 -0.0136216923076923
vn 2.1612891613533400 -1.8085736859047274 -5.5953283919496890
v 0.0303900000000000 -0.0255180000000000 -0.0281090000000000
vn -2.9850378927974219 -3.7981347658194413 3.6987465364095753
v -0.0251230000000000 -0.0333385000000000 0.0266475000000000
vn -2.0720246390113752 -2.5745962915451859 5.3182196830746777
v -0.0233750000000000 -0.0333380000000000 0.0275550000000000
vn -5.5670280437520150 2.8090127786966197 -0.6730937977551824
v -0.0420750000000000 0.0212290000000000 -0.0069280000000000
vn -0.0068223402200007 5.8349751459223089 2.3132937199277857
v 0.0000000000000000 0.0429550000000000 0.0238070000000000
vn -2.3949434208548115 -2.4041048759434696 4.2184537071659918
v -0.0180900000000000 -0.0375220000000000 0.0269580000000000
vn 0.0005076684307759 -3.2230327129725511 0.0004145008161391
v -0.0133200000000000 -0.0407440000000000 0.0230960000000000
vn -0.9221159196977444 -5.4800388654665007 1.8841905352892965
v -0.0127640000000000 -0.0407440000000000 0.0257150000000000
vn 0.0156513506429625 6.0944246933841084 1.4935544941423939
v 0.0000000000000000 0.0456110000000000 0.0155120000000000
vn -0.4442603345363941 0.1727879524526877 6.2467709817020021
v -0.0307720000000000 0.0119280000000000 0.0299980000000000
vn -0.9471172115153381 5.9719474593562598 1.6674332801126455
v -0.0070900000000000 0.0446130000000000 0.0171870000000000
vn -5.0145777749308449 -3.1988785359881868 -1.9919371169244715
v -0.0372400000000000 -0.0237200000000000 -0.0205270000000000
vn -5.9203284196865207 -2.0420999432813338 -0.3588880690257384
v -0.0448220000000000 -0.0154440000000000 -0.0034550000000000
vn 2.7625052087346536 -0.5390791883795365 5.5971541368328426
v 0.0389340000000000 -0.0076380000000000 0.0281190000000000
vn 1.9371766525679235 5.9556309913739627 -0.3598612577021592
v 0.0146630000000000 0.0450820000000000 -0.0034690000000000
vn -3.8154134701736253 -4.5806682019174225 -1.9837103728970180
v -0.0268490000000000 -0.0358200000000000 -0.0187860000000000
vn 1.1880587336162023 1.7305251635043872 -5.9031595171855509
v 0.0212520000000000 0.0309640000000000 -0.0290280000000000
vn -3.9316531062622033 -4.5410486718060259 -1.8434188134792218
v -0.0276990000000000 -0.0357650000000000 -0.0171810000000000
vn -4.2140957891909130 -4.3480664991902005 -1.6631444347096729
v -0.0308982857142857 -0.0328598571428571 -0.0174070000000000
vn 4.0024623558676788 -1.9963601409265310 3.8827823728807802
v 0.0371670000000000 -0.0186480000000000 0.0270060000000000
vn 4.1548849350609141 4.0972883618756839 -2.3012785123105717
v 0.0306530000000000 0.0300840000000000 -0.0238110000000000
vn -3.9935875412183957 -4.4647275010942682 -1.8917008081907789
v -0.0295220000000000 -0.0333490000000000 -0.0193340000000000
vn 1.9450023565964429 -0.7931020966561202 5.9027403258245030
v 0.0347720000000000 -0.0141960000000000 0.0290260000000000
vn 0.9471270465471893 6.1907508210711075 0.3573406139227149
v 0.0071250000000000 0.0468700000000000 0.0034490000000000
vn -1.0862971701231570 -0.7624521797398329 -6.1250551800281405
v -0.0289230000000000 -0.0202660000000000 -0.0296530000000000
vn -1.0088656484125900 -0.8611824064570549 -6.1252201046112109
v -0.0268940000000000 -0.0228910000000000 -0.0296520000000000
vn 0.0000862658098034 -0.0013797002798083 -6.2831851518543775
v -0.0206250000000000 -0.0165070000000000 -0.0299950000000000
vn -5.1433333983263934 -3.2718479523803028 -1.4900307546031546
v -0.0282280000000000 -0.0383775000000000 -0.0094145000000000
vn -4.7892428012102224 -3.7748178843663616 -1.5024942811733528
v -0.0284260000000000 -0.0374230000000000 -0.0110240000000000
vn -4.0738570956897053 -4.5337794179281765 -1.5230695548114563
v -0.0299070000000000 -0.0345070000000000 -0.0153290000000000
vn -5.3260155661776860 -2.4834651570214086 -2.2187290603234846
v -0.0265610000000000 -0.0400840000000000 -0.0115180000000000
vn 0.0152691234486657 6.2197523554728296 0.8270002225034282
v 0.0000000000000000 0.0469190000000000 0.0086510000000000
vn -1.5994082838053454 -1.3630515465797610 -5.9025182250579036
v -0.0286070000000000 -0.0243480000000000 -0.0290150000000000
vn -5.8012165947040728 1.3116266124714970 1.9923285220102214
v -0.0430630000000000 0.0097390000000000 0.0205320000000000
vn 0.4686339888138066 6.2188746994563004 0.6727075132843953
v 0.0034610000000000 0.0470020000000000 0.0069140000000000
vn 0.0000000000000023 -0.0015231963933451 -6.2831851225497228
v 0.0123750000000000 0.0164930000000000 -0.0300030000000000
vn -1.4134496302665813 5.8789306707768585 1.6678662186558375
v -0.0105540000000000 0.0439230000000000 0.0171870000000000
vn 1.8286950449076946 -4.0545243907026691 4.2978377075362246
v 0.0121696363636364 -0.0402153636363636 0.0266945454545454
vn -3.8348154153730332 -4.5858218996278417 -1.9305992842699591
v -0.0285730000000000 -0.0339420000000000 -0.0198760000000000
vn -0.4683369260747640 5.8174940788156517 2.3023271077818510
v -0.0033490000000000 0.0428290000000000 0.0237950000000000
vn -3.4298875714253736 4.7240214583560141 2.2967584321546992
v -0.0252560000000000 0.0347500000000000 0.0237970000000000
vn -6.1777856665598874 0.3958899875201295 1.0072949835461935
v -0.0465660000000000 0.0029850000000000 0.0103780000000000
vn -4.6617584445584797 -4.0376709026211675 -1.1754705341979119
v -0.0347130000000000 -0.0307270000000000 -0.0120890000000000
vn -5.7756714630634969 0.8347338024641419 2.3015972649961158
v -0.0425150000000000 0.0061330000000000 0.0238040000000000
vn 2.2095014860932389 5.8752319178689065 -0.0012412178605709
v 0.0167970000000000 0.0444310000000000 -0.0000100000000000
vn 1.2821458240397825 -2.3160932143981947 5.6911434070446010
v 0.0190880000000000 -0.0341400000000000 0.0283980000000000
vn 0.8486766994161089 -1.9939617650240224 5.8874577719972123
v 0.0118790000000000 -0.0365180000000000 0.0288110000000000
vn -4.5081785426528294 -4.2930950822675253 -0.8323355548631211
v -0.0338760000000000 -0.0324630000000000 -0.0086450000000000
vn 1.5705392339490438 6.0775437888461585 0.0020956991463712
v 0.0117660000000000 0.0460200000000000 -0.0000100000000000
vn -3.5217682490100644 -2.7384760085130946 -3.9124119278689014
v -0.0328540000000000 -0.0255020000000000 -0.0269940000000000
vn 0.0005082152053861 -0.0010951873539594 -3.4553574984513595
v 0.0018540000000000 0.0056990000000000 -0.0300000000000000
vn -1.7207142016772814 -1.2062273482459318 -5.9024763097866302
v -0.0307650000000000 -0.0215560000000000 -0.0290160000000000
vn 1.8111230168571200 2.1540309227282046 -5.5976733914248307
v 0.0255110000000000 0.0303830000000000 -0.0281220000000000
vn -4.3445101239602710 -4.4110881004155589 -1.0629425188606367
v -0.0325360000000000 -0.0333470000000000 -0.0108050000000000
vn -0.2719736538462212 1.3017382246807900 6.1244356529592707
v -0.0072210000000000 0.0345730000000000 0.0296510000000000
vn 2.4923303769613789 -1.3092785698323042 5.5972072837373537
v 0.0351070000000000 -0.0184810000000000 0.0281210000000000
vn 5.8018299023954931 -0.5132082884036049 2.3258508275913936
v 0.0427930000000000 -0.0037090000000000 0.0238060000000000
vn 3.7915860592087358 4.4276286066229771 -2.3146971568263690
v 0.0279220000000000 0.0326340000000000 -0.0238110000000000
vn 3.4369164998672623 4.7147324101079056 -2.3040140139389620
v 0.0252560000000000 0.0347390000000000 -0.0238120000000000
vn -5.2193967208493515 -3.3294072405466206 -1.0065946869945150
v -0.0393580000000000 -0.0250660000000000 -0.0103720000000000
vn 1.2139639430238516 -2.3200957008312906 5.6954760157497306
v 0.0180040000000000 -0.0349960000000000 0.0282950000000000
vn -6.2349295705278420 -0.5907666224912184 0.3567104917907254
v -0.0471960000000000 -0.0044690000000000 0.0034610000000000
vn -0.0583061476194712 5.5627425467663416 -2.3167970154840916
v -0.0365420000000000 0.0209706666666667 0.0149955757575758
vn 1.1426963966585224 -2.0514633217783973 5.8233984404172610
v 0.0188120000000000 -0.0333380000000000 0.0287560000000000
vn -0.2170477297556055 2.0926580204679270 5.9010300974737495
v -0.0039850000000000 0.0373560000000000 0.0290130000000000
vn -4.2415387103575437 -4.4831953344948063 -1.1734523784006967
v -0.0317060000000000 -0.0338700000000000 -0.0119080000000000
vn 2.7330972256204831 3.5326633707582724 -3.8972217113778607
v 0.0253160000000000 0.0329860000000000 -0.0270070000000000
vn -2.7849274700395426 0.0000000000000000 0.0000000000000000
v -0.0350000000000000 -0.0168776000000000 -0.0135986000000000
vn -2.6079233745921830 -4.8968705904120888 -2.9471582372494725
v -0.0183650000000000 -0.0380280000000000 -0.0258310000000000
vn 3.6880862462171198 -4.6246075852538331 2.1176549804141613
v 0.0258590000000000 -0.0361260000000000 0.0199070000000000
vn 3.7297214200929218 2.4707534175873467 -3.8883222548615390
v 0.0345780000000000 0.0230980000000000 -0.0270050000000000
vn -3.0213815804972284 3.2812832282003317 3.9121597644933335
v -0.0281510000000000 0.0306160000000000 0.0269940000000000
vn -4.9770505465305597 -3.7579696657928294 0.6733266991338493
v -0.0375460000000000 -0.0284820000000000 0.0069310000000000
vn 3.6411907807313808 -4.3931672077148605 2.6299222340901727
v 0.0231190000000000 -0.0381170000000000 0.0203460000000000
vn 1.8453168155513731 -4.9862152726695026 1.7509870513726660
v 0.0204590000000000 -0.0407450000000000 0.0201300000000000
vn 4.6908909103239464 3.9390226993329773 1.3386938022621615
v 0.0350430000000000 0.0298130000000000 0.0138020000000000
vn -1.8552918167136419 -4.8524627576190298 -1.8682499993505328
v -0.0204600000000000 -0.0407550000000000 -0.0201090000000000
vn 0.0342744138165829 6.1108310810881115 -0.3959040316507215
v -0.0373800000000000 -0.0182252727272727 -0.0137214545454545
vn 0.9693761781292671 6.1138898991925519 -1.0087480818648751
v 0.0073240000000000 0.0460800000000000 -0.0103890000000000
vn -2.7481295671988750 -2.8517553348515690 -3.9826037810200301
v -0.0210442000000000 -0.0358888000000000 -0.0269808000000000
vn 4.0404261087225253 4.8047116058853776 -0.0019966676899643
v 0.0306190000000000 0.0363140000000000 -0.0000080000000000
vn 4.7497268076160672 -3.5792922378364067 1.9932845037870464
v 0.0352550000000000 -0.0265700000000000 0.0205410000000000
vn 0.0145635933990582 2.0747628112521510 -5.9118793574891786
v 0.0000000000000000 0.0374780000000000 -0.0290570000000000
vn -4.3712221194338881 -4.3307173413124458 1.2689059109401906
v -0.0297600000000000 -0.0358620000000000 0.0113560000000000
vn 2.8025839840138529 5.5199252473003657 1.0059118632450021
v 0.0211240000000000 0.0416080000000000 0.0103700000000000
vn -3.4234952039586384 -4.6865923731224566 -2.4056394648352950
v -0.0235710000000000 -0.0368955000000000 -0.0219240000000000
vn 3.6694747522479285 -4.5755176495841212 2.2523194878468278
v 0.0249240000000000 -0.0368000000000000 0.0200590000000000
vn -6.0306675128444089 0.4322791650201612 -1.6688745063410215
v -0.0450530000000000 0.0032280000000000 -0.0171970000000000
vn -4.6865257373170994 -4.1216878963950867 0.6748916443301485
v -0.0351750000000000 -0.0313630000000000 0.0069320000000000
vn 3.8677218304125982 4.9437717348130290 -0.0011790154869559
v 0.0292280000000000 0.0374430000000000 -0.0000080000000000
vn 3.2424907741910478 -4.7201107922136467 2.5835066113461886
v 0.0221350000000000 -0.0372810000000000 0.0231075000000000
vn 0.4950129315068190 6.1077292982378442 -1.3414915161082184
v 0.0035870000000000 0.0458640000000000 -0.0138180000000000
vn 4.3378884147792895 4.3274618311190771 1.3392115233150048
v 0.0325750000000000 0.0324920000000000 0.0138010000000000
vn 3.7652557320459255 -4.5950665364701644 2.0414509765505295
v 0.0277870000000000 -0.0340830000000000 0.0210500000000000
vn -5.4046813081659071 -2.8863343563625352 1.3401273934905173
v -0.0405820000000000 -0.0216710000000000 0.0138140000000000
vn 4.4648797302134158 -3.9298571603903674 1.9940998383139281
v 0.0330600000000000 -0.0292560000000000 0.0205420000000000
vn -0.0160924704828988 0.3764621992617861 -6.1843103770761543
v -0.0373800000000000 -0.0155420000000000 -0.0110250000000000
vn 3.6550383295843654 -4.5795125644165671 2.2615159090334993
v 0.0268600000000000 -0.0341060000000000 0.0226120000000000
vn -5.0975352271082599 -3.5665174536860866 0.8384141348704420
v -0.0296655000000000 -0.0373940000000000 0.0059760000000000
vn -1.3153254535642624 -0.0569506976294559 -6.1266315871306851
v -0.0352880000000000 -0.0013150000000000 -0.0296570000000000
vn -4.4319657782758775 -4.3229314456987327 1.0618785493729122
v -0.0306095000000000 -0.0355105000000000 0.0094565000000000
vn -2.3644068517056653 -1.5161995703309405 -2.3368352730150592
v -0.0350000000000000 -0.0143033636363636 -0.0111678181818182
vn -2.9442076447647620 -4.0005372354792605 0.6827426420199390
v -0.0279890000000000 -0.0407480000000000 0.0063300000000000
vn -3.6185149047734311 -4.6268037445704859 -2.2297458525203391
v -0.0250400000000000 -0.0365270000000000 -0.0204320000000000
vn 2.9884709903381128 -4.8356640315325574 2.6745329465127665
v 0.0210239473684211 -0.0370091052631579 0.0249348947368421
vn -3.2274653894949892 -4.7563816925580316 -2.5357503954534448
v -0.0224580000000000 -0.0369670000000000 -0.0232865000000000
vn -3.1312636018691604 -4.6872417640849369 -2.7737131472338721
v -0.0209770000000000 -0.0378860000000000 -0.0234180000000000
vn -6.1042553594853661 -0.5305755656580539 -1.3396562882802625
v -0.0458350000000000 -0.0039820000000000 -0.0138060000000000
vn 4.1729701933706123 -4.2442917274262264 1.9977807067205835
v 0.0306720000000000 -0.0317510000000000 0.0205420000000000
vn -2.9874777209086529 -4.8328265412384956 -2.6813388596518872
v -0.0207680000000000 -0.0373430000000000 -0.0246110000000000
vn 0.0000621249036656 0.0014414762084617 6.2831851400207057
v -0.0165000000000000 0.0165070000000000 0.0299970000000000
vn 3.4553798550710209 -4.6703936558683310 2.3913075885223551
v 0.0238350000000000 -0.0368710000000000 0.0215930000000000
vn -0.9383211892235099 0.9261757448931085 6.1262187796428318
v -0.0252150000000000 0.0247290000000000 0.0296530000000000
vn 3.6894172351903607 -4.6719521753569531 1.8953617788616515
v 0.0269290000000000 -0.0333390000000000 0.0240470000000000
vn -2.3279605160316708 -4.3898540372613546 -3.6472022414335856
v -0.0194423529411765 -0.0370731176470588 -0.0264900000000000
vn 5.0757020130337347 3.6687758067514231 0.3569311990347875
v 0.0384270000000000 0.0277640000000000 0.0034540000000000
vn 1.4992477608301131 -1.4693484352325998 5.9031596386812879
v 0.0268200000000000 -0.0262890000000000 0.0290290000000000
vn 3.9603252339184758 -4.4557977497107935 1.9790640836114677
v 0.0292610000000000 -0.0331500000000000 0.0203255000000000
vn -5.6228439577982536 -2.2831990799218889 1.6075656011806496
v -0.0277310000000000 -0.0399980000000000 0.0082840000000000
vn 0.0002688647032480 0.0007824409667261 3.3262698307342342
v 0.0143640000000000 -0.0108400000000000 0.0300040000000000
vn -4.5164128279046878 -4.3515195625818146 0.3418710663438382
v -0.0339214545454545 -0.0331110909090909 0.0035254545454545
vn -0.0000333697124030 -0.0013127695053327 -6.2831851661506217
v -0.0123750000000000 -0.0247570000000000 -0.0299930000000000
vn -4.2592416520692424 -4.4820323613332640 1.1154795177590435
v -0.0311530000000000 -0.0346020000000000 0.0110610000000000
vn -5.1590348447914867 -3.3052871160947856 1.3407068536445539
v -0.0387390000000000 -0.0248150000000000 0.0138140000000000
vn -1.6315342147555669 -2.6502866309530266 -5.4492160289931135
v -0.0213880000000000 -0.0341690000000000 -0.0277760000000000
vn 1.3900090539015650 5.7826681282206227 -1.9935063630459084
v 0.0103160000000000 0.0429220000000000 -0.0205430000000000
vn 3.1084264248156548 -4.6636373033613507 2.8374728351821692
v 0.0205830000000000 -0.0382490000000000 0.0232510000000000
vn -2.7767321598787214 3.4849857155543997 3.9172513762622945
v -0.0260190000000000 0.0324480000000000 0.0269930000000000
vn -2.5312990560047575 2.2411423138639064 -1.8886527487000970
v -0.0350000000000000 -0.0178510000000000 -0.0124960000000000
vn -0.3773207467167485 3.8627423556988800 -4.7678888239087485
v -0.0373800000000000 -0.0171270000000000 -0.0116715000000000
vn 4.6611247005681378 -3.5139614490809072 2.2985039560132181
v 0.0343000000000000 -0.0258500000000000 0.0238120000000000
vn 0.0006412975976906 -0.0008150025212176 -3.4557770852149194
v 0.0052500000000000 -0.0180070000000000 -0.0299950000000000
vn -3.9823286433455745 4.6564675801359350 -1.3404776925111710
v -0.0299010000000000 0.0349620000000000 -0.0138150000000000
vn 5.2409849381386477 -2.8084625395143492 -1.9981562571972384
v 0.0389430000000000 -0.0208050000000000 -0.0205280000000000
vn -6.2398731228266842 0.6815322754295750 -0.0003936308077804
v -0.0472180000000000 0.0051740000000000 -0.0000010000000000
vn 0.5715424335742584 4.4251707468677077 3.9034212641347232
v 0.0054280000000000 0.0412370000000000 0.0269920000000000
vn -3.2266285722355552 5.2831313125738699 1.0062898519636043
v -0.0242980000000000 0.0398380000000000 0.0103700000000000
vn 1.9308824516880454 0.8296836288686029 5.9021348757358005
v 0.0345180000000000 0.0148160000000000 0.0290190000000000
vn 3.8892218137493288 -4.4868501488665071 -2.0491300185491661
v 0.0287310000000000 -0.0333500000000000 -0.0209200000000000
vn -0.2875735870676222 -0.3835051258469697 6.2463100297463781
v -0.0198870000000000 -0.0263270000000000 0.0300070000000000
vn -4.6673887729296055 3.9695524884288282 -1.3406539991754911
v -0.0350430000000000 0.0298060000000000 -0.0138140000000000
vn -4.3382651202715703 4.3264750371332363 -1.3408801667630994
v -0.0325750000000000 0.0324860000000000 -0.0138150000000000
vn 3.5376939421874156 -4.6490418475514677 -2.3097039198692673
v 0.0259355000000000 -0.0343360000000000 -0.0236080000000000
vn -3.3520934114615306 -4.3587644780629562 3.0366471972787794
v -0.0208810000000000 -0.0388690000000000 0.0219660000000000
vn -3.6750950365787745 -4.1696254393997272 2.9253491963826925
v -0.0221910000000000 -0.0388160000000000 0.0204920000000000
vn -0.5449137332260330 -1.2070741331258728 6.1319708940440760
v -0.0136511818181818 -0.0329211818181818 0.0295862727272727
vn 0.3556327103469962 0.3322872412474713 6.2451993401569563
v 0.0243870000000000 0.0222390000000000 0.0299960000000000
vn 4.3581199389630205 -3.8745325892753080 -2.3124830386778679
v 0.0320590000000000 -0.0285930000000000 -0.0237970000000000
vn 4.0383986478092666 -4.1894166222684497 -2.3524867903494817
v 0.0296320000000000 -0.0311020000000000 -0.0237960000000000
vn 0.7943404335947765 1.9461232537790203 5.9022168805467752
v 0.0142020000000000 0.0347790000000000 0.0290140000000000
vn -1.1262693665383479 6.1751046406629868 -0.0033301645224458
v -0.0083790000000000 0.0467550000000000 -0.0000100000000000
vn -1.4384188264158073 6.0950531204807872 -0.3596735690104719
v -0.0109070000000000 0.0461350000000000 -0.0034700000000000
vn -3.4517729237045720 -4.5735853580999448 2.5773500588424332
v -0.0228400000000000 -0.0375430000000000 0.0217220000000000
vn -5.9403909443266913 1.8960137388955822 -0.6724379971811432
v -0.0448960000000000 0.0143300000000000 -0.0069270000000000
vn -0.2272174414096930 -0.4602961362733288 6.2408309988550075
v -0.0147100000000000 -0.0295330000000000 0.0300080000000000
vn -5.8539372182931944 -1.5121977907140955 1.6687570236376357
v -0.0437330000000000 -0.0112960000000000 0.0172000000000000
vn -0.2637168955913279 4.5173593228573496 4.3374322965249874
v -0.0396250000000000 0.0218313333333333 0.0117030000000000
vn -3.6052143882812415 3.2509570818982212 2.7680475540460567
v -0.0407558000000000 0.0225494000000000 0.0108660000000000
vn 1.7891393444602790 5.5567734070301444 2.2973153449609818
v 0.0131590000000000 0.0408940000000000 0.0237960000000000
vn -0.4182196925094713 -1.2874764366711642 6.1318903210054012
v -0.0089200000000000 -0.0348810000000000 0.0295380000000000
vn 0.7273562450329115 1.1033904749748675 6.1258210234819792
v 0.0194000000000000 0.0295130000000000 0.0296520000000000
vn 0.2502872100077655 0.4104335048372885 6.2463061150754049
v 0.0173720000000000 0.0280640000000000 0.0299940000000000
vn 2.4472805956441559 -2.2294111638386234 -1.8699448457762085
v 0.0350000000000000 0.0259830000000000 0.0160010000000000
vn 2.5523380785044427 -0.5625409715988922 -0.1558173008757473
v 0.0372598125000000 0.0265430625000000 0.0149375000000000
vn -1.0300013340143033 -2.5519474776746724 5.6370945309506375
v -0.0083370000000000 -0.0394060000000000 0.0282570000000000
vn 2.7980556278974182 0.2961591397137974 5.5974175784547917
v 0.0394540000000000 0.0042160000000000 0.0281160000000000
vn -5.7158989582100510 -1.9708148137696466 1.6690315714400528
v -0.0427010000000000 -0.0147220000000000 0.0172010000000000
vn -0.3226691454664281 -0.3589482491809639 6.2456682801366714
v -0.0222320000000000 -0.0243800000000000 0.0300070000000000
vn 1.4083107212091397 -2.2145579792543604 -5.6991879648887931
v 0.0203660000000000 -0.0333520000000000 -0.0284040000000000
vn -0.4234359255725939 -0.2086893029504210 6.2475933432176527
v -0.0295410000000000 -0.0147020000000000 0.0300040000000000
vn 2.0041222108037289 0.6340059001043344 5.9019761767538537
v 0.0358200000000000 0.0113080000000000 0.0290200000000000
vn 4.0061601707476377 0.0000000000000000 0.0000000000000000
v 0.0350000000000000 0.0250490000000000 0.0149726666666667
vn -0.0243146425679952 -2.0053239184889504 5.8645710232728057
v -0.0380840000000000 0.0248836666666667 0.0112253333333333
vn -4.4406682508413287 -0.5417174537747629 3.8815898031486653
v -0.0412920000000000 -0.0049370000000000 0.0270020000000000
vn 3.5755712949760987 -4.2915124044912956 -2.8717485515837935
v 0.0220200000000000 -0.0386915000000000 -0.0208845000000000
vn 3.2817579698600792 -4.4488557730102292 -2.9819932384021839
v 0.0207825000000000 -0.0387450000000000 -0.0222530000000000
vn 3.3689402803121609 -4.5821276012388985 -2.6677232211851947
v 0.0221830000000000 -0.0378170000000000 -0.0220920000000000
vn 4.3784480966305956 0.8645149334736002 3.9144350047365215
v 0.0407870000000000 0.0081190000000000 0.0270000000000000
vn 0.3822029063717937 0.3008009915009697 6.2454345986281190
v 0.0263340000000000 0.0198940000000000 0.0299960000000000
vn 2.5572761781444036 -3.6486348414082386 -3.9476527085923814
v 0.0236360000000000 -0.0342200000000000 -0.0269905000000000
vn 1.2215342287208282 0.5256746109646711 6.1245024547647988
v 0.0324510000000000 0.0139300000000000 0.0296560000000000
vn -2.3858798943554014 5.7617376995540130 0.6710599393735073
v -0.0180610000000000 0.0435310000000000 0.0069140000000000
vn 1.3410552624836192 5.6830559053452330 2.2939068323779588
v 0.0098820000000000 0.0418070000000000 0.0237950000000000
vn -5.8731878486791400 -2.0443272796243872 0.8602191043240774
v -0.0286070000000000 -0.0399680000000000 0.0041920000000000
vn -5.5694221565212496 -2.7891319406159703 0.7344782640343491
v -0.0290860000000000 -0.0388230000000000 0.0041135000000000
vn -4.4069593151737116 -4.4433217368399189 0.5539180181527047
v -0.0326033846153846 -0.0342224615384615 0.0055516923076923
vn 3.3527743585971228 -4.3585715483509073 3.0361718679695362
v 0.0208810000000000 -0.0388690000000000 0.0219660000000000
vn 2.3521338153780302 1.5466172080833187 -5.5971177553119364
v 0.0331540000000000 0.0217920000000000 -0.0281200000000000
vn -5.3588405128807572 -2.9546277000229972 1.3716784356140748
v -0.0282900000000000 -0.0388785000000000 0.0081330000000000
vn 3.8795709439467734 -4.5128730953289402 2.0089407513079731
v 0.0287430000000000 -0.0333400000000000 0.0209150000000000
vn 3.6757807912260323 -4.1685100357564959 2.9260229768660797
v 0.0221900000000000 -0.0388160000000000 0.0204920000000000
vn 0.3304456757892130 -0.3542990533094885 6.2453825766179527
v 0.0222320000000000 -0.0243800000000000 0.0300070000000000
vn -0.3596609788054448 0.3241971580662561 6.2457584172001939
v -0.0243880000000000 0.0222390000000000 0.0299950000000000
vn -0.0035062559326037 6.0455070548787546 -1.6851945488676412
v 0.0000000000000000 0.0451600000000000 -0.0172220000000000
vn -6.0458485677061145 -0.0453322337742519 -1.6690437639936311
v -0.0451680000000000 -0.0003420000000000 -0.0171960000000000
vn -0.2779257562535895 -5.6881790374471217 2.1035950093808995
v -0.0373800000000000 -0.0125300000000000 -0.0151576666666667
vn -4.1982592199802227 -4.5004152307100211 1.2614904464391172
v -0.0310421428571429 -0.0342634285714286 0.0127451428571429
vn 3.6695880354381996 5.0933792228202623 -0.0007730554235187
v 0.0277940000000000 0.0385200000000000 -0.0000080000000000
vn 4.3721105890184484 -3.8614282606589172 2.3096419950273162
v 0.0321640000000000 -0.0284630000000000 0.0238120000000000
vn 4.0525295316381662 -4.1731224183763720 2.3551882269397399
v 0.0298410000000000 -0.0308900000000000 0.0238130000000000
vn -3.0113604425036153 -3.8683320051848162 0.5098006995862927
v -0.0282050000000000 -0.0407490000000000 0.0052910000000000
vn -0.8434218308122314 1.0116675881854089 6.1262167210705369
v -0.0227040000000000 0.0270530000000000 0.0296530000000000
vn 3.2307672093784001 5.2807283481507064 1.0062560532414657
v 0.0243510000000000 0.0398050000000000 0.0103700000000000
vn 1.7958764308813657 5.5447089674403962 -2.3181893024942939
v 0.0132850000000000 0.0408420000000000 -0.0238130000000000
vn -0.4829885165827196 0.0016236914807245 -6.2458323629401002
v -0.0330000000000000 -0.0000070000000000 -0.0299990000000000
vn -0.2296676090125449 2.4817294408874089 -5.6312947156840085
v -0.0373800000000000 -0.0163870000000000 -0.0112190000000000
vn 0.9600149707747050 6.0513016203666883 -1.3416091948472326
v 0.0072210000000000 0.0454330000000000 -0.0138180000000000
vn -3.3694179425125497 -4.5815738976894398 -2.6680283331447128
v -0.0221830000000000 -0.0378170000000000 -0.0220920000000000
vn -2.0129424615607934 1.9718998404371593 5.5955968236566012
v -0.0283330000000000 0.0277850000000000 0.0281100000000000
vn -5.2505620958494097 -3.3635437806420314 0.6731346095939265
v -0.0396830000000000 -0.0254210000000000 0.0069310000000000
vn -2.2967725947497710 -2.3111095303154046 1.6963483717826848
v -0.0350000000000000 -0.0130240000000000 -0.0160040000000000
vn 0.0423351975997677 0.4682940532373122 -6.2476422193404328
v 0.0030450000000000 0.0328520000000000 -0.0300070000000000
vn 3.4512347115613538 -4.5737785735778376 2.5777242703555481
v 0.0228390000000000 -0.0375430000000000 0.0217230000000000
vn -3.5752411389277228 -4.2918333002036428 -2.8717727596631457
v -0.0220205000000000 -0.0386915000000000 -0.0208850000000000
vn 4.3178185705204761 -4.1189494901140273 1.9632433559682094
v 0.0269370000000000 -0.0372850000000000 0.0152450000000000
vn -2.7492586726254244 -1.9930597394645200 -1.8261754234836909
v -0.0350000000000000 -0.0139697222222222 -0.0120156111111111
vn -2.1062383921740411 -4.5740592485808014 -3.6716872867328125
v -0.0166625217391304 -0.0386147391304348 -0.0262993913043478
vn -4.7039173177221434 -4.1255248374407492 0.5095875554742805
v -0.0352970000000000 -0.0314720000000000 0.0052000000000000
vn 5.1051883627257899 3.0509387043986744 -1.9932018949143278
v 0.0378940000000000 0.0226490000000000 -0.0205380000000000
vn -4.4063998706818008 -4.4135775856743980 0.7540158061569933
v -0.0331684000000000 -0.0333430000000000 0.0077558000000000
vn 0.4995349649204957 6.1710706903321038 -1.0086439793004860
v 0.0036380000000000 0.0465160000000000 -0.0103890000000000
vn -3.2817475038443975 -4.4490920130130576 -2.9817186445685637
v -0.0207830000000000 -0.0387450000000000 -0.0222530000000000
vn 5.2466654705683036 -2.8011442659231944 1.9933520902148152
v 0.0389310000000000 -0.0208160000000000 0.0205400000000000
vn -2.5564438462704682 -3.6476372383747244 -3.9475806884652371
v -0.0236370000000000 -0.0342195000000000 -0.0269910000000000
vn 1.3735428829414813 5.6705995279174122 -2.3044986702904691
v 0.0100370000000000 0.0417590000000000 -0.0238130000000000
vn -1.4082867506846333 -2.2251466681924787 -5.6943736053682237
v -0.0203700000000000 -0.0333520000000000 -0.0284040000000000
vn -4.5113569650690639 -4.3538339617632067 0.4016297573197471
v -0.0318790000000000 -0.0351310000000000 0.0038030000000000
vn 4.1205547125522015 1.7034376512636999 -3.9141975451671422
v 0.0384210000000000 0.0159080000000000 -0.0270030000000000
vn 4.4154007496493222 4.4034104967156704 0.6706786417406246
v 0.0333680000000000 0.0332820000000000 0.0069170000000000
vn 3.7974392069491616 -3.7152864665357379 -3.3518718733786987
v 0.0213580000000000 -0.0401690000000000 -0.0197650000000000
vn 2.6613563311651403 -4.2678000169029540 -1.2312563028898438
v 0.0259140000000000 -0.0407530000000000 -0.0123140000000000
vn 5.0908294803128840 -3.2621735947426376 -1.6676922478568630
v 0.0380330000000000 -0.0243710000000000 -0.0171900000000000
vn 2.4690899491292533 1.3575847739534779 5.5954700528825461
v 0.0347360000000000 0.0191840000000000 0.0281120000000000
vn -3.2541142693050418 5.3191340582139208 -0.6729478735442510
v -0.0245940000000000 0.0402000000000000 -0.0069330000000000
vn 1.1504147669660132 4.3097861662048071 3.9147872522077907
v 0.0107630000000000 0.0401760000000000 0.0269920000000000
vn 4.4383501795473057 -3.3778708015446983 -2.8858294053181206
v 0.0240194615384615 -0.0398404615384615 -0.0166199230769231
vn -4.2107365686955500 4.1998369754431124 -1.9935935351629841
v -0.0312600000000000 0.0311720000000000 -0.0205400000000000
vn -2.7961265128007908 0.2424415531849696 3.0853740698236995
v -0.0350000000000000 0.0234170000000000 0.0110295384615385
vn 4.7654534914927762 -3.1093016304110375 -2.6506274481807641
v 0.0250354615384615 -0.0398170000000000 -0.0149638461538461
vn 4.0373014988731324 -4.5545958272048930 -1.5593435793337573
v 0.0291650000000000 -0.0351130000000000 -0.0154840000000000
vn 4.0217873090627112 -4.5310085055557767 -1.6623803672412949
v 0.0296803076923077 -0.0341984615384615 -0.0167880769230769
vn -0.9620256222483948 -1.8654114552758061 5.9072687524663330
v -0.0172970000000000 -0.0333380000000000 0.0290340000000000
vn 0.0004313698012128 -0.0016096910120954 -6.2831850733141685
v -0.0165000000000000 0.0247430000000000 -0.0300050000000000
vn -5.3275392167662137 3.2403702354772110 -0.6731238234306207
v -0.0402640000000000 0.0244900000000000 -0.0069290000000000
vn 0.0473060124095839 2.2943872880629601 5.7558109321804629
v -0.0365420000000000 0.0225768750000000 0.0112445000000000
vn -5.9765107648966316 1.3512607478252601 1.3396487361011662
v -0.0448750000000000 0.0101460000000000 0.0138060000000000
vn 0.8996975403472408 5.8795430553401244 1.9910600436020247
v 0.0066360000000000 0.0436530000000000 0.0205240000000000
vn 3.8386768917174541 -4.3438518152257783 -2.4228723309285858
v 0.0243740000000000 -0.0376880000000000 -0.0192250000000000
vn 4.0450025358772157 -4.2253549835594946 -2.2896752586300764
v 0.0253850000000000 -0.0376260000000000 -0.0176400000000000
vn -5.7972038262911560 2.3694248052372249 -0.3596877752582996
v -0.0438810000000000 0.0179420000000000 -0.0034630000000000
vn -0.4639214142143537 -0.0835121128062080 6.2476248845469691
v -0.0324380000000000 -0.0060560000000000 0.0300020000000000
vn -1.3213684045587422 -0.1373127721939437 6.1245745719153328
v -0.0351130000000000 -0.0037390000000000 0.0296600000000000
vn -0.9825849699690667 6.1852742469995246 0.3556908334990552
v -0.0074410000000000 0.0468210000000000 0.0034490000000000
vn 3.8824376257747666 -4.5851026446112035 -1.8361709252107330
v 0.0285070000000000 -0.0345670000000000 -0.0184870000000000
vn 3.8191791500871854 -4.6105719300767962 -1.9044554082982770
v 0.0276810000000000 -0.0351970000000000 -0.0186360000000000
vn -3.1780212052737156 -3.0695038593976420 0.5522768368040054
v -0.0350000000000000 0.0263444705882353 0.0134159411764706
vn 4.9681603021791929 -3.0680215435810183 -2.3120148234792439
v 0.0261780000000000 -0.0394370000000000 -0.0131710000000000
vn 0.9247984989177549 -0.9400421255258924 -6.1262073056013806
v 0.0247220000000000 -0.0252220000000000 -0.0296510000000000
vn 2.3996229427050588 -4.4892655080872537 -1.5124747228126796
v 0.0243920000000000 -0.0407540000000000 -0.0151110000000000
vn 4.9813723908332248 -3.4077464828987862 -1.7264889300302164
v 0.0276280000000000 -0.0384150000000000 -0.0112145000000000
vn 0.0000754289232356 -0.0016927399985728 -6.2831850724393536
v -0.0247500000000000 0.0164930000000000 -0.0300030000000000
vn -0.0008728677354998 -3.2269618530807653 0.0011526969553491
v 0.0202200000000000 -0.0407540000000000 -0.0178060000000000
vn 4.1682683629964608 -3.4839349376753295 -3.1532473468913902
v 0.0226510000000000 -0.0401510000000000 -0.0182140000000000
vn -2.7572750708713620 -0.5715224249370618 5.5963714632387322
v -0.0388400000000000 -0.0081070000000000 0.0281190000000000
vn -1.4319460768986549 5.9580560897108530 1.3382422441931601
v -0.0107500000000000 0.0447370000000000 0.0137980000000000
vn 4.1022422461446562 -4.5221041281054246 -1.4792858940822118
v 0.0306430000000000 -0.0338960000000000 -0.0151740000000000
vn 0.1997217930157519 2.0936908196958388 5.9020348505528464
v 0.0034140000000000 0.0374130000000000 0.0290130000000000
vn -5.0177060010632424 3.6252951213580058 -1.0081283914044148
v -0.0378220000000000 0.0273240000000000 -0.0103840000000000
vn 4.2112261566441367 -4.2871355807180747 -1.8177858633526758
v 0.0308240000000000 -0.0323510000000000 -0.0188640000000000
vn 4.0378348044418049 -4.4706990726816977 -1.7804544848942738
v 0.0298870000000000 -0.0333490000000000 -0.0185440000000000
vn -2.5831883139509610 -1.9623965995776202 2.2121871004810418
v -0.0350000000000000 0.0251664117647059 0.0118572352941176
vn -0.5580963242667666 -4.7443577709720071 3.6548697908223180
v -0.0365420000000000 0.0259359166666667 0.0119405833333333
vn 0.2548196758388582 1.3021865433908268 6.1248554926684200
v 0.0068030000000000 0.0346580000000000 0.0296510000000000
vn 4.1571259641766414 -3.8244495583332450 -2.7463958098938459
v 0.0239250000000000 -0.0389150000000000 -0.0179390000000000
vn 0.0004691371466581 -0.0013207935151665 -3.4563584355697703
v 0.0018540000000000 -0.0057140000000000 -0.0299980000000000
vn -5.7065440235911309 2.6150065608403654 -0.0004831065968378
v -0.0431540000000000 0.0198490000000000 -0.0000040000000000
vn -6.0381491004318253 1.3651874756650753 1.0065310046756002
v -0.0455130000000000 0.0102900000000000 0.0103770000000000
vn 4.5482024008436568 -4.1191886627614878 -1.3463993797726808
v 0.0290030000000000 -0.0367950000000000 -0.0108950000000000
vn 3.8741451850693234 -4.0185730817218266 -2.8836764737851786
v 0.0227830000000000 -0.0389610000000000 -0.0195070000000000
vn 5.7598276898535126 1.8389451801057608 1.6685676469224489
v 0.0430290000000000 0.0137400000000000 0.0171950000000000
vn -4.1335994464813997 4.1219879152168835 -2.2978991868662826
v -0.0304130000000000 0.0303270000000000 -0.0238110000000000
vn 0.0002952223643784 -0.0015426397808615 -6.2831850981696000
v 0.0082500000000000 -0.0000070000000000 -0.0299990000000000
vn -0.0005815787655239 -2.8631057685820567 0.0011319574426860
v -0.0072410000000000 -0.0407440000000000 0.0254790000000000
vn 1.8399051459397950 1.0159116685305445 5.9022128296215080
v 0.0328820000000000 0.0181610000000000 0.0290180000000000
vn -0.7789037316666343 -1.5734076761307625 6.0250396698429478
v -0.0157410000000000 -0.0333380000000000 0.0292610000000000
vn -2.4553316003839649 5.7769899868236632 0.0092088087907516
v -0.0184460000000000 0.0437720000000000 -0.0000100000000000
vn -0.2703102719763132 0.3841012170314758 -6.2476783985253963
v -0.0189280000000000 0.0270250000000000 -0.0300060000000000
vn 1.3190981912037232 -1.6374663609456757 -5.9019750732742331
v 0.0235770000000000 -0.0292470000000000 -0.0290130000000000
vn -4.3179512758874115 -1.1183382455550845 3.9066541262390846
v -0.0402490000000000 -0.0104580000000000 0.0270040000000000
vn 2.8297035456715522 -4.1163589611319624 -0.9553741110633696
v 0.0271170000000000 -0.0407520000000000 -0.0093680000000000
vn 4.3736002189652563 -3.7820493141749632 -2.4435028135779797
v 0.0252360000000000 -0.0385430000000000 -0.0163285000000000
vn 0.0000000000000000 0.4708421902039115 6.2477788619343375
v 0.0000000000000000 0.0330070000000000 0.0299930000000000
vn 0.4471106972988078 5.9314049335363688 1.9931876269418667
v 0.0032420000000000 0.0440350000000000 0.0205240000000000
vn 4.5368704076097686 -4.0138488632295415 -1.6510365393819288
v 0.0280975000000000 -0.0371540000000000 -0.0126915000000000
vn -5.7717979226881617 2.3599672011670632 -0.6729797700225565
v -0.0436220000000000 0.0178350000000000 -0.0069280000000000
vn -2.4523724769455755 2.0797135147327297 2.0873657064339075
v -0.0350000000000000 0.0219784193548387 0.0120795161290323
vn -1.3005557785291049 -0.2701554422351061 6.1247461855748258
v -0.0345660000000000 -0.0072140000000000 0.0296610000000000
vn 1.4491980913076827 4.1985696425187626 3.9239438232052164
v 0.0133670000000000 0.0393860000000000 0.0269920000000000
vn 4.0152821524803333 -4.5012655772436903 -1.7563995041538187
v 0.0280700000000000 -0.0357505000000000 -0.0164135000000000
vn -0.9766074455142377 6.1589870068008050 0.6709553360646989
v -0.0073970000000000 0.0465450000000000 0.0069140000000000
vn -0.0000633103280916 -0.0004609136088650 -3.4559588313395699
v 0.0048540000000000 0.0035200000000000 -0.0300000000000000
vn 5.1903222778878497 -2.9092237828655612 -2.0048732450094660
v 0.0269470000000000 -0.0394090000000000 -0.0113970000000000
vn 5.3605979933117149 -2.7735372748951144 -1.7282577407233082
v 0.0276050000000000 -0.0393810000000000 -0.0095730000000000
vn -5.9467161914928353 -0.0899446370929799 1.9927663595727134
v -0.0441450000000000 -0.0006670000000000 0.0205340000000000
vn -1.4471692836727406 6.0192954142766322 1.0057176718694416
v -0.0109030000000000 0.0453720000000000 0.0103680000000000
vn 4.1808529209596896 -4.4014607349677055 -1.6072635915544540
v 0.0307821111111111 -0.0333490000000000 -0.0163946666666667
vn 0.0000000000000004 -0.0015231963933461 -6.2831851225497228
v 0.0165000000000000 -0.0082570000000000 -0.0299970000000000
vn 0.4014334271037114 2.0635977799778251 5.9018282033139329
v 0.0072370000000000 0.0368640000000000 0.0290140000000000
vn -0.0001256811158192 -3.2262936319907696 0.0006100639868568
v 0.0216380000000000 -0.0407540000000000 -0.0161490000000000
vn 0.4222783375770260 0.2114327714519688 6.2473458486037101
v 0.0295400000000000 0.0147160000000000 0.0299980000000000
vn -2.6341865993894649 5.6966167446790692 0.0163097105132092
v -0.0200750000000000 0.0430490000000000 -0.0000100000000000
vn -0.0000222320720948 0.0014948544356400 6.2831851291222094
v 0.0247500000000000 0.0082570000000000 0.0299990000000000
vn -0.3381729937166987 -2.2291714903240982 5.6943571401249891
v -0.0365420000000000 0.0248834705882353 0.0112258235294118
vn 0.1261394262011337 1.3215688431989310 6.1249716116918176
v 0.0032090000000000 0.0351730000000000 0.0296510000000000
vn -2.7740457647898822 5.4629544773087479 -1.3412452109542208
v -0.0208280000000000 0.0410190000000000 -0.0138170000000000
vn -0.0000283575245418 0.0010289337416849 3.3262556360864437
v -0.0173130000000000 -0.0049190000000000 0.0300020000000000
vn 4.5008620324698718 -4.3531753547261962 0.4931879320829573
v 0.0338048823529412 -0.0330862352941176 0.0050166470588235
vn 0.0006008312442982 0.0009932435848284 3.3259999641198159
v 0.0121260000000000 0.0133090000000000 0.0299980000000000
vn 5.2486713780935439 -3.3369200090780926 -0.8697029085824457
v 0.0293200000000000 -0.0379670000000000 -0.0056730000000000
vn -0.5122045548124753 2.7864449357620287 -5.5860150885656124
v -0.0074160000000000 0.0389720000000000 -0.0281240000000000
vn -0.8724239571813144 4.3761114815728090 -3.8929748180732089
v -0.0083760000000000 0.0407280000000000 -0.0270090000000000
vn 1.3143756286062802 -0.0080515994244723 -6.1280964317815076
v 0.0352730000000000 -0.0000070000000000 -0.0296660000000000
vn -0.0006943513017215 -3.3191421938346073 0.0019103304556876
v 0.0056110000000000 -0.0407560000000000 -0.0263810000000000
vn -4.4623400436997986 4.3935415647731419 0.3575640420317527
v -0.0338310000000000 0.0332110000000000 0.0034520000000000
vn -0.2336278194825014 0.4201250115238673 -6.2460095130929023
v -0.0165000000000000 0.0285720000000000 -0.0300060000000000
vn 0.7198184551286536 -1.1068363582103751 -6.1258752218273118
v 0.0194000000000000 -0.0295130000000000 -0.0296500000000000
vn 4.9938438856996230 -3.7807705605641417 -0.3513131491191944
v 0.0377680000000000 -0.0286540000000000 -0.0034510000000000
vn 5.4776486500383417 -2.4605769488148854 -1.8323934358984377
v 0.0409550000000000 -0.0178690000000000 -0.0188680000000000
vn 0.0006775904444880 -3.2252149433627562 0.0004599050350553
v 0.0186700000000000 -0.0407550000000000 -0.0193320000000000
vn -2.7318932492807502 0.6861626524619731 -5.5960468587692764
v -0.0384620000000000 0.0097420000000000 -0.0281180000000000
vn 4.3758191563774274 -4.4487558070186060 0.7292667121899674
v 0.0323232307692308 -0.0342342307692308 0.0073797692307692
vn 2.7115837595870902 3.0371083988272893 -0.4723534191896024
v 0.0350000000000000 -0.0181655454545455 -0.0133470909090909
vn -2.5558421771033677 3.6664363151297490 -3.8900286085369191
v -0.0237680000000000 0.0341180000000000 -0.0270080000000000
vn 3.0223662484522067 -3.9117860732054837 -0.3705521084630644
v 0.0284510000000000 -0.0407510000000000 -0.0036970000000000
vn 5.8362804642234982 -0.0881919626792816 -2.2989608335495588
v 0.0429490000000000 -0.0006600000000000 -0.0238030000000000
vn 0.4699119653967957 0.0442184369966675 -6.2473540118994499
v 0.0328590000000000 0.0030380000000000 -0.0300000000000000
vn -2.6442522465793203 5.2001876166755236 -2.3055020953158865
v -0.0194460000000000 0.0382950000000000 -0.0238130000000000
vn 0.0245575489739707 3.4220752657820581 5.0168049318559866
v 0.0397600000000000 -0.0168535294117647 -0.0164905882352941
vn 4.4432630994430218 -0.2872662342079866 -3.9197757628509371
v 0.0414940000000000 -0.0027680000000000 -0.0269990000000000
vn 0.0002075907446206 0.0007178878311273 3.3263063952151954
v -0.0065030000000000 -0.0167770000000000 0.0300050000000000
vn -5.0544597546404439 3.6516386406588230 -0.6730117179335210
v -0.0382010000000000 0.0275980000000000 -0.0069300000000000
vn 4.8104935249085079 -3.9797394620273563 -0.6880770146557061
v 0.0302680000000000 -0.0366880000000000 -0.0055300000000000
vn 0.0002239285821294 -3.2241548555128494 0.0007230751878518
v 0.0268170000000000 -0.0407510000000000 -0.0043210000000000
vn -3.6002183830585608 4.9579846973223844 1.3388320450830817
v -0.0270510000000000 0.0372180000000000 0.0138000000000000
vn 5.1585386003647828 -3.5356293140604063 -0.5531358276335933
v 0.0300330000000000 -0.0372860000000000 -0.0037400000000000
vn 1.7781827161043475 -2.1725378058891911 5.3221106931806483
v 0.0423844285714286 -0.0140704285714286 -0.0167216666666667
vn 0.0393521182200441 5.5146825450933115 2.4112352878427763
v 0.0397600000000000 -0.0179647058823529 -0.0151884117647059
vn 0.2600999568613269 -1.7367181160991652 -5.8959095619678035
v 0.0373800000000000 -0.0143965000000000 -0.0111360000000000
vn 0.2502872100077658 -0.4104335048372765 -6.2463061150754067
v 0.0173720000000000 -0.0280640000000000 -0.0299920000000000
vn -5.5613989976921632 1.7742497924999454 -2.2980271386632212
v -0.0409190000000000 0.0130570000000000 -0.0238070000000000
vn 2.7973880550911541 0.2226641838655902 -3.0858534905228678
v 0.0350000000000000 -0.0155928181818182 -0.0110320000000000
vn 0.1611336987792177 5.1553526131182306 -3.3218675093174710
v 0.0373800000000000 -0.0177600000000000 -0.0123470000000000
vn 0.0863574573660068 -5.2127021520261820 -3.3029626604162279
v 0.0421410000000000 -0.0128108235294118 -0.0123245882352941
vn 3.8424213439305812 2.0611264034076928 -2.2111761550286166
v 0.0350000000000000 -0.0170590740740741 -0.0120525925925926
vn -1.1229498919150716 1.7745013889175112 -5.9031199013837545
v -0.0200800000000000 0.0317370000000000 -0.0290280000000000
vn -3.7906012736275674 2.3635590988812338 -3.8985386627219087
v -0.0353040000000000 0.0219720000000000 -0.0270050000000000
vn 0.8541636120149222 -5.5245549621222523 -1.8600782410715917
v 0.0118030000000000 -0.0407560000000000 -0.0261490000000000
vn 2.7646838138492558 -0.5903133329015956 -5.5896697366178758
v 0.0388400000000000 -0.0081210000000000 -0.0281130000000000
vn -4.0211874456345962 -4.4798544644742737 1.7942682716456502
v -0.0299280000000000 -0.0333400000000000 0.0184710000000000
vn -4.0727442236900906 -4.5328278640620523 1.5297675611272341
v -0.0292310000000000 -0.0353040000000000 0.0147480000000000
vn -4.2106749316880627 -4.2860123436418327 1.8215743410410692
v -0.0308250000000000 -0.0323420000000000 0.0188810000000000
vn 1.8239567234491583 -4.6153898950198684 -3.8255674266565820
v 0.0137097500000000 -0.0399994166666667 -0.0261974166666667
vn -5.8371580359305888 1.8629960322593688 -1.3399766940872002
v -0.0438280000000000 0.0139880000000000 -0.0138100000000000
vn 1.8402487066944313 -1.0161349112065443 -5.9020086063439630
v 0.0328830000000000 -0.0181610000000000 -0.0290160000000000
vn 0.9177908723402874 -2.2414211533050725 -5.7876886137005883
v 0.0101540000000000 -0.0380180000000000 -0.0285140000000000
vn -0.2472161887296979 1.3009672585681744 -6.1253862045709768
v -0.0066000000000000 0.0346830000000000 -0.0296660000000000
vn 3.4306583433524929 -3.9771116320104056 -3.4458380635559265
v 0.0200110000000000 -0.0401860000000000 -0.0211730000000000
vn -0.2011270892027502 0.4349252131128438 -6.2463431070552220
v -0.0139460000000000 0.0299010000000000 -0.0300060000000000
vn 4.5743619672715594 -4.2580105803098256 0.6454358320846878
v 0.0310470000000000 -0.0357640000000000 0.0057700000000000
vn -4.0375013405028799 -4.5372677206754641 1.6058901880323750
v -0.0297670769230769 -0.0343298461538461 0.0162015384615385
vn 2.7295212149612866 -4.2627890206468910 1.0796742926612981
v 0.0265114000000000 -0.0407474000000000 0.0109758000000000
vn -3.9158115323048004 -4.5739284631166530 1.7929187383951077
v -0.0285620000000000 -0.0347240000000000 0.0179660000000000
vn 1.3186093050741055 1.6365041501429904 5.9021746712387344
v 0.0235770000000000 0.0292470000000000 0.0290160000000000
vn 5.4188111179390601 -2.4289696128454468 -2.0347821562921595
v 0.0404670000000000 -0.0176570000000000 -0.0205280000000000
vn 4.4609046715393781 -4.4208435974053018 -0.1723586420585014
v 0.0324666363636364 -0.0346699090909091 -0.0017581818181818
vn 1.6604322365203446 -4.9731611210235718 -1.9383487405165212
v 0.0189150000000000 -0.0407550000000000 -0.0215640000000000
vn 1.2431494329424675 -5.3522415519939734 -1.8515635355673281
v 0.0155300000000000 -0.0407560000000000 -0.0241180000000000
vn 2.7049795036025288 -4.3967866348670945 -3.5799361660403148
v 0.0170550000000000 -0.0402210000000000 -0.0236970000000000
vn -4.0703600687297863 4.7596114157027536 -0.3604118556525145
v -0.0308120000000000 0.0360280000000000 -0.0034670000000000
vn 5.3437145748375299 -2.3397004999161291 -2.3092707077447359
v 0.0393710000000000 -0.0171800000000000 -0.0237990000000000
vn -3.8571995821988878 -4.5485269035735056 1.9762117817779608
v -0.0268070000000000 -0.0360640000000000 0.0182950000000000
vn 4.4994026847984632 -4.3832094267027184 0.0699975799273268
v 0.0338226000000000 -0.0333450000000000 0.0005520000000000
vn -0.0001928813244490 0.0015141122520375 6.2831851132588552
v 0.0165000000000000 0.0247570000000000 0.0299950000000000
vn -0.4579695087361902 0.1217039816122397 -6.2472349224337798
v -0.0318760000000000 0.0085340000000000 -0.0300010000000000
vn 4.4042965920863137 -4.1619825367046914 1.6504882261430878
v 0.0280810000000000 -0.0368955000000000 0.0133925000000000
vn 2.3610350042128601 -4.5829577165761233 -3.5899310990782318
v 0.0154600000000000 -0.0402380000000000 -0.0248010000000000
vn 3.0732765756247797 -4.2226997106195565 -3.4911579317209469
v 0.0185740000000000 -0.0402040000000000 -0.0224860000000000
vn -0.4451560871850631 0.1596893836088977 -6.2473008049229346
v -0.0310100000000000 0.0112800000000000 -0.0300020000000000
vn 4.6918205458181967 -3.6223649854535895 2.0588107052759730
v 0.0267730000000000 -0.0382575000000000 0.0136995000000000
vn 4.6177461284558161 -4.0681619732249921 1.2541223725807003
v 0.0293325000000000 -0.0368030000000000 0.0097150000000000
vn -4.7707774524891233 4.0572676774217431 -0.3581937207353981
v -0.0361100000000000 0.0307160000000000 -0.0034660000000000
vn -0.0000316804556276 -0.0014570726514442 -6.2831851247224177
v 0.0061870000000000 -0.0206320000000000 -0.0299940000000000
vn -4.1281183513899258 -4.5201980497555727 1.4116851596433784
v -0.0307880000000000 -0.0340050000000000 0.0144150000000000
vn 0.9638901057167412 -1.8675104425424005 -5.9062939133180334
v 0.0172930000000000 -0.0333520000000000 -0.0290170000000000
vn 5.5006339724216486 -2.9376654648249820 0.6726282797462374
v 0.0415580000000000 -0.0222240000000000 0.0069300000000000
vn -5.0913623464873421 -3.2609653862988877 1.6689810863481127
v -0.0380330000000000 -0.0243620000000000 0.0172030000000000
vn 4.2809896625351991 4.2699439570458786 1.6677978266530671
v 0.0319810000000000 0.0319010000000000 0.0171900000000000
vn 2.8753022425501218 -4.8107663415448414 -2.8385559307757919
v 0.0197030000000000 -0.0379560000000000 -0.0246650000000000
vn -0.1947168230129291 2.0911220071470473 -5.9031125815026995
v -0.0033060000000000 0.0374080000000000 -0.0290300000000000
vn 0.0001754589914704 0.0008769328542799 3.3261915637355020
v -0.0161130000000000 -0.0080160000000000 0.0300030000000000
vn 2.7370423615319366 5.3915959747113078 1.6674897836639508
v 0.0204480000000000 0.0402790000000000 0.0171880000000000
vn 1.4424581043378220 -5.2372348827459225 -1.8402088827923915
v 0.0172700000000000 -0.0407560000000000 -0.0229030000000000
vn -0.0000806811149658 0.0014764878078752 6.2831851247353265
v -0.0247500000000000 -0.0164930000000000 0.0300050000000000
vn -0.0009639182520358 -0.0011486211506415 -3.4560922554817513
v 0.0049930000000000 -0.0196300000000000 -0.0299940000000000
vn -5.3956267781814358 2.2184729654519342 -2.3051935798819083
v -0.0397590000000000 0.0162510000000000 -0.0238080000000000
vn -5.7598589280806678 1.8381459051710192 -1.6689779682079322
v -0.0430300000000000 0.0137320000000000 -0.0171990000000000
vn -0.1228959691692416 1.3181217276242145 -6.1259247282514568
v -0.0031090000000000 0.0351680000000000 -0.0296660000000000
vn 4.7298499895291952 -4.1057533853294075 0.4639108957682314
v 0.0310080000000000 -0.0360590000000000 0.0038910000000000
vn 4.4336883302662979 -4.4512962036227552 0.0045730809827812
v 0.0330180000000000 -0.0341540000000000 0.0000090000000000
vn 0.8301768906994472 1.0262501813845608 6.1259786934988147
v 0.0221650000000000 0.0274960000000000 0.0296530000000000
vn 5.1733445279991974 -2.8045892606738771 2.1798767542439834
v 0.0265019230769231 -0.0396963846153846 0.0121422307692308
vn 1.2967506830140476 -2.9153374380321351 -5.3843265416644135
v 0.0134720000000000 -0.0381000000000000 -0.0278480000000000
vn 5.5318251215024379 -2.1574145686324875 -2.0421994396030199
v 0.0411300000000000 -0.0160520000000000 -0.0205290000000000
vn -4.2335497840261915 4.6338774124817226 0.0044054893423025
v -0.0319640000000000 0.0351370000000000 -0.0000080000000000
vn -1.8519872101599877 5.7551853578433629 -1.6699868535855078
v -0.0138370000000000 0.0429930000000000 -0.0172060000000000
vn 5.6329279074581349 -1.8807854712999377 -2.0335428669061852
v 0.0417370000000000 -0.0143990000000000 -0.0205290000000000
vn -4.3847666667551479 4.4920879166236958 0.0056185763022285
v -0.0332590000000000 0.0339130000000000 -0.0000070000000000
vn -3.9973496825988484 -4.5203696555853261 1.7488550117778308
v -0.0280850000000000 -0.0356775000000000 0.0165455000000000
vn 4.4376322854715964 -4.4429578703335988 0.1862744870284403
v 0.0332000000000000 -0.0339360000000000 0.0018490000000000
vn -5.3099636566349764 2.6788013048423864 -1.9928414374169403
v -0.0394160000000000 0.0198840000000000 -0.0205380000000000
vn 4.5367672758964996 -4.3417804349396238 0.1910992234707788
v 0.0320160000000000 -0.0351190000000000 0.0019100000000000
vn -0.4700403444303319 0.0831362678786829 -6.2465423750044602
v -0.0324990000000000 0.0057230000000000 -0.0300010000000000
vn 0.7780362959363820 -1.5745681852564259 -6.0249318752940102
v 0.0157370000000000 -0.0333520000000000 -0.0292440000000000
vn -2.6928756649430539 5.3027656690770417 -1.9933132836535716
v -0.0199870000000000 0.0393610000000000 -0.0205420000000000
vn -4.9663364127923630 3.5884473621889041 -1.3406552464091697
v -0.0372920000000000 0.0269400000000000 -0.0138130000000000
vn 4.4627972268228646 -4.2026810492982527 1.3713510254865429
v 0.0290820000000000 -0.0365120000000000 0.0115020000000000
vn 2.5878441148541516 -1.1102322196527612 -5.5965322369474038
v 0.0364640000000000 -0.0156510000000000 -0.0281110000000000
vn 4.5145975795576883 -4.3620708719649119 -0.2165017232846938
v 0.0337710909090909 -0.0333454545454545 -0.0022370909090909
vn 0.0006392227522479 -0.0122445601605986 -6.2831621932777750
v 0.0061870000000000 -0.0247570000000000 -0.0299930000000000
vn 0.0003029706845746 -0.0005462070419765 -3.4550152259898805
v 0.0042470000000000 -0.0210930000000000 -0.0299940000000000
vn 5.2193791116089798 -3.3292480923664418 1.0074553962877135
v 0.0393570000000000 -0.0250620000000000 0.0103860000000000
vn -4.1800695909279844 -4.4061462258690618 1.5960183501412026
v -0.0308121111111111 -0.0333410000000000 0.0163341111111111
vn -5.8972145575352330 1.8826195634926182 -1.0077585749269202
v -0.0444510000000000 0.0141870000000000 -0.0103810000000000
vn 4.2906204758682716 -1.1461256108583306 -3.9111766912496124
v 0.0401260000000000 -0.0109310000000000 -0.0269970000000000
vn -2.2225968327758832 5.3966084090612503 -2.3007699836917261
v -0.0163530000000000 0.0397130000000000 -0.0238130000000000
vn 0.0000000000000000 -0.0009320726011081 -3.4561254787864861
v 0.0060000000000000 -0.0000070000000000 -0.0299990000000000
vn -3.0320890219165291 0.0000000000000000 0.0000000000000000
v -0.0350000000000000 0.0240065000000000 0.0120195714285714
vn 0.0003050860341182 -3.2266713960025952 0.0006176741838378
v 0.0229100000000000 -0.0407540000000000 -0.0143790000000000
vn 4.7924104443870181 -3.8698727850907635 -1.2188736272774707
v 0.0292420000000000 -0.0370680000000000 -0.0091910000000000
vn 5.6786076423777203 1.3414179241038799 2.3031457647854943
v 0.0418240000000000 0.0097920000000000 0.0238030000000000
vn -0.0000000000000001 -0.0015231963933441 -6.2831851225497228
v -0.0123750000000000 0.0082430000000000 -0.0300010000000000
vn -0.4317965845025006 4.1497210308744608 4.4978681814082648
v -0.0365420000000000 0.0218442941176470 0.0116917647058824
vn -5.6062920209297751 2.8252306138448233 0.0004104546395294
v -0.0424300000000000 0.0213540000000000 -0.0000040000000000
vn 4.1523703391370947 -3.6748510952877429 -2.9538399306879581
v 0.0232790000000000 -0.0395290000000000 -0.0180760000000000
vn 4.2401710389352329 -4.3769259239178400 -1.5160640801746532
v 0.0312510000000000 -0.0333490000000000 -0.0151330000000000
vn 5.3318985102141667 -2.8560001150784400 -1.6612832163999187
v 0.0398420000000000 -0.0212840000000000 -0.0171910000000000
vn 0.0000425005553352 -0.0015940176640615 -6.2831851038459048
v -0.0206250000000000 0.0164930000000000 -0.0300030000000000
vn -0.0000000000000009 -0.0015231963933474 -6.2831851225497246
v 0.0123750000000000 -0.0165070000000000 -0.0299950000000000
vn 4.7034545829367849 -3.4566715157556982 -2.3206238523755416
v 0.0258280000000000 -0.0388310000000000 -0.0147520000000000
vn -0.4988934344008986 6.2438038466930177 0.3521189655504233
v -0.0036960000000000 0.0472640000000000 0.0034490000000000
vn 0.4546463553652884 6.0296811662839467 1.6695746082614902
v 0.0033170000000000 0.0450510000000000 0.0171870000000000
vn 3.9541658585435826 -4.5500207309121645 -1.7677124639199435
v 0.0293260000000000 -0.0339260000000000 -0.0183380000000000
vn -5.7418358336051885 -0.9995319738447979 2.3180731448997105
v -0.0423080000000000 -0.0074150000000000 0.0238070000000000
vn -4.3904772161115817 -0.8149180193697253 3.8977334971709197
v -0.0408630000000000 -0.0077150000000000 0.0270030000000000
vn 0.3821351868240602 -0.3008388436912206 -6.2454389356456650
v 0.0263350000000000 -0.0198940000000000 -0.0299940000000000
vn -5.8507702988744494 1.8196406443960464 1.3396416709269974
v -0.0439330000000000 0.0136630000000000 0.0138050000000000
vn 0.8744968351903066 5.7699881686020156 2.3008172577205999
v 0.0064560000000000 0.0424720000000000 0.0237950000000000
vn -3.2683671305442683 5.3422587762606790 -0.3607924060133070
v -0.0247400000000000 0.0404390000000000 -0.0034680000000000
vn -2.8349354992626195 5.5843234479832011 -0.3610856385311585
v -0.0214620000000000 0.0422700000000000 -0.0034690000000000
vn 4.7708560078185709 -3.5469909857141655 -2.0181816885828230
v 0.0269280000000000 -0.0384545000000000 -0.0129710000000000
vn -6.0192859481759209 -0.5699250609596598 1.6684394174090076
v -0.0449680000000000 -0.0042550000000000 0.0171980000000000
vn -3.1541711545562676 0.0000000000000000 0.0000000000000000
v -0.0350000000000000 0.0219378125000000 0.0135570000000000
vn -1.9106582968935635 5.9356105788199569 -0.6734217793922321
v -0.0144380000000000 0.0448600000000000 -0.0069340000000000
vn 4.0556266443743594 -4.5139005251527919 -1.6289576110928103
v 0.0284230000000000 -0.0357180000000000 -0.0156400000000000
vn -6.1719234858281817 0.8901337144200325 0.6716918873241686
v -0.0466460000000000 0.0067240000000000 0.0069230000000000
vn 3.9824572532007396 1.9353167649528435 3.9306029527730248
v 0.0372970000000000 0.0183990000000000 0.0269970000000000
vn 5.5367918757201586 -2.2788822698618350 -1.8974639235453814
v 0.0272620000000000 -0.0400690000000000 -0.0096790000000000
vn 0.8306127043659667 -1.0272437613614667 -6.1256736102690699
v 0.0221650000000000 -0.0274960000000000 -0.0296510000000000
vn -0.4709657099172114 -0.0405293018616917 6.2474910232029872
v -0.0328600000000000 -0.0030380000000000 0.0300010000000000
vn 0.0006779365737859 -0.0005666220582787 -3.4553577437251839
v 0.0057060000000000 0.0018470000000000 -0.0300000000000000
vn -2.6847744092243797 -0.8492090019911789 5.5965817764617958
v -0.0378400000000000 -0.0119320000000000 0.0281190000000000
vn -0.0002368428793591 0.0014774309410376 6.2831851197676043
v -0.0288750000000000 0.0000070000000000 0.0300010000000000
vn -4.2306300962774026 -1.4154394198877105 3.9115238989291661
v -0.0394500000000000 -0.0131520000000000 0.0270040000000000
vn -0.3613407817968708 0.3004351698937321 -6.2478416567930308
v -0.0252790000000000 0.0212050000000000 -0.0300040000000000
vn 0.0000000376331560 -0.0012048962208508 -3.4550731374187764
v 0.0000000000000000 -0.0060070000000000 -0.0299980000000000
vn -2.3848437782313527 -1.4306815485400641 2.5021913777610161
v -0.0350000000000000 0.0246974615384615 0.0111639230769231
vn 2.7504389464503096 -4.2015457034222345 -1.0838474839515482
v 0.0265515000000000 -0.0407530000000000 -0.0108560000000000
vn 0.0000000000000004 -0.0015231963933474 -6.2831851225497237
v 0.0165000000000000 -0.0165070000000000 -0.0299950000000000
vn -3.8656299753776353 4.5195264508292894 -1.9937315986801365
v -0.0286940000000000 0.0335480000000000 -0.0205410000000000
vn 0.0041430859444855 5.9475227551372241 2.0041174803219830
v 0.0000000000000000 0.0441490000000000 0.0205390000000000
vn 4.5029444330067614 -3.8477908213904719 -2.0916397747024704
v 0.0264310000000000 -0.0381630000000000 -0.0146040000000000
vn 0.0000000000000007 -0.0015231963933443 -6.2831851225497237
v -0.0082500000000000 0.0041180000000000 -0.0300000000000000
vn 0.0001189515411503 -3.2259720887086081 0.0006356851003626
v 0.0249750000000000 -0.0407530000000000 -0.0105610000000000
vn 4.5483338346449749 -4.2024644287916688 -1.0525607519349409
v 0.0300650000000000 -0.0361710000000000 -0.0090250000000000
vn -3.4957474406346902 4.8112743394075856 -1.9936769699477161
v -0.0259490000000000 0.0357140000000000 -0.0205410000000000
vn 2.3227797316253622 1.5929132500591034 5.5962904000600657
v 0.0327160000000000 0.0224560000000000 0.0281120000000000
vn -2.8803405658841670 5.5770533974028869 0.0121615478995409
v -0.0216810000000000 0.0422640000000000 -0.0000090000000000
vn -4.5303950035966247 3.8530406214098685 -1.9930042056016237
v -0.0336290000000000 0.0286010000000000 -0.0205400000000000
vn 4.2373231635077575 -4.4198515875320519 -1.4030008790319186
v 0.0315560000000000 -0.0333480000000000 -0.0142370000000000
vn -0.2129734176471101 5.2192526314822709 3.2172568830195911
v -0.0365420000000000 0.0211780454545455 0.0124903181818182
vn -4.1304625303217843 -1.6810220583896773 3.9145938543008705
v -0.0384710000000000 -0.0157870000000000 0.0270050000000000
vn 4.1839909738021834 -4.2329327575000848 -2.0039826546733703
v 0.0266050000000000 -0.0372570000000000 -0.0160255000000000
vn 0.0452093468206167 0.4716939889316109 6.2473208800530058
v 0.0030450000000000 0.0328660000000000 0.0299930000000000
vn 3.1145792443969920 -3.1957570182202564 -3.9105917616191888
v 0.0290500000000000 -0.0297640000000000 -0.0269920000000000
vn -0.0066151345959650 1.3155121752852004 6.1279799380874866
v 0.0000000000000000 0.0352800000000000 0.0296590000000000
vn -1.9653833973477575 -3.6813155266238549 4.3277723922224327
v -0.0150452000000000 -0.0389912000000000 0.0268580000000000
vn -3.0578759023976434 5.4804021401383078 0.0228219426281723
v -0.0232590000000000 0.0414160000000000 -0.0000090000000000
vn -5.9211109695323501 -0.5602751980233354 1.9925592319047720
v -0.0439530000000000 -0.0041580000000000 0.0205350000000000
vn 4.3138036509367748 -4.4274917249364742 -1.1231043136415446
v 0.0305470000000000 -0.0353030000000000 -0.0105695000000000
vn -2.7092036313072168 3.0376412932509607 0.4346583266801556
v -0.0350000000000000 0.0208350000000000 0.0133745000000000
vn -5.2581532042071064 3.4262674547200711 0.0208852274489442
v -0.0398970000000000 0.0257780000000000 -0.0000050000000000
vn -5.3951663657917353 3.2101501615760268 -0.0029980859018300
v -0.0408010000000000 0.0243210000000000 -0.0000050000000000
vn -0.0002350182962674 -0.0018462758694339 -6.2831850119169683
v 0.0061870000000000 -0.0041320000000000 -0.0299980000000000
vn -1.5818446144111218 -2.3125398300102011 5.6139011456952543
v -0.0218810000000000 -0.0333380000000000 0.0280230000000000
vn -5.8255063776057590 0.3740442340297165 2.2980239224708137
v -0.0428660000000000 0.0027510000000000 0.0238040000000000
vn 3.3220067057913401 -2.9815011267642952 -3.9043035604121368
v 0.0309620000000000 -0.0277700000000000 -0.0269930000000000
vn 5.4602157929770119 -2.9170195063331121 -1.0069294262042454
v 0.0411580000000000 -0.0219850000000000 -0.0103720000000000
vn -6.1095730578764389 1.3765499266417578 0.3475286477813638
v -0.0462410000000000 0.0104530000000000 0.0034580000000000
vn -6.1271547626901235 0.8836061697921127 1.0067411855484114
v -0.0461840000000000 0.0066590000000000 0.0103780000000000
vn -1.2857133386467092 -2.5838359848699759 5.5523613330393236
v -0.0157370000000000 -0.0366000000000000 0.0280960000000000
vn 4.2769449675280562 -4.2670688573811519 -1.7229428814225709
v 0.0277230000000000 -0.0368900000000000 -0.0143080000000000
vn -2.0910988668004720 0.1986495334390780 5.9027504071295223
v -0.0374060000000000 0.0034210000000000 0.0290210000000000
vn 0.0163374839525518 6.0048050703540676 1.8212792435946696
v 0.0000000000000000 0.0446810000000000 0.0188780000000000
vn 4.2349761812975917 -4.3533547766808489 -1.6076213534207504
v 0.0283800000000000 -0.0362980000000000 -0.0141630000000000
vn 5.6658217051401127 1.8090864969888492 1.9922272957381781
v 0.0420580000000000 0.0134310000000000 0.0205320000000000
vn -0.3330761724895765 0.3307307875655453 -6.2477353207422945
v -0.0233340000000000 0.0233270000000000 -0.0300050000000000
vn -2.3843196734746188 5.7910888056987817 -0.3604086423062777
v -0.0180490000000000 0.0438360000000000 -0.0034690000000000
vn 0.0000000000000000 -0.0015231963933456 -6.2831851225497228
v -0.0082500000000000 0.0082430000000000 -0.0300010000000000
vn 1.4705306270544836 -1.5020664337840179 -5.9021137272719031
v 0.0262960000000000 -0.0268280000000000 -0.0290140000000000
vn -1.0024590600035939 -5.4953274520848794 1.8231160369235195
v -0.0137050000000000 -0.0407440000000000 0.0252240000000000
vn -0.4997597853468002 6.1714948922365007 1.0058054344971012
v -0.0036380000000000 0.0465210000000000 0.0103680000000000
vn 0.0000000000000004 -0.0015231963933461 -6.2831851225497237
v -0.0165000000000000 0.0164930000000000 -0.0300030000000000
vn -2.5719020210562453 -4.8608527460259872 3.0379112477122390
v -0.0177320000000000 -0.0383870000000000 0.0257880000000000
vn -2.2125581351009873 -3.9103603144894743 3.9634399678820698
v -0.0210907272727273 -0.0358478181818182 0.0269997272727273
vn -5.7869405277754291 2.4333306295995838 0.0048562497130092
v -0.0438190000000000 0.0183350000000000 -0.0000040000000000
vn -3.0149836380283399 3.2876435769234016 -3.9155987229118541
v -0.0281510000000000 0.0306030000000000 -0.0270070000000000
vn 4.2156434820704787 -4.4997830143133388 -1.2055372772106203
v 0.0310380000000000 -0.0344580000000000 -0.0120500000000000
vn -1.6332168782807379 -2.6460252172628613 5.4504477720278039
v -0.0213890000000000 -0.0341560000000000 0.0277940000000000
vn -2.3741158340608401 5.7659021150705012 -0.6733336384623523
v -0.0179420000000000 0.0435770000000000 -0.0069340000000000
vn -1.4651310877610053 6.0892065725898439 0.3529648341490007
v -0.0110770000000000 0.0460960000000000 0.0034490000000000
vn 3.7142087300946436 2.4747414156177112 3.9141249316167239
v 0.0345780000000000 0.0231100000000000 0.0269960000000000
vn -2.7867728020447107 3.4957172217609109 -3.8861078790265271
v -0.0260190000000000 0.0324350000000000 -0.0270070000000000
vn -0.0044436956422496 5.7741641603034015 2.4614726003332046
v 0.0000000000000000 0.0422940000000000 0.0254100000000000
vn 0.0004053499299544 -0.0010905467842632 -3.4553576128243186
v 0.0057060000000000 -0.0018610000000000 -0.0299990000000000
vn 2.5337923507073699 -4.4357469147658870 -1.3335127539576528
v 0.0251880000000000 -0.0407530000000000 -0.0137315000000000
vn 0.0004329811858193 -3.2260815804502161 0.0005626440247580
v 0.0240230000000000 -0.0407530000000000 -0.0125140000000000
vn -0.9594732728711960 6.0520619575157406 1.3382997831102716
v -0.0072210000000000 0.0454400000000000 0.0137980000000000
vn -0.0131245891136426 2.0781395240704414 5.9107935302620973
v 0.0000000000000000 0.0374920000000000 0.0290400000000000
vn -2.4137282541871934 -4.4957817286055661 3.5171921513314599
v -0.0194181363636364 -0.0372098636363636 0.0262611363636364
vn 5.7910364650725130 1.3560960826667152 1.9921982951350368
v 0.0429880000000000 0.0100640000000000 0.0205320000000000
vn 0.0869539014311120 0.4674828874361869 6.2470639034328830
v 0.0060640000000000 0.0324450000000000 0.0299930000000000
vn 0.0002454210768740 0.0012845714198148 6.2831851612248322
v -0.0123750000000000 -0.0247430000000000 0.0300070000000000
vn 4.3199733713320683 -4.3472978061861980 -1.3806299041502956
v 0.0293630000000000 -0.0359410000000000 -0.0124105000000000
vn -6.0336885386727097 0.3871037904353787 1.6686924831044196
v -0.0450770000000000 0.0028910000000000 0.0171970000000000
vn 3.7673553191569304 -4.5824209908027331 -2.0697439513622826
v 0.0259860000000000 -0.0364640000000000 -0.0189400000000000
vn 5.1043887999963280 3.6287188355775428 -0.3601202621225175
v 0.0386410000000000 0.0274640000000000 -0.0034650000000000
vn 0.3857080626702922 0.2859005270709284 -6.2460556524481436
v 0.0263350000000000 0.0198800000000000 -0.0300040000000000
vn 0.3593825119717283 0.3212592221328097 -6.2459178753243574
v 0.0243870000000000 0.0222250000000000 -0.0300040000000000
vn -0.4256724607706307 -0.2019858075726411 -6.2475310990289881
v -0.0299080000000000 -0.0139530000000000 -0.0299960000000000
vn -3.3013284520325268 0.1358084699987417 1.8197956055002729
v -0.0420940000000000 -0.0168800000000000 -0.0165170000000000
vn -0.0045481377542685 -5.0392421138676289 -3.5541523189717479
v -0.0397600000000000 -0.0129285000000000 -0.0121230000000000
vn 3.6386434596398658 5.0084358259834829 1.0058779515109795
v 0.0274250000000000 0.0377530000000000 0.0103700000000000
vn 3.2803972295672073 5.3525735072840535 -0.0012100268977601
v 0.0248060000000000 0.0405080000000000 -0.0000090000000000
vn -4.7056184341979685 -4.1012357009295091 -0.6682129044625646
v -0.0352910000000000 -0.0312370000000000 -0.0069160000000000
vn -0.4178178062024349 -1.2905484216065817 -6.1313186683299090
v -0.0089190000000000 -0.0348960000000000 -0.0295190000000000
vn -5.8365147292620074 -1.5043840052556108 -1.7384083489667366
v -0.0437340000000000 -0.0112970000000000 -0.0171930000000000
vn 1.2244586304623488 0.5005290365973228 -6.1258160185331425
v 0.0326910000000000 0.0133450000000000 -0.0296600000000000
vn 0.7531752334822035 1.0908416167896242 -6.1254038183206063
v 0.0199790000000000 0.0291100000000000 -0.0296640000000000
vn -4.4289485648115123 -0.5236737037400195 -3.9158352102941447
v -0.0412910000000000 -0.0049500000000000 -0.0269990000000000
vn -0.3628227017050891 -0.3055732978641016 -6.2472687505408224
v -0.0252800000000000 -0.0212190000000000 -0.0299940000000000
vn 2.6681451684468760 -3.5753540671169697 3.9414531151603764
v 0.0236731818181818 -0.0341812727272727 0.0270095454545455
vn -5.6172070941910253 -2.4024121820877573 -1.4443106334665403
v -0.0279950000000000 -0.0397045000000000 -0.0077525000000000
vn 4.8781906114684199 3.9505546028312191 0.0071487663042683
v 0.0368310000000000 0.0299950000000000 -0.0000060000000000
vn -4.3757417662051550 -4.4575926316335934 -0.6723476421968542
v -0.0325150000000000 -0.0341220000000000 -0.0069140000000000
vn -3.6777839071840441 -1.2426356855551157 -3.3830079578130725
v -0.0439293333333333 -0.0155006666666667 -0.0108250000000000
vn -2.9983777096794086 0.2141729667986353 -3.2070823465714331
v -0.0432210000000000 -0.0170280000000000 -0.0115780000000000
vn -0.0175856692620765 5.8978155624499866 -2.1426229442585099
v 0.0000000000000000 0.0435630000000000 -0.0222010000000000
vn -5.7406001413743670 -2.4321517070458416 -0.7365906274519344
v -0.0288870000000000 -0.0393100000000000 -0.0038810000000000
vn -4.9891729269039482 -3.7423591059726729 -0.6713929447013327
v -0.0376340000000000 -0.0283690000000000 -0.0069160000000000
vn 4.0231939869003144 4.7051733762001895 1.0061648035419521
v 0.0303260000000000 0.0354640000000000 0.0103710000000000
vn -0.5940615011485897 -1.3513941635445390 -6.0983002878062678
v -0.0141740000000000 -0.0333520000000000 -0.0294280000000000
vn -5.1362511895417038 -3.4322559022072134 -1.1242237856436079
v -0.0289420000000000 -0.0379990000000000 -0.0075300000000000
vn -0.0006252949779733 -3.2481925076065874 0.0005660143138848
v -0.0113560000000000 -0.0407560000000000 -0.0240110000000000
vn -2.9350449132524385 -4.0114445484036132 -0.7055383228024685
v -0.0279890000000000 -0.0407510000000000 -0.0063090000000000
vn 4.9940158199998619 3.5497723694075241 -1.3405214526677889
v 0.0375000000000000 0.0266500000000000 -0.0138130000000000
vn -1.0438273657577133 -2.6611361698461913 -5.5750736808563950
v -0.0083370000000000 -0.0394200000000000 -0.0282360000000000
vn 0.5870012095962088 4.4196498834130313 -3.9173330927985575
v 0.0054280000000000 0.0412240000000000 -0.0270090000000000
vn -0.2764780210035289 -0.3929533953351422 -6.2461709255122999
v -0.0189280000000000 -0.0270390000000000 -0.0299930000000000
vn 1.3951576679095097 -2.2027169276708189 5.7083530013047161
v 0.0203500000000000 -0.0333380000000000 0.0284210000000000
vn -4.5339571127331331 -4.3327608119678915 -0.3472444379389721
v -0.0340308181818182 -0.0329991818181818 -0.0035175454545455
vn 0.8481478596079880 2.6824627481184238 -5.5978937417744472
v 0.0119380000000000 0.0378330000000000 -0.0281240000000000
vn -0.0002189733390536 0.0007603920205840 3.3265759077535515
v -0.0065030000000000 0.0167920000000000 0.0299970000000000
vn 4.3925888954747405 0.8547605145670829 -3.8916684514830431
v 0.0407870000000000 0.0081060000000000 -0.0270010000000000
vn -4.7410964541614291 -4.1152508372208594 0.2110043787390911
v -0.0311388181818182 -0.0360700909090909 0.0019563636363636
vn -5.9439963029088521 -1.7964789794309610 -0.9320535226073325
v -0.0446790000000000 -0.0134570000000000 -0.0103750000000000
vn 4.5707881926168454 4.3020442089236317 0.0016094466483699
v 0.0345040000000000 0.0326460000000000 -0.0000070000000000
vn -5.4217755516263377 -3.1634372253172764 0.0033358818017546
v -0.0410340000000000 -0.0239260000000000 0.0000060000000000
vn -5.5358233545556912 -2.9607860186051456 0.0010968266605798
v -0.0418880000000000 -0.0223980000000000 0.0000060000000000
vn 0.8433137181421722 1.0088638233512695 -6.1267196534012127
v 0.0227040000000000 0.0270390000000000 -0.0296640000000000
vn -0.0005340705975201 0.0004685033241205 3.3261468683716306
v -0.0173130000000000 0.0049330000000000 0.0300000000000000
vn -2.9485880378927214 1.1542482800435312 0.0760229390143885
v -0.0420080000000000 -0.0180790000000000 -0.0150050000000000
vn -0.0321576535282782 -2.1347995336580099 5.7927714551230229
v -0.0397600000000000 -0.0141348235294118 -0.0167372941176471
vn -0.0002555964811393 0.0005953455477844 3.3262931666222202
v 0.0179230000000000 -0.0016540000000000 0.0300010000000000
vn 4.7816586129334429 4.0022541153679319 -0.6735801971327153
v 0.0361350000000000 0.0302520000000000 -0.0069300000000000
vn 2.0620333819105978 0.4001841877290104 -5.9026264364454324
v 0.0368570000000000 0.0072300000000000 -0.0290220000000000
vn 1.3568374986095908 2.4682686197045700 -5.5959662083318991
v 0.0191780000000000 0.0347290000000000 -0.0281230000000000
vn -6.0610719435329301 -1.5860311838057375 0.4538991616825788
v -0.0287170000000000 -0.0403500000000000 0.0021200000000000
vn -1.5203757692766344 -4.6616696811917340 -3.9128797749123776
v -0.0112900000000000 -0.0405780000000000 -0.0266080000000000
vn -0.0000000131386789 0.0008798326823115 3.3267008536602303
v 0.0000000000000000 -0.0179930000000000 0.0300050000000000
vn -5.0533176714439296 -3.7245964870671076 0.0025303336430920
v -0.0381860000000000 -0.0282510000000000 0.0000070000000000
vn -4.4348426639825904 -4.4461073945978944 0.1801799333136215
v -0.0332010000000000 -0.0339360000000000 0.0018490000000000
vn -5.6662345660212088 -2.6745711621719468 0.3352332962689630
v -0.0292778461538462 -0.0388299230769231 0.0020690000000000
vn -3.0704555774117481 -3.7956413331730294 0.0767658619425802
v -0.0286872727272727 -0.0407500000000000 0.0006874545454545
vn 0.0001377568062751 -3.2238464549769117 0.0008458582305719
v -0.0270810000000000 -0.0407490000000000 0.0021920000000000
vn -4.5350374106663560 -4.3435761509580813 0.1910024044437051
v -0.0320160000000000 -0.0351190000000000 0.0019100000000000
vn -4.5670116784475807 -4.2344168666768214 -0.8201731805154098
v -0.0307565000000000 -0.0358350000000000 -0.0072040000000000
vn -2.0969444840575404 0.1130586189587175 -5.9031634889573201
v -0.0375100000000000 0.0019450000000000 -0.0290210000000000
vn 4.1974619841839687 1.4457834936712617 -3.9274977315326138
v 0.0393790000000000 0.0133610000000000 -0.0270030000000000
vn 0.0108614547937969 2.7950903321812604 -5.6067066986011902
v 0.0000000000000000 0.0395940000000000 -0.0281630000000000
vn -0.0017186718908136 4.4426202317044670 -3.9520748756858808
v 0.0000000000000000 0.0415800000000000 -0.0270100000000000
vn -5.0124843432705894 -3.7759015486358574 0.2475252785639654
v -0.0303670000000000 -0.0370140000000000 0.0019990000000000
vn -5.2951825768751313 -3.3717081490994265 0.0162327974094676
v -0.0300150000000000 -0.0375980000000000 0.0000100000000000
vn -3.8738578817805847 -4.0190757071826457 -2.8834031565519007
v -0.0227830000000000 -0.0389610000000000 -0.0195080000000000
vn 0.4656334301296428 0.0855148185891456 -6.2473109764017050
v 0.0324380000000000 0.0060560000000000 -0.0300000000000000
vn -5.9474566849060135 -0.0448863596292269 -1.9924559840712484
v -0.0441480000000000 -0.0003350000000000 -0.0205330000000000
vn -0.0001408473381356 -3.2263279852092532 0.0008723610364993
v -0.0216330000000000 -0.0407540000000000 -0.0161560000000000
vn -0.0284247718000422 -4.3060440724860589 4.3545920204745512
v -0.0397600000000000 -0.0131530000000000 -0.0161390000000000
vn -0.0017473246808002 -3.4929012894378859 -5.1210466327356912
v -0.0397600000000000 -0.0135580000000000 -0.0115210000000000
vn -0.0332344888997044 4.0588376227920602 -4.7028816844423424
v -0.0421410000000000 -0.0171475454545455 -0.0116880909090909
vn 0.1698619117062006 0.4386401862125989 -6.2477025722470554
v 0.0119210000000000 0.0307640000000000 -0.0300060000000000
vn 0.4809457421939969 5.9284737710299469 -1.9942446573403212
v 0.0034420000000000 0.0440100000000000 -0.0205430000000000
vn -5.9233516167949025 -2.0229738668364909 -0.4603731203116888
v -0.0288210000000000 -0.0400130000000000 -0.0019650000000000
vn 5.1894886256235431 3.1020231065605839 -1.6696505182410069
v 0.0387690000000000 0.0231730000000000 -0.0172010000000000
vn 4.0525134141939745 4.7394373443680227 0.6712494823713082
v 0.0306300000000000 0.0358180000000000 0.0069160000000000
vn 3.6652685306173578 5.0449527630315760 0.6705809214009054
v 0.0276990000000000 0.0381300000000000 0.0069160000000000
vn -4.8266456074050792 3.7246707460221584 1.5078330381369336
v -0.0360990000000000 0.0278820000000000 0.0155020000000000
vn -0.4418861767667545 -0.1633752644939384 -6.2474945669316080
v -0.0310100000000000 -0.0112940000000000 -0.0299970000000000
vn -4.3742786231641198 -3.7815322442873684 -2.4428392508518897
v -0.0252360000000000 -0.0385425000000000 -0.0163285000000000
vn 1.8698526178648396 5.7494725114440790 -1.6700034575402467
v 0.0139700000000000 0.0429500000000000 -0.0172060000000000
vn 0.8282133602578330 1.9294066175974858 -5.9028145539968753
v 0.0148100000000000 0.0345110000000000 -0.0290290000000000
vn 2.3443029178172368 5.6610693436333790 -1.3411248600744539
v 0.0176320000000000 0.0424910000000000 -0.0138170000000000
vn 4.2336871716972588 4.6337307010757804 -0.0067983565347116
v 0.0319640000000000 0.0351370000000000 -0.0000070000000000
vn 0.0000222553198762 0.0014948242288318 6.2831851291289009
v -0.0247500000000000 0.0082570000000000 0.0299990000000000
vn -1.2932612101893011 -2.9070167804613112 -5.3896504540550847
v -0.0134420000000000 -0.0380970000000000 -0.0278560000000000
vn -0.3409221124955339 0.4333473344463700 -6.2022012511220499
v -0.0421410000000000 -0.0155678181818182 -0.0110275454545455
vn 1.0252761823551440 0.8290157907242831 -6.1262249552480537
v 0.0274890000000000 0.0221580000000000 -0.0296630000000000
vn -4.5279597669164353 -4.3488661983116028 -0.2116096429606979
v -0.0339577500000000 -0.0331590000000000 -0.0021227500000000
vn -4.6305071668593349 3.9638389951294526 1.5045577897577629
v -0.0349720000000000 0.0292830000000000 0.0155020000000000
vn -2.8147967520649635 -0.1132415120761604 -5.5960956093814413
v -0.0396510000000000 -0.0014760000000000 -0.0281150000000000
vn 4.3847441124273052 4.4920690081708790 -0.0074939117497053
v 0.0332590000000000 0.0339130000000000 -0.0000070000000000
vn -1.3168496311652174 -1.6374931547700449 -5.9025589491261528
v -0.0235530000000000 -0.0292660000000000 -0.0290140000000000
vn -0.0044113760356133 -0.7264458311258257 -6.2345674791831840
v -0.0031580000000000 -0.0333520000000000 -0.0299490000000000
vn 1.1292817398224575 2.5947813531318382 -5.5877322689168025
v 0.0156440000000000 0.0364570000000000 -0.0281240000000000
vn -4.4337991378626977 -4.4511671001367992 0.0035100043649540
v -0.0330190000000000 -0.0341540000000000 0.0000090000000000
vn -2.6908344324075428 0.9983762652532733 -1.0191181730539345
v -0.0422794615384616 -0.0182020769230769 -0.0136901538461538
vn 0.0005779741798332 -2.8750503130937708 0.0011395528085621
v -0.0072410000000000 -0.0407560000000000 -0.0254580000000000
vn 1.4474808380449522 6.0186342574623115 -1.0091065698000623
v 0.0109030000000000 0.0453670000000000 -0.0103880000000000
vn -4.5686729623529114 -4.3086060844255396 -0.1848599276470926
v -0.0316800000000000 -0.0354760000000000 -0.0017970000000000
vn -5.9308581894005430 -2.0159228283888941 0.4221438650786765
v -0.0288300000000000 -0.0399550000000000 0.0021070000000000
vn 2.6968348566195508 0.8113365295302665 -5.5962618155165025
v 0.0380120000000000 0.0113700000000000 -0.0281180000000000
vn 2.1902397079774669 1.7710503212108102 -5.5959834409243641
v 0.0308880000000000 0.0248990000000000 -0.0281210000000000
vn 0.0003392933280687 -0.0013840089998700 -6.2831851277451651
v -0.0288750000000000 -0.0082570000000000 -0.0299970000000000
vn 4.4407185209589324 4.3763759344838453 -0.6730519236844139
v 0.0336320000000000 0.0330130000000000 -0.0069310000000000
vn -0.2383958053737713 -0.9092948064073292 -6.2080291707435933
v -0.0078690000000000 -0.0333520000000000 -0.0298500000000000
vn 1.9358270040419880 3.9800141028076310 -3.9340524375643420
v 0.0183930000000000 0.0372910000000000 -0.0270080000000000
vn -0.8420621816050645 -1.9866456592512476 -5.8907802287258306
v -0.0118040000000000 -0.0365280000000000 -0.0288040000000000
vn 0.0002116771549964 0.0015503609144367 6.2831850991030818
v -0.0123750000000000 0.0165070000000000 0.0299970000000000
vn -0.0962970904688250 -5.7932267105445234 2.0099972040016914
v -0.0421400000000000 -0.0125319411764706 -0.0151563529411765
vn -5.3058966891652730 -3.3554356007719228 0.0019198090523631
v -0.0401310000000000 -0.0254120000000000 0.0000070000000000
vn 5.8013601824787617 1.3106831281808817 -1.9925327558038497
v 0.0430630000000000 0.0097280000000000 -0.0205350000000000
vn -6.1054235033118633 -1.0267873370487106 -1.0009642572895836
v -0.0460220000000000 -0.0076990000000000 -0.0103760000000000
vn -3.8226173084249586 -4.2432092152409453 -2.6156836860443038
v -0.0235730000000000 -0.0383190000000000 -0.0193670000000000
vn -5.8163145948066948 -0.5054507714068865 -2.2963334284368022
v -0.0427930000000000 -0.0037200000000000 -0.0238030000000000
vn 0.1289423477938997 0.4527027668720070 -6.2475136339656370
v 0.0090310000000000 0.0317330000000000 -0.0300070000000000
vn -2.2757818835451435 -4.6225272254496721 -1.5761761790430628
v -0.0235115000000000 -0.0407540000000000 -0.0164400000000000
vn -2.1111551570169942 -4.7528028209263393 -1.6784957535561336
v -0.0222663333333333 -0.0407540000000000 -0.0180873333333333
vn -5.6133661968856234 -2.7819332246146793 -0.3348913667988609
v -0.0293902777777778 -0.0386431111111111 -0.0019215555555556
vn -4.0007927058366448 -1.9724821215676789 -3.9155223216283814
v -0.0373160000000000 -0.0183620000000000 -0.0269950000000000
vn -4.4692064028467868 0.0857837022598174 -3.8949772625894745
v -0.0415810000000000 0.0006600000000000 -0.0270000000000000
vn -0.1054461716337669 2.4318350355094762 -5.7198370285185858
v -0.0421410000000000 -0.0163870000000000 -0.0112190000000000
vn -0.1564355503101114 -0.9270936438072073 -6.2104544898477849
v -0.0042480000000000 -0.0348380000000000 -0.0297350000000000
vn 5.7682257557500121 0.8381221734711333 -2.3165141275948686
v 0.0425150000000000 0.0061210000000000 -0.0238050000000000
vn 0.4676063177882681 5.8171573288992597 -2.3036734863186119
v 0.0033490000000000 0.0428170000000000 -0.0238140000000000
vn -3.0676944889069286 -3.8098238227551993 -0.0954080340729300
v -0.0286800000000000 -0.0407500000000000 -0.0010530000000000
vn -3.7952093549057118 -4.4810227978958448 -2.2332993360802678
v -0.0251900000000000 -0.0370630000000000 -0.0190810000000000
vn -4.6234908157438701 -4.2345409926665436 -0.3900453650823606
v -0.0312760000000000 -0.0357885000000000 -0.0036170000000000
vn 0.0001867489715417 -3.2232630226385934 0.0009730432616380
v -0.0270780000000000 -0.0407500000000000 -0.0021780000000000
vn -3.8029790107480559 4.4304332047966142 2.2936797705035512
v -0.0279220000000000 0.0326460000000000 0.0237970000000000
vn 0.0000111427091914 0.0014941736156282 6.2831851275311594
v -0.0206250000000000 0.0082570000000000 0.0299990000000000
vn -3.8346447440023548 -3.9043078655974717 -3.0836508794186250
v -0.0220660000000000 -0.0395620000000000 -0.0196360000000000
vn 5.6888720104276089 2.2758987982785426 -1.3401807337970788
v 0.0427150000000000 0.0170860000000000 -0.0138110000000000
vn 1.4133518285793616 5.8783678629218379 -1.6703429768814337
v 0.0105540000000000 0.0439140000000000 -0.0172060000000000
vn 2.7785076577973569 -3.4057848429380879 3.9521373494979777
v 0.0270090000000000 -0.0316150000000000 0.0270090000000000
vn -1.9641998724796450 -4.8808988754150349 -1.7240867135165414
v -0.0211910000000000 -0.0407550000000000 -0.0193400000000000
vn 0.0004264594525564 -0.0013488954422677 -6.2831851243139454
v -0.0165000000000000 -0.0247570000000000 -0.0299930000000000
vn -4.9121065184288861 -3.9092708154856926 -0.2220303466381601
v -0.0306580000000000 -0.0366440000000000 -0.0018480000000000
vn -4.5130703380381680 -4.3635406315681085 0.2136159640459262
v -0.0337730000000000 -0.0333440000000000 0.0022299090909091
vn -2.5672407132326214 -1.1578018378104498 -5.5968314704749762
v -0.0361810000000000 -0.0162950000000000 -0.0281110000000000
vn -4.0758637659440762 -4.0920961010853567 -2.4725755630180197
v -0.0246460000000000 -0.0382630000000000 -0.0177900000000000
vn -3.9390585704555412 4.5867577043895515 1.6670587494758193
v -0.0293620000000000 0.0343270000000000 0.0171890000000000
vn -3.5530593778515689 4.8922194341718717 1.6678254971582605
v -0.0265580000000000 0.0365400000000000 0.0171890000000000
vn -1.8052340798678741 -4.0765399059491951 -4.2936012932809904
v -0.0121696363636364 -0.0402283636363637 -0.0266735454545455
vn -0.0030566000743632 -1.6525792073320997 -5.9738130125785629
v -0.0397600000000000 -0.0143595000000000 -0.0111490000000000
vn -6.0674652654548815 -1.5635427308138323 -0.4540723534620996
v -0.0287180000000000 -0.0403800000000000 -0.0019760000000000
vn 2.8236640117740599 5.5598934046243516 -0.6740383773764475
v 0.0213120000000000 0.0420320000000000 -0.0069330000000000
vn -4.7800785271919777 3.6907463406802203 1.7190222632673509
v -0.0357490000000000 0.0276130000000000 0.0171910000000000
vn -4.1619995727592292 4.0906063925186746 2.3000742242899683
v -0.0306530000000000 0.0300960000000000 0.0237980000000000
vn 0.0054950915514681 5.4215401553135889 -2.9272019997560434
v -0.0397600000000000 -0.0178798461538462 -0.0125766923076923
vn -5.9325146291727879 0.4248051621673250 -1.9922275895252561
v -0.0440360000000000 0.0031550000000000 -0.0205340000000000
vn -4.4403716329668441 -4.4411645800754922 -0.1723379230816355
v -0.0333160000000000 -0.0338260000000000 -0.0017180000000000
vn -3.3932483091030781 -3.8257361508019292 -1.0713805320022218
v -0.0443490769230769 -0.0123013076923077 -0.0137249230769231
vn 3.5144802594776126 -2.7462857807860890 3.9138883411975565
v 0.0327370000000000 -0.0256400000000000 0.0270080000000000
vn -0.0000524409713913 -0.0014487389674076 -6.2831851387089337
v 0.0206250000000000 -0.0165070000000000 -0.0299950000000000
vn 3.7950197262893530 4.4352288476849191 2.2981778590033985
v 0.0279170000000000 0.0326500000000000 0.0237980000000000
vn -0.0001566755863790 -3.2314310211151041 0.0020783167275016
v 0.0018880000000000 -0.0407560000000000 -0.0270710000000000
vn -0.0003558940869675 0.0010677442657071 3.3263844281717305
v -0.0121270000000000 -0.0132950000000000 0.0300040000000000
vn -3.4307629560299766 4.7065505143063406 -2.3265135160597570
v -0.0252460000000000 0.0347460000000000 -0.0238120000000000
vn -4.5143233145912998 -4.0209916500050742 1.6728751806172804
v -0.0337130000000000 -0.0300570000000000 0.0172050000000000
vn -0.0484296077578520 -5.7359781917909913 2.2451408911033770
v 0.0421410000000000 -0.0125228235294118 -0.0151488823529412
vn 4.6244362367753595 -4.2336068993225631 -0.3891200751252859
v 0.0312755000000000 -0.0357890000000000 -0.0036165000000000
vn 5.9299004696446636 -2.0194344297648952 0.4217505561308672
v 0.0288300000000000 -0.0399550000000000 0.0021070000000000
vn -0.0001928813244481 -0.0015141122520344 -6.2831851132588561
v 0.0165000000000000 -0.0247570000000000 -0.0299930000000000
vn -5.0083609711992532 -3.2075332051061531 1.9927285859029551
v -0.0371750000000000 -0.0238120000000000 0.0205400000000000
vn 0.0438216346102512 5.4779653766129375 2.4496997201698494
v 0.0373800000000000 -0.0179647058823529 -0.0151884117647059
vn 2.8043825439941408 0.2608024178737311 -5.5965415150937794
v 0.0395140000000000 0.0035990000000000 -0.0281160000000000
vn 4.9095829235146686 -3.9122234648747480 -0.2251069919232583
v 0.0306580000000000 -0.0366440000000000 -0.0018470000000000
vn 2.0906118332233552 -0.2184139817234690 -5.9017432654023709
v 0.0373490000000000 -0.0039920000000000 -0.0290190000000000
vn 4.3019780206581792 -4.4203890468401736 1.1886366734763727
v 0.0322075000000000 -0.0333420000000000 0.0120845000000000
vn 0.2247301456350273 -0.9006808700791746 -6.2091095200607000
v 0.0078710000000000 -0.0333520000000000 -0.0298500000000000
vn 3.5532005903286250 4.8922313912595392 1.6674327025523268
v 0.0265480000000000 0.0365480000000000 0.0171890000000000
vn 5.6188080873813000 -2.7698730742858952 -0.3361696943615606
v 0.0293683888888889 -0.0386820555555555 -0.0019228888888889
vn 4.6803155191368795 -4.0611091358754852 1.0104393704023111
v 0.0349400000000000 -0.0309230000000000 0.0103870000000000
vn -0.4501625721900359 5.8158313886760951 -2.3095314161777689
v -0.0031550000000000 0.0428320000000000 -0.0238140000000000
vn -5.7677000072515137 0.8724131437117283 -2.3069613196031238
v -0.0424670000000000 0.0064450000000000 -0.0238050000000000
vn 0.0002679375291981 -3.2230050812926367 0.0009509770352971
v 0.0270800000000000 -0.0407510000000000 -0.0021710000000000
vn 0.0048206739669009 -1.0877529800308789 -6.1844358325881377
v 0.0000000000000000 -0.0370760000000000 -0.0294510000000000
vn -2.8196181529828150 -3.3893404722640703 3.9497850940700250
v -0.0270460000000000 -0.0315840000000000 0.0270090000000000
vn 3.0691531302944091 -3.8089204098621221 -0.0945219051303152
v 0.0286800000000000 -0.0407500000000000 -0.0010520000000000
vn -2.1136040767904483 1.8630528364480661 -5.5959976310130024
v -0.0297050000000000 0.0262990000000000 -0.0281210000000000
vn 0.0001366817978840 -0.0013849265194377 -6.2831851438935322
v 0.0288750000000000 -0.0082570000000000 -0.0299970000000000
vn -2.3568411482597766 5.7241000151765684 -1.0083690289805922
v -0.0177650000000000 0.0431440000000000 -0.0103880000000000
vn -4.2772894056430042 1.2596843054514930 -3.9150719604762525
v -0.0398920000000000 0.0117430000000000 -0.0270030000000000
vn 0.2015449352715225 3.4630689783167807 4.9446457560052011
v 0.0373800000000000 -0.0168813333333333 -0.0164710000000000
vn -0.0033186539964326 5.2540555463236327 -3.2183526015575059
v 0.0397600000000000 -0.0177600000000000 -0.0123470000000000
vn 6.0694308961591705 -1.5553005912911433 -0.4558708980992235
v 0.0287170000000000 -0.0403810000000000 -0.0019760000000000
vn 4.4613276709291902 0.0027809001646599 -3.9133157396073512
v 0.0415860000000000 -0.0000070000000000 -0.0269990000000000
vn -1.8058551187581069 1.0726121136785873 -5.9029701871759022
v -0.0322790000000000 0.0192000000000000 -0.0290250000000000
vn 5.3064629952383271 -3.3548053846758612 0.0000101489512784
v 0.0401300000000000 -0.0254120000000000 0.0000070000000000
vn 5.8120660208655845 -0.5510442655089587 -2.2967736808758272
v 0.0427620000000000 -0.0040560000000000 -0.0238020000000000
vn -0.3189672459307845 -1.4543871406680644 -6.0982007475050137
v -0.0026400000000000 -0.0393230000000000 -0.0289430000000000
vn 2.0763145021879144 -0.0145588484458610 -5.9115541722591001
v 0.0374850000000000 -0.0000070000000000 -0.0290470000000000
vn -4.7813916293016057 4.0027794247147135 0.6717210028875484
v -0.0361360000000000 0.0302550000000000 0.0069170000000000
vn 4.2656657771240774 -4.4859224926304533 1.0719667148538823
v 0.0318530000000000 -0.0339760000000000 0.0109150000000000
vn -5.5266496903935547 2.7886931078830894 -1.0080844618274918
v -0.0416580000000000 0.0210170000000000 -0.0103830000000000
vn 0.1134961668382879 2.4838528409070069 -5.6908607447515971
v 0.0421410000000000 -0.0164360000000000 -0.0112390000000000
vn 0.0015887924317108 -1.5817693729728650 -5.9941453753541225
v 0.0397600000000000 -0.0143965000000000 -0.0111355000000000
vn 3.4185994847286665 4.7282183143302818 2.3034496983465775
v 0.0252460000000000 0.0347570000000000 0.0237970000000000
vn 4.4524691195708250 0.0000000000000000 0.0000000000000000
v 0.0350000000000000 -0.0170942857142857 -0.0151995000000000
vn -4.8173243123976839 -3.6534760596940608 1.6688663363841982
v -0.0359860000000000 -0.0272960000000000 0.0172040000000000
vn 3.9300482778264252 4.5950749570046074 1.6671877563446120
v 0.0293570000000000 0.0343320000000000 0.0171900000000000
vn 2.4700360245002266 3.7408473198901753 3.8696278367435424
v 0.0231040000000000 0.0345840000000000 0.0269930000000000
vn 0.0022040928822169 -0.0052607149063194 -3.4551735398548127
v 0.0016220000000000 -0.0230000000000000 -0.0299940000000000
vn 3.3559045223616959 2.9506769424962429 3.8947608870093302
v 0.0312660000000000 0.0274260000000000 0.0269950000000000
vn 4.2591978711267542 -4.4814631754487584 1.1176479052032984
v 0.0311530000000000 -0.0346020000000000 0.0110620000000000
vn 0.4534424973259327 -0.1291543143784195 -6.2475200254453895
v 0.0317400000000000 -0.0090380000000000 -0.0299970000000000
vn -3.1550330440570971 5.1573946511948137 -1.6697463762362059
v -0.0235720000000000 0.0385260000000000 -0.0172050000000000
vn 2.3299763126564370 -4.3919478567164703 -3.6438579891005292
v 0.0194420588235294 -0.0370735294117647 -0.0264900000000000
vn 2.6088627437675438 -4.8977735460839726 -2.9448674979815226
v 0.0183650000000000 -0.0380280000000000 -0.0258300000000000
vn -4.1494827369913292 -4.2652953322911049 2.0020791889158303
v -0.0304580000000000 -0.0319560000000000 0.0205420000000000
vn -3.9459450165941874 -4.4667946279573822 1.9832799731718438
v -0.0291702727272727 -0.0332221818181818 0.0203447272727273
vn -4.1164460809809356 -4.2230547731613308 2.1534785167237489
v -0.0300600000000000 -0.0315390000000000 0.0221870000000000
vn -0.4605976370558297 6.1101644033909110 -1.3429672033495357
v -0.0033790000000000 0.0458790000000000 -0.0138180000000000
vn 4.7044516529404108 -4.1254869549215281 -0.5059150164947772
v 0.0352960000000000 -0.0314750000000000 -0.0051830000000000
vn -2.3253411730060471 -1.6072889282018927 5.5898624445539751
v -0.0327170000000000 -0.0224430000000000 0.0281220000000000
vn -3.7028847619013918 -2.4984208327547295 3.8872742519954770
v -0.0345020000000000 -0.0232120000000000 0.0270070000000000
vn 4.4317724468211850 -4.3233401748631968 1.0609659700113270
v 0.0306090000000000 -0.0355105000000000 0.0094570000000000
vn 0.3182062262168012 -0.9478935704877789 -6.1980562544688453
v 0.0094410000000000 -0.0333520000000000 -0.0297820000000000
vn -6.0578632951548466 0.9196254627456082 -1.3400333659809274
v -0.0454850000000000 0.0069060000000000 -0.0138090000000000
vn -3.6555304481105511 -4.5995141863615245 2.2221473915568537
v -0.0268610000000000 -0.0341060000000000 0.0226120000000000
vn -0.1217735217299259 0.4587395429869676 -6.2469395986349578
v -0.0085410000000000 0.0318680000000000 -0.0300070000000000
vn -3.6786631642089112 -4.5126165218365371 2.3538918302210212
v -0.0269300000000000 -0.0333390000000000 0.0240460000000000
vn -1.4709044774434208 -1.4990804709809544 5.9026443289154491
v -0.0262970000000000 -0.0268140000000000 0.0290290000000000
vn -5.1064781894190983 3.6258443764368193 0.3494996035282605
v -0.0386410000000000 0.0274660000000000 0.0034540000000000
vn 4.4283557654020456 -4.4430795238231395 -0.3433681555412579
v 0.0332140000000000 -0.0338300000000000 -0.0034360000000000
vn -1.8767838102743970 5.8323294761508064 -1.3413763864932786
v -0.0140940000000000 0.0437920000000000 -0.0138170000000000
vn -2.4648714788167356 -1.3600965483159102 5.5970676980667502
v -0.0347360000000000 -0.0191710000000000 0.0281210000000000
vn -4.0404259512410672 4.8047121064758498 -0.0008545279746343
v -0.0306190000000000 0.0363140000000000 -0.0000080000000000
vn -0.0000000000000023 -0.0015231963933461 -6.2831851225497237
v 0.0247500000000000 -0.0000070000000000 -0.0299990000000000
vn -3.7642473604543536 -4.5956198808423068 2.0424791020236008
v -0.0277870000000000 -0.0340830000000000 0.0210490000000000
vn -4.4151833559575664 4.4032968806278037 -0.6729155090745651
v -0.0333680000000000 0.0332790000000000 -0.0069310000000000
vn 4.4341288591429793 -4.4189634684492658 -0.5324355584832227
v 0.0325037368421053 -0.0343601578947368 -0.0052280526315789
vn 5.6224387567135254 -2.2838874194411711 1.6078688323378070
v 0.0277300000000000 -0.0399980000000000 0.0082840000000000
vn 2.9449383671169502 -3.9950043578308629 0.6810844087842894
v 0.0279890000000000 -0.0407490000000000 0.0063300000000000
vn 4.3726533101548162 -4.3288538976419630 1.2705688112124394
v 0.0297600000000000 -0.0358630000000000 0.0113560000000000
vn 4.4124385970314215 -4.4083154596450189 -0.7502972607615503
v 0.0331765000000000 -0.0333470000000000 -0.0076875000000000
vn 1.0493024871044980 -5.4724370769122981 -1.8256752773108182
v 0.0137050000000000 -0.0407560000000000 -0.0252020000000000
vn 4.9531482894793779 -3.7146300444537235 1.0080220387382532
v 0.0372610000000000 -0.0280840000000000 0.0103860000000000
vn 4.9892525756256827 -3.7418122674267154 0.6729376052672253
v 0.0376340000000000 -0.0283660000000000 0.0069320000000000
vn 5.1660732322570704 -3.2948048773138647 1.3407154678559228
v 0.0388060000000000 -0.0247100000000000 0.0138150000000000
vn 5.4053743280459834 -2.8856798880412824 1.3407739522616726
v 0.0405690000000000 -0.0216940000000000 0.0138140000000000
vn -0.0000621221150686 0.0014414619227302 6.2831851400242806
v 0.0165000000000000 0.0165070000000000 0.0299970000000000
vn 0.8012902573212323 -1.8146116584224476 -5.9513478205108585
v 0.0135540000000000 -0.0349520000000000 -0.0290650000000000
vn -3.8678974510927038 4.9436548036719516 -0.0012843572209802
v -0.0292280000000000 0.0374430000000000 -0.0000080000000000
vn 3.1535640111002095 3.1552300606101631 3.9077007902041734
v 0.0294060000000000 0.0294120000000000 0.0269940000000000
vn 2.9424298215324800 3.3177947416288665 3.9266929123042358
v 0.0274200000000000 0.0312730000000000 0.0269940000000000
vn 5.0971194948820067 -3.5671793264789162 0.8387746856759659
v 0.0296650000000000 -0.0373945000000000 0.0059765000000000
vn -0.7811529926828001 2.7062642617995101 -5.5963162238090023
v -0.0110420000000000 0.0381040000000000 -0.0281240000000000
vn 6.2625911878940066 -0.0472540145977160 0.3596825946686182
v 0.0474060000000000 -0.0003540000000000 0.0034610000000000
vn 5.8870800231926994 1.3778914947241443 1.6684897108790417
v 0.0439810000000000 0.0102950000000000 0.0171950000000000
vn 6.1687735807569455 -1.0814506188520159 -0.3563308793781502
v 0.0466940000000000 -0.0081920000000000 -0.0034560000000000
vn 6.0637143756677592 -1.5664035184137552 -0.3576522234738086
v 0.0459000000000000 -0.0118610000000000 -0.0034550000000000
vn 5.7135292995883580 -2.5025672863511943 -0.6602422669819439
v 0.0431970000000000 -0.0188450000000000 -0.0069180000000000
vn 6.1179837902245700 -1.4018521933892918 0.0059908431411805
v 0.0462630000000000 -0.0107710000000000 0.0000040000000000
vn 6.1115197913739223 0.4384360400457237 1.3397653612243223
v 0.0458890000000000 0.0032960000000000 0.0138080000000000
vn -0.8421656853339278 -1.9846946837193791 5.8914554590233683
v -0.0118040000000000 -0.0365150000000000 0.0288230000000000
vn 0.0000151899407307 -0.0015495070094273 -6.2831851159885792
v -0.0041250000000000 0.0247430000000000 -0.0300050000000000
vn -4.5663685129768385 -3.4104228375056564 2.6420571899103797
v -0.0249130000000000 -0.0393710000000000 0.0157230000000000
vn -1.8258195453908737 -4.0480311743397461 4.3017414073396338
v -0.0121706363636364 -0.0402153636363636 0.0266945454545454
vn 2.5725357752670521 3.3290367768186568 -0.8877574569816666
v 0.0395192000000000 0.0222372000000000 0.0165262666666667
vn 5.6143815869442895 -2.4533478957097055 1.3405276480753832
v 0.0421450000000000 -0.0184470000000000 0.0138130000000000
vn -0.1559931934034097 -0.9405517958717600 6.2087052077982339
v -0.0042480000000000 -0.0348240000000000 0.0297540000000000
vn 2.8829949277319793 -4.8567548262551758 -2.7468389597527088
v 0.0205740000000000 -0.0368130000000000 -0.0257930000000000
vn -3.5407358430715759 -4.6702719264144239 2.2614408175852447
v -0.0258330000000000 -0.0348460000000000 0.0227250000000000
vn -3.5719340131889981 -4.6990575051627381 2.1514429921365705
v -0.0258290000000000 -0.0355040000000000 0.0213230000000000
vn 0.2438017326161457 5.7314194024704861 -2.1517110407975553
v 0.0365420000000000 0.0210031428571429 0.0151184285714286
vn -3.2081303056086652 -4.2225740808800412 3.3652199290556362
v -0.0194354615384615 -0.0398536153846154 0.0221330000000000
vn -3.0335636907362069 -4.5334181446775821 3.1152807580158974
v -0.0194850000000000 -0.0389230000000000 0.0233440000000000
vn -5.8580749099571463 -1.0269708626769805 1.9928099696478747
v -0.0434860000000000 -0.0076230000000000 0.0205360000000000
vn 5.2115394229551990 2.6272436057971049 2.3004514586655525
v 0.0383480000000000 0.0193550000000000 0.0238010000000000
vn -2.7406397668580045 -4.6899656877363842 3.1556324857335807
v -0.0180070000000000 -0.0389780000000000 0.0246210000000000
vn 2.8201270866430428 -3.3921436579945579 -3.9499354063532919
v 0.0270090000000000 -0.0316280000000000 -0.0269920000000000
vn -1.7330386337266117 -4.9785631907627854 1.8687409220625191
v -0.0197010000000000 -0.0407450000000000 0.0208720000000000
vn 4.2412687094505221 -4.4832067957600659 -1.1739619101735448
v 0.0317060000000000 -0.0338710000000000 -0.0119070000000000
vn 4.3370488541818357 -4.4185675474708939 -1.0625279287010587
v 0.0325320000000000 -0.0333480000000000 -0.0108210000000000
vn -3.9616387767869705 -4.0866220552769539 2.6501986187352760
v -0.0238320000000000 -0.0384100000000000 0.0188500000000000
vn -3.9227279682872616 -3.7400740313963450 3.1711908913001232
v -0.0222078571428571 -0.0398208571428571 0.0191612857142857
vn -1.5773455424147316 6.0755465749731812 0.0019444826565487
v -0.0117660000000000 0.0460200000000000 -0.0000100000000000
vn 0.9786725199276972 1.8613026338682681 5.9016265348026273
v 0.0175010000000000 0.0332420000000000 0.0290150000000000
vn -2.2758222012051230 -4.6582031032941238 1.5443298883890595
v -0.0235115000000000 -0.0407460000000000 0.0164610000000000
vn -2.0971892557606129 -4.8081737368858430 1.6403146436543730
v -0.0222663333333333 -0.0407455555555556 0.0181083333333333
vn -6.1323660386982120 1.3398079813792760 0.0113332748836349
v -0.0463660000000000 0.0103180000000000 -0.0000020000000000
vn -5.9394320347103013 2.0310253617975791 0.0080194326982226
v -0.0449930000000000 0.0152270000000000 -0.0000030000000000
vn 2.9935634615434745 2.1839299359429383 -3.7668127202131254
v 0.0382342941176471 0.0236851176470588 0.0169719411764706
vn -3.9998968557659866 -1.9640484380191563 3.9178539371782493
v -0.0373160000000000 -0.0183500000000000 0.0270060000000000
vn -0.2280610085847910 -0.8921431871208541 6.2102702420910481
v -0.0078710000000000 -0.0333380000000000 0.0298680000000000
vn -4.4592446713373892 0.0837292492106263 3.9152641287468120
v -0.0415810000000000 0.0006730000000000 0.0270010000000000
vn 2.1556473164094156 1.8126381432556111 5.5964446963372376
v 0.0303900000000000 0.0255170000000000 0.0281110000000000
vn 3.5166694988375258 -2.7312020263782570 -3.9033209048566011
v 0.0327370000000000 -0.0256520000000000 -0.0269930000000000
vn -1.9429847302791399 -4.8404838180984129 1.7931836900668647
v -0.0211910000000000 -0.0407450000000000 0.0193610000000000
vn 4.4961242219153901 -4.3069145848842121 -0.8257550144593870
v 0.0337040000000000 -0.0326410000000000 -0.0086450000000000
vn -6.1916992412185037 0.9410968055510228 -0.3593582606105084
v -0.0468700000000000 0.0071180000000000 -0.0034600000000000
vn -1.5308899655656665 -5.0967876447653531 1.9228294617645707
v -0.0181050000000000 -0.0407450000000000 0.0222700000000000
vn 5.0076441674870145 -3.2092628496830717 -1.9919658284243784
v 0.0371740000000000 -0.0238220000000000 -0.0205270000000000
vn 2.2647244582745980 5.5001769557504145 1.9908774988586795
v 0.0168080000000000 0.0408290000000000 0.0205250000000000
vn -3.9000483309551477 -4.3649660633856362 2.2814418634033808
v -0.0250660000000000 -0.0374060000000000 0.0186190000000000
vn -2.3445951209179481 5.6614157693405165 1.3389496152750737
v -0.0176320000000000 0.0424980000000000 0.0137980000000000
vn 2.6838027359363603 0.8499747502672290 5.5969990467674737
v 0.0378390000000000 0.0119450000000000 0.0281140000000000
vn -0.0000000000000023 -0.0015231963933461 -6.2831851225497237
v -0.0123750000000000 0.0164930000000000 -0.0300030000000000
vn 4.6456445144843661 -4.0563200938965176 -1.1745092823666021
v 0.0345990000000000 -0.0308550000000000 -0.0120890000000000
vn -0.0738359895397953 -0.3096021536843767 6.2668908647805477
v -0.0060640000000000 -0.0324310000000000 0.0300090000000000
vn -0.0000299162644663 -0.0014834251735290 -6.2831851316231662
v 0.0061870000000000 -0.0082570000000000 -0.0299970000000000
vn 1.9718404927416264 4.0076885116760774 3.8978385777311182
v 0.0183930000000000 0.0373040000000000 0.0269930000000000
vn -4.2834773064953975 -3.7989671126130125 2.5853406499698406
v -0.0245250000000000 -0.0387160000000000 0.0172860000000000
vn -5.3730045467888763 3.2177289805010059 0.3553308020248898
v -0.0406910000000000 0.0243260000000000 0.0034540000000000
vn -2.5412927873524835 -4.7161675671096228 3.2815850695496334
v -0.0168730000000000 -0.0395920000000000 0.0246610000000000
vn -0.0001927427504851 0.0015142201833409 6.2831851132471854
v -0.0165000000000000 -0.0247430000000000 0.0300070000000000
vn 1.3883250119261668 5.8849310977338458 1.6670427087480406
v 0.0103920000000000 0.0439610000000000 0.0171870000000000
vn -1.3373479093842482 -5.2056140584959341 1.9564258157828980
v -0.0164110000000000 -0.0407440000000000 0.0235480000000000
vn -3.9298624377275773 4.5943467651296528 -1.6697853549972614
v -0.0293570000000000 0.0343240000000000 -0.0172040000000000
vn -3.5532329481721896 4.8913020941994985 -1.6700432341282254
v -0.0265480000000000 0.0365400000000000 -0.0172050000000000
vn -2.8059738226332627 0.2594633435667681 5.5953581581305274
v -0.0395140000000000 0.0036130000000000 0.0281160000000000
vn -2.1007365862194449 -0.0064397714893494 5.9026014659352963
v -0.0375610000000000 0.0000070000000000 0.0290220000000000
vn -5.5175033126876674 -1.9006688058661649 2.3018746603053928
v -0.0406070000000000 -0.0139980000000000 0.0238090000000000
vn -3.2040977003718805 4.0053811904369869 2.0292524797873130
v -0.0411430000000000 0.0212610000000000 0.0123350000000000
vn -0.0002343694165040 0.0015573071214375 6.2831850993284899
v -0.0288750000000000 -0.0082430000000000 0.0300030000000000
vn -5.7893729297228500 2.3167822802505791 0.6714174635275125
v -0.0437560000000000 0.0175080000000000 0.0069200000000000
vn -1.1385546023395534 -5.4166486568318692 1.8434909323160369
v -0.0146280000000000 -0.0407440000000000 0.0246980000000000
vn 6.2059985344226458 -0.9418924212010875 -0.0074672593517321
v 0.0469440000000000 -0.0072470000000000 0.0000030000000000
vn 6.2230020644137287 0.3980544107562236 -0.6722646247507591
v 0.0470310000000000 0.0030100000000000 -0.0069240000000000
vn 5.8517318192683501 -2.0191236290179386 1.0079277347499700
v 0.0441150000000000 -0.0151980000000000 0.0103830000000000
vn 6.2349636734229970 -0.0948209528161528 -0.6724084395706161
v 0.0471220000000000 -0.0007190000000000 -0.0069230000000000
vn 6.1476126538226170 -1.0398700999686938 0.6726615591505660
v 0.0464820000000000 -0.0077720000000000 0.0069270000000000
vn 6.2713675173463939 -0.2640905303209160 0.0001851239183441
v 0.0474620000000000 -0.0019020000000000 0.0000020000000000
vn 6.1779040162833381 0.3951306877828606 -1.0071461682395078
v 0.0465650000000000 0.0029800000000000 -0.0103780000000000
vn -3.5237220915768446 -2.7069653566140923 3.9117176366711712
v -0.0328540000000000 -0.0254890000000000 0.0270070000000000
vn -4.1944771039961681 -4.3658362861040256 1.6669152677259662
v -0.0307580769230769 -0.0329931538461539 0.0174062307692308
vn -5.2034951741123328 2.6140681550923501 -2.3287497208897658
v -0.0383490000000000 0.0193440000000000 -0.0238080000000000
vn 1.1188498858211346 -5.3608219598996119 -1.9209045854933899
v 0.0146280000000000 -0.0407560000000000 -0.0246770000000000
vn -2.0766930302853543 0.3139091139605572 -5.9028031906788696
v -0.0371300000000000 0.0056650000000000 -0.0290220000000000
vn 1.7998730428763994 -4.0843184670201822 -4.2884395937167747
v 0.0121696363636364 -0.0402283636363637 -0.0266735454545455
vn -0.0002116483664532 0.0015503421288679 6.2831850991076728
v 0.0123750000000000 0.0165070000000000 0.0299970000000000
vn 3.1645271353005580 -4.3144874768048851 -3.2913943832090986
v 0.0194490000000000 -0.0396290000000000 -0.0223980000000000
vn -3.9707394246685848 -4.4915234201120882 1.8745041495152868
v -0.0295500000000000 -0.0333400000000000 0.0192930000000000
vn 2.7111548426599317 3.5425086920829418 3.9146020979484026
v 0.0253160000000000 0.0329990000000000 0.0269940000000000
vn 4.5216438494762556 -4.3550100529884901 0.2097390356125000
v 0.0339583750000000 -0.0331582500000000 0.0021272500000000
vn 1.5389216612000181 -5.1661420001730969 -1.8448595649064796
v 0.0181050000000000 -0.0407550000000000 -0.0222490000000000
vn -4.1100585935931369 -4.5203714843478249 1.4645520421349199
v -0.0300120000000000 -0.0346570000000000 0.0145810000000000
vn 2.8350837168806202 -4.1033340976419916 0.9500154999459870
v 0.0271160000000000 -0.0407480000000000 0.0093900000000000
vn 4.9692148978754478 -3.3405346471928477 1.8851288569046833
v 0.0272480000000000 -0.0385830000000000 0.0119310000000000
vn -3.7372955641995889 -4.6311392098712796 2.0140254807763291
v -0.0267950000000000 -0.0354480000000000 0.0197530000000000
vn -1.6095744884906871 -1.3493254829861829 5.9027989664691489
v -0.0287690000000000 -0.0241430000000000 0.0290280000000000
vn 4.5714266340725782 -4.3056750328635189 -0.1847656447783838
v 0.0316790000000000 -0.0354760000000000 -0.0017960000000000
vn 1.2818340677581177 -2.3384498569355090 -5.6826298858873052
v 0.0190880000000000 -0.0341540000000000 -0.0283800000000000
vn 1.2144621557511517 -2.3244876716020340 -5.6940049500964722
v 0.0180040000000000 -0.0350090000000000 -0.0282760000000000
vn 0.8486435332871524 -1.9974113903747772 -5.8862487030759771
v 0.0118800000000000 -0.0365320000000000 -0.0287920000000000
vn 5.4412330653250063 -2.4236277820575602 1.9889975206751995
v 0.0270820000000000 -0.0400140000000000 0.0102710000000000
vn -0.1619801257365673 0.4497270720028909 -6.2463794422080658
v -0.0112870000000000 0.0310030000000000 -0.0300070000000000
vn -3.8367866698491326 -4.5869469342666820 1.9247260530869379
v -0.0282198461538462 -0.0343845384615385 0.0195160769230769
vn -1.0103581397084382 -0.8416742127595056 6.1266183216835710
v -0.0270470000000000 -0.0226970000000000 0.0296650000000000
vn -1.7325797639182854 -1.1873827151208898 5.9028561492863636
v -0.0309710000000000 -0.0212450000000000 0.0290270000000000
vn -1.0929461335417407 -0.7518495566405816 6.1251138109938852
v -0.0291170000000000 -0.0199720000000000 0.0296640000000000
vn 1.1540742768253569 1.7567493753835837 5.9021640729949372
v 0.0206360000000000 0.0313920000000000 0.0290150000000000
vn 1.7725243665192010 2.1914588121836478 5.5950861818146276
v 0.0249050000000000 0.0308950000000000 0.0281100000000000
vn -1.3883787726484003 5.8841477525512333 -1.6696675718421607
v -0.0103920000000000 0.0439530000000000 -0.0172060000000000
vn -0.9147646997518871 5.9760853437260879 -1.6699841729308409
v -0.0067890000000000 0.0446520000000000 -0.0172070000000000
vn 1.7469356642954332 -5.0343969115609424 -1.7970670806314353
v 0.0197010000000000 -0.0407550000000000 -0.0208510000000000
vn 1.3051619511601413 -5.2788644596821959 -1.8947056553994313
v 0.0164110000000000 -0.0407560000000000 -0.0235270000000000
vn -2.2642745471951731 5.4991307949070416 -1.9938319640795277
v -0.0168080000000000 0.0408200000000000 -0.0205430000000000
vn 4.5128077825085047 -4.2945948198719162 0.8032101110000316
v 0.0310235000000000 -0.0354805000000000 0.0076035000000000
vn -3.8459928385524869 -4.6092370932196411 1.8536096192691986
v -0.0276860000000000 -0.0353960000000000 0.0181310000000000
vn -6.0276354757454849 1.4102683294807137 -1.0073059078996858
v -0.0454340000000000 0.0106290000000000 -0.0103800000000000
vn -1.3082661595213858 0.1948218222295739 -6.1255704405596667
v -0.0349070000000000 0.0053250000000000 -0.0296590000000000
vn 5.5158235644161584 -1.8894977699650817 -2.3156250244800836
v 0.0406070000000000 -0.0140100000000000 -0.0238000000000000
vn 2.4991723396009773 -4.6871523458722404 -3.3529764390041543
v 0.0165140000000000 -0.0396960000000000 -0.0247820000000000
vn -1.4207719183721432 6.0247175015521206 -1.0088549700625042
v -0.0107350000000000 0.0454070000000000 -0.0103880000000000
vn 1.1246351851573297 -2.0412075432671934 -5.8282800314987346
v 0.0188370000000000 -0.0333520000000000 -0.0287390000000000
vn -0.0000000000000001 -0.0015231963933480 -6.2831851225497237
v 0.0082500000000000 -0.0206320000000000 -0.0299940000000000
vn -3.6651191304832849 5.0447125708646441 -0.6732303903659711
v -0.0276990000000000 0.0381270000000000 -0.0069320000000000
vn -4.0525909780372444 4.7389974919553577 -0.6735179479065239
v -0.0306300000000000 0.0358150000000000 -0.0069320000000000
vn -1.2842252719846166 0.3226180628398055 -6.1253786497855529
v -0.0342300000000000 0.0086690000000000 -0.0296600000000000
vn 4.4370563650528627 -4.4447243988140892 -0.1669932852613311
v 0.0333160000000000 -0.0338260000000000 -0.0017170000000000
vn 3.9872495997348949 -1.9946529656277909 -3.9164094588837433
v 0.0371670000000000 -0.0186610000000000 -0.0269950000000000
vn -0.0003441533268467 -3.2248107929400165 0.0010611699758273
v 0.0257540000000000 -0.0407480000000000 0.0085690000000000
vn 0.0002918236659851 -0.0034663009672771 -3.4566929164052134
v 0.0030860000000000 -0.0222550000000000 -0.0299940000000000
vn -0.0000524329337025 0.0014487819241402 6.2831851386994080
v -0.0206250000000000 -0.0164930000000000 0.0300050000000000
vn 4.7221777668577136 -3.8033958054908346 1.6305248059415138
v 0.0281350000000000 -0.0375115000000000 0.0117155000000000
vn 2.7115638525478656 -4.7406626034918684 -3.1039083696697816
v 0.0180850000000000 -0.0388545000000000 -0.0247330000000000
vn 2.9912101693524979 -4.5990587640851190 -3.0591490348428128
v 0.0194695000000000 -0.0387990000000000 -0.0235375000000000
vn -4.0514652542900365 -4.1744007957912057 -2.3544240756742671
v -0.0298420000000000 -0.0309010000000000 -0.0237960000000000
vn 0.4688541310705028 0.0020511870813720 6.2479564295284327
v 0.0330000000000000 0.0000070000000000 0.0300010000000000
vn -6.2063018489617061 -0.9404519002648742 0.0070429084993949
v -0.0469440000000000 -0.0072470000000000 0.0000020000000000
vn 5.7152180494931688 -1.9720505863898776 1.6690689545831054
v 0.0427050000000000 -0.0147100000000000 0.0172010000000000
vn -0.0006400683025660 -0.0008150148568138 -3.4557770856763081
v -0.0052500000000000 -0.0180070000000000 -0.0299950000000000
vn -0.6042329375461922 4.4189146772100196 3.9143958746534464
v -0.0056050000000000 0.0412130000000000 0.0269910000000000
vn 0.0415899982204805 -0.6681252950435679 6.2460373988871263
v 0.0015730000000000 -0.0333380000000000 0.0299730000000000
vn 4.4319304495427909 -0.5710142385143647 3.8860861171952945
v 0.0412190000000000 -0.0055050000000000 0.0270030000000000
vn 2.6034882927892165 2.3186821011380454 1.8410692345598902
v 0.0350000000000000 0.0211550000000000 0.0124950000000000
vn 0.0506921946869906 4.7035038856485922 4.1163794145524557
v 0.0396260000000000 0.0215530000000000 0.0119605000000000
vn 1.1265034417610627 6.1750836304250019 0.0015469431229312
v 0.0083790000000000 0.0467550000000000 -0.0000100000000000
vn 0.4283298495179396 -0.2098452441711944 6.2464431252899795
v 0.0295400000000000 -0.0147020000000000 0.0300050000000000
vn -0.0006252799777088 -3.2481164414690515 0.0005660060183097
v 0.0113550000000000 -0.0407440000000000 0.0240320000000000
vn -6.2197526635014002 0.4461543629912811 -0.6723336884384709
v -0.0470070000000000 0.0033710000000000 -0.0069240000000000
vn -4.9530554560522484 -3.7151785748914956 -1.0064235658268053
v -0.0372610000000000 -0.0280890000000000 -0.0103710000000000
vn 1.4312443610195356 6.0691680497532818 0.6708193778857885
v 0.0108430000000000 0.0458650000000000 0.0069140000000000
vn -0.0462822349375782 6.1351976150906093 0.4388950388884599
v 0.0365420000000000 0.0208011111111111 0.0136701481481482
vn -0.2481875510049516 0.4023494522106383 6.2475557701106608
v -0.0173720000000000 0.0280640000000000 0.0299940000000000
vn 1.8770523520590352 5.8329493260188645 1.3385904257289925
v 0.0140940000000000 0.0437980000000000 0.0137980000000000
vn 3.4972979799480979 3.1610714666470123 2.8729004760549142
v 0.0407050000000000 0.0226370000000000 0.0108798000000000
vn -0.7531121639797724 1.0941090801722864 6.1248015395873825
v -0.0199800000000000 0.0291240000000000 0.0296520000000000
vn -2.5324398361409561 -4.4382194778443127 1.3282423593297805
v -0.0252392000000000 -0.0407470000000000 0.0136592000000000
vn 4.9847813732427007 3.4758570882920585 1.4144774263194888
v 0.0388710000000000 0.0258140000000000 0.0103730000000000
vn -3.6157816993545735 2.6140027563984174 3.9097941058362506
v -0.0337390000000000 0.0243190000000000 0.0269950000000000
vn -5.2465272992241738 -2.8019428211703246 -1.9924841858925930
v -0.0389320000000000 -0.0208260000000000 -0.0205280000000000
vn 0.3001031811307674 -0.3809373393503074 6.2454607010828411
v 0.0198870000000000 -0.0263270000000000 0.0300070000000000
vn 0.2098831605311784 -0.4609780410906805 6.2418980851214307
v 0.0147090000000000 -0.0295330000000000 0.0300080000000000
vn -2.3532922390621525 1.5475268751635201 5.5964707320052618
v -0.0331540000000000 0.0218060000000000 0.0281110000000000
vn 2.3739227191619077 5.7663583463974240 0.6709643963619113
v 0.0179420000000000 0.0435800000000000 0.0069150000000000
vn -3.8874892206164251 -4.4890265992461895 -2.0478259800847325
v -0.0287420000000000 -0.0333500000000000 -0.0209000000000000
vn -3.5552789678472489 -4.6367680449497888 -2.3059503008565772
v -0.0259368461538461 -0.0343100769230769 -0.0236590000000000
vn -0.0000000000000013 -0.0015231963933469 -6.2831851225497237
v -0.0123750000000000 -0.0082570000000000 -0.0299970000000000
vn 1.0490710408188737 -2.6729661123069359 5.5686891597959285
v 0.0083910000000000 -0.0394080000000000 0.0282460000000000
vn 0.0004191380083441 -3.2264953866698138 0.0005839067624286
v -0.0240240000000000 -0.0407470000000000 0.0125350000000000
vn -5.1194173819529398 3.0607310659285933 1.9315469136736010
v -0.0378940000000000 0.0226590000000000 0.0205290000000000
vn 1.3224488296487868 0.1397361504092616 6.1241956655907135
v 0.0351130000000000 0.0037530000000000 0.0296590000000000
vn 0.2062876909019110 -2.0753439323761089 5.8485279980037532
v 0.0380840000000000 0.0247643333333333 0.0111907619047619
vn -0.3849639027427800 0.2892817188121894 6.2460608772339539
v -0.0263350000000000 0.0198940000000000 0.0299960000000000
vn 0.0017873935464009 -0.2931643769711355 6.2693933596755516
v 0.0000000000000000 -0.0329930000000000 0.0300090000000000
vn 3.9917876243865247 4.6473450260218687 -1.3406537572775572
v 0.0299070000000000 0.0349570000000000 -0.0138150000000000
vn -4.3138383262768425 -1.1382642313988691 -3.9082110119367819
v -0.0402480000000000 -0.0104710000000000 -0.0269970000000000
vn -3.3514180783358398 -4.7539310500221124 -2.3745899348572013
v -0.0239690000000000 -0.0360010000000000 -0.0231430000000000
vn -2.7882151804177053 -2.0407222509929905 -2.2452971465945737
v -0.0350000000000000 -0.0129701500000000 -0.0124412000000000
vn 4.9259207380445407 -3.1251926252298743 2.3063669744305559
v 0.0362310000000000 -0.0230670000000000 0.0238110000000000
vn -4.3385165065606017 -4.4210473019983549 1.0459163128322067
v -0.0325490000000000 -0.0333420000000000 0.0107700000000000
vn 0.1381787876479950 1.3211709868971435 -6.1245960688754852
v 0.0037460000000000 0.0351060000000000 -0.0296660000000000
vn 0.0000978361391626 0.0008074665884008 3.3265079274256539
v 0.0094750000000000 -0.0152970000000000 0.0300050000000000
vn 1.4414053760883878 4.2265474247726553 -3.8984976510295466
v 0.0133680000000000 0.0393730000000000 -0.0270090000000000
vn -0.0001408382192344 -3.2273150886325195 0.0008725724245876
v 0.0216330000000000 -0.0407460000000000 0.0161780000000000
vn 5.7736379474216921 1.7943417866444444 -1.6693262820335395
v 0.0431320000000000 0.0134060000000000 -0.0171990000000000
vn -5.2125149637103920 -3.3392401842118571 1.0078619844111794
v -0.0392890000000000 -0.0251690000000000 0.0103850000000000
vn 3.2462913574098340 -4.7298964305614577 2.5549828885402084
v 0.0236600000000000 -0.0349390000000000 0.0256400000000000
vn -0.0161085259378404 6.2194029445920762 -0.8288870002339920
v 0.0000000000000000 0.0469150000000000 -0.0086720000000000
vn -0.8091459463584396 -1.6262902448663206 -6.0092310969927443
v -0.0157430000000000 -0.0333520000000000 -0.0292440000000000
vn 0.0009630181754121 -0.0011485097002289 -3.4560922559530241
v -0.0049930000000000 -0.0196300000000000 -0.0299940000000000
vn -0.0003029101577705 -0.0005461247893179 -3.4550152260097224
v -0.0042470000000000 -0.0210930000000000 -0.0299940000000000
vn 4.1483219190914689 -4.4323088693639345 1.6085550111379676
v 0.0307940000000000 -0.0333410000000000 0.0163810000000000
vn 4.1487220454018390 -4.0974238071383420 2.3364974207847458
v 0.0253010000000000 -0.0379970000000000 0.0171200000000000
vn 5.4184014058270460 2.1690080239490728 -2.3001844865483916
v 0.0398810000000000 0.0159500000000000 -0.0238070000000000
vn -6.1746516143409629 0.4429010817435193 -1.0074185288516275
v -0.0465410000000000 0.0033370000000000 -0.0103790000000000
vn 0.0000222320720943 -0.0014948544356383 -6.2831851291222094
v 0.0247500000000000 0.0082430000000000 -0.0300010000000000
vn 1.6354137716713999 -1.3172833564874959 5.9029600925375707
v 0.0292400000000000 -0.0235700000000000 0.0290280000000000
vn 0.0035086405622704 -0.0063448814123038 -6.2831770526310677
v -0.0061880000000000 -0.0247570000000000 -0.0299930000000000
vn 0.4301336959778517 2.0557928466315993 -5.9027253053007289
v 0.0076810000000000 0.0367600000000000 -0.0290290000000000
vn 2.2286907199019916 5.3904770715317580 -2.3081333753828970
v 0.0164620000000000 0.0396690000000000 -0.0238130000000000
vn -5.1734301332719532 -2.8046849426011971 2.1798247669428776
v -0.0265029230769231 -0.0396963846153846 0.0121422307692308
vn 2.6934586834658396 5.3028149995006482 -1.9933640203994996
v 0.0199650000000000 0.0393720000000000 -0.0205420000000000
vn -2.9932276737188479 -0.8986537556530362 2.9641430223926086
v -0.0350000000000000 -0.0140252173913043 -0.0165294347826087
vn -0.4560643035112085 0.7168873487329703 5.9186859280281503
v -0.0373800000000000 -0.0155560000000000 -0.0169660000000000
vn 0.0001441377422263 0.0008915837710569 3.3264475065245236
v 0.0161130000000000 -0.0080160000000000 0.0300030000000000
vn -4.4640913232672732 -4.2015510635447813 1.3706721690138672
v -0.0290820000000000 -0.0365120000000000 0.0115020000000000
vn -5.6386005118994094 -1.9456583503253906 -1.9297967951767798
v -0.0417410000000000 -0.0143870000000000 -0.0205300000000000
vn -2.0809474696131272 -0.2859615254629139 -5.9024312408937956
v -0.0372130000000000 -0.0051080000000000 -0.0290200000000000
vn -4.6459256279644014 -4.0555286665438750 1.1760073141404668
v -0.0346000000000000 -0.0308490000000000 0.0121050000000000
vn 5.3302126595918757 2.6384988669629932 -1.9928092545978158
v 0.0395660000000000 0.0195830000000000 -0.0205370000000000
vn -1.4439686361186950 -5.2401021531479168 -1.8409517408714804
v -0.0172700000000000 -0.0407550000000000 -0.0229030000000000
vn -4.4959310877511207 -4.3063993097453412 0.8290040531019646
v -0.0337050000000000 -0.0326370000000000 0.0086620000000000
vn 0.4286122814032584 0.2100020745294620 -6.2467722724458818
v 0.0295400000000000 0.0147020000000000 -0.0300020000000000
vn -0.6114904201477100 -1.1463189900241082 -6.1317766970884211
v -0.0165240000000000 -0.0312150000000000 -0.0296500000000000
vn -0.0560452398054477 -5.9556851711927807 -1.0597619926480817
v -0.0373800000000000 -0.0123514705882353 -0.0133927647058824
vn -3.9606082066667629 0.0000000000000000 0.0000000000000000
v -0.0350000000000000 -0.0155540000000000 -0.0156034285714286
vn 3.4757644731457664 -4.6688219614318562 2.3616372776261665
v 0.0253642307692308 -0.0344817692307692 0.0241668461538462
vn 3.3235096896647978 -4.7530018774387424 2.4148878922031352
v 0.0237040000000000 -0.0359435000000000 0.0236205000000000
vn -4.7297686036441169 -4.1056772048600401 0.4644801361908601
v -0.0310085000000000 -0.0360585000000000 0.0038910000000000
vn 2.8228580390442097 5.5602307919479097 0.6708352933676734
v 0.0213350000000000 0.0420240000000000 0.0069150000000000
vn 3.9978455109743485 -4.5198691061678433 1.7489971417501633
v 0.0280845000000000 -0.0356775000000000 0.0165455000000000
vn -3.2761790298120745 -4.7240176999569208 -2.5295562164378129
v -0.0238940000000000 -0.0347530000000000 -0.0256930000000000
vn 3.4787684897810021 5.2248400154424077 -0.0019678961536225
v 0.0263180000000000 0.0395420000000000 -0.0000080000000000
vn -0.8267577149015043 -1.0329638095179652 -6.1256929421527788
v -0.0221430000000000 -0.0275140000000000 -0.0296510000000000
vn -4.5013267760879625 -4.3829410707656038 0.0043326827756667
v -0.0322100000000000 -0.0349640000000000 0.0000090000000000
vn 1.9150322346705138 5.8868067712562482 -1.0082186707748100
v 0.0144320000000000 0.0443700000000000 -0.0103880000000000
vn -1.3510308474010400 -3.3860166432098455 -5.0830393915185619
v -0.0110980000000000 -0.0394730000000000 -0.0276130000000000
vn -0.7384621005200884 -5.4343633951072778 -2.0172104373341746
v -0.0108270000000000 -0.0407560000000000 -0.0265690000000000
vn 1.4321601988529451 5.9572948704256428 -1.3415351399338293
v 0.0107500000000000 0.0447300000000000 -0.0138170000000000
vn -5.6365689801652614 -2.7517228090835668 0.0156477937744518
v -0.0294470000000000 -0.0385920000000000 0.0000100000000000
vn 0.9139976710886255 5.7656920853984026 -2.2975284046990048
v 0.0067420000000000 0.0424160000000000 -0.0238140000000000
vn -3.0589998764769897 -3.8159793265614077 0.2393769835132094
v -0.0286200000000000 -0.0407490000000000 0.0021350000000000
vn -5.3513061073230777 -3.2697179511112613 0.2673214086294298
v -0.0299090000000000 -0.0376730000000000 0.0020260000000000
vn 0.0002390526471592 -3.2225528923784577 0.0005368966320824
v -0.0271680000000000 -0.0407500000000000 0.0000110000000000
vn -4.4412943381771797 -4.4433944854174516 0.0024930766911763
v -0.0334250000000000 -0.0337510000000000 0.0000090000000000
vn -4.4998454447282521 -4.3817349334520639 -0.0933998925291192
v -0.0338200000000000 -0.0333450000000000 -0.0009070000000000
vn -4.4431176544636308 -4.4382602971636480 0.1828324200186709
v -0.0326060000000000 -0.0345250000000000 0.0018800000000000
vn -6.0233613065100933 -1.4777647484762466 -0.9634759093448461
v -0.0451790000000000 -0.0116690000000000 -0.0103750000000000
vn -4.9409439623848348 -3.8768676590897617 -0.0028305625318482
v -0.0306830000000000 -0.0366690000000000 0.0000100000000000
vn -5.9534781377193724 -1.9839358700704848 -0.1511503663253064
v -0.0288710000000000 -0.0400080000000000 -0.0009780000000000
vn -0.0017005430142512 -5.7766488295976215 2.0117601920652870
v -0.0397600000000000 -0.0125300000000000 -0.0151576666666667
vn 0.0011276213428514 -3.2274561960082311 0.0012045227553357
v -0.0229080000000000 -0.0407530000000000 -0.0143830000000000
vn 2.8349572566592323 5.5846991035574600 -0.3594894500184697
v 0.0214390000000000 0.0422820000000000 -0.0034690000000000
vn -5.7556514440662738 -0.9743105985093264 -2.2962630102465047
v -0.0423660000000000 -0.0070900000000000 -0.0238020000000000
vn 4.9996873522722263 3.7951571752731135 -0.0004819180745644
v 0.0379110000000000 0.0286180000000000 -0.0000060000000000
vn 0.5234425398526930 1.2196415855152636 -6.1250407247214769
v 0.0139230000000000 0.0324450000000000 -0.0296650000000000
vn -0.0501472129099579 -0.4053774780628551 -6.2596393761872164
v -0.0052300000000000 -0.0329290000000000 -0.0299605000000000
vn 5.6934409162148931 1.2769490136660562 -2.3032638367592728
v 0.0418970000000000 0.0094640000000000 -0.0238060000000000
vn 1.7066961776610174 4.1169914290687517 -3.9120039073212518
v 0.0159140000000000 0.0384140000000000 -0.0270090000000000
vn -6.0825111612038967 -1.5664734318944831 0.1098087772909026
v -0.0287685000000000 -0.0404090000000000 0.0005380000000000
vn 5.4913012291815386 2.7177345464645946 -1.3407024198436019
v 0.0412310000000000 0.0204090000000000 -0.0138120000000000
vn -6.0436203156383090 -1.0095910324479329 -1.3399585990380296
v -0.0453770000000000 -0.0075920000000000 -0.0138050000000000
vn -1.2109639668204597 -0.5470350567235771 -6.1248459777968982
v -0.0322000000000000 -0.0145030000000000 -0.0296540000000000
vn 0.0000524372127074 -0.0014487731489117 -6.2831851387011994
v 0.0206250000000000 0.0164930000000000 -0.0300030000000000
vn 4.0701416745858241 4.7598309128269332 0.3584762880463538
v 0.0308120000000000 0.0360300000000000 0.0034520000000000
vn -4.6254119298761358 -4.2474319866251848 0.0270642142090698
v -0.0349690000000000 -0.0321470000000000 0.0000080000000000
vn -4.7851456720611019 -4.0647160618409233 0.0365505216519873
v -0.0360770000000000 -0.0308980000000000 0.0000080000000000
vn -0.0017044385859879 2.3431889147509453 -5.7418495838081522
v -0.0397600000000000 -0.0163870000000000 -0.0112190000000000
vn -0.1351881264977032 -1.7023250467856357 -5.9722020022830415
v -0.0421410000000000 -0.0143858181818182 -0.0111407272727273
vn 0.2881946026834001 4.4405690727109910 -3.9249458523588778
v 0.0027200000000000 0.0414910000000000 -0.0270090000000000
vn -0.3069283059364578 -0.3657215112557788 -6.2467907494410904
v -0.0212120000000000 -0.0252870000000000 -0.0299930000000000
vn -4.4150781774215773 -4.4082192569581258 -0.7407303965391308
v -0.0316320000000000 -0.0349630000000000 -0.0070580000000000
vn 3.2642698832252175 5.3445667267160912 -0.3611206607740791
v 0.0246870000000000 0.0404720000000000 -0.0034680000000000
vn -4.7036418122768442 -3.4561019751301325 -2.3210795997966005
v -0.0258280000000000 -0.0388310000000000 -0.0147520000000000
vn -1.9152956729877277 -0.8642159490836301 -5.9026401866463711
v -0.0342500000000000 -0.0154260000000000 -0.0290170000000000
vn -5.5009795401033221 -2.9373546835614013 -0.6717201078514953
v -0.0415580000000000 -0.0222270000000000 -0.0069180000000000
vn -3.3055495446127252 2.7412625268967021 -2.5906511444055234
v -0.0423970000000000 -0.0178088000000000 -0.0124455333333333
vn -4.1513748614467696 -3.6749672163605247 -2.9550354001109675
v -0.0232800000000000 -0.0395280000000000 -0.0180760000000000
vn -4.4492441149911990 0.3759797488526493 -3.8984633238774800
v -0.0414410000000000 0.0034670000000000 -0.0270010000000000
vn -0.1481174179449126 -0.7713760099274590 -6.2312129451967051
v -0.0062990000000000 -0.0333520000000000 -0.0298980000000000
vn -5.9623969379606079 -1.4376257374745722 -1.3445684498519483
v -0.0445460000000000 -0.0115060000000000 -0.0138040000000000
vn -4.2356519170775755 4.1747677313885809 1.9915584417579817
v -0.0315060000000000 0.0309330000000000 0.0205270000000000
vn -5.1731107893860715 -3.5555247571701125 0.0013043804471615
v -0.0391800000000000 -0.0268540000000000 0.0000070000000000
vn -5.7324665906726118 -2.5576376378647723 0.0153730400938535
v -0.0434340000000000 -0.0192280000000000 0.0000050000000000
vn -3.7984042893545156 -3.7116959112127259 -3.3547056440210681
v -0.0213580000000000 -0.0401690000000000 -0.0197650000000000
vn 0.0202268670944786 6.0983076465646171 -0.4609641064095575
v -0.0397600000000000 -0.0182197272727273 -0.0136665454545455
vn -4.4389838139196582 -3.3776292747740029 -2.8852238699899844
v -0.0240204615384615 -0.0398404615384615 -0.0166204615384615
vn 0.9316810942646477 5.8737988118773083 -1.9936744419237031
v 0.0069300000000000 0.0435970000000000 -0.0205430000000000
vn 0.0002555964811393 0.0005953455477844 3.3262931666222197
v 0.0179230000000000 0.0016680000000000 0.0300010000000000
vn -4.5825972818292167 -4.2522978023231719 -0.6153908975535880
v -0.0310575000000000 -0.0358090000000000 -0.0054205000000000
vn -4.7664578610652608 -3.1076617047694000 -2.6507420097030647
v -0.0250354615384615 -0.0398170000000000 -0.0149643846153846
vn -5.9958403659095616 -1.4503930538006102 -1.1681748152129454
v -0.0448850000000000 -0.0115930000000000 -0.0120940000000000
vn -0.3080926488440041 4.4497804770899787 -3.9123973829314367
v -0.0028090000000000 0.0414850000000000 -0.0270100000000000
vn -4.1576938596952635 -3.8233562767152662 -2.7471620950028557
v -0.0239260000000000 -0.0389150000000000 -0.0179390000000000
vn 0.4574354046874330 0.1273427330460175 -6.2470390257224331
v 0.0317400000000000 0.0090240000000000 -0.0300010000000000
vn -0.9230934063832550 -0.9515764075305493 -6.1251452363337888
v -0.0246270000000000 -0.0253140000000000 -0.0296520000000000
vn -5.9404239507367160 -2.0311133827992016 0.0767333188675841
v -0.0289095882352941 -0.0399285294117647 0.0003188235294118
vn -0.0241829661391071 -3.4774833916129397 -5.1358358777458371
v -0.0421410000000000 -0.0135580000000000 -0.0115210000000000
vn 0.0000807392934225 -0.0014765133203226 -6.2831851247265647
v 0.0247500000000000 0.0164930000000000 -0.0300030000000000
vn -2.3989058876627989 -4.4876677029959611 -1.5123484180554816
v -0.0243930000000000 -0.0407540000000000 -0.0151110000000000
vn 4.8017506127477079 4.0205256143202845 -0.3587299028394686
v 0.0363500000000000 0.0304320000000000 -0.0034660000000000
vn -0.1002356952403183 -0.3623431564788543 -6.2595305047693985
v -0.0085410000000000 -0.0318830000000000 -0.0299920000000000
vn -3.3973624521528505 -3.4429416783656217 -2.1313646897797884
v -0.0445200000000000 -0.0127300000000000 -0.0123730000000000
vn -0.2144888051085942 -1.0928124695783488 -6.1808475154141753
v -0.0037280000000000 -0.0363680000000000 -0.0295040000000000
vn -6.0831018689115766 -1.5599532483366996 -0.1691280582382660
v -0.0287690000000000 -0.0403770000000000 -0.0009830000000000
vn 3.2502472101661621 5.3213995081852499 -0.6735853784012954
v 0.0245410000000000 0.0402320000000000 -0.0069330000000000
vn -0.8596778685988796 -5.5293798272915025 -1.8514310836467125
v -0.0118040000000000 -0.0407560000000000 -0.0261490000000000
vn -3.0596383373956311 -3.8029835203692133 -0.2658425729767452
v -0.0286200000000000 -0.0407500000000000 -0.0021140000000000
vn 2.3685514408546640 5.7195050692582994 -1.0084395400932646
v 0.0178820000000000 0.0430960000000000 -0.0103880000000000
vn -5.6376152785183224 -2.5034207551832717 -1.1120748014552677
v -0.0427440000000000 -0.0187150000000000 -0.0103730000000000
vn -0.0514983675382211 -4.4516814084668521 4.2713261233619395
v -0.0421400000000000 -0.0131530000000000 -0.0161390000000000
vn -3.1774020493851967 -2.4965718241139609 1.4988719751486093
v -0.0431940000000000 -0.0137580000000000 -0.0165970000000000
vn -0.0008941432547078 4.0517864063163609 -4.6920623933389649
v -0.0397600000000000 -0.0171270000000000 -0.0116715000000000
vn -0.9118336464839609 -2.2298738047952722 -5.7931113131131573
v -0.0100890000000000 -0.0380150000000000 -0.0285250000000000
vn -0.0037565162826631 0.3759731506532358 -6.1869072127724900
v -0.0397600000000000 -0.0155420000000000 -0.0110250000000000
vn -4.1685488328661400 -3.4828403853687155 -3.1541122303476485
v -0.0226510000000000 -0.0401510000000000 -0.0182150000000000
vn 1.6358744777562493 1.3171580213321901 -5.9028457120623781
v 0.0292400000000000 0.0235700000000000 -0.0290260000000000
vn -2.0986050807563279 -0.0842609179182558 -5.9030898390186248
v -0.0375350000000000 -0.0013980000000000 -0.0290200000000000
vn -5.2191364657168613 -3.4771995655011265 -0.2472753084450063
v -0.0301920000000000 -0.0372640000000000 -0.0018730000000000
vn 1.4997760119580350 1.4693991703218359 -5.9029338641288343
v 0.0268210000000000 0.0262890000000000 -0.0290270000000000
vn -3.8384199169475179 -4.3436402824467031 -2.4236901603204712
v -0.0243750000000000 -0.0376880000000000 -0.0192250000000000
vn 0.0008705739322945 -3.2262958033196494 0.0011529711342266
v -0.0202140000000000 -0.0407540000000000 -0.0178130000000000
vn -4.7239929904761482 -4.1312817936837325 -0.1873053825253128
v -0.0355520000000000 -0.0314670000000000 -0.0017200000000000
vn -1.8239992952273201 -4.6136186543119635 -3.8274628123978007
v -0.0137097500000000 -0.0399994166666667 -0.0261980000000000
vn -4.2996043598992832 4.2488019459328994 1.6729198756761974
v -0.0322340000000000 0.0316460000000000 0.0171900000000000
vn -4.5922075115845189 3.9229435186284718 1.7093540451095994
v -0.0346340000000000 0.0290000000000000 0.0171910000000000
vn 4.3096748089124013 1.1470210181754827 -3.9167816969496734
v 0.0401690000000000 0.0107570000000000 -0.0270020000000000
vn -1.8264991952316434 -1.0394169854163442 -5.9024997291646182
v -0.0326520000000000 -0.0185730000000000 -0.0290160000000000
vn 3.6810404013555624 5.0670174844710454 0.3584173838536470
v 0.0278630000000000 0.0383550000000000 0.0034510000000000
vn -4.0449110451587238 -4.2257968228175269 -2.2891498125071621
v -0.0253850000000000 -0.0376260000000000 -0.0176410000000000
vn -5.5246184332138659 -2.9504764875090892 -0.3580409508014223
v -0.0418050000000000 -0.0223580000000000 -0.0034530000000000
vn 1.3014317532731661 0.2532515240986810 -6.1250033130406969
v 0.0346510000000000 0.0067960000000000 -0.0296590000000000
vn -4.5042507405320880 -4.3779770882751841 0.0737659052212765
v -0.0338240000000000 -0.0333450000000000 0.0005117777777778
vn -4.4594964493331162 -4.4222769095805123 -0.1722627567174501
v -0.0325169090909091 -0.0346200909090909 -0.0017562727272727
vn 5.5479833786636634 2.7461270874287984 -1.0074668416387178
v 0.0418170000000000 0.0207000000000000 -0.0103820000000000
vn -2.8109526065942401 0.1506786358149682 -5.5972946115396311
v -0.0396250000000000 0.0020550000000000 -0.0281160000000000
vn 6.0407091895730876 -1.0217761224598867 1.3396980148880882
v 0.0453770000000000 -0.0075850000000000 0.0138110000000000
vn 6.2078936205596955 -0.5879109998320582 -0.6718024105110513
v 0.0469180000000000 -0.0044450000000000 -0.0069220000000000
vn 5.9962292771540451 -1.5355630052530593 1.0072480013200700
v 0.0451790000000000 -0.0116640000000000 0.0103820000000000
vn -4.1057198468018559 -4.5186148015257723 -1.4804563763588807
v -0.0306440000000000 -0.0338950000000000 -0.0151740000000000
vn 0.0033801585021358 6.1924068555423348 1.0182390495872238
v 0.0000000000000000 0.0466620000000000 0.0103780000000000
vn -4.2295562057545881 -4.2697902666655647 -1.8145006524522076
v -0.0310420000000000 -0.0321420000000000 -0.0188650000000000
vn 5.3520986461041566 3.1995828840374050 -0.6732396350735422
v 0.0404510000000000 0.0241800000000000 -0.0069290000000000
vn 1.3511827407142780 1.6078656480533424 -5.9028594329279995
v 0.0241500000000000 0.0287620000000000 -0.0290270000000000
vn -6.1182458305700305 -1.4002653463758206 0.0007267555379579
v -0.0462630000000000 -0.0107710000000000 0.0000030000000000
vn -5.7114823684299161 -2.5073365763078401 -0.6601051767538632
v -0.0431720000000000 -0.0189010000000000 -0.0069190000000000
vn -4.0248150455951937 -4.5268144179742302 -1.6662102024069900
v -0.0296813076923077 -0.0341979230769231 -0.0167880769230769
vn -4.0442103717192541 -4.4680554986127357 -1.7710336566538265
v -0.0298950000000000 -0.0333490000000000 -0.0185250000000000
vn -6.1147410432776335 0.3920020854948744 1.3398412510116902
v -0.0459130000000000 0.0029440000000000 0.0138080000000000
vn -4.9793058944768163 -3.4103451208152569 -1.7272465185801105
v -0.0276285000000000 -0.0384145000000000 -0.0112145000000000
vn 3.0419560182717662 4.9823837323557818 -2.2975707791031716
v 0.0223680000000000 0.0366650000000000 -0.0238120000000000
vn -0.0000000000000000 -0.0011918916243183 -3.4561254796640659
v 0.0000000000000000 0.0059930000000000 -0.0300010000000000
vn -4.0342055015349123 -4.5572706361642092 -1.5595860207160903
v -0.0291650000000000 -0.0351130000000000 -0.0154840000000000
vn -2.6608686055794033 -4.2651153978408383 -1.2299461209382156
v -0.0259150000000000 -0.0407530000000000 -0.0123150000000000
vn -3.8830279199136886 -4.5844446131990786 -1.8363580449808179
v -0.0285080000000000 -0.0345670000000000 -0.0184870000000000
vn -3.8182396123500788 -4.6111998544332611 -1.9049158437252585
v -0.0276810000000000 -0.0351970000000000 -0.0186360000000000
vn 4.6360723758861928 3.8806148953478221 -1.6697328467607013
v 0.0346330000000000 0.0289920000000000 -0.0172030000000000
vn 4.3059585148553428 4.2430744316237670 -1.6693786785901725
v 0.0322340000000000 0.0316380000000000 -0.0172030000000000
vn -0.9317941700105292 5.8745797226253691 1.9912614818627725
v -0.0069300000000000 0.0436070000000000 0.0205240000000000
vn 1.8422253317438844 -4.6311462498294400 3.8029223438100996
v 0.0138372307692308 -0.0399801538461538 0.0261527692307692
vn 0.8636714451990204 -5.5239371597451754 1.8564903129789798
v 0.0118030000000000 -0.0407440000000000 0.0261710000000000
vn 0.9769709140067702 -1.7115302612467123 5.9582045771113679
v 0.0181540000000000 -0.0328760000000000 0.0290300000000000
vn -5.0096715883989962 2.9967000128935877 2.2977171602409503
v -0.0368680000000000 0.0220460000000000 0.0238000000000000
vn -1.3017750100015824 0.2557449775122576 6.1249644748350152
v -0.0346510000000000 0.0068110000000000 0.0296570000000000
vn 4.2358871287528119 4.1734394774889232 -1.9938069119345121
v 0.0315060000000000 0.0309230000000000 -0.0205400000000000
vn 0.9181121313679441 -2.2386790705412687 5.7886333972862989
v 0.0101540000000000 -0.0380040000000000 0.0285340000000000
vn -4.4862155849304610 -4.2781718799577808 -1.0097885501970114
v -0.0336900000000000 -0.0322860000000000 -0.0103700000000000
vn -4.9696263685272886 -3.0655153779137083 -2.3119841512244768
v -0.0261780000000000 -0.0394370000000000 -0.0131710000000000
vn 1.7636435482482340 6.0240965205413168 -0.0009253944701047
v 0.0134530000000000 0.0455550000000000 -0.0000100000000000
vn -4.3794096345105542 -4.4103358513536399 -0.9142454907865858
v -0.0328566000000000 -0.0333470000000000 -0.0093768000000000
vn -0.1282900547524433 0.4552799697104508 6.2474704467718736
v -0.0090310000000000 0.0317470000000000 0.0299930000000000
vn 1.8592911288136904 -0.9776189169399006 5.9025105696937699
v 0.0332340000000000 -0.0174950000000000 0.0290270000000000
vn -4.8509193139518993 3.4367360236593005 2.0019087735617949
v -0.0359860000000000 0.0255830000000000 0.0205280000000000
vn -0.4575390343553804 0.1301555056467862 6.2468567712591998
v -0.0317410000000000 0.0090380000000000 0.0299990000000000
vn -3.0398522981489986 4.9819670512821785 2.3004953969316149
v -0.0223680000000000 0.0366760000000000 0.0237960000000000
vn -5.0976006712590349 -3.2525921821493426 -1.6673342467591157
v -0.0380990000000000 -0.0242670000000000 -0.0171900000000000
vn -2.5511018176945770 2.7922538319473249 -1.0852685668019093
v -0.0350000000000000 0.0209466842105263 0.0149068947368421
vn 0.0001927669178908 -0.0015142283395951 -6.2831851132445333
v 0.0165000000000000 0.0247430000000000 -0.0300050000000000
vn -1.3647953688672063 5.6772468465316219 2.2948594741427022
v -0.0100370000000000 0.0417700000000000 0.0237950000000000
vn -0.0006795073829766 -0.0009787479600390 -3.4554841230957161
v -0.0035270000000000 -0.0048610000000000 -0.0299980000000000
vn -4.3709379503469306 -3.8621296661226610 -2.3101862705332041
v -0.0321650000000000 -0.0284740000000000 -0.0237970000000000
vn -1.8133637720029951 5.5463104868799560 2.3026886985677324
v -0.0132850000000000 0.0408530000000000 0.0237960000000000
vn -4.4529939210179563 -4.2524532324720736 -1.2469402312055831
v -0.0295850000000000 -0.0362080000000000 -0.0107710000000000
vn -2.5009697038864145 -2.1967691342017188 -1.9734213558589391
v -0.0350000000000000 0.0259830000000000 0.0160010000000000
vn -4.2770231111660264 -4.4837890796382620 -1.0376620567597101
v -0.0315020000000000 -0.0344360000000000 -0.0103740000000000
vn -4.3870516135617503 -4.4007577651987537 -0.9275844496004390
v -0.0309825000000000 -0.0352730000000000 -0.0088495000000000
vn -2.4486633584148549 -1.3948599935320845 -5.5958149670100097
v -0.0344920000000000 -0.0196190000000000 -0.0281100000000000
vn -1.2241129293528255 0.5038090569020137 6.1254849755385976
v -0.0326910000000000 0.0133590000000000 0.0296560000000000
vn -5.9946197158851149 -1.8597791042175980 0.0110351412464897
v -0.0453190000000000 -0.0142280000000000 0.0000040000000000
vn 4.6983323458203747 3.9328835991957547 -1.3405450876565581
v 0.0352760000000000 0.0295300000000000 -0.0138140000000000
vn -4.0666671140650532 1.8303711908020315 3.9157509808674695
v -0.0379450000000000 0.0170250000000000 0.0269970000000000
vn 0.4606743658522322 6.1106998857334744 1.3402602113487734
v 0.0033790000000000 0.0458860000000000 0.0137980000000000
vn 2.8031349422212792 5.5197970567195735 -1.0082291643839369
v 0.0211010000000000 0.0416140000000000 -0.0103870000000000
vn -5.4220516520501922 -2.8504440842159346 -1.3387986673001282
v -0.0405700000000000 -0.0217000000000000 -0.0138020000000000
vn -5.1659524675463784 -3.2957799766128071 -1.3391714590407835
v -0.0388060000000000 -0.0247160000000000 -0.0138010000000000
vn -0.0005654976701989 -0.0014977035389934 -6.2831850823914515
v 0.0041250000000000 0.0082430000000000 -0.0300010000000000
vn -6.1476569399543903 -1.0406691576695684 -0.6715704727251456
v -0.0464820000000000 -0.0077750000000000 -0.0069210000000000
vn 5.6129984095256917 2.7777411409282826 -0.3600707960473367
v 0.0424860000000000 0.0210330000000000 -0.0034630000000000
vn -2.9182549404500353 -1.0802472845294533 -0.2374576052022764
v -0.0372571176470588 0.0265012941176471 0.0150497647058824
vn -6.2349488330665190 -0.0951105599220553 0.6717627796455019
v -0.0471230000000000 -0.0007160000000000 0.0069250000000000
vn 0.4246462783732678 -1.2918643338052456 6.1300947157073233
v 0.0090520000000000 -0.0348860000000000 0.0295280000000000
vn 2.0632095879326311 -4.5142859877663843 3.7456759483757547
v 0.0166306470588235 -0.0385372352941177 0.0264562941176471
vn 0.0004455005979710 -0.0011807870187227 -6.2831851455378986
v 0.0061880000000000 0.0041180000000000 -0.0300000000000000
vn 0.0036830915272243 6.2660189151413936 0.3448083361232357
v 0.0000000000000000 0.0474080000000000 0.0034520000000000
vn -0.0000000000000044 -0.0015231963933468 -6.2831851225497237
v -0.0082500000000000 -0.0041320000000000 -0.0299980000000000
vn 2.0287442311079866 1.9707646900154117 -5.5889481103119767
v 0.0283320000000000 0.0277710000000000 -0.0281220000000000
vn -4.1139369078086361 0.0000000000000000 0.0000000000000000
v -0.0350000000000000 0.0247938750000000 0.0152488750000000
vn -6.0999940924332599 -0.5778799869322895 1.3397547709930746
v -0.0458020000000000 -0.0043340000000000 0.0138090000000000
vn -4.4472207946940161 -3.9909270927030458 -1.9381888765147386
v -0.0270640000000000 -0.0375170000000000 -0.0144570000000000
vn 0.0000000000000000 0.0012559576585898 6.2831851684254421
v 0.0206250000000000 0.0000070000000000 0.0300010000000000
vn -0.8467713280083120 2.6854392330556931 5.5966776988493008
v -0.0119390000000000 0.0378460000000000 0.0281080000000000
vn 0.6032082014009273 -1.3495948482867439 6.0976155315714662
v 0.0141450000000000 -0.0333380000000000 0.0294480000000000
vn 1.4630253774678663 6.0896294159042546 -0.3581901953831855
v 0.0110770000000000 0.0460940000000000 -0.0034690000000000
vn 5.5024698209095799 3.0208997369331829 0.0000283928634088
v 0.0416450000000000 0.0228450000000000 -0.0000040000000000
vn 5.1513685616058087 3.5878323828651459 0.0044094153776150
v 0.0389330000000000 0.0272110000000000 -0.0000050000000000
vn 4.3637394399328784 4.3000264892425655 -1.3404832446889958
v 0.0328320000000000 0.0322260000000000 -0.0138140000000000
vn 6.1588654876701234 -1.2114266457545577 0.0094668362819610
v 0.0466360000000000 -0.0090150000000000 0.0000030000000000
vn 5.9778063412081366 0.9081459899233992 1.6682236639825816
v 0.0446560000000000 0.0067870000000000 0.0171960000000000
vn 6.2123478626931004 -0.5393005506057796 0.6719141605639269
v 0.0469510000000000 -0.0040740000000000 0.0069260000000000
vn 6.1271137103502724 -0.0459086708821746 1.3399152631663960
v 0.0460050000000000 -0.0003410000000000 0.0138090000000000
vn 5.9106152115888975 -2.1151317993547223 0.0012143956189730
v 0.0447510000000000 -0.0159230000000000 0.0000050000000000
vn 5.8802508887373497 0.8933413023388370 1.9917826025196084
v 0.0436490000000000 0.0066350000000000 0.0205330000000000
vn 6.2467501902207445 0.4480449692267803 0.3592451383164385
v 0.0472860000000000 0.0033930000000000 0.0034600000000000
vn 6.1672346217211000 -0.5351156759167397 1.0072342101312837
v 0.0464860000000000 -0.0040330000000000 0.0103810000000000
vn 6.0415533971516426 -1.5514091735077058 -0.6607652482302591
v 0.0456290000000000 -0.0117920000000000 -0.0069200000000000
vn 6.1032072386901941 -1.0328237406498408 1.0067951019955479
v 0.0460210000000000 -0.0076940000000000 0.0103810000000000
vn 6.2347991086952552 -0.5914989927209136 -0.3567842109610504
v 0.0471960000000000 -0.0044710000000000 -0.0034570000000000
vn 5.9204795616817085 -2.0418700292132694 0.3594582634428574
v 0.0448210000000000 -0.0154420000000000 0.0034640000000000
vn 6.0305754804515193 0.4332136166548288 1.6687131965571296
v 0.0450530000000000 0.0032360000000000 0.0171970000000000
vn 5.8635010434158978 -0.9920863466617369 1.9927472689844681
v 0.0435440000000000 -0.0072770000000000 0.0205370000000000
vn 5.9404212228545479 1.8961832552024744 0.6715592679848006
v 0.0448960000000000 0.0143330000000000 0.0069220000000000
vn 5.7872278060825586 2.4331028903020511 -0.0058568588428579
v 0.0438180000000000 0.0183350000000000 -0.0000030000000000
vn 5.7894879625079554 2.3162095872300719 -0.6726053517948534
v 0.0437560000000000 0.0175040000000000 -0.0069270000000000
vn 6.0277677108539880 1.4107286462978279 1.0067138696495872
v 0.0454330000000000 0.0106340000000000 0.0103770000000000
vn 6.1915978636981981 0.9413010862552355 0.3593684252720668
v 0.0468700000000000 0.0071200000000000 0.0034590000000000
vn 5.9473834449451690 -0.0438802362969525 1.9924907568945796
v 0.0441480000000000 -0.0003260000000000 0.0205350000000000
vn 6.0576588251366097 0.9206792391958893 1.3401263066169278
v 0.0454850000000000 0.0069120000000000 0.0138070000000000
vn 6.0461568819689377 -0.0452516710017052 1.6682664225822328
v 0.0451670000000000 -0.0003340000000000 0.0171980000000000
vn 6.0717698593823091 1.4207023231017426 0.6715780505665123
v 0.0458880000000000 0.0107390000000000 0.0069230000000000
vn 6.0453491369213594 -0.0918904752965642 -1.6688772040838613
v 0.0451640000000000 -0.0006920000000000 -0.0171950000000000
vn 6.1146907137702904 0.3916534714370140 -1.3397162441224066
v 0.0459130000000000 0.0029370000000000 -0.0138070000000000
vn 6.0192450460828999 -0.5702195698123311 -1.6683686435604907
v 0.0449680000000000 -0.0042630000000000 -0.0171950000000000
vn 5.9469455162246678 -0.0905560793613543 -1.9925213590162036
v 0.0441440000000000 -0.0006770000000000 -0.0205320000000000
vn 6.0208901660543450 -1.4898948883762946 -0.9636041308474128
v 0.0451770000000000 -0.0116760000000000 -0.0103750000000000
vn 6.0384987339964535 -1.0449950982022245 -1.3392868188284002
v 0.0453150000000000 -0.0079520000000000 -0.0138050000000000
vn 6.0999984301758357 -1.0630509574180280 -1.0010353367074609
v 0.0459590000000000 -0.0080640000000000 -0.0103750000000000
vn 3.4365925683567045 -3.7517350340916709 -1.3663161214765529
v 0.0444370000000000 -0.0123380000000000 -0.0132910000000000
vn 5.9355320094757404 0.3794362953353945 -1.9922491572867080
v 0.0440590000000000 0.0028170000000000 -0.0205330000000000
vn 3.3000645499925976 -2.8708724039492810 -2.8695242143063586
v 0.0444740000000000 -0.0133600000000000 -0.0116690000000000
vn 5.9550367333298198 -1.0383092818711708 -1.6746046433028068
v 0.0444900000000000 -0.0078080000000000 -0.0171940000000000
vn 5.9119660810012356 -1.4641112794071083 -1.5230805106011249
v 0.0441600000000000 -0.0114150000000000 -0.0155040000000000
vn 6.1899088219464646 -0.0941130894060830 -1.0066712389802281
v 0.0466550000000000 -0.0007130000000000 -0.0103770000000000
vn 5.8579437510488281 -1.0286930207238534 -1.9925785050213127
v 0.0434850000000000 -0.0076330000000000 -0.0205310000000000
vn 3.1887682745215935 -2.2446135534277629 -3.3061092373500642
v 0.0443140000000000 -0.0141570000000000 -0.0112040000000000
vn 5.9207200281940873 -0.5613568809080549 -1.9930375869031016
v 0.0439530000000000 -0.0041680000000000 -0.0205320000000000
vn 5.9924648230423028 -1.8679070920686958 0.0010423073382166
v 0.0453190000000000 -0.0142290000000000 0.0000050000000000
vn 6.1042845145077971 -0.5288514001723408 1.3405286509865915
v 0.0458340000000000 -0.0039760000000000 0.0138100000000000
vn 6.1418973857682477 -1.0776192441325765 -0.6718178620332635
v 0.0464190000000000 -0.0081440000000000 -0.0069210000000000
vn 6.2355630271415148 -0.0465655867100241 0.6724139496369834
v 0.0471260000000000 -0.0003510000000000 0.0069250000000000
vn 5.9664240860835118 1.9039790520910660 0.3571685641761725
v 0.0451620000000000 0.0144170000000000 0.0034570000000000
vn 6.0979295813004528 1.4278032416386037 0.3582516729381857
v 0.0461600000000000 0.0108020000000000 0.0034580000000000
vn 5.9253122249859702 -0.5142904481764972 1.9921980706342590
v 0.0439840000000000 -0.0038130000000000 0.0205360000000000
vn 5.9764613589089510 1.3498078517414343 -1.3408677204078225
v 0.0448750000000000 0.0101400000000000 -0.0138090000000000
vn 5.9843667030293890 0.8621613764104176 -1.6684983351524938
v 0.0447070000000000 0.0064390000000000 -0.0171970000000000
vn 3.6612469258688760 -1.2505644096150912 -3.3887929520732762
v 0.0439299444444444 -0.0154934444444444 -0.0108307777777778
vn 3.1255819767580730 0.4396841796336431 -3.1703607137335394
v 0.0432520000000000 -0.0169690000000000 -0.0115350000000000
vn 5.9431622113150677 -1.7994498250676338 -0.9315506233585782
v 0.0446760000000000 -0.0134670000000000 -0.0103740000000000
vn 5.8234778400256442 -1.5695549595802798 -1.7038676142009754
v 0.0437320000000000 -0.0113040000000000 -0.0171930000000000
vn 6.0646573056043156 0.8735484658287589 -1.3402660862217739
v 0.0455360000000000 0.0065590000000000 -0.0138080000000000
vn 2.5424471939000739 -3.1872803781286532 -0.0735085902974664
v 0.0434360000000000 -0.0132800000000000 -0.0162560000000000
vn 5.7388796735854761 -2.5447846530689193 0.0005145960769795
v 0.0434340000000000 -0.0192280000000000 0.0000060000000000
vn 5.9951311183144904 -1.4586474563910496 -1.1646305749322132
v 0.0448830000000000 -0.0116000000000000 -0.0120930000000000
vn 5.9606408663491353 -1.4450933404292219 -1.3472074655907225
v 0.0445440000000000 -0.0115130000000000 -0.0138040000000000
vn 3.3620324245240418 -3.4129892270475830 -2.2261014655251024
v 0.0445190000000000 -0.0127300000000000 -0.0123740000000000
vn 6.2196588255427212 0.4462695267799673 0.6723795367162060
v 0.0470070000000000 0.0033740000000000 0.0069240000000000
vn 5.8342194284281135 -2.3156716505010642 0.0019604440845346
v 0.0441220000000000 -0.0175910000000000 0.0000050000000000
vn 6.0521164184658049 -1.6666377815199309 0.0012624484270443
v 0.0458230000000000 -0.0125100000000000 0.0000040000000000
vn 6.1903109435936878 -0.0460306503989812 1.0074291778600142
v 0.0466590000000000 -0.0003470000000000 0.0103800000000000
vn 5.7403075963374981 -2.5043191311781570 -0.3584369263610609
v 0.0434530000000000 -0.0189560000000000 -0.0034540000000000
vn 5.8978600796935856 -2.0339430684698443 -0.6541365161052938
v 0.0445530000000000 -0.0153660000000000 -0.0069190000000000
vn 6.1988837832186761 0.8929594078687697 -0.3596666232413073
v 0.0469220000000000 0.0067610000000000 -0.0034600000000000
vn 6.0382357152808002 1.3645350007391208 -1.0070718343280831
v 0.0455130000000000 0.0102840000000000 -0.0103800000000000
# 3068 vertices, 0 vertices normals


usemtl material_0
vt 0.6779149770736694 0.2001989930868149
vt 0.6763150095939636 0.2113090008497238
vt 0.6802489757537842 0.2041089981794357
f 2384/1/2384 2433/2/2433 250/3/250
vt 0.6824340224266052 0.2081020027399063
f 742/3/742 2959/2/2959 2499/4/2499
vt 0.6837779879570007 0.2282940000295639
vt 0.6863480210304260 0.2163099944591522
vt 0.6804050207138062 0.2196500003337860
f 610/5/610 147/6/147 1029/7/1029
vt 0.6844670176506042 0.2121700048446655
f 1642/4/1642 1629/7/1629 1274/8/1274
f 1487/6/1487 1371/8/1371 2151/7/2151
vt 0.6880750060081482 0.2205139994621277
f 2268/5/2268 993/9/993 506/6/506
f 601/4/601 1655/2/1655 491/7/491
vt 0.6700459718704224 0.1890259981155396
vt 0.6671509742736816 0.1855089962482452
vt 0.6660339832305908 0.1957270056009293
f 2681/10/2681 2589/11/2589 2189/12/2189
vt 0.6728079915046692 0.1926500052213669
f 2432/13/2432 1929/10/1929 2485/12/2485
vt 0.6754329800605774 0.1963769942522049
vt 0.6715199947357178 0.2033179998397827
f 1670/14/1670 1983/15/1983 875/1/875
f 76/2/76 2333/1/2333 1954/15/1954
f 280/15/280 1745/13/1745 2403/12/2403
f 2691/14/2691 1140/13/1140 2585/15/2585
vt 0.6641280055046082 0.1821019947528839
f 368/16/368 1298/12/1298 1626/11/1626
vt 0.6934009790420532 0.2378740012645721
vt 0.6883270144462585 0.2462950050830841
vt 0.6943290233612061 0.2423219978809357
f 177/17/177 2755/18/2755 1551/19/1551
vt 0.6950920224189758 0.2468010038137436
f 2650/19/2650 1698/18/1698 806/20/806
vt 0.6894789934158325 0.2555550038814545
vt 0.6963750123977661 0.2603720128536224
vt 0.6961169838905334 0.2558319866657257
f 1864/21/1864 223/22/223 1849/23/1849
vt 0.6956880092620850 0.2513059973716736
f 1563/23/1563 1544/24/1544 1749/21/1749
f 2559/20/2559 2663/21/2663 1534/24/1534
vt 0.6898649930953979 0.2649219930171967
f 2724/21/2724 2577/25/2577 2231/22/2231
vt 0.6864230036735535 0.2371920049190521
vt 0.6896449923515320 0.2247789949178696
f 1521/26/1521 1296/27/1296 1619/5/1619
vt 0.6910570263862610 0.2290969938039780
f 69/28/69 1115/27/1115 1132/26/1132
f 756/9/756 2926/5/2926 1833/27/1833
f 289/17/289 1359/26/1359 2875/18/2875
f 2815/21/2815 1755/20/1755 1328/18/1328
vt 0.6923090219497681 0.2334640026092529
f 2441/17/2441 1485/29/1485 1461/26/1461
f 941/28/941 1880/26/1880 2871/29/2871
vt 0.6082350015640259 0.1472190022468567
vt 0.6040679812431335 0.1559150069952011
vt 0.6217849850654602 0.1621080040931702
f 2422/30/2422 2899/31/2899 2501/32/2501
vt 0.6195060014724731 0.1511600017547607
f 822/30/822 1963/32/1963 1692/33/1692
vt 0.6278449892997742 0.1549070030450821
vt 0.6237130165100098 0.1529559940099716
f 951/34/951 2789/35/2789 936/32/936
vt 0.6007099747657776 0.1536100059747696
f 1680/31/1680 901/30/901 301/36/301
vt 0.6302409768104553 0.1661159992218018
vt 0.6319000124931335 0.1570080071687698
f 679/37/679 738/38/738 123/34/123
f 2490/33/2490 2919/32/2919 2404/35/2404
vt 0.5966399908065796 0.1443800032138824
f 2673/39/2673 32/36/32 2925/30/2925
vt 0.5848249793052673 0.1426620036363602
vt 0.5728909969329834 0.1420840024948120
vt 0.5810350179672241 0.1490139961242676
f 583/40/583 663/41/663 628/42/628
vt 0.5891010165214539 0.1500580012798309
f 2921/39/2921 2847/40/2847 222/43/222
vt 0.5969579815864563 0.1520249992609024
f 2973/39/2973 2914/43/2914 513/44/513
vt 0.5728909969329834 0.1486909985542297
f 842/41/842 543/45/543 874/42/874
f 1632/40/1632 2549/42/2549 1290/43/1290
f 140/44/140 1020/36/1020 508/39/508
vt 0.6543340086936951 0.1725790053606033
vt 0.6508439779281616 0.1696500033140182
vt 0.6532580256462097 0.1821109950542450
f 607/46/607 541/47/541 1587/48/1587
vt 0.6577150225639343 0.1756329983472824
f 1854/49/1854 2938/46/2938 661/48/661
vt 0.6599220037460327 0.1886339932680130
vt 0.6609809994697571 0.1788090020418167
f 887/50/887 2045/16/2045 304/51/304
f 1260/50/1260 1172/49/1172 1451/48/1451
f 870/50/870 1947/12/1947 2620/16/2620
f 887/51/887 1963/49/1963 822/50/822
vt 0.6460649967193604 0.1761669963598251
f 2650/52/2650 806/48/806 1941/47/1941
vt 0.6397579908370972 0.1616490036249161
vt 0.6358720064163208 0.1592569947242737
vt 0.6383659839630127 0.1708109974861145
f 2379/53/2379 484/54/484 2823/55/2823
f 1757/54/1757 1740/38/1740 2774/37/2774
f 275/37/275 240/34/240 2364/32/2364
vt 0.6435509920120239 0.1641809940338135
f 2069/55/2069 2292/56/2292 1803/53/1803
f 2158/56/2158 1271/55/1271 359/52/359
vt 0.6472480297088623 0.1668490022420883
f 2978/47/2978 2927/57/2927 1023/52/1023
f 65/55/65 2115/54/2115 722/37/722
f 1977/52/1977 1795/57/1795 291/56/291
vt 0.6964610219001770 0.2649219930171967
f 302/58/302 2266/22/2266 2332/25/2332
vt 0.6961169838905334 0.2740130126476288
vt 0.6963750123977661 0.2694729864597321
vt 0.6894879937171936 0.2742609977722168
f 2921/59/2921 1/60/1 2847/61/2847
vt 0.6956880092620850 0.2785390019416809
f 2995/59/2995 1002/61/1002 1001/62/1001
vt 0.6943290233612061 0.2875240147113800
vt 0.6950920224189758 0.2830449938774109
vt 0.6883550286293030 0.2834649980068207
f 1147/63/1147 2187/64/2187 2191/65/2191
vt 0.6934009790420532 0.2919709980487823
f 229/65/229 941/66/941 400/63/400
f 1166/62/1166 2530/61/2530 2574/64/2574
vt 0.6923090219497681 0.2963809967041016
vt 0.6864640116691589 0.2925339937210083
f 2548/67/2548 333/66/333 1632/68/1632
f 2852/61/2852 2440/60/2440 2832/25/2832
f 803/65/803 2214/64/2214 2699/61/2699
vt 0.6896449923515320 0.3050670027732849
vt 0.6910570263862610 0.3007479906082153
f 2238/68/2238 1279/69/1279 2140/70/2140
vt 0.6838120222091675 0.3014670014381409
f 1784/69/1784 2052/68/2052 301/71/301
vt 0.6880739927291870 0.3093309998512268
f 3010/71/3010 2923/72/2923 3012/69/3012
f 1083/66/1083 2268/65/2268 2080/68/2080
f 690/70/690 1717/67/1717 695/68/695
f 1323/58/1323 1765/25/1765 195/60/195
vt 0.6804230213165283 0.3101699948310852
vt 0.6863480210304260 0.3135359883308411
f 572/71/572 1555/73/1555 600/74/600
vt 0.6844670176506042 0.3176760077476501
f 1257/75/1257 2188/74/2188 2229/73/2229
f 1239/72/1239 381/71/381 407/74/407
vt 0.6763259768486023 0.3185279965400696
vt 0.6824330091476440 0.3217439949512482
f 710/76/710 900/77/900 1696/73/1696
vt 0.6802489757537842 0.3257359862327576
f 2192/76/2192 2214/78/2214 2692/77/2692
f 2224/77/2224 775/75/775 792/73/792
vt 0.6779149770736694 0.3296459913253784
f 1570/79/1570 627/78/627 676/76/676
vt 0.6715340018272400 0.3265120089054108
f 2891/76/2891 2883/80/2883 2836/79/2836
vt 0.6754329800605774 0.3334679901599884
f 2315/81/2315 122/79/122 648/80/648
vt 0.6728079915046692 0.3371939957141876
f 974/82/974 1873/81/1873 916/80/916
vt 0.6660569906234741 0.3340890109539032
vt 0.6700459718704224 0.3408179879188538
f 1324/83/1324 548/84/548 411/82/411
vt 0.6641280055046082 0.3477419912815094
vt 0.6671509742736816 0.3443349897861481
f 1251/85/1251 1153/86/1153 1103/83/1103
f 1892/84/1892 397/83/397 1876/86/1876
f 821/80/821 80/83/80 2245/82/2245
vt 0.6577140092849731 0.3542110025882721
vt 0.6599490046501160 0.3411790132522583
vt 0.6532769799232483 0.3477129936218262
f 1377/87/1377 1393/88/1393 1477/89/1477
f 13/83/13 22/88/22 3046/85/3046
vt 0.6609799861907959 0.3510349988937378
f 739/85/739 247/88/247 2434/90/2434
vt 0.6543329954147339 0.3572649955749512
f 43/89/43 582/91/582 543/87/543
vt 0.6508430242538452 0.3601950109004974
f 2547/91/2547 1497/89/1497 1269/92/1269
f 1244/87/1244 1647/90/1647 850/88/850
vt 0.6460719704627991 0.3536700010299683
f 934/93/934 1874/92/1874 1184/89/1184
vt 0.6435499787330627 0.3656640052795410
vt 0.6383649706840515 0.3590349853038788
f 73/94/73 57/93/57 1696/95/1696
vt 0.6472470164299011 0.3629949986934662
f 1250/92/1250 1618/93/1618 1129/96/1129
f 341/96/341 1129/93/1129 54/94/54
vt 0.6302379965782166 0.3637309968471527
vt 0.6358709931373596 0.3705880045890808
f 33/97/33 36/98/36 40/95/40
vt 0.6217830181121826 0.3677380084991455
vt 0.6278449892997742 0.3749380111694336
f 2303/97/2303 1061/99/1061 1866/100/1866
vt 0.6397560238838196 0.3681960105895996
f 1635/101/1635 1374/95/1374 1636/98/1636
f 2411/94/2411 2913/95/2913 2453/101/2453
vt 0.6318989992141724 0.3728370070457458
f 1852/102/1852 2955/97/2955 2999/100/2999
vt 0.6237120032310486 0.3768889904022217
f 2945/99/2945 1843/103/1843 106/100/106
f 1589/98/1589 1408/97/1408 834/102/834
vt 0.6195060014724731 0.3786849975585938
vt 0.6082350015640259 0.3826250135898590
f 131/104/131 752/99/752 511/105/511
vt 0.6040679812431335 0.3739300072193146
f 897/105/897 720/99/720 2704/106/2704
f 1868/99/1868 133/104/133 2298/103/2298
vt 0.6007739901542664 0.3762480020523071
f 1603/107/1603 1611/105/1611 2540/106/2540
vt 0.5966399908065796 0.3854649960994720
vt 0.5970720052719116 0.3778649866580963
f 84/108/84 1714/107/1714 2101/109/2101
vt 0.5848249793052673 0.3871830105781555
vt 0.5890960097312927 0.3797880113124847
vt 0.5810250043869019 0.3808319866657257
f 1943/110/1943 877/111/877 2659/112/2659
f 511/111/511 1029/108/1029 1026/109/1026
vt 0.5728909969329834 0.3877600133419037
f 916/110/916 404/112/404 924/113/924
vt 0.5728909969329834 0.3811540007591248
f 1934/113/1934 2775/112/2775 232/114/232
f 1909/108/1909 2773/111/2773 415/110/415
f 1625/108/1625 2127/105/2127 1270/107/1270
vt 0.3436610102653503 0.0172119997441769
vt 0.3494319915771484 0.0172119997441769
vt 0.3494319915771484 0.0086059998720884
f 725/115/725 1776/116/1776 714/117/714
vt 0.3436610102653503 0.0086059998720884
f 1803/117/1803 92/118/92 1725/115/1725
vt 0.3378910124301910 0.0172119997441769
f 62/119/62 2652/115/2652 718/118/718
vt 0.3378910124301910 0.0086059998720884
f 2417/118/2417 786/120/786 1316/119/1316
vt 0.3321200013160706 0.0172119997441769
f 2885/121/2885 2850/119/2850 2351/120/2351
vt 0.3321200013160706 0.0086059998720884
f 724/120/724 881/122/881 2618/121/2618
vt 0.3261359930038452 0.0172119997441769
f 2797/123/2797 416/121/416 1186/122/1186
vt 0.3261359930038452 0.0086059998720884
f 2564/122/2564 2563/124/2563 1137/123/1137
vt 0.3205780088901520 0.0172119997441769
f 1797/125/1797 70/123/70 2556/124/2556
vt 0.3205780088901520 0.0086059998720884
f 2395/124/2395 1744/126/1744 2420/125/2420
vt 0.3148080110549927 0.0172119997441769
f 869/127/869 2342/125/2342 2327/126/2327
vt 0.3148080110549927 0.0086059998720884
f 426/126/426 943/128/943 2511/127/2511
vt 0.3090009987354279 0.0172119997441769
f 1446/129/1446 764/127/764 1493/128/1493
vt 0.3090009987354279 0.0086059998720884
f 1444/128/1444 2695/130/2695 1500/129/1500
vt 0.3030889928340912 0.0172119997441769
f 1430/131/1430 533/129/533 566/130/566
vt 0.3030889928340912 0.0086059998720884
f 1252/130/1252 2571/132/2571 1190/131/1190
vt 0.2974959909915924 0.0172119997441769
f 2626/133/2626 1803/131/1803 1725/132/1725
vt 0.2974959909915924 0.0086059998720884
f 726/132/726 2638/134/2638 2614/133/2614
vt 0.2917250096797943 0.0172119997441769
f 693/135/693 154/133/154 1724/134/1724
vt 0.2917250096797943 0.0086059998720884
f 1257/134/1257 1174/136/1174 1111/135/1111
vt 0.3436610102653503 0.0258189998567104
vt 0.3494319915771484 0.0258189998567104
f 2818/137/2818 1211/138/1211 1195/116/1195
f 423/116/423 2028/115/2028 2779/137/2779
vt 0.3378910124301910 0.0258189998567104
f 1183/139/1183 259/137/259 2360/115/2360
f 1959/115/1959 1672/119/1672 552/139/552
vt 0.3321200013160706 0.0258189998567104
f 13/140/13 3046/139/3046 3047/119/3047
f 652/119/652 1938/121/1938 2644/140/2644
vt 0.3261359930038452 0.0258189998567104
f 2994/141/2994 581/140/581 1406/121/1406
f 1570/121/1570 99/123/99 1005/141/1005
vt 0.3205780088901520 0.0258189998567104
f 138/142/138 987/141/987 1005/123/1005
f 141/123/141 664/125/664 651/142/651
vt 0.3148080110549927 0.0258189998567104
f 2199/143/2199 2516/142/2516 1102/125/1102
f 209/125/209 2485/127/2485 2825/143/2825
vt 0.3090009987354279 0.0258189998567104
f 2327/144/2327 1729/143/1729 683/127/683
f 2537/127/2537 1638/129/1638 1298/144/1298
vt 0.3030889928340912 0.0258189998567104
f 3068/145/3068 5/144/5 41/129/41
f 95/129/95 57/131/57 73/145/73
vt 0.2974959909915924 0.0258189998567104
f 2257/146/2257 2067/145/2067 1977/131/1977
f 2545/131/2545 1270/133/1270 2576/146/2576
vt 0.2917250096797943 0.0258189998567104
f 1371/147/1371 1510/146/1510 2151/133/2151
f 3006/133/3006 3043/135/3043 3064/147/3064
vt 0.3436610102653503 0.0344250015914440
vt 0.3494319915771484 0.0344250015914440
f 1442/148/1442 333/149/333 1302/138/1302
f 2675/138/2675 526/137/526 18/148/18
vt 0.3378910124301910 0.0344250015914440
f 700/150/700 2618/148/2618 881/137/881
f 3048/137/3048 3016/139/3016 34/150/34
vt 0.3321200013160706 0.0344250015914440
f 1748/151/1748 1876/150/1876 2013/139/2013
f 1257/139/1257 1187/140/1187 2188/151/2188
vt 0.3261359930038452 0.0344250015914440
f 397/152/397 213/151/213 1876/140/1876
f 2920/140/2920 2503/141/2503 216/152/216
vt 0.3205780088901520 0.0344250015914440
f 2142/153/2142 2542/152/2542 1367/141/1367
f 1919/141/1919 2366/142/2366 1221/153/1221
vt 0.3148080110549927 0.0344250015914440
f 1325/154/1325 2523/153/2523 249/142/249
f 2395/142/2395 278/143/278 226/154/226
vt 0.3090009987354279 0.0344250015914440
f 2110/155/2110 2506/154/2506 2281/143/2281
f 609/143/609 586/144/586 1202/155/1202
vt 0.3030889928340912 0.0344250015914440
f 306/156/306 1469/155/1469 1373/144/1373
f 2369/144/2369 2863/145/2863 2896/156/2896
vt 0.2974959909915924 0.0344250015914440
f 1036/157/1036 977/156/977 580/145/580
f 425/145/425 1218/146/1218 2776/157/2776
vt 0.2917250096797943 0.0344250015914440
f 1614/158/1614 1516/157/1516 1599/146/1599
f 43/146/43 619/147/619 582/158/582
vt 0.3436610102653503 0.0430309996008873
vt 0.3494319915771484 0.0430309996008873
f 2905/159/2905 2470/160/2470 2415/149/2415
f 2748/149/2748 724/148/724 2618/159/2618
vt 0.3378910124301910 0.0430309996008873
f 1839/161/1839 537/159/537 624/148/624
f 741/148/741 981/150/981 494/161/494
vt 0.3321200013160706 0.0430309996008873
f 1930/162/1930 1405/161/1405 1541/150/1541
f 828/150/828 2696/151/2696 1972/162/1972
vt 0.3261359930038452 0.0430309996008873
f 2980/163/2980 2962/162/2962 2981/151/2981
f 1669/151/1669 2056/152/2056 2253/163/2253
vt 0.3205780088901520 0.0430309996008873
f 2622/164/2622 844/163/844 719/152/719
f 1537/152/1537 1637/153/1637 1384/164/1384
vt 0.3148080110549927 0.0430309996008873
f 309/165/309 2331/164/2331 1786/153/1786
f 1439/153/1439 534/154/534 1549/165/1549
vt 0.3090009987354279 0.0430309996008873
f 957/166/957 385/165/385 1328/154/1328
f 217/154/217 2529/155/2529 2543/166/2543
vt 0.3030889928340912 0.0430309996008873
f 3021/167/3021 35/166/35 3061/155/3061
f 896/155/896 1643/156/1643 1720/167/1720
vt 0.2974959909915924 0.0430309996008873
f 2060/168/2060 325/167/325 1775/156/1775
f 922/156/922 1928/157/1928 1739/168/1739
vt 0.2917250096797943 0.0430309996008873
f 1382/169/1382 2106/168/2106 285/157/285
f 887/157/887 2608/158/2608 829/169/829
vt 0.3436610102653503 0.0516370013356209
vt 0.3494319915771484 0.0516370013356209
f 1806/170/1806 2331/171/2331 2307/160/2307
f 1285/160/1285 1613/159/1613 1621/170/1621
vt 0.3378910124301910 0.0516370013356209
f 914/172/914 1796/170/1796 307/159/307
f 2368/159/2368 466/161/466 2855/172/2855
vt 0.3321200013160706 0.0516370013356209
f 1730/173/1730 2636/172/2636 827/161/827
f 1746/161/1746 1886/162/1886 915/173/915
vt 0.3261359930038452 0.0516370013356209
f 2658/174/2658 2623/173/2623 90/162/90
f 3056/162/3056 10/163/10 2512/174/2512
vt 0.3205780088901520 0.0516370013356209
f 1525/175/1525 2533/174/2533 1514/163/1514
f 1325/163/1325 1473/164/1473 2523/175/2523
vt 0.3148080110549927 0.0516370013356209
f 2221/176/2221 2713/175/2713 2175/164/2175
f 1824/164/1824 492/165/492 489/176/489
vt 0.3090009987354279 0.0516370013356209
f 374/177/374 1158/176/1158 2134/165/2134
f 594/165/594 561/166/561 596/177/596
vt 0.3030889928340912 0.0516370013356209
f 2856/178/2856 2412/177/2412 2413/166/2413
f 2819/166/2819 1193/167/1193 2859/178/2859
vt 0.2974959909915924 0.0516370013356209
f 2030/179/2030 1213/178/1213 1989/167/1989
f 1225/167/1225 390/168/390 946/179/946
vt 0.2917250096797943 0.0516370013356209
f 2884/180/2884 2855/179/2855 466/168/466
f 2094/168/2094 2284/169/2284 2252/180/2252
vt 0.3436610102653503 0.0605340003967285
vt 0.3494319915771484 0.0605340003967285
f 2507/181/2507 2687/182/2687 2598/171/2598
f 14/171/14 531/170/531 2923/181/2923
vt 0.3378910124301910 0.0605340003967285
f 2918/183/2918 1395/181/1395 2139/170/2139
f 2646/170/2646 2035/172/2035 314/183/314
vt 0.3321200013160706 0.0605340003967285
f 739/184/739 2434/183/2434 2979/172/2979
f 1597/172/1597 1282/173/1282 362/184/362
vt 0.3261359930038452 0.0605340003967285
f 459/185/459 2869/184/2869 2462/173/2462
f 802/173/802 1891/174/1891 2571/185/2571
vt 0.3205780088901520 0.0605340003967285
f 148/186/148 1549/185/1549 568/174/568
f 1425/174/1425 657/175/657 658/186/658
vt 0.3148080110549927 0.0605340003967285
f 2384/187/2384 423/186/423 2779/175/2779
f 1787/175/1787 1085/176/1085 2506/187/2506
vt 0.3090009987354279 0.0605340003967285
f 35/188/35 3/187/3 17/176/17
f 327/176/327 2059/177/2059 1668/188/1668
vt 0.3030889928340912 0.0605340003967285
f 2646/189/2646 1716/188/1716 1656/177/1656
f 2439/177/2439 2350/178/2350 183/189/183
vt 0.2974959909915924 0.0605340003967285
f 688/190/688 2662/189/2662 2040/178/2040
f 444/178/444 2913/179/2913 2411/190/2411
vt 0.2917250096797943 0.0605340003967285
f 964/191/964 428/190/428 406/179/406
f 2670/179/2670 2323/180/2323 725/191/725
vt 0.3436610102653503 0.0688500031828880
vt 0.3494319915771484 0.0688500031828880
f 886/192/886 908/193/908 883/182/883
f 58/182/58 1671/181/1671 877/192/877
vt 0.3378910124301910 0.0688500031828880
f 1828/194/1828 1836/192/1836 1855/181/1855
f 2501/181/2501 1310/183/1310 1881/194/1881
vt 0.3321200013160706 0.0688500031828880
f 379/195/379 1394/194/1394 1397/183/1397
f 379/183/379 2605/184/2605 3065/195/3065
vt 0.3261359930038452 0.0688500031828880
f 2812/196/2812 1208/195/1208 387/184/387
f 1558/184/1558 813/185/813 544/196/544
vt 0.3205780088901520 0.0688500031828880
f 2952/197/2952 130/196/130 1004/185/1004
f 1084/185/1084 2036/186/2036 806/197/806
vt 0.3148080110549927 0.0688500031828880
f 897/198/897 845/197/845 1973/186/1973
f 2075/186/2075 910/187/910 326/198/326
vt 0.3090009987354279 0.0688500031828880
f 725/199/725 1074/198/1074 1776/187/1776
f 2227/187/2227 1516/188/1516 2711/199/2711
vt 0.3030889928340912 0.0688500031828880
f 44/200/44 3019/199/3019 38/188/38
f 1727/188/1727 335/189/335 372/200/372
vt 0.2974959909915924 0.0688500031828880
f 997/201/997 2349/200/2349 3001/189/3001
f 2813/189/2813 432/190/432 948/201/948
vt 0.2917250096797943 0.0688500031828880
f 634/202/634 604/201/604 2734/190/2734
f 2777/190/2777 1746/191/1746 915/202/915
vt 0.3436610102653503 0.0774559974670410
vt 0.3494319915771484 0.0774559974670410
f 2128/203/2128 1378/204/1378 2171/193/2171
f 247/193/247 1771/192/1771 2432/203/2432
vt 0.3378910124301910 0.0774559974670410
f 1175/205/1175 944/203/944 945/192/945
f 515/192/515 496/194/496 757/205/757
vt 0.3321200013160706 0.0774559974670410
f 1663/206/1663 2629/205/2629 884/194/884
f 1081/194/1081 1271/195/1271 347/206/347
vt 0.3261359930038452 0.0774559974670410
f 2354/207/2354 248/206/248 197/195/197
f 1123/195/1123 2563/196/2563 2582/207/2582
vt 0.3205780088901520 0.0774559974670410
f 2654/208/2654 2306/207/2306 699/196/699
f 2858/196/2858 2409/197/2409 2876/208/2876
vt 0.3148080110549927 0.0774559974670410
f 758/209/758 993/208/993 1423/197/1423
f 333/197/333 2151/198/2151 2549/209/2549
vt 0.3090009987354279 0.0774559974670410
f 1073/210/1073 2281/209/2281 2251/198/2251
f 470/198/470 188/199/188 2379/210/2379
vt 0.3030889928340912 0.0774559974670410
f 2095/211/2095 2296/210/2296 2298/199/2298
f 2298/199/2298 2117/200/2117 2341/211/2341
vt 0.2974959909915924 0.0774559974670410
f 281/212/281 930/211/930 231/200/231
f 150/200/150 1580/201/1580 614/212/614
vt 0.2917250096797943 0.0774559974670410
f 1560/213/1560 1421/212/1421 646/201/646
f 150/201/150 592/202/592 2766/213/2766
vt 0.3436610102653503 0.0860619992017746
vt 0.3494319915771484 0.0860619992017746
f 1/214/1 7/215/7 5/204/5
f 2469/204/2469 2468/203/2468 2873/214/2873
vt 0.3378910124301910 0.0860619992017746
f 1356/216/1356 1357/214/1357 1312/203/1312
f 2902/203/2902 2871/205/2871 2487/216/2487
vt 0.3321200013160706 0.0860619992017746
f 2354/217/2354 197/216/197 442/205/442
f 2723/205/2723 2682/206/2682 797/217/797
vt 0.3261359930038452 0.0860619992017746
f 1529/218/1529 2242/217/2242 2287/206/2287
f 2490/206/2490 2404/207/2404 1767/218/1767
vt 0.3205780088901520 0.0860619992017746
f 1345/219/1345 2443/218/2443 2435/207/2435
f 1789/207/1789 1664/208/1664 1712/219/1712
vt 0.3148080110549927 0.0860619992017746
f 2172/220/2172 793/219/793 2712/208/2712
f 2817/208/2817 390/209/390 391/220/391
vt 0.3090009987354279 0.0860619992017746
f 1090/221/1090 1080/220/1080 2249/209/2249
f 851/209/851 2037/210/2037 1486/221/1486
vt 0.3030889928340912 0.0860619992017746
f 167/222/167 1189/221/1189 2778/210/2778
f 2392/210/2392 183/211/183 2351/222/2351
vt 0.2974959909915924 0.0860619992017746
f 2964/223/2964 1030/222/1030 2850/211/2850
f 2315/211/2315 2665/212/2665 1802/223/1802
vt 0.2917250096797943 0.0860619992017746
f 2320/224/2320 302/223/302 2332/212/2332
f 997/212/997 576/213/576 998/224/998
vt 0.3436610102653503 0.0946680009365082
vt 0.3494319915771484 0.0946680009365082
f 1429/225/1429 533/226/533 1430/215/1430
f 1432/215/1432 1559/214/1559 161/225/161
vt 0.3378910124301910 0.0946680009365082
f 2159/227/2159 376/225/376 2680/214/2680
f 732/214/732 100/216/100 2399/227/2399
vt 0.3321200013160706 0.0946680009365082
f 994/228/994 160/227/160 581/216/581
f 944/216/944 429/217/429 1885/228/1885
vt 0.3261359930038452 0.0946680009365082
f 303/229/303 1066/228/1066 1065/217/1065
f 1156/217/1156 2567/218/2567 2579/229/2579
vt 0.3205780088901520 0.0946680009365082
f 990/230/990 354/229/354 2095/218/2095
f 817/218/817 1984/219/1984 1941/230/1941
vt 0.3148080110549927 0.0946680009365082
f 1612/231/1612 2551/230/2551 362/219/362
f 1634/219/1634 373/220/373 2529/231/2529
vt 0.3090009987354279 0.0946680009365082
f 97/232/97 1785/231/1785 1095/220/1095
f 47/220/47 4/221/4 3046/232/3046
vt 0.3030889928340912 0.0946680009365082
f 1792/233/1792 1154/232/1154 1235/221/1235
f 1807/221/1807 1066/222/1066 303/233/303
vt 0.2974959909915924 0.0946680009365082
f 2795/234/2795 915/233/915 457/222/457
f 1473/222/1473 1747/223/1747 2204/234/2204
vt 0.2917250096797943 0.0946680009365082
f 464/235/464 1844/234/1844 441/223/441
f 118/223/118 1051/224/1051 994/235/994
vt 0.3436610102653503 0.1032750010490417
vt 0.3494319915771484 0.1032750010490417
f 1663/236/1663 694/237/694 2619/226/2619
f 2818/226/2818 1343/225/1343 1211/236/1211
vt 0.3378910124301910 0.1032750010490417
f 843/238/843 1486/236/1486 1534/225/1534
f 2717/225/2717 1164/227/1164 1101/238/1101
vt 0.3321200013160706 0.1032750010490417
f 2643/239/2643 718/238/718 1733/227/1733
f 2676/227/2676 27/228/27 2601/239/2601
vt 0.3261359930038452 0.1032750010490417
f 609/240/609 640/239/640 586/228/586
f 2109/228/2109 323/229/323 2248/240/2248
vt 0.3205780088901520 0.1032750010490417
f 2658/241/2658 1776/240/1776 1074/229/1074
f 2330/229/2330 1063/230/1063 2302/241/2302
vt 0.3148080110549927 0.1032750010490417
f 625/242/625 159/241/159 548/230/548
f 2011/230/2011 2017/231/2017 1317/242/1317
vt 0.3090009987354279 0.1032750010490417
f 816/243/816 811/242/811 857/231/857
f 2488/231/2488 439/232/439 2381/243/2381
vt 0.3030889928340912 0.1032750010490417
f 1595/244/1595 2509/243/2509 1267/232/1267
f 2579/232/2579 720/233/720 1711/244/1711
vt 0.2974959909915924 0.1032750010490417
f 1428/245/1428 555/244/555 1054/233/1054
f 2792/233/2792 2581/234/2581 716/245/716
vt 0.2917250096797943 0.1032750010490417
f 1275/246/1275 786/245/786 1376/234/1376
f 2527/234/2527 1507/235/1507 1445/246/1445
vt 0.3436610102653503 0.1118810027837753
vt 0.3494319915771484 0.1118810027837753
f 1009/247/1009 1027/248/1027 2926/237/2926
f 1398/237/1398 2534/236/2534 2118/247/2118
vt 0.3378910124301910 0.1118810027837753
f 286/249/286 2037/247/2037 2262/236/2262
f 2280/236/2280 2034/238/2034 325/249/325
vt 0.3321200013160706 0.1118810027837753
f 2839/250/2839 2859/249/2859 2498/238/2498
f 2922/238/2922 2682/239/2682 2410/250/2410
vt 0.3261359930038452 0.1118810027837753
f 896/251/896 2720/250/2720 1643/239/1643
f 1217/239/1217 1218/240/1218 2808/251/2808
vt 0.3205780088901520 0.1118810027837753
f 2400/252/2400 1987/251/1987 2452/240/2452
f 2320/240/2320 2089/241/2089 288/252/288
vt 0.3148080110549927 0.1118810027837753
f 2236/253/2236 2714/252/2714 1957/241/1957
f 1244/241/1244 2168/242/2168 2698/253/2698
vt 0.3090009987354279 0.1118810027837753
f 329/254/329 1978/253/1978 1680/242/1680
f 1099/242/1099 1281/243/1281 2208/254/2208
vt 0.3030889928340912 0.1118810027837753
f 1582/255/1582 1990/254/1990 1541/243/1541
f 911/243/911 807/244/807 1645/255/1645
vt 0.2974959909915924 0.1118810027837753
f 1323/256/1323 958/255/958 1765/244/1765
f 2837/244/2837 1999/245/1999 2811/256/2811
vt 0.2917250096797943 0.1118810027837753
f 1789/257/1789 288/256/288 1664/245/1664
f 141/245/141 1548/246/1548 2946/257/2946
vt 0.3436610102653503 0.1204869970679283
vt 0.3494319915771484 0.1204869970679283
f 348/258/348 389/259/389 1111/248/1111
f 101/248/101 1056/247/1056 1055/258/1055
vt 0.3378910124301910 0.1204869970679283
f 2819/260/2819 2859/258/2859 2356/247/2356
f 2837/247/2837 2461/249/2461 2897/260/2897
vt 0.3321200013160706 0.1204869970679283
f 959/261/959 924/260/924 391/249/391
f 594/249/594 2990/250/2990 1048/261/1048
vt 0.3261359930038452 0.1204869970679283
f 1875/262/1875 2500/261/2500 1354/250/1354
f 1470/250/1470 2515/251/2515 1535/262/1535
vt 0.3205780088901520 0.1204869970679283
f 2613/263/2613 2593/262/2593 94/251/94
f 2477/251/2477 2891/252/2891 2497/263/2497
vt 0.3148080110549927 0.1204869970679283
f 377/264/377 2553/263/2553 1502/252/1502
f 2200/252/2200 194/253/194 2553/264/2553
vt 0.3090009987354279 0.1204869970679283
f 2495/265/2495 484/264/484 2401/253/2401
f 1010/253/1010 2951/254/2951 1861/265/1861
vt 0.3030889928340912 0.1204869970679283
f 132/266/132 980/265/980 2995/254/2995
f 2053/254/2053 1788/255/1788 2328/266/2328
vt 0.2974959909915924 0.1204869970679283
f 2158/267/2158 1504/266/1504 1601/255/1601
f 119/255/119 3000/256/3000 2984/267/2984
vt 0.2917250096797943 0.1204869970679283
f 1011/268/1011 744/267/744 1579/256/1579
f 3038/256/3038 3027/257/3027 2677/268/2677
vt 0.3436610102653503 0.1291150003671646
vt 0.3494319915771484 0.1291150003671646
f 2162/269/2162 2701/270/2701 2686/259/2686
f 695/259/695 2114/258/2114 2290/269/2290
vt 0.3378910124301910 0.1291150003671646
f 2517/271/2517 2536/269/2536 363/258/363
f 1377/258/1377 2150/260/2150 1393/271/1393
vt 0.3321200013160706 0.1291150003671646
f 136/272/136 1058/271/1058 153/260/153
f 382/260/382 1210/261/1210 414/272/414
vt 0.3261359930038452 0.1291150003671646
f 1933/273/1933 2854/272/2854 2009/261/2009
f 1306/261/1306 1754/262/1754 2004/273/2004
vt 0.3205780088901520 0.1291150003671646
f 1992/274/1992 1736/273/1736 1306/262/1306
f 2407/262/2407 1754/263/1754 2828/274/2828
vt 0.3148080110549927 0.1291150003671646
f 2973/275/2973 513/274/513 510/263/510
f 1063/263/1063 55/264/55 1067/275/1067
vt 0.3090009987354279 0.1291150003671646
f 20/276/20 3032/275/3032 8/264/8
f 975/264/975 396/265/396 2806/276/2806
vt 0.3030889928340912 0.1291150003671646
f 985/277/985 169/276/169 1409/265/1409
f 2146/265/2146 1506/266/1506 1380/277/1380
vt 0.2974959909915924 0.1291150003671646
f 1554/278/1554 650/277/650 2750/266/2750
f 947/266/947 2796/267/2796 2007/278/2007
vt 0.2917250096797943 0.1291150003671646
f 1818/279/1818 495/278/495 2999/267/2999
f 788/267/788 769/268/769 2185/279/2185
vt 0.3436610102653503 0.1377000063657761
vt 0.3494319915771484 0.1377000063657761
f 2648/280/2648 1708/281/1708 2628/270/2628
f 2503/270/2503 2832/269/2832 2440/280/2440
vt 0.3378910124301910 0.1377000063657761
f 1336/282/1336 1202/280/1202 1329/269/1329
f 977/269/977 500/271/500 746/282/746
vt 0.3321200013160706 0.1377000063657761
f 2985/283/2985 2970/282/2970 978/271/978
f 1944/271/1944 54/272/54 1129/283/1129
vt 0.3261359930038452 0.1377000063657761
f 1951/284/1951 883/283/883 908/272/908
f 1896/272/1896 785/273/785 1879/284/1879
vt 0.3205780088901520 0.1377000063657761
f 1453/285/1453 2564/284/2564 1390/273/1390
f 1735/273/1735 693/274/693 81/285/81
vt 0.3148080110549927 0.1377000063657761
f 2477/286/2477 2406/285/2406 2846/274/2846
f 2075/274/2075 1668/275/1668 910/286/910
vt 0.3090009987354279 0.1377000063657761
f 2275/287/2275 1778/286/1778 1088/275/1088
f 1635/275/1635 1364/276/1364 1374/287/1374
vt 0.3030889928340912 0.1377000063657761
f 942/288/942 2780/287/2780 1196/276/1196
f 544/276/544 857/277/857 861/288/861
vt 0.2974959909915924 0.1377000063657761
f 961/289/961 2812/288/2812 387/277/387
f 47/277/47 22/278/22 44/289/44
vt 0.2917250096797943 0.1377000063657761
f 2599/290/2599 1145/289/1145 1142/278/1142
f 952/278/952 932/279/932 166/290/166
vt 0.2888399958610535 0.1420029997825623
vt 0.2917250096797943 0.1420029997825623
f 2498/291/2498 2979/292/2979 2895/290/2895
vt 0.2888399958610535 0.1377000063657761
f 1957/290/1957 2714/293/2714 902/291/902
vt 0.3502100110054016 0.0000000000000000
vt 0.3544940054416656 0.0043250001035631
vt 0.3544940054416656 0.0000000000000000
f 14/294/14 2735/295/2735 531/296/531
vt 0.3459259867668152 0.0000000000000000
f 1050/294/1050 762/297/762 2931/117/2931
f 1964/117/1964 835/295/835 888/294/888
vt 0.3544940054416656 0.0131820002570748
vt 0.3544940054416656 0.0087190000340343
f 1006/117/1006 2085/298/2085 2989/299/2989
f 1312/298/1312 1353/117/1353 1739/116/1739
f 2450/297/2450 2825/118/2825 2010/117/2010
vt 0.3544940054416656 0.0177149996161461
f 2448/116/2448 2501/300/2501 2872/298/2872
f 1172/295/1172 2203/117/2203 2119/299/2119
vt 0.3416430056095123 0.0000000000000000
f 2915/301/2915 2819/118/2819 393/297/393
vt 0.3373590111732483 0.0000000000000000
vt 0.3330749869346619 0.0000000000000000
f 2282/120/2282 2662/302/2662 2663/303/2663
vt 0.3287920057773590 0.0000000000000000
vt 0.3245080113410950 0.0000000000000000
f 917/124/917 2026/304/2026 2775/305/2775
f 213/304/213 1927/122/1927 2782/303/2782
f 1653/303/1653 2289/122/2289 78/120/78
f 914/118/914 150/301/150 61/120/61
f 2099/122/2099 2240/304/2240 2041/124/2041
f 2044/124/2044 2102/305/2102 2057/126/2057
f 643/302/643 2737/120/2737 647/301/647
vt 0.3202239871025085 0.0000000000000000
f 1226/306/1226 1757/126/1757 2799/305/2799
vt 0.3544940054416656 0.0409489981830120
vt 0.3544940054416656 0.0365560017526150
f 1194/160/1194 1557/307/1557 661/308/661
vt 0.3544940054416656 0.0317369997501373
f 523/149/523 2456/308/2456 2397/309/2397
vt 0.3544940054416656 0.0453950017690659
f 2763/310/2763 1409/307/1409 730/160/730
vt 0.3544940054416656 0.0685399994254112
vt 0.3544940054416656 0.0637229979038239
f 2280/193/2280 2270/311/2270 2093/312/2093
vt 0.3544940054416656 0.0544500015676022
vt 0.3544940054416656 0.0498949997127056
f 2069/313/2069 1803/314/1803 292/171/292
f 654/314/654 603/310/603 2736/171/2736
vt 0.3544940054416656 0.0590590015053749
f 1525/315/1525 2581/313/2581 2533/182/2533
f 423/312/423 246/315/246 233/182/233
vt 0.3544940054416656 0.0269920006394386
vt 0.3544940054416656 0.0223179999738932
f 2144/138/2144 2194/316/2194 791/317/791
f 1084/300/1084 1798/116/1798 1715/317/1715
f 982/138/982 1818/317/1818 1848/116/1848
f 2094/316/2094 2295/138/2295 2284/309/2284
f 2545/149/2545 1240/309/1240 1505/138/1505
f 31/171/31 3067/310/3067 15/160/15
f 36/182/36 3004/313/3004 3023/171/3023
f 1542/149/1542 2024/160/2024 570/308/570
f 2568/182/2568 2678/193/2678 1150/312/1150
vt 0.3544940054416656 0.0732199996709824
f 473/193/473 1052/318/1052 126/311/126
vt 0.3116570115089417 0.0000000000000000
vt 0.3073729872703552 0.0000000000000000
f 637/130/637 161/319/161 629/320/629
vt 0.3030889928340912 0.0000000000000000
vt 0.2988060116767883 0.0000000000000000
f 1084/132/1084 806/321/806 1698/322/1698
f 760/321/760 741/132/741 494/320/494
vt 0.3159399926662445 0.0000000000000000
f 2063/323/2063 2105/126/2105 2263/306/2263
f 2220/128/2220 1120/319/1120 2127/130/2127
f 2145/130/2145 1639/320/1639 371/132/371
f 19/126/19 3042/323/3042 3007/128/3007
f 2975/128/2975 583/323/583 104/319/104
f 1812/134/1812 1093/132/1093 2254/322/2254
vt 0.2945219874382019 0.0000000000000000
vt 0.2902379930019379 0.0000000000000000
f 2198/136/2198 1117/324/1117 782/325/782
vt 0.2880960106849670 0.0000000000000000
vt 0.2859539985656738 0.0000000000000000
vt 0.2859539985656738 0.0045799999497831
f 1570/326/1570 569/327/569 627/328/627
f 309/328/309 2313/325/2313 2608/326/2608
f 1694/325/1694 542/328/542 2966/136/2966
vt 0.2859539985656738 0.0137379998341203
f 1089/135/1089 1092/136/1092 2103/329/2103
vt 0.2859539985656738 0.0091599998995662
f 918/328/918 1459/330/1459 2794/136/2794
f 330/329/330 312/136/312 295/330/295
f 255/134/255 235/324/235 185/136/185
f 762/134/762 112/322/112 1816/324/1816
vt 0.2859539985656738 0.0228599999099970
f 1988/331/1988 1736/147/1736 1352/135/1352
vt 0.2859539985656738 0.0182879995554686
f 1579/135/1579 405/332/405 659/331/659
vt 0.2859539985656738 0.0274320002645254
f 2856/331/2856 2413/333/2413 187/147/187
f 2045/329/2045 1791/332/1791 284/135/284
vt 0.2859539985656738 0.0320039987564087
f 1870/158/1870 100/147/100 493/334/493
vt 0.2859539985656738 0.0457209981977940
f 1537/169/1537 1283/335/1283 1447/180/1447
vt 0.2859539985656738 0.0365759991109371
f 2939/336/2939 2933/169/2933 113/158/113
vt 0.2859539985656738 0.0548649989068508
f 72/191/72 339/180/339 1636/337/1636
f 1985/333/1985 56/334/56 689/147/689
f 679/336/679 380/158/380 2471/334/2471
vt 0.2859539985656738 0.0411479994654655
f 1208/169/1208 930/336/930 387/338/387
f 2502/169/2502 802/338/802 1507/335/1507
vt 0.2859539985656738 0.0502929985523224
f 954/180/954 1913/335/1913 1340/339/1340
vt 0.2859539985656738 0.0594340004026890
vt 0.2859539985656738 0.0640039965510368
f 1425/340/1425 658/341/658 590/191/590
f 1176/191/1176 2772/337/2772 920/340/920
f 2183/339/2183 2716/337/2716 2216/180/2216
vt 0.2859539985656738 0.0685760006308556
f 1162/202/1162 1498/341/1498 2684/342/2684
f 1681/191/1681 891/341/891 2634/202/2634
vt 0.3544940054416656 0.1004239991307259
vt 0.3544940054416656 0.0957669988274574
f 2098/343/2098 1066/344/1066 1807/226/1807
vt 0.3544940054416656 0.0911649987101555
vt 0.3544940054416656 0.0866279974579811
f 157/215/157 145/345/145 162/346/162
f 2360/345/2360 970/226/970 475/344/475
vt 0.3544940054416656 0.1233130022883415
vt 0.3544940054416656 0.1187509968876839
f 901/259/901 2348/347/2348 301/348/301
vt 0.3544940054416656 0.1142010018229485
vt 0.3544940054416656 0.1096609979867935
f 336/349/336 2124/350/2124 2123/248/2123
vt 0.3544940054416656 0.1050750017166138
f 210/351/210 211/343/211 279/237/279
f 2400/237/2400 1754/350/1754 1987/351/1987
f 211/349/211 2888/259/2888 2457/348/2457
vt 0.3544940054416656 0.0821250006556511
vt 0.3544940054416656 0.0776560008525848
f 3035/204/3035 3030/352/3030 3053/353/3053
f 1687/353/1687 2276/318/2276 2092/204/2092
f 555/204/555 585/215/585 1419/352/1419
f 846/346/846 1962/352/1962 1714/215/1714
f 763/237/763 113/343/113 1821/226/1821
f 728/248/728 1546/350/1546 1860/237/1860
f 2028/215/2028 1929/226/1929 1771/345/1771
f 2326/248/2326 692/259/692 2623/349/2623
f 179/259/179 1035/270/1035 539/347/539
vt 0.3544940054416656 0.1324730068445206
f 83/281/83 2614/354/2614 1721/270/1721
vt 0.3544940054416656 0.1278869956731796
f 2993/347/2993 1012/270/1012 995/355/995
f 1605/354/1605 1271/355/1271 1378/270/1378
vt 0.3544940054416656 0.1370709985494614
f 3003/281/3003 526/356/526 525/354/525
vt 0.3502100110054016 0.1463059931993484
vt 0.3544940054416656 0.1463059931993484
vt 0.3544940054416656 0.1416819989681244
f 2415/357/2415 2826/358/2826 2405/359/2405
vt 0.3459259867668152 0.1463059931993484
f 2935/360/2935 1043/357/1043 2347/281/2347
f 2710/359/2710 2205/281/2205 765/357/765
f 2303/356/2303 2963/281/2963 2265/359/2265
f 1130/360/1130 1140/281/1140 2691/280/2691
vt 0.3373590111732483 0.1463059931993484
f 435/361/435 1600/280/1600 1770/282/1770
vt 0.3287920057773590 0.1463059931993484
f 224/362/224 468/283/468 2433/284/2433
f 1469/283/1469 2130/361/2130 1373/282/1373
vt 0.3202239871025085 0.1463059931993484
f 2636/362/2636 2612/284/2612 687/363/687
f 1228/286/1228 1139/363/1139 357/285/357
f 1727/363/1727 372/284/372 2204/285/2204
vt 0.3116570115089417 0.1463059931993484
f 2595/364/2595 1112/363/1112 1230/286/1230
f 3054/361/3054 3039/283/3039 3036/362/3036
f 1395/361/1395 2398/360/2398 1489/280/1489
vt 0.2859539985656738 0.0731529965996742
f 2710/365/2710 765/213/765 771/202/771
vt 0.2859539985656738 0.0777300000190735
f 1869/213/1869 2971/365/2971 129/366/129
vt 0.2859539985656738 0.0823049992322922
f 1538/367/1538 1361/213/1361 2120/366/2120
f 2180/342/2180 2189/365/2189 2181/202/2181
f 2434/224/2434 2432/213/2432 209/367/209
vt 0.2859539985656738 0.1005849987268448
f 557/246/557 1547/235/1547 597/368/597
vt 0.2859539985656738 0.1097280010581017
f 2303/257/2303 2293/246/2293 1061/369/1061
vt 0.2859539985656738 0.0914489999413490
f 2257/235/2257 291/224/291 2256/370/2256
vt 0.2859539985656738 0.1142970025539398
f 534/268/534 568/257/568 1549/371/1549
vt 0.2859539985656738 0.0868780016899109
f 1945/224/1945 865/367/865 1936/372/1936
f 2652/224/2652 1733/372/1733 718/370/718
vt 0.2859539985656738 0.0960199981927872
f 2147/235/2147 491/370/491 1655/373/1655
f 2316/235/2316 1093/373/1093 1019/368/1019
vt 0.2859539985656738 0.1051570028066635
f 2767/246/2767 645/374/645 638/369/638
f 1677/371/1677 48/257/48 696/369/696
f 2922/246/2922 2442/368/2442 2472/374/2472
vt 0.2859539985656738 0.1188659965991974
f 2770/268/2770 559/371/559 2402/375/2402
vt 0.2859539985656738 0.1234359964728355
f 2636/375/2636 874/376/874 2612/268/2612
vt 0.3030889928340912 0.1463059931993484
f 1687/377/1687 2256/287/2256 808/288/808
f 727/289/727 713/377/713 2632/288/2632
f 1543/268/1543 572/376/572 677/279/677
vt 0.2945219874382019 0.1463059931993484
f 1032/377/1032 2933/289/2933 1822/378/1822
f 858/290/858 1956/292/1956 876/289/876
f 1042/292/1042 1815/378/1815 2962/289/2962
vt 0.2902379930019379 0.1463059931993484
f 313/379/313 2072/378/2072 2073/292/2073
f 113/364/113 1002/287/1002 980/377/980
f 804/293/804 2169/290/2169 1264/279/1264
vt 0.2859539985656738 0.1280069947242737
f 902/376/902 2714/380/2714 1252/279/1252
vt 0.2859539985656738 0.1325789988040924
f 1531/381/1531 2527/293/2527 1272/279/1272
f 1272/279/1272 1490/380/1490 2153/381/2153
vt 0.2859539985656738 0.1371520012617111
f 93/382/93 1096/293/1096 1800/381/1800
vt 0.2859539985656738 0.1417270004749298
f 2800/382/2800 231/383/231 930/293/930
vt 0.2880960106849670 0.1463059931993484
f 2974/384/2974 498/379/498 2960/291/2960
vt 0.2859539985656738 0.1463059931993484
f 275/385/275 2364/384/2364 223/383/223
f 1143/291/1143 2637/383/2637 715/384/715
f 1670/293/1670 1662/383/1662 1693/291/1693
f 2370/291/2370 241/379/241 2526/292/2526
f 2370/287/2370 2424/364/2424 2476/286/2476
f 1357/318/1357 2027/193/2027 1195/204/1195
vt 0.1510680019855499 0.0182879995554686
vt 0.1510680019855499 0.0091439997777343
vt 0.1572989970445633 0.0091439997777343
f 222/386/222 2847/387/2847 2426/388/2426
vt 0.1572989970445633 0.0182879995554686
f 479/388/479 2921/389/2921 222/386/222
vt 0.1448380053043365 0.0182879995554686
vt 0.1448380053043365 0.0091439997777343
f 315/390/315 2072/391/2072 908/387/908
f 2317/387/2317 2102/386/2102 2267/390/2267
vt 0.1386069953441620 0.0182879995554686
vt 0.1386069953441620 0.0091439997777343
f 1201/392/1201 1179/393/1179 926/391/926
f 2563/391/2563 2562/390/2562 2686/392/2686
vt 0.1323760002851486 0.0182879995554686
vt 0.1323760002851486 0.0091439997777343
f 1792/394/1792 1235/395/1235 2530/393/2530
f 1294/393/1294 1598/392/1598 1511/394/1511
vt 0.1261450052261353 0.0182879995554686
vt 0.1261450052261353 0.0091439997777343
f 2930/396/2930 1820/397/1820 100/395/100
f 432/395/432 974/394/974 948/396/948
vt 0.1201789975166321 0.0182879995554686
vt 0.1201789975166321 0.0091439997777343
f 2597/398/2597 2556/399/2556 1141/397/1141
f 377/397/377 1141/396/1141 1236/398/1236
vt 0.1136830002069473 0.0182879995554686
vt 0.1136830002069473 0.0091439997777343
f 1794/400/1794 1448/401/1448 1780/399/1780
f 636/399/636 1728/398/1728 705/400/705
vt 0.1074519976973534 0.0182879995554686
vt 0.1074519976973534 0.0091439997777343
f 1942/402/1942 294/403/294 885/401/885
f 1216/401/1216 229/400/229 919/402/919
vt 0.1012220010161400 0.0182879995554686
vt 0.1012220010161400 0.0091439997777343
f 2974/404/2974 558/405/558 740/403/740
f 2456/403/2456 143/402/143 932/404/932
vt 0.1510680019855499 0.0274320002645254
f 2676/406/2676 30/386/30 3013/389/3013
vt 0.1572989970445633 0.0274320002645254
f 2761/389/2761 176/407/176 655/406/655
vt 0.1448380053043365 0.0274320002645254
f 522/408/522 1024/390/1024 982/386/982
f 1931/386/1931 1844/406/1844 2481/408/2481
vt 0.1386069953441620 0.0274320002645254
f 1317/409/1317 2465/392/2465 2907/390/2907
f 530/390/530 3009/408/3009 2601/409/2601
vt 0.1323760002851486 0.0274320002645254
f 2647/410/2647 825/394/825 1734/392/1734
f 394/392/394 237/409/237 251/410/251
vt 0.1261450052261353 0.0274320002645254
f 2117/411/2117 2070/396/2070 2341/394/2341
f 1432/394/1432 637/410/637 2987/411/2987
vt 0.1201789975166321 0.0274320002645254
f 416/412/416 956/398/956 1593/396/1593
f 2992/396/2992 489/411/489 2454/412/2454
vt 0.1136830002069473 0.0274320002645254
f 2998/413/2998 120/400/120 121/398/121
f 1050/398/1050 2734/412/2734 748/413/748
vt 0.1074519976973534 0.0274320002645254
f 555/414/555 1419/402/1419 645/400/645
f 986/400/986 502/413/502 166/414/166
vt 0.1012220010161400 0.0274320002645254
f 2447/415/2447 2821/404/2821 2833/402/2833
f 601/402/601 815/414/815 1655/415/1655
vt 0.1510680019855499 0.0365759991109371
f 2447/416/2447 2831/406/2831 2503/407/2503
vt 0.1572989970445633 0.0365759991109371
f 2183/407/2183 2725/417/2725 1259/416/1259
vt 0.1448380053043365 0.0365759991109371
f 29/418/29 525/408/525 32/406/32
f 2421/406/2421 2884/416/2884 248/418/248
vt 0.1386069953441620 0.0365759991109371
f 2435/419/2435 1884/409/1884 2851/408/2851
f 1237/408/1237 1169/418/1169 797/419/797
vt 0.1323760002851486 0.0365759991109371
f 190/420/190 2896/410/2896 2932/409/2932
f 996/409/996 2896/419/2896 2980/420/2980
vt 0.1261450052261353 0.0365759991109371
f 2864/421/2864 2873/411/2873 2880/410/2880
f 1084/410/1084 1698/420/1698 1798/421/1798
vt 0.1201789975166321 0.0365759991109371
f 974/422/974 916/412/916 1326/411/1326
f 140/411/140 1059/421/1059 1020/422/1020
vt 0.1136830002069473 0.0365759991109371
f 369/423/369 1463/413/1463 349/412/349
f 23/412/23 3068/422/3068 41/423/41
vt 0.1074519976973534 0.0365759991109371
f 2817/424/2817 1187/414/1187 392/413/392
f 2817/413/2817 404/423/404 1752/424/1752
vt 0.1012220010161400 0.0365759991109371
f 1288/425/1288 1369/415/1369 340/414/340
f 2448/414/2448 201/424/201 2896/425/2896
vt 0.1510680019855499 0.0457209981977940
f 669/426/669 519/416/519 2967/417/2967
vt 0.1572989970445633 0.0457209981977940
f 163/417/163 121/427/121 164/426/164
vt 0.1448380053043365 0.0457209981977940
f 760/428/760 494/418/494 1013/416/1013
f 913/416/913 858/426/858 685/428/685
vt 0.1386069953441620 0.0457209981977940
f 2384/429/2384 250/419/250 246/418/246
f 610/418/610 575/428/575 174/429/174
vt 0.1323760002851486 0.0457209981977940
f 3034/430/3034 332/420/332 9/419/9
f 433/419/433 1907/429/1907 162/430/162
vt 0.1261450052261353 0.0457209981977940
f 1804/431/1804 1682/421/1682 2641/420/2641
f 740/420/740 1007/430/1007 1003/431/1003
vt 0.1201789975166321 0.0457209981977940
f 1767/432/1767 2833/422/2833 2408/421/2408
f 167/421/167 2778/431/2778 254/432/254
vt 0.1136830002069473 0.0457209981977940
f 1177/433/1177 1761/423/1761 2354/422/2354
f 1830/422/1830 2381/432/2381 2857/433/2857
vt 0.1074519976973534 0.0457209981977940
f 2200/434/2200 1236/424/1236 785/423/785
f 244/423/244 2362/433/2362 2466/434/2466
vt 0.1012220010161400 0.0457209981977940
f 383/435/383 1560/425/1560 646/424/646
f 1922/424/1922 1992/434/1992 1306/435/1306
vt 0.1510680019855499 0.0548649989068508
f 2822/436/2822 209/426/209 2825/427/2825
vt 0.1572989970445633 0.0548649989068508
f 1456/427/1456 1396/437/1396 1526/436/1526
vt 0.1448380053043365 0.0548649989068508
f 2401/438/2401 484/428/484 2824/426/2824
f 573/426/573 540/436/540 599/438/599
vt 0.1386069953441620 0.0548649989068508
f 2060/439/2060 2263/429/2263 2105/428/2105
f 2495/428/2495 2823/438/2823 484/439/484
vt 0.1323760002851486 0.0548649989068508
f 985/440/985 108/430/108 443/429/443
f 813/429/813 857/439/857 544/440/544
vt 0.1261450052261353 0.0548649989068508
f 2173/441/2173 2163/431/2163 2221/430/2221
f 2648/430/2648 2628/440/2628 1651/441/1651
vt 0.1201789975166321 0.0548649989068508
f 1833/442/1833 2926/432/2926 2933/431/2933
f 1243/431/1243 2184/441/2184 2221/442/2221
vt 0.1136830002069473 0.0548649989068508
f 3008/443/3008 3004/433/3004 2602/432/2602
f 1850/432/1850 637/442/637 629/443/629
vt 0.1074519976973534 0.0548649989068508
f 1642/444/1642 1634/434/1634 342/433/342
f 297/433/297 2116/443/2116 903/444/903
vt 0.1012220010161400 0.0548649989068508
f 2227/445/2227 1599/435/1599 1516/434/1516
f 2026/434/2026 173/444/173 1436/445/1436
vt 0.1510680019855499 0.0640090033411980
f 2588/446/2588 2643/436/2643 1161/437/1161
vt 0.1572989970445633 0.0640090033411980
f 2295/437/2295 2102/447/2102 2314/446/2314
vt 0.1448380053043365 0.0640090033411980
f 15/448/15 3067/438/3067 6/436/6
f 1248/436/1248 1614/446/1614 2534/448/2534
vt 0.1386069953441620 0.0640090033411980
f 2306/449/2306 2337/439/2337 2085/438/2085
f 1456/438/1456 2149/448/2149 1396/449/1396
vt 0.1323760002851486 0.0640090033411980
f 644/450/644 1181/440/1181 142/439/142
f 1851/439/1851 2357/449/2357 1033/450/1033
vt 0.1261450052261353 0.0640090033411980
f 2762/451/2762 659/441/659 1195/440/1195
f 26/440/26 3009/450/3009 530/451/530
vt 0.1201789975166321 0.0640090033411980
f 263/452/263 205/442/205 2377/441/2377
f 1417/441/1417 1426/451/1426 1916/452/1916
vt 0.1136830002069473 0.0640090033411980
f 1964/453/1964 2213/443/2213 2176/442/2176
f 2666/442/2666 721/452/721 715/453/715
vt 0.1074519976973534 0.0640090033411980
f 1539/454/1539 2682/444/2682 2922/443/2922
f 2230/443/2230 789/453/789 770/454/770
vt 0.1012220010161400 0.0640090033411980
f 2762/455/2762 146/445/146 659/444/659
f 524/444/524 1861/454/1861 489/455/489
vt 0.1510680019855499 0.0731529965996742
f 327/456/327 2075/446/2075 2074/447/2074
vt 0.1572989970445633 0.0731529965996742
f 580/447/580 2750/457/2750 650/456/650
vt 0.1448380053043365 0.0731529965996742
f 2603/458/2603 529/448/529 2671/446/2671
f 1128/446/1128 1270/456/1270 1135/458/1135
vt 0.1386069953441620 0.0731529965996742
f 2816/459/2816 668/449/668 2760/448/2760
f 1201/448/1201 926/458/926 207/459/207
vt 0.1323760002851486 0.0731529965996742
f 1229/460/1229 1355/450/1355 2225/449/2225
f 569/449/569 14/459/14 627/460/627
vt 0.1261450052261353 0.0731529965996742
f 1762/461/1762 1745/451/1745 2853/450/2853
f 554/450/554 1007/460/1007 740/461/740
vt 0.1201789975166321 0.0731529965996742
f 221/462/221 450/452/450 2940/451/2940
f 2157/451/2157 2135/461/2135 1455/462/1455
vt 0.1136830002069473 0.0731529965996742
f 302/463/302 1789/453/1789 698/452/698
f 1089/452/1089 2333/462/2333 1712/463/1712
vt 0.1074519976973534 0.0731529965996742
f 1543/464/1543 1875/454/1875 2012/453/2012
f 2192/453/2192 1764/463/1764 1188/464/1188
vt 0.1012220010161400 0.0731529965996742
f 1322/465/1322 474/455/474 973/454/973
f 1887/454/1887 1904/464/1904 412/465/412
vt 0.1510680019855499 0.0822969973087311
f 1527/466/1527 2879/456/2879 2412/457/2412
vt 0.1572989970445633 0.0822969973087311
f 2028/457/2028 2007/467/2007 2779/466/2779
vt 0.1448380053043365 0.0822969973087311
f 2968/468/2968 2965/458/2965 979/456/979
f 1618/456/1618 1446/466/1446 1484/468/1484
vt 0.1386069953441620 0.0822969973087311
f 335/469/335 2550/459/2550 372/458/372
f 2346/458/2346 1793/468/1793 2302/469/2302
vt 0.1323760002851486 0.0822969973087311
f 1923/470/1923 921/460/921 1189/459/1189
f 2142/459/2142 1367/469/1367 1522/470/1522
vt 0.1261450052261353 0.0822969973087311
f 1918/471/1918 1343/461/1343 1883/460/1883
f 1840/460/1840 1814/470/1814 2068/471/2068
vt 0.1201789975166321 0.0822969973087311
f 1244/472/1244 2697/462/2697 1647/461/1647
f 503/461/503 2965/471/2965 1022/472/1022
vt 0.1136830002069473 0.0822969973087311
f 2792/473/2792 716/463/716 633/462/633
f 328/462/328 1978/472/1978 2082/473/2082
vt 0.1074519976973534 0.0822969973087311
f 1870/474/1870 493/464/493 1862/463/1862
f 188/463/188 483/473/483 484/474/484
vt 0.1012220010161400 0.0822969973087311
f 876/475/876 1956/465/1956 826/464/826
f 930/464/930 929/474/929 387/475/387
vt 0.1510680019855499 0.0914409980177879
f 833/476/833 791/466/791 2583/467/2583
vt 0.1572989970445633 0.0914409980177879
f 1402/467/1402 2540/477/2540 1386/476/1386
vt 0.1448380053043365 0.0914409980177879
f 851/478/851 1486/468/1486 843/466/843
f 1758/466/1758 1877/476/1877 2016/478/2016
vt 0.1386069953441620 0.0914409980177879
f 3022/479/3022 39/469/39 728/468/728
f 1377/468/1377 1477/478/1477 1466/479/1466
vt 0.1323760002851486 0.0914409980177879
f 1802/480/1802 1088/470/1088 1086/469/1086
f 512/469/512 1836/479/1836 744/480/744
vt 0.1261450052261353 0.0914409980177879
f 572/481/572 600/471/600 608/470/608
f 1013/470/1013 1017/480/1017 2972/481/2972
vt 0.1201789975166321 0.0914409980177879
f 3052/482/3052 2548/472/2548 3051/471/3051
f 1932/471/1932 1348/481/1348 1310/482/1310
vt 0.1136830002069473 0.0914409980177879
f 1379/483/1379 1463/473/1463 1501/472/1501
f 1091/472/1091 1023/482/1023 2324/483/2324
vt 0.1074519976973534 0.0914409980177879
f 2864/484/2864 2902/474/2902 2873/473/2873
f 512/473/512 729/483/729 1853/484/1853
vt 0.1012220010161400 0.0914409980177879
f 1909/485/1909 2011/475/2011 1889/474/1889
f 266/474/266 2480/484/2480 2894/485/2894
vt 0.1510680019855499 0.1005849987268448
f 1013/486/1013 494/476/494 2969/477/2969
vt 0.1572989970445633 0.1005849987268448
f 136/477/136 153/487/153 12/486/12
vt 0.1448380053043365 0.1005849987268448
f 2899/488/2899 1310/478/1310 2501/476/2501
f 565/476/565 598/486/598 1568/488/1568
vt 0.1386069953441620 0.1005849987268448
f 721/489/721 1697/479/1697 856/478/856
f 171/478/171 1574/488/1574 582/489/582
vt 0.1323760002851486 0.1005849987268448
f 445/490/445 1849/480/1849 223/479/223
f 2532/479/2532 1448/489/1448 1794/490/1794
vt 0.1261450052261353 0.1005849987268448
f 1921/491/1921 1993/481/1993 1897/480/1897
f 2643/480/2643 74/490/74 1161/491/1161
vt 0.1201789975166321 0.1005849987268448
f 2643/492/2643 717/482/717 718/481/718
f 1277/481/1277 2519/491/2519 1500/492/1500
vt 0.1136830002069473 0.1005849987268448
f 1110/493/1110 407/483/407 1196/482/1196
f 1657/482/1657 810/492/810 1660/493/1660
vt 0.1074519976973534 0.1005849987268448
f 694/494/694 1648/484/1648 2645/483/2645
f 86/483/86 422/493/422 626/494/626
vt 0.1012220010161400 0.1005849987268448
f 1563/495/1563 1749/485/1749 1189/484/1189
f 163/484/163 2757/494/2757 1563/495/1563
vt 0.1510680019855499 0.1097289994359016
f 1537/496/1537 1400/486/1400 1637/487/1637
vt 0.1572989970445633 0.1097289994359016
f 137/487/137 987/497/987 138/496/138
vt 0.1448380053043365 0.1097289994359016
f 2015/498/2015 1746/488/1746 2777/486/2777
f 2505/486/2505 2002/496/2002 1934/498/1934
vt 0.1386069953441620 0.1097289994359016
f 2761/499/2761 655/489/655 615/488/615
f 199/488/199 2862/498/2862 1863/499/1863
vt 0.1323760002851486 0.1097289994359016
f 1630/500/1630 1613/490/1613 1286/489/1286
f 875/489/875 1983/499/1983 1647/500/1647
vt 0.1261450052261353 0.1097289994359016
f 90/501/90 2661/491/2661 684/490/684
f 2606/490/2606 3003/500/3003 525/501/525
vt 0.1201789975166321 0.1097289994359016
f 816/502/816 68/492/68 2611/491/2611
f 894/491/894 2615/501/2615 1649/502/1649
vt 0.1136830002069473 0.1097289994359016
f 3038/503/3038 2924/493/2924 20/492/20
f 3040/492/3040 351/502/351 3035/503/3035
vt 0.1074519976973534 0.1097289994359016
f 2626/504/2626 1704/494/1704 1063/493/1063
f 2144/493/2144 1381/503/1381 2194/504/2194
vt 0.1012220010161400 0.1097289994359016
f 1445/505/1445 1133/495/1133 2209/494/2209
f 51/494/51 2664/504/2664 168/505/168
vt 0.1510680019855499 0.1188730001449585
f 2668/506/2668 845/496/845 1260/497/1260
vt 0.1572989970445633 0.1188730001449585
f 1840/497/1840 124/507/124 503/506/503
vt 0.1448380053043365 0.1188730001449585
f 1087/508/1087 2649/498/2649 124/496/124
f 1075/496/1075 1845/506/1845 2935/508/2935
vt 0.1386069953441620 0.1188730001449585
f 832/509/832 2244/499/2244 730/498/730
f 2198/498/2198 1138/508/1138 2234/509/2234
vt 0.1323760002851486 0.1188730001449585
f 1281/510/1281 2153/500/2153 2208/499/2208
f 878/499/878 2636/509/2636 687/510/687
vt 0.1261450052261353 0.1188730001449585
f 2762/511/2762 673/501/673 145/500/145
f 975/500/975 1185/510/1185 2790/511/2790
vt 0.1201789975166321 0.1188730001449585
f 2998/512/2998 121/502/121 2758/501/2758
f 2099/501/2099 2245/511/2245 2293/512/2293
vt 0.1136830002069473 0.1188730001449585
f 1842/513/1842 157/503/157 2941/502/2941
f 1919/502/1919 997/512/997 3001/513/3001
vt 0.1074519976973534 0.1188730001449585
f 2277/514/2277 1360/504/1360 1386/503/1386
f 1842/503/1842 1032/513/1032 1825/514/1825
vt 0.1012220010161400 0.1188730001449585
f 3061/515/3061 17/505/17 3064/504/3064
f 994/504/994 1051/514/1051 160/515/160
vt 0.1510680019855499 0.1280180066823959
f 1559/516/1559 854/506/854 1558/507/1558
vt 0.1572989970445633 0.1280180066823959
f 829/507/829 854/517/854 704/516/704
vt 0.1448380053043365 0.1280180066823959
f 2552/518/2552 1454/508/1454 2516/506/2516
f 1600/506/1600 340/516/340 766/518/766
vt 0.1386069953441620 0.1280180066823959
f 1382/519/1382 285/509/285 1488/508/1488
f 2215/508/2215 1101/518/1101 1231/519/1231
vt 0.1323760002851486 0.1280180066823959
f 1249/520/1249 791/510/791 2194/509/2194
f 330/509/330 331/519/331 312/520/312
vt 0.1261450052261353 0.1280180066823959
f 1670/521/1670 828/511/828 1662/510/1662
f 2279/510/2279 297/520/297 2041/521/2041
vt 0.1201789975166321 0.1280180066823959
f 1870/522/1870 1856/512/1856 100/511/100
f 2579/511/2579 2567/521/2567 2703/522/2703
vt 0.1136830002069473 0.1280180066823959
f 2430/523/2430 2455/513/2455 2352/512/2352
f 2614/512/2614 2638/522/2638 1963/523/1963
vt 0.1074519976973534 0.1280180066823959
f 156/524/156 155/514/155 2614/513/2614
f 1175/513/1175 2234/523/2234 2592/524/2592
vt 0.1012220010161400 0.1280180066823959
f 171/525/171 582/515/582 2751/514/2751
f 1442/514/1442 2154/524/2154 1487/525/1487
vt 0.1510680019855499 0.1371619999408722
f 638/526/638 645/516/645 1586/517/1586
vt 0.1572989970445633 0.1371619999408722
f 957/517/957 1213/527/1213 385/526/385
vt 0.1448380053043365 0.1371619999408722
f 912/528/912 1735/518/1735 1960/516/1960
f 2687/516/2687 1115/526/1115 2706/528/2706
vt 0.1386069953441620 0.1371619999408722
f 194/529/194 2373/519/2373 2355/518/2355
f 1784/518/1784 305/528/305 2102/529/2102
vt 0.1323760002851486 0.1371619999408722
f 2141/530/2141 2517/520/2517 2150/519/2150
f 1705/519/1705 1650/529/1650 820/530/820
vt 0.1261450052261353 0.1371619999408722
f 156/531/156 2738/521/2738 616/520/616
f 156/520/156 616/530/616 155/531/155
vt 0.1201789975166321 0.1371619999408722
f 1788/532/1788 64/522/64 2328/521/2328
f 547/521/547 578/531/578 2741/532/2741
vt 0.1136830002069473 0.1371619999408722
f 2543/533/2543 1274/523/1274 470/522/470
f 427/522/427 654/532/654 2736/533/2736
vt 0.1074519976973534 0.1371619999408722
f 21/534/21 3027/524/3027 3038/523/3038
f 636/523/636 705/533/705 2737/534/2737
vt 0.1012220010161400 0.1371619999408722
f 832/535/832 1409/525/1409 169/524/169
f 2910/524/2910 255/534/255 185/535/185
vt 0.0981059968471527 0.1417340040206909
vt 0.0981059968471527 0.1371619999408722
f 1695/536/1695 2033/537/2033 2170/535/2170
vt 0.1012220010161400 0.1417340040206909
f 217/535/217 2890/538/2890 2529/536/2529
vt 0.1592469960451126 0.0000000000000000
vt 0.1635300070047379 0.0000000000000000
vt 0.1635300070047379 0.0045719998888671
f 207/539/207 465/540/465 182/541/182
vt 0.1549630016088486 0.0000000000000000
f 846/539/846 906/388/906 1962/542/1962
f 3054/388/3054 1387/539/1387 1255/541/1255
vt 0.1635300070047379 0.0091439997777343
vt 0.1635300070047379 0.0137160001322627
f 574/388/574 1435/543/1435 650/544/650
vt 0.1506790071725845 0.0000000000000000
f 2346/388/2346 2081/387/2081 2097/545/2097
f 887/545/887 829/542/829 1963/388/1963
f 85/389/85 2639/388/2639 1684/544/1684
vt 0.1635300070047379 0.0182879995554686
f 2493/544/2493 2494/546/2494 1481/389/1481
f 1480/541/1480 1481/543/1481 1392/388/1392
vt 0.1463949978351593 0.0000000000000000
f 1818/547/1818 751/545/751 1848/387/1848
f 2032/387/2032 2427/391/2427 1742/547/1742
vt 0.1378280073404312 0.0000000000000000
vt 0.1421120017766953 0.0000000000000000
f 2753/393/2753 680/548/680 2765/549/2765
f 962/549/962 386/547/386 1911/391/1911
f 796/391/796 780/393/780 2688/549/2688
vt 0.1335439980030060 0.0000000000000000
f 2199/393/2199 1927/395/1927 481/550/481
f 2252/550/2252 2284/548/2284 2263/393/2263
vt 0.1292600035667419 0.0000000000000000
f 2087/551/2087 817/550/817 1941/395/1941
f 1119/407/1119 2706/389/2706 2176/546/2176
vt 0.1635300070047379 0.0228599999099970
f 1991/546/1991 2454/552/2454 1315/407/1315
vt 0.1635300070047379 0.0274320002645254
vt 0.1635300070047379 0.0320039987564087
f 153/407/153 3000/553/3000 576/554/576
f 998/407/998 3000/552/3000 119/553/119
vt 0.1635300070047379 0.0365759991109371
vt 0.1635300070047379 0.0411479994654655
f 2293/417/2293 80/555/80 1724/556/1724
vt 0.1635300070047379 0.0457209981977940
vt 0.1635300070047379 0.0502929985523224
f 2817/427/2817 924/557/924 404/558/404
vt 0.1635300070047379 0.0548649989068508
f 798/437/798 1122/558/1122 1145/559/1145
f 11/427/11 3052/556/3052 3051/557/3051
f 1540/417/1540 2707/554/2707 1449/555/1449
f 654/417/654 175/407/175 546/554/546
f 990/437/990 2298/427/2298 133/558/133
f 1152/417/1152 1241/556/1241 350/427/350
vt 0.1635300070047379 0.0594369992613792
vt 0.1635300070047379 0.0640090033411980
f 2730/447/2730 2717/560/2717 1101/561/1101
f 544/457/544 571/447/571 591/561/591
vt 0.1635300070047379 0.0685809999704361
f 462/561/462 220/562/220 236/457/236
vt 0.1635300070047379 0.0731529965996742
f 1471/563/1471 1491/457/1491 1389/562/1389
f 2492/447/2492 2465/437/2465 2880/559/2880
f 20/559/20 2924/560/2924 3044/447/3044
vt 0.1249770000576973 0.0000000000000000
f 2304/397/2304 303/564/303 2305/551/2305
vt 0.1164089962840080 0.0000000000000000
vt 0.1206929981708527 0.0000000000000000
f 2100/399/2100 321/565/321 840/566/840
f 2768/566/2768 148/564/148 568/397/568
f 887/397/887 1949/399/1949 2088/566/2088
f 427/399/427 2736/401/2736 2786/565/2786
vt 0.1078419983386993 0.0000000000000000
f 217/401/217 440/403/440 2890/567/2890
vt 0.1121260002255440 0.0000000000000000
f 600/567/600 540/568/540 1410/401/1410
f 995/401/995 871/568/871 2059/565/2059
f 425/397/425 2776/551/2776 939/395/939
vt 0.1035579964518547 0.0000000000000000
f 432/403/432 1915/569/1915 1890/567/1890
vt 0.0949909985065460 0.0045799999497831
vt 0.0949909985065460 0.0000000000000000
vt 0.0992740020155907 0.0000000000000000
f 30/570/30 529/571/529 3013/572/3013
f 569/572/569 1418/569/1418 1436/405/1436
f 249/572/249 2355/405/2355 2006/570/2006
vt 0.0949909985065460 0.0182879995554686
f 1578/405/1578 1582/404/1582 597/573/597
vt 0.0949909985065460 0.0137160001322627
f 2228/573/2228 1944/574/1944 1129/405/1129
vt 0.0949909985065460 0.0091589996591210
f 2/405/2 3049/575/3049 2781/570/2781
f 2488/405/2488 1178/574/1178 439/575/439
f 702/403/702 2640/405/2640 1119/569/1119
vt 0.0949909985065460 0.0228599999099970
f 1631/404/1631 2727/415/2727 2232/576/2232
f 2031/576/2031 458/573/458 1199/404/1199
vt 0.0949909985065460 0.0274320002645254
f 803/576/803 2699/415/2699 2585/577/2585
vt 0.0949909985065460 0.0320039987564087
f 580/415/580 1415/425/1415 2750/578/2750
f 2531/578/2531 2538/577/2538 360/415/360
vt 0.0949909985065460 0.0502929985523224
f 996/435/996 2932/445/2932 2896/579/2896
vt 0.0949909985065460 0.0457209981977940
f 2359/579/2359 2898/580/2898 260/435/260
vt 0.0949909985065460 0.0411490015685558
f 1948/425/1948 2628/435/2628 2629/581/2629
vt 0.0949909985065460 0.0365759991109371
f 272/581/272 476/582/476 219/425/219
vt 0.0949909985065460 0.0640039965510368
f 1205/445/1205 253/455/253 1212/583/1212
vt 0.0949909985065460 0.0594340004026890
f 2269/583/2269 287/584/287 2036/445/2036
f 721/425/721 800/582/800 1102/578/1102
f 462/435/462 236/580/236 2409/581/2409
vt 0.0949909985065460 0.0548649989068508
f 2157/445/2157 1491/585/1491 1471/579/1471
vt 0.0949909985065460 0.0685769990086555
f 1164/455/1164 2683/586/2683 2165/583/2165
f 1164/584/1164 2165/585/2165 2683/445/2683
vt 0.0949909985065460 0.0731529965996742
f 817/455/817 1690/465/1690 2113/587/2113
f 727/587/727 2632/586/2632 67/455/67
f 2125/467/2125 1376/457/1376 2139/563/2139
vt 0.1635300070047379 0.0777250006794930
f 1542/563/1542 495/588/495 1882/467/1882
vt 0.1635300070047379 0.0822969973087311
vt 0.1635300070047379 0.0868690013885498
f 1244/467/1244 2560/589/2560 1151/590/1151
f 338/467/338 1493/588/1493 2209/589/2209
vt 0.1635300070047379 0.0914409980177879
vt 0.1635300070047379 0.0960130020976067
f 547/477/547 621/591/621 2748/592/2748
vt 0.1635300070047379 0.1005849987268448
vt 0.1635300070047379 0.1051570028066635
f 547/487/547 579/593/579 578/594/578
f 1075/487/1075 2312/592/2312 1845/593/1845
f 2063/477/2063 324/590/324 285/591/285
f 2907/467/2907 2465/590/2465 2492/477/2492
vt 0.1635300070047379 0.1097289994359016
f 717/594/717 1704/595/1704 2627/497/2627
f 2361/487/2361 447/477/447 1030/592/1030
f 1766/594/1766 2715/497/2715 2225/487/2225
vt 0.1635300070047379 0.1143010035157204
vt 0.1635300070047379 0.1188730001449585
f 2456/507/2456 446/596/446 2887/597/2887
f 595/497/595 564/596/564 1437/507/1437
vt 0.1635300070047379 0.1234449967741966
f 3054/598/3054 10/507/10 3056/597/3056
f 519/517/519 2928/507/2928 1556/598/1556
vt 0.1635300070047379 0.1280180066823959
f 3062/598/3062 3057/599/3057 3065/517/3065
f 2552/595/2552 426/596/426 2511/497/2511
vt 0.1635300070047379 0.1325899958610535
f 1589/517/1589 834/599/834 1575/600/1575
vt 0.1635300070047379 0.1371619999408722
f 1981/601/1981 892/527/892 1686/600/1686
f 762/517/762 104/600/104 2931/527/2931
vt 0.1592469960451126 0.1463059931993484
vt 0.1635300070047379 0.1417340040206909
vt 0.1635300070047379 0.1463059931993484
f 330/602/330 2167/603/2167 855/604/855
vt 0.1549630016088486 0.1463059931993484
f 2528/605/2528 2146/527/2146 2137/602/2137
f 2173/603/2173 2196/602/2196 2690/527/2690
f 2154/601/2154 1389/603/1389 1491/527/1491
f 10/605/10 1447/526/1447 2512/527/2512
vt 0.1463949978351593 0.1463059931993484
f 1831/606/1831 2365/528/2365 192/526/192
vt 0.1378280073404312 0.1463059931993484
f 2392/607/2392 2361/530/2361 1820/529/1820
f 1553/529/1553 856/528/856 1970/607/1970
vt 0.1292600035667419 0.1463059931993484
f 1702/607/1702 92/608/92 2292/530/2292
vt 0.1206929981708527 0.1463059931993484
f 2358/609/2358 2457/531/2457 2474/608/2474
f 2302/608/2302 1063/531/1063 1067/530/1067
f 594/606/594 1569/607/1569 561/528/561
f 65/606/65 289/526/289 2115/605/2115
f 1456/609/1456 1466/532/1466 3054/531/3054
vt 0.0949909985065460 0.0777300000190735
f 1391/465/1391 793/475/793 2211/610/2211
f 541/610/541 1586/587/1586 1587/465/1587
vt 0.0949909985065460 0.0823040008544922
f 1320/611/1320 2196/610/2196 773/475/773
vt 0.0949909985065460 0.0868770033121109
f 2584/475/2584 1124/485/1124 1161/612/1161
f 334/612/334 2512/611/2512 1598/475/1598
vt 0.0949909985065460 0.1051570028066635
f 1105/495/1105 2784/505/2784 1182/613/1182
vt 0.0949909985065460 0.1005849987268448
f 1684/613/1684 1795/614/1795 1977/495/1977
vt 0.0949909985065460 0.0960189998149872
f 2003/485/2003 1751/495/1751 1759/615/1759
vt 0.0949909985065460 0.0914480015635490
f 554/615/554 2759/616/2759 667/485/667
vt 0.0949909985065460 0.1188659965991974
f 567/505/567 731/515/731 1410/617/1410
vt 0.0949909985065460 0.1142959967255592
f 1653/617/1653 2036/618/2036 2289/505/2289
f 3002/616/3002 2944/612/2944 1576/485/1576
vt 0.0949909985065460 0.1097270026803017
f 2157/505/2157 1468/618/1468 2135/619/2135
f 1545/619/1545 122/613/122 1003/505/1003
f 565/614/565 116/615/116 1015/495/1015
vt 0.0949909985065460 0.1234359964728355
f 513/617/513 2914/515/2914 1855/620/1855
f 2636/533/2636 1676/532/1676 874/609/874
vt 0.1121260002255440 0.1463059931993484
f 226/534/226 278/533/278 2898/621/2898
vt 0.0949909985065460 0.1280069947242737
f 931/515/931 968/525/968 388/622/388
f 1864/622/1864 1849/620/1849 509/515/509
vt 0.1035579964518547 0.1463059931993484
f 866/623/866 2246/538/2246 2079/534/2079
f 1383/538/1383 2168/535/2168 2215/534/2215
vt 0.0992740020155907 0.1463059931993484
f 1539/623/1539 2865/624/2865 1482/538/1482
f 1531/537/1531 2133/525/2133 1482/535/1482
f 973/621/973 474/623/474 2958/534/2958
f 2534/533/2534 2332/609/2332 2266/621/2266
f 899/538/899 885/624/885 2058/536/2058
vt 0.0949909985065460 0.1371520012617111
vt 0.0949909985065460 0.1325789988040924
f 2791/537/2791 1190/625/1190 386/626/386
f 987/622/987 1318/525/1318 1418/626/1418
vt 0.0949909985065460 0.1417270004749298
f 1570/537/1570 1005/536/1005 1418/627/1418
f 595/627/595 620/625/620 2740/537/2740
vt 0.0949909985065460 0.1463059931993484
vt 0.0971330031752586 0.1463059931993484
f 1537/628/1537 1384/627/1384 1283/629/1283
f 2565/536/2565 2708/629/2708 1246/627/1246
f 2911/629/2911 2868/536/2868 464/624/464
f 238/525/238 2820/537/2820 2882/626/2882
vt 0.4337719976902008 0.4294480085372925
vt 0.4263609945774078 0.4294480085372925
vt 0.4263609945774078 0.4195620119571686
f 571/630/571 1566/631/1566 591/632/591
vt 0.4189510047435760 0.4294480085372925
vt 0.4189510047435760 0.4195620119571686
f 2131/631/2131 2177/633/2177 2216/634/2216
f 2954/634/2954 2860/632/2860 2877/631/2877
vt 0.4337719976902008 0.4479599893093109
f 2730/631/2730 794/630/794 2717/635/2717
vt 0.4189510047435760 0.4479599893093109
f 2666/636/2666 1697/633/1697 721/631/721
f 2201/635/2201 2561/636/2561 2560/631/2560
vt 0.4337719976902008 0.4657520055770874
vt 0.4189510047435760 0.4657520055770874
f 2201/637/2201 894/638/894 893/636/893
f 1619/636/1619 1510/635/1510 1371/637/1371
vt 0.4337719976902008 0.4828920066356659
vt 0.4189510047435760 0.4828920066356659
f 1045/639/1045 2739/640/2739 1057/638/1057
f 2127/638/2127 1295/637/1295 2217/639/2217
vt 0.4337719976902008 0.4988139867782593
vt 0.4189510047435760 0.4988139867782593
f 237/641/237 223/642/223 2364/640/2364
f 672/640/672 165/639/165 144/641/144
vt 0.4337719976902008 0.5147370100021362
vt 0.4189510047435760 0.5147370100021362
f 2060/643/2060 2252/644/2252 2263/642/2263
f 1177/642/1177 2354/641/2354 442/643/442
vt 0.4337719976902008 0.5306599736213684
vt 0.4189510047435760 0.5306599736213684
f 1952/645/1952 1660/646/1660 2624/644/2624
f 1951/644/1951 2309/643/2309 883/645/883
vt 0.4337719976902008 0.5458350181579590
vt 0.4189510047435760 0.5458350181579590
f 136/647/136 38/648/38 2984/646/2984
f 2493/646/2493 2911/645/2911 464/647/464
vt 0.4337719976902008 0.5621359944343567
vt 0.4189510047435760 0.5621359944343567
f 1764/649/1764 2789/650/2789 1188/648/1188
f 1521/648/1521 1619/647/1619 1371/649/1371
vt 0.4337719976902008 0.5766620039939880
vt 0.4189510047435760 0.5766620039939880
f 1039/651/1039 2347/652/2347 992/650/992
f 1120/650/1120 2194/649/2194 1135/651/1135
vt 0.4337719976902008 0.5909619927406311
vt 0.4189510047435760 0.5909619927406311
f 2655/653/2655 1709/654/1709 69/652/69
f 2318/652/2318 2083/651/2083 842/653/842
vt 0.4337719976902008 0.6050850152969360
vt 0.4189510047435760 0.6050850152969360
f 109/655/109 668/656/668 110/654/110
f 472/654/472 265/653/265 204/655/204
vt 0.4337719976902008 0.6190789937973022
vt 0.4189510047435760 0.6190789937973022
f 1312/657/1312 499/658/499 2444/656/2444
f 2077/656/2077 2039/655/2039 2247/657/2247
vt 0.4337719976902008 0.6329879760742188
vt 0.4189510047435760 0.6329879760742188
f 2077/659/2077 296/660/296 2094/658/2094
f 674/658/674 607/657/607 2739/659/2739
vt 0.4337719976902008 0.6468589901924133
vt 0.4189510047435760 0.6468589901924133
f 523/661/523 2397/662/2397 734/660/734
f 2886/660/2886 221/659/221 2877/661/2877
vt 0.4337719976902008 0.6607329845428467
vt 0.4189510047435760 0.6607329845428467
f 1151/663/1151 2560/664/2560 1101/662/1101
f 107/662/107 2926/661/2926 1027/663/1027
vt 0.4337719976902008 0.6746550202369690
vt 0.4189510047435760 0.6746550202369690
f 1009/665/1009 2926/666/2926 756/664/756
f 250/664/250 191/663/191 2795/665/2795
vt 0.4337719976902008 0.6886699795722961
vt 0.4189510047435760 0.6886699795722961
f 5/667/5 7/668/7 41/666/41
f 97/666/97 1701/665/1701 1729/667/1729
vt 0.4337719976902008 0.7028220295906067
vt 0.4189510047435760 0.7028220295906067
f 2393/669/2393 2482/670/2482 375/668/375
f 295/668/295 1472/667/1472 2167/669/2167
vt 0.4337719976902008 0.7171589732170105
vt 0.4189510047435760 0.7171589732170105
f 1440/671/1440 1574/672/1574 578/670/578
f 2964/670/2964 448/669/448 1030/671/1030
vt 0.4337719976902008 0.7317299842834473
vt 0.4189510047435760 0.7317299842834473
f 74/673/74 1106/674/1106 1161/672/1161
f 2479/672/2479 218/671/218 2451/673/2451
vt 0.4337719976902008 0.7465869784355164
vt 0.4189510047435760 0.7465869784355164
f 2471/675/2471 2491/676/2491 2973/674/2973
f 1477/674/1477 1090/673/1090 2249/675/2249
vt 0.4337719976902008 0.7617880105972290
vt 0.4189510047435760 0.7617880105972290
f 2385/677/2385 271/678/271 1743/676/1743
f 328/676/328 2033/675/2033 1695/677/1695
vt 0.4337719976902008 0.7773910164833069
vt 0.4189510047435760 0.7773910164833069
f 2476/679/2476 2874/680/2874 2827/678/2827
f 601/678/601 491/677/491 602/679/602
vt 0.4337719976902008 0.7934659719467163
vt 0.4189510047435760 0.7934659719467163
f 1684/681/1684 1977/682/1977 836/680/836
f 1676/680/1676 1879/679/1879 785/681/785
vt 0.4337719976902008 0.8100829720497131
vt 0.4189510047435760 0.8100829720497131
f 2676/683/2676 3013/684/3013 528/682/528
f 2504/682/2504 2889/681/2889 2878/683/2878
vt 0.4337719976902008 0.8273270130157471
vt 0.4189510047435760 0.8273270130157471
f 2546/685/2546 2557/686/2557 1158/684/1158
f 2572/684/2572 1253/683/1253 2582/685/2582
vt 0.4337719976902008 0.8452870249748230
vt 0.4189510047435760 0.8452870249748230
f 748/687/748 2734/688/2734 604/686/604
f 457/686/457 1886/685/1886 2412/687/2412
vt 0.4337719976902008 0.8645809888839722
vt 0.4189510047435760 0.8645809888839722
f 2708/689/2708 340/690/340 1449/688/1449
f 137/688/137 490/687/490 1826/689/1826
vt 0.4337719976902008 0.8838739991188049
vt 0.4189510047435760 0.8838739991188049
f 2579/691/2579 2703/692/2703 720/690/720
f 1685/690/1685 841/689/841 840/691/840
vt 0.4411759972572327 0.4294480085372925
vt 0.4485790133476257 0.4294480085372925
vt 0.4485790133476257 0.4479599893093109
f 1033/693/1033 2357/694/2357 2372/695/2372
f 454/635/454 393/630/393 2356/693/2356
f 1052/695/1052 2365/635/2365 128/693/128
vt 0.4485790133476257 0.4657520055770874
f 452/696/452 192/637/192 2365/635/2365
f 1716/635/1716 886/695/886 883/696/883
vt 0.4485790133476257 0.4828920066356659
f 2334/697/2334 287/639/287 719/637/719
f 88/637/88 2632/696/2632 713/697/713
vt 0.4485790133476257 0.4988139867782593
f 2932/698/2932 102/641/102 1816/639/1816
f 2655/639/2655 335/697/335 1801/698/1801
vt 0.4485790133476257 0.5147370100021362
f 2437/699/2437 2379/643/2379 2823/641/2823
f 211/641/211 2358/698/2358 279/699/279
vt 0.4485790133476257 0.5621359944343567
f 2412/700/2412 1886/649/1886 2202/647/2202
vt 0.4485790133476257 0.5458350181579590
f 2553/647/2553 2523/701/2523 1502/700/1502
vt 0.4485790133476257 0.5766620039939880
f 2079/702/2079 2328/651/2328 64/649/64
f 2392/649/2392 2351/700/2351 447/702/447
vt 0.4485790133476257 0.5909619927406311
f 2077/703/2077 2094/653/2094 2039/651/2039
f 2014/651/2014 1757/702/1757 1744/703/1744
vt 0.4485790133476257 0.6050850152969360
f 553/704/553 660/655/660 2751/653/2751
f 2537/653/2537 1298/703/1298 368/704/368
vt 0.4485790133476257 0.6190789937973022
f 2157/705/2157 2154/657/2154 1491/655/1491
f 1220/655/1220 1998/704/1998 449/705/449
vt 0.4485790133476257 0.6329879760742188
f 1469/706/1469 1519/659/1519 2130/657/2130
f 2668/657/2668 1260/705/1260 2275/706/2275
vt 0.4485790133476257 0.6468589901924133
f 1292/707/1292 374/661/374 1399/659/1399
f 2315/659/2315 648/706/648 2664/707/2664
vt 0.4485790133476257 0.6607329845428467
f 344/708/344 341/663/341 1268/661/1268
f 366/661/366 2525/707/2525 1620/708/1620
vt 0.4485790133476257 0.6746550202369690
f 1048/709/1048 1036/665/1036 1827/663/1827
f 787/663/787 367/708/367 2232/709/2232
vt 0.4485790133476257 0.6886699795722961
f 756/710/756 101/667/101 1053/665/1053
f 319/665/319 2112/709/2112 2065/710/2065
vt 0.4485790133476257 0.7028220295906067
f 2392/711/2392 2930/669/2930 183/667/183
f 2949/667/2949 1041/710/1041 2766/711/2766
vt 0.4485790133476257 0.7171589732170105
f 1663/712/1663 884/671/884 2625/669/2625
f 3038/669/3038 2674/711/2674 2924/712/2924
vt 0.4485790133476257 0.7317299842834473
f 2532/713/2532 1794/673/1794 1081/671/1081
f 139/671/139 1781/712/1781 1068/713/1068
vt 0.4485790133476257 0.7465869784355164
f 1755/714/1755 2829/675/2829 2405/673/2405
f 837/673/837 1949/713/1949 1692/714/1692
vt 0.4485790133476257 0.7617880105972290
f 2201/715/2201 2560/677/2560 894/675/894
f 1305/675/1305 937/714/937 2467/715/2467
vt 0.4485790133476257 0.7773910164833069
f 1304/716/1304 1251/679/1251 1621/677/1621
f 2407/677/2407 2406/715/2406 2830/716/2830
vt 0.4485790133476257 0.7934659719467163
f 2407/717/2407 1753/681/1753 1754/679/1754
f 1674/679/1674 1652/716/1652 687/717/687
vt 0.4485790133476257 0.8100829720497131
f 1895/718/1895 1311/683/1311 403/681/403
f 433/681/433 162/717/162 673/718/673
vt 0.4485790133476257 0.8273270130157471
f 1520/719/1520 1366/685/1366 1384/683/1384
f 2858/683/2858 1034/718/1034 2972/719/2972
vt 0.4485790133476257 0.8452870249748230
f 1779/720/1779 322/687/322 2113/685/2113
f 1775/685/1775 325/719/325 2034/720/2034
vt 0.4485790133476257 0.8645809888839722
f 956/721/956 1334/689/1334 1335/687/1335
f 867/687/867 810/720/810 885/721/885
vt 0.4485790133476257 0.8838739991188049
f 1094/722/1094 2264/691/2264 2107/689/2107
f 1664/689/1664 695/721/695 1985/722/1985
vt 0.4633730053901672 0.4479599893093109
f 2563/723/2563 2686/695/2686 2701/694/2701
vt 0.4633730053901672 0.4657520055770874
f 1678/724/1678 686/696/686 1649/695/1649
f 601/695/601 602/723/602 1590/724/1590
vt 0.4633730053901672 0.4828920066356659
f 2238/725/2238 1617/697/1617 1279/696/1279
f 3010/696/3010 3045/724/3045 3064/725/3064
vt 0.4633730053901672 0.4988139867782593
f 674/726/674 1860/698/1860 1546/697/1546
f 1508/697/1508 1506/725/1506 2093/726/2093
vt 0.4559760093688965 0.5458350181579590
vt 0.4633730053901672 0.5458350181579590
vt 0.4633730053901672 0.5621359944343567
f 1701/727/1701 1700/728/1700 1729/729/1729
f 293/700/293 746/701/746 2978/727/2978
f 271/729/271 2460/700/2460 1743/727/1743
vt 0.4633730053901672 0.5766620039939880
f 1540/730/1540 2218/702/2218 2707/700/2707
f 2008/700/2008 1179/729/1179 1201/730/1201
vt 0.4633730053901672 0.5909619927406311
f 2381/731/2381 439/703/439 2810/702/2810
f 42/702/42 3047/730/3047 3021/731/3021
vt 0.4633730053901672 0.6050850152969360
f 836/732/836 2067/704/2067 840/703/840
f 1850/703/1850 1864/731/1864 509/732/509
vt 0.4633730053901672 0.6190789937973022
f 150/733/150 631/705/631 592/704/592
f 2626/704/2626 2330/732/2330 1803/733/1803
vt 0.4633730053901672 0.6329879760742188
f 1249/734/1249 2182/706/2182 2583/705/2583
f 1204/705/1204 240/733/240 2783/734/2783
vt 0.4633730053901672 0.6468589901924133
f 847/735/847 1674/707/1674 2612/706/2612
f 451/706/451 1828/734/1828 443/735/443
vt 0.4633730053901672 0.6607329845428467
f 2250/736/2250 2046/708/2046 2325/707/2325
f 3051/707/3051 2548/735/2548 1632/736/1632
vt 0.4633730053901672 0.6746550202369690
f 1324/737/1324 2782/709/2782 1898/708/1898
f 912/708/912 1960/736/1960 1961/737/1961
vt 0.4633730053901672 0.6886699795722961
f 2910/738/2910 185/710/185 419/709/419
f 327/709/327 308/737/308 2059/738/2059
vt 0.4633730053901672 0.7028220295906067
f 1292/739/1292 2546/711/2546 374/710/374
f 2071/710/2071 1484/738/1484 1497/739/1497
vt 0.4633730053901672 0.7171589732170105
f 2945/740/2945 1022/712/1022 1843/711/1843
f 2320/711/2320 286/739/286 2262/740/2262
vt 0.4633730053901672 0.7317299842834473
f 118/741/118 1845/713/1845 2986/712/2986
f 2994/712/2994 1094/740/1094 1043/741/1043
vt 0.4633730053901672 0.7465869784355164
f 1835/742/1835 2927/714/2927 500/713/500
f 2810/713/2810 2785/741/2785 431/742/431
vt 0.4633730053901672 0.7617880105972290
f 72/743/72 1636/715/1636 1940/714/1940
f 2964/714/2964 245/742/245 448/743/448
vt 0.4633730053901672 0.7773910164833069
f 2138/744/2138 3029/716/3029 3041/715/3041
f 1097/715/1097 2321/743/2321 1781/744/1781
vt 0.4633730053901672 0.7934659719467163
f 824/745/824 65/717/65 1950/716/1950
f 242/716/242 2937/744/2937 732/745/732
vt 0.4633730053901672 0.8100829720497131
f 1098/746/1098 1791/718/1791 2307/717/2307
f 1082/717/1082 2306/745/2306 2085/746/2085
vt 0.4633730053901672 0.8273270130157471
f 2989/747/2989 2085/719/2085 2273/718/2273
f 2743/718/2743 539/746/539 1585/747/1585
vt 0.4633730053901672 0.8452870249748230
f 2322/748/2322 2271/720/2271 2061/719/2061
f 2578/719/2578 2718/747/2718 783/748/783
vt 0.4633730053901672 0.8645809888839722
f 2070/749/2070 839/721/839 1728/720/1728
f 2345/720/2345 1262/748/1262 2659/749/2659
vt 0.4633730053901672 0.8838739991188049
f 1818/750/1818 1024/722/1024 495/721/495
f 1010/721/1010 2944/749/2944 2951/750/2951
vt 0.4781660139560699 0.4479599893093109
vt 0.4707700014114380 0.4479599893093109
vt 0.4707700014114380 0.4387040138244629
f 331/751/331 2061/752/2061 312/753/312
vt 0.4781660139560699 0.4387040138244629
f 653/753/653 492/754/492 1824/751/1824
vt 0.4633730053901672 0.4387040138244629
f 1582/752/1582 1541/723/1541 557/755/557
f 1794/755/1794 2084/753/2084 2329/752/2329
vt 0.4781660139560699 0.4657520055770874
f 2975/752/2975 762/751/762 1816/756/1816
f 44/724/44 7/723/7 3019/752/3019
f 870/756/870 2620/724/2620 692/752/692
vt 0.4781660139560699 0.4828920066356659
f 65/757/65 776/725/776 2186/724/2186
f 1774/724/1774 1338/756/1338 1332/757/1332
vt 0.4781660139560699 0.4988139867782593
f 2652/758/2652 1079/726/1079 1733/725/1733
f 1862/725/1862 493/757/493 2937/758/2937
vt 0.4707700014114380 0.5458350181579590
vt 0.4781660139560699 0.5458350181579590
vt 0.4781660139560699 0.5621359944343567
f 2779/759/2779 2007/760/2007 2845/761/2845
f 2015/729/2015 1194/728/1194 1746/759/1746
f 1338/761/1338 2009/729/2009 1756/759/1756
vt 0.4781660139560699 0.5766620039939880
f 1796/762/1796 1076/730/1076 2311/729/2311
f 2865/729/2865 2472/761/2472 243/762/243
vt 0.4781660139560699 0.5909619927406311
f 1830/763/1830 238/731/238 108/730/108
f 725/730/725 2611/762/2611 68/763/68
vt 0.4781660139560699 0.6050850152969360
f 2179/764/2179 2689/732/2689 2170/731/2170
f 395/731/395 1893/763/1893 1884/764/1884
vt 0.4781660139560699 0.6190789937973022
f 348/765/348 1139/733/1139 389/732/389
f 2768/732/2768 606/764/606 148/765/148
vt 0.4781660139560699 0.6329879760742188
f 1225/766/1225 946/734/946 428/733/428
f 1952/733/1952 2624/765/2624 2297/766/2297
vt 0.4781660139560699 0.6468589901924133
f 1758/767/1758 1994/735/1994 1877/734/1877
f 698/734/698 2630/766/2630 1955/767/1955
vt 0.4781660139560699 0.6607329845428467
f 1663/768/1663 2619/736/2619 1947/735/1947
f 2076/735/2076 812/767/812 2111/768/2111
vt 0.4781660139560699 0.6746550202369690
f 2368/769/2368 190/737/190 112/736/112
f 795/736/795 1108/768/1108 1168/769/1168
vt 0.4781660139560699 0.6886699795722961
f 617/770/617 551/738/551 662/737/662
f 1228/737/1228 390/769/390 389/770/389
vt 0.4781660139560699 0.7028220295906067
f 2374/771/2374 2810/739/2810 1178/738/1178
f 2676/738/2676 18/770/18 30/771/30
vt 0.4781660139560699 0.7171589732170105
f 1633/772/1633 1511/740/1511 1366/739/1366
f 737/739/737 1826/771/1826 490/772/490
vt 0.4781660139560699 0.7317299842834473
f 999/773/999 750/741/750 1000/740/1000
f 279/740/279 2358/772/2358 460/773/460
vt 0.4781660139560699 0.7465869784355164
f 1764/774/1764 1752/742/1752 2789/741/2789
f 995/741/995 1012/773/1012 2970/774/2970
vt 0.4781660139560699 0.7617880105972290
f 2915/775/2915 1893/743/1893 2001/742/2001
f 2031/742/2031 2453/774/2453 458/775/458
vt 0.4781660139560699 0.7773910164833069
f 427/776/427 2786/744/2786 2787/743/2787
f 289/743/289 2875/775/2875 2996/776/2996
vt 0.4781660139560699 0.7934659719467163
f 669/777/669 2732/745/2732 656/744/656
f 2906/744/2906 2439/776/2439 183/777/183
vt 0.4781660139560699 0.8100829720497131
f 2358/778/2358 2890/746/2890 440/745/440
f 1959/745/1959 1970/777/1970 808/778/808
vt 0.4781660139560699 0.8273270130157471
f 1760/779/1760 1752/747/1752 2018/746/2018
f 1060/746/1060 1091/778/1091 1812/779/1812
vt 0.4781660139560699 0.8452870249748230
f 1887/780/1887 2802/748/2802 1769/747/1769
f 482/747/482 231/779/231 2800/780/2800
vt 0.4781660139560699 0.8645809888839722
f 1997/781/1997 1311/749/1311 1203/748/1203
f 1680/748/1680 1980/780/1980 900/781/900
vt 0.4781660139560699 0.8838739991188049
f 2090/782/2090 1605/750/1605 1378/749/1378
f 614/749/614 1411/781/1411 154/782/154
vt 0.4929600059986115 0.4479599893093109
vt 0.4855630099773407 0.4479599893093109
vt 0.4855630099773407 0.4387040138244629
f 1229/783/1229 2455/784/2455 926/785/926
vt 0.4929600059986115 0.4387040138244629
f 918/785/918 2794/786/2794 2787/783/2787
f 544/784/544 861/751/861 571/754/571
f 1294/754/1294 1526/785/1526 1396/784/1396
vt 0.4929600059986115 0.4657520055770874
f 1394/784/1394 1474/783/1474 782/787/782
f 396/756/396 1184/751/1184 2022/784/2022
f 2141/787/2141 2536/756/2536 2517/784/2517
vt 0.4929600059986115 0.4828920066356659
f 351/788/351 1609/757/1609 1400/756/1400
f 2020/756/2020 1918/787/1918 1313/788/1313
vt 0.4929600059986115 0.4988139867782593
f 2909/789/2909 2383/758/2383 2440/757/2440
f 1933/757/1933 2009/788/2009 1338/789/1338
vt 0.4929600059986115 0.5147370100021362
vt 0.4781660139560699 0.5147370100021362
f 1533/790/1533 1359/791/1359 289/758/289
f 1140/758/1140 2586/789/2586 2585/790/2585
vt 0.4781660139560699 0.5226989984512329
f 706/792/706 813/791/813 814/790/814
vt 0.4929600059986115 0.5306599736213684
vt 0.4781660139560699 0.5306599736213684
f 556/793/556 1545/794/1545 1007/792/1007
f 836/790/836 1977/793/1977 2067/792/2067
vt 0.4781660139560699 0.5382480025291443
f 2115/795/2115 1690/794/1690 722/793/722
vt 0.4929600059986115 0.5458350181579590
f 1579/796/1579 146/760/146 656/795/656
f 254/793/254 1564/796/1564 505/795/505
vt 0.4929600059986115 0.5621359944343567
f 1741/797/1741 1308/761/1308 1344/760/1344
f 2210/760/2210 1886/796/1886 1746/797/1746
vt 0.4929600059986115 0.5766620039939880
f 167/798/167 254/762/254 505/761/505
f 298/761/298 2336/797/2336 66/798/66
vt 0.4929600059986115 0.5909619927406311
f 2471/799/2471 1768/763/1768 2491/762/2491
f 177/762/177 252/798/252 2755/799/2755
vt 0.4929600059986115 0.6050850152969360
f 2227/800/2227 337/764/337 1599/763/1599
f 643/763/643 647/799/647 1413/800/1413
vt 0.4929600059986115 0.6190789937973022
f 2173/801/2173 779/765/779 2679/764/2679
f 3058/764/3058 3059/800/3059 3031/801/3031
vt 0.4929600059986115 0.6329879760742188
f 2822/802/2822 2895/766/2895 209/765/209
f 2076/765/2076 860/801/860 812/802/812
vt 0.4929600059986115 0.6468589901924133
f 745/803/745 2049/767/2049 1075/766/1075
f 2840/766/2840 2362/802/2362 1219/803/1219
vt 0.4929600059986115 0.6607329845428467
f 26/804/26 15/768/15 3009/767/3009
f 2000/767/2000 976/803/976 1926/804/1926
vt 0.4929600059986115 0.6746550202369690
f 3009/805/3009 3021/769/3021 3061/768/3061
f 2882/768/2882 2444/804/2444 499/805/499
vt 0.4929600059986115 0.6886699795722961
f 1160/806/1160 367/770/367 787/769/787
f 2994/769/2994 1043/805/1043 994/806/994
vt 0.4929600059986115 0.7028220295906067
f 3062/807/3062 3007/771/3007 3014/770/3014
f 1700/770/1700 876/806/876 683/807/683
vt 0.4929600059986115 0.7171589732170105
f 2963/808/2963 733/772/733 496/771/496
f 621/771/621 564/807/564 2740/808/2740
vt 0.4929600059986115 0.7317299842834473
f 328/809/328 2082/773/2082 2247/772/2247
f 2761/772/2761 157/808/157 1842/809/1842
vt 0.4929600059986115 0.7465869784355164
f 2349/810/2349 230/774/230 2397/773/2397
f 652/773/652 2644/809/2644 2745/810/2745
vt 0.4929600059986115 0.7617880105972290
f 469/811/469 470/775/470 2900/774/2900
f 1974/774/1974 1984/810/1984 898/811/898
vt 0.4929600059986115 0.7773910164833069
f 552/812/552 1672/776/1672 1406/775/1406
f 2700/775/2700 795/811/795 2573/812/2573
vt 0.4929600059986115 0.7934659719467163
f 2470/813/2470 2826/777/2826 2415/776/2415
f 963/776/963 938/812/938 1191/813/1191
vt 0.4929600059986115 0.8100829720497131
f 316/814/316 2243/778/2243 1981/777/1981
f 193/777/193 450/813/450 221/814/221
vt 0.4929600059986115 0.8273270130157471
f 1084/815/1084 2269/779/2269 2036/778/2036
f 2651/778/2651 2321/814/2321 2244/815/2244
vt 0.4929600059986115 0.8452870249748230
f 96/816/96 848/780/848 841/779/841
f 2122/779/2122 1464/815/1464 1512/816/1512
vt 0.4929600059986115 0.8645809888839722
f 365/817/365 1302/781/1302 1638/780/1638
f 2/780/2 437/816/437 2484/817/2484
vt 0.4929600059986115 0.8838739991188049
f 816/818/816 857/782/857 68/781/68
f 1216/781/1216 2807/817/2807 966/818/966
vt 0.5077530145645142 0.4479599893093109
vt 0.5003569722175598 0.4479599893093109
vt 0.5003569722175598 0.4387040138244629
f 2788/819/2788 946/820/946 390/821/390
vt 0.5077530145645142 0.4387040138244629
f 1322/821/1322 1321/822/1321 1751/819/1751
f 1430/820/1430 566/783/566 2738/786/2738
f 1073/786/1073 2251/821/2251 59/820/59
vt 0.5077530145645142 0.4657520055770874
f 1073/820/1073 699/819/699 1082/823/1082
f 801/787/801 1133/783/1133 802/820/802
f 2757/823/2757 164/787/164 1995/820/1995
vt 0.5077530145645142 0.4828920066356659
f 3056/824/3056 334/788/334 2149/787/2149
f 595/787/595 1438/823/1438 535/824/535
vt 0.5077530145645142 0.4988139867782593
f 727/825/727 626/789/626 713/788/713
f 889/788/889 56/824/56 1717/825/1717
vt 0.5077530145645142 0.5147370100021362
f 3010/826/3010 3043/790/3043 2923/789/2923
f 1967/789/1967 1181/825/1181 1676/826/1676
vt 0.5077530145645142 0.5306599736213684
f 2045/827/2045 1671/793/1671 1791/790/1791
f 418/790/418 1914/826/1914 2460/827/2460
vt 0.5077530145645142 0.5458350181579590
f 1087/828/1087 2068/796/2068 689/793/689
f 700/793/700 879/827/879 2618/828/2618
vt 0.5077530145645142 0.5621359944343567
f 2991/829/2991 983/797/983 1550/796/1550
f 554/796/554 667/828/667 1424/829/1424
vt 0.5077530145645142 0.5766620039939880
f 271/830/271 1026/798/1026 147/797/147
f 1687/797/1687 808/829/808 1697/830/1697
vt 0.5077530145645142 0.5909619927406311
f 2179/831/2179 2170/799/2170 2709/798/2709
f 2813/798/2813 1344/830/1344 1917/831/1917
vt 0.5077530145645142 0.6050850152969360
f 545/832/545 1547/800/1547 1412/799/1412
f 1630/799/1630 1286/831/1286 2514/832/2514
vt 0.5077530145645142 0.6190789937973022
f 2250/833/2250 1071/801/1071 2090/800/2090
f 2432/800/2432 1771/832/1771 1929/833/1929
vt 0.5077530145645142 0.6329879760742188
f 2876/834/2876 2409/802/2409 236/801/236
f 63/801/63 315/833/315 314/834/314
vt 0.5077530145645142 0.6468589901924133
f 2518/835/2518 1489/803/1489 274/802/274
f 1390/802/1390 2564/834/2564 1104/835/1104
vt 0.5077530145645142 0.6607329845428467
f 463/836/463 2781/804/2781 25/803/25
f 2502/803/2502 1891/835/1891 802/836/802
vt 0.5077530145645142 0.6746550202369690
f 651/837/651 545/805/545 1548/804/1548
f 1457/804/1457 1372/836/1372 2591/837/2591
vt 0.5077530145645142 0.6886699795722961
f 1348/838/1348 1881/806/1881 1310/805/1310
f 2949/805/2949 2766/837/2766 592/838/592
vt 0.5077530145645142 0.7028220295906067
f 203/839/203 2785/807/2785 2374/806/2374
f 1181/806/1181 148/838/148 2754/839/2754
vt 0.5077530145645142 0.7171589732170105
f 2709/840/2709 2170/808/2170 2033/807/2033
f 212/807/212 2849/839/2849 2352/840/2352
vt 0.5077530145645142 0.7317299842834473
f 510/841/510 497/809/497 123/808/123
f 755/808/755 2982/840/2982 661/841/661
vt 0.5077530145645142 0.7465869784355164
f 2131/842/2131 2216/810/2216 1465/809/1465
f 257/809/257 2430/841/2430 465/842/465
vt 0.5077530145645142 0.7617880105972290
f 421/843/421 929/811/929 1881/810/1881
f 2793/810/2793 1920/842/1920 1321/843/1321
vt 0.5077530145645142 0.7773910164833069
f 1440/844/1440 879/812/879 847/811/847
f 2070/811/2070 2111/843/2111 1691/844/1691
vt 0.5077530145645142 0.7934659719467163
f 2070/845/2070 1728/813/1728 2341/812/2341
f 804/812/804 2202/844/2202 2210/845/2210
vt 0.5077530145645142 0.8100829720497131
f 2747/846/2747 1435/814/1435 149/813/149
f 452/813/452 476/845/476 192/846/192
vt 0.5077530145645142 0.8273270130157471
f 1071/847/1071 2319/815/2319 1783/814/1783
f 1427/814/1427 1567/846/1567 144/847/144
vt 0.5077530145645142 0.8452870249748230
f 2566/848/2566 1106/816/1106 1373/815/1373
f 262/815/262 2887/847/2887 446/848/446
vt 0.5077530145645142 0.8645809888839722
f 204/849/204 2876/817/2876 2479/816/2479
f 753/816/753 1004/848/1004 130/849/130
vt 0.5077530145645142 0.8838739991188049
f 2069/850/2069 292/818/292 2044/817/2044
f 309/817/309 1786/849/1786 2313/850/2313
vt 0.5151500105857849 0.4479599893093109
f 3033/851/3033 1447/819/1447 10/822/10
vt 0.5151500105857849 0.4387040138244629
f 1068/822/1068 105/852/105 1782/851/1782
vt 0.4040899872779846 0.4146350026130676
vt 0.4040899872779846 0.3972240090370178
vt 0.4073050022125244 0.3998149931430817
f 2646/853/2646 314/854/314 886/855/886
vt 0.4106009900569916 0.4023190140724182
vt 0.4139780104160309 0.4047330021858215
f 617/853/617 2742/856/2742 551/857/551
f 2846/853/2846 2883/855/2883 2891/856/2891
vt 0.4040899872779846 0.4312849938869476
f 1071/858/1071 1605/853/1605 2090/634/2090
f 950/634/950 951/633/951 1994/858/1994
vt 0.4174369871616364 0.4070590138435364
f 1374/853/1374 1655/859/1655 1940/634/1940
vt 0.4040899872779846 0.4472579956054688
f 72/860/72 1940/858/1940 889/633/889
f 2954/633/2954 269/636/269 1834/860/1834
f 3035/859/3035 3058/853/3058 3030/857/3030
vt 0.4209780097007751 0.4092949926853180
vt 0.4246009886264801 0.4114429950714111
f 1676/634/1676 701/861/701 874/862/874
vt 0.4283039867877960 0.4135020077228546
vt 0.4320879876613617 0.4154739975929260
f 1391/632/1391 2211/863/2211 1401/864/1401
f 1868/632/1868 131/862/131 1858/863/1858
vt 0.4355570077896118 0.4171720147132874
f 2505/632/2505 1751/865/1751 2002/630/2002
f 864/632/864 909/634/909 1942/862/1942
f 2566/865/2566 1107/632/1107 1261/864/1261
f 618/859/618 134/861/134 658/634/658
vt 0.4040899872779846 0.4774650037288666
vt 0.4040899872779846 0.4626289904117584
f 1695/866/1695 2170/867/2170 2685/638/2685
f 2236/638/2236 1957/640/1957 2098/866/2098
vt 0.4040899872779846 0.5057650208473206
vt 0.4040899872779846 0.4918259978294373
f 21/642/21 8/868/8 3026/869/3026
f 1109/869/1109 407/866/407 1110/640/1110
f 2660/640/2660 1415/642/1415 746/869/746
f 1568/867/1568 2949/860/2949 592/636/592
f 1258/636/1258 717/638/717 2588/867/2588
vt 0.4040899872779846 0.5193319916725159
f 2976/868/2976 734/644/734 261/870/261
vt 0.4040899872779846 0.5455210208892822
vt 0.4040899872779846 0.5325700044631958
f 1477/871/1477 2249/872/2249 2131/646/2131
f 846/646/846 1734/648/1734 2660/871/2660
f 2532/872/2532 1081/870/1081 347/644/347
f 686/644/686 895/646/895 1649/872/1649
f 2660/868/2660 1734/642/1734 1415/644/1415
f 1223/645/1223 1195/643/1195 1211/699/1211
vt 0.4040899872779846 0.5582230091094971
f 992/873/992 311/871/311 1847/648/1847
f 2673/648/2673 94/650/94 29/873/29
vt 0.4390870034694672 0.4187960028648376
f 2368/630/2368 2388/874/2388 466/693/466
vt 0.4426780045032501 0.4203459918498993
vt 0.4463300108909607 0.4218220114707947
f 1823/693/1823 1318/875/1318 987/876/987
f 125/693/125 1834/874/1834 1052/875/1052
f 1527/694/1527 2123/693/2123 2124/876/2124
vt 0.4500420093536377 0.4232240021228790
vt 0.4538150131702423 0.4245530068874359
f 2475/694/2475 276/877/276 2844/878/2844
f 2145/694/2145 1483/876/1483 2148/877/2148
vt 0.4577260017395020 0.4258320033550262
f 675/879/675 605/694/605 2751/878/2751
vt 0.4615420103073120 0.4269889891147614
f 358/755/358 1273/879/1273 1492/880/1492
vt 0.4651719927787781 0.4280090034008026
vt 0.4688400030136108 0.4289639890193939
f 2390/755/2390 459/881/459 2462/882/2462
f 1922/755/1922 956/880/956 955/881/955
f 1922/755/1922 1906/723/1906 1334/694/1334
f 1997/882/1997 1203/753/1203 1770/755/1770
vt 0.4725480079650879 0.4298529922962189
f 1431/753/1431 577/882/577 546/883/546
f 2436/879/2436 761/755/761 1451/694/1451
vt 0.4581150114536285 0.5159320235252380
vt 0.4544959962368011 0.5177400112152100
f 1440/884/1440 579/885/579 879/699/879
vt 0.4515970051288605 0.5209839940071106
f 2428/699/2428 2915/885/2915 393/886/393
f 42/699/42 6/698/6 3067/726/3067
vt 0.4497790038585663 0.5254229903221130
f 2369/887/2369 2896/699/2896 190/886/190
vt 0.4496290087699890 0.5304629802703857
vt 0.4512400031089783 0.5352010130882263
f 470/701/470 1274/888/1274 188/889/188
f 170/645/170 655/699/655 176/701/176
f 2847/701/2847 1/699/1 2484/888/2484
f 2345/699/2345 1958/887/1958 837/888/837
vt 0.4620319902896881 0.5155609846115112
f 1114/890/1114 1276/884/1276 777/699/777
f 2502/791/2502 1507/890/1507 453/699/453
vt 0.4698190093040466 0.5186100006103516
vt 0.4660069942474365 0.5164120197296143
f 2498/791/2498 2892/891/2892 2979/892/2979
f 697/791/697 1719/726/1719 708/758/708
vt 0.4578109979629517 0.5414689779281616
vt 0.4540939927101135 0.5389930009841919
f 455/893/455 2839/727/2839 110/894/110
vt 0.4696039855480194 0.5409740209579468
vt 0.4726530015468597 0.5382670164108276
f 319/895/319 2033/896/2033 2066/759/2066
vt 0.4658809900283813 0.5423989892005920
f 203/759/203 2358/897/2358 440/895/440
vt 0.4618709981441498 0.5425360202789307
f 1711/898/1711 720/727/720 91/893/91
f 1476/699/1476 2344/726/2344 2296/791/2296
f 2916/889/2916 2907/894/2907 2492/701/2492
f 2953/865/2953 114/874/114 1056/630/1056
f 2670/897/2670 725/728/725 714/898/714
vt 0.4040899872779846 0.5707110166549683
f 638/899/638 1722/873/1722 87/650/87
f 2224/650/2224 1500/652/1500 775/899/775
vt 0.4040899872779846 0.5951769948005676
vt 0.4040899872779846 0.5830190181732178
f 136/654/136 2984/900/2984 1058/901/1058
f 1509/901/1509 1508/899/1508 1382/652/1382
vt 0.4040899872779846 0.6191650032997131
vt 0.4040899872779846 0.6072160005569458
f 2902/902/2902 2469/903/2469 2873/656/2873
f 1527/656/1527 2412/658/2412 2202/902/2202
vt 0.4040899872779846 0.6429039835929871
vt 0.4040899872779846 0.6310520172119141
f 131/904/131 636/905/636 643/660/643
f 3022/660/3022 728/662/728 1860/904/1860
f 2730/905/2730 2201/902/2201 2731/658/2731
f 752/658/752 575/660/575 1029/905/1029
f 2129/903/2129 1125/900/1125 1535/654/1535
f 3009/654/3009 3045/656/3045 2601/903/2601
f 714/652/714 2658/654/2658 90/901/90
vt 0.4040899872779846 0.6547489762306213
f 90/906/90 2620/904/2620 2619/662/2619
vt 0.4040899872779846 0.6666129827499390
f 1943/906/1943 58/664/58 877/907/877
vt 0.4040899872779846 0.6905090212821960
vt 0.4040899872779846 0.6785240173339844
f 1591/908/1591 612/909/612 178/666/178
f 324/666/324 2081/668/2081 2242/908/2242
f 1175/909/1175 2590/907/2590 2234/664/2234
f 2600/664/2600 804/666/804 1264/909/1264
vt 0.4040899872779846 0.7025979757308960
f 2552/910/2552 2516/908/2516 2199/668/2199
f 883/668/883 2309/670/2309 2641/910/2641
vt 0.4040899872779846 0.7148180007934570
f 2160/911/2160 2683/910/2683 2165/670/2165
f 2505/670/2505 474/672/474 1322/911/1322
vt 0.4040899872779846 0.7397810220718384
vt 0.4040899872779846 0.7272019982337952
f 2729/674/2729 2188/912/2188 2192/913/2192
f 2226/913/2226 2595/911/2595 1125/672/1125
f 676/672/676 627/674/627 3016/913/3016
vt 0.4040899872779846 0.7790420055389404
vt 0.4040899872779846 0.7656630277633667
f 1095/914/1095 2331/915/2331 1806/678/1806
f 2158/678/2158 1523/680/1523 1378/914/1378
vt 0.4040899872779846 0.8068879842758179
vt 0.4040899872779846 0.7927680015563965
f 2317/916/2317 2314/917/2314 2102/682/2102
f 2572/682/2572 2574/684/2574 1148/916/1148
f 551/917/551 1542/914/1542 570/680/570
f 2489/680/2489 218/682/218 2479/917/2479
vt 0.4040899872779846 0.7525889873504639
f 778/918/778 1231/912/1231 2165/676/2165
vt 0.4040899872779846 0.8214529752731323
vt 0.4040899872779846 0.8365190029144287
f 1679/919/1679 881/686/881 724/920/724
vt 0.4040899872779846 0.8684120178222656
vt 0.4040899872779846 0.8521490097045898
f 155/921/155 1721/922/1721 2614/688/2614
f 2771/688/2771 1576/690/1576 1577/921/1577
f 1215/688/1215 438/922/438 182/920/182
vt 0.4040899872779846 0.8853889703750610
vt 0.4114939868450165 0.9031680226325989
f 24/923/24 2672/692/2672 2677/924/2677
vt 0.4040899872779846 0.9031680226325989
f 2542/923/2542 1289/924/1289 1367/925/1367
vt 0.4188970029354095 0.9031680226325989
f 1831/924/1831 128/692/128 2365/926/2365
f 1256/923/1256 1522/921/1522 2161/690/2161
f 2818/690/2818 1195/692/1195 2027/923/2027
f 2652/919/2652 1790/916/1790 1079/684/1079
f 193/684/193 221/686/221 2886/919/2886
f 2238/915/2238 1540/918/1540 1370/676/1370
f 1370/676/1370 1449/678/1449 1369/915/1369
f 140/906/140 1097/662/1097 1059/664/1059
f 803/645/803 1122/701/1122 798/647/798
f 292/898/292 1777/728/1777 2043/727/2043
f 817/727/817 2113/701/2113 1984/894/1984
f 82/912/82 1685/674/1685 91/676/91
f 1228/759/1228 357/728/357 946/897/946
vt 0.4263010025024414 0.9031680226325989
f 2656/926/2656 2610/692/2610 67/927/67
vt 0.4337039887905121 0.9031680226325989
f 226/692/226 2898/691/2898 2359/928/2359
f 2817/928/2817 1752/927/1752 1760/692/1760
f 563/920/563 1546/686/1546 728/688/728
vt 0.4411079883575439 0.9031680226325989
f 1098/691/1098 2307/929/2307 304/928/304
vt 0.4485110044479370 0.9031680226325989
f 2504/691/2504 282/722/282 225/930/225
f 1295/930/1295 1636/929/1636 339/691/339
vt 0.4633190035820007 0.9031680226325989
f 2693/722/2693 852/750/852 2617/931/2617
vt 0.4559150040149689 0.9031680226325989
f 481/931/481 213/932/213 2805/722/2805
vt 0.4707219898700714 0.9031680226325989
f 2720/750/2720 787/933/787 2195/931/2195
f 2552/932/2552 2199/930/2199 481/722/481
vt 0.4781259894371033 0.9031680226325989
f 2094/750/2094 2052/782/2052 2295/934/2295
f 174/934/174 1555/933/1555 2752/750/2752
vt 0.4762949943542480 0.4306760132312775
f 1227/753/1227 409/883/409 2816/935/2816
vt 0.4801059961318970 0.4314379990100861
f 2625/754/2625 884/935/884 703/936/703
vt 0.4839729964733124 0.4321370124816895
vt 0.4878459870815277 0.4327630102634430
f 944/785/944 1885/937/1885 1899/938/1899
f 1272/754/1272 2153/936/2153 2535/937/2535
f 1591/785/1591 178/754/178 758/937/758
f 3034/938/3034 3026/786/3026 3029/785/3029
vt 0.4954720139503479 0.4337899982929230
vt 0.4916740059852600 0.4333119988441467
f 3034/939/3034 2475/786/2475 332/940/332
f 2502/938/2502 2418/940/2418 1891/786/1891
vt 0.4992870092391968 0.4342040121555328
f 2090/821/2090 2128/939/2128 2046/941/2046
vt 0.5031200051307678 0.4345549941062927
vt 0.5069699883460999 0.4348419904708862
f 85/822/85 321/942/321 2665/943/2665
f 416/821/416 1593/941/1593 680/942/680
f 2289/942/2289 2640/822/2640 78/821/78
f 2954/851/2954 2877/823/2877 269/819/269
vt 0.5108379721641541 0.4350650012493134
f 1868/822/1868 636/943/636 131/944/131
f 2577/939/2577 2178/821/2178 1155/786/1155
vt 0.4729610085487366 0.5221670269966125
f 2178/945/2178 775/891/775 2695/791/2695
f 2708/890/2708 1449/791/1449 2707/892/2707
f 33/945/33 43/791/43 543/792/543
vt 0.4749870002269745 0.5267320275306702
f 763/946/763 1002/945/1002 113/792/113
vt 0.4747279882431030 0.5345140099525452
f 2155/795/2155 1467/896/1467 1468/947/1468
vt 0.4754909873008728 0.5302889943122864
f 390/946/390 392/794/392 928/948/928
f 914/948/914 61/794/61 2669/947/2669
f 2117/792/2117 2076/794/2076 2111/946/2111
vt 0.5225470066070557 0.5064079761505127
f 1551/949/1551 657/826/657 1425/825/1425
vt 0.5225470066070557 0.4911699891090393
f 710/825/710 901/824/901 900/950/900
f 1243/896/1243 1173/795/1173 2184/760/2184
vt 0.5225470066070557 0.5359960198402405
f 2317/951/2317 2267/828/2267 1777/827/1777
vt 0.5225470066070557 0.5574430227279663
f 2553/952/2553 194/829/194 249/828/249
vt 0.5225470066070557 0.5213469862937927
f 2770/827/2770 75/826/75 155/953/155
f 2198/947/2198 2234/794/2234 1117/795/1117
vt 0.5225470066070557 0.4756239950656891
f 690/824/690 2290/823/2290 2300/954/2300
f 2291/754/2291 341/753/341 54/935/54
vt 0.5147240161895752 0.4352230131626129
f 688/852/688 2040/944/2040 2291/955/2291
vt 0.5225470066070557 0.4435710012912750
f 96/956/96 1973/851/1973 2668/852/2668
vt 0.5186259746551514 0.4353179931640625
f 2032/955/2032 1742/957/1742 1358/852/1358
vt 0.5225470066070557 0.4597609937191010
f 1345/958/1345 1221/823/1221 2389/851/2389
vt 0.5225470066070557 0.5139139890670776
f 2910/959/2910 1346/826/1346 2020/949/2020
vt 0.5225470066070557 0.4988270103931427
f 2793/949/2793 973/825/973 940/960/940
f 2109/960/2109 2248/825/2248 2069/950/2069
f 1293/957/1293 1299/956/1299 2539/852/2539
f 2236/826/2236 1365/959/1365 2166/953/2166
vt 0.5225470066070557 0.4677329957485199
f 962/958/962 152/961/152 2745/823/2745
vt 0.5225470066070557 0.4353500008583069
f 1440/957/1440 847/962/847 874/956/874
vt 0.5225470066070557 0.4517079889774323
f 2076/963/2076 2296/958/2296 2344/851/2344
vt 0.5225470066070557 0.4834359884262085
f 479/964/479 749/950/749 2921/824/2921
f 376/954/376 1622/823/1622 1611/961/1611
f 1336/824/1336 1920/954/1920 398/964/398
f 2670/956/2670 714/963/714 684/851/684
vt 0.5225470066070557 0.5850989818572998
f 2040/965/2040 1780/831/1780 2291/830/2291
vt 0.5225470066070557 0.5918509960174561
f 1216/831/1216 919/965/919 2807/966/2807
vt 0.5225470066070557 0.5782819986343384
f 1578/965/1578 560/830/560 646/967/646
vt 0.5225470066070557 0.5985400080680847
f 329/968/329 2082/831/2082 1978/966/1978
vt 0.5225470066070557 0.6117349863052368
f 2518/833/2518 276/832/276 1299/969/1299
vt 0.5225470066070557 0.6051679849624634
f 913/970/913 1173/969/1173 2648/832/2648
f 679/832/679 123/968/123 2756/970/2756
f 2025/968/2025 969/832/969 1342/831/1342
vt 0.5225470066070557 0.5503619909286499
f 2017/971/2017 1342/952/1342 2483/828/2483
vt 0.5225470066070557 0.5432140231132507
f 1504/951/1504 1492/972/1492 1273/828/1273
f 1402/972/1402 1603/971/1603 2540/828/2540
vt 0.5225470066070557 0.5714020133018494
f 70/830/70 701/973/701 1236/967/1236
f 1356/830/1356 2027/829/2027 1357/973/1357
vt 0.5225470066070557 0.5644549727439880
f 2770/829/2770 155/974/155 616/973/616
f 1932/952/1932 1933/974/1933 1338/829/1338
vt 0.5225470066070557 0.5287070274353027
f 2594/827/2594 2186/975/2186 1162/951/1162
f 2320/827/2320 2332/953/2332 286/975/286
f 725/822/725 2299/944/2299 1074/852/1074
vt 0.5225470066070557 0.6374059915542603
f 740/834/740 1003/976/1003 498/835/498
vt 0.5225470066070557 0.6682800054550171
f 2813/836/2813 2814/977/2814 432/837/432
vt 0.5225470066070557 0.6560570001602173
f 2813/978/2813 1333/836/1333 1204/835/1204
vt 0.5225470066070557 0.6935049891471863
f 547/838/547 605/979/605 621/839/621
vt 0.5225470066070557 0.7268559932708740
f 1439/840/1439 1589/980/1589 1575/841/1575
vt 0.5225470066070557 0.7132620215415955
f 1160/981/1160 787/840/787 1121/839/1121
vt 0.5225470066070557 0.6807379722595215
f 1908/982/1908 401/838/401 200/837/200
vt 0.5225470066070557 0.7551159858703613
f 2180/842/2180 771/983/771 2681/843/2681
vt 0.5225470066070557 0.7849040031433105
f 369/844/369 1475/984/1475 2529/845/2529
vt 0.5225470066070557 0.7698109745979309
f 2301/985/2301 2107/844/2107 2264/843/2264
vt 0.5225470066070557 0.8163470029830933
f 1402/846/1402 1460/986/1460 1238/847/1238
vt 0.5225470066070557 0.8410999774932861
vt 0.5225470066070557 0.8495870232582092
f 1986/987/1986 1962/988/1962 906/848/906
vt 0.5225470066070557 0.8327329754829407
f 2502/989/2502 243/848/243 2418/847/2418
vt 0.5225470066070557 0.8004099726676941
f 71/990/71 1707/846/1707 1715/845/1715
vt 0.5225470066070557 0.7408019900321960
f 2310/991/2310 1090/842/1090 345/841/345
vt 0.4855290055274963 0.9031680226325989
f 2816/782/2816 1888/992/1888 2006/934/2006
vt 0.5077400207519531 0.9031680226325989
f 1867/818/1867 2948/850/2948 1047/993/1047
vt 0.5003359913825989 0.9031680226325989
f 157/993/157 162/994/162 2942/818/2942
vt 0.4929330050945282 0.9031680226325989
f 637/782/637 509/818/509 2987/995/2987
f 738/995/738 2973/992/2973 510/782/510
f 887/994/887 2088/995/2088 2045/818/2045
vt 0.5225470066070557 0.8669289946556091
vt 0.5225470066070557 0.8757899999618530
f 2487/996/2487 2908/997/2908 2419/849/2419
vt 0.5225470066070557 0.8581960201263428
f 1424/998/1424 667/996/667 2949/849/2949
f 2587/849/2587 1174/997/1174 1257/850/1257
vt 0.5151429772377014 0.9031680226325989
f 2855/993/2855 2901/850/2901 2438/999/2438
vt 0.5225470066070557 0.8939070105552673
f 2368/1000/2368 2438/999/2438 2473/850/2473
vt 0.5225470066070557 0.9031680226325989
f 563/999/563 541/1000/541 1546/1001/1546
vt 0.5225470066070557 0.8847820162773132
f 1149/850/1149 945/1002/945 946/1000/946
f 302/1002/302 288/850/288 1789/997/1789
f 2880/998/2880 2873/849/2873 2431/848/2431
f 1348/848/1348 1338/988/1338 961/998/961
vt 0.5225470066070557 0.6246870160102844
f 2519/1003/2519 370/834/370 1483/833/1483
vt 0.5225470066070557 0.6870819926261902
f 1702/838/1702 62/1004/62 1725/979/1725
vt 0.5225470066070557 0.6744710206985474
f 1931/977/1931 677/1005/677 1844/837/1844
f 473/982/473 2377/837/2377 452/1005/452
vt 0.5225470066070557 0.7200160026550293
f 559/840/559 566/981/566 533/1006/533
vt 0.5225470066070557 0.7000089883804321
f 974/979/974 1326/1007/1326 948/839/948
vt 0.5225470066070557 0.7065939903259277
f 2115/1008/2115 1054/839/1054 1779/1007/1779
f 3006/981/3006 3064/839/3064 17/1008/17
vt 0.5225470066070557 0.6436790227890015
f 1143/835/1143 2516/976/2516 1604/1009/1604
vt 0.5225470066070557 0.6310759782791138
f 2237/834/2237 1234/1003/1234 770/1010/770
vt 0.5225470066070557 0.6182410120964050
f 852/1003/852 685/833/685 2617/1011/2617
vt 0.5225470066070557 0.6621639728546143
f 611/978/611 1044/1012/1044 2764/836/2764
vt 0.5225470066070557 0.6498960256576538
f 828/1013/828 1972/978/1972 1667/835/1667
f 1392/1012/1392 2545/977/2545 1505/836/1505
f 195/1010/195 1765/976/1765 413/834/413
f 473/1013/473 2365/835/2365 1052/1009/1052
vt 0.5225470066070557 0.8083239793777466
f 47/990/47 38/1014/38 4/846/4
vt 0.5225470066070557 0.7926040291786194
f 2599/845/2599 1146/1015/1146 1145/990/1145
f 424/1014/424 1351/986/1351 976/846/976
f 2517/848/2517 363/989/363 1467/987/1467
vt 0.5225470066070557 0.8244829773902893
f 2531/847/2531 1286/1016/1286 1613/989/1613
f 1120/847/1120 1270/986/1270 2127/1016/2127
f 1072/984/1072 1811/1015/1811 1810/845/1810
vt 0.5225470066070557 0.7337840199470520
f 153/1017/153 576/991/576 619/841/619
f 264/841/264 475/980/475 2809/1017/2809
f 2176/840/2176 2706/1006/2706 2705/980/2705
vt 0.5225470066070557 0.7773069739341736
f 2918/985/2918 208/1018/208 467/844/467
vt 0.5225470066070557 0.7624149918556213
f 328/1019/328 2247/843/2247 2066/983/2066
vt 0.5225470066070557 0.7479119896888733
f 1049/983/1049 1001/842/1001 2860/1020/2860
f 1048/984/1048 662/844/662 180/1018/180
f 1934/843/1934 2002/1019/2002 1885/985/1885
f 634/991/634 2734/1020/2734 1050/842/1050
f 888/982/888 49/1004/49 1162/838/1162
f 138/1011/138 1005/833/1005 99/969/99
f 2498/760/2498 2895/759/2895 522/896/522
vt 0.2671859860420227 0.5228369832038879
vt 0.2741119861602783 0.5228369832038879
vt 0.2741119861602783 0.5118299722671509
f 2021/1021/2021 1748/1022/1748 1762/1023/1762
vt 0.2671859860420227 0.5118299722671509
f 2858/1023/2858 2876/1024/2876 204/1021/204
vt 0.2533339858055115 0.5448499917984009
vt 0.2671859860420227 0.5448499917984009
f 2195/1025/2195 2232/1026/2232 2233/1021/2233
vt 0.2533339858055115 0.5228369832038879
f 2346/1021/2346 2302/1027/2302 1064/1025/1064
vt 0.2394829988479614 0.5448499917984009
f 310/1028/310 2335/1025/2335 2329/1027/2329
vt 0.2394829988479614 0.5228369832038879
f 3040/1027/3040 3053/1029/3053 3051/1028/3051
vt 0.2256309986114502 0.5448499917984009
f 2905/1030/2905 2415/1028/2415 2835/1029/2835
vt 0.2256309986114502 0.5228369832038879
f 2905/1029/2905 2489/1031/2489 214/1030/214
vt 0.2533339858055115 0.5668630003929138
vt 0.2671859860420227 0.5668630003929138
f 138/1032/138 1817/1033/1817 550/1026/550
f 891/1026/891 299/1025/299 2634/1032/2634
vt 0.2394829988479614 0.5668630003929138
f 512/1034/512 1853/1032/1853 513/1025/513
f 905/1025/905 2638/1028/2638 2653/1034/2653
vt 0.2256309986114502 0.5668630003929138
f 712/1035/712 95/1034/95 1693/1028/1693
f 1250/1028/1250 341/1030/341 344/1035/344
vt 0.2533339858055115 0.5893689990043640
vt 0.2671859860420227 0.5893689990043640
f 179/1036/179 940/1037/940 973/1033/973
f 1677/1033/1677 696/1032/696 2635/1036/2635
vt 0.2394829988479614 0.5893689990043640
f 755/1038/755 661/1036/661 624/1032/624
f 1538/1032/1538 1399/1034/1399 2134/1038/2134
vt 0.2256309986114502 0.5893689990043640
f 1013/1039/1013 2969/1038/2969 1017/1034/1017
f 2223/1034/2223 764/1035/764 1446/1039/1446
vt 0.2803190052509308 0.5076339840888977
vt 0.2803190052509308 0.5008230209350586
vt 0.2760350108146667 0.5008230209350586
f 2859/1040/2859 1193/1041/1193 2892/1042/2892
vt 0.2717519998550415 0.5008230209350586
f 1734/1023/1734 825/1042/825 2750/1043/2750
vt 0.2674680054187775 0.5008230209350586
vt 0.2631840109825134 0.5008230209350586
f 2181/1024/2181 2205/1044/2205 2710/1045/2710
vt 0.2588999867439270 0.5008230209350586
f 2917/1024/2917 199/1045/199 459/1046/459
f 2917/1044/2917 2390/1024/2390 2391/1043/2391
vt 0.2803190052509308 0.5144190192222595
f 764/1047/764 2153/1040/2153 1490/1023/1490
vt 0.2803190052509308 0.5211899876594543
f 2537/1048/2537 368/1047/368 2155/1022/2155
f 1302/1023/1302 2548/1043/2548 1638/1024/1638
f 1640/1026/1640 2514/1022/2514 355/1021/355
f 2604/1022/2604 19/1047/19 3011/1023/3011
f 1309/1027/1309 936/1024/936 1890/1046/1890
vt 0.2803190052509308 0.5279610157012939
f 70/1022/70 719/1049/719 701/1048/701
f 2811/1040/2811 1177/1042/1177 442/1023/442
f 521/1021/521 1035/1024/1035 737/1027/737
vt 0.2546170055866241 0.5008230209350586
vt 0.2503330111503601 0.5008230209350586
f 763/1027/763 1819/1050/1819 501/1051/501
vt 0.2460490018129349 0.5008230209350586
f 1723/1027/1723 2645/1051/2645 79/1052/79
vt 0.2417650073766708 0.5008230209350586
vt 0.2374819964170456 0.5008230209350586
f 505/1029/505 1565/1053/1565 507/1054/507
vt 0.2331980019807816 0.5008230209350586
vt 0.2289139926433563 0.5008230209350586
f 2673/1031/2673 29/1055/29 32/1056/32
f 319/1055/319 2065/1029/2065 853/1054/853
f 2297/1053/2297 1662/1029/1662 1799/1052/1799
f 472/1029/472 216/1055/216 2383/1031/2383
vt 0.2246309965848923 0.5008230209350586
f 2909/1056/2909 2853/1057/2853 1745/1031/1745
vt 0.2203470021486282 0.5008230209350586
f 2657/1031/2657 866/1057/866 89/1058/89
vt 0.2160629928112030 0.5008230209350586
vt 0.2117789983749390 0.5008230209350586
vt 0.2117789983749390 0.5280699729919434
f 298/1059/298 1069/1060/1069 1808/1061/1808
f 2192/1059/2192 1239/1031/1239 2214/1058/2214
f 1887/1061/1887 1314/1031/1314 1904/1059/1904
f 2995/1027/2995 980/1052/980 1002/1029/1002
f 2279/1027/2279 2041/1046/2041 2240/1050/2240
vt 0.2803190052509308 0.5552409887313843
vt 0.2803190052509308 0.5483819842338562
f 913/1062/913 2648/1063/2648 1651/1026/1651
f 1766/1062/1766 2225/1026/2225 1355/1033/1355
vt 0.2803190052509308 0.5347459912300110
f 1701/1022/1701 2616/1026/2616 685/1064/685
vt 0.2803190052509308 0.5415509939193726
f 2505/1064/2505 232/1026/232 474/1065/474
f 1509/1063/1509 1462/1065/1462 1479/1026/1479
vt 0.2803190052509308 0.5620959997177124
f 1903/1066/1903 1766/1062/1766 1355/1033/1355
vt 0.2803190052509308 0.6029530167579651
vt 0.2803190052509308 0.5961290001869202
f 795/1067/795 1601/1068/1601 1108/1037/1108
vt 0.2803190052509308 0.5893229842185974
f 1431/1037/1431 2991/1068/2991 1550/1069/1550
vt 0.2803190052509308 0.5689219832420349
f 84/1070/84 907/1066/907 1709/1033/1709
vt 0.2803190052509308 0.5825260281562805
f 83/1069/83 1721/1071/1721 75/1037/75
vt 0.2803190052509308 0.5757290124893188
f 1417/1072/1417 572/1070/572 1543/1033/1543
f 112/1072/112 2932/1037/2932 1816/1071/1816
vt 0.2803190052509308 0.6098030209541321
vt 0.2631840109825134 0.6098030209541321
f 1792/1073/1792 2307/1067/2307 1791/1074/1791
vt 0.2117789983749390 0.5553129911422729
f 2360/1031/2360 259/1061/259 208/1075/208
f 2374/1075/2374 2785/1030/2785 2810/1031/2810
f 1160/1072/1160 2570/1033/2570 2522/1037/2522
vt 0.2117789983749390 0.5825499892234802
f 1205/1076/1205 1995/1039/1995 164/1035/164
f 1474/1035/1474 3057/1075/3057 28/1076/28
f 1339/1075/1339 1344/1035/1344 1308/1030/1308
f 2144/1074/2144 2071/1037/2071 1497/1036/1497
vt 0.2460490018129349 0.6098030209541321
f 1391/1036/1391 1401/1077/1401 2224/1074/2224
f 2392/1038/2392 1820/1077/1820 2930/1036/2930
vt 0.2289139926433563 0.6098030209541321
f 1865/1039/1865 178/1078/178 678/1077/678
f 1667/1077/1667 1972/1038/1972 2719/1039/2719
vt 0.2117789983749390 0.6098030209541321
f 1679/1039/1679 882/1079/882 881/1078/881
f 595/1076/595 1588/1079/1588 1438/1039/1438
f 937/1074/937 191/1067/191 2467/1037/2467
f 1455/1022/1455 363/1064/363 2551/1049/2551
vt 0.5536940097808838 0.4294480085372925
vt 0.5388720035552979 0.4294480085372925
vt 0.5388720035552979 0.4096759855747223
f 2840/1080/2840 195/1081/195 449/1082/449
vt 0.5536940097808838 0.4096759855747223
f 21/1082/21 3026/1083/3026 9/1080/9
vt 0.5536940097808838 0.4479599893093109
vt 0.5388720035552979 0.4479599893093109
f 3035/1084/3035 3060/1085/3060 3058/1081/3058
f 1227/1081/1227 393/1080/393 409/1084/409
vt 0.5536940097808838 0.4657520055770874
vt 0.5388720035552979 0.4657520055770874
f 1401/1086/1401 1500/1087/1500 2224/1085/2224
f 1959/1085/1959 625/1084/625 1970/1086/1970
vt 0.5536940097808838 0.4828920066356659
vt 0.5388720035552979 0.4828920066356659
f 2173/1088/2173 2235/1089/2235 2196/1087/2196
f 956/1087/956 1335/1086/1335 1593/1088/1593
vt 0.5536940097808838 0.4988139867782593
vt 0.5388720035552979 0.4988139867782593
f 1147/1090/1147 1703/1091/1703 169/1089/169
f 2746/1089/2746 2372/1088/2372 199/1090/199
vt 0.5536940097808838 0.5147370100021362
vt 0.5388720035552979 0.5147370100021362
f 2011/1092/2011 2025/1093/2025 2017/1091/2017
f 869/1091/869 683/1090/683 876/1092/876
vt 0.5536940097808838 0.5306599736213684
vt 0.5388720035552979 0.5306599736213684
f 153/1094/153 1058/1095/1058 3000/1093/3000
f 2969/1093/2969 494/1092/494 103/1094/103
vt 0.5536940097808838 0.5458350181579590
vt 0.5388720035552979 0.5458350181579590
f 2989/1096/2989 2273/1097/2273 2104/1095/2104
f 1113/1095/1113 1136/1094/1136 1501/1096/1501
vt 0.5536940097808838 0.5621359944343567
vt 0.5388720035552979 0.5621359944343567
f 2381/1098/2381 2810/1099/2810 277/1097/277
f 2927/1097/2927 2324/1096/2324 1023/1098/1023
vt 0.5536940097808838 0.5766620039939880
vt 0.5388720035552979 0.5766620039939880
f 1852/1100/1852 2999/1101/2999 1028/1099/1028
f 833/1099/833 2228/1098/2228 2071/1100/2071
vt 0.5536940097808838 0.5909619927406311
vt 0.5388720035552979 0.5909619927406311
f 1515/1102/1515 1623/1103/1623 1241/1101/1241
f 2077/1101/2077 329/1100/329 296/1102/296
vt 0.5536940097808838 0.6050850152969360
vt 0.5388720035552979 0.6050850152969360
f 677/1104/677 608/1105/608 2961/1103/2961
f 2301/1103/2301 291/1102/291 1795/1104/1795
vt 0.5536940097808838 0.6190789937973022
vt 0.5388720035552979 0.6190789937973022
f 1985/1106/1985 1717/1107/1717 56/1105/56
f 1045/1105/1045 1057/1104/1057 676/1106/676
vt 0.5536940097808838 0.6329879760742188
vt 0.5388720035552979 0.6329879760742188
f 1010/1108/1010 1861/1109/1861 1862/1107/1862
f 975/1107/975 2790/1106/2790 2031/1108/2031
vt 0.5536940097808838 0.6468589901924133
vt 0.5388720035552979 0.6468589901924133
f 2335/1110/2335 359/1111/359 2329/1109/2329
f 602/1109/602 567/1108/567 1590/1110/1590
vt 0.5536940097808838 0.6607329845428467
vt 0.5388720035552979 0.6607329845428467
f 2518/1112/2518 274/1113/274 276/1111/276
f 1609/1111/1609 2549/1110/2549 1510/1112/1510
vt 0.5536940097808838 0.6746550202369690
vt 0.5388720035552979 0.6746550202369690
f 1654/1114/1654 1939/1115/1939 1691/1113/1691
f 2070/1113/2070 1691/1112/1691 839/1114/839
vt 0.5536940097808838 0.6886699795722961
vt 0.5388720035552979 0.6886699795722961
f 58/1116/58 2575/1117/2575 1713/1115/1713
f 1758/1115/1758 2016/1114/2016 1894/1116/1894
vt 0.5536940097808838 0.7028220295906067
vt 0.5388720035552979 0.7028220295906067
f 1804/1118/1804 2309/1119/2309 1799/1117/1799
f 1361/1117/1361 2134/1116/2134 793/1118/793
vt 0.5536940097808838 0.7171589732170105
vt 0.5388720035552979 0.7171589732170105
f 2377/1120/2377 205/1121/205 452/1119/452
f 688/1119/688 1936/1118/1936 2662/1120/2662
vt 0.5536940097808838 0.7317299842834473
vt 0.5388720035552979 0.7317299842834473
f 2587/1122/2587 2569/1123/2569 1174/1121/1174
f 204/1121/204 2479/1120/2479 256/1122/256
vt 0.5536940097808838 0.7465869784355164
vt 0.5388720035552979 0.7465869784355164
f 399/1124/399 1342/1125/1342 969/1123/969
f 1422/1123/1422 570/1122/570 666/1124/666
vt 0.5536940097808838 0.7617880105972290
vt 0.5388720035552979 0.7617880105972290
f 1046/1126/1046 2375/1127/2375 462/1125/462
f 839/1125/839 1939/1124/1939 66/1126/66
vt 0.5536940097808838 0.7773910164833069
vt 0.5388720035552979 0.7773910164833069
f 2269/1128/2269 1715/1129/1715 2622/1127/2622
f 2840/1127/2840 449/1126/449 2466/1128/2466
vt 0.5536940097808838 0.7934659719467163
vt 0.5388720035552979 0.7934659719467163
f 425/1130/425 943/1131/943 426/1129/426
f 1350/1129/1350 967/1128/967 1772/1130/1772
vt 0.5536940097808838 0.8100829720497131
vt 0.5388720035552979 0.8100829720497131
f 424/1132/424 976/1133/976 1217/1131/1217
f 2000/1131/2000 939/1130/939 976/1132/976
vt 0.5536940097808838 0.8273270130157471
vt 0.5388720035552979 0.8273270130157471
f 1111/1134/1111 2557/1135/2557 2546/1133/2546
f 465/1133/465 2849/1132/2849 2861/1134/2861
vt 0.5536940097808838 0.8452870249748230
vt 0.5388720035552979 0.8452870249748230
f 356/1136/356 2137/1137/2137 2538/1135/2538
f 757/1135/757 496/1134/496 733/1136/733
vt 0.5462830066680908 0.8645809888839722
vt 0.5388720035552979 0.8645809888839722
f 184/1138/184 2870/1139/2870 102/1137/102
vt 0.5536940097808838 0.8645809888839722
f 2743/1136/2743 940/1140/940 179/1138/179
f 1833/1137/1833 2939/1136/2939 741/1138/741
vt 0.5462830066680908 0.8742269873619080
vt 0.5388720035552979 0.8742269873619080
f 556/1141/556 1573/1142/1573 1545/1139/1545
f 2762/1139/2762 145/1138/145 656/1141/656
vt 0.5536940097808838 0.8742269873619080
f 825/1143/825 1554/1141/1554 2750/1138/2750
f 1554/1138/1554 1747/1140/1747 574/1143/574
vt 0.5685009956359863 0.4294480085372925
f 1732/1144/1732 87/1080/87 723/1083/723
vt 0.5685009956359863 0.4096759855747223
f 1251/1083/1251 1254/1145/1254 1621/1144/1621
vt 0.5685009956359863 0.4479599893093109
f 1251/1146/1251 1118/1084/1118 1153/1080/1153
f 2865/1080/2865 243/1144/243 453/1146/453
vt 0.5685009956359863 0.4657520055770874
f 1845/1147/1845 506/1086/506 2986/1084/2986
f 887/1084/887 822/1146/822 1949/1147/1949
vt 0.5685009956359863 0.4828920066356659
f 1031/1148/1031 2947/1088/2947 98/1086/98
f 742/1086/742 2499/1147/2499 2429/1148/2429
vt 0.5685009956359863 0.4988139867782593
f 986/1149/986 739/1090/739 502/1088/502
f 2278/1088/2278 911/1148/911 1694/1149/1694
vt 0.5685009956359863 0.5147370100021362
f 1509/1150/1509 1385/1092/1385 1462/1090/1462
f 367/1090/367 1301/1149/1301 1631/1150/1631
vt 0.5685009956359863 0.5306599736213684
f 2280/1151/2280 2286/1094/2286 2034/1092/2034
f 567/1092/567 1410/1150/1410 540/1151/540
vt 0.5685009956359863 0.5458350181579590
f 2456/1152/2456 2887/1096/2887 2397/1094/2397
f 148/1094/148 606/1151/606 2754/1152/2754
vt 0.5685009956359863 0.5621359944343567
f 2477/1153/2477 2497/1098/2497 2894/1096/2894
f 2743/1096/2743 609/1152/609 940/1153/940
vt 0.5685009956359863 0.5766620039939880
f 2137/1154/2137 1462/1100/1462 2538/1098/2538
f 690/1098/690 1070/1153/1070 1276/1154/1276
vt 0.5685009956359863 0.5838119983673096
vt 0.5685009956359863 0.5909619927406311
f 2694/1155/2694 2703/1156/2703 2567/1102/2567
f 1390/1100/1390 1235/1154/1235 1134/1155/1134
f 2753/1102/2753 626/1100/626 2797/1155/2797
vt 0.5685009956359863 0.6329879760742188
f 411/1157/411 549/1108/549 1198/1106/1198
vt 0.5685009956359863 0.6190789937973022
f 2390/1106/2390 1198/1158/1198 2391/1157/2391
vt 0.5685009956359863 0.6468589901924133
f 1356/1159/1356 1928/1110/1928 2027/1108/2027
f 477/1108/477 2408/1157/2408 2821/1159/2821
vt 0.5685009956359863 0.6607329845428467
f 1024/1160/1024 2450/1112/2450 495/1110/495
f 2602/1110/2602 3004/1159/3004 36/1160/36
vt 0.5685009956359863 0.6746550202369690
f 2998/1161/2998 1000/1114/1000 509/1112/509
f 417/1112/417 670/1160/670 2436/1161/2436
vt 0.5685009956359863 0.6886699795722961
f 417/1162/417 2482/1116/2482 1209/1114/1209
f 1653/1114/1653 78/1161/78 77/1162/77
vt 0.5685009956359863 0.7028220295906067
f 1992/1163/1992 1352/1118/1352 1736/1116/1736
f 212/1116/212 2352/1162/2352 443/1163/443
vt 0.5685009956359863 0.7171589732170105
f 2849/1164/2849 2914/1120/2914 2861/1118/2861
f 1072/1118/1072 2086/1163/2086 816/1164/816
vt 0.5685009956359863 0.7317299842834473
f 1072/1165/1072 50/1122/50 682/1120/682
f 1143/1120/1143 1604/1164/1604 2568/1165/2568
vt 0.5685009956359863 0.7465869784355164
f 2769/1166/2769 1916/1124/1916 590/1122/590
f 444/1122/444 2411/1165/2411 2790/1166/2790
vt 0.5685009956359863 0.7617880105972290
f 187/1167/187 2413/1126/2413 2879/1124/2879
f 2916/1124/2916 2478/1166/2478 2907/1167/2907
vt 0.5685009956359863 0.7773910164833069
f 109/1168/109 110/1128/110 982/1126/982
f 200/1126/200 2783/1167/2783 240/1168/240
vt 0.5685009956359863 0.7934659719467163
f 1663/1169/1663 2625/1130/2625 694/1128/694
f 2193/1128/2193 2587/1168/2587 2229/1169/2229
vt 0.5685009956359863 0.8100829720497131
f 2881/1170/2881 208/1132/208 2417/1130/2417
f 2573/1130/2573 1168/1169/1168 1263/1170/1263
vt 0.5685009956359863 0.8273270130157471
f 259/1171/259 467/1134/467 208/1132/208
f 458/1132/458 259/1170/259 1200/1171/1200
vt 0.5685009956359863 0.8452870249748230
f 159/1172/159 549/1136/549 548/1134/548
f 834/1134/834 142/1171/142 1967/1172/1967
vt 0.5610970258712769 0.8645809888839722
f 1344/1173/1344 2486/1140/2486 1917/1136/1917
vt 0.5685009956359863 0.8645809888839722
f 1946/1172/1946 868/1174/868 867/1173/867
f 868/1136/868 2624/1172/2624 1660/1173/1660
vt 0.5832939743995667 0.4294480085372925
f 2060/1175/2060 2105/1144/2105 325/1145/325
vt 0.5832939743995667 0.4096759855747223
f 1428/1145/1428 1054/1176/1054 1585/1175/1585
vt 0.5832939743995667 0.4479599893093109
f 395/1177/395 1193/1146/1193 1893/1144/1893
f 1274/1144/1274 189/1175/189 188/1177/188
vt 0.5832939743995667 0.4657520055770874
f 959/1178/959 1897/1147/1897 1326/1146/1326
f 1325/1146/1325 249/1177/249 2006/1178/2006
vt 0.5832939743995667 0.4828920066356659
f 1228/1179/1228 389/1148/389 1139/1147/1139
f 1356/1147/1356 1312/1178/1312 1739/1179/1739
vt 0.5832939743995667 0.4988139867782593
f 1260/1180/1260 2728/1149/2728 1172/1148/1172
f 1686/1148/1686 563/1179/563 984/1180/984
vt 0.5832939743995667 0.5147370100021362
f 2881/1181/2881 2417/1150/2417 1316/1149/1316
f 1316/1149/1316 2809/1180/2809 970/1181/970
vt 0.5832939743995667 0.5306599736213684
f 2044/1182/2044 2255/1151/2255 323/1150/323
f 465/1150/465 2430/1181/2430 2849/1182/2849
vt 0.5832939743995667 0.5458350181579590
f 2843/1183/2843 2888/1152/2888 2794/1151/2794
f 51/1151/51 168/1182/168 1847/1183/1847
vt 0.5832939743995667 0.5621359944343567
f 1160/1184/1160 2522/1153/2522 367/1152/367
f 1869/1152/1869 756/1183/756 518/1184/518
vt 0.5758969783782959 0.5766620039939880
f 2048/1185/2048 290/1154/290 2041/1153/2041
vt 0.5832939743995667 0.5766620039939880
f 2077/1184/2077 2082/1186/2082 329/1185/329
f 1154/1153/1154 1150/1184/1150 1134/1185/1134
vt 0.5758969783782959 0.5838119983673096
f 200/1187/200 275/1155/275 1004/1154/1004
f 898/1154/898 1984/1185/1984 322/1187/322
vt 0.5832939743995667 0.5838119983673096
f 2964/1188/2964 2850/1187/2850 487/1185/487
f 2216/1185/2216 2219/1186/2219 1465/1188/1465
vt 0.5832939743995667 0.6468589901924133
f 2802/1189/2802 938/1159/938 410/1157/410
vt 0.5832939743995667 0.6329879760742188
f 31/1157/31 530/1190/530 528/1189/528
vt 0.5832939743995667 0.6607329845428467
f 2676/1191/2676 2601/1160/2601 18/1159/18
f 187/1159/187 2879/1189/2879 2526/1191/2526
vt 0.5832939743995667 0.6746550202369690
f 602/1192/602 1021/1161/1021 731/1160/731
f 2835/1160/2835 2415/1191/2415 2414/1192/2414
vt 0.5832939743995667 0.6886699795722961
f 477/1193/477 2835/1162/2835 2387/1161/2387
f 2905/1161/2905 2835/1192/2835 2489/1193/2489
vt 0.5832939743995667 0.7028220295906067
f 2797/1194/2797 955/1163/955 416/1162/416
f 2485/1162/2485 949/1193/949 2825/1194/2825
vt 0.5832939743995667 0.7171589732170105
f 1307/1195/1307 1743/1164/1743 2460/1163/2460
f 358/1163/358 1610/1194/1610 1273/1195/1273
vt 0.5832939743995667 0.7317299842834473
f 306/1196/306 1080/1165/1080 1090/1164/1090
f 1702/1164/1702 323/1195/323 315/1196/315
vt 0.5832939743995667 0.7465869784355164
f 1159/1197/1159 2570/1166/2570 1160/1165/1160
f 1802/1165/1802 2272/1196/2272 1088/1197/1088
vt 0.5832939743995667 0.7617880105972290
f 310/1198/310 2329/1167/2329 2084/1166/2084
f 1515/1166/1515 780/1197/780 784/1198/784
vt 0.5832939743995667 0.7773910164833069
f 1658/1199/1658 1945/1168/1945 1944/1167/1944
f 2931/1167/2931 104/1198/104 628/1199/628
vt 0.5832939743995667 0.7934659719467163
f 2011/1200/2011 1317/1169/1317 1889/1168/1889
f 2308/1168/2308 2107/1199/2107 1795/1200/1795
vt 0.5832939743995667 0.8100829720497131
f 3010/1201/3010 3064/1170/3064 3043/1169/3043
f 1670/1169/1670 875/1200/875 828/1201/828
vt 0.5832939743995667 0.8273270130157471
f 1670/1202/1670 1693/1171/1693 1983/1170/1983
f 1548/1170/1548 1407/1201/1407 2946/1202/2946
vt 0.5832939743995667 0.8452870249748230
f 1189/1203/1189 921/1172/921 2778/1171/2778
f 743/1171/743 991/1202/991 300/1203/300
vt 0.5980880260467529 0.4294480085372925
f 1914/1204/1914 1209/1175/1209 2482/1176/2482
vt 0.5980880260467529 0.4096759855747223
f 1636/1176/1636 1374/1205/1374 1940/1204/1940
vt 0.5980880260467529 0.4479599893093109
f 954/1206/954 1918/1177/1918 1913/1175/1913
f 982/1175/982 1024/1204/1024 1818/1206/1818
vt 0.5980880260467529 0.4657520055770874
f 1046/1207/1046 1017/1178/1017 2969/1177/2969
f 1616/1177/1616 364/1206/364 1287/1207/1287
vt 0.5980880260467529 0.4828920066356659
f 3024/1208/3024 3015/1179/3015 3022/1178/3022
f 394/1178/394 251/1207/251 2486/1208/2486
vt 0.5980880260467529 0.4988139867782593
f 1413/1209/1413 2968/1180/2968 573/1179/573
f 1829/1179/1829 2363/1208/2363 2882/1209/2882
vt 0.5980880260467529 0.5147370100021362
f 638/1210/638 1969/1181/1969 1722/1180/1722
f 451/1180/451 443/1209/443 108/1210/108
vt 0.5980880260467529 0.5306599736213684
f 451/1211/451 1829/1182/1829 1828/1181/1828
f 1694/1181/1694 1434/1210/1434 542/1211/542
vt 0.5980880260467529 0.5458350181579590
f 611/1212/611 2744/1183/2744 1031/1182/1031
f 1340/1182/1340 415/1211/415 1343/1212/1343
vt 0.5980880260467529 0.5621359944343567
f 2749/1213/2749 2752/1184/2752 1197/1183/1197
f 726/1183/726 2653/1212/2653 2638/1213/2638
vt 0.5980880260467529 0.5766620039939880
f 1112/1214/1112 2522/1186/2522 2570/1184/2570
f 1008/1184/1008 598/1213/598 1015/1214/1015
vt 0.5980880260467529 0.6468589901924133
f 300/1215/300 2103/1189/2103 2324/1190/2324
vt 0.5980880260467529 0.6329879760742188
f 1285/1190/1285 2531/1216/2531 1613/1215/1613
vt 0.5980880260467529 0.6607329845428467
f 2631/1217/2631 1953/1191/1953 53/1189/53
f 2290/1189/2290 2114/1215/2114 2262/1217/2262
vt 0.5980880260467529 0.6746550202369690
f 155/1218/155 75/1192/75 1721/1191/1721
f 2379/1191/2379 188/1217/188 484/1218/484
vt 0.5980880260467529 0.6886699795722961
f 1471/1219/1471 1389/1193/1389 365/1192/365
f 1551/1192/1551 1425/1218/1425 2012/1219/2012
vt 0.5980880260467529 0.7028220295906067
f 1551/1220/1551 2759/1194/2759 657/1193/657
f 2791/1193/2791 2745/1219/2745 60/1220/60
vt 0.5980880260467529 0.7171589732170105
f 76/1221/76 1955/1195/1955 2630/1194/2630
f 1229/1194/1229 926/1220/926 1179/1221/1179
vt 0.5980880260467529 0.7317299842834473
f 2622/1222/2622 1715/1196/1715 1707/1195/1707
f 1215/1195/1215 2491/1221/2491 1768/1222/1768
vt 0.5980880260467529 0.7465869784355164
f 349/1223/349 1463/1197/1463 1379/1196/1379
f 2879/1196/2879 2413/1222/2413 2412/1223/2412
vt 0.5980880260467529 0.7617880105972290
f 1931/1224/1931 2481/1198/2481 1875/1197/1875
f 2130/1197/2130 350/1223/350 1623/1224/1623
vt 0.5980880260467529 0.7773910164833069
f 725/1225/725 2323/1199/2323 1811/1198/1811
f 1909/1198/1909 1889/1224/1889 2773/1225/2773
vt 0.5980880260467529 0.7934659719467163
f 1146/1226/1146 2211/1200/2211 2172/1199/2172
f 2262/1199/2262 2037/1225/2037 2261/1226/2261
vt 0.5980880260467529 0.8100829720497131
f 2023/1227/2023 1750/1201/1750 1347/1200/1347
f 150/1200/150 2766/1226/2766 742/1227/742
vt 0.5980880260467529 0.8273270130157471
f 3040/1228/3040 3051/1202/3051 1290/1201/1290
f 2746/1201/2746 1033/1227/1033 2372/1228/2372
vt 0.5906909704208374 0.8452870249748230
f 1385/1229/1385 1606/1203/1606 1462/1202/1462
vt 0.5980880260467529 0.8452870249748230
f 2642/1228/2642 1699/1230/1699 703/1229/703
f 1417/1202/1417 2005/1228/2005 1555/1229/1555
vt 0.5906909704208374 0.8549339771270752
vt 0.5832939743995667 0.8549339771270752
f 2258/1231/2258 295/1232/295 1787/1203/1787
f 1895/1203/1895 403/1229/403 402/1231/402
vt 0.5980880260467529 0.8549339771270752
f 1895/1233/1895 2010/1231/2010 1203/1229/1203
f 1665/1229/1665 903/1230/903 819/1233/819
vt 0.6128810048103333 0.4294480085372925
f 349/1234/349 367/1204/367 2522/1205/2522
vt 0.6128810048103333 0.4096759855747223
f 2361/1205/2361 1030/1235/1030 448/1234/448
vt 0.6128810048103333 0.4479599893093109
f 1034/1236/1034 2367/1206/2367 456/1204/456
f 1038/1204/1038 2940/1234/2940 450/1236/450
vt 0.6128810048103333 0.4657520055770874
f 2055/1237/2055 2665/1207/2665 321/1206/321
f 2012/1206/2012 1425/1236/1425 1426/1237/1426
vt 0.6128810048103333 0.4828920066356659
f 1426/1238/1426 590/1208/590 1916/1207/1916
f 670/1207/670 134/1237/134 761/1238/761
vt 0.6128810048103333 0.4988139867782593
f 1918/1239/1918 1883/1209/1883 1772/1208/1772
f 1190/1208/1190 2571/1238/2571 1891/1239/1891
vt 0.6128810048103333 0.5147370100021362
f 1998/1240/1998 1891/1210/1891 2418/1209/2418
f 1348/1209/1348 961/1239/961 421/1240/421
vt 0.6128810048103333 0.5306599736213684
f 1381/1241/1381 1128/1211/1128 2194/1210/2194
f 1381/1210/1381 303/1240/303 2304/1241/2304
vt 0.6128810048103333 0.5458350181579590
f 2693/1242/2693 2701/1212/2701 2713/1211/2713
f 1036/1211/1036 580/1241/580 2747/1242/2747
vt 0.6128810048103333 0.5621359944343567
f 2138/1243/2138 3041/1213/3041 2542/1212/2542
f 1177/1212/1177 2019/1242/2019 1761/1243/1761
vt 0.6128810048103333 0.5766620039939880
f 2142/1244/2142 2138/1214/2138 2542/1213/2542
f 1006/1213/1006 2989/1243/2989 755/1244/755
vt 0.6128810048103333 0.5909619927406311
vt 0.5980880260467529 0.5909619927406311
f 2388/1245/2388 1018/1246/1018 2834/1214/2834
f 505/1214/505 507/1244/507 750/1245/750
vt 0.5980880260467529 0.6120820045471191
vt 0.5980880260467529 0.6050850152969360
vt 0.6128810048103333 0.6050850152969360
f 1774/1247/1774 1905/1248/1905 2019/1249/2019
vt 0.6128810048103333 0.6190789937973022
vt 0.5980880260467529 0.6190789937973022
f 2294/1250/2294 2637/1251/2637 1711/1247/1711
f 2091/1249/2091 1799/1250/1799 1662/1247/1662
vt 0.6128810048103333 0.6329879760742188
f 215/1252/215 265/1216/265 472/1251/472
f 656/1251/656 615/1250/615 655/1252/655
vt 0.6128810048103333 0.6468589901924133
f 2837/1253/2837 2897/1215/2897 2420/1216/2420
f 2972/1216/2972 1034/1252/1034 2971/1253/2971
vt 0.6128810048103333 0.6607329845428467
f 294/1254/294 2255/1217/2255 2057/1215/2057
f 2623/1215/2623 692/1253/692 2620/1254/2620
vt 0.6128810048103333 0.6746550202369690
f 125/1255/125 1052/1218/1052 128/1217/128
f 1256/1217/1256 1232/1254/1232 1624/1255/1624
vt 0.6128810048103333 0.6886699795722961
f 938/1256/938 1192/1219/1192 1191/1218/1191
f 1385/1218/1385 1464/1255/1464 2524/1256/2524
vt 0.6128810048103333 0.7028220295906067
f 2874/1257/2874 1929/1220/1929 2827/1219/2827
f 1236/1219/1236 701/1256/701 785/1257/785
vt 0.6128810048103333 0.7171589732170105
f 1701/1258/1701 1166/1221/1166 2574/1220/2574
f 3062/1220/3062 19/1257/19 3007/1258/3007
vt 0.6128810048103333 0.7317299842834473
f 2532/1259/2532 347/1222/347 346/1221/346
f 1826/1221/1826 2958/1258/2958 1859/1259/1859
vt 0.6128810048103333 0.7465869784355164
f 737/1260/737 1035/1223/1035 1826/1222/1826
f 2497/1222/2497 2425/1259/2425 198/1260/198
vt 0.6128810048103333 0.7617880105972290
f 36/1261/36 3023/1224/3023 3020/1223/3020
f 2201/1223/2201 893/1260/893 2731/1261/2731
vt 0.6128810048103333 0.7773910164833069
f 3036/1262/3036 3039/1225/3039 3041/1224/3041
f 1240/1224/1240 823/1261/823 1505/1262/1505
vt 0.6128810048103333 0.7934659719467163
f 2657/1263/2657 89/1226/89 1240/1225/1240
f 1668/1225/1668 1461/1262/1461 823/1263/823
vt 0.6128810048103333 0.8100829720497131
f 1943/1264/1943 691/1227/691 58/1226/58
f 3005/1226/3005 3010/1263/3010 3012/1264/3012
vt 0.6128810048103333 0.8273270130157471
f 764/1265/764 2208/1228/2208 2153/1227/2153
f 1288/1227/1288 1600/1264/1600 2526/1265/2526
vt 0.6054840087890625 0.8452870249748230
f 2749/1266/2749 610/1230/610 2752/1228/2752
vt 0.6128810048103333 0.8452870249748230
f 73/1265/73 686/1267/686 1678/1266/1678
f 2637/1228/2637 1156/1265/1156 2579/1266/2579
vt 0.6054840087890625 0.8549339771270752
f 594/1268/594 1048/1233/1048 1569/1230/1569
f 1686/1230/1686 892/1266/892 1969/1268/1969
vt 0.6128810048103333 0.8549339771270752
f 2920/1269/2920 2451/1268/2451 2821/1266/2821
f 894/1266/894 1649/1267/1649 895/1269/895
vt 0.6276749968528748 0.4294480085372925
f 1459/1270/1459 1113/1234/1113 1501/1235/1501
vt 0.6276749968528748 0.4096759855747223
f 377/1235/377 2200/1271/2200 2553/1270/2553
vt 0.6276749968528748 0.4479599893093109
f 2720/1272/2720 1470/1236/1470 787/1234/787
f 1558/1234/1558 854/1270/854 814/1272/814
vt 0.6276749968528748 0.4657520055770874
f 2767/1273/2767 87/1237/87 1732/1236/1732
f 1456/1236/1456 1377/1272/1377 1466/1273/1466
vt 0.6276749968528748 0.4828920066356659
f 2884/1274/2884 466/1238/466 258/1237/258
f 640/1237/640 1585/1273/1585 488/1274/488
vt 0.6276749968528748 0.4988139867782593
f 1608/1275/1608 370/1239/370 1277/1238/1277
f 2437/1238/2437 2900/1274/2900 2379/1275/2379
vt 0.6276749968528748 0.5147370100021362
f 2493/1276/2493 464/1240/464 441/1239/441
f 3009/1239/3009 15/1275/15 3021/1276/3021
vt 0.6276749968528748 0.5306599736213684
f 512/1277/512 513/1241/513 1855/1240/1855
f 2600/1240/2600 2123/1276/2123 804/1277/804
vt 0.6276749968528748 0.5458350181579590
f 2306/1278/2306 1800/1242/1800 2337/1241/2337
f 2209/1241/2209 1133/1277/1133 2166/1278/2166
vt 0.6276749968528748 0.5621359944343567
f 1786/1279/1786 1785/1243/1785 2327/1242/2327
f 16/1242/16 13/1278/13 45/1279/45
vt 0.6276749968528748 0.5766620039939880
f 1961/1280/1961 818/1244/818 61/1243/61
f 1804/1243/1804 849/1279/849 1682/1280/1682
vt 0.6276749968528748 0.5909619927406311
f 352/1281/352 2125/1245/2125 2520/1244/2520
f 353/1244/353 1275/1280/1275 352/1281/352
vt 0.6276749968528748 0.6050850152969360
f 1450/1282/1450 780/1249/780 1495/1245/1495
f 207/1245/207 257/1281/257 465/1282/465
vt 0.6276749968528748 0.6190789937973022
f 2956/1283/2956 2953/1250/2953 1857/1249/1857
f 2953/1249/2953 1033/1282/1033 114/1283/114
vt 0.6276749968528748 0.6329879760742188
f 1224/1284/1224 1757/1252/1757 2774/1250/2774
f 697/1250/697 873/1283/873 596/1284/596
vt 0.6276749968528748 0.6468589901924133
f 335/1285/335 1132/1253/1132 2550/1252/2550
f 1040/1252/1040 635/1284/635 1008/1285/1008
vt 0.6276749968528748 0.6607329845428467
f 2977/1286/2977 598/1254/598 556/1253/556
f 801/1253/801 802/1285/802 2571/1286/2571
vt 0.6276749968528748 0.6746550202369690
f 1252/1287/1252 2714/1255/2714 2571/1254/2571
f 2728/1254/2728 2206/1286/2206 1689/1287/1689
vt 0.6276749968528748 0.6886699795722961
f 136/1288/136 12/1256/12 3018/1255/3018
f 997/1255/997 998/1287/998 119/1288/119
vt 0.6276749968528748 0.7028220295906067
f 2129/1289/2129 2091/1257/2091 1667/1256/1667
f 2129/1256/2129 2226/1288/2226 1125/1289/1125
vt 0.6276749968528748 0.7171589732170105
f 2224/1290/2224 792/1258/792 1518/1257/1518
f 2286/1257/2286 2339/1289/2339 2338/1290/2338
vt 0.6276749968528748 0.7317299842834473
f 2280/1291/2280 1641/1259/1641 2286/1258/2286
f 1867/1258/1867 253/1290/253 2948/1291/2948
vt 0.6276749968528748 0.7465869784355164
f 1433/1292/1433 159/1260/159 552/1259/552
f 796/1259/796 2688/1291/2688 2185/1292/2185
vt 0.6276749968528748 0.7617880105972290
f 317/1293/317 1784/1261/1784 2348/1260/2348
f 1681/1260/1681 2634/1292/2634 48/1293/48
vt 0.6276749968528748 0.7773910164833069
f 2374/1294/2374 1178/1262/1178 460/1261/460
f 1991/1261/1991 234/1293/234 2454/1294/2454
vt 0.6276749968528748 0.7934659719467163
f 1965/1295/1965 776/1263/776 2213/1262/2213
f 1964/1262/1964 888/1294/888 1965/1295/1965
vt 0.6276749968528748 0.8100829720497131
f 2475/1296/2475 2844/1264/2844 332/1263/332
f 2475/1263/2475 1299/1295/1299 276/1296/276
vt 0.6276749968528748 0.8273270130157471
f 1950/1297/1950 1982/1265/1982 1661/1264/1661
f 1948/1264/1948 2629/1296/2629 1663/1297/1663
vt 0.6202780008316040 0.8452870249748230
f 884/1298/884 2629/1267/2629 2642/1265/2642
vt 0.6276749968528748 0.8452870249748230
f 2629/1297/2629 67/1299/67 2633/1298/2633
f 1624/1265/1624 2558/1297/2558 353/1298/353
vt 0.6202780008316040 0.8549339771270752
f 1202/1300/1202 586/1269/586 1329/1267/1329
f 193/1267/193 2886/1298/2886 2838/1300/2838
vt 0.6276749968528748 0.8549339771270752
f 186/1301/186 1859/1300/1859 474/1298/474
f 1147/1298/1147 1460/1299/1460 1703/1301/1703
vt 0.5314149856567383 0.3892250061035156
vt 0.5240120291709900 0.4070039987564087
vt 0.5240120291709900 0.3892250061035156
f 16/1302/16 44/1303/44 13/1304/13
vt 0.5240120291709900 0.4402439892292023
vt 0.5240120291709900 0.4239799976348877
f 890/1305/890 707/1306/707 1720/1081/1720
f 1830/1081/1830 985/1085/985 115/1305/115
f 115/1306/115 562/1303/562 1014/1082/1014
f 1269/1082/1269 1446/1081/1446 1493/1306/1493
vt 0.5240120291709900 0.4709399938583374
vt 0.5240120291709900 0.4558739960193634
f 2649/1087/2649 56/1307/56 889/1308/889
vt 0.5240120291709900 0.4996249973773956
vt 0.5240120291709900 0.4855050146579742
f 2542/1309/2542 3041/1310/3041 3039/1089/3039
f 2769/1089/2769 1996/1091/1996 1916/1309/1916
f 2064/1310/2064 1360/1307/1360 2277/1087/2277
f 986/1087/986 117/1089/117 739/1310/739
f 2770/1308/2770 2402/1305/2402 75/1085/75
vt 0.5388190150260925 0.3892250061035156
f 1999/1082/1999 1744/1302/1744 1757/1311/1757
vt 0.5462219715118408 0.3892250061035156
f 1960/1082/1960 821/1311/821 1673/1312/1673
f 2891/1085/2891 2425/1087/2425 2497/1308/2497
f 2490/1082/2490 1767/1303/1767 1924/1302/1924
vt 0.5240120291709900 0.5133510231971741
f 2490/1313/2490 1762/1309/1762 2852/1091/2852
f 2715/1091/2715 2410/1093/2410 2682/1313/2682
vt 0.5240120291709900 0.5267300009727478
f 644/1314/644 1549/1313/1549 148/1093/148
f 1665/1093/1665 819/1095/819 823/1314/823
vt 0.5240120291709900 0.5526120066642761
vt 0.5240120291709900 0.5398039817810059
f 803/1097/803 2692/1315/2692 2214/1316/2214
f 2768/1316/2768 1581/1314/1581 158/1095/158
f 1679/1095/1679 595/1097/595 538/1316/538
vt 0.5240120291709900 0.5775740146636963
vt 0.5240120291709900 0.5651909708976746
f 170/1317/170 176/1318/176 1825/1099/1825
f 1257/1099/1257 392/1101/392 1187/1317/1187
vt 0.5240120291709900 0.6018840074539185
vt 0.5240120291709900 0.5897949934005737
f 1204/1319/1204 2364/1320/2364 240/1103/240
f 2963/1103/2963 496/1105/496 735/1319/735
f 2447/1320/2447 2404/1317/2404 2831/1101/2831
f 2525/1101/2525 364/1103/364 2590/1320/2590
f 872/1318/872 77/1315/77 78/1099/78
f 2254/1097/2254 2096/1099/2096 2050/1315/2050
vt 0.5240120291709900 0.6138690114021301
f 242/1321/242 2796/1319/2796 2798/1105/2798
f 40/1105/40 36/1107/36 3020/1321/3020
vt 0.5240120291709900 0.6257799863815308
f 2660/1322/2660 293/1321/293 906/1107/906
vt 0.5536260008811951 0.3892250061035156
f 1869/1083/1869 129/1312/129 1857/1323/1857
vt 0.5610290169715881 0.3892250061035156
vt 0.5684329867362976 0.3892250061035156
f 1472/1145/1472 790/1324/790 789/1325/789
f 1337/1083/1337 411/1323/411 1198/1324/1198
f 379/1145/379 1519/1083/1519 1300/1324/1300
vt 0.5758360028266907 0.3892250061035156
f 830/1176/830 1967/1145/1967 1676/1326/1676
vt 0.5832399725914001 0.3892250061035156
f 553/1326/553 2754/1327/2754 660/1176/660
f 400/1145/400 941/1325/941 399/1326/399
vt 0.5906440019607544 0.3892250061035156
f 1303/1328/1303 2584/1176/2584 371/1327/371
vt 0.5882049798965454 0.5925179719924927
f 324/1246/324 2097/1329/2097 2081/1188/2081
f 2974/1156/2974 2960/1155/2960 1813/1187/1813
vt 0.5804989933967590 0.5902889966964722
f 1845/1188/1845 2312/1330/2312 506/1187/506
vt 0.5832309722900391 0.5905169844627380
f 1563/1188/1563 1189/1329/1189 167/1331/167
f 1249/1330/1249 2583/1188/2583 791/1331/791
f 500/1188/500 2927/1186/2927 2978/1214/2978
vt 0.5777999758720398 0.5906999707221985
f 289/1330/289 2996/1332/2996 488/1187/488
vt 0.5701850056648254 0.5975180268287659
vt 0.5693690180778503 0.6025779843330383
f 2361/1156/2361 448/1333/448 468/1334/468
f 1049/1102/1049 2936/1156/2936 132/1104/132
vt 0.5731530189514160 0.5932610034942627
f 1659/1333/1659 57/1156/57 1946/1335/1946
vt 0.5701730251312256 0.6075980067253113
f 631/1334/631 2259/1336/2259 116/1158/116
f 3068/1158/3068 2/1106/2 5/1104/5
vt 0.5727099776268005 0.6120780110359192
f 707/1337/707 93/1158/93 1720/1336/1720
f 2883/1156/2883 2826/1158/2826 2470/1104/2470
f 2874/1334/2874 2485/1158/2485 1929/1156/1929
vt 0.5752990245819092 0.5917069911956787
f 2420/1156/2420 2897/1338/2897 278/1335/278
f 2251/1338/2251 2281/1156/2281 2515/1187/2515
vt 0.5765669941902161 0.6156780123710632
f 405/1158/405 1195/1337/1195 659/1339/659
f 1965/1158/1965 2186/1251/2186 776/1216/776
f 2503/1216/2503 2831/1190/2831 2832/1158/2832
vt 0.5817220211029053 0.6174550056457520
vt 0.5871549844741821 0.6170809864997864
f 214/1340/214 236/1341/236 268/1251/268
f 1727/1339/1727 1801/1340/1801 335/1158/335
f 1899/1187/1899 1885/1332/1885 2002/1338/2002
f 869/1251/869 692/1158/692 2342/1340/2342
vt 0.5896430015563965 0.6160429716110229
f 1508/1342/1508 1380/1251/1380 1506/1341/1506
f 1610/1082/1610 1108/1312/1108 1273/1083/1273
vt 0.5240120291709900 0.6376439929008484
f 1712/1109/1712 2333/1343/2333 2630/1322/2630
vt 0.5240120291709900 0.6613410115242004
vt 0.5240120291709900 0.6494889855384827
f 899/1344/899 867/1345/867 885/1111/885
f 2320/1111/2320 2262/1113/2262 2114/1344/2114
f 309/1345/309 304/1343/304 2331/1109/2331
f 2238/1109/2238 2711/1111/2711 1540/1345/1540
vt 0.5240120291709900 0.6851770281791687
vt 0.5240120291709900 0.6732280254364014
f 1516/1346/1516 2218/1347/2218 2711/1115/2711
f 2227/1115/2227 2711/1117/2711 2140/1346/2140
vt 0.5240120291709900 0.7093740105628967
vt 0.5240120291709900 0.6972159743309021
f 215/1119/215 273/1348/273 280/1349/280
f 2021/1349/2021 1762/1346/1762 1924/1117/1924
f 159/1117/159 1562/1119/1562 549/1349/549
f 1288/1347/1288 340/1344/340 1600/1113/1600
f 309/1113/309 887/1115/887 304/1347/304
vt 0.5240120291709900 0.7216820120811462
f 2087/1119/2087 1653/1121/1653 1661/1350/1661
f 2311/1350/2311 696/1348/696 48/1119/48
vt 0.5240120291709900 0.7341700196266174
f 2920/1121/2920 2447/1123/2447 2503/1351/2503
f 2065/1351/2065 2709/1350/2709 853/1121/853
f 3025/1322/3025 35/1107/35 3047/1109/3047
vt 0.5240120291709900 0.7468720078468323
f 1312/1352/1312 744/1351/744 499/1123/499
f 1898/1123/1898 856/1125/856 1553/1352/1553
vt 0.5240120291709900 0.7730609774589539
vt 0.5240120291709900 0.7598230242729187
f 65/1353/65 722/1354/722 1950/1127/1950
f 2214/1127/2214 2174/1129/2174 2699/1353/2699
f 2275/1354/2275 2272/1352/2272 2054/1125/2054
f 2878/1125/2878 2834/1127/2834 2464/1354/2464
vt 0.5240120291709900 0.7866280078887939
vt 0.5240120291709900 0.8005669713020325
f 306/1355/306 2310/1131/2310 1469/1356/1469
vt 0.5240120291709900 0.8451349735260010
vt 0.5240120291709900 0.8297640085220337
f 829/1357/829 704/1358/704 1963/1135/1963
f 557/1135/557 1407/1137/1407 1412/1357/1412
vt 0.5240120291709900 0.8149279952049255
f 2525/1359/2525 1287/1356/1287 364/1131/364
f 2101/1131/2101 1714/1133/1714 1962/1359/1962
f 2599/1129/2599 1142/1355/1142 1100/1353/1100
vt 0.5240120291709900 0.8777580261230469
vt 0.5240120291709900 0.8611080050468445
f 1229/1360/1229 1147/1361/1147 169/1139/169
f 648/1139/648 168/1142/168 2664/1360/2664
f 280/1361/280 2403/1357/2403 2869/1137/2869
f 280/1137/280 459/1139/459 2372/1361/2372
vt 0.5378080010414124 0.8850550055503845
f 2308/1362/2308 1795/1360/1795 2639/1142/2639
f 2308/1358/2308 311/1359/311 2107/1133/2107
f 1168/1133/1168 2169/1135/2169 1263/1358/1263
vt 0.5274130105972290 0.8924340009689331
vt 0.5240120291709900 0.8951690196990967
f 2015/1360/2015 1557/1363/1557 1194/1364/1194
vt 0.5343139767646790 0.8873839974403381
vt 0.5308480262756348 0.8898419737815857
f 2848/1360/2848 2464/1365/2464 1341/1366/1341
f 790/1360/790 1513/1362/1513 1266/1365/1266
f 1201/1366/1201 438/1363/438 2804/1360/2804
f 1947/1355/1947 2619/1129/2619 2620/1131/2620
f 1948/1232/1948 1663/1172/1663 1947/1203/1947
f 1659/1172/1659 1946/1232/1946 867/1174/867
vt 0.5851359963417053 0.8643389940261841
vt 0.5888890027999878 0.8633620142936707
f 743/1367/743 1835/1232/1835 500/1368/500
f 304/1231/304 2307/1368/2307 2331/1232/2331
vt 0.5926550030708313 0.8624619841575623
f 888/1369/888 1162/1368/1162 2186/1231/2186
vt 0.5813949704170227 0.8653929829597473
f 1964/1367/1964 2176/1370/2176 2705/1232/2705
vt 0.5448719859123230 0.8807590007781982
f 593/1141/593 1848/1371/1848 751/1142/751
vt 0.5520280003547668 0.8769130110740662
f 314/1372/314 315/1141/315 886/1143/886
vt 0.5592659711837769 0.8734809756278992
vt 0.5556370019912720 0.8751469850540161
f 1710/1373/1710 1955/1374/1955 1954/1143/1954
f 697/1143/697 1710/1374/1710 1669/1372/1669
vt 0.5413269996643066 0.8828480243682861
f 1425/1142/1425 590/1371/590 1426/1375/1426
vt 0.5484390258789062 0.8787819743156433
f 1657/1141/1657 1660/1372/1660 1952/1376/1952
f 281/1376/281 929/1371/929 930/1141/930
f 2394/1362/2394 281/1142/281 480/1375/480
vt 0.5665779709815979 0.8704329729080200
f 302/1174/302 698/1377/698 1955/1173/1955
vt 0.5776690244674683 0.8665270209312439
f 2572/1232/2572 1701/1378/1701 2574/1174/2574
f 2530/1378/2530 1148/1232/1148 2574/1370/2574
vt 0.5739560127258301 0.8677440285682678
f 1612/1378/1612 1282/1379/1282 1284/1174/1284
vt 0.5629130005836487 0.8719099760055542
f 63/1173/63 2652/1380/2652 62/1373/62
vt 0.5702589750289917 0.8690450191497803
f 2784/1174/2784 570/1381/570 2024/1377/2024
f 688/1174/688 2291/1379/2291 54/1381/54
f 2045/1377/2045 2088/1380/2088 1671/1173/1671
f 2376/1140/2376 484/1373/484 2449/1143/2449
f 255/1173/255 2893/1373/2893 2376/1140/2376
f 245/1158/245 2423/1190/2423 2842/1157/2842
f 360/1205/360 1606/1176/1606 1297/1328/1297
vt 0.5980470180511475 0.3892250061035156
f 418/1328/418 1197/1382/1197 1209/1205/1209
vt 0.6054509878158569 0.3892250061035156
f 1401/1205/1401 1277/1382/1277 1500/1383/1500
vt 0.6128540039062500 0.3892250061035156
vt 0.6202579736709595 0.3892250061035156
f 990/1235/990 2095/1384/2095 2298/1385/2298
f 2770/1235/2770 2738/1383/2738 559/1384/559
f 2490/1235/2490 2852/1205/2852 2919/1383/2919
f 2993/1271/2993 515/1235/515 757/1385/757
vt 0.6276609897613525 0.3892250061035156
f 618/1385/618 658/1386/658 657/1271/657
vt 0.6350650191307068 0.3892250061035156
f 1867/1387/1867 2382/1271/2382 253/1386/253
vt 0.6424679756164551 0.4341970086097717
f 1930/1272/1930 1990/1270/1990 1758/1388/1758
vt 0.6424679756164551 0.4428060054779053
f 1419/1388/1419 585/1389/585 550/1272/550
vt 0.6424679756164551 0.4679099917411804
f 1419/1274/1419 1587/1273/1587 1586/1390/1586
vt 0.6424679756164551 0.4760459959506989
f 2190/1390/2190 2205/1391/2205 2181/1274/2181
vt 0.6424679756164551 0.4512929916381836
f 1037/1273/1037 2798/1272/2798 151/1392/151
vt 0.6424679756164551 0.4596599936485291
f 347/1392/347 1783/1393/1783 346/1273/346
vt 0.6424679756164551 0.4997889995574951
f 2427/1276/2427 2851/1275/2851 2915/1394/2915
vt 0.6424679756164551 0.5074890255928040
f 947/1394/947 247/1395/247 117/1276/117
vt 0.6424679756164551 0.5372769832611084
f 1528/1278/1528 75/1277/75 2402/1396/2402
vt 0.6424679756164551 0.5444800257682800
f 990/1396/990 133/1397/133 516/1278/516
vt 0.6424679756164551 0.5225809812545776
f 2594/1277/2594 1532/1276/1532 1533/1398/1533
vt 0.6424679756164551 0.5299779772758484
f 2767/1398/2767 1732/1399/1732 642/1277/642
vt 0.6424679756164551 0.4840689897537231
f 1457/1275/1457 2591/1274/2591 364/1400/364
vt 0.6424679756164551 0.4919829964637756
f 239/1400/239 264/1401/264 2809/1275/2809
vt 0.6424679756164551 0.4166019856929779
f 833/1270/833 1944/1271/1944 2228/1402/2228
vt 0.6424679756164551 0.4254640042781830
f 383/1402/383 2780/1403/2780 925/1270/925
vt 0.5944849848747253 0.6005830168724060
vt 0.5920670032501221 0.5960680246353149
f 2807/1246/2807 414/1404/414 966/1405/966
f 419/1329/419 420/1246/420 414/1405/414
f 992/1188/992 2347/1214/2347 311/1246/311
f 2572/1248/2572 1148/1404/1148 1253/1246/1253
vt 0.5945339798927307 0.6103119850158691
vt 0.5917710065841675 0.6145030260086060
f 1263/1406/1263 2169/1247/2169 927/1407/927
vt 0.5953480005264282 0.6054630279541016
f 1869/1406/1869 1857/1408/1857 101/1248/101
f 846/1404/846 2660/1248/2660 906/1408/906
f 237/1248/237 2364/1247/2364 251/1406/251
f 1068/1248/1068 1650/1246/1650 105/1245/105
f 2075/1245/2075 326/1249/326 2074/1248/2074
vt 0.6424679756164551 0.5791310071945190
f 1831/1281/1831 2375/1280/2375 1046/1409/1046
vt 0.6424679756164551 0.5857989788055420
f 693/1409/693 614/1410/614 154/1281/154
vt 0.6424679756164551 0.5655369758605957
f 2886/1280/2886 2468/1279/2468 2838/1411/2838
vt 0.6424679756164551 0.5723770260810852
f 2469/1411/2469 2419/1412/2419 2468/1280/2468
f 1172/1407/1172 1596/1247/1596 1362/1251/1362
vt 0.6424679756164551 0.6116549968719482
f 1703/1283/1703 832/1282/832 169/1413/169
vt 0.6424679756164551 0.6179220080375671
f 693/1413/693 1724/1414/1724 81/1283/81
vt 0.6424679756164551 0.5923839807510376
f 778/1282/778 1383/1281/1383 2215/1415/2215
vt 0.6424679756164551 0.5988879799842834
f 2453/1415/2453 274/1416/274 2398/1282/2398
vt 0.6424679756164551 0.5515909790992737
f 1363/1279/1363 1369/1278/1369 1288/1417/1288
vt 0.6424679756164551 0.5586090087890625
f 558/1417/558 657/1418/657 2759/1279/2759
vt 0.6424679756164551 0.3984859883785248
vt 0.6424679756164551 0.3892250061035156
f 899/1419/899 901/1387/901 710/1420/710
vt 0.6424679756164551 0.4076110124588013
f 1576/1419/1576 2944/1421/2944 1010/1271/1010
f 3008/1271/3008 984/1421/984 39/1402/39
f 3015/1403/3015 39/1388/39 3022/1270/3022
f 743/1272/743 300/1389/300 1835/1392/1835
f 1943/1393/1943 2728/1390/2728 1971/1273/1971
f 2284/1401/2284 1078/1394/1078 2263/1275/2263
f 732/1391/732 493/1400/493 100/1274/100
vt 0.6424679756164551 0.5150859951972961
f 177/1276/177 1551/1395/1551 1354/1422/1354
f 878/1422/878 687/1398/687 1652/1276/1652
f 878/1399/878 827/1396/827 2636/1277/2636
f 2498/1397/2498 2859/1417/2859 2892/1278/2892
f 1538/1418/1538 1457/1411/1457 1616/1279/1616
f 1784/1412/1784 301/1409/301 2348/1280/2348
f 2162/1410/2162 2164/1415/2164 2679/1281/2679
vt 0.6424679756164551 0.6053109765052795
f 1480/1416/1480 2493/1423/2493 1481/1282/1481
vt 0.6424679756164551 0.6241130232810974
f 1481/1414/1481 2494/1424/2494 2147/1283/2147
f 1480/1423/1480 2441/1413/2441 2911/1282/2911
f 796/1271/796 769/1387/769 2231/1419/2231
f 2751/1284/2751 582/1283/582 619/1424/619
vt 0.6424679756164551 0.6302289962768555
f 660/1424/660 158/1425/158 2751/1284/2751
vt 0.6424679756164551 0.6613169908523560
f 2157/1287/2157 1455/1286/1455 1536/1426/1536
vt 0.6424679756164551 0.6677049994468689
f 1350/1426/1350 2027/1427/2027 1928/1287/1928
vt 0.6424679756164551 0.6487140059471130
f 1495/1286/1495 780/1285/780 1241/1428/1241
vt 0.6424679756164551 0.6549869775772095
f 2275/1428/2275 1451/1429/1451 761/1286/761
vt 0.6424679756164551 0.6938520073890686
f 1523/1289/1523 2171/1288/2171 1378/1430/1378
vt 0.6424679756164551 0.7005419731140137
f 358/1430/358 343/1431/343 2140/1289/2140
vt 0.6424679756164551 0.7209910154342651
f 1028/1291/1028 2742/1290/2742 149/1432/149
vt 0.6424679756164551 0.7279369831085205
f 1852/1432/1852 149/1433/149 2955/1291/2955
vt 0.6424679756164551 0.7072939872741699
f 63/1290/63 1790/1289/1790 2652/1434/2652
vt 0.6424679756164551 0.7141100168228149
f 870/1434/870 876/1435/876 826/1290/826
vt 0.6424679756164551 0.6806579828262329
f 904/1288/904 2718/1287/2718 1248/1436/1248
vt 0.6424679756164551 0.6872249841690063
f 1439/1436/1439 1549/1437/1549 1414/1288/1414
vt 0.6424679756164551 0.7491790056228638
f 1439/1293/1439 535/1292/535 534/1438/534
vt 0.6424679756164551 0.7563970088958740
f 2376/1438/2376 2824/1439/2824 484/1293/484
vt 0.6424679756164551 0.7784789800643921
f 1993/1295/1993 1308/1294/1308 1741/1440/1741
vt 0.6424679756164551 0.7859849929809570
f 963/1440/963 1191/1441/1191 2797/1295/2797
vt 0.6424679756164551 0.7636860013008118
f 1433/1294/1433 552/1293/552 1406/1442/1406
vt 0.6424679756164551 0.7710459828376770
f 578/1442/578 1574/1443/1574 2741/1294/2741
vt 0.6424679756164551 0.8167679905891418
f 2838/1297/2838 2468/1296/2468 2419/1444/2419
vt 0.6424679756164551 0.8246600031852722
f 1205/1444/1205 1336/1445/1336 1329/1297/1329
vt 0.6424679756164551 0.8488219976425171
vt 0.6347219944000244 0.8571649789810181
f 253/1446/253 164/1447/164 2948/1299/2948
vt 0.6424679756164551 0.8326320052146912
f 253/1299/253 445/1297/445 394/1448/394
vt 0.6424679756164551 0.8406850099563599
f 1664/1448/1664 2089/1449/2089 695/1299/695
vt 0.6424679756164551 0.8012229800224304
f 1657/1296/1657 864/1295/864 1942/1450/1942
vt 0.6424679756164551 0.8089560270309448
f 1038/1450/1038 127/1451/127 126/1296/126
vt 0.6424679756164551 0.7349500060081482
f 1038/1292/1038 1834/1291/1834 2940/1452/2940
vt 0.6424679756164551 0.7420309782028198
f 2142/1452/2142 1293/1453/1293 2539/1292/2539
vt 0.6040189862251282 0.8601999878883362
f 2836/1268/2836 2883/1454/2883 2470/1233/2470
vt 0.6078280210494995 0.8595880270004272
vt 0.6116459965705872 0.8590450286865234
f 1334/1455/1334 1906/1269/1906 1335/1456/1335
f 2320/1269/2320 2114/1455/2114 2089/1268/2089
f 2704/1455/2704 2703/1454/2703 2702/1268/2702
vt 0.5964319705963135 0.8616350293159485
f 691/1457/691 2702/1369/2702 2694/1231/2694
vt 0.6002200245857239 0.8608819842338562
f 1244/1233/1244 2698/1454/2698 2697/1458/2697
f 1244/1458/1244 1151/1457/1151 2215/1233/2215
f 832/1457/832 730/1231/730 1409/1233/1409
vt 0.6154729723930359 0.8585690259933472
f 1217/1300/1217 2808/1459/2808 2023/1269/2023
vt 0.6231510043144226 0.8578150272369385
f 1750/1460/1750 2808/1300/2808 397/1301/397
f 1123/1299/1123 2582/1447/2582 1253/1301/1253
vt 0.6308580040931702 0.8573189973831177
f 2552/1301/2552 2511/1447/2511 1454/1461/1454
vt 0.6193079948425293 0.8581590056419373
f 1254/1300/1254 1103/1462/1103 2586/1459/2586
vt 0.6270009875297546 0.8575350046157837
f 345/1301/345 11/1463/11 2605/1460/2605
f 573/1301/573 2968/1461/2968 540/1463/540
f 1705/1460/1705 2700/1462/2700 2573/1300/2573
f 2933/1456/2933 2926/1269/2926 107/1459/107
vt 0.6424679756164551 0.6363360285758972
f 985/1285/985 443/1284/443 2455/1464/2455
vt 0.6424679756164551 0.6424970030784607
f 691/1464/691 2694/1465/2694 2575/1285/2575
f 1827/1465/1827 1036/1428/1036 2747/1285/2747
vt 0.6424679756164551 0.6741520166397095
f 1182/1466/1182 2784/1436/2784 2024/1287/2024
f 2771/1427/2771 1577/1466/1577 641/1287/641
f 163/1429/163 164/1426/164 2757/1286/2757
f 96/1437/96 82/1430/82 1973/1288/1973
f 2527/1431/2527 1445/1434/1445 1272/1289/1272
f 366/1435/366 1620/1432/1620 357/1290/357
f 907/1433/907 2038/1452/2038 1691/1291/1691
f 2424/1439/2424 435/1442/435 1770/1293/1770
f 1327/1440/1327 1421/1294/1421 1560/1443/1560
vt 0.6424679756164551 0.7935659885406494
f 2626/1441/2626 2627/1467/2627 1704/1295/1704
f 1974/1295/1974 898/1467/898 1722/1450/1722
f 500/1438/500 2978/1292/2978 746/1453/746
f 3053/1451/3053 3011/1444/3011 3066/1296/3066
vt 0.6385920047760010 0.8570740222930908
f 899/1447/899 710/1446/710 1659/1468/1659
vt 0.6424679756164551 0.8570430278778076
f 526/1468/526 32/1446/32 525/1469/525
f 964/1449/964 959/1446/959 428/1299/428
f 1584/1445/1584 2870/1448/2870 1198/1297/1198
f 1959/1425/1959 552/1464/552 625/1284/625
f 203/1251/203 2374/1342/2374 460/1407/460
vt 0.4884909987449646 0.0703099966049194
vt 0.4884909987449646 0.1054650023579597
vt 0.4529690146446228 0.0878869965672493
f 1097/1470/1097 2285/1471/2285 2321/1472/2321
vt 0.4529690146446228 0.1054650023579597
f 2700/1471/2700 1523/1473/1523 795/1472/795
vt 0.4529690146446228 0.0703099966049194
f 2447/1472/2447 2833/1474/2833 2404/1470/2404
vt 0.5240120291709900 0.0703099966049194
vt 0.5240120291709900 0.1054650023579597
f 1060/1470/1060 1023/1475/1023 1091/1476/1091
f 2173/1476/2173 2221/1471/2221 2175/1470/2175
vt 0.4884909987449646 0.1230420023202896
f 1527/1477/1527 2124/1471/2124 1363/1476/1363
vt 0.5240120291709900 0.1230420023202896
f 1320/1476/1320 2000/1478/2000 2196/1477/2196
vt 0.4174480140209198 0.0527319982647896
vt 0.4174480140209198 0.0351549983024597
vt 0.4529690146446228 0.0351549983024597
f 1473/1479/1473 2204/1480/2204 372/1481/372
vt 0.4529690146446228 0.0527319982647896
f 3008/1481/3008 39/1482/39 3004/1479/3004
vt 0.4174480140209198 0.0703099966049194
f 1198/1483/1198 2870/1479/2870 184/1482/184
f 1642/1482/1642 2508/1474/2508 378/1483/378
vt 0.4174480140209198 0.0175769999623299
vt 0.4529690146446228 0.0175769999623299
f 2463/1480/2463 463/1484/463 25/1485/25
f 2463/1485/2463 332/1481/332 2844/1480/2844
vt 0.4884909987449646 0.0263659991323948
vt 0.4884909987449646 0.0351549983024597
f 2280/1486/2280 2093/1487/2093 1641/1481/1641
vt 0.4884909987449646 0.0175769999623299
f 521/1485/521 539/1488/539 1035/1486/1035
f 818/1481/818 866/1485/866 64/1486/64
vt 0.5062509775161743 0.0263659991323948
f 1471/1487/1471 365/1486/365 2537/1489/2537
vt 0.5062509775161743 0.0351549983024597
f 2700/1489/2700 2171/1490/2171 1523/1487/1523
vt 0.4884909987449646 0.0527319982647896
f 504/1474/504 1405/1482/1405 1908/1491/1908
f 947/1491/947 2798/1470/2798 2796/1474/2796
f 2115/1482/2115 1779/1481/1779 1690/1487/1690
f 383/1487/383 925/1491/925 1878/1482/1878
vt 0.5240120291709900 0.0351549983024597
vt 0.5240120291709900 0.0527319982647896
f 2136/1490/2136 2510/1492/2510 1492/1493/1492
f 1459/1491/1459 2474/1487/2474 2445/1490/2445
f 2028/1493/2028 1771/1491/1771 2007/1490/2007
f 2091/1470/2091 2322/1491/2322 1799/1493/1799
f 1327/1493/1327 1560/1475/1560 1878/1470/1878
vt 0.5595329999923706 0.0527319982647896
f 1206/1475/1206 935/1493/935 933/1494/933
vt 0.5595329999923706 0.0703099966049194
f 215/1494/215 2357/1495/2357 265/1475/265
vt 0.5417720079421997 0.0351549983024597
vt 0.5595329999923706 0.0351549983024597
f 71/1496/71 1798/1497/1798 2318/1494/2318
f 272/1493/272 220/1492/220 462/1496/462
f 710/1494/710 57/1493/57 1659/1496/1659
vt 0.5772929787635803 0.0351549983024597
vt 0.5950539708137512 0.0351549983024597
vt 0.5950539708137512 0.0527319982647896
f 2704/1498/2704 720/1499/720 2703/1500/2703
f 2977/1494/2977 1007/1497/1007 554/1498/554
f 357/1500/357 1149/1494/1149 946/1498/946
f 1083/1495/1083 307/1494/307 1796/1500/1796
vt 0.5950539708137512 0.0703099966049194
f 723/1500/723 322/1501/322 1779/1495/1779
vt 0.5417720079421997 0.0263659991323948
vt 0.5595329999923706 0.0263659991323948
f 1381/1496/1381 1077/1502/1077 1280/1503/1280
f 1696/1503/1696 895/1497/895 686/1496/686
vt 0.5772929787635803 0.0175769999623299
vt 0.5595329999923706 0.0175769999623299
vt 0.5595329999923706 0.0087890001013875
f 2159/1504/2159 344/1505/344 1403/1506/1403
vt 0.5772929787635803 0.0263659991323948
f 2013/1497/2013 1876/1503/1876 2782/1507/2782
f 2848/1507/2848 1911/1498/1911 413/1497/413
f 1064/1503/1064 2242/1505/2242 2081/1504/2081
f 317/1504/317 899/1507/899 2058/1503/2058
vt 0.5950539708137512 0.0263659991323948
f 3024/1498/3024 3022/1507/3022 3048/1508/3048
f 2044/1508/2044 292/1499/292 2043/1498/2043
vt 0.6128140091896057 0.0263659991323948
f 2109/1499/2109 2069/1508/2069 2044/1509/2044
vt 0.6128140091896057 0.0351549983024597
f 2043/1509/2043 2267/1510/2267 2102/1499/2102
vt 0.6305750012397766 0.0263659991323948
f 1174/1510/1174 2569/1509/2569 2557/1511/2557
vt 0.6305750012397766 0.0351549983024597
f 1248/1511/1248 2578/1512/2578 1614/1510/1614
vt 0.6305750012397766 0.0527319982647896
f 253/1501/253 394/1500/394 1212/1513/1212
vt 0.6305750012397766 0.0703099966049194
f 2565/1513/2565 1105/1514/1105 1182/1501/1182
f 677/1510/677 572/1512/572 608/1513/608
f 314/1500/314 2035/1499/2035 1790/1510/1790
f 1215/1513/1215 1768/1500/1768 1176/1510/1176
vt 0.5595329999923706 0.1054650023579597
f 951/1478/951 1309/1476/1309 1877/1515/1877
vt 0.5595329999923706 0.1230420023202896
f 1416/1515/1416 1341/1516/1341 2464/1478/2464
vt 0.5950539708137512 0.0878869965672493
f 1865/1515/1865 678/1495/678 604/1517/604
f 1127/1495/1127 1245/1501/1245 410/1517/410
vt 0.5950539708137512 0.1054650023579597
f 1127/1517/1127 1242/1518/1242 1243/1515/1243
f 1480/1515/1480 1505/1476/1505 1485/1475/1485
f 1478/1475/1478 2122/1495/2122 1529/1515/1529
f 1428/1517/1428 585/1501/585 555/1514/555
vt 0.6230099797248840 0.0069129997864366
vt 0.6241170167922974 0.0000000000000000
vt 0.6660959720611572 0.0000000000000000
f 1756/1519/1756 2009/1520/2009 1900/1521/1900
vt 0.6197999715805054 0.0131500000134110
vt 0.6655550003051758 0.0122560001909733
f 2260/1522/2260 1939/1519/1939 1654/1523/1654
f 2505/1521/2505 1322/1523/1322 1751/1519/1751
vt 0.5789080262184143 0.0000000000000000
vt 0.5800139904022217 0.0069129997864366
f 298/1506/298 66/1524/66 2260/1525/2260
vt 0.5832250118255615 0.0131500000134110
f 2955/1526/2955 149/1506/149 593/1525/593
vt 0.5498449802398682 0.0000000000000000
f 377/1527/377 1236/1524/1236 2200/1506/2200
vt 0.5882260203361511 0.0180990006774664
f 872/1526/872 702/1528/702 2213/1504/2213
f 2238/1526/2238 2140/1504/2140 2711/1506/2711
vt 0.5449119806289673 0.0150279998779297
f 1187/1529/1187 1760/1506/1760 2188/1505/2188
f 2254/1511/2254 2050/1522/2050 293/1523/293
vt 0.6084970235824585 0.0212760008871555
vt 0.6147990226745605 0.0180990006774664
f 2096/1509/2096 2260/1530/2260 2050/1531/2050
vt 0.6639379858970642 0.0244180001318455
f 2311/1532/2311 1076/1511/1076 696/1523/696
f 469/1511/469 2459/1531/2459 440/1522/440
vt 0.6612550020217896 0.0363949984312057
f 1154/1511/1154 2575/1533/2575 1150/1512/1150
f 1431/1531/1431 1550/1511/1550 577/1509/577
f 2342/1533/2342 1809/1511/1809 2313/1532/2313
vt 0.6015120148658752 0.0223709996789694
f 1901/1534/1901 1326/1530/1326 1897/1509/1897
vt 0.5945270061492920 0.0212760008871555
f 1476/1508/1476 2296/1535/2296 354/1534/354
f 2519/1507/2519 1483/1528/1483 2513/1535/2513
f 1094/1535/1094 2347/1508/2347 1043/1507/1043
f 1157/1508/1157 2130/1534/2130 1515/1509/1515
f 2191/1528/2191 1169/1507/1169 772/1504/772
vt 0.5391960144042969 0.0206840001046658
f 1220/1536/1220 386/1505/386 1998/1503/1998
vt 0.5485810041427612 0.0079009998589754
f 1148/1506/1148 1104/1537/1104 1137/1527/1137
vt 0.5088269710540771 0.0206840001046658
vt 0.5031120181083679 0.0150279998779297
f 1278/1538/1278 1619/1488/1619 1296/1539/1296
vt 0.4994429945945740 0.0079009998589754
f 1194/1488/1194 661/1540/661 2938/1539/2938
f 661/1537/661 1557/1506/1557 624/1529/624
vt 0.3824679851531982 0.0122560001909733
vt 0.3819270133972168 0.0000000000000000
f 1839/1541/1839 624/1542/624 588/1484/588
vt 0.4981780052185059 0.0000000000000000
f 235/1542/235 971/1543/971 185/1485/185
f 2638/1485/2638 880/1484/880 1963/1542/1963
f 732/1540/732 2399/1485/2399 2458/1543/2458
f 2737/1485/2737 1022/1540/1022 647/1488/647
vt 0.3840860128402710 0.0244180001318455
f 1749/1544/1749 665/1541/665 2801/1484/2801
vt 0.5319949984550476 0.0243159998208284
f 2568/1502/2568 1150/1545/1150 2567/1536/2567
vt 0.5240120291709900 0.0255670007318258
f 1988/1492/1988 2452/1546/2452 1987/1545/1987
f 1960/1492/1960 1673/1502/1673 1961/1496/1961
f 2225/1502/2225 2715/1536/2715 2187/1503/2187
f 2723/1545/2723 2191/1502/2191 2187/1492/2187
f 2144/1536/2144 2047/1529/2047 1381/1505/1381
vt 0.5160290002822876 0.0243159998208284
f 118/1547/118 2986/1546/2986 1051/1492/1051
f 33/1480/33 543/1544/543 2083/1484/2083
f 2689/1547/2689 765/1489/765 2205/1538/2205
f 1275/1538/1275 2125/1486/2125 352/1488/352
f 599/1492/599 600/1489/600 174/1547/174
f 1037/1538/1037 242/1489/242 2798/1486/2798
f 1440/1489/1440 582/1492/582 1574/1490/1574
vt 0.6575270295143127 0.0480949990451336
f 1336/1513/1336 398/1512/398 1202/1548/1202
vt 0.6470599770545959 0.0703099966049194
vt 0.6527839899063110 0.0594279989600182
f 756/1549/756 1833/1514/1833 741/1550/741
f 2092/1513/2092 2276/1548/2276 2274/1550/2274
vt 0.6403999924659729 0.0806559994816780
f 2237/1514/2237 1163/1549/1163 1234/1551/1234
f 2090/1514/2090 1378/1513/1378 2128/1550/2128
f 2594/1517/2594 1533/1514/1533 289/1551/289
vt 0.6244810223579407 0.0994329974055290
f 864/1517/864 313/1552/313 909/1518/909
vt 0.6153420209884644 0.1077210009098053
f 2910/1553/2910 2495/1518/2495 1346/1552/1346
vt 0.6328549981117249 0.0903889983892441
f 2910/1554/2910 1346/1552/1346 2495/1517/2495
f 3062/1551/3062 3065/1554/3065 19/1517/19
vt 0.5950539708137512 0.1217800006270409
vt 0.6055080294609070 0.1151890009641647
f 2535/1555/2535 1116/1518/1116 2133/1556/2133
f 150/1555/150 693/1515/693 61/1518/61
vt 0.5726069808006287 0.1321389973163605
vt 0.5840590000152588 0.1274449974298477
f 584/1557/584 517/1516/517 1552/1558/1552
f 644/1516/644 148/1555/148 1181/1558/1181
vt 0.5607860088348389 0.1358280032873154
f 644/1559/644 142/1516/142 1408/1557/1408
f 644/1555/644 1414/1516/1414 1549/1515/1549
vt 0.5486840009689331 0.1384830027818680
f 1238/1560/1238 772/1478/772 1169/1516/1169
vt 0.5363950133323669 0.1400849968194962
vt 0.5240120291709900 0.1406199932098389
f 1640/1478/1640 1291/1561/1291 1608/1562/1608
f 2131/1560/2131 1937/1561/1937 2177/1478/2177
f 207/1560/207 182/1516/182 438/1559/438
vt 0.5116279721260071 0.1400849968194962
f 2849/1563/2849 2430/1478/2430 2352/1562/2352
f 2883/1553/2883 2405/1556/2405 2826/1518/2826
vt 0.3904959857463837 0.0480949990451336
f 1126/1564/1126 1530/1480/1530 799/1479/799
f 1563/1483/1563 167/1474/167 2758/1472/2758
vt 0.4076229929924011 0.0806559994816780
f 2723/1565/2723 797/1483/797 1169/1472/1169
vt 0.3952389955520630 0.0594279989600182
f 1683/1566/1683 712/1479/712 2624/1483/2624
f 985/1564/985 1409/1479/1409 115/1566/115
vt 0.3867689967155457 0.0363949984312057
f 2631/1480/2631 69/1564/69 1953/1567/1953
vt 0.4009630084037781 0.0703099966049194
f 2128/1568/2128 2171/1483/2171 2046/1565/2046
f 2527/1483/2527 1482/1568/1482 453/1566/453
vt 0.4151690006256104 0.0903889983892441
f 2672/1565/2672 2674/1472/2674 2677/1569/2677
vt 0.4235430061817169 0.0994329974055290
f 2044/1569/2044 2043/1472/2043 2102/1570/2102
f 305/1544/305 2102/1480/2102 2267/1567/2267
vt 0.4529690146446228 0.1217800006270409
f 305/1477/305 2267/1571/2267 2102/1471/2102
vt 0.4872379899024963 0.1358280032873154
vt 0.4754160046577454 0.1321389973163605
f 2951/1572/2951 1824/1573/1824 1861/1477/1861
vt 0.4639639854431152 0.1274449974298477
f 627/1573/627 37/1574/37 3016/1477/3016
vt 0.4993390142917633 0.1384830027818680
f 3048/1572/3048 1045/1477/1045 3016/1575/3016
f 2804/1575/2804 438/1477/438 920/1478/920
f 2796/1478/2796 2845/1563/2845 2007/1575/2007
vt 0.4326820075511932 0.1077210009098053
f 2674/1576/2674 3013/1570/3013 2924/1473/2924
f 2943/1473/2943 270/1570/270 613/1472/613
vt 0.4425149857997894 0.1151890009641647
f 1832/1577/1832 2936/1576/2936 1831/1473/1831
f 113/1577/113 981/1473/981 1025/1571/1025
f 113/1571/113 2941/1473/2941 2942/1471/2942
f 1919/1571/1919 2841/1477/2841 2366/1574/2366
f 2595/1548/2595 2696/1512/2696 2697/1533/2697
vt 0.1596619933843613 0.7911700010299683
vt 0.1596619933843613 0.7556489706039429
vt 0.1772390007972717 0.7556489706039429
f 2496/1578/2496 2855/1579/2855 2884/1580/2884
vt 0.1772390007972717 0.7911700010299683
f 1829/1580/1829 499/1581/499 1836/1578/1836
vt 0.1772390007972717 0.8266919851303101
vt 0.1948170065879822 0.7911700010299683
f 954/1582/954 1343/1581/1343 1918/1583/1918
vt 0.1948170065879822 0.8266919851303101
f 1997/1583/1997 1600/1584/1600 766/1582/766
vt 0.1948170065879822 0.7556489706039429
f 118/1581/118 994/1580/994 1043/1585/1043
f 2728/1585/2728 1262/1583/1262 1172/1581/1172
vt 0.2123939990997314 0.8266919851303101
f 1518/1586/1518 2688/1584/2688 1450/1583/1450
vt 0.1596619933843613 0.7201279997825623
vt 0.1772390007972717 0.7201279997825623
f 2982/1579/2982 1854/1587/1854 661/1588/661
f 504/1588/504 1004/1580/1004 753/1579/753
vt 0.2123939990997314 0.6490859985351562
vt 0.2123939990997314 0.6846070289611816
vt 0.1948170065879822 0.6846070289611816
f 33/1589/33 40/1590/40 43/1591/43
vt 0.1948170065879822 0.7201279997825623
f 33/1580/33 2602/1588/2602 36/1592/36
f 1671/1592/1671 1713/1585/1713 1791/1580/1791
vt 0.1772390007972717 0.6846070289611816
f 1671/1588/1671 1958/1593/1958 877/1591/877
f 2382/1591/2382 1849/1592/1849 445/1588/445
f 890/1592/890 1646/1591/1646 707/1590/707
vt 0.2299720048904419 0.6490859985351562
f 2748/1590/2748 621/1589/621 620/1594/620
vt 0.2299720048904419 0.6846070289611816
f 347/1594/347 1605/1595/1605 1783/1590/1783
vt 0.2123939990997314 0.8622130155563354
vt 0.2299720048904419 0.8266919851303101
f 1479/1596/1479 2137/1586/2137 2146/1597/2146
vt 0.2299720048904419 0.8622130155563354
f 1678/1597/1678 2615/1598/2615 2560/1596/2560
vt 0.2827039957046509 0.6781489849090576
vt 0.2697289884090424 0.6141710281372070
vt 0.2827039957046509 0.6135650277137756
f 2943/1599/2943 2944/1600/2944 2976/1601/2976
vt 0.2568649947643280 0.6159840226173401
vt 0.2549960017204285 0.6833819746971130
vt 0.2442220002412796 0.6189889907836914
f 1278/1602/1278 1609/1603/1609 1510/1604/1510
vt 0.2686100006103516 0.6794679760932922
f 2021/1602/2021 1349/1600/1349 1892/1605/1892
vt 0.2319059967994690 0.6231600046157837
f 2294/1594/2294 2276/1606/2276 2666/1604/2666
vt 0.2200250029563904 0.6284610033035278
f 74/1589/74 1733/1607/1733 1079/1594/1079
f 114/1606/114 1846/1594/1846 1056/1607/1056
vt 0.2086769938468933 0.6348469853401184
f 2056/1608/2056 2333/1607/2333 2103/1589/2103
f 1081/1603/1081 2329/1594/2329 359/1604/359
f 2210/1600/2210 2202/1599/2202 1886/1605/1886
vt 0.2423260062932968 0.6897569894790649
f 1276/1603/1276 2261/1609/2261 777/1594/777
vt 0.2310310006141663 0.6983759999275208
f 520/1595/520 2967/1609/2967 519/1610/519
f 1008/1594/1008 1573/1609/1573 598/1595/598
vt 0.2214950025081635 0.7089449763298035
f 2629/1611/2629 2628/1590/2628 67/1595/67
vt 0.2140440046787262 0.7211040258407593
f 1384/1592/1384 1511/1590/1511 1283/1612/1283
f 96/1590/96 841/1611/841 82/1612/82
f 2064/1611/2064 1460/1595/1460 1360/1610/1360
f 379/1603/379 3065/1602/3065 1474/1605/1474
vt 0.2089300006628036 0.7344400286674500
f 2384/1612/2384 2779/1613/2779 2446/1592/2446
vt 0.1979620009660721 0.6422629952430725
f 591/1614/591 1566/1608/1566 1567/1589/1567
vt 0.1787849962711334 0.6599280238151550
vt 0.1879689991474152 0.6506479978561401
f 263/1615/263 266/1616/266 205/1591/205
f 2047/1614/2047 2547/1591/2547 1807/1616/1807
f 3028/1589/3028 3036/1591/3036 3041/1614/3041
vt 0.1704870015382767 0.6700239777565002
f 3026/1593/3026 3028/1617/3028 3029/1615/3029
vt 0.1568270027637482 0.6923170089721680
vt 0.1631470024585724 0.6808519959449768
f 2147/1587/2147 1655/1618/1655 1374/1619/1374
f 709/1617/709 2243/1593/2243 1698/1619/1698
f 527/1619/527 531/1593/531 2735/1588/2735
f 1309/1593/1309 1890/1615/1890 1915/1591/1915
f 1699/1588/1699 2633/1587/2633 2632/1619/2632
vt 0.2063300013542175 0.7484980225563049
f 447/1592/447 2351/1620/2351 2850/1585/2850
vt 0.2063300013542175 0.7627999782562256
f 2637/1621/2637 2579/1585/2579 1711/1620/1711
vt 0.1474529951810837 0.7167659997940063
vt 0.1515800058841705 0.7043229937553406
f 152/1587/152 1416/1622/1416 612/1623/612
vt 0.1426839977502823 0.7425389885902405
vt 0.1444790065288544 0.7295410037040710
f 2983/1624/2983 589/1625/589 1416/1579/1416
f 1954/1625/1954 2333/1587/2333 2056/1579/2056
f 2975/1622/2975 989/1587/989 583/1625/583
f 1399/1623/1399 374/1618/374 2134/1587/2134
f 1146/1613/1146 2172/1620/2172 2712/1592/2712
vt 0.2310310006141663 0.8129230141639709
vt 0.2423260062932968 0.8215420246124268
f 1627/1597/1627 1787/1626/1787 2506/1627/2506
vt 0.2549960017204285 0.8279169797897339
f 1677/1628/1677 2635/1598/2635 1788/1627/1788
f 215/1598/215 472/1597/472 273/1627/273
vt 0.2140440046787262 0.7901939749717712
vt 0.2089300006628036 0.7768579721450806
f 1589/1629/1589 1414/1583/1414 644/1630/644
vt 0.2214950025081635 0.8023539781570435
f 1509/1586/1509 1488/1631/1488 1512/1597/1512
f 1708/1626/1708 1243/1597/1243 1242/1631/1242
f 86/1629/86 1242/1631/1242 422/1586/422
f 2179/1629/2179 2709/1586/2709 2132/1583/2132
vt 0.2686100006103516 0.8318300247192383
vt 0.2568649947643280 0.8953149914741516
f 881/1632/881 882/1633/882 1675/1628/1675
vt 0.2442220002412796 0.8923100233078003
f 98/1633/98 2947/1634/2947 1841/1628/1841
vt 0.2697289884090424 0.8971279859542847
f 3024/1633/3024 3006/1632/3006 2607/1635/2607
vt 0.2827039957046509 0.8331500291824341
vt 0.2827039957046509 0.8977339863777161
f 202/1636/202 2847/1637/2847 2484/1635/2484
vt 0.2200250029563904 0.8828380107879639
f 2523/1638/2523 1503/1596/1503 1502/1598/1502
vt 0.2319059967994690 0.8881390094757080
f 1608/1638/1608 1277/1598/1277 1607/1639/1607
f 2212/1634/2212 788/1639/788 2222/1598/2222
f 1919/1598/1919 576/1628/576 997/1634/997
vt 0.2086769938468933 0.8764520287513733
f 425/1640/425 426/1596/426 2805/1638/2805
f 581/1632/581 160/1636/160 663/1635/663
f 1032/1596/1032 2934/1584/2934 1825/1586/1825
f 1702/1583/1702 63/1585/63 62/1621/62
vt 0.1631470024585724 0.8304470181465149
f 1702/1581/1702 2292/1641/2292 2248/1578/2248
f 1203/1621/1203 2010/1630/2010 949/1583/949
vt 0.1426839977502823 0.7687590122222900
vt 0.1420840024948120 0.7556489706039429
f 349/1642/349 1379/1643/1379 1631/1579/1631
vt 0.1474529951810837 0.7945330142974854
vt 0.1444790065288544 0.7817569971084595
f 1857/1644/1857 2953/1645/2953 1056/1578/1056
f 1385/1579/1385 2524/1645/2524 1606/1642/1606
vt 0.1515800058841705 0.8069760203361511
f 1898/1578/1898 1927/1646/1927 800/1644/800
f 2544/1579/2544 1395/1578/1395 1489/1645/1489
f 2442/1624/2442 244/1579/244 2472/1643/2472
vt 0.1787849962711334 0.8513709902763367
f 675/1582/675 2751/1584/2751 158/1647/158
vt 0.1879689991474152 0.8606510162353516
f 632/1648/632 2784/1647/2784 1105/1584/1105
vt 0.1979620009660721 0.8690350055694580
f 1903/1648/1903 2008/1584/2008 1201/1649/1201
f 1903/1649/1903 2904/1584/2904 1766/1596/1766
vt 0.1568270027637482 0.8189820051193237
f 320/1650/320 2062/1646/2062 2241/1578/2241
vt 0.1704870015382767 0.8412740230560303
f 611/1641/611 165/1582/165 639/1651/639
f 242/1647/242 732/1651/732 2458/1582/2458
f 2729/1578/2729 798/1641/798 2193/1650/2193
f 952/1582/952 1193/1641/1193 395/1581/395
f 2631/1596/2631 835/1640/835 2705/1649/2705
vt 0.8618509769439697 0.0367439985275269
vt 0.8618509769439697 0.0189629998058081
vt 0.8713470101356506 0.0189629998058081
f 984/1652/984 563/1653/563 728/1654/728
vt 0.8713470101356506 0.0367439985275269
f 2528/1654/2528 356/1655/356 2531/1652/2531
vt 0.8522099852561951 0.0367439985275269
vt 0.8522099852561951 0.0189629998058081
f 349/1656/349 1301/1657/1301 367/1653/367
f 2803/1653/2803 2359/1652/2359 1765/1656/1765
vt 0.8618509769439697 0.0545249991118908
f 2613/1658/2613 173/1652/173 1222/1655/1222
vt 0.8713470101356506 0.0545249991118908
f 1817/1655/1817 1587/1659/1587 550/1658/550
vt 0.8522099852561951 0.0545249991118908
f 781/1660/781 410/1656/410 1245/1652/1245
f 2495/1652/2495 2401/1658/2401 2893/1660/2893
vt 0.8618509769439697 0.0723059996962547
f 203/1661/203 2459/1658/2459 967/1659/967
vt 0.8713470101356506 0.0723059996962547
f 1157/1659/1157 796/1662/796 2231/1661/2231
vt 0.8522099852561951 0.0723059996962547
f 1850/1663/1850 629/1660/629 2952/1658/2952
f 2724/1658/2724 2178/1661/2178 2577/1663/2577
vt 0.8618509769439697 0.0899989977478981
f 1904/1664/1904 1926/1661/1926 1351/1662/1351
vt 0.8713470101356506 0.0899989977478981
f 2303/1662/2303 1062/1665/1062 2293/1664/2293
vt 0.8522099852561951 0.0899989977478981
f 1461/1666/1461 2985/1663/2985 2429/1661/2429
f 1668/1661/1668 871/1664/871 1461/1666/1461
vt 0.8618509769439697 0.1072940006852150
f 1461/1667/1461 1505/1664/1505 823/1665/823
vt 0.8713470101356506 0.1072940006852150
f 2598/1665/2598 2687/1668/2687 2706/1667/2706
vt 0.8522099852561951 0.1072940006852150
f 65/1669/65 2186/1666/2186 2594/1664/2594
f 444/1664/444 2463/1667/2463 2844/1669/2844
vt 0.8618509769439697 0.1245890036225319
f 2386/1670/2386 2913/1667/2913 2844/1668/2844
vt 0.8713470101356506 0.1245890036225319
f 1664/1668/1664 288/1671/288 2089/1670/2089
vt 0.8522099852561951 0.1245890036225319
f 1420/1672/1420 1559/1669/1559 1558/1667/1558
f 665/1667/665 640/1670/640 2996/1672/2996
vt 0.8618509769439697 0.1418839991092682
f 995/1673/995 2985/1670/2985 871/1671/871
vt 0.8713470101356506 0.1418839991092682
f 1581/1671/1581 1437/1674/1437 158/1673/158
vt 0.8522099852561951 0.1418839991092682
f 1288/1675/1288 2526/1672/2526 2879/1670/2879
f 3002/1670/3002 2976/1673/2976 2944/1675/2944
vt 0.8618509769439697 0.1591790020465851
f 1628/1676/1628 1292/1673/1292 1287/1674/1287
vt 0.8713470101356506 0.1591790020465851
f 3068/1674/3068 3049/1677/3049 2/1676/2
vt 0.8522099852561951 0.1591790020465851
f 2746/1678/2746 1846/1675/1846 114/1673/114
f 1912/1673/1912 1308/1676/1308 1921/1678/1921
vt 0.8618509769439697 0.1764750033617020
f 991/1679/991 2253/1676/2253 300/1677/300
vt 0.8713470101356506 0.1764750033617020
f 336/1677/336 1369/1680/1369 2124/1679/2124
vt 0.8522099852561951 0.1764750033617020
f 1669/1681/1669 2253/1678/2253 873/1676/873
f 1479/1676/1479 2146/1679/2146 1380/1681/1380
vt 0.8618509769439697 0.1937700062990189
f 1509/1682/1509 1380/1679/1380 1508/1680/1508
vt 0.8713470101356506 0.1937700062990189
f 1076/1680/1076 64/1683/64 1788/1682/1788
vt 0.8522099852561951 0.1937700062990189
f 1851/1684/1851 196/1681/196 265/1679/265
f 884/1679/884 2642/1682/2642 703/1684/703
vt 0.8618509769439697 0.2110649943351746
f 2325/1685/2325 2244/1682/2244 832/1683/832
vt 0.8713470101356506 0.2110649943351746
f 2893/1683/2893 2824/1686/2824 2376/1685/2376
vt 0.8522099852561951 0.2110649943351746
f 1687/1687/1687 2092/1684/2092 2256/1682/2256
f 499/1682/499 744/1685/744 1836/1687/1836
vt 0.8618509769439697 0.2283599972724915
f 839/1688/839 1691/1685/1691 1939/1686/1939
vt 0.8713470101356506 0.2283599972724915
f 1515/1686/1515 1241/1689/1241 780/1688/780
vt 0.8522099852561951 0.2283599972724915
f 1159/1690/1159 1230/1687/1230 1112/1685/1112
f 195/1685/195 413/1688/413 1220/1690/1220
vt 0.8618509769439697 0.2456550002098083
f 1256/1691/1256 1131/1688/1131 1232/1689/1232
vt 0.8713470101356506 0.2456550002098083
f 1266/1689/1266 2558/1692/2558 1232/1691/1232
vt 0.8522099852561951 0.2456550002098083
f 942/1693/942 1196/1690/1196 407/1688/407
f 1259/1688/1259 1234/1691/1234 2716/1693/2716
vt 0.8618509769439697 0.2640079855918884
f 670/1694/670 590/1691/590 658/1692/658
vt 0.8713470101356506 0.2640079855918884
f 2180/1692/2180 2181/1695/2181 2710/1694/2710
vt 0.8522099852561951 0.2640079855918884
f 2816/1696/2816 409/1693/409 668/1691/668
f 420/1691/420 1180/1694/1180 966/1696/966
vt 0.8618509769439697 0.2802450060844421
f 1858/1697/1858 131/1694/131 511/1695/511
vt 0.8713470101356506 0.2802450060844421
f 577/1695/577 654/1698/654 546/1697/546
vt 0.8522099852561951 0.2802450060844421
f 2795/1699/2795 457/1696/457 246/1694/246
f 801/1694/801 2571/1697/2571 2714/1699/2714
vt 0.8618509769439697 0.2992079854011536
f 2000/1700/2000 408/1697/408 939/1698/939
vt 0.8713470101356506 0.2992079854011536
f 1320/1698/1320 943/1701/943 408/1700/408
vt 0.8522099852561951 0.2992079854011536
f 345/1702/345 1393/1699/1393 1626/1697/1626
f 226/1697/226 231/1700/231 482/1702/482
vt 0.8618509769439697 0.3169890046119690
f 2401/1703/2401 2824/1700/2824 2893/1701/2893
vt 0.8713470101356506 0.3169890046119690
f 1358/1701/1358 1742/1704/1742 1879/1703/1879
vt 0.8522099852561951 0.3169890046119690
f 2057/1705/2057 2102/1702/2102 2058/1700/2058
f 559/1700/559 461/1703/461 2402/1705/2402
vt 0.8618509769439697 0.3347699940204620
f 1673/1706/1673 2048/1703/2048 297/1704/297
vt 0.8713470101356506 0.3347699940204620
f 738/1704/738 2471/1707/2471 2973/1706/2973
vt 0.8522099852561951 0.3347699940204620
f 2023/1708/2023 2808/1705/2808 1750/1703/1750
f 567/1703/567 540/1706/540 2968/1708/2968
vt 0.8618509769439697 0.3525510132312775
f 1009/1709/1009 756/1706/756 1053/1707/1053
vt 0.8713470101356506 0.3525510132312775
f 1903/1707/1903 1355/1710/1355 2008/1709/2008
vt 0.8522099852561951 0.3525510132312775
f 2700/1711/2700 1666/1708/1666 2171/1706/2171
f 1592/1706/1592 697/1709/697 596/1711/596
vt 0.8618509769439697 0.3702439963817596
f 2372/1712/2372 459/1709/459 199/1710/199
vt 0.8713470101356506 0.3702439963817596
f 2434/1710/2434 2895/1713/2895 2979/1712/2979
vt 0.8522099852561951 0.3702439963817596
f 427/1714/427 2794/1711/2794 965/1709/965
f 2259/1709/2259 2049/1712/2049 116/1714/116
vt 0.8618509769439697 0.3875389993190765
f 711/1715/711 2108/1712/2108 1089/1713/1089
vt 0.8713470101356506 0.3875389993190765
f 1658/1713/1658 865/1716/865 1945/1715/1945
vt 0.8522099852561951 0.3875389993190765
f 2342/1717/2342 2326/1714/2326 1074/1712/1074
f 1661/1712/1661 1982/1715/1982 1690/1717/1690
vt 0.8618509769439697 0.4048340022563934
f 1330/1718/1330 1328/1715/1328 1902/1716/1902
vt 0.8713470101356506 0.4048340022563934
f 2588/1716/2588 1161/1719/1161 1124/1718/1124
vt 0.8522099852561951 0.4048340022563934
f 1537/1720/1537 2156/1717/2156 1400/1715/1400
f 2468/1715/2468 2877/1718/2877 2873/1720/2873
vt 0.8618509769439697 0.4221299886703491
f 1422/1721/1422 662/1718/662 551/1719/551
vt 0.8713470101356506 0.4221299886703491
f 551/1719/551 2742/1722/2742 1028/1721/1028
vt 0.8522099852561951 0.4221299886703491
f 38/1723/38 749/1720/749 2984/1718/2984
f 2984/1718/2984 3000/1721/3000 1058/1723/1058
vt 0.8618509769439697 0.4394249916076660
f 1157/1724/1157 1107/1721/1107 2566/1722/2566
vt 0.8713470101356506 0.4394249916076660
f 1766/1722/1766 2410/1725/2410 2715/1724/2715
vt 0.8522099852561951 0.4394249916076660
f 806/1726/806 2036/1723/2036 2087/1721/2087
f 1292/1721/1292 1616/1724/1616 1287/1726/1287
vt 0.8522099852561951 0.4567199945449829
f 1457/1727/1457 364/1726/364 1616/1724/1616
vt 0.8618509769439697 0.4567199945449829
f 1427/1724/1427 591/1728/591 1567/1727/1567
vt 0.8804619908332825 0.0120599996298552
vt 0.8709890246391296 0.0000000000000000
vt 0.8804619908332825 0.0000000000000000
f 2992/1729/2992 2454/1730/2454 2903/1731/2903
vt 0.8804619908332825 0.0241199992597103
vt 0.8804619908332825 0.0361809991300106
f 1570/1732/1570 676/1733/676 99/1655/99
f 132/1655/132 494/1654/494 981/1732/981
f 1093/1654/1093 2096/1729/2096 2254/1732/2254
vt 0.8804619908332825 0.0482410006225109
vt 0.8804619908332825 0.0603009983897209
f 1217/1659/1217 976/1734/976 2776/1735/2776
vt 0.8804619908332825 0.0723609998822212
vt 0.8804619908332825 0.0844219997525215
f 1949/1736/1949 822/1737/822 1692/1665/1692
f 880/1665/880 1692/1662/1692 1963/1736/1963
vt 0.8804619908332825 0.0964820012450218
f 583/1665/583 1562/1737/1562 663/1738/663
f 2278/1735/2278 2078/1736/2078 807/1662/807
f 607/1662/607 1817/1659/1817 2739/1735/2739
f 1578/1655/1578 1421/1733/1421 1582/1734/1582
f 471/1655/471 263/1734/263 2377/1659/2377
vt 0.8804619908332825 0.1085420027375221
vt 0.8804619908332825 0.1206019967794418
f 1603/1739/1603 1237/1740/1237 1116/1671/1116
f 1611/1671/1611 1116/1668/1116 1281/1739/1281
f 1611/1668/1611 1622/1665/1622 2540/1738/2540
f 569/1738/569 1436/1739/1436 2735/1668/2735
vt 0.8804619908332825 0.1326619982719421
f 137/1671/137 1826/1740/1826 1859/1741/1859
f 1432/1654/1432 161/1730/161 637/1729/637
vt 0.8804619908332825 0.1447229981422424
f 411/1674/411 548/1741/548 549/1742/549
vt 0.8804619908332825 0.1567829996347427
vt 0.8804619908332825 0.1688430011272430
f 1716/1677/1716 883/1743/883 2641/1744/2641
f 1125/1742/1125 1159/1743/1159 1121/1677/1121
f 613/1677/613 653/1674/653 1824/1742/1824
vt 0.8804619908332825 0.1809030026197433
vt 0.8804619908332825 0.1929630041122437
f 1161/1745/1161 1106/1746/1106 1261/1683/1261
f 3005/1683/3005 2675/1680/2675 18/1745/18
vt 0.8804619908332825 0.2050240039825439
vt 0.8804619908332825 0.2170840054750443
f 1188/1686/1188 935/1747/935 1239/1748/1239
vt 0.8804619908332825 0.2291440069675446
f 878/1748/878 1675/1749/1675 827/1689/827
f 2053/1689/2053 2098/1686/2098 1957/1748/1957
f 870/1683/870 692/1746/692 869/1747/869
f 1452/1680/1452 1390/1744/1390 1134/1745/1134
f 2622/1677/2622 1707/1744/1707 844/1680/844
vt 0.8804619908332825 0.2412039935588837
vt 0.8804619908332825 0.2532649934291840
f 745/1692/745 1039/1750/1039 1837/1751/1837
f 1453/1692/1453 2164/1689/2164 2562/1749/2562
f 1571/1749/1571 557/1750/557 1572/1692/1572
f 2178/1695/2178 2695/1692/2695 1155/1751/1155
vt 0.8804619908332825 0.2653250098228455
f 775/1751/775 1500/1752/1500 2695/1695/2695
f 1269/1747/1269 1497/1686/1497 1484/1683/1484
f 2919/1671/2919 2831/1741/2831 2404/1674/2404
vt 0.8615159988403320 0.0000000000000000
f 21/1753/21 3038/1730/3038 20/1654/20
f 2841/1654/2841 2887/1653/2887 2366/1753/2366
vt 0.8520429730415344 0.0000000000000000
f 2885/1754/2885 239/1753/239 2792/1653/2792
f 2885/1653/2885 2351/1657/2351 2350/1754/2350
vt 0.8425700068473816 0.0494549982249737
f 501/1656/501 162/1660/162 1907/1755/1907
vt 0.8425700068473816 0.0329700000584126
f 2608/1755/2608 814/1756/814 829/1656/829
vt 0.8425700068473816 0.0824249982833862
f 790/1663/790 1232/1666/1232 1131/1757/1131
vt 0.8425700068473816 0.0659400001168251
f 1906/1757/1906 1753/1758/1753 1335/1663/1335
vt 0.8425700068473816 0.0989099964499474
f 250/1666/250 2795/1669/2795 246/1759/246
f 1363/1759/1363 2124/1757/2124 1369/1666/1369
f 1465/1660/1465 1387/1663/1387 1466/1758/1466
f 120/1758/120 1047/1755/1047 121/1660/121
f 164/1657/164 121/1656/121 2948/1756/2948
vt 0.8425700068473816 0.0164850000292063
f 700/1756/700 1674/1760/1674 879/1657/879
vt 0.8425700068473816 0.0000000000000000
f 1117/1760/1117 1152/1761/1152 782/1754/782
f 697/1657/697 1669/1760/1669 873/1754/873
vt 0.8425700068473816 0.1153950020670891
f 875/1759/875 2696/1669/2696 828/1762/828
vt 0.8425700068473816 0.1318800002336502
f 2696/1669/2696 2719/1672/2719 1972/1763/1972
f 161/1763/161 587/1762/587 629/1669/629
vt 0.8425700068473816 0.1483650058507919
f 989/1672/989 1584/1675/1584 583/1764/583
f 1206/1764/1206 933/1763/933 951/1672/951
vt 0.8425700068473816 0.1813350021839142
f 1467/1678/1467 2135/1681/2135 1468/1765/1468
vt 0.8425700068473816 0.1648499965667725
f 2221/1765/2221 781/1766/781 1245/1678/1245
f 2535/1675/2535 2153/1678/2153 1281/1766/1281
f 71/1766/71 874/1764/874 1707/1675/1707
vt 0.8425700068473816 0.2307900041341782
f 71/1687/71 2318/1690/2318 842/1767/842
vt 0.8425700068473816 0.2143049985170364
f 2295/1767/2295 1784/1768/1784 2102/1687/2102
vt 0.8425700068473816 0.2472749948501587
f 362/1690/362 363/1693/363 2536/1769/2536
f 1382/1769/1382 2270/1767/2270 2106/1690/2106
f 667/1684/667 2755/1687/2755 1041/1768/1041
vt 0.8425700068473816 0.1978199928998947
f 1250/1768/1250 2223/1770/2223 1618/1684/1618
f 2062/1681/2062 2338/1684/2338 2339/1770/2339
f 2424/1770/2424 949/1765/949 2874/1681/2874
vt 0.8425700068473816 0.2637600004673004
f 2633/1771/2633 67/1769/67 2632/1693/2632
f 1381/1693/1381 2047/1696/2047 303/1771/303
vt 0.8425700068473816 0.2802450060844421
f 1640/1772/1640 1100/1771/1100 2514/1696/2514
f 565/1696/565 1015/1699/1015 598/1772/598
f 1892/1698/1892 1750/1695/1750 397/1752/397
vt 0.8804619908332825 0.2773849964141846
f 1510/1752/1510 2549/1773/2549 2151/1698/2151
vt 0.8804619908332825 0.2894450128078461
vt 0.8804619908332825 0.3015049993991852
f 360/1701/360 355/1774/355 1286/1775/1286
f 3030/1698/3030 3032/1773/3032 3011/1774/3011
vt 0.8804619908332825 0.3135659992694855
vt 0.8804619908332825 0.3256259858608246
f 2957/1704/2957 1858/1776/1858 511/1777/511
vt 0.8804619908332825 0.3376860022544861
vt 0.8804619908332825 0.3497459888458252
f 1569/1778/1569 180/1779/180 1422/1710/1422
f 455/1710/455 454/1707/454 2839/1778/2839
vt 0.8804619908332825 0.3618060052394867
f 2983/1710/2983 1416/1779/1416 2464/1780/2464
f 477/1707/477 2451/1777/2451 218/1778/218
f 2716/1775/2716 1163/1776/1163 2219/1704/2219
f 2016/1704/2016 1877/1701/1877 1309/1775/1309
f 859/1701/859 826/1698/826 1956/1774/1956
vt 0.8804619908332825 0.3738670051097870
f 814/1716/814 854/1713/854 829/1781/829
vt 0.8804619908332825 0.3859269917011261
f 2126/1781/2126 1458/1782/1458 1499/1716/1499
f 897/1713/897 91/1710/91 720/1780/720
f 31/1777/31 23/1707/23 3067/1704/3067
f 1427/1780/1427 587/1781/587 591/1713/591
vt 0.8804619908332825 0.3979870080947876
vt 0.8804619908332825 0.4100469946861267
f 1642/1719/1642 1274/1783/1274 2543/1784/2543
f 3005/1719/3005 3045/1716/3045 3010/1782/3010
f 307/1782/307 2259/1783/2259 1731/1719/1731
f 1545/1722/1545 648/1719/648 122/1784/122
vt 0.8804619908332825 0.4221079945564270
f 2603/1784/2603 3013/1785/3013 529/1722/529
vt 0.8804619908332825 0.4341680109500885
f 348/1785/348 1111/1786/1111 2521/1725/2521
f 905/1725/905 2345/1722/2345 837/1785/837
vt 0.8762400150299072 0.4513979852199554
vt 0.8804619908332825 0.4462279975414276
f 2099/1787/2099 2303/1725/2303 2265/1788/2265
f 932/1725/932 395/1786/395 446/1788/446
vt 0.8722590208053589 0.4568479955196381
f 88/1787/88 1699/1789/1699 2632/1725/2632
f 1083/1724/1083 1796/1725/1796 2311/1728/2311
f 156/1728/156 2614/1725/2614 704/1789/704
vt 0.8650339841842651 0.4686749875545502
vt 0.8685219883918762 0.4626019895076752
f 2504/1790/2504 197/1728/197 2889/1791/2889
f 317/1728/317 305/1789/305 1784/1791/1784
vt 0.8618000149726868 0.4750680029392242
f 1048/1728/1048 1827/1790/1827 662/1792/662
vt 0.8588219881057739 0.4817749857902527
vt 0.8560969829559326 0.4887779951095581
vt 0.8522099852561951 0.4913100004196167
f 834/1793/834 1408/1794/1408 142/1795/142
f 1975/1793/1975 1675/1727/1675 882/1792/882
f 834/1727/834 1967/1728/1967 1966/1792/1966
vt 0.8536130189895630 0.4960570037364960
f 1667/1794/1667 2719/1796/2719 2197/1795/2197
vt 0.8425700068473816 0.2967300117015839
f 2723/1797/2723 2715/1772/2715 2682/1699/2682
f 1797/1699/1797 2334/1702/2334 70/1797/70
vt 0.8425700068473816 0.3296999931335449
f 201/1705/201 2756/1708/2756 1042/1798/1042
vt 0.8425700068473816 0.3132149875164032
f 2052/1798/2052 2051/1799/2051 301/1705/301
f 2094/1702/2094 296/1705/296 2052/1799/2052
f 2547/1799/2547 1269/1797/1269 338/1702/338
vt 0.8425700068473816 0.3461849987506866
f 830/1708/830 1966/1711/1966 1967/1800/1967
f 2858/1800/2858 204/1798/204 2367/1708/2367
vt 0.8425700068473816 0.3791550099849701
f 2613/1714/2613 1222/1717/1222 2593/1801/2593
vt 0.8425700068473816 0.3626700043678284
f 2799/1801/2799 2800/1802/2800 1208/1714/1208
vt 0.8425700068473816 0.4121249914169312
f 2799/1717/2799 2014/1720/2014 1207/1803/1207
vt 0.8425700068473816 0.3956399857997894
f 109/1803/109 1848/1804/1848 668/1717/668
f 107/1711/107 1027/1714/1027 1822/1802/1822
f 1822/1802/1822 622/1800/622 1556/1711/1556
vt 0.8425700068473816 0.4286099970340729
f 2334/1720/2334 2289/1723/2289 287/1805/287
f 2343/1805/2343 2318/1803/2318 2243/1720/2243
f 1304/1804/1304 1630/1801/1630 1251/1717/1251
vt 0.8425700068473816 0.4450950026512146
f 610/1723/610 1029/1726/1029 575/1806/575
f 498/1806/498 135/1805/135 2960/1723/2960
vt 0.8425700068473816 0.4615800082683563
f 2974/1726/2974 740/1727/740 498/1807/498
f 778/1807/778 2215/1806/2215 1231/1726/1231
f 361/1727/361 2540/1793/2540 1622/1795/1622
vt 0.8513749837875366 0.5035570263862610
f 94/1796/94 532/1808/532 29/1795/29
vt 0.8425700068473816 0.4780650138854980
f 1821/1727/1821 2942/1795/2942 1819/1809/1819
f 1815/1809/1815 497/1807/497 520/1727/520
vt 0.8425700068473816 0.4945499897003174
f 1337/1810/1337 2013/1795/2013 411/1808/411
vt 0.8494070172309875 0.5112419724464417
vt 0.8425700068473816 0.5110350251197815
f 745/1808/745 1075/1811/1075 1039/1812/1039
vt 0.8453040122985840 0.5353289842605591
vt 0.8425700068473816 0.5275200009346008
vt 0.8463590145111084 0.5271450281143188
f 2935/1813/2935 118/1814/118 1043/1815/1043
vt 0.8477290272712708 0.5191090106964111
f 2392/1816/2392 447/1815/447 2361/1814/2361
f 1439/1816/1439 1414/1812/1414 1589/1811/1589
vt 0.8445659875869751 0.5436329841613770
vt 0.8425700068473816 0.5440049767494202
f 2726/1817/2726 2691/1818/2691 2174/1813/2174
f 202/1810/202 2426/1809/2426 2847/1795/2847
f 1986/1812/1986 2260/1810/2260 1654/1808/1654
vt 0.8425700068473816 0.5604900121688843
vt 0.8441359996795654 0.5520290136337280
vt 0.8439980149269104 0.5604900121688843
f 24/1819/24 23/1820/23 2672/1821/2672
f 16/1818/16 41/1814/41 7/1813/7
f 2544/1820/2544 2125/1819/2125 1395/1818/1395
f 711/1816/711 1664/1814/1664 1985/1812/1985
f 1073/1820/1073 1688/1818/1688 2110/1817/2110
vt 0.9799230098724365 0.1041499972343445
vt 0.9702829718589783 0.1041499972343445
vt 0.9702829718589783 0.0868759974837303
f 1681/1822/1681 2644/1823/2644 891/1824/891
vt 0.9894199967384338 0.1209210008382797
vt 0.9799230098724365 0.1209210008382797
f 1459/1825/1459 2843/1826/2843 2794/1822/2794
vt 0.9702829718589783 0.1209210008382797
f 2091/1827/2091 1662/1823/1662 1667/1822/1667
f 1428/1822/1428 737/1826/737 585/1827/585
vt 0.9799230098724365 0.1376920044422150
f 1812/1828/1812 1091/1826/1091 1019/1825/1019
vt 0.9894199967384338 0.1376920044422150
f 1074/1825/1074 2326/1829/2326 2623/1828/2623
vt 0.9702829718589783 0.1376920044422150
f 2221/1830/2221 2184/1827/2184 2713/1826/2713
f 2713/1826/2713 2701/1828/2701 2175/1830/2175
vt 0.9799230098724365 0.1544629931449890
f 609/1831/609 398/1828/398 940/1829/940
vt 0.9894199967384338 0.1544629931449890
f 1423/1829/1423 993/1832/993 1561/1831/1561
vt 0.9702829718589783 0.1544629931449890
f 2312/1833/2312 2268/1830/2268 506/1828/506
f 280/1828/280 2869/1831/2869 459/1833/459
vt 0.9799230098724365 0.1712339967489243
f 1109/1834/1109 1239/1831/1239 407/1832/407
vt 0.9894199967384338 0.1712339967489243
f 1387/1832/1387 2219/1835/2219 1255/1834/1255
vt 0.9702829718589783 0.1712339967489243
f 589/1836/589 612/1833/612 1416/1831/1416
f 2983/1831/2983 748/1834/748 589/1836/589
vt 0.9799230098724365 0.1880050003528595
f 784/1837/784 780/1834/780 796/1835/796
vt 0.9894199967384338 0.1880050003528595
f 1032/1835/1032 1822/1838/1822 2934/1837/2934
vt 0.9702829718589783 0.1880050003528595
f 498/1839/498 1003/1836/1003 2950/1834/2950
f 349/1834/349 2522/1837/2522 1112/1839/1112
vt 0.9799230098724365 0.2047760039567947
f 86/1840/86 1708/1837/1708 1242/1838/1242
vt 0.9894199967384338 0.2047760039567947
f 950/1838/950 1206/1841/1206 951/1840/951
vt 0.9702829718589783 0.2047760039567947
f 1769/1842/1769 410/1839/410 781/1837/781
f 73/1837/73 1678/1840/1678 1718/1842/1718
vt 0.9799230098724365 0.2215469926595688
f 1204/1843/1204 1333/1840/1333 251/1841/251
vt 0.9894199967384338 0.2215469926595688
f 306/1841/306 1090/1844/1090 2310/1843/2310
vt 0.9702829718589783 0.2215469926595688
f 1324/1845/1324 1898/1842/1898 1553/1840/1553
f 132/1840/132 103/1843/103 494/1845/494
vt 0.9799230098724365 0.2383179962635040
f 2956/1846/2956 129/1843/129 456/1844/456
vt 0.9894199967384338 0.2383179962635040
f 196/1844/196 456/1847/456 2367/1846/2367
vt 0.9702829718589783 0.2383179962635040
f 2290/1848/2290 2262/1845/2262 2300/1843/2300
f 996/1843/996 1863/1846/1863 2862/1848/2862
vt 0.9799230098724365 0.2559419870376587
f 2603/1849/2603 2606/1846/2606 2604/1847/2604
vt 0.9894199967384338 0.2559419870376587
f 1582/1847/1582 557/1850/557 597/1849/597
vt 0.9702829718589783 0.2559419870376587
f 272/1851/272 2375/1848/2375 476/1846/476
f 929/1846/929 2872/1849/2872 1881/1851/1881
vt 0.9799230098724365 0.2736369967460632
f 1264/1852/1264 2169/1849/2169 1168/1850/1168
vt 0.9894199967384338 0.2736369967460632
f 962/1850/962 2791/1853/2791 386/1852/386
vt 0.9702829718589783 0.2736369967460632
f 819/1854/819 1668/1851/1668 823/1849/823
f 320/1849/320 2241/1852/2241 2112/1854/2112
vt 0.9799230098724365 0.2895179986953735
f 358/1855/358 1279/1852/1279 1610/1853/1610
vt 0.9894199967384338 0.2895179986953735
f 47/1853/47 44/1856/44 38/1855/38
vt 0.9702829718589783 0.2895179986953735
f 3005/1857/3005 18/1854/18 2601/1852/2601
f 3012/1852/3012 531/1855/531 2925/1857/2925
vt 0.9799230098724365 0.3072899878025055
f 1604/1858/1604 2678/1855/2678 2568/1856/2568
vt 0.9894199967384338 0.3072899878025055
f 2729/1856/2729 2192/1859/2192 2692/1858/2692
vt 0.9702829718589783 0.3072899878025055
f 2311/1860/2311 2634/1857/2634 299/1855/299
f 2529/1855/2529 2890/1858/2890 1463/1860/1463
vt 0.9799230098724365 0.3245320022106171
f 1890/1861/1890 936/1858/936 1319/1859/1319
vt 0.9894199967384338 0.3245320022106171
f 1752/1859/1752 404/1862/404 1319/1861/1319
vt 0.9702829718589783 0.3245320022106171
f 1719/1863/1719 632/1860/632 1105/1858/1105
f 2980/1858/2980 1042/1861/1042 2962/1863/2962
vt 0.9799230098724365 0.3417750000953674
f 1229/1864/1229 2008/1861/2008 1355/1862/1355
vt 0.9894199967384338 0.3417750000953674
f 2092/1862/2092 2067/1865/2067 2257/1864/2257
vt 0.9702829718589783 0.3417750000953674
f 369/1866/369 2529/1863/2529 1463/1861/1463
f 2427/1861/2427 2428/1864/2428 2373/1866/2373
vt 0.9799230098724365 0.3590170145034790
f 194/1867/194 1896/1864/1896 2373/1865/2373
vt 0.9894199967384338 0.3590170145034790
f 2918/1865/2918 2139/1868/2139 2417/1867/2417
vt 0.9702829718589783 0.3590170145034790
f 2569/1869/2569 1145/1866/1145 2712/1864/2712
f 1330/1864/1330 412/1867/412 1904/1869/1904
vt 0.9799230098724365 0.3760089874267578
f 706/1870/706 2313/1867/2313 1706/1868/1706
vt 0.9894199967384338 0.3760089874267578
f 1706/1868/1706 2299/1871/2299 68/1870/68
vt 0.9702829718589783 0.3760089874267578
f 2138/1872/2138 2539/1869/2539 1517/1867/1517
f 690/1867/690 695/1870/695 2290/1872/2290
vt 0.9799230098724365 0.3927800059318542
f 1109/1873/1109 774/1870/774 2214/1871/2214
vt 0.9894199967384338 0.3927800059318542
f 2993/1871/2993 757/1874/757 1012/1873/1012
vt 0.9702829718589783 0.3927800059318542
f 640/1875/640 488/1872/488 2996/1870/2996
f 1040/1870/1040 1008/1873/1008 1837/1875/1837
vt 0.9799230098724365 0.4095509946346283
f 617/1876/617 662/1873/662 1827/1874/1827
vt 0.9894199967384338 0.4095509946346283
f 85/1874/85 2665/1877/2665 2664/1876/2664
vt 0.9702829718589783 0.4095509946346283
f 177/1878/177 1354/1875/1354 2500/1873/2500
f 652/1873/652 1561/1876/1561 1938/1878/1938
vt 0.9799230098724365 0.4263220131397247
f 330/1879/330 295/1876/295 2167/1877/2167
vt 0.9894199967384338 0.4263220131397247
f 2976/1877/2976 261/1880/261 2378/1879/2378
vt 0.9702829718589783 0.4263220131397247
f 2175/1881/2175 2701/1878/2701 779/1876/779
f 1633/1876/1633 1294/1879/1294 1511/1881/1511
vt 0.9799230098724365 0.4430930018424988
f 31/1882/31 26/1879/26 530/1880/530
vt 0.9894199967384338 0.4430930018424988
f 2771/1880/2771 641/1883/641 143/1882/143
vt 0.9702829718589783 0.4430930018424988
f 2658/1884/2658 1074/1881/1074 2623/1879/2623
f 1539/1879/1539 2922/1882/2922 2865/1884/2865
vt 0.9799230098724365 0.4598639905452728
f 1552/1885/1552 733/1882/733 1411/1883/1411
vt 0.9894199967384338 0.4598639905452728
f 2421/1883/2421 1761/1886/1761 1331/1885/1331
vt 0.9702829718589783 0.4598639905452728
f 1046/1887/1046 462/1884/462 1017/1882/1017
f 1456/1882/1456 2141/1885/2141 1377/1887/1377
vt 0.9799230098724365 0.4766350090503693
f 1904/1888/1904 1314/1885/1314 1926/1886/1926
vt 0.9894199967384338 0.4766350090503693
f 530/1886/530 2601/1889/2601 27/1888/27
vt 0.9702829718589783 0.4766350090503693
f 1571/1890/1571 1407/1887/1407 557/1885/557
f 112/1885/112 190/1888/190 2932/1890/2932
vt 0.9799230098724365 0.4934059977531433
f 762/1891/762 1018/1888/1018 112/1889/112
vt 0.9894199967384338 0.4934059977531433
f 210/1889/210 2888/1892/2888 211/1891/211
vt 0.9702829718589783 0.4934059977531433
f 931/1893/931 1210/1890/1210 968/1888/968
f 960/1888/960 2805/1891/2805 213/1893/213
vt 0.9799230098724365 0.5101770162582397
f 417/1894/417 1209/1891/1209 1996/1892/1996
vt 0.9894199967384338 0.5101770162582397
f 1322/1892/1322 2793/1895/2793 1321/1894/1321
vt 0.9702829718589783 0.5101770162582397
f 968/1896/968 1210/1893/1210 969/1891/969
f 3015/1891/3015 2607/1894/2607 3023/1896/3023
vt 0.9799230098724365 0.5269479751586914
f 1678/1897/1678 1983/1894/1983 1718/1895/1718
vt 0.9894199967384338 0.5269479751586914
f 318/1895/318 320/1898/320 2112/1897/2112
vt 0.9702829718589783 0.5269479751586914
f 2693/1899/2693 1167/1896/1167 2701/1894/2701
f 418/1894/418 2460/1897/2460 271/1899/271
vt 0.9799230098724365 0.5447639822959900
f 2954/1900/2954 1834/1897/1834 125/1898/125
vt 0.9894199967384338 0.5447639822959900
f 130/1898/130 1044/1901/1044 1016/1900/1016
vt 0.9702829718589783 0.5447639822959900
f 847/1902/847 879/1899/879 1674/1897/1674
f 1391/1897/1391 2224/1900/2224 1518/1902/1518
vt 0.9943130016326904 0.1090930029749870
vt 0.9985349774360657 0.1142619997262955
f 1226/1825/1226 1740/1903/1740 1757/1904/1757
vt 0.9903330206871033 0.1036449968814850
f 2744/1822/2744 664/1905/664 2947/1825/2947
f 1747/1903/1747 1888/1825/1888 574/1905/574
vt 0.9985349774360657 0.1263229995965958
f 1325/1825/1325 2006/1904/2006 1888/1906/1888
vt 0.9985349774360657 0.1383830010890961
f 872/1906/872 78/1907/78 702/1829/702
f 2988/1829/2988 1572/1825/1572 514/1906/514
f 1558/1832/1558 544/1829/544 591/1907/591
vt 0.9985349774360657 0.1504430025815964
f 2407/1907/2407 2828/1908/2828 2406/1832/2406
vt 0.9985349774360657 0.1625030040740967
f 119/1909/119 2984/1832/2984 2929/1908/2929
vt 0.9768990278244019 0.0787250027060509
vt 0.9798769950866699 0.0854310020804405
f 1895/1824/1895 2024/1910/2024 1882/1911/1882
vt 0.9741719961166382 0.0717189982533455
vt 0.9606419801712036 0.0778459981083870
vt 0.9716860055923462 0.0644330009818077
f 90/1912/90 2623/1913/2623 2620/1914/2620
f 671/1912/671 172/1910/172 1434/1824/1434
vt 0.9831100106239319 0.0918229967355728
vt 0.9865970015525818 0.0978929996490479
f 2303/1822/2303 1866/1915/1866 2963/1916/2963
f 255/1822/255 2376/1824/2376 235/1911/235
vt 0.9606419801712036 0.1089840009808540
f 471/1824/471 126/1823/126 127/1917/127
vt 0.9606419801712036 0.0934149995446205
f 2911/1917/2911 2441/1918/2441 2912/1824/2912
f 2912/1822/2912 2499/1916/2499 478/1905/478
f 709/1915/709 1981/1822/1981 2243/1911/2243
f 1428/1824/1428 521/1913/521 737/1912/737
vt 0.9985349774360657 0.1745640039443970
f 742/1835/742 584/1909/584 1552/1919/1552
vt 0.9985349774360657 0.1866240054368973
vt 0.9985349774360657 0.1986840069293976
f 2302/1838/2302 1067/1920/1067 2287/1921/2287
f 2237/1919/2237 1289/1920/1289 1163/1838/1163
f 2818/1838/2818 2027/1835/2027 1343/1919/1343
vt 0.9985349774360657 0.2107439935207367
vt 0.9985349774360657 0.2228039950132370
f 1182/1922/1182 2024/1923/2024 402/1844/402
f 361/1844/361 1386/1841/1386 2540/1922/2540
vt 0.9985349774360657 0.2348649948835373
vt 0.9985349774360657 0.2469249963760376
f 2100/1847/2100 2054/1924/2054 2055/1925/2055
vt 0.9985349774360657 0.2589850127696991
f 2594/1850/2594 1162/1925/1162 2684/1926/2684
f 610/1923/610 174/1924/174 2752/1847/2752
f 254/1847/254 461/1844/461 1564/1923/1564
f 224/1841/224 1820/1921/1820 2361/1922/2361
f 2670/1838/2670 1810/1921/1810 2323/1841/2323
vt 0.9985349774360657 0.2710449993610382
vt 0.9985349774360657 0.2831049859523773
f 201/1853/201 2803/1927/2803 430/1928/430
f 2270/1853/2270 2105/1850/2105 2106/1926/2106
f 1508/1926/1508 2270/1927/2270 1382/1853/1382
f 1436/1928/1436 1418/1856/1418 1318/1853/1318
vt 0.9985349774360657 0.2951659858226776
f 1906/1856/1906 2004/1928/2004 1753/1929/1753
f 482/1925/482 2800/1850/2800 1207/1847/1207
f 2803/1832/2803 1765/1909/1765 958/1835/958
vt 0.9644299745559692 0.0333339981734753
vt 0.9606419801712036 0.0311379991471767
vt 0.9633759856224060 0.0251529999077320
f 2162/1930/2162 779/1931/779 2701/1932/2701
vt 0.9606419801712036 0.0155689995735884
vt 0.9622089862823486 0.0084589999169111
vt 0.9626389741897583 0.0168520007282495
f 1162/1933/1162 1375/1934/1375 1498/1935/1498
f 952/1933/952 2892/1935/2892 1193/1932/1193
f 742/1918/742 2429/1913/2429 2985/1824/2985
vt 0.9694460034370422 0.0569269992411137
vt 0.9606419801712036 0.0622770003974438
vt 0.9674770236015320 0.0492380000650883
f 264/1936/264 234/1937/234 475/1938/475
vt 0.9606419801712036 0.0467079989612103
vt 0.9657999873161316 0.0413689985871315
f 1278/1938/1278 1510/1939/1510 1619/1940/1619
f 750/1940/750 2987/1939/2987 1000/1930/1000
vt 0.9606419801712036 0.1245530024170876
f 2905/1823/2905 214/1827/214 268/1941/268
f 3017/1941/3017 40/1917/40 3020/1823/3020
vt 0.9606419801712036 0.1401229947805405
f 750/1827/750 507/1830/507 2987/1942/2987
f 316/1942/316 2343/1941/2343 2243/1827/2243
vt 0.9606419801712036 0.0000000000000000
vt 0.9620699882507324 0.0000000000000000
f 1732/1943/1732 1054/1944/1054 642/1934/642
f 2277/1933/2277 1386/1943/1386 1615/1934/1615
f 1317/1931/1317 2017/1933/2017 2465/1932/2465
f 1678/1930/1678 2560/1939/2560 850/1931/850
f 601/1937/601 1590/1939/1590 649/1938/649
f 2716/1937/2716 2219/1914/2219 2216/1913/2216
f 1813/1936/1813 761/1914/761 134/1937/134
vt 0.9606419801712036 0.1712609976530075
f 958/1833/958 1176/1836/1176 380/1945/380
vt 0.9606419801712036 0.1556919962167740
f 2487/1945/2487 2419/1946/2419 2469/1833/2469
vt 0.9606419801712036 0.2023990005254745
f 2487/1839/2487 2871/1842/2871 1880/1947/1880
vt 0.9606419801712036 0.1868299990892410
f 2822/1947/2822 2825/1948/2825 2450/1839/2450
f 1237/1836/1237 797/1839/797 2133/1948/2133
f 2946/1948/2946 2947/1945/2947 664/1836/664
vt 0.9606419801712036 0.2335380017757416
f 1/1845/1 5/1848/5 2484/1949/2484
vt 0.9606419801712036 0.2179690003395081
f 1258/1949/1258 55/1950/55 1704/1845/1704
vt 0.9606419801712036 0.2802450060844421
f 1730/1851/1730 830/1854/830 1676/1951/1676
vt 0.9606419801712036 0.2646760046482086
f 2129/1951/2129 2271/1952/2271 2091/1851/2091
vt 0.9606419801712036 0.2958140075206757
f 1057/1854/1057 2739/1857/2739 1817/1953/1817
f 1727/1953/1727 2647/1951/2647 1801/1854/1801
vt 0.9606419801712036 0.2491070032119751
f 1598/1848/1598 1283/1851/1283 1511/1954/1511
f 2241/1954/2241 2062/1949/2062 2339/1848/2339
f 3025/1842/3025 3020/1845/3020 3/1950/3
f 1746/1950/1746 1194/1947/1194 927/1842/927
f 1032/1946/1032 2941/1942/2941 2933/1830/2933
f 2321/1830/2321 2285/1833/2285 2244/1946/2244
f 353/1851/353 786/1952/786 1275/1954/1275
vt 0.9985349774360657 0.3072260022163391
f 1413/1929/1413 647/1955/647 2965/1859/2965
f 2016/1859/2016 1915/1856/1915 1894/1929/1894
vt 0.9985349774360657 0.3192859888076782
vt 0.9985349774360657 0.3313460052013397
f 1517/1862/1517 1299/1956/1299 2475/1957/2475
f 1679/1955/1679 724/1956/724 620/1862/620
f 945/1862/945 944/1859/944 1899/1955/1899
vt 0.9985349774360657 0.3434070050716400
vt 0.9985349774360657 0.3554669916629791
f 2470/1958/2470 268/1959/268 219/1868/219
f 1264/1868/1264 1108/1865/1108 1610/1958/1610
vt 0.9985349774360657 0.3675270080566406
vt 0.9985349774360657 0.3795869946479797
f 2857/1871/2857 2820/1960/2820 238/1961/238
vt 0.9985349774360657 0.3916470110416412
f 2308/1961/2308 1847/1962/1847 311/1874/311
f 2220/1874/2220 2127/1871/2127 2217/1961/2217
f 2585/1868/2585 2586/1959/2586 1153/1960/1153
f 2749/1865/2749 147/1957/147 610/1958/610
f 209/1862/209 2432/1957/2432 2485/1865/2485
vt 0.9985349774360657 0.4037080109119415
vt 0.9985349774360657 0.4157679975032806
f 2434/1877/2434 209/1963/209 2895/1964/2895
f 59/1877/59 2654/1874/2654 699/1962/699
f 1819/1962/1819 162/1963/162 501/1877/501
f 1724/1880/1724 80/1877/80 81/1964/81
vt 0.9985349774360657 0.4278280138969421
f 1071/1964/1071 1783/1965/1783 1605/1880/1605
f 2295/1960/2295 2314/1871/2314 1078/1868/1078
vt 0.9985349774360657 0.4398880004882812
f 451/1965/451 108/1966/108 2363/1883/2363
f 2437/1883/2437 1772/1880/1772 2900/1965/2900
vt 0.9985349774360657 0.4519479870796204
vt 0.9985349774360657 0.4640089869499207
f 996/1886/996 2980/1967/2980 2981/1968/2981
f 97/1883/97 1729/1966/1729 1785/1967/1785
vt 0.9985349774360657 0.4760690033435822
vt 0.9985349774360657 0.4881289899349213
f 697/1969/697 708/1970/708 1710/1892/1710
f 1887/1892/1887 412/1889/412 2802/1969/2802
vt 0.9985349774360657 0.5001890063285828
vt 0.9985349774360657 0.5122500061988831
f 1238/1895/1238 1460/1971/1460 772/1972/772
vt 0.9985349774360657 0.5243099927902222
f 1905/1972/1905 1761/1973/1761 2019/1898/2019
f 2562/1898/2562 2164/1895/2164 2686/1972/2686
f 934/1892/934 1200/1970/1200 1991/1971/1991
f 1683/1968/1683 1946/1969/1946 95/1889/95
f 1225/1889/1225 959/1886/959 391/1968/391
f 1904/1883/1904 1351/1967/1351 957/1886/957
f 1934/1901/1934 1885/1898/1885 917/1973/917
vt 0.9985349774360657 0.5363699793815613
f 1306/1973/1306 2004/1974/2004 1906/1901/1906
vt 0.9985349774360657 0.5484300255775452
f 2378/1974/2378 222/1975/222 270/1901/270
vt 0.9985349774360657 0.5604900121688843
vt 0.9890620112419128 0.5604900121688843
f 2211/1976/2211 793/1977/793 2172/1975/2172
f 2279/1971/2279 2074/1895/2074 2116/1892/2116
vt 0.9606419801712036 0.3269529938697815
f 2868/1860/2868 478/1863/478 2500/1978/2500
vt 0.9606419801712036 0.3113839924335480
f 113/1978/113 2933/1979/2933 2941/1860/2941
vt 0.9606419801712036 0.3580909967422485
f 2417/1866/2417 2139/1869/2139 786/1980/786
vt 0.9606419801712036 0.3425219953060150
f 2342/1980/2342 692/1981/692 2326/1866/2326
f 317/1863/317 2058/1866/2058 305/1981/305
f 1614/1981/1614 1599/1978/1599 2118/1863/2118
vt 0.9606419801712036 0.3892289996147156
f 625/1872/625 1553/1875/1553 1970/1982/1970
vt 0.9606419801712036 0.3736599981784821
f 524/1982/524 2992/1983/2992 1856/1872/1856
vt 0.9606419801712036 0.4203679859638214
f 2427/1878/2427 2915/1881/2915 2428/1984/2428
vt 0.9606419801712036 0.4047990143299103
f 691/1984/691 1971/1985/1971 2702/1878/2702
vt 0.9606419801712036 0.4359369874000549
f 350/1881/350 1519/1884/1519 2541/1986/2541
f 2213/1986/2213 702/1984/702 2176/1881/2176
f 198/1875/198 2371/1878/2371 452/1985/452
f 1978/1985/1978 1979/1982/1979 1980/1875/1980
f 1726/1869/1726 2336/1872/2336 705/1983/705
f 933/1983/933 935/1980/935 1188/1869/1188
f 2724/1979/2724 2231/1953/2231 769/1857/769
f 2159/1857/2159 1403/1860/1403 1404/1979/1404
vt 0.9606419801712036 0.4515059888362885
f 1381/1986/1381 2304/1884/2304 1077/1987/1077
vt 0.9606419801712036 0.4826450049877167
f 2815/1887/2815 2387/1890/2387 2414/1988/2414
vt 0.9606419801712036 0.4670749902725220
f 983/1988/983 508/1989/508 736/1887/736
vt 0.9606419801712036 0.5137829780578613
f 264/1893/264 2439/1896/2439 2903/1990/2903
vt 0.9606419801712036 0.4982140064239502
f 1832/1990/1832 103/1991/103 132/1893/132
f 1577/1890/1577 1037/1893/1037 151/1991/151
f 2916/1991/2916 2492/1988/2492 2431/1890/2431
f 905/1900/905 1692/1901/1692 880/1977/880
vt 0.9795889854431152 0.5604900121688843
f 2251/1977/2251 2515/1992/2515 1470/1900/1470
f 137/1975/137 1823/1977/1823 987/1901/987
f 967/1902/967 1928/1900/1928 922/1992/922
vt 0.9701160192489624 0.5604900121688843
f 2974/1992/2974 618/1993/618 558/1902/558
vt 0.9606419801712036 0.5293520092964172
f 2584/1896/2584 2513/1899/2513 371/1994/371
f 2433/1994/2433 468/1990/468 2842/1896/2842
f 1925/1989/1925 562/1987/562 965/1887/965
vt 0.9606419801712036 0.5449209809303284
f 1339/1995/1339 1912/1902/1912 1899/1993/1899
f 944/1995/944 2592/1994/2592 429/1899/429
f 200/1899/200 240/1902/240 275/1995/275
vt 0.9606419801712036 0.5604900121688843
f 1843/1993/1843 1808/1996/1808 1069/1995/1069
f 2854/1884/2854 2901/1887/2901 2009/1987/2009
vt 0.1947959959506989 0.5228369832038879
vt 0.1947959959506989 0.5118299722671509
vt 0.2017219960689545 0.5118299722671509
f 2975/1997/2975 104/1998/104 762/1999/762
vt 0.2017219960689545 0.5228369832038879
f 1003/1999/1003 122/2000/122 2950/1997/2950
vt 0.1809449940919876 0.5448499917984009
vt 0.1809449940919876 0.5228369832038879
f 2444/2001/2444 2820/2002/2820 1353/1997/1353
vt 0.1947959959506989 0.5448499917984009
f 2657/1997/2657 1077/2003/1077 2304/2001/2304
vt 0.1670929938554764 0.5448499917984009
vt 0.1670929938554764 0.5228369832038879
f 1227/2004/1227 2355/2005/2355 2428/2002/2428
f 2297/2002/2297 2309/2001/2309 1951/2004/1951
vt 0.1532420068979263 0.5448499917984009
vt 0.1532420068979263 0.5228369832038879
f 1444/2006/1444 1500/2007/1500 2519/2005/2519
f 1603/2005/1603 1238/2004/1238 1237/2006/1237
vt 0.1809449940919876 0.5668630003929138
f 1603/2008/1603 1116/2001/1116 1611/2003/1611
vt 0.1947959959506989 0.5668630003929138
f 2097/2003/2097 1078/2009/1078 2314/2008/2314
vt 0.1670929938554764 0.5668630003929138
f 31/2010/31 2672/2004/2672 23/2001/23
f 42/2001/42 16/2008/16 45/2010/45
vt 0.1532420068979263 0.5668630003929138
f 2912/2011/2912 478/2006/478 2868/2004/2868
f 911/2004/911 809/2010/809 1694/2011/1694
vt 0.1809449940919876 0.5893689990043640
f 295/2012/295 312/2008/312 1787/2009/1787
vt 0.1947959959506989 0.5893689990043640
f 312/2009/312 2061/2013/2061 1085/2012/1085
vt 0.1670929938554764 0.5893689990043640
f 907/2014/907 1691/2010/1691 2111/2008/2111
f 3001/2008/3001 2349/2012/2349 2841/2014/2841
vt 0.1532420068979263 0.5893689990043640
f 1819/2015/1819 2942/2011/2942 162/2010/162
f 870/2010/870 826/2014/826 1947/2015/1947
vt 0.2036460041999817 0.5008230209350586
vt 0.1993619948625565 0.5008230209350586
f 2846/2016/2846 2400/1999/2400 2452/2017/2452
vt 0.1950780004262924 0.5008230209350586
f 2646/2017/2646 1656/1998/1656 1937/2018/1937
vt 0.1907950043678284 0.5008230209350586
f 310/2018/310 2282/1998/2282 2288/2019/2288
vt 0.1822270005941391 0.5008230209350586
vt 0.1865109950304031 0.5008230209350586
f 1551/2020/1551 2755/2021/2755 2759/2002/2759
f 636/1998/636 2341/2021/2341 1728/2019/1728
vt 0.2079290002584457 0.5076339840888977
vt 0.2079290002584457 0.5008230209350586
f 2063/2022/2063 2106/2016/2106 2105/2023/2105
vt 0.2079290002584457 0.5144159793853760
vt 0.2079290002584457 0.5211849808692932
f 82/2000/82 841/2024/841 1685/2025/1685
f 368/1999/368 1393/2022/1393 2150/2024/2150
f 2646/1999/2646 886/1998/886 1716/2017/1716
f 2198/2003/2198 782/1997/782 28/2000/28
f 2694/2000/2694 2567/1999/2567 1150/2024/1150
f 2145/2002/2145 371/2021/371 1483/1998/1483
vt 0.2079290002584457 0.5279539823532104
f 820/2000/820 1650/2025/1650 1781/2026/1781
f 2022/2022/2022 1184/1999/1184 384/2016/384
f 94/1998/94 1138/1997/1138 532/2002/532
vt 0.1736599951982498 0.5008230209350586
vt 0.1779430061578751 0.5008230209350586
f 2662/2002/2662 843/2027/843 2663/2028/2663
vt 0.1650920063257217 0.5008230209350586
vt 0.1693760007619858 0.5008230209350586
f 2729/2005/2729 2229/2029/2229 2188/2030/2188
vt 0.1565250009298325 0.5008230209350586
vt 0.1608089953660965 0.5008230209350586
f 952/2007/952 166/2031/166 502/2032/502
vt 0.1522410064935684 0.5008230209350586
f 2551/2007/2551 363/2033/363 362/2031/362
f 1345/2029/1345 2435/2005/2435 2851/2032/2851
f 1478/2027/1478 1464/2005/1464 2122/2030/2122
f 2424/2005/2424 1770/2007/1770 1203/2032/1203
vt 0.1479569971561432 0.5008230209350586
f 2909/2033/2909 273/2007/273 2383/2034/2383
vt 0.1436740010976791 0.5008230209350586
f 2015/2007/2015 2777/2035/2777 1305/2034/1305
vt 0.1415320038795471 0.5008230209350586
vt 0.1393900066614151 0.5280699729919434
vt 0.1393900066614151 0.5008230209350586
f 990/2036/990 206/2037/206 354/2038/354
f 2852/2037/2852 1762/2036/1762 2853/2035/2853
f 375/2007/375 2482/2037/2482 1362/2035/1362
f 511/2002/511 752/2005/752 1029/2027/1029
f 1578/2002/1578 646/2028/646 1421/2020/1421
vt 0.2079290002584457 0.5552409887313843
vt 0.2079290002584457 0.5483760237693787
f 1792/2039/1792 1805/2003/1805 1806/2040/1806
f 1792/2039/1792 1791/2009/1791 1713/2003/1713
vt 0.2079290002584457 0.5347369909286499
f 1201/2000/1201 207/2041/207 438/2003/438
vt 0.2079290002584457 0.5415419936180115
f 2448/2041/2448 2872/2042/2872 281/2003/281
f 416/2040/416 955/2003/955 956/2042/956
vt 0.2079290002584457 0.5621020197868347
f 1193/2043/1193 2001/2009/2001 1893/2039/1893
vt 0.2079290002584457 0.5961329936981201
vt 0.2079290002584457 0.5893300175666809
f 469/2044/469 2543/2013/2543 470/2045/470
vt 0.2079290002584457 0.6029549837112427
f 470/2046/470 2379/2013/2379 2900/2044/2900
vt 0.2079290002584457 0.5689319968223572
vt 0.2079290002584457 0.5757390260696411
f 2380/2009/2380 233/2047/233 246/2048/246
vt 0.2079290002584457 0.5825350284576416
f 3039/2013/3039 1255/2048/1255 1289/2049/1289
f 1004/2009/1004 275/2043/275 1864/2047/1864
f 1520/2045/1520 1633/2013/1633 1366/2049/1366
vt 0.2079290002584457 0.6098030209541321
vt 0.1907950043678284 0.6098030209541321
f 1011/2050/1011 656/2051/656 2732/2046/2732
f 2922/2006/2922 2410/2037/2410 2442/2007/2442
f 2906/2048/2906 1856/2013/1856 2992/2009/2992
vt 0.1393900066614151 0.5553129911422729
f 2906/2052/2906 2903/2037/2903 2439/2006/2439
vt 0.1393900066614151 0.5825499892234802
f 286/2052/286 1486/2011/1486 2037/2053/2037
f 2952/2011/2952 629/2015/629 630/2053/630
f 1520/2052/1520 1521/2006/1521 1284/2011/1284
vt 0.1736599951982498 0.6098030209541321
f 2067/2054/2067 2274/2012/2274 1685/2051/1685
f 778/2013/778 1530/2051/1530 1383/2012/1383
f 1458/2014/1458 1530/2012/1530 1499/2054/1499
f 2592/2015/2592 2593/2014/2593 429/2054/429
vt 0.1565250009298325 0.6098030209541321
f 2871/2054/2871 2483/2055/2483 1342/2015/1342
vt 0.1393900066614151 0.6098030209541321
f 941/2015/941 2871/2055/2871 399/2056/399
f 2807/2053/2807 919/2015/919 382/2056/382
f 282/2051/282 413/2013/413 2359/2046/2359
f 3059/2000/3059 10/2026/10 3037/2041/3037
vt 0.0181649997830391 0.5050860047340393
vt 0.0221800003200769 0.5056689977645874
vt 0.0201970003545284 0.5038620233535767
f 303/2057/303 1065/2058/1065 2305/2059/2305
vt 0.0175669994205236 0.5089030265808105
vt 0.0153069999068975 0.5074869990348816
f 171/2060/171 605/2057/605 2741/2061/2741
vt 0.0178859997540712 0.5025119781494141
f 2988/2062/2988 130/2057/130 1016/2059/1016
vt 0.0108709996566176 0.5050860047340393
vt 0.0153480004519224 0.5016769766807556
f 1250/2063/1250 1129/2057/1129 341/2064/341
f 807/2062/807 1646/2064/1646 1645/2057/1645
vt 0.0126940002664924 0.5069919824600220
f 113/2065/113 2942/2061/2942 1821/2057/1821
f 2840/2057/2840 1323/2063/1323 195/2065/195
vt 0.0218119993805885 0.5087760090827942
f 1437/2066/1437 564/2058/564 675/2057/675
vt 0.0248339995741844 0.5103200078010559
vt 0.0237489994615316 0.5078529715538025
f 527/2067/527 2673/2068/2673 2925/2066/2925
vt 0.0218119993805885 0.5161569714546204
vt 0.0253890007734299 0.5129619836807251
f 2117/2066/2117 2296/2069/2296 2076/2070/2076
f 2250/2066/2250 1703/2057/1703 2064/2060/2064
vt 0.0191690009087324 0.5110489726066589
f 1324/2071/1324 2013/2066/2013 2782/2060/2782
vt 0.0198970008641481 0.5136359930038452
f 2048/2066/2048 2041/2071/2041 297/2072/297
f 3058/2066/3058 3033/2070/3033 3059/2067/3059
f 2815/2066/2815 1213/2072/1213 2030/2069/2030
f 957/2068/957 1347/2058/1347 1213/2066/1213
vt 0.0100410003215075 0.5016769766807556
vt 0.0126940002664924 0.5013949871063232
f 2922/2073/2922 2472/2063/2472 2865/2074/2865
f 2472/2074/2472 244/2063/244 243/2064/243
vt 0.0100809996947646 0.5074869990348816
vt 0.0072240000590682 0.5050860047340393
f 869/2075/869 2327/2063/2327 683/2076/683
vt 0.0075030000880361 0.5025119781494141
f 2000/2077/2000 2690/2063/2690 2196/2073/2196
vt 0.0051919999532402 0.5038620233535767
f 2564/2076/2564 1137/2077/1137 1104/2078/1104
vt 0.0032089999876916 0.5056689977645874
f 382/2078/382 399/2079/399 969/2076/969
vt 0.0035769999958575 0.5087760090827942
f 732/2076/732 2937/2079/2937 493/2080/493
f 1988/2076/1988 1987/2063/1987 1736/2077/1736
f 1850/2065/1850 2952/2063/2952 1004/2075/1004
vt 0.0078210001811385 0.5089030265808105
f 611/2076/611 111/2080/111 2744/2081/2744
vt 0.0054919999092817 0.5136359930038452
vt 0.0062199998646975 0.5110489726066589
f 1392/2080/1392 1625/2082/1625 2545/2083/2545
f 313/2080/313 2255/2083/2255 294/2081/294
vt 0.0005549999768846 0.5103200078010559
vt 0.0016400000313297 0.5078529715538025
f 1828/2084/1828 212/2080/212 443/2085/443
f 553/2080/553 2751/2079/2751 619/2085/619
vt 0.0035769999958575 0.5161569714546204
f 1008/2080/1008 635/2086/635 1573/2082/1573
vt 0.0000000000000000 0.5129619836807251
f 478/2080/478 2959/2084/2959 252/2087/252
f 1431/2080/1431 2763/2087/2763 2991/2086/2991
f 872/2081/872 2213/2075/2213 776/2076/776
vt 0.0248339995741844 0.5183029770851135
vt 0.0253890007734299 0.5156620144844055
f 917/2069/917 1222/2088/1222 2026/2089/2026
vt 0.0218119993805885 0.5198479890823364
f 42/2090/42 45/2088/45 3047/2069/3047
vt 0.0196509994566441 0.5163149833679199
f 825/2072/825 2204/2091/2204 1554/2069/1554
vt 0.0184669997543097 0.5187230110168457
f 2720/2090/2720 2195/2091/2195 1643/2092/1643
vt 0.0165020003914833 0.5205349922180176
vt 0.0181649997830391 0.5235379934310913
f 2678/2093/2678 1134/2094/1134 1150/2092/1150
f 95/2090/95 1718/2092/1718 1983/2094/1983
f 1291/2090/1291 355/2069/355 2524/2091/2524
vt 0.0237489994615316 0.5207700133323669
f 2368/2090/2368 2855/2095/2855 2438/2088/2438
vt 0.0221800003200769 0.5229550004005432
f 2369/2090/2369 2368/2094/2368 2473/2096/2473
vt 0.0178859997540712 0.5261120200157166
vt 0.0201970003545284 0.5247619748115540
f 2473/2097/2473 2854/2098/2854 2899/2094/2899
f 725/2096/725 2611/2094/2611 1776/2098/1776
vt 0.0140230003744364 0.5215070247650146
f 725/2093/725 1776/2099/1776 2611/2094/2611
vt 0.0153480004519224 0.5269460082054138
vt 0.0108709996566176 0.5235379934310913
vt 0.0126940002664924 0.5272290110588074
f 316/2100/316 3008/2101/3008 2343/2102/2343
f 2022/2097/2022 384/2094/384 2426/2100/2426
f 2095/2101/2095 354/2100/354 2296/2094/2296
f 2385/2099/2385 2957/2101/2957 271/2094/271
f 2877/2096/2877 2431/2095/2431 2873/2090/2873
vt 0.0072240000590682 0.5235379934310913
vt 0.0069220000877976 0.5187230110168457
vt 0.0035769999958575 0.5198479890823364
f 2345/2103/2345 1595/2104/1595 1267/2105/1267
vt 0.0057370001450181 0.5163149833679199
f 1454/2105/1454 1453/2104/1453 1452/2106/1452
vt 0.0005549999768846 0.5183029770851135
vt 0.0000000000000000 0.5156620144844055
f 743/2107/743 1838/2086/1838 991/2108/991
f 739/2086/739 117/2087/117 247/2108/247
vt 0.0016400000313297 0.5207700133323669
f 2047/2109/2047 1807/2105/1807 303/2107/303
f 422/2086/422 938/2107/938 963/2105/963
f 1527/2105/1527 2202/2106/2202 2123/2086/2123
vt 0.0088870003819466 0.5205349922180176
f 622/2103/622 1055/2110/1055 1846/2104/1846
f 2775/2086/2775 1318/2106/1318 1823/2082/1823
f 914/2103/914 1731/2101/1731 150/2110/150
vt 0.0113650001585484 0.5215070247650146
f 1157/2099/1157 2566/2111/2566 2130/2101/2130
vt 0.0075030000880361 0.5261120200157166
vt 0.0100410003215075 0.5269460082054138
f 1143/2101/1143 1156/2112/1156 2637/2113/2637
f 2762/2113/2762 1195/2102/1195 1223/2101/1223
f 1420/2112/1420 1558/2101/1558 591/2103/591
vt 0.0032089999876916 0.5229550004005432
f 2963/2114/2963 1866/2105/1866 733/2109/733
vt 0.0051919999532402 0.5247619748115540
f 1238/2114/1238 1169/2115/1169 1237/2103/1237
f 1961/2112/1961 903/2103/903 1665/2115/1665
f 2268/2105/2268 299/2114/299 993/2103/993
f 1461/2101/1461 1485/2111/1485 1505/2110/1505
f 1694/2070/1694 809/2069/809 671/2089/671
vt 0.0741989985108376 0.4831629991531372
vt 0.0844469964504242 0.4831629991531372
vt 0.0844469964504242 0.4805450141429901
f 504/2116/504 2988/2117/2988 514/2118/514
vt 0.0741989985108376 0.4805450141429901
f 1764/2118/1764 2018/2119/2018 1752/2116/1752
vt 0.0844469964504242 0.4779280126094818
f 2496/2119/2496 2901/2118/2901 2855/2120/2855
vt 0.0741989985108376 0.4779280126094818
f 1550/2120/1550 1434/2121/1434 577/2119/577
vt 0.0639510005712509 0.4805450141429901
f 801/2122/801 2714/2119/2714 2236/2121/2236
vt 0.0639510005712509 0.4779280126094818
f 1039/2121/1039 1075/2123/1075 2935/2122/2935
vt 0.0639510005712509 0.4831629991531372
f 1478/2124/1478 2148/2116/2148 1464/2119/1464
f 3063/2119/3063 525/2122/525 3042/2124/3042
vt 0.0741989985108376 0.4882000088691711
vt 0.0844469964504242 0.4882000088691711
vt 0.0844469964504242 0.4856820106506348
f 2653/2125/2653 83/2126/83 75/2127/75
vt 0.0741989985108376 0.4856820106506348
f 1634/2127/1634 1496/2128/1496 342/2125/342
f 2057/2128/2057 2058/2127/2058 885/2117/885
f 382/2117/382 919/2116/919 399/2128/399
vt 0.0639510005712509 0.4856820106506348
f 1857/2129/1857 1056/2128/1056 101/2116/101
f 1673/2116/1673 903/2124/903 1961/2129/1961
vt 0.0639510005712509 0.4882000088691711
f 2394/2130/2394 201/2125/201 2448/2128/2448
f 186/2128/186 1823/2129/1823 1859/2130/1859
vt 0.0741989985108376 0.4932090044021606
vt 0.0844469964504242 0.4932090044021606
vt 0.0844469964504242 0.4907050132751465
f 85/2131/85 51/2132/51 2639/2133/2639
vt 0.0741989985108376 0.4907050132751465
f 302/2133/302 1955/2134/1955 2266/2131/2266
f 580/2134/580 977/2133/977 1415/2126/1415
f 943/2126/943 773/2125/773 2679/2134/2679
vt 0.0639510005712509 0.4907050132751465
f 552/2135/552 159/2134/159 625/2125/625
f 1477/2125/1477 2131/2130/2131 1465/2135/1465
vt 0.0639510005712509 0.4932090044021606
f 210/2136/210 1214/2131/1214 2888/2134/2888
f 1758/2134/1758 1990/2135/1990 1994/2136/1994
vt 0.0741989985108376 0.4982179999351501
vt 0.0844469964504242 0.4982179999351501
vt 0.0844469964504242 0.4957129955291748
f 205/2137/205 198/2138/198 452/2139/452
vt 0.0741989985108376 0.4957129955291748
f 1091/2139/1091 1092/2140/1092 2340/2137/2340
f 2340/2140/2340 1814/2139/1814 1019/2132/1019
f 2301/2132/2301 2621/2131/2621 291/2140/291
vt 0.0639510005712509 0.4957129955291748
f 2301/2141/2301 2264/2140/2264 1672/2131/1672
f 2206/2131/2206 845/2136/845 767/2141/767
vt 0.0639510005712509 0.4982179999351501
f 2275/2142/2275 761/2137/761 135/2140/135
f 2380/2140/2380 2856/2141/2856 2476/2142/2476
vt 0.0741989985108376 0.5034530162811279
vt 0.0844469964504242 0.5034530162811279
vt 0.0844469964504242 0.5008350014686584
f 2717/2143/2717 2189/2144/2189 1164/2145/1164
vt 0.0741989985108376 0.5008350014686584
f 2380/2145/2380 246/2146/246 457/2143/457
f 1436/2146/1436 173/2145/173 2735/2138/2735
f 1576/2138/1576 1010/2137/1010 988/2146/988
vt 0.0639510005712509 0.5008350014686584
f 1263/2147/1263 927/2146/927 2609/2137/2609
f 2063/2137/2063 285/2142/285 2106/2147/2106
vt 0.0639510005712509 0.5034530162811279
f 2600/2148/2600 336/2143/336 2123/2146/2123
f 25/2146/25 2781/2147/2781 3049/2148/3049
vt 0.0741989985108376 0.5084900259971619
vt 0.0844469964504242 0.5084900259971619
vt 0.0844469964504242 0.5059720277786255
f 2587/2149/2587 1257/2150/1257 2229/2151/2229
vt 0.0741989985108376 0.5059720277786255
f 2725/2151/2725 863/2152/863 855/2149/855
f 2336/2152/2336 1808/2151/1808 1843/2144/1843
f 2463/2144/2463 3050/2143/3050 332/2152/332
vt 0.0639510005712509 0.5059720277786255
f 1680/2153/1680 900/2152/900 901/2143/901
f 1680/2143/1680 301/2148/301 2051/2153/2051
vt 0.0639510005712509 0.5084900259971619
f 1681/2154/1681 902/2149/902 60/2152/60
f 1041/2152/1041 252/2153/252 2959/2154/2959
vt 0.0741989985108376 0.5134990215301514
vt 0.0844469964504242 0.5134990215301514
vt 0.0844469964504242 0.5109949707984924
f 1215/2155/1215 920/2156/920 438/2157/438
vt 0.0741989985108376 0.5109949707984924
f 2543/2157/2543 2529/2158/2529 373/2155/373
f 1349/2158/1349 1767/2157/1767 1989/2150/1989
f 2902/2150/2902 2487/2149/2487 2469/2158/2469
vt 0.0639510005712509 0.5109949707984924
f 1748/2159/1748 2013/2158/2013 1337/2149/1337
f 2362/2149/2362 267/2154/267 1219/2159/1219
vt 0.0639510005712509 0.5134990215301514
f 698/2160/698 1789/2155/1789 1712/2158/1712
f 1922/2158/1922 1334/2159/1334 956/2160/956
vt 0.0741989985108376 0.5185080170631409
vt 0.0844469964504242 0.5185080170631409
vt 0.0844469964504242 0.5160030126571655
f 2193/2161/2193 2569/2162/2569 2587/2163/2587
vt 0.0741989985108376 0.5160030126571655
f 1829/2163/1829 1836/2164/1836 1828/2161/1828
f 1617/2164/1617 1370/2163/1370 336/2156/336
f 1086/2156/1086 1778/2155/1778 2950/2164/2950
vt 0.0741989985108376 0.5237429738044739
vt 0.0844469964504242 0.5237429738044739
vt 0.0844469964504242 0.5211250185966492
f 71/2165/71 1715/2166/1715 1798/2167/1798
vt 0.0741989985108376 0.5211250185966492
f 1528/2167/1528 2653/2168/2653 75/2165/75
f 1794/2168/1794 2329/2167/2329 1081/2162/1081
f 2316/2162/2316 106/2161/106 2283/2168/2283
vt 0.0741989985108376 0.5287799835205078
vt 0.0844469964504242 0.5287799835205078
vt 0.0844469964504242 0.5262619853019714
f 1317/2169/1317 2907/2170/2907 2478/2171/2478
vt 0.0741989985108376 0.5262619853019714
f 477/2171/477 218/2172/218 2835/2169/2835
f 2183/2172/2183 1937/2171/1937 1656/2166/1656
f 794/2166/794 2181/2165/2181 2717/2172/2717
vt 0.0741989985108376 0.5337889790534973
vt 0.0844469964504242 0.5337889790534973
vt 0.0844469964504242 0.5312849879264832
f 947/2173/947 117/2174/117 2798/2175/2798
vt 0.0741989985108376 0.5312849879264832
f 2026/2175/2026 1222/2176/1222 173/2173/173
f 1452/2176/1452 1134/2175/1134 2678/2170/2678
f 545/2170/545 1412/2169/1412 1548/2176/1548
vt 0.0741989985108376 0.5387979745864868
vt 0.0844469964504242 0.5387979745864868
vt 0.0844469964504242 0.5362939834594727
f 1700/2177/1700 685/2178/685 858/2179/858
vt 0.0741989985108376 0.5362939834594727
f 1459/2179/1459 1463/2180/1463 2474/2177/2474
f 1640/2180/1640 1233/2179/1233 1100/2174/1100
f 1830/2174/1830 2488/2173/2488 2381/2180/2381
vt 0.0741989985108376 0.5440329909324646
vt 0.0844469964504242 0.5440329909324646
vt 0.0844469964504242 0.5414149761199951
f 959/2181/959 1921/2182/1921 1897/2183/1897
vt 0.0741989985108376 0.5414149761199951
f 1762/2183/1762 1748/2184/1748 1745/2181/1745
f 1804/2184/1804 2641/2183/2641 2309/2178/2309
f 1628/2178/1628 2546/2177/2546 1292/2184/1292
vt 0.0741989985108376 0.5490710139274597
vt 0.0844469964504242 0.5490710139274597
vt 0.0844469964504242 0.5465520024299622
f 2799/2185/2799 1207/2186/1207 2800/2187/2800
vt 0.0741989985108376 0.5465520024299622
f 2182/2187/2182 2596/2188/2596 777/2185/777
f 1763/2188/1763 1197/2187/1197 2752/2182/2752
f 186/2182/186 2775/2181/2775 1823/2188/1823
vt 0.0639510005712509 0.5465520024299622
f 2065/2189/2065 2132/2188/2132 2709/2181/2709
vt 0.0639510005712509 0.5440329909324646
f 2532/2181/2532 1404/2190/1404 1403/2189/1403
vt 0.0639510005712509 0.5490710139274597
f 745/2191/745 116/2185/116 2049/2188/2049
f 1117/2188/1117 2590/2189/2590 2591/2191/2591
vt 0.0741989985108376 0.5540789961814880
vt 0.0844469964504242 0.5540789961814880
vt 0.0844469964504242 0.5515750050544739
f 1964/2192/1964 2705/2193/2705 835/2194/835
vt 0.0741989985108376 0.5515750050544739
f 1531/2194/1531 1272/2195/1272 2535/2192/2535
f 1084/2195/1084 1715/2194/1715 2269/2186/2269
f 849/2186/849 855/2185/855 863/2195/863
vt 0.0639510005712509 0.5515750050544739
f 1226/2196/1226 1208/2195/1208 2812/2185/2812
f 1850/2185/1850 509/2191/509 637/2196/637
vt 0.0639510005712509 0.5540789961814880
f 2813/2197/2813 1917/2192/1917 1333/2195/1333
f 2422/2195/2422 2501/2196/2501 2863/2197/2863
vt 0.0741989985108376 0.5590879917144775
vt 0.0844469964504242 0.5590879917144775
vt 0.0844469964504242 0.5565840005874634
f 3058/2198/3058 3032/2199/3032 3030/2200/3030
vt 0.0741989985108376 0.5565840005874634
f 1828/2200/1828 1855/2201/1855 212/2198/212
f 316/2201/316 984/2200/984 3008/2193/3008
f 316/2193/316 1981/2192/1981 1686/2201/1686
vt 0.0639510005712509 0.5565840005874634
f 1459/2202/1459 2445/2201/2445 2843/2192/2843
f 1440/2192/1440 536/2197/536 579/2202/579
vt 0.0639510005712509 0.5590879917144775
f 2343/2203/2343 3008/2198/3008 2602/2201/2602
f 1774/2201/1774 1332/2202/1332 1905/2203/1905
vt 0.0946950018405914 0.4779280126094818
f 1325/2204/1325 1747/2120/1747 1473/2118/1473
vt 0.0946950018405914 0.4806329905986786
f 1074/2118/1074 1706/2205/1706 1809/2204/1809
f 611/2205/611 639/2118/639 111/2117/111
vt 0.0946950018405914 0.4833379983901978
f 1291/2117/1291 2524/2206/2524 1608/2205/1608
vt 0.0946950018405914 0.4860439896583557
f 1633/2207/1633 1284/2127/1284 1282/2126/1282
vt 0.0946950018405914 0.4887489974498749
f 361/2126/361 1404/2208/1404 346/2207/346
vt 0.0946950018405914 0.4914540052413940
f 2655/2209/2655 84/2133/84 1709/2132/1709
vt 0.0946950018405914 0.4941599965095520
f 201/2132/201 2359/2210/2359 2803/2209/2803
f 375/2208/375 1362/2126/1362 1596/2133/1596
f 2053/2133/2053 1957/2209/1957 1677/2208/1677
f 2427/2206/2427 2373/2117/2373 1742/2127/1742
f 2344/2127/2344 681/2207/681 860/2206/860
vt 0.0946950018405914 0.4968650043010712
f 215/2139/215 2372/2211/2372 2357/2210/2357
f 934/2210/934 1184/2132/1184 396/2139/396
f 1679/2211/1679 620/2138/620 595/2145/595
vt 0.0946950018405914 0.4995700120925903
f 1258/2145/1258 2588/2212/2588 1124/2211/1124
f 2577/2212/2577 1155/2145/1155 2584/2144/2584
vt 0.0946950018405914 0.5022760033607483
f 702/2144/702 78/2213/78 2640/2212/2640
vt 0.0946950018405914 0.5049809813499451
f 2813/2214/2813 1204/2151/1204 2783/2150/2783
vt 0.0946950018405914 0.5076860189437866
f 2230/2150/2230 1259/2215/1259 2725/2214/2725
vt 0.0946950018405914 0.5103920102119446
f 2725/2157/2725 1656/2216/1656 863/2215/863
f 239/2215/239 1316/2150/1316 2792/2157/2792
f 217/2213/217 469/2144/469 440/2151/440
f 695/2151/695 1717/2214/1717 1985/2213/1985
f 1676/2138/1676 785/2211/785 701/2139/701
vt 0.0946950018405914 0.5130969882011414
f 701/2217/701 719/2156/719 844/2163/844
vt 0.0946950018405914 0.5158029794692993
f 1577/2163/1577 988/2218/988 1037/2217/1037
f 85/2218/85 2664/2163/2664 51/2162/51
vt 0.0946950018405914 0.5185080170631409
f 1302/2162/1302 333/2219/333 2548/2218/2548
f 2730/2216/2730 2561/2157/2561 2201/2156/2201
f 2956/2156/2956 1851/2217/1851 2953/2216/2953
vt 0.0559969991445541 0.4779280126094818
f 512/2220/512 1855/2122/1855 1836/2123/1836
vt 0.0547190010547638 0.4821969866752625
f 2956/2221/2956 1857/2124/1857 129/2122/129
vt 0.0539200007915497 0.4866040050983429
f 129/2222/129 2971/2130/2971 1034/2129/1034
vt 0.0537069998681545 0.4908300042152405
f 2524/2223/2524 2148/2136/2148 370/2135/370
f 1525/2223/1525 1514/2135/1514 1627/2130/1627
f 2810/2221/2810 1353/2129/1353 277/2124/277
f 242/2129/242 2458/2221/2458 2796/2222/2796
f 1525/2130/1525 2506/2222/2506 2110/2223/2110
f 1923/2221/1923 1749/2122/1749 2801/2220/2801
vt 0.0548009984195232 0.4988760054111481
f 711/2224/711 1089/2142/1089 1712/2141/1712
vt 0.0540219992399216 0.4948729872703552
f 1039/2141/1039 992/2225/992 1837/2224/1837
f 964/2224/964 406/2147/406 1912/2142/1912
f 2792/2136/2792 633/2223/633 2850/2225/2850
f 2792/2225/2792 786/2141/786 2581/2136/2581
vt 0.0560019984841347 0.5029749870300293
f 2316/2226/2316 2096/2148/2096 1093/2147/1093
f 541/2164/541 1969/2155/1969 1586/2160/1586
vt 0.0575760006904602 0.5072569847106934
f 705/2227/705 1843/2154/1843 2737/2153/2737
f 2496/2153/2496 2421/2226/2421 1331/2227/1331
vt 0.0594180002808571 0.5117580294609070
f 2810/2227/2810 439/2228/439 1178/2154/1178
f 2461/2148/2461 260/2226/260 2897/2153/2897
f 396/2228/396 2022/2160/2022 2806/2159/2806
vt 0.0613240003585815 0.5164620280265808
f 1810/2160/1810 1811/2228/1811 2323/2229/2323
f 210/2229/210 279/2164/279 460/2160/460
f 212/2154/212 2914/2228/2914 2849/2159/2849
f 925/2229/925 2780/2161/2780 923/2164/923
f 2288/2224/2288 337/2226/337 2510/2147/2510
vt 0.0946950018405914 0.5212129950523376
f 1420/2230/1420 587/2167/587 1559/2166/1559
vt 0.0946950018405914 0.5239189863204956
f 630/2166/630 587/2231/587 1427/2230/1427
f 1657/2231/1657 1952/2166/1952 862/2171/862
vt 0.0946950018405914 0.5266240239143372
f 1786/2171/1786 2327/2232/2327 2313/2231/2313
vt 0.0946950018405914 0.5293290019035339
f 669/2233/669 655/2170/655 170/2175/170
vt 0.0946950018405914 0.5320349931716919
f 1953/2175/1953 812/2234/812 860/2233/860
vt 0.0946950018405914 0.5347399711608887
f 69/2235/69 1709/2174/1709 1953/2179/1953
vt 0.0946950018405914 0.5374450087547302
f 734/2179/734 2397/2236/2397 230/2235/230
f 2908/2234/2908 1880/2175/1880 941/2174/941
f 45/2174/45 13/2235/13 3047/2234/3047
f 559/2232/559 1564/2171/1564 461/2170/461
f 1785/2170/1785 1729/2233/1729 2327/2232/2327
f 1295/2167/1295 339/2230/339 2596/2219/2596
f 442/2219/442 197/2162/197 2461/2167/2461
f 2648/2179/2648 1243/2178/1243 1708/2236/1708
vt 0.0946950018405914 0.5401510000228882
f 2032/2237/2032 1358/2183/1358 434/2182/434
vt 0.0946950018405914 0.5428559780120850
f 46/2182/46 619/2238/619 43/2237/43
f 2765/2238/2765 88/2182/88 713/2187/713
vt 0.0946950018405914 0.5455610156059265
f 2753/2187/2753 713/2239/713 626/2238/626
vt 0.0946950018405914 0.5482670068740845
f 623/2240/623 1556/2186/1556 622/2194/622
vt 0.0946950018405914 0.5509719848632812
f 2108/2194/2108 2068/2241/2068 2340/2240/2340
vt 0.0946950018405914 0.5536770224571228
f 758/2242/758 2986/2193/2986 506/2200/506
vt 0.0946950018405914 0.5563830137252808
f 672/2200/672 639/2243/639 165/2242/165
f 756/2241/756 741/2194/741 760/2193/760
f 313/2193/313 294/2242/294 909/2241/909
f 2129/2239/2129 1667/2187/1667 2197/2186/2197
f 2970/2186/2970 1012/2240/1012 978/2239/978
f 1229/2183/1229 2225/2237/2225 1147/2178/1147
f 1181/2243/1181 1879/2200/1879 1676/2199/1676
vt 0.0946950018405914 0.5590879917144775
f 320/2199/320 2042/2244/2042 2062/2243/2062
f 1578/2236/1578 597/2178/597 560/2237/560
vt 0.0630000010132790 0.5212399959564209
f 2343/2245/2343 2083/2168/2083 2318/2161/2318
f 2118/2245/2118 2559/2165/2559 1534/2168/1534
vt 0.0641509965062141 0.5259090065956116
f 1398/2246/1398 1534/2169/1534 1486/2172/1486
vt 0.0645209997892380 0.5343660116195679
f 2762/2247/2762 1223/2173/1223 673/2176/673
vt 0.0646430030465126 0.5302860140800476
f 2173/2248/2173 2690/2176/2690 2163/2169/2163
f 1442/2246/1442 1487/2172/1487 2151/2165/2151
f 123/2247/123 497/2176/497 1815/2248/1815
f 1642/2246/1642 378/2165/378 1629/2245/1629
f 1629/2248/1629 189/2169/189 1274/2246/1274
vt 0.0638720020651817 0.5382980108261108
f 1060/2249/1060 2254/2177/2254 2978/2180/2978
vt 0.0627499967813492 0.5422769784927368
f 2998/2250/2998 2758/2184/2758 1000/2249/1000
f 1630/2177/1630 1118/2249/1118 1251/2184/1251
f 74/2247/74 1373/2249/1373 1106/2180/1106
f 1054/2180/1054 488/2173/488 1585/2247/1585
f 1507/2229/1507 1133/2245/1133 1445/2161/1445
vt 0.0611919984221458 0.5464490056037903
f 1400/2251/1400 1278/2189/1278 1637/2190/1637
f 424/2250/424 1217/2190/1217 2023/2181/2023
vt 0.0593000017106533 0.5509039759635925
f 2577/2252/2577 1261/2196/1261 1107/2191/1107
f 455/2251/455 409/2191/409 454/2189/454
f 2988/2250/2988 2946/2251/2946 754/2190/754
f 2072/2252/2072 323/2197/323 2073/2196/2073
f 577/2252/577 603/2191/603 654/2251/654
vt 0.0573009997606277 0.5556150078773499
f 804/2252/804 2123/2253/2123 2202/2197/2202
vt 0.0559969991445541 0.5590879917144775
f 1633/2254/1633 1282/2203/1282 1294/2202/1294
f 2993/2202/2993 995/2253/995 308/2254/308
f 757/2197/757 517/2253/517 1012/2202/1012
f 1903/2184/1903 1201/2250/1201 2804/2181/2804
vt 0.0450179986655712 0.5050860047340393
vt 0.0490339994430542 0.5056689977645874
vt 0.0470510013401508 0.5038620233535767
f 198/2255/198 2425/2256/2425 2371/2257/2371
vt 0.0444209985435009 0.5089030265808105
vt 0.0421609990298748 0.5074869990348816
f 2371/2258/2371 219/2255/219 476/2259/476
vt 0.0447399988770485 0.5025119781494141
f 3002/2260/3002 734/2255/734 2976/2257/2976
vt 0.0377250015735626 0.5050860047340393
vt 0.0422019995748997 0.5016769766807556
f 2726/2261/2726 2174/2255/2174 1144/2262/1144
f 2988/2260/2988 1016/2262/1016 2946/2255/2946
vt 0.0395479984581470 0.5069919824600220
f 2848/2263/2848 1341/2259/1341 1911/2255/1911
f 152/2255/152 1341/2261/1341 1416/2263/1416
vt 0.0486649982631207 0.5087760090827942
f 2572/2264/2572 2582/2256/2582 1167/2255/1167
vt 0.0516880005598068 0.5103200078010559
vt 0.0506020002067089 0.5078529715538025
f 1528/2265/1528 2143/2266/2143 2653/2264/2653
vt 0.0486649982631207 0.5161569714546204
vt 0.0522419996559620 0.5129619836807251
f 2693/2264/2693 2184/2267/2184 852/2268/852
f 611/2264/611 1841/2255/1841 1044/2258/1044
vt 0.0460230000317097 0.5110489726066589
f 2108/2269/2108 2340/2264/2340 1092/2258/1092
vt 0.0467500016093254 0.5136359930038452
f 634/2264/634 1051/2269/1051 1865/2270/1865
f 3048/2264/3048 3022/2268/3022 1860/2265/1860
f 1730/2264/1730 1676/2270/1676 2636/2267/2636
f 2858/2266/2858 2367/2256/2367 1034/2264/1034
vt 0.0368940010666847 0.5016769766807556
vt 0.0395479984581470 0.5013949871063232
f 2219/2271/2219 1163/2261/1163 1255/2272/1255
f 1225/2272/1225 428/2261/428 959/2262/959
vt 0.0369350016117096 0.5074869990348816
vt 0.0340779982507229 0.5050860047340393
f 1444/2273/1444 2513/2261/2513 2695/2274/2695
vt 0.0343560017645359 0.5025119781494141
f 1478/2275/1478 1529/2261/1529 2145/2271/2145
vt 0.0320449993014336 0.5038620233535767
f 2294/2274/2294 1711/2275/1711 2276/2276/2276
vt 0.0300619993358850 0.5056689977645874
f 2547/2276/2547 338/2277/338 1365/2274/1365
vt 0.0304310005158186 0.5087760090827942
f 1735/2274/1735 81/2277/81 80/2278/80
f 469/2274/469 2900/2261/2900 2459/2275/2459
f 2994/2263/2994 2264/2261/2264 1094/2273/1094
vt 0.0346749983727932 0.5089030265808105
f 1581/2274/1581 568/2278/568 1438/2279/1438
vt 0.0323459990322590 0.5136359930038452
vt 0.0330730006098747 0.5110489726066589
f 1964/2278/1964 1965/2280/1965 2213/2281/2213
f 824/2278/824 776/2281/776 65/2279/65
vt 0.0274080000817776 0.5103200078010559
vt 0.0284940004348755 0.5078529715538025
f 960/2282/960 2808/2278/2808 1218/2283/1218
f 2886/2278/2886 2877/2277/2877 2468/2283/2468
vt 0.0304310005158186 0.5161569714546204
f 1908/2278/1908 1894/2284/1894 401/2280/401
vt 0.0268539991229773 0.5129619836807251
f 1525/2278/1525 1627/2282/1627 2506/2285/2506
f 2061/2278/2061 2271/2285/2271 1388/2284/1388
f 1037/2279/1037 2937/2273/2937 242/2274/242
vt 0.0516880005598068 0.5183029770851135
vt 0.0522419996559620 0.5156620144844055
f 2228/2267/2228 1129/2286/1129 1618/2287/1618
vt 0.0486649982631207 0.5198479890823364
f 796/2288/796 2185/2286/2185 769/2267/769
vt 0.0465050004422665 0.5163149833679199
f 16/2270/16 7/2289/7 44/2267/44
vt 0.0453200004994869 0.5187230110168457
f 2144/2288/2144 791/2289/791 2071/2290/2071
vt 0.0433560013771057 0.5205349922180176
vt 0.0450179986655712 0.5235379934310913
f 298/2291/298 1808/2292/1808 2336/2290/2336
f 947/2288/947 2007/2290/2007 1771/2292/1771
f 3025/2288/3025 3047/2267/3047 3046/2289/3046
vt 0.0506020002067089 0.5207700133323669
f 2909/2288/2909 2852/2293/2852 2853/2286/2853
vt 0.0490339994430542 0.5229550004005432
f 1763/2288/1763 2752/2292/2752 2005/2294/2005
vt 0.0447399988770485 0.5261120200157166
vt 0.0470510013401508 0.5247619748115540
f 2448/2295/2448 2896/2296/2896 2863/2292/2863
f 226/2294/226 201/2292/201 2353/2296/2353
vt 0.0408769994974136 0.5215070247650146
f 1839/2291/1839 588/2297/588 759/2292/759
vt 0.0422019995748997 0.5269460082054138
vt 0.0377250015735626 0.5235379934310913
vt 0.0395479984581470 0.5272290110588074
f 3005/2298/3005 3012/2299/3012 2675/2300/2675
f 1490/2295/1490 2209/2292/2209 1493/2298/1493
f 345/2299/345 2605/2298/2605 1300/2292/1300
f 434/2297/434 1773/2299/1773 1221/2292/1221
f 157/2294/157 2942/2293/2942 2941/2288/2941
vt 0.0340779982507229 0.5235379934310913
vt 0.0337760001420975 0.5187230110168457
vt 0.0304310005158186 0.5198479890823364
f 607/2301/607 1587/2302/1587 1817/2303/1817
vt 0.0325910001993179 0.5163149833679199
f 1503/2303/1503 372/2302/372 2550/2304/2550
vt 0.0274080000817776 0.5183029770851135
vt 0.0268539991229773 0.5156620144844055
f 2673/2305/2673 2613/2284/2613 94/2306/94
f 2642/2284/2642 2633/2285/2633 1699/2306/1699
vt 0.0284940004348755 0.5207700133323669
f 1152/2307/1152 2541/2303/2541 1397/2305/1397
f 1530/2284/1530 2683/2305/2683 799/2303/799
f 1248/2303/1248 2718/2304/2718 2578/2284/2578
vt 0.0357399992644787 0.5205349922180176
f 947/2301/947 1771/2308/1771 247/2302/247
f 1958/2284/1958 2659/2304/2659 877/2280/877
f 1128/2301/1128 2576/2299/2576 1270/2308/1270
vt 0.0382190011441708 0.5215070247650146
f 367/2297/367 1631/2309/1631 2232/2299/2232
vt 0.0343560017645359 0.5261120200157166
vt 0.0368940010666847 0.5269460082054138
f 1330/2299/1330 1902/2310/1902 1352/2311/1352
f 763/2311/763 2478/2300/2478 2916/2299/2916
f 1968/2310/1968 706/2299/706 1706/2301/1706
vt 0.0300619993358850 0.5229550004005432
f 2489/2312/2489 2835/2303/2835 218/2307/218
vt 0.0320449993014336 0.5247619748115540
f 1170/2312/1170 2589/2313/2589 1171/2301/1171
f 2804/2310/2804 267/2301/267 2904/2313/2904
f 653/2303/653 1184/2312/1184 1315/2301/1315
f 2746/2299/2746 623/2309/623 1846/2308/1846
f 1682/2268/1682 863/2267/863 1716/2287/1716
vt 0.0550159998238087 0.4468449950218201
vt 0.0550159998238087 0.4402059912681580
vt 0.0537069998681545 0.4402059912681580
f 2631/2314/2631 1115/2315/1115 69/2316/69
vt 0.0537069998681545 0.4468449950218201
f 1376/2316/1376 786/2317/786 2139/2314/2139
vt 0.0830110013484955 0.4468449950218201
vt 0.0842700004577637 0.4402059912681580
vt 0.0830110013484955 0.4402059912681580
f 1910/2318/1910 2025/2319/2025 2011/2320/2011
vt 0.0867739990353584 0.4468449950218201
vt 0.0867739990353584 0.4402059912681580
vt 0.0855220034718513 0.4402059912681580
f 2025/2321/2025 968/2322/968 969/2323/969
vt 0.0855220034718513 0.4468449950218201
f 427/2323/427 175/2324/175 654/2321/654
f 2157/2319/2157 1471/2324/1471 2155/2323/2155
vt 0.0892790034413338 0.4468449950218201
vt 0.0892790034413338 0.4402059912681580
vt 0.0880270004272461 0.4402059912681580
f 2837/2325/2837 442/2326/442 2461/2327/2461
vt 0.0880270004272461 0.4468449950218201
f 1975/2327/1975 1575/2328/1575 834/2325/834
f 1669/2328/1669 1710/2327/1710 838/2322/838
f 115/2322/115 1409/2321/1409 2763/2328/2763
vt 0.0917830020189285 0.4468449950218201
vt 0.0917830020189285 0.4402059912681580
vt 0.0905309990048409 0.4402059912681580
f 2055/2329/2055 2272/2330/2272 1802/2331/1802
vt 0.0905309990048409 0.4468449950218201
f 1172/2331/1172 1362/2332/1362 1451/2329/1451
f 2232/2332/2232 2727/2331/2727 2233/2326/2233
f 615/2326/615 145/2325/145 157/2332/157
vt 0.0969050005078316 0.4468449950218201
vt 0.0969050005078316 0.4402059912681580
vt 0.0955960005521774 0.4402059912681580
f 1583/2333/1583 1556/2334/1556 623/2335/623
vt 0.0955960005521774 0.4468449950218201
f 2962/2335/2962 520/2336/520 1583/2333/1583
vt 0.0942870005965233 0.4402059912681580
f 473/2336/473 126/2335/126 471/2337/471
vt 0.0942870005965233 0.4468449950218201
f 2656/2337/2656 2628/2338/2628 1708/2336/1708
vt 0.0995220020413399 0.4468449950218201
vt 0.0995220020413399 0.4402059912681580
vt 0.0982140004634857 0.4402059912681580
f 195/2339/195 1220/2340/1220 449/2341/449
vt 0.0982140004634857 0.4468449950218201
f 2281/2341/2281 2506/2342/2506 2515/2339/2515
f 2881/2342/2881 1316/2341/1316 970/2334/970
f 1293/2334/1293 1522/2333/1522 2544/2342/2544
vt 0.1033010035753250 0.4534829854965210
vt 0.1033010035753250 0.4468449950218201
vt 0.1020409986376762 0.4468449950218201
f 1183/2343/1183 2360/2344/2360 475/2345/475
vt 0.1020409986376762 0.4534829854965210
f 475/2345/475 970/2346/970 2809/2343/2809
vt 0.1045600026845932 0.4534829854965210
vt 0.1045600026845932 0.4468449950218201
f 141/2347/141 2946/2348/2946 664/2344/664
f 1952/2344/1952 1951/2343/1951 862/2347/862
vt 0.1020409986376762 0.4402059912681580
vt 0.1007819995284081 0.4402059912681580
f 748/2345/748 1018/2349/1018 762/2350/762
vt 0.1007819995284081 0.4468449950218201
f 824/2350/824 872/2351/872 776/2345/776
f 897/2351/897 2704/2350/2704 845/2340/845
f 1763/2340/1763 1209/2339/1209 1197/2351/1197
vt 0.1045600026845932 0.4402059912681580
vt 0.1033010035753250 0.4402059912681580
f 563/2348/563 1969/2352/1969 541/2353/541
f 712/2353/712 1693/2344/1693 2624/2348/2624
f 2954/2344/2954 125/2353/125 1049/2349/1049
f 1049/2349/1049 132/2345/132 2995/2344/2995
vt 0.1058119982481003 0.4534829854965210
vt 0.1058119982481003 0.4468449950218201
f 2670/2354/2670 52/2355/52 1810/2348/1810
f 2422/2348/2422 2369/2347/2369 2473/2354/2473
vt 0.1070640012621880 0.4534829854965210
vt 0.1070640012621880 0.4468449950218201
f 2044/2356/2044 2057/2357/2057 2255/2355/2255
f 527/2355/527 2613/2354/2613 2673/2356/2673
vt 0.1070640012621880 0.4402059912681580
vt 0.1058119982481003 0.4402059912681580
f 2109/2357/2109 2044/2358/2044 323/2359/323
f 553/2359/553 1919/2355/1919 1773/2357/1773
f 2528/2355/2528 2531/2359/2531 1285/2352/1285
f 957/2352/957 1351/2348/1351 1347/2355/1347
vt 0.1095689982175827 0.4468449950218201
vt 0.1095689982175827 0.4402059912681580
vt 0.1083170026540756 0.4402059912681580
f 2421/2360/2421 248/2361/248 2354/2362/2354
vt 0.1083170026540756 0.4468449950218201
f 318/2362/318 319/2363/319 2066/2360/2066
f 2066/2363/2066 2247/2362/2247 2039/2358/2039
f 221/2358/221 2940/2357/2940 269/2363/269
vt 0.1108210012316704 0.4534829854965210
vt 0.1108210012316704 0.4468449950218201
f 669/2364/669 656/2365/656 655/2360/655
vt 0.1095689982175827 0.4534829854965210
f 2317/2360/2317 2346/2366/2346 2097/2364/2097
vt 0.1120729967951775 0.4534829854965210
vt 0.1120729967951775 0.4468449950218201
f 821/2367/821 2245/2368/2245 2048/2365/2048
f 794/2365/794 2190/2364/2190 2181/2367/2181
vt 0.1120729967951775 0.4402059912681580
vt 0.1108210012316704 0.4402059912681580
f 3025/2368/3025 3017/2369/3017 3020/2370/3020
f 2063/2370/2063 2263/2365/2263 2097/2368/2097
f 201/2365/201 430/2370/430 2756/2361/2756
f 2254/2361/2254 293/2360/293 2978/2365/2978
vt 0.1145780012011528 0.4468449950218201
vt 0.1145780012011528 0.4402059912681580
vt 0.1133249998092651 0.4402059912681580
f 328/2371/328 1695/2372/1695 1978/2373/1978
vt 0.1133249998092651 0.4468449950218201
f 2657/2373/2657 1240/2374/1240 2576/2371/2576
f 588/2374/588 624/2373/624 1557/2369/1557
f 1244/2369/1244 2215/2368/2215 2168/2374/2168
vt 0.1171950027346611 0.4468449950218201
vt 0.1171950027346611 0.4402059912681580
vt 0.1158860027790070 0.4402059912681580
f 2577/2375/2577 2584/2376/2584 1261/2377/1261
vt 0.1158860027790070 0.4468449950218201
f 977/2377/977 746/2378/746 1415/2375/1415
f 1539/2378/1539 2133/2377/2133 797/2372/797
f 1083/2372/1083 2080/2371/2080 307/2378/307
vt 0.1198130026459694 0.4468449950218201
vt 0.1198130026459694 0.4402059912681580
vt 0.1185040026903152 0.4402059912681580
f 1040/2379/1040 992/2380/992 1847/2381/1847
vt 0.1185040026903152 0.4468449950218201
f 2857/2381/2857 277/2382/277 2820/2379/2820
f 2217/2382/2217 2580/2381/2580 2182/2376/2182
f 3028/2376/3028 3031/2375/3031 3036/2382/3036
vt 0.1223310008645058 0.4468449950218201
vt 0.1223310008645058 0.4402059912681580
vt 0.1210720017552376 0.4402059912681580
f 1422/2383/1422 551/2384/551 570/2385/570
vt 0.1210720017552376 0.4468449950218201
f 1117/2385/1117 2234/2386/2234 2590/2383/2590
f 631/2386/631 1731/2385/1731 2259/2380/2259
f 1509/2380/1509 1382/2379/1382 1488/2386/1488
vt 0.1248499974608421 0.4468449950218201
vt 0.1248499974608421 0.4402059912681580
vt 0.1235909983515739 0.4402059912681580
f 3062/2387/3062 3014/2388/3014 28/2389/28
vt 0.1235909983515739 0.4468449950218201
f 72/2389/72 889/2390/889 1717/2387/1717
f 2250/2390/2250 2064/2389/2064 2319/2384/2319
f 1702/2384/1702 315/2383/315 63/2390/63
vt 0.1273549944162369 0.4468449950218201
vt 0.1273549944162369 0.4402059912681580
vt 0.1261020004749298 0.4402059912681580
f 1379/2391/1379 1501/2392/1501 1631/2393/1631
vt 0.1261020004749298 0.4468449950218201
f 1531/2393/1531 2535/2394/2535 2133/2391/2133
f 554/2394/554 558/2393/558 2759/2388/2759
f 2817/2388/2817 391/2387/391 924/2394/924
vt 0.1298590004444122 0.4468449950218201
vt 0.1298590004444122 0.4402059912681580
vt 0.1286070048809052 0.4402059912681580
f 2521/2395/2521 366/2396/366 357/2397/357
vt 0.1286070048809052 0.4468449950218201
f 2388/2397/2388 258/2398/258 466/2395/466
f 300/2398/300 2056/2397/2056 2103/2392/2103
f 1735/2392/1735 2667/2391/2667 693/2398/693
vt 0.1323630064725876 0.4468449950218201
vt 0.1323630064725876 0.4402059912681580
vt 0.1311109960079193 0.4402059912681580
f 62/2399/62 2627/2400/2627 1725/2401/1725
vt 0.1311109960079193 0.4468449950218201
f 263/2401/263 2480/2402/2480 266/2399/266
f 892/2402/892 1722/2401/1722 1969/2396/1969
f 709/2396/709 2650/2395/2650 892/2402/892
vt 0.1348679959774017 0.4468449950218201
vt 0.1348679959774017 0.4402059912681580
vt 0.1336150020360947 0.4402059912681580
f 1803/2403/1803 2292/2404/2292 92/2405/92
vt 0.1336150020360947 0.4468449950218201
f 1248/2405/1248 2534/2406/2534 2266/2403/2266
f 1502/2406/1502 2507/2405/2507 1602/2400/1602
f 1803/2400/1803 2330/2399/2330 1793/2406/1793
vt 0.0564129985868931 0.4335680007934570
vt 0.0537069998681545 0.4335680007934570
f 1576/2315/1576 988/2407/988 1577/2408/1577
vt 0.0591179989278316 0.4335680007934570
vt 0.0585980005562305 0.4458250105381012
f 2032/2409/2032 1345/2407/1345 2851/2410/2851
f 86/2410/86 626/2407/626 2610/2315/2610
vt 0.0645290017127991 0.4335680007934570
vt 0.0618229992687702 0.4335680007934570
vt 0.0637559965252876 0.4438230097293854
f 2946/2411/2946 1016/2412/1016 1044/2413/1044
vt 0.0726450011134148 0.4335680007934570
vt 0.0699390023946762 0.4335680007934570
vt 0.0720359981060028 0.4433960020542145
f 864/2414/864 2072/2415/2072 313/2416/313
vt 0.0672340020537376 0.4335680007934570
vt 0.0664760023355484 0.4432890117168427
f 1719/2417/1719 666/2411/666 632/2418/632
f 1719/2412/1719 1165/2409/1165 708/2410/708
vt 0.0692560002207756 0.4431470036506653
f 1584/2415/1584 1198/2417/1198 549/2419/549
f 179/2315/179 973/2408/973 2958/2316/2958
vt 0.0780550017952919 0.4335680007934570
vt 0.0753500014543533 0.4335680007934570
vt 0.0747589990496635 0.4440349936485291
f 474/2420/474 1859/2421/1859 2958/2422/2958
f 1035/2421/1035 2958/2414/2958 1826/2422/1826
vt 0.0834660008549690 0.4335680007934570
vt 0.0807610005140305 0.4335680007934570
f 1851/2320/1851 265/2423/265 2357/2424/2357
f 1689/2423/1689 2702/2320/2702 1971/2319/1971
vt 0.0861710011959076 0.4335680007934570
f 1366/2319/1366 1511/2323/1511 1384/2425/1384
f 1225/2425/1225 391/2423/391 390/2319/390
vt 0.0798460021615028 0.4461750090122223
f 1998/2426/1998 386/2424/386 1190/2420/1190
f 670/2424/670 2769/2426/2769 590/2320/590
f 2223/2425/2223 2680/2322/2680 2208/2327/2208
vt 0.0888769999146461 0.4335680007934570
f 2572/2327/2572 1167/2427/1167 2616/2425/2616
f 310/2326/310 2084/2427/2084 2282/2327/2282
f 1147/2323/1147 2191/2322/2191 772/2425/772
f 2142/2427/2142 1522/2326/1522 1293/2331/1293
vt 0.0915820002555847 0.4335680007934570
f 700/2331/700 1652/2428/1652 1674/2427/1674
vt 0.0942870005965233 0.4335680007934570
f 177/2429/177 2500/2335/2500 252/2334/252
vt 0.0969929993152618 0.4335680007934570
f 1011/2334/1011 512/2430/512 744/2429/744
f 2380/2430/2380 2476/2341/2476 2827/2340/2827
vt 0.0996979996562004 0.4335680007934570
f 483/2340/483 2449/2431/2449 484/2430/484
f 1488/2428/1488 1368/2330/1368 1512/2337/1512
f 760/2337/760 1013/2429/1013 518/2428/518
f 1013/2431/1013 2972/2350/2972 2971/2349/2971
vt 0.1024029999971390 0.4335680007934570
f 219/2349/219 268/2432/268 220/2431/220
f 424/2337/424 1347/2330/1347 1351/2329/1351
f 2345/2329/2345 2659/2338/2659 1958/2337/1958
f 85/2330/85 836/2428/836 321/2331/321
f 2100/2431/2100 2055/2340/2055 321/2350/321
f 2599/2341/2599 1100/2430/1100 1233/2334/1233
f 2840/2335/2840 1219/2429/1219 1323/2337/1323
f 308/2411/308 995/2413/995 2059/2418/2059
f 1840/2314/1840 503/2410/503 2945/2315/2945
f 1455/2413/1455 2135/2412/2135 363/2410/363
f 1331/2416/1331 1905/2415/1905 1332/2419/1332
f 1279/2426/1279 1617/2420/1617 1610/2422/1610
vt 0.0846360027790070 0.4490000009536743
f 1919/2433/1919 1221/2324/1221 1773/2319/1773
f 3053/2418/3053 3030/2419/3030 3011/2417/3011
vt 0.0537069998681545 0.4485720098018646
f 3040/2314/3040 3035/2434/3035 3053/2410/3053
f 2897/2433/2897 260/2318/260 2898/2426/2898
f 559/2318/559 533/2433/533 1564/2319/1564
f 2860/2317/2860 1001/2434/1001 2431/2314/2431
vt 0.0893390029668808 0.4521209895610809
f 2619/2433/2619 2645/2435/2645 1723/2321/1723
f 1214/2435/1214 2794/2325/2794 2888/2328/2888
f 1214/2332/1214 1925/2325/1925 965/2435/965
f 25/2321/25 3049/2435/3049 3055/2328/3055
f 565/2324/565 631/2433/631 116/2321/116
f 2864/2318/2864 2416/2320/2416 2483/2426/2483
f 504/2422/504 1908/2414/1908 200/2416/200
vt 0.0940499976277351 0.4551439881324768
f 2542/2435/2542 3039/2436/3039 1289/2329/1289
f 2026/2436/2026 1436/2336/1436 1318/2338/1318
f 1372/2436/1372 1241/2338/1241 2591/2329/2591
f 1923/2432/1923 1189/2349/1189 1749/2353/1749
vt 0.0989909991621971 0.4577539861202240
f 1690/2437/1690 1779/2342/1779 2113/2333/2113
vt 0.1051089987158775 0.4335680007934570
f 1509/2438/1509 1512/2353/1512 1385/2352/1385
f 2173/2436/2173 2175/2333/2175 779/2336/779
f 1524/2437/1524 2595/2351/2595 2698/2339/2698
f 1624/2437/1624 353/2333/353 352/2436/352
f 224/2437/224 2433/2346/2433 2446/2351/2446
f 516/2339/516 133/2342/133 1858/2437/1858
f 509/2351/509 1849/2346/1849 1047/2345/1047
vt 0.1042430028319359 0.4595699906349182
f 2010/2439/2010 2825/2347/2825 949/2343/949
f 2435/2354/2435 2443/2347/2443 446/2439/446
f 1397/2346/1397 2541/2439/2541 1519/2343/1519
f 2199/2437/2199 1102/2439/1102 800/2346/800
f 996/2332/996 2981/2435/2981 1863/2329/1863
f 1642/2438/1642 2543/2432/2543 373/2353/373
f 2646/2438/2646 1937/2359/1937 2035/2358/2035
vt 0.1078139990568161 0.4335680007934570
f 2237/2358/2237 770/2440/770 768/2438/768
f 1256/2362/1256 1624/2440/1624 2520/2358/2520
f 2544/2440/2544 1522/2362/1522 2520/2361/2520
vt 0.1105199977755547 0.4335680007934570
f 763/2361/763 1821/2441/1821 1819/2440/1819
vt 0.1132249981164932 0.4335680007934570
f 1229/2442/1229 985/2372/985 2455/2377/2455
vt 0.1159299984574318 0.4335680007934570
f 2189/2377/2189 2589/2443/2589 2165/2442/2165
f 1450/2441/1450 2688/2370/2688 780/2369/780
f 2113/2369/2113 322/2442/322 1984/2441/1984
f 2743/2443/2743 1585/2376/1585 609/2381/609
vt 0.1186359971761703 0.4335680007934570
f 1778/2381/1778 135/2444/135 2950/2443/2950
f 2597/2370/2597 2598/2441/2598 2706/2361/2706
f 2198/2442/2198 28/2373/28 532/2372/532
f 1843/2443/1843 1022/2377/1022 2737/2376/2737
f 965/2373/965 562/2442/562 175/2369/175
f 2572/2381/2572 2616/2380/2616 1701/2444/1701
vt 0.1213409975171089 0.4335680007934570
f 725/2385/725 68/2445/68 2299/2380/2299
f 2617/2444/2617 685/2380/685 2616/2445/2616
f 2911/2445/2911 2912/2385/2912 2868/2384/2868
f 2092/2445/2092 2257/2384/2257 2256/2389/2256
vt 0.1240459978580475 0.4335680007934570
f 1520/2389/1520 1637/2446/1637 1296/2445/1296
vt 0.1267520040273666 0.4335680007934570
f 2848/2447/2848 2867/2392/2867 2878/2397/2878
vt 0.1294569969177246 0.4335680007934570
f 589/2397/589 604/2448/604 678/2447/678
f 1474/2448/1474 3065/2396/3065 3057/2401/3057
vt 0.1321620047092438 0.4335680007934570
f 1552/2401/1552 1411/2449/1411 1580/2448/1580
f 899/2446/899 2348/2388/2348 901/2393/901
f 2626/2393/2626 1063/2447/1063 2330/2446/2330
f 430/2449/430 2803/2400/2803 380/2405/380
vt 0.1348679959774017 0.4335680007934570
f 1081/2405/1081 359/2450/359 1271/2449/1271
f 914/2446/914 2669/2389/2669 1796/2388/1796
f 2459/2447/2459 1772/2393/1772 967/2392/967
f 1577/2448/1577 151/2397/151 641/2396/641
f 11/2449/11 3051/2401/3051 3066/2400/3066
f 345/2405/345 3052/2404/3052 11/2450/11
f 3052/2356/3052 1298/2363/1298 1638/2357/1638
f 1792/2366/1792 2530/2360/2530 1805/2363/1805
vt 0.1153149977326393 0.4592700004577637
f 351/2451/351 1400/2371/1400 2156/2374/2156
f 2802/2451/2802 410/2375/410 1769/2378/1769
f 478/2451/478 252/2378/252 2500/2371/2500
f 345/2367/345 1090/2374/1090 1477/2368/1477
vt 0.1069900020956993 0.4600180089473724
f 2777/2452/2777 937/2356/937 1305/2354/1305
vt 0.1097889989614487 0.4601109921932220
f 1170/2453/1170 2165/2366/2165 2589/2452/2589
f 972/2356/972 1353/2452/1353 431/2366/431
f 1123/2356/1123 1137/2366/1137 2563/2363/2563
f 2882/2439/2882 2820/2452/2820 2444/2354/2444
f 258/2451/258 2834/2367/2834 2878/2453/2878
f 2028/2364/2028 2827/2453/2827 1929/2367/1929
f 358/2451/358 2140/2374/2140 1279/2367/1279
vt 0.1205419972538948 0.4572750031948090
f 2648/2451/2648 1173/2454/1173 1243/2382/1243
f 1909/2366/1909 1340/2453/1340 1913/2364/1913
f 1909/2375/1909 1910/2451/1910 2011/2382/2011
f 819/2454/819 910/2386/910 1668/2379/1668
f 2408/2454/2408 2833/2390/2833 2821/2383/2821
f 1011/2454/1011 1579/2383/1579 656/2386/656
vt 0.1254570037126541 0.4545750021934509
f 996/2455/996 2862/2391/2862 2932/2394/2932
f 811/2455/811 1644/2398/1644 857/2391/857
f 1143/2455/1143 1102/2394/1102 2516/2387/2516
f 871/2455/871 2985/2387/2985 1461/2390/1461
vt 0.1301680058240891 0.4515869915485382
f 258/2398/258 2878/2455/2878 2889/2456/2889
f 2384/2402/2384 2446/2395/2446 2433/2456/2433
f 1388/2455/1388 2271/2390/2271 2152/2454/2152
f 2089/2456/2089 2114/2395/2114 695/2398/695
f 156/2399/156 1432/2456/1432 1430/2406/1430
vt 0.1348679959774017 0.4485720098018646
f 1590/2457/1590 2968/2403/2968 979/2406/979
f 181/2406/181 1422/2456/1422 666/2457/666
f 1538/2402/1538 2134/2456/2134 1361/2399/1361
f 1051/2382/1051 2986/2454/2986 1865/2379/1865
f 2771/2438/2771 143/2352/143 523/2359/523
vt 0.1230420023202896 0.8622130155563354
vt 0.1054650023579597 0.8622130155563354
vt 0.1054650023579597 0.8266919851303101
f 371/2458/371 2513/2459/2513 1483/2460/1483
vt 0.1230420023202896 0.8266919851303101
f 2029/2460/2029 1353/2461/1353 972/2458/972
vt 0.0878869965672493 0.8622130155563354
vt 0.0703099966049194 0.8622130155563354
vt 0.0703099966049194 0.8266919851303101
f 964/2462/964 1921/2463/1921 959/2464/959
vt 0.0878869965672493 0.8266919851303101
f 1952/2464/1952 2297/2465/2297 1951/2462/1951
f 2758/2459/2758 167/2462/167 999/2465/999
f 1529/2465/1529 2122/2460/2122 1368/2459/1368
vt 0.0878869965672493 0.7911700010299683
f 2909/2460/2909 2440/2465/2440 2852/2466/2852
vt 0.1054650023579597 0.7911700010299683
f 674/2466/674 541/2467/541 607/2460/607
vt 0.0703099966049194 0.7911700010299683
f 191/2465/191 2423/2464/2423 2467/2468/2467
f 1968/2468/1968 68/2466/68 857/2465/857
vt 0.0703099966049194 0.7556489706039429
f 1775/2466/1775 2338/2468/2338 2042/2469/2042
vt 0.0878869965672493 0.7556489706039429
f 479/2469/479 2378/2470/2378 261/2466/261
vt 0.1054650023579597 0.7734100222587585
f 2902/2471/2902 2483/2467/2483 2871/2466/2871
vt 0.1054650023579597 0.7556489706039429
f 1538/2470/1538 2120/2472/2120 1372/2471/1372
f 556/2466/556 598/2470/598 1573/2471/1573
vt 0.1142529994249344 0.7911700010299683
vt 0.1230420023202896 0.7911700010299683
f 3040/2473/3040 1290/2474/1290 351/2461/351
f 1082/2460/1082 699/2467/699 2306/2473/2306
f 1073/2461/1073 59/2460/59 699/2473/699
f 1508/2473/1508 2093/2467/2093 2270/2471/2270
vt 0.1142529994249344 0.7734100222587585
f 2064/2471/2064 1703/2475/1703 1460/2473/1460
vt 0.0351549983024597 0.7911700010299683
vt 0.0175769999623299 0.7911700010299683
vt 0.0175769999623299 0.7556489706039429
f 2064/2476/2064 2277/2477/2277 2319/2478/2319
vt 0.0351549983024597 0.7556489706039429
f 394/2478/394 445/2479/445 237/2476/237
vt 0.0527319982647896 0.8266919851303101
f 2063/2476/2063 2097/2468/2097 324/2480/324
f 753/2468/753 130/2464/130 2988/2480/2988
vt 0.0351549983024597 0.8266919851303101
f 2531/2480/2531 360/2481/360 1286/2476/1286
f 2846/2476/2846 2452/2479/2452 2883/2469/2883
f 1045/2469/1045 1860/2468/1860 674/2476/674
vt 0.0703099966049194 0.7201279997825623
vt 0.0351549983024597 0.7201279997825623
vt 0.0527319982647896 0.6846070289611816
f 2192/2482/2192 2188/2483/2188 2018/2484/2018
vt 0.0351549983024597 0.6846070289611816
f 593/2483/593 2760/2485/2760 668/2484/668
vt 0.0703099966049194 0.6846070289611816
f 2691/2484/2691 2699/2486/2699 2174/2482/2174
f 106/2482/106 1019/2469/1019 1814/2479/1814
f 433/2479/433 673/2483/673 1223/2482/1223
vt 0.0175769999623299 0.7201279997825623
f 214/2479/214 2479/2478/2479 2876/2487/2876
f 448/2487/448 245/2483/245 468/2479/468
vt 0.0703099966049194 0.6490859985351562
f 310/2488/310 2288/2486/2288 2510/2484/2510
vt 0.1142529994249344 0.7378889918327332
vt 0.1054650023579597 0.7378889918327332
vt 0.1054650023579597 0.7201279997825623
f 2846/2489/2846 2406/2490/2406 2400/2491/2400
vt 0.1142529994249344 0.7201279997825623
f 1351/2491/1351 1926/2492/1926 976/2489/976
vt 0.1230420023202896 0.7201279997825623
vt 0.1142529994249344 0.7023680210113525
f 300/2493/300 2324/2492/2324 1835/2494/1835
vt 0.1230420023202896 0.7023680210113525
f 575/2494/575 2997/2495/2997 599/2493/599
vt 0.1054650023579597 0.7023680210113525
f 424/2492/424 2023/2491/2023 1347/2496/1347
f 2428/2496/2428 2355/2494/2355 2373/2492/2373
vt 0.1054650023579597 0.6846070289611816
f 1641/2494/1641 2093/2496/2093 1506/2497/1506
vt 0.1142529994249344 0.6846070289611816
f 409/2497/409 393/2498/393 454/2494/454
vt 0.1318310052156448 0.7201279997825623
f 1036/2499/1036 1838/2493/1838 977/2495/977
f 2631/2490/2631 53/2472/53 835/2470/835
vt 0.0878869965672493 0.7201279997825623
f 455/2500/455 110/2491/110 409/2490/409
f 412/2470/412 938/2500/938 2802/2490/2802
f 1064/2470/1064 2287/2469/2287 2242/2482/2242
f 1518/2482/1518 2120/2500/2120 1361/2470/1361
f 58/2500/58 691/2482/691 2575/2486/2575
vt 0.0878869965672493 0.6846070289611816
f 2279/2486/2279 2116/2501/2116 297/2500/297
f 34/2496/34 3016/2491/3016 37/2500/37
f 1111/2501/1111 2546/2497/2546 2521/2496/2521
f 2363/2500/2363 108/2501/108 238/2496/238
vt 0.1054650023579597 0.6668469905853271
f 1830/2502/1830 108/2497/108 985/2501/985
vt 0.0878869965672493 0.6490859985351562
vt 0.1054650023579597 0.6490859985351562
f 1174/2503/1174 2557/2504/2557 1111/2502/1111
f 1695/2501/1695 1979/2503/1979 1978/2502/1978
f 1803/2501/1803 1793/2486/1793 1777/2488/1777
f 2394/2488/2394 2448/2503/2448 281/2501/281
f 310/2498/310 2136/2497/2136 2335/2502/2335
vt 0.1142529994249344 0.6668469905853271
f 1331/2502/1331 1761/2505/1761 1905/2498/1905
f 2416/2505/2416 2017/2502/2017 2483/2504/2483
vt 0.1142529994249344 0.6490859985351562
f 1183/2504/1183 1200/2506/1200 259/2505/259
vt 0.0210619997233152 0.6808519959449768
vt 0.0147420000284910 0.6923170089721680
f 2961/2507/2961 1021/2487/1021 441/2508/441
vt 0.0284030009061098 0.6700239777565002
vt 0.0366999991238117 0.6599280238151550
f 3012/2485/3012 2923/2509/2923 531/2510/531
f 473/2507/473 452/2509/452 2365/2485/2365
f 224/2485/224 2361/2483/2361 468/2507/468
vt 0.0006000000284985 0.7425389885902405
vt 0.0023940000683069 0.7295410037040710
f 516/2511/516 1858/2512/1858 2957/2478/2957
vt 0.0053679998964071 0.7167659997940063
f 770/2513/770 1131/2487/1131 2161/2512/2161
vt 0.0094959996640682 0.7043229937553406
f 1608/2514/1608 2524/2508/2524 370/2487/370
f 1317/2483/1317 1907/2487/1907 1889/2507/1889
f 109/2487/109 982/2478/982 1848/2512/1848
f 65/2513/65 2594/2514/2594 289/2487/289
f 1749/2484/1749 1544/2485/1544 665/2510/665
vt 0.0665929988026619 0.6348469853401184
vt 0.0558770000934601 0.6422629952430725
f 634/2515/634 1865/2488/1865 604/2516/604
vt 0.0898220017552376 0.6231600046157837
vt 0.0779400020837784 0.6284610033035278
f 2936/2517/2936 128/2503/128 1831/2518/1831
f 2961/2488/2961 608/2515/608 731/2518/731
vt 0.1021369993686676 0.6189889907836914
f 2032/2519/2032 2851/2504/2851 2427/2517/2427
vt 0.0458850003778934 0.6506479978561401
f 803/2520/803 798/2516/798 2729/2484/2729
f 433/2488/433 1889/2484/1889 1907/2516/1907
f 2565/2510/2565 403/2520/403 766/2484/766
f 1098/2517/1098 284/2504/284 1791/2503/1791
f 879/2503/879 579/2488/579 2618/2518/2618
vt 0.1147809997200966 0.6159840226173401
f 1824/2504/1824 489/2519/489 1861/2521/1861
vt 0.0006000000284985 0.7687590122222900
vt 0.0000000000000000 0.7556489706039429
f 3032/2478/3032 3031/2522/3031 8/2523/8
vt 0.0023940000683069 0.7817569971084595
f 2943/2477/2943 2951/2524/2951 2944/2478/2944
f 194/2522/194 2355/2478/2355 249/2524/249
vt 0.0053679998964071 0.7945330142974854
f 2295/2525/2295 1078/2524/1078 2284/2477/2284
f 2792/2478/2792 1316/2523/1316 786/2511/786
vt 0.0094959996640682 0.8069760203361511
vt 0.0147420000284910 0.8189820051193237
f 278/2526/278 2897/2477/2897 2898/2527/2898
f 1515/2477/1515 2130/2526/2130 1623/2525/1623
vt 0.0284030009061098 0.8412740230560303
vt 0.0210619997233152 0.8304470181465149
f 706/2481/706 814/2528/814 2608/2529/2608
f 847/2477/847 2612/2529/2612 874/2527/874
f 2088/2476/2088 1949/2481/1949 1671/2529/1671
f 999/2476/999 505/2529/505 750/2477/750
vt 0.0458850003778934 0.8606510162353516
vt 0.0366999991238117 0.8513709902763367
f 480/2530/480 231/2531/231 2353/2480/2353
f 2631/2481/2631 2705/2480/2705 1115/2531/1115
f 669/2528/669 170/2481/170 519/2531/519
f 2025/2463/2025 1342/2480/1342 2017/2464/2017
vt 0.0558770000934601 0.8690350055694580
f 2047/2532/2047 1497/2530/1497 2547/2480/2547
f 738/2463/738 510/2532/510 123/2480/123
vt 0.0665929988026619 0.8764520287513733
vt 0.0779400020837784 0.8828380107879639
f 2761/2533/2761 1842/2463/1842 176/2534/176
f 986/2463/986 641/2533/641 151/2532/151
vt 0.1021369993686676 0.8923100233078003
vt 0.0898220017552376 0.8881390094757080
f 1264/2535/1264 1168/2536/1168 1108/2459/1108
f 58/2536/58 1713/2462/1713 1671/2459/1671
f 1075/2534/1075 2049/2462/2049 2312/2536/2312
f 266/2463/266 198/2462/198 205/2534/205
vt 0.1225209981203079 0.6648619771003723
f 298/2537/298 2096/2505/2096 2283/2506/2283
vt 0.1193429976701736 0.6711639761924744
f 2753/2505/2753 2765/2537/2765 713/2538/713
vt 0.1276450008153915 0.6141710281372070
f 1705/2521/1705 1666/2539/1666 2700/2506/2700
vt 0.1274700015783310 0.6598610281944275
f 1258/2506/1258 1704/2540/1704 717/2537/717
vt 0.1182480007410049 0.6781489849090576
f 2214/2541/2214 774/2505/774 2174/2538/2174
vt 0.1193429976701736 0.6851339936256409
f 2681/2542/2681 1171/2494/1171 2589/2498/2589
vt 0.1225209981203079 0.6914349794387817
f 1258/2494/1258 1124/2542/1124 55/2543/55
f 1445/2498/1445 1490/2541/1490 1272/2542/1272
f 729/2541/729 2732/2498/2732 2967/2505/2967
f 2799/2543/2799 1757/2495/1757 2014/2494/2014
vt 0.1337060034275055 0.6566510200500488
f 1222/2544/1222 429/2540/429 2593/2539/2593
vt 0.1406199932098389 0.6555439829826355
vt 0.1406199932098389 0.6135650277137756
f 1524/2545/1524 1494/2544/1494 1475/2546/1475
f 2003/2539/2003 1759/2546/1759 1344/2544/1344
vt 0.1274700015783310 0.6964359879493713
f 2761/2547/2761 615/2495/615 157/2543/157
f 1862/2547/1862 2937/2499/2937 988/2495/988
vt 0.1406199932098389 0.7007529735565186
vt 0.1337060034275055 0.6996470093727112
f 2693/2548/2693 2617/2499/2617 1167/2549/1167
f 789/2547/789 1131/2549/1131 770/2499/770
vt 0.1406199932098389 0.7298160195350647
f 1831/2550/1831 192/2499/192 2375/2548/2375
vt 0.1255919933319092 0.7347499728202820
f 2564/2551/2564 2562/2493/2562 2563/2499/2563
f 1277/2539/1277 370/2540/370 2519/2506/2519
vt 0.1199349984526634 0.7404649853706360
f 2654/2552/2654 1720/2492/1720 93/2493/93
vt 0.1163040027022362 0.7476660013198853
f 919/2553/919 400/2472/400 399/2489/399
f 315/2489/315 908/2472/908 886/2490/886
vt 0.1150519996881485 0.7556489706039429
f 399/2472/399 2871/2553/2871 1342/2554/1342
vt 0.1163040027022362 0.7636319994926453
f 1932/2472/1932 1338/2554/1338 1348/2555/1348
f 217/2553/217 2543/2489/2543 469/2552/469
f 588/2475/588 2423/2472/2423 759/2555/759
f 468/2475/468 245/2471/245 2842/2472/2842
vt 0.1199349984526634 0.7708340287208557
f 583/2475/583 628/2556/628 104/2473/104
f 1286/2556/1286 355/2474/355 2514/2473/2514
vt 0.1147809997200966 0.8953149914741516
f 1050/2557/1050 2931/2459/2931 628/2458/628
f 2595/2475/2595 2697/2555/2697 2698/2556/2698
f 188/2535/188 228/2459/228 483/2557/483
f 1719/2492/1719 1105/2552/1105 1165/2489/1165
vt 0.1255919933319092 0.7765489816665649
f 418/2556/418 147/2558/147 2749/2474/2749
vt 0.1327189952135086 0.7310799956321716
f 913/2499/913 1651/2550/1651 858/2559/858
f 754/2552/754 2946/2493/2946 1841/2551/1841
vt 0.1327189952135086 0.7802180051803589
f 754/2474/754 1841/2558/1841 2946/2560/2946
f 2763/2461/2763 730/2474/730 2991/2560/2991
vt 0.1406199932098389 0.8977339863777161
f 432/2561/432 1873/2458/1873 974/2461/974
vt 0.1276450008153915 0.8971279859542847
f 1330/2562/1330 1992/2458/1992 1192/2561/1192
vt 0.1406199932098389 0.7814829945564270
f 412/2563/412 1192/2561/1192 938/2461/938
f 2538/2461/2538 1606/2560/1606 360/2563/360
f 1041/2557/1041 2755/2458/2755 252/2562/252
f 95/2551/95 1946/2499/1946 57/2559/57
f 920/2521/920 2772/2506/2772 1219/2504/1219
vt 0.3138509988784790 0.4294480085372925
vt 0.2990289926528931 0.4294480085372925
vt 0.2990289926528931 0.4096759855747223
f 595/2564/595 2740/2565/2740 564/2566/564
vt 0.3138509988784790 0.4096759855747223
f 2053/2566/2053 2328/2567/2328 2079/2564/2079
vt 0.3138509988784790 0.4479599893093109
vt 0.2990289926528931 0.4479599893093109
f 573/2568/573 599/2569/599 2997/2565/2997
f 186/2565/186 474/2564/474 232/2568/232
vt 0.3138509988784790 0.4657520055770874
vt 0.2990289926528931 0.4657520055770874
f 2415/2570/2415 2405/2571/2405 2829/2569/2829
f 652/2569/652 152/2568/152 612/2570/612
vt 0.3138509988784790 0.4828920066356659
vt 0.2990289926528931 0.4828920066356659
f 2597/2572/2597 1119/2573/1119 2556/2571/2556
f 444/2571/444 2790/2570/2790 463/2572/463
vt 0.3138509988784790 0.4988139867782593
vt 0.2990289926528931 0.4988139867782593
f 437/2574/437 2781/2575/2781 1185/2573/1185
f 943/2573/943 2679/2572/2679 2511/2574/2511
vt 0.3138509988784790 0.5147370100021362
vt 0.2990289926528931 0.5147370100021362
f 2774/2576/2774 1740/2577/1740 2019/2575/2019
f 210/2575/210 1925/2574/1925 1214/2576/1214
vt 0.3138509988784790 0.5306599736213684
vt 0.2990289926528931 0.5306599736213684
f 1680/2578/1680 1978/2579/1978 1980/2577/1980
f 1097/2577/1097 1781/2576/1781 139/2578/139
vt 0.3138509988784790 0.5458350181579590
vt 0.2990289926528931 0.5458350181579590
f 2099/2580/2099 2041/2581/2041 290/2579/290
f 861/2579/861 857/2578/857 1644/2580/1644
vt 0.3138509988784790 0.5621359944343567
vt 0.2990289926528931 0.5621359944343567
f 936/2582/936 2789/2583/2789 1752/2581/1752
f 1017/2581/1017 2409/2580/2409 2972/2582/2972
vt 0.3138509988784790 0.5766620039939880
vt 0.2990289926528931 0.5766620039939880
f 990/2584/990 516/2585/516 206/2583/206
f 2101/2583/2101 2038/2582/2038 907/2584/907
vt 0.3138509988784790 0.5909619927406311
vt 0.2990289926528931 0.5909619927406311
f 1383/2586/1383 1496/2587/1496 2168/2585/2168
f 2369/2585/2369 190/2584/190 2368/2586/2368
vt 0.3138509988784790 0.6050850152969360
vt 0.2990289926528931 0.6050850152969360
f 1933/2588/1933 2899/2589/2899 2854/2587/2854
f 2453/2587/2453 2398/2586/2398 467/2588/467
vt 0.3138509988784790 0.6190789937973022
vt 0.2990289926528931 0.6190789937973022
f 1114/2590/1114 339/2591/339 1276/2589/1276
f 3026/2589/3026 8/2588/8 3028/2590/3028
vt 0.3138509988784790 0.6329879760742188
vt 0.2990289926528931 0.6329879760742188
f 748/2592/748 604/2593/604 589/2591/589
f 418/2591/418 271/2590/271 147/2592/147
vt 0.3138509988784790 0.6468589901924133
vt 0.2990289926528931 0.6468589901924133
f 551/2594/551 1028/2595/1028 2999/2593/2999
f 1256/2593/1256 2520/2592/2520 1522/2594/1522
vt 0.3138509988784790 0.6607329845428467
vt 0.2990289926528931 0.6607329845428467
f 1830/2596/1830 2857/2597/2857 238/2595/238
f 59/2595/59 896/2594/896 1720/2596/1720
vt 0.3138509988784790 0.6746550202369690
vt 0.2990289926528931 0.6746550202369690
f 1797/2598/1797 2556/2599/2556 2640/2597/2640
f 2441/2597/2441 1461/2596/1461 2429/2598/2429
vt 0.3138509988784790 0.6886699795722961
vt 0.2990289926528931 0.6886699795722961
f 1590/2600/1590 979/2601/979 649/2599/649
f 124/2599/124 649/2598/649 979/2600/979
vt 0.3138509988784790 0.7028220295906067
vt 0.2990289926528931 0.7028220295906067
f 1432/2602/1432 2987/2603/2987 1430/2601/1430
f 2694/2601/2694 2702/2600/2702 2703/2602/2703
vt 0.3138509988784790 0.7171589732170105
vt 0.2990289926528931 0.7171589732170105
f 2694/2604/2694 1150/2605/1150 2575/2603/2575
f 902/2603/902 1252/2602/1252 60/2604/60
vt 0.3138509988784790 0.7317299842834473
vt 0.2990289926528931 0.7317299842834473
f 933/2606/933 1188/2607/1188 2789/2605/2789
f 2669/2605/2669 1076/2604/1076 1796/2606/1796
vt 0.3138509988784790 0.7465869784355164
vt 0.2990289926528931 0.7465869784355164
f 2889/2608/2889 197/2609/197 248/2607/248
f 1175/2607/1175 1149/2606/1149 1620/2608/1620
vt 0.3138509988784790 0.7617880105972290
vt 0.2990289926528931 0.7617880105972290
f 2127/2610/2127 1635/2611/1635 1295/2609/1295
f 2479/2609/2479 2451/2608/2451 256/2610/256
vt 0.3138509988784790 0.7695900201797485
vt 0.3138509988784790 0.7773910164833069
vt 0.2990289926528931 0.7773910164833069
f 150/2612/150 1731/2613/1731 631/2614/631
f 2249/2611/2249 1937/2610/1937 2131/2612/2131
f 2087/2614/2087 1661/2611/1661 817/2612/817
vt 0.3138509988784790 0.7934659719467163
vt 0.2990289926528931 0.7934659719467163
f 2087/2615/2087 2036/2616/2036 1653/2614/1653
f 1625/2614/1625 1270/2613/1270 2545/2615/2545
vt 0.3138509988784790 0.8100829720497131
vt 0.2990289926528931 0.8100829720497131
f 3024/2617/3024 2607/2618/2607 3015/2616/3015
f 1354/2616/1354 1551/2615/1551 2012/2617/2012
vt 0.3138509988784790 0.8273270130157471
vt 0.2990289926528931 0.8273270130157471
f 334/2619/334 1396/2620/1396 2149/2618/2149
f 236/2618/236 220/2617/220 268/2619/268
vt 0.3138509988784790 0.8452870249748230
vt 0.2990289926528931 0.8452870249748230
f 1730/2621/1730 827/2622/827 830/2620/830
f 1229/2620/1229 169/2619/169 985/2621/985
vt 0.3064399957656860 0.8645809888839722
vt 0.2990289926528931 0.8645809888839722
f 702/2623/702 1119/2624/1119 2176/2622/2176
vt 0.3138509988784790 0.8645809888839722
f 462/2621/462 2409/2625/2409 1017/2623/1017
f 752/2622/752 643/2621/643 2997/2623/2997
vt 0.3064399957656860 0.8742269873619080
vt 0.2990289926528931 0.8742269873619080
f 1458/2626/1458 342/2627/342 1496/2624/1496
f 1338/2624/1338 1756/2623/1756 1332/2626/1332
f 1959/2626/1959 2621/2623/2621 1672/2625/1672
vt 0.3286580145359039 0.4294480085372925
f 1550/2628/1550 542/2564/542 1434/2567/1434
vt 0.3286580145359039 0.4096759855747223
f 694/2567/694 2645/2629/2645 2619/2628/2619
vt 0.3286580145359039 0.4479599893093109
f 1695/2630/1695 2685/2568/2685 1979/2564/1979
f 1105/2564/1105 1246/2628/1246 1165/2630/1165
vt 0.3286580145359039 0.4657520055770874
f 2210/2631/2210 1746/2570/1746 927/2568/927
f 1087/2568/1087 689/2630/689 56/2631/56
vt 0.3286580145359039 0.4828920066356659
f 736/2632/736 2966/2572/2966 542/2570/542
f 2454/2570/2454 489/2631/489 492/2632/492
vt 0.3286580145359039 0.4988139867782593
f 2390/2633/2390 1337/2574/1337 1198/2572/1198
f 187/2572/187 2526/2632/2526 241/2633/241
vt 0.3286580145359039 0.5147370100021362
f 221/2634/221 269/2576/269 2877/2574/2877
f 1339/2574/1339 2002/2633/2002 2003/2634/2003
vt 0.3286580145359039 0.5306599736213684
f 125/2635/125 2936/2578/2936 1049/2576/1049
f 1829/2576/1829 2882/2634/2882 499/2635/499
vt 0.3286580145359039 0.5458350181579590
f 3025/2636/3025 3046/2580/3046 3017/2578/3017
f 1383/2578/1383 1458/2635/1458 1496/2636/1496
vt 0.3286580145359039 0.5621359944343567
f 611/2637/611 98/2582/98 1841/2580/1841
f 1688/2580/1688 537/2636/537 716/2637/716
vt 0.3286580145359039 0.5766620039939880
f 2578/2638/2578 2218/2584/2218 1516/2582/1516
f 2416/2582/2416 2880/2637/2880 2465/2638/2465
vt 0.3286580145359039 0.5909619927406311
f 422/2639/422 410/2586/410 938/2584/938
f 2506/2584/2506 1085/2638/1085 1388/2639/1388
vt 0.3286580145359039 0.6050850152969360
f 1714/2640/1714 1801/2588/1801 2647/2586/2647
f 23/2586/23 41/2639/41 3067/2640/3067
vt 0.3286580145359039 0.6190789937973022
f 418/2641/418 1209/2590/1209 1914/2588/1914
f 1631/2588/1631 2555/2640/2555 2727/2641/2727
vt 0.3286580145359039 0.6329879760742188
f 821/2642/821 1735/2592/1735 80/2590/80
f 3014/2590/3014 532/2641/532 28/2642/28
vt 0.3286580145359039 0.6468589901924133
f 3058/2643/3058 3060/2594/3060 3033/2592/3033
f 900/2592/900 1980/2642/1980 895/2643/895
vt 0.3286580145359039 0.6607329845428467
f 2767/2644/2767 638/2596/638 87/2594/87
f 1472/2594/1472 1513/2643/1513 790/2644/790
vt 0.3286580145359039 0.6746550202369690
f 2533/2645/2533 2581/2598/2581 786/2596/786
f 652/2596/652 1423/2644/1423 1561/2645/1561
vt 0.3286580145359039 0.6886699795722961
f 3050/2646/3050 3027/2600/3027 9/2598/9
f 416/2598/416 680/2645/680 1186/2646/1186
vt 0.3286580145359039 0.7028220295906067
f 379/2647/379 1474/2602/1474 1394/2600/1394
f 2908/2600/2908 941/2646/941 229/2647/229
vt 0.3286580145359039 0.7171589732170105
f 1720/2648/1720 1643/2604/1643 805/2602/805
f 710/2602/710 1696/2647/1696 57/2648/57
vt 0.3286580145359039 0.7317299842834473
f 59/2649/59 1720/2606/1720 2654/2604/2654
f 444/2604/444 2844/2648/2844 2913/2649/2913
vt 0.3286580145359039 0.7465869784355164
f 2386/2650/2386 2844/2608/2844 276/2606/276
f 803/2606/803 2729/2649/2729 2692/2650/2692
vt 0.3286580145359039 0.7773910164833069
vt 0.3212539851665497 0.7773910164833069
vt 0.3212539851665497 0.7695900201797485
f 864/2651/864 908/2652/908 2072/2653/2072
vt 0.3286580145359039 0.7695900201797485
f 2270/2653/2270 325/2654/325 2105/2651/2105
f 1417/2652/1417 1555/2613/1555 572/2612/572
f 2559/2612/2559 2288/2653/2288 2663/2652/2663
f 1138/2653/1138 2593/2612/2593 2592/2610/2592
vt 0.3212539851665497 0.7617880105972290
f 1918/2610/1918 1772/2655/1772 1313/2653/1313
f 2975/2654/2975 1816/2653/1816 989/2655/989
vt 0.3286580145359039 0.7934659719467163
f 2115/2652/2115 289/2651/289 488/2656/488
f 1083/2615/1083 299/2613/299 2268/2652/2268
f 258/2656/258 2889/2615/2889 248/2652/248
vt 0.3286580145359039 0.8100829720497131
f 137/2657/137 1859/2617/1859 1823/2615/1823
f 1525/2615/1525 2110/2656/2110 2581/2657/2581
vt 0.3286580145359039 0.8273270130157471
f 1716/2658/1716 863/2619/863 1656/2617/1656
f 1063/2617/1063 1704/2657/1704 55/2658/55
vt 0.3286580145359039 0.8452870249748230
f 1146/2659/1146 1233/2621/1233 2211/2619/2211
f 835/2619/835 53/2658/53 49/2659/49
vt 0.3212539851665497 0.8645809888839722
f 2528/2660/2528 2137/2625/2137 356/2621/356
vt 0.3286580145359039 0.8645809888839722
f 2865/2659/2865 453/2661/453 1482/2660/1482
f 1531/2621/1531 1482/2659/1482 2527/2660/2527
vt 0.3434509932994843 0.4294480085372925
f 1471/2662/1471 2537/2628/2537 2155/2629/2155
vt 0.3434509932994843 0.4096759855747223
f 952/2629/952 502/2663/502 2892/2662/2892
vt 0.3434509932994843 0.4479599893093109
f 945/2664/945 1899/2630/1899 406/2628/406
f 952/2628/952 395/2662/395 932/2664/932
vt 0.3434509932994843 0.4657520055770874
f 1980/2665/1980 893/2631/893 895/2630/895
f 3035/2630/3035 2156/2664/2156 3060/2665/3060
vt 0.3434509932994843 0.4828920066356659
f 2067/2666/2067 1685/2632/1685 840/2631/840
f 12/2631/12 3046/2665/3046 4/2666/4
vt 0.3434509932994843 0.4988139867782593
f 1832/2667/1832 1831/2633/1831 1046/2632/1046
f 327/2632/327 1668/2666/1668 2075/2667/2075
vt 0.3434509932994843 0.5147370100021362
f 858/2668/858 1651/2634/1651 1956/2633/1956
f 1038/2633/1038 1052/2667/1052 1834/2668/1834
vt 0.3434509932994843 0.5306599736213684
f 269/2669/269 2940/2635/2940 1834/2634/1834
f 170/2634/170 1825/2668/1825 2928/2669/2928
vt 0.3434509932994843 0.5458350181579590
f 2032/2670/2032 434/2636/434 1345/2635/1345
f 2180/2635/2180 2681/2669/2681 2189/2670/2189
vt 0.3434509932994843 0.5621359944343567
f 1216/2671/1216 966/2637/966 1180/2636/1180
f 115/2636/115 2763/2670/2763 562/2671/562
vt 0.3434509932994843 0.5766620039939880
f 480/2672/480 2353/2638/2353 201/2637/201
f 3024/2637/3024 34/2671/34 3006/2672/3006
vt 0.3434509932994843 0.5909619927406311
f 1548/2673/1548 1412/2639/1412 1407/2638/1407
f 1729/2638/1729 1700/2672/1700 683/2673/683
vt 0.3434509932994843 0.6050850152969360
f 2129/2674/2129 2152/2640/2152 2271/2639/2271
f 2317/2639/2317 1777/2673/1777 2346/2674/2346
vt 0.3434509932994843 0.6190789937973022
f 1226/2675/1226 2799/2641/2799 1208/2640/1208
f 698/2640/698 1712/2674/1712 2630/2675/2630
vt 0.3434509932994843 0.6329879760742188
f 1478/2676/1478 2145/2642/2145 2148/2641/2148
f 1327/2641/1327 1990/2675/1990 1582/2676/1582
vt 0.3434509932994843 0.6468589901924133
f 1010/2677/1010 1862/2643/1862 988/2642/988
f 1496/2642/1496 1494/2676/1494 2168/2677/2168
vt 0.3434509932994843 0.6607329845428467
f 454/2678/454 2356/2644/2356 2859/2643/2859
f 2310/2643/2310 345/2677/345 1300/2678/1300
vt 0.3434509932994843 0.6746550202369690
f 721/2679/721 856/2645/856 800/2644/800
f 140/2644/140 508/2678/508 983/2679/983
vt 0.3434509932994843 0.6886699795722961
f 1632/2680/1632 333/2646/333 2549/2645/2549
f 1070/2645/1070 2300/2679/2300 2261/2680/2261
vt 0.3434509932994843 0.7028220295906067
f 1324/2681/1324 1553/2647/1553 548/2646/548
f 1954/2646/1954 2056/2680/2056 838/2681/838
vt 0.3434509932994843 0.7171589732170105
f 156/2682/156 704/2648/704 1559/2647/1559
f 3054/2647/3054 1255/2681/1255 3039/2682/3039
vt 0.3434509932994843 0.7317299842834473
f 2546/2683/2546 1158/2649/1158 374/2648/374
f 2301/2648/2301 1795/2682/1795 2107/2683/2107
vt 0.3360550105571747 0.7465869784355164
f 76/2684/76 1954/2650/1954 1955/2649/1955
vt 0.3434509932994843 0.7465869784355164
f 1943/2683/1943 2659/2685/2659 2728/2684/2728
f 369/2649/369 1524/2683/1524 1475/2684/1475
vt 0.3434509932994843 0.8100829720497131
f 1260/2686/1260 2206/2657/2206 2728/2656/2728
vt 0.3434509932994843 0.7934659719467163
f 1363/2656/1363 1288/2687/1288 2879/2686/2879
vt 0.3434509932994843 0.8273270130157471
f 274/2688/274 1489/2658/1489 2398/2657/2398
f 914/2657/914 307/2686/307 1731/2688/1731
vt 0.3434509932994843 0.8452870249748230
f 2509/2689/2509 1443/2659/1443 1267/2658/1267
f 2957/2658/2957 511/2688/511 1026/2689/1026
vt 0.3582449853420258 0.4294480085372925
f 524/2690/524 1862/2662/1862 1861/2663/1861
vt 0.3582449853420258 0.4096759855747223
f 1914/2663/1914 2482/2691/2482 436/2690/436
vt 0.3582449853420258 0.4479599893093109
f 2668/2692/2668 2054/2664/2054 848/2662/848
f 601/2662/601 649/2690/649 815/2692/815
vt 0.3582449853420258 0.4657520055770874
f 1581/2693/1581 1438/2665/1438 1437/2664/1437
f 324/2664/324 2242/2692/2242 285/2693/285
vt 0.3582449853420258 0.4828920066356659
f 2939/2694/2939 1025/2666/1025 741/2665/741
f 509/2665/509 1047/2693/1047 120/2694/120
vt 0.3582449853420258 0.4988139867782593
f 783/2695/783 2707/2667/2707 2218/2666/2218
f 2759/2666/2759 2755/2694/2755 667/2695/667
vt 0.3582449853420258 0.5147370100021362
f 864/2696/864 862/2668/862 908/2667/908
f 20/2667/20 3044/2695/3044 3032/2696/3032
vt 0.3582449853420258 0.5306599736213684
f 1402/2697/1402 1386/2669/1386 1360/2668/1360
f 1289/2668/1289 768/2696/768 1367/2697/1367
vt 0.3582449853420258 0.5458350181579590
f 2514/2698/2514 1100/2670/1100 1118/2669/1118
f 1108/2669/1108 1601/2697/1601 1273/2698/1273
vt 0.3582449853420258 0.5621359944343567
f 250/2699/250 2842/2671/2842 191/2670/191
f 186/2670/186 232/2698/232 2775/2699/2775
vt 0.3582449853420258 0.5766620039939880
f 2311/2700/2311 48/2672/48 2634/2671/2634
f 446/2671/446 2443/2699/2443 2389/2700/2389
vt 0.3582449853420258 0.5909619927406311
f 2060/2701/2060 2042/2673/2042 2252/2672/2252
f 2275/2672/2275 1260/2700/1260 1451/2701/1451
vt 0.3582449853420258 0.6050850152969360
f 711/2702/711 1985/2674/1985 689/2673/689
f 1304/2673/1304 1613/2701/1613 1630/2702/1630
vt 0.3582449853420258 0.6190789937973022
f 1842/2703/1842 2941/2675/2941 1032/2674/1032
f 1217/2674/1217 2776/2702/2776 1218/2703/1218
vt 0.3582449853420258 0.6329879760742188
f 2748/2704/2748 620/2676/620 724/2675/724
f 11/2675/11 3066/2703/3066 2605/2704/2605
vt 0.3582449853420258 0.6468589901924133
f 690/2705/690 1276/2677/1276 339/2676/339
f 1509/2676/1509 1479/2704/1479 1380/2705/1380
vt 0.3582449853420258 0.6607329845428467
f 1331/2706/1331 1332/2678/1332 1900/2677/1900
f 2053/2677/2053 1066/2705/1066 2098/2706/2098
vt 0.3582449853420258 0.6746550202369690
f 2342/2707/2342 1074/2679/1074 1809/2678/1809
f 520/2678/520 497/2706/497 2967/2707/2967
vt 0.3582449853420258 0.6886699795722961
f 2395/2708/2395 226/2680/226 482/2679/482
f 1162/2679/1162 681/2707/681 1375/2708/1375
vt 0.3582449853420258 0.7028220295906067
f 2424/2709/2424 1203/2681/1203 949/2680/949
f 2561/2680/2561 1101/2708/1101 2560/2709/2560
vt 0.3582449853420258 0.7171589732170105
f 1151/2710/1151 1101/2682/1101 2215/2681/2215
f 792/2681/792 2222/2709/2222 1518/2710/1518
vt 0.3582449853420258 0.7317299842834473
f 504/2711/504 753/2683/753 2988/2682/2988
f 665/2682/665 227/2710/227 2801/2711/2801
vt 0.3508479893207550 0.7465869784355164
f 1539/2712/1539 1482/2685/1482 2133/2683/2133
vt 0.3582449853420258 0.7465869784355164
f 2961/2711/2961 731/2713/731 1021/2712/1021
f 2228/2683/2228 1618/2711/1618 1484/2712/1484
vt 0.3582449853420258 0.8100829720497131
f 277/2714/277 1353/2686/1353 2820/2687/2820
vt 0.3582449853420258 0.7934659719467163
f 379/2687/379 1300/2715/1300 2605/2714/2605
vt 0.3582449853420258 0.8273270130157471
f 3005/2716/3005 2601/2688/2601 3045/2686/3045
f 2721/2686/2721 2037/2714/2037 851/2716/851
vt 0.3508479893207550 0.8452870249748230
f 594/2717/594 2253/2689/2253 2990/2688/2990
vt 0.3582449853420258 0.8452870249748230
f 1503/2716/1503 1473/2718/1473 372/2717/372
f 1346/2688/1346 419/2716/419 953/2717/953
vt 0.3508479893207550 0.8549339771270752
vt 0.3434509932994843 0.8549339771270752
f 2441/2719/2441 2429/2720/2429 2912/2689/2912
f 2573/2689/2573 795/2717/795 1168/2719/1168
vt 0.3582449853420258 0.8549339771270752
f 2768/2721/2768 158/2719/158 660/2717/660
f 1336/2717/1336 1212/2718/1212 1920/2721/1920
vt 0.3730379939079285 0.4294480085372925
f 472/2722/472 204/2690/204 216/2691/216
vt 0.3730379939079285 0.4096759855747223
f 2604/2691/2604 3042/2723/3042 19/2722/19
vt 0.3730379939079285 0.4479599893093109
f 891/2724/891 2644/2692/2644 831/2690/831
f 742/2690/742 2985/2722/2985 978/2724/978
vt 0.3730379939079285 0.4657520055770874
f 553/2725/553 1773/2693/1773 2754/2692/2754
f 2651/2692/2651 2325/2724/2325 2046/2725/2046
vt 0.3730379939079285 0.4828920066356659
f 1247/2726/1247 1122/2694/1122 1153/2693/1153
f 2228/2693/2228 1484/2725/1484 2071/2726/2071
vt 0.3730379939079285 0.4988139867782593
f 419/2727/419 414/2695/414 953/2694/953
f 961/2694/961 1338/2726/1338 1871/2727/1871
vt 0.3730379939079285 0.5147370100021362
f 1402/2728/1402 1238/2696/1238 1603/2695/1603
f 795/2695/795 1523/2727/1523 1601/2728/1601
vt 0.3730379939079285 0.5306599736213684
f 3054/2729/3054 1466/2697/1466 1387/2696/1387
f 379/2696/379 1397/2728/1397 1519/2729/1519
vt 0.3730379939079285 0.5458350181579590
f 1256/2730/1256 2161/2698/2161 1131/2697/1131
f 298/2697/298 2283/2729/2283 1069/2730/1069
vt 0.3730379939079285 0.5621359944343567
f 1552/2731/1552 517/2699/517 733/2698/733
f 1117/2698/1117 2591/2730/2591 1152/2731/1152
vt 0.3730379939079285 0.5766620039939880
f 2988/2732/2988 1571/2700/1571 1572/2699/1572
f 873/2699/873 2253/2731/2253 596/2732/596
vt 0.3730379939079285 0.5909619927406311
f 1009/2733/1009 1053/2701/1053 1055/2700/1055
f 722/2700/722 1690/2732/1690 1982/2733/1982
vt 0.3730379939079285 0.6050850152969360
f 1365/2734/1365 338/2702/338 2166/2701/2166
f 1292/2701/1292 1399/2733/1399 1616/2734/1616
vt 0.3730379939079285 0.6190789937973022
f 1997/2735/1997 766/2703/766 1311/2702/1311
f 138/2702/138 99/2734/99 1817/2735/1817
vt 0.3730379939079285 0.6329879760742188
f 2554/2736/2554 1132/2704/1132 1115/2703/1115
f 329/2703/329 2051/2735/2051 296/2736/296
vt 0.3730379939079285 0.6468589901924133
f 216/2737/216 204/2705/204 256/2704/256
f 1413/2704/1413 2965/2736/2965 2968/2737/2968
vt 0.3730379939079285 0.6607329845428467
f 2777/2738/2777 915/2706/915 937/2705/937
f 2400/2705/2400 2406/2737/2406 2828/2738/2828
vt 0.3730379939079285 0.6746550202369690
f 1030/2739/1030 447/2707/447 2850/2706/2850
f 2712/2706/2712 793/2738/793 2134/2739/2134
vt 0.3730379939079285 0.6886699795722961
f 2885/2740/2885 2792/2708/2792 2850/2707/2850
f 2226/2707/2226 2197/2739/2197 2595/2740/2595
vt 0.3730379939079285 0.7028220295906067
f 1431/2741/1431 546/2709/546 2763/2708/2763
f 113/2708/113 980/2740/980 981/2741/981
vt 0.3730379939079285 0.7171589732170105
f 422/2742/422 1242/2710/1242 1127/2709/1127
f 296/2709/296 2051/2741/2051 2052/2742/2052
vt 0.3730379939079285 0.7317299842834473
f 2297/2743/2297 1799/2711/1799 2309/2710/2309
f 2983/2710/2983 1018/2742/1018 748/2743/748
vt 0.3730379939079285 0.7465869784355164
f 2568/2744/2568 2567/2713/2567 1156/2711/1156
f 2046/2711/2046 2171/2743/2171 1666/2744/1666
vt 0.3582449853420258 0.7541869878768921
f 1813/2745/1813 2960/2713/2960 761/2744/761
vt 0.3730379939079285 0.7617880105972290
vt 0.3582449853420258 0.7617880105972290
f 2980/2746/2980 201/2747/201 1042/2745/1042
f 1349/2744/1349 1750/2746/1750 1892/2745/1892
vt 0.3582449853420258 0.7695900201797485
f 1115/2748/1115 2705/2747/2705 2706/2746/2706
vt 0.3730379939079285 0.7773910164833069
vt 0.3582449853420258 0.7773910164833069
f 1481/2749/1481 1364/2750/1364 1392/2748/1392
f 3002/2746/3002 523/2749/523 734/2748/734
vt 0.3730379939079285 0.7934659719467163
f 2943/2751/2943 2976/2715/2976 2378/2750/2378
f 2582/2750/2582 2563/2749/2563 2701/2751/2701
vt 0.3730379939079285 0.8100829720497131
f 1609/2752/1609 1290/2714/1290 2549/2715/2549
f 1303/2715/1303 55/2751/55 1124/2752/1124
vt 0.3730379939079285 0.8273270130157471
f 3051/2753/3051 1632/2716/1632 1290/2714/1290
f 904/2714/904 2266/2752/2266 1955/2753/1955
vt 0.3656420111656189 0.8452870249748230
f 2837/2754/2837 2811/2718/2811 442/2716/442
vt 0.3730379939079285 0.8452870249748230
f 2730/2753/2730 2731/2755/2731 794/2754/794
f 1231/2716/1231 1101/2753/1101 2165/2754/2165
vt 0.3656420111656189 0.8549339771270752
f 1394/2756/1394 782/2721/782 1397/2718/1397
f 2274/2718/2274 91/2754/91 1685/2756/1685
vt 0.3730379939079285 0.8549339771270752
f 1711/2757/1711 2274/2756/2274 2276/2754/2276
f 2532/2754/2532 1403/2755/1403 1448/2757/1448
vt 0.3878319859504700 0.4294480085372925
f 2117/2758/2117 2111/2722/2111 2070/2723/2070
vt 0.3878319859504700 0.4096759855747223
f 1683/2723/1683 95/2759/95 712/2758/712
vt 0.3878319859504700 0.4479599893093109
f 2675/2760/2675 2925/2724/2925 32/2722/32
f 95/2722/95 1983/2758/1983 1693/2760/1693
vt 0.3878319859504700 0.4657520055770874
f 382/2761/382 969/2725/969 1210/2724/1210
f 2142/2724/2142 2539/2760/2539 2138/2761/2138
vt 0.3878319859504700 0.4828920066356659
f 1167/2762/1167 2582/2726/2582 2701/2725/2701
f 2539/2725/2539 1299/2761/1299 1517/2762/1517
vt 0.3878319859504700 0.4988139867782593
f 2385/2763/2385 206/2727/206 516/2726/516
f 2603/2726/2603 3044/2762/3044 2924/2763/2924
vt 0.3878319859504700 0.5147370100021362
f 1092/2764/1092 2324/2728/2324 2103/2727/2103
f 1401/2727/1401 1607/2763/1607 1277/2764/1277
vt 0.3878319859504700 0.5306599736213684
f 1237/2765/1237 2133/2729/2133 1116/2728/1116
f 1009/2728/1009 1055/2764/1055 1027/2765/1027
vt 0.3878319859504700 0.5458350181579590
f 1330/2766/1330 1192/2730/1192 412/2729/412
f 2003/2729/2003 2002/2765/2002 1751/2766/1751
vt 0.3878319859504700 0.5621359944343567
f 2020/2767/2020 953/2731/953 931/2730/931
f 1612/2730/1612 362/2766/362 1282/2767/1282
vt 0.3878319859504700 0.5766620039939880
f 1532/2768/1532 2684/2732/2684 2121/2731/2121
f 2437/2731/2437 1313/2767/1313 1772/2768/1772
vt 0.3878319859504700 0.5909619927406311
f 752/2769/752 2997/2733/2997 575/2732/575
f 2293/2732/2293 2245/2768/2245 80/2769/80
vt 0.3878319859504700 0.6050850152969360
f 203/2770/203 967/2734/967 922/2733/922
f 934/2733/934 396/2769/396 1199/2770/1199
vt 0.3878319859504700 0.6190789937973022
f 458/2771/458 1200/2735/1200 1199/2734/1199
f 458/2734/458 467/2770/467 259/2771/259
vt 0.3878319859504700 0.6329879760742188
f 2491/2772/2491 182/2736/182 2861/2735/2861
f 918/2735/918 1113/2771/1113 1459/2772/1459
vt 0.3878319859504700 0.6468589901924133
f 1875/2773/1875 1354/2737/1354 2012/2736/2012
f 917/2736/917 1885/2772/1885 429/2773/429
vt 0.3878319859504700 0.6607329845428467
f 1671/2774/1671 1949/2738/1949 1958/2737/1958
f 1048/2737/1048 2990/2773/2990 1838/2774/1838
vt 0.3878319859504700 0.6746550202369690
f 1152/2775/1152 350/2739/350 2541/2738/2541
f 2803/2738/2803 958/2774/958 380/2775/380
vt 0.3878319859504700 0.6886699795722961
f 1091/2776/1091 2324/2740/2324 1092/2739/1092
f 2553/2739/2553 249/2775/249 2523/2776/2523
vt 0.3878319859504700 0.7028220295906067
f 2424/2777/2424 2874/2741/2874 2476/2740/2476
f 1975/2740/1975 834/2776/834 827/2777/827
vt 0.3878319859504700 0.7171589732170105
f 1087/2778/1087 56/2742/56 2649/2741/2649
f 2316/2741/2316 2283/2777/2283 2096/2778/2096
vt 0.3878319859504700 0.7317299842834473
f 42/2779/42 3021/2743/3021 6/2742/6
f 2881/2742/2881 970/2778/970 2360/2779/2360
vt 0.3878319859504700 0.7465869784355164
f 1465/2780/1465 2219/2744/2219 1387/2743/1387
f 1755/2743/1755 2405/2779/2405 1988/2780/1988
vt 0.3878319859504700 0.7617880105972290
f 2442/2781/2442 2362/2746/2362 244/2744/244
f 898/2744/898 87/2780/87 1722/2781/1722
vt 0.3878319859504700 0.7773910164833069
f 445/2782/445 223/2749/223 237/2746/237
f 503/2746/503 124/2781/124 979/2782/979
vt 0.3878319859504700 0.7934659719467163
f 547/2783/547 2741/2751/2741 605/2749/605
f 588/2749/588 1305/2782/1305 2467/2783/2467
vt 0.3878319859504700 0.8100829720497131
f 547/2784/547 2748/2752/2748 579/2751/579
f 1896/2751/1896 1742/2783/1742 2373/2784/2373
vt 0.3878319859504700 0.8273270130157471
f 2866/2785/2866 2474/2753/2474 2457/2752/2457
f 2470/2752/2470 2371/2784/2371 2425/2785/2425
vt 0.3804349899291992 0.8452870249748230
f 1642/2786/1642 342/2755/342 2508/2753/2508
vt 0.3878319859504700 0.8452870249748230
f 1682/2785/1682 849/2787/849 863/2786/863
f 349/2753/349 1631/2785/1631 1301/2786/1301
vt 0.3804349899291992 0.8549339771270752
f 1424/2788/1424 2949/2757/2949 1568/2755/1568
f 709/2755/709 1698/2786/1698 2650/2788/2650
vt 0.3878319859504700 0.8549339771270752
f 758/2789/758 1865/2788/1865 2986/2786/2986
f 2866/2786/2866 2843/2787/2843 2474/2789/2474
vt 0.2915720045566559 0.3892250061035156
vt 0.2841689884662628 0.4064520001411438
vt 0.2841689884662628 0.3892250061035156
f 2358/2790/2358 2474/2791/2474 2890/2792/2890
vt 0.2841689884662628 0.4387220144271851
vt 0.2841689884662628 0.4229229986667633
f 1960/2565/1960 1735/2793/1735 821/2794/821
f 1040/2794/1040 1847/2791/1847 168/2566/168
f 1040/2566/1040 1837/2565/1837 992/2794/992
vt 0.2841689884662628 0.4685809910297394
vt 0.2841689884662628 0.4539189934730530
f 1453/2795/1453 2511/2796/2511 2164/2569/2164
f 1950/2569/1950 1661/2571/1661 77/2795/77
vt 0.2841689884662628 0.4965189993381500
vt 0.2841689884662628 0.4827629923820496
f 1103/2797/1103 1153/2798/1153 2586/2573/2586
f 2552/2573/2552 481/2575/481 426/2797/426
f 1689/2798/1689 767/2795/767 2704/2571/2704
f 89/2571/89 1665/2573/1665 1240/2798/1240
f 14/2796/14 2923/2793/2923 37/2569/37
vt 0.2989760041236877 0.3892250061035156
f 2595/2566/2595 2197/2790/2197 2696/2799/2696
vt 0.3063789904117584 0.3892250061035156
f 523/2566/523 143/2799/143 2456/2800/2456
f 1741/2793/1741 1901/2565/1901 1897/2569/1897
vt 0.2841689884662628 0.5098959803581238
vt 0.2841689884662628 0.5229359865188599
f 611/2801/611 1031/2577/1031 98/2802/98
vt 0.2841689884662628 0.5481619834899902
vt 0.2841689884662628 0.5356789827346802
f 1702/2803/1702 1725/2804/1725 92/2579/92
f 831/2579/831 1938/2581/1938 299/2803/299
f 2815/2804/2815 2030/2802/2030 2387/2579/2387
f 3033/2801/3033 10/2797/10 3059/2575/3059
f 2724/2575/2724 769/2577/769 788/2801/788
f 1967/2791/1967 142/2790/142 1181/2566/1181
vt 0.2841689884662628 0.5604180097579956
f 137/2805/137 138/2803/138 490/2581/490
f 1247/2581/1247 1142/2583/1142 1122/2805/1122
vt 0.2841689884662628 0.5724790096282959
vt 0.2841689884662628 0.5843750238418579
f 2183/2806/2183 1656/2585/1656 2725/2807/2725
f 2554/2806/2554 2550/2805/2550 1132/2583/1132
f 1787/2583/1787 312/2585/312 1085/2806/1085
vt 0.2841689884662628 0.6077849864959717
vt 0.2841689884662628 0.5961350202560425
f 1827/2808/1827 149/2809/149 2742/2587/2742
f 2507/2587/2507 2598/2589/2598 1602/2808/1602
vt 0.2841689884662628 0.6308609843254089
vt 0.2841689884662628 0.6193519830703735
f 90/2810/90 2619/2811/2619 1723/2591/1723
f 225/2591/225 260/2593/260 2461/2810/2461
f 2607/2811/2607 17/2808/17 3/2589/3
f 327/2589/327 2074/2591/2074 308/2811/308
f 1630/2587/1630 2514/2809/2514 1118/2807/1118
vt 0.2841689884662628 0.6423370242118835
vt 0.2841689884662628 0.6538040041923523
f 725/2812/725 682/2595/682 2611/2813/2611
vt 0.2841689884662628 0.6768130064010620
vt 0.2841689884662628 0.6652879714965820
f 2918/2814/2918 467/2815/467 2398/2597/2398
f 2856/2597/2856 187/2599/187 2476/2814/2476
f 2722/2597/2722 2583/2815/2583 2182/2813/2182
vt 0.2841689884662628 0.7000870108604431
vt 0.2841689884662628 0.6884049773216248
f 1554/2816/1554 2204/2817/2204 1747/2601/1747
f 1385/2601/1385 1512/2603/1512 1464/2816/1464
vt 0.2841689884662628 0.7120710015296936
vt 0.2841689884662628 0.7242050170898438
f 1584/2818/1584 549/2605/549 1562/2819/1562
vt 0.2841689884662628 0.7365189790725708
f 1930/2819/1930 1541/2607/1541 1990/2820/1990
f 2921/2818/2921 749/2816/749 3019/2603/3019
f 2817/2603/2817 392/2605/392 390/2818/390
f 2651/2817/2651 820/2814/820 2321/2599/2321
f 1229/2599/1229 1179/2601/1179 2008/2817/2008
f 2600/2812/2600 1264/2810/1264 1610/2593/1610
f 1542/2593/1542 1882/2595/1882 2024/2812/2024
f 2223/2567/2223 1446/2566/1446 1618/2800/1618
vt 0.3137829899787903 0.3892250061035156
f 759/2800/759 245/2821/245 2964/2567/2964
f 2158/2802/2158 1601/2577/1601 1523/2579/1523
vt 0.3211869895458221 0.3892250061035156
vt 0.3285900056362152 0.3892250061035156
f 1604/2629/1604 2516/2822/2516 1454/2823/1454
vt 0.3359940052032471 0.3892250061035156
vt 0.3433969914913177 0.3892250061035156
f 2210/2663/2210 927/2824/927 2169/2825/2169
f 50/2629/50 2611/2823/2611 682/2824/682
f 505/2629/505 1564/2567/1564 1565/2822/1565
f 551/2824/551 2999/2663/2999 1542/2629/1542
vt 0.3508009910583496 0.3892250061035156
f 1328/2825/1328 1755/2826/1755 1902/2663/1902
f 1694/2821/1694 2966/2822/2966 283/2567/283
f 741/2807/741 1025/2585/1025 981/2587/981
f 1709/2813/1709 907/2595/907 812/2597/812
vt 0.2841689884662628 0.7490469813346863
f 1999/2607/1999 1757/2609/1757 1224/2827/1224
f 2657/2827/2657 2576/2820/2576 1077/2607/1077
f 2768/2608/2768 660/2650/660 606/2655/606
f 1321/2655/1321 2486/2610/2486 1759/2608/1759
vt 0.3364929854869843 0.7516409754753113
f 2675/2828/2675 32/2650/32 526/2684/526
f 2768/2819/2768 568/2605/568 1581/2607/1581
vt 0.2841689884662628 0.7618219852447510
f 1820/2829/1820 2399/2827/2399 100/2609/100
f 2099/2609/2099 290/2611/290 2245/2829/2245
vt 0.2841689884662628 0.7882599830627441
vt 0.2841689884662628 0.7748799920082092
f 345/2830/345 1626/2831/1626 1298/2614/1298
f 2916/2614/2916 2431/2616/2431 1002/2830/1002
f 1755/2831/1755 2414/2829/2414 2829/2611/2829
f 2577/2611/2577 1107/2614/1107 2231/2831/2231
vt 0.2841689884662628 0.8161649703979492
vt 0.2841689884662628 0.8020060062408447
f 2511/2618/2511 2679/2832/2679 2164/2833/2164
vt 0.2841689884662628 0.8459320068359375
vt 0.2841689884662628 0.8307880163192749
f 2220/2834/2220 1249/2835/1249 1120/2620/1120
f 1249/2620/1249 2217/2622/2217 2182/2834/2182
f 1442/2835/1442 1302/2832/1302 1389/2618/1389
f 2655/2618/2655 1132/2620/1132 335/2835/335
f 1442/2833/1442 2151/2830/2151 333/2616/333
f 2108/2833/2108 1092/2616/1092 1089/2618/1089
vt 0.2841689884662628 0.8616610169410706
f 1038/2836/1038 450/2834/450 127/2622/127
f 690/2622/690 339/2624/339 72/2836/72
vt 0.2841689884662628 0.8780459761619568
f 1175/2837/1175 2592/2836/2592 944/2624/944
f 1206/2624/1206 942/2627/942 381/2837/381
vt 0.2974739968776703 0.8853579759597778
f 2813/2838/2813 2783/2837/2783 2814/2627/2814
vt 0.2940259873867035 0.8876780271530151
f 1349/2839/1349 1989/2837/1989 1750/2838/1750
vt 0.2873739898204803 0.8925849795341492
vt 0.2841689884662628 0.8951690196990967
f 1293/2837/1293 2518/2840/2518 1299/2841/1299
vt 0.2906599938869476 0.8900870084762573
f 2162/2837/2162 2686/2839/2686 2164/2842/2164
f 1992/2842/1992 1191/2840/1191 1192/2837/1192
vt 0.3046149909496307 0.8809840083122253
f 951/2843/951 936/2627/936 1309/2626/1309
vt 0.3120779991149902 0.8769630193710327
f 1146/2844/1146 2712/2626/2712 1145/2625/1145
vt 0.3190810084342957 0.8736349940299988
f 2126/2625/2126 1441/2660/1441 1458/2845/1458
vt 0.3155489861965179 0.8752629756927490
f 2207/2845/2207 2195/2846/2195 2233/2625/2233
vt 0.3010039925575256 0.8831260204315186
f 504/2627/504 514/2843/514 1405/2847/1405
vt 0.3083060085773468 0.8789299726486206
f 2856/2626/2856 457/2844/457 2412/2848/2412
f 946/2625/946 945/2846/945 406/2844/406
f 993/2848/993 1938/2843/1938 1561/2626/1561
f 1175/2838/1175 945/2627/945 1149/2847/1149
vt 0.3297260105609894 0.7663310170173645
vt 0.3295190036296844 0.7640979886054993
f 3021/2849/3021 3047/2654/3047 35/2850/35
vt 0.3304199874401093 0.7592250108718872
vt 0.3327740132808685 0.7549419999122620
f 2399/2851/2399 2446/2650/2446 2845/2852/2845
f 581/2850/581 1433/2650/1433 1406/2851/1406
vt 0.3310390114784241 0.7702729701995850
f 2256/2853/2256 291/2654/291 2621/2849/2621
f 353/2654/353 2533/2655/2533 786/2650/786
f 950/2651/950 1878/2654/1878 925/2853/925
vt 0.3333069980144501 0.7735189795494080
f 2722/2854/2722 2182/2651/2182 777/2853/777
f 2237/2650/2237 768/2850/768 1289/2654/1289
vt 0.3456859886646271 0.7499480247497559
vt 0.3410950005054474 0.7499740123748779
f 1072/2855/1072 682/2856/682 1811/2685/1811
f 2382/2684/2382 445/2856/445 253/2828/253
vt 0.3496769964694977 0.7514160275459290
f 1433/2857/1433 663/2855/663 1562/2712/1562
f 2644/2685/2644 60/2712/60 2745/2855/2745
f 2211/2651/2211 1233/2750/1233 1607/2687/1607
vt 0.3455159962177277 0.7761809825897217
vt 0.3499549925327301 0.7737349867820740
f 2848/2858/2848 2878/2859/2878 2464/2750/2464
f 2291/2650/2291 1780/2828/1780 1268/2852/1268
vt 0.3365690112113953 0.7758640050888062
f 528/2651/528 3013/2854/3013 2674/2860/2674
f 425/2659/425 939/2720/939 943/2661/943
vt 0.3263260126113892 0.8706020116806030
vt 0.3226729929447174 0.8720809817314148
f 368/2861/368 1467/2862/1467 2155/2660/2155
vt 0.3300400078296661 0.8691959977149963
f 1898/2861/1898 2782/2661/2782 1927/2863/1927
vt 0.3338150084018707 0.8678650259971619
f 1332/2661/1332 1756/2864/1756 1900/2863/1900
f 1527/2861/1527 1363/2660/1363 2879/2661/2879
vt 0.3408060073852539 0.7768499851226807
f 2488/2860/2488 1014/2865/1014 1925/2651/1925
f 2040/2845/2040 2662/2660/2662 2282/2862/2282
f 348/2750/348 357/2651/357 1139/2865/1139
f 806/2659/806 2087/2689/2087 1941/2720/1941
vt 0.3488479852676392 0.8634470105171204
f 1402/2719/1402 1360/2866/1360 1460/2720/1460
vt 0.3376510143280029 0.8666080236434937
f 3028/2661/3028 3041/2720/3041 3029/2867/3029
f 226/2867/226 2353/2864/2353 231/2661/231
vt 0.3452579975128174 0.8643810153007507
vt 0.3415479958057404 0.8654249906539917
f 33/2720/33 2083/2868/2083 2602/2869/2602
f 377/2720/377 1502/2866/1502 1602/2868/1602
f 1066/2869/1066 2246/2867/2246 1065/2720/1065
f 1536/2656/1536 1371/2651/1371 1487/2687/1487
f 2298/2750/2298 2296/2865/2296 2117/2858/2117
vt 0.3526470065116882 0.7540180087089539
f 660/2712/660 2754/2870/2754 606/2857/606
f 203/2684/203 440/2685/440 2459/2856/2459
f 2189/2691/2189 2165/2663/2165 1164/2826/1164
vt 0.3582040071487427 0.3892250061035156
f 3033/2826/3033 2156/2871/2156 1447/2691/1447
vt 0.3656080067157745 0.3892250061035156
f 2476/2691/2476 187/2871/187 241/2872/241
vt 0.3730109930038452 0.3892250061035156
vt 0.3804149925708771 0.3892250061035156
f 66/2723/66 1939/2873/1939 2260/2874/2260
f 801/2723/801 2166/2872/2166 1133/2873/1133
f 1705/2723/1705 820/2691/820 1666/2872/1666
f 1840/2759/1840 2068/2723/2068 1087/2874/1087
vt 0.3878180086612701 0.3892250061035156
f 989/2874/989 486/2875/486 1584/2759/1584
vt 0.3952220082283020 0.3892250061035156
f 2544/2876/2544 2520/2759/2520 2125/2875/2125
vt 0.4026249945163727 0.3984859883785248
vt 0.4026249945163727 0.3892250061035156
f 423/2877/423 233/2876/233 2028/2878/2028
vt 0.4026249945163727 0.4076110124588013
f 1501/2877/1501 1136/2879/1136 2555/2759/2555
vt 0.4026249945163727 0.4166019856929779
f 1251/2879/1251 1103/2880/1103 1254/2759/1254
vt 0.4026249945163727 0.4254640042781830
f 1727/2881/1727 825/2758/825 2647/2880/2647
f 2988/2880/2988 1016/2758/1016 514/2759/514
vt 0.4026249945163727 0.4341970086097717
f 2988/2758/2988 514/2881/514 1016/2882/1016
vt 0.4026249945163727 0.4428060054779053
f 1554/2883/1554 574/2758/574 650/2882/650
f 1901/2877/1901 948/2759/948 1326/2876/1326
vt 0.4026249945163727 0.4596599936485291
f 2945/2760/2945 106/2884/106 1814/2761/1814
vt 0.4026249945163727 0.4919829964637756
f 934/2762/934 1199/2885/1199 1200/2763/1200
vt 0.4026249945163727 0.4760459959506989
f 119/2886/119 2929/2762/2929 230/2761/230
vt 0.4026249945163727 0.5225809812545776
f 244/2764/244 2466/2887/2466 243/2765/243
vt 0.4026249945163727 0.5515909790992737
f 2466/2766/2466 449/2888/449 2418/2767/2418
vt 0.4026249945163727 0.5372769832611084
f 1518/2889/1518 1450/2766/1450 2120/2765/2120
vt 0.4026249945163727 0.5074890255928040
f 1143/2890/1143 2568/2764/2568 1156/2763/1156
vt 0.4026249945163727 0.5857989788055420
f 569/2768/569 2735/2891/2735 14/2769/14
vt 0.4026249945163727 0.6116549968719482
f 1822/2892/1822 1556/2771/1556 2928/2770/2928
vt 0.4026249945163727 0.5988879799842834
f 2435/2770/2435 446/2769/446 395/2893/395
vt 0.4026249945163727 0.5723770260810852
f 2283/2767/2283 106/2894/106 1069/2768/1069
vt 0.4026249945163727 0.6241130232810974
f 1483/2771/1483 370/2895/370 2148/2772/2148
vt 0.4026249945163727 0.6549869775772095
f 3017/2773/3017 12/2896/12 46/2774/46
vt 0.4026249945163727 0.6677049994468689
f 2100/2774/2100 841/2897/841 848/2775/848
vt 0.4026249945163727 0.6424970030784607
f 2854/2898/2854 2438/2773/2438 2901/2772/2901
vt 0.4026249945163727 0.4512929916381836
f 2030/2760/2030 1767/2883/1767 2408/2899/2408
f 3061/2883/3061 35/2760/35 17/2758/17
f 608/2760/608 600/2899/600 1410/2884/1410
vt 0.4026249945163727 0.4679099917411804
f 2983/2900/2983 2834/2886/2834 1018/2761/1018
vt 0.4026249945163727 0.4840689897537231
f 262/2762/262 446/2886/446 2389/2901/2389
vt 0.4026249945163727 0.4997889995574951
f 2022/2885/2022 2426/2902/2426 202/2763/202
vt 0.4026249945163727 0.5150859951972961
f 742/2764/742 2766/2890/2766 2959/2903/2959
f 2395/2885/2395 482/2762/482 1207/2901/1207
f 709/2890/709 892/2763/892 1981/2902/1981
vt 0.4026249945163727 0.5299779772758484
f 1183/2765/1183 475/2887/475 234/2904/234
vt 0.4026249945163727 0.5444800257682800
f 97/2766/97 1805/2889/1805 1166/2905/1166
f 1998/2904/1998 2418/2889/2418 449/2765/449
vt 0.4026249945163727 0.5586090087890625
f 1094/2767/1094 311/2888/311 2347/2906/2347
vt 0.4026249945163727 0.5655369758605957
f 2554/2767/2554 1115/2907/1115 2687/2894/2687
f 866/2907/866 1065/2767/1065 2246/2906/2246
f 2091/2764/2091 2271/2903/2271 2322/2887/2322
f 2043/2900/2043 1777/2761/1777 2267/2884/2267
vt 0.4026249945163727 0.5791310071945190
f 2422/2894/2422 2863/2908/2863 2369/2768/2369
vt 0.4026249945163727 0.5923839807510376
f 790/2891/790 1266/2909/1266 1232/2769/1232
f 2515/2893/2515 1388/2769/1388 2152/2909/2152
vt 0.4026249945163727 0.6053109765052795
f 2021/2770/2021 1876/2910/1876 1748/2892/1748
vt 0.4026249945163727 0.6179220080375671
f 2460/2911/2460 1914/2771/1914 1738/2892/1738
f 2721/2770/2721 777/2893/777 2261/2910/2261
f 839/2771/839 66/2911/66 1728/2895/1728
vt 0.4026249945163727 0.6302289962768555
vt 0.4026249945163727 0.6363360285758972
f 1330/2912/1330 957/2913/957 1328/2772/1328
vt 0.4026249945163727 0.6487140059471130
f 2655/2773/2655 69/2898/69 1132/2914/1132
f 74/2912/74 1079/2772/1079 1373/2895/1373
vt 0.4026249945163727 0.6613169908523560
f 2455/2774/2455 443/2896/443 2352/2915/2352
vt 0.4026249945163727 0.6741520166397095
f 1689/2775/1689 2704/2897/2704 2702/2916/2702
f 3066/2915/3066 3011/2897/3011 19/2774/19
f 1997/2896/1997 1770/2773/1770 1600/2914/1600
f 602/2772/602 731/2913/731 567/2898/567
f 2390/2768/2390 2462/2908/2462 1337/2891/1337
f 1526/2766/1526 1597/2905/1597 2536/2888/2536
vt 0.4026249945163727 0.6806579828262329
f 2920/2917/2920 256/2775/256 2451/2916/2451
vt 0.3546110093593597 0.7573649883270264
f 247/2745/247 2432/2918/2432 2434/2870/2434
f 180/2870/180 662/2713/662 1422/2745/1422
f 2294/2712/2294 715/2713/715 2637/2870/2637
f 1559/2747/1559 587/2918/587 161/2745/161
vt 0.3550800085067749 0.7656049728393555
vt 0.3532170057296753 0.7699369788169861
f 1850/2919/1850 1004/2748/1004 1864/2920/1864
vt 0.3555389940738678 0.7612919807434082
f 2381/2919/2381 277/2921/277 2857/2747/2857
f 1475/2918/1475 1634/2747/1634 2529/2921/2529
f 1333/2747/1333 1917/2748/1917 2486/2919/2486
f 129/2750/129 1034/2859/1034 456/2920/456
vt 0.4026249945163727 0.6938520073890686
f 1766/2922/1766 2904/2777/2904 2410/2776/2410
vt 0.4026249945163727 0.7209910154342651
f 1768/2923/1768 380/2779/380 1176/2778/1176
vt 0.4026249945163727 0.7072939872741699
f 1522/2778/1522 1367/2777/1367 2161/2924/2161
f 1348/2920/1348 421/2748/421 1881/2750/1881
vt 0.4026249945163727 0.7563970088958740
f 1257/2925/1257 928/2781/928 392/2780/392
vt 0.4026249945163727 0.7420309782028198
f 950/2780/950 1994/2779/1994 1327/2926/1327
f 1403/2715/1403 1268/2687/1268 1448/2750/1448
vt 0.3639180064201355 0.8602790236473083
f 1988/2927/1988 2405/2721/2405 2452/2756/2452
vt 0.3563039898872375 0.8617309927940369
f 1755/2928/1755 1988/2719/1988 1902/2721/1902
vt 0.3525559902191162 0.8625559806823730
f 1559/2719/1559 704/2928/704 854/2929/854
vt 0.3600910007953644 0.8609719872474670
f 1440/2721/1440 578/2927/578 536/2930/536
f 2622/2930/2622 719/2928/719 287/2721/287
vt 0.3677830100059509 0.8596519827842712
f 2599/2927/2599 1233/2756/1233 1146/2931/1146
f 954/2866/954 1340/2719/1340 1343/2929/1343
vt 0.3755660057067871 0.8586019873619080
f 2954/2788/2954 1049/2932/1049 2860/2757/2860
vt 0.3831819891929626 0.8578410148620605
f 846/2789/846 1714/2933/1714 2647/2788/2647
vt 0.3716880083084106 0.8590899705886841
f 2030/2934/2030 1989/2756/1989 1767/2757/1767
vt 0.3870159983634949 0.8575549721717834
f 1701/2789/1701 685/2935/685 1700/2933/1700
f 70/2934/70 1236/2931/1236 1141/2756/1141
vt 0.3793810009956360 0.8581879734992981
f 3043/2788/3043 37/2936/37 2923/2932/2923
f 1089/2788/1089 2103/2933/2103 2333/2936/2333
f 1433/2932/1433 1562/2934/1562 159/2757/159
vt 0.4026249945163727 0.7710459828376770
f 2249/2782/2249 2035/2781/2035 1937/2937/1937
vt 0.4026249945163727 0.6872249841690063
f 2370/2776/2370 2526/2938/2526 435/2922/435
vt 0.4026249945163727 0.7005419731140137
f 360/2777/360 1297/2922/1297 355/2939/355
f 1257/2924/1257 1111/2777/1111 928/2939/928
vt 0.4026249945163727 0.7141100168228149
f 358/2778/358 1492/2940/1492 343/2923/343
vt 0.4026249945163727 0.7279369831085205
vt 0.4026249945163727 0.7349500060081482
f 2649/2779/2649 649/2941/649 124/2942/124
f 2349/2940/2349 2887/2778/2887 2841/2924/2841
f 1767/2923/1767 2404/2941/2404 2833/2779/2833
vt 0.4026249945163727 0.7491790056228638
f 1781/2780/1781 1650/2926/1650 1068/2943/1068
vt 0.4026249945163727 0.7636860013008118
f 1392/2781/1392 1364/2925/1364 1625/2944/1625
f 2851/2925/2851 1893/2780/1893 2915/2943/2915
vt 0.4026249945163727 0.7784789800643921
f 2297/2782/2297 2624/2937/2624 1662/2945/1662
vt 0.4026249945163727 0.7859849929809570
f 1377/2782/1377 2141/2946/2141 2150/2783/2150
f 2265/2781/2265 2963/2944/2963 735/2937/735
f 119/2926/119 230/2779/230 2349/2942/2349
f 132/2946/132 981/2782/981 980/2945/980
vt 0.4026249945163727 0.8167679905891418
f 725/2784/725 1811/2947/1811 682/2785/682
vt 0.4026249945163727 0.8488219976425171
vt 0.3947860002517700 0.8571709990501404
f 1417/2787/1417 1916/2948/1916 2005/2949/2005
vt 0.4026249945163727 0.8326320052146912
f 2474/2950/2474 1463/2787/1463 2890/2785/2890
vt 0.3908919990062714 0.8573309779167175
f 951/2935/951 1877/2789/1877 1994/2951/1994
f 588/2949/588 1557/2951/1557 1305/2789/1305
f 179/2787/179 2958/2949/2958 1035/2789/1035
vt 0.3986969888210297 0.8570749759674072
f 529/2952/529 526/2949/526 2671/2948/2671
vt 0.4026249945163727 0.8012229800224304
f 714/2953/714 90/2784/90 684/2783/684
vt 0.4026249945163727 0.7935659885406494
f 257/2783/257 2455/2954/2455 2430/2953/2430
vt 0.4026249945163727 0.8089560270309448
f 377/2955/377 1602/2947/1602 1141/2784/1141
vt 0.4026249945163727 0.8246600031852722
f 916/2956/916 1873/2785/1873 404/2947/404
vt 0.4026249945163727 0.8406850099563599
f 931/2787/931 388/2950/388 1872/2957/1872
vt 0.4026249945163727 0.8570430278778076
f 330/2952/330 849/2948/849 331/2958/331
f 262/2957/262 2366/2948/2366 2887/2787/2887
f 24/2956/24 3049/2950/3049 3068/2785/3068
f 1345/2953/1345 2389/2955/2389 2443/2784/2443
f 1882/2954/1882 2450/2783/2450 2010/2946/2010
f 2597/2917/2597 1602/2938/1602 2598/2776/2598
f 557/2917/557 1412/2776/1412 1547/2775/1547
vt 0.9405660033226013 0.0367439985275269
vt 0.9405660033226013 0.0189629998058081
vt 0.9500619769096375 0.0189629998058081
f 2943/2959/2943 2378/2960/2378 270/2961/270
vt 0.9500619769096375 0.0367439985275269
f 3002/2961/3002 2771/2962/2771 523/2959/523
vt 0.9309250116348267 0.0367439985275269
vt 0.9309250116348267 0.0189629998058081
f 2565/2963/2565 766/2964/766 2708/2960/2708
f 403/2960/403 1311/2959/1311 766/2963/766
vt 0.9405660033226013 0.0545249991118908
f 2642/2965/2642 2629/2959/2629 2633/2962/2633
vt 0.9500619769096375 0.0545249991118908
f 2910/2962/2910 2823/2966/2823 2495/2965/2495
vt 0.9309250116348267 0.0545249991118908
f 2507/2967/2507 2550/2963/2550 2687/2959/2687
f 1538/2959/1538 1616/2965/1616 1399/2967/1399
vt 0.9405660033226013 0.0723059996962547
f 618/2968/618 1813/2965/1813 134/2966/134
vt 0.9500619769096375 0.0723059996962547
f 1357/2966/1357 1579/2969/1579 1312/2968/1312
vt 0.9309250116348267 0.0723059996962547
f 3056/2970/3056 2512/2967/2512 334/2965/334
f 2275/2965/2275 135/2968/135 1778/2970/1778
vt 0.9405660033226013 0.0899989977478981
f 2316/2971/2316 1019/2968/1019 106/2969/106
vt 0.9500619769096375 0.0899989977478981
f 350/2969/350 1241/2972/1241 1623/2971/1623
vt 0.9309250116348267 0.0899989977478981
f 1504/2973/1504 1273/2970/1273 1601/2968/1601
f 1347/2968/1347 1750/2971/1750 1989/2973/1989
vt 0.9405660033226013 0.1072940006852150
f 1855/2974/1855 2914/2971/2914 212/2972/212
vt 0.9500619769096375 0.1072940006852150
f 737/2972/737 490/2975/490 585/2974/585
vt 0.9309250116348267 0.1072940006852150
f 2603/2976/2603 2604/2973/2604 3044/2971/3044
f 1006/2971/1006 537/2974/537 1688/2976/1688
vt 0.9405660033226013 0.1245890036225319
f 320/2977/320 2039/2974/2039 2042/2975/2042
vt 0.9500619769096375 0.1245890036225319
f 1628/2975/1628 2521/2978/2521 2546/2977/2546
vt 0.9309250116348267 0.1245890036225319
f 1763/2979/1763 2005/2976/2005 1996/2974/1996
f 867/2974/867 868/2977/868 1660/2979/1660
vt 0.9405660033226013 0.1418839991092682
f 368/2980/368 2150/2977/2150 1467/2978/1467
vt 0.9500619769096375 0.1418839991092682
f 2386/2978/2386 274/2981/274 2913/2980/2913
vt 0.9309250116348267 0.1418839991092682
f 1607/2982/1607 1233/2979/1233 1265/2977/1265
f 1430/2977/1430 2987/2980/2987 1565/2982/1565
vt 0.9405660033226013 0.1591790020465851
f 150/2983/150 742/2980/742 1552/2981/1552
vt 0.9500619769096375 0.1591790020465851
f 742/2981/742 978/2984/978 584/2983/584
vt 0.9309250116348267 0.1591790020465851
f 2478/2985/2478 501/2982/501 1907/2980/1907
f 804/2980/804 2210/2983/2210 2169/2985/2169
vt 0.9309250116348267 0.1764750033617020
f 1372/2986/1372 1495/2985/1495 1241/2983/1241
vt 0.9405660033226013 0.1764750033617020
f 2160/2983/2160 2165/2987/2165 1170/2986/1170
vt 0.9591779708862305 0.0118559999391437
vt 0.9497039914131165 0.0000000000000000
vt 0.9591779708862305 0.0000000000000000
f 2442/2988/2442 2904/2989/2904 267/2990/267
vt 0.9591779708862305 0.0237119998782873
vt 0.9591779708862305 0.0355679988861084
f 1908/2991/1908 1405/2992/1405 1930/2962/1930
f 464/2962/464 2868/2961/2868 2481/2991/2481
f 2670/2961/2670 684/2988/684 52/2991/52
vt 0.9591779708862305 0.0474239997565746
vt 0.9591779708862305 0.0592800006270409
f 306/2966/306 1079/2993/1079 1080/2994/1080
f 1159/2969/1159 1112/2966/1112 2570/2994/2570
vt 0.9591779708862305 0.0711349993944168
f 2250/2994/2250 832/2995/832 1703/2969/1703
f 2793/2966/2793 940/2962/940 398/2992/398
f 2243/2992/2243 1798/2993/1798 1698/2966/1698
f 2982/2961/2982 2104/2989/2104 747/2988/747
vt 0.9591779708862305 0.0829909965395927
f 89/2969/89 818/2995/818 1961/2996/1961
vt 0.9591779708862305 0.0948470011353493
vt 0.9591779708862305 0.1067029982805252
f 1250/2997/1250 344/2998/344 2680/2975/2680
f 207/2975/207 926/2972/926 257/2997/257
f 1143/2972/1143 715/2996/715 1102/2997/1102
f 2756/2972/2756 123/2969/123 1815/2996/1815
f 176/2978/176 1842/2975/1842 1825/2998/1825
vt 0.9591779708862305 0.1185590028762817
f 2251/2998/2251 2720/2999/2720 896/2978/896
vt 0.9591779708862305 0.1304149925708771
f 1120/3000/1120 1135/2978/1135 1270/2999/1270
vt 0.9402310252189636 0.0000000000000000
f 1968/3001/1968 813/2989/813 706/2961/706
f 588/2961/588 2467/2960/2467 2423/3001/2423
vt 0.9307579994201660 0.0000000000000000
f 1974/2960/1974 1722/2964/1722 892/3002/892
f 617/3002/617 1827/3001/1827 2742/2960/2742
vt 0.9212849736213684 0.0164850000292063
vt 0.9212849736213684 0.0000000000000000
f 2934/3003/2934 2928/3004/2928 1825/3002/1825
vt 0.9212849736213684 0.0329700000584126
f 1832/3005/1832 132/3003/132 2936/2964/2936
f 584/2964/584 978/2963/978 1012/3005/1012
f 1579/2964/1579 659/3003/659 146/3002/146
vt 0.9212849736213684 0.0494549982249737
f 2/3006/2 2484/3005/2484 5/2963/5
f 2654/2963/2654 93/2967/93 1800/3006/1800
vt 0.9212849736213684 0.0659400001168251
f 2375/2967/2375 192/2970/192 476/3007/476
f 2523/3007/2523 1473/3006/1473 1503/2967/1503
vt 0.9212849736213684 0.0989099964499474
f 1991/2973/1991 1200/2976/1200 1183/3008/1183
vt 0.9212849736213684 0.0824249982833862
f 1480/3008/1480 1485/3009/1485 2441/2973/2441
vt 0.9212849736213684 0.1318800002336502
f 3014/2976/3014 3042/2979/3042 525/3010/525
vt 0.9212849736213684 0.1153950020670891
f 1419/3010/1419 550/3011/550 1587/2976/1587
f 2481/2970/2481 2500/2973/2500 1875/3009/1875
f 1252/3009/1252 1190/3007/1190 2791/2970/2791
f 1076/2976/1076 1788/3011/1788 2635/3008/2635
vt 0.9591779708862305 0.1422709971666336
f 376/3000/376 2208/3012/2208 2680/2981/2680
f 652/2981/652 612/2978/612 1423/3000/1423
vt 0.9591779708862305 0.1541270017623901
vt 0.9591779708862305 0.1659830063581467
f 1931/2984/1931 1543/3013/1543 677/3014/677
f 62/3012/62 718/3013/718 2627/2984/2627
f 1792/2984/1792 1806/2981/1806 2307/3012/2307
f 812/2984/812 907/2987/907 2111/2983/2111
vt 0.9212849736213684 0.1648499965667725
f 2380/2982/2380 2827/2985/2827 233/3015/233
vt 0.9212849736213684 0.1483650058507919
f 998/3015/998 576/3016/576 3000/2982/3000
vt 0.9549540281295776 0.1711540073156357
f 1223/3014/1223 1211/3017/1211 2773/2984/2773
f 480/2979/480 281/2982/281 231/3016/231
f 2718/3016/2718 708/3010/708 1165/2979/1165
vt 0.9509710073471069 0.1766069978475571
f 763/2987/763 2916/2984/2916 1002/3018/1002
vt 0.9472320079803467 0.1823650002479553
vt 0.9437429904937744 0.1884409934282303
f 2158/2987/2158 359/3019/359 1504/3020/1504
f 1890/2987/1890 1319/3018/1319 1873/3019/1873
vt 0.9405080080032349 0.1948370039463043
f 1738/3021/1738 1914/2987/1914 436/3020/436
vt 0.9375309944152832 0.2015450000762939
f 2655/3022/2655 1801/2986/1801 84/3021/84
f 1481/2987/1481 2147/3021/2147 1364/2986/1364
vt 0.9348059892654419 0.2085479944944382
vt 0.9309250116348267 0.2110649943351746
f 1524/3023/1524 1112/3024/1112 2595/3022/2595
f 3018/2986/3018 4/3022/4 38/3024/38
vt 0.9323239922523499 0.2158239930868149
f 2302/3025/2302 2287/3024/2287 1064/3023/1064
f 1472/3018/1472 789/2984/789 2167/3017/2167
vt 0.9212849736213684 0.1813350021839142
f 613/2985/613 384/2986/384 653/3026/653
f 1429/3026/1429 1564/3015/1564 533/2985/533
vt 0.9300879836082458 0.2233189940452576
f 1677/3025/1677 902/3027/902 1681/3024/1681
vt 0.9212849736213684 0.1978199928998947
f 2814/2986/2814 1915/3024/1915 432/3028/432
f 53/3028/53 681/3026/681 49/2986/49
vt 0.9212849736213684 0.2143049985170364
f 1099/3027/1099 1611/3029/1611 1281/3024/1281
f 2143/3024/2143 905/3029/905 2653/3028/2653
vt 0.9212849736213684 0.2307900041341782
f 15/3027/15 6/3030/6 3021/3029/3021
vt 0.9281209707260132 0.2310010045766830
f 1873/3030/1873 1319/3027/1319 404/3031/404
vt 0.9264439940452576 0.2388650029897690
vt 0.9212849736213684 0.2472749948501587
f 1732/3030/1732 1779/3032/1779 1054/3033/1054
vt 0.9212849736213684 0.2637600004673004
vt 0.9240199923515320 0.2550820112228394
vt 0.9232820272445679 0.2633860111236572
f 749/3034/749 2929/3035/2929 2984/3036/2984
vt 0.9250739812850952 0.2469000071287155
f 1705/3033/1705 1263/3037/1263 2609/3035/2609
f 2580/3033/2580 2596/3032/2596 2182/3037/2182
f 2763/3034/2763 546/3033/546 562/3035/562
vt 0.9212849736213684 0.2802450060844421
vt 0.9228510260581970 0.2717829942703247
vt 0.9227129817008972 0.2802450060844421
f 2020/3038/2020 2437/3039/2437 1737/3040/1737
f 2693/3034/2693 2713/3039/2713 2184/3038/2184
f 3002/3034/3002 1576/3036/1576 2771/3039/2771
f 1711/3031/1711 91/3032/91 2274/3030/2274
vt 0.9012079834938049 0.0367439985275269
vt 0.9012079834938049 0.0189629998058081
vt 0.9107049703598022 0.0189629998058081
f 2130/3041/2130 2566/3042/2566 1373/3043/1373
vt 0.9107049703598022 0.0367439985275269
f 609/3043/609 1585/3044/1585 640/3041/640
vt 0.8915680050849915 0.0367439985275269
vt 0.8915680050849915 0.0189629998058081
f 2320/3045/2320 288/3046/288 302/3042/302
f 959/3042/959 1326/3041/1326 916/3045/916
vt 0.9012079834938049 0.0545249991118908
f 2243/3047/2243 2318/3041/2318 1798/3044/1798
vt 0.9107049703598022 0.0545249991118908
f 487/3044/487 2850/3048/2850 633/3047/633
vt 0.8915680050849915 0.0545249991118908
f 243/3049/243 2466/3045/2466 2418/3041/2418
f 888/3041/888 835/3047/835 49/3049/49
vt 0.9012079834938049 0.0723059996962547
f 679/3050/679 430/3047/430 380/3048/380
vt 0.9107049703598022 0.0723059996962547
f 1086/3048/1086 2950/3051/2950 122/3050/122
vt 0.8915680050849915 0.0723059996962547
f 1228/3052/1228 946/3049/946 2788/3047/2788
f 2315/3047/2315 1802/3050/1802 1086/3052/1086
vt 0.9012079834938049 0.0899989977478981
f 3050/3053/3050 9/3050/9 332/3051/332
vt 0.9107049703598022 0.0899989977478981
f 1128/3051/1128 1135/3054/1135 2194/3053/2194
vt 0.8915680050849915 0.0899989977478981
f 2021/3055/2021 1892/3052/1892 1876/3050/1876
f 2094/3050/2094 2252/3053/2252 2042/3055/2042
vt 0.9012079834938049 0.1072940006852150
f 1627/3056/1627 2258/3053/2258 1787/3054/1787
vt 0.9107049703598022 0.1072940006852150
f 2258/3054/2258 1514/3057/1514 295/3056/295
vt 0.8915680050849915 0.1072940006852150
f 2744/3058/2744 651/3055/651 664/3053/664
f 2654/3053/2654 1800/3056/1800 2306/3058/2306
vt 0.9012079834938049 0.1245890036225319
f 962/3059/962 1341/3056/1341 152/3057/152
vt 0.9107049703598022 0.1245890036225319
f 2422/3057/2422 2473/3060/2473 2899/3059/2899
vt 0.8915680050849915 0.1245890036225319
f 1428/3061/1428 1585/3058/1585 521/3056/521
f 904/3056/904 1710/3059/1710 708/3061/708
vt 0.9012079834938049 0.1418839991092682
f 138/3062/138 550/3059/550 490/3060/490
vt 0.9107049703598022 0.1418839991092682
f 2779/3060/2779 2845/3063/2845 2446/3062/2446
vt 0.8915680050849915 0.1418839991092682
f 726/3064/726 83/3061/83 2653/3059/2653
f 1639/3059/1639 1067/3062/1067 1303/3064/1303
vt 0.9012079834938049 0.1591790020465851
f 1053/3065/1053 101/3062/101 1055/3063/1055
vt 0.9107049703598022 0.1591790020465851
f 2795/3063/2795 937/3066/937 915/3065/915
vt 0.8915680050849915 0.1591790020465851
f 2669/3067/2669 64/3064/64 1076/3062/1076
f 1943/3062/1943 1971/3065/1971 691/3067/691
vt 0.9012079834938049 0.1764750033617020
f 1215/3068/1215 182/3065/182 2491/3066/2491
vt 0.9107049703598022 0.1764750033617020
f 2626/3066/2626 1725/3069/1725 2627/3068/2627
vt 0.8915680050849915 0.1764750033617020
f 2395/3070/2395 1207/3067/1207 1744/3065/1744
f 2030/3065/2030 2408/3068/2408 2387/3070/2387
vt 0.9012079834938049 0.1937700062990189
f 2099/3071/2099 1062/3068/1062 2303/3069/2303
vt 0.9107049703598022 0.1937700062990189
f 1975/3069/1975 827/3072/827 1675/3071/1675
vt 0.8915680050849915 0.1937700062990189
f 171/3073/171 2741/3070/2741 1574/3068/1574
f 2721/3068/2721 851/3071/851 865/3073/865
vt 0.9012079834938049 0.2110649943351746
f 2497/3074/2497 198/3071/198 266/3072/266
vt 0.9107049703598022 0.2110649943351746
f 1211/3072/1211 1343/3075/1343 415/3074/415
vt 0.8915680050849915 0.2110649943351746
f 390/3076/390 928/3073/928 389/3071/389
f 2524/3071/2524 1464/3074/1464 2148/3076/2148
vt 0.9012079834938049 0.2283599972724915
f 2445/3077/2445 2474/3074/2474 2843/3075/2843
vt 0.9107049703598022 0.2283599972724915
f 1599/3075/1599 337/3078/337 2559/3077/2559
vt 0.8915680050849915 0.2283599972724915
f 90/3079/90 1723/3076/1723 2661/3074/2661
f 2973/3074/2973 2861/3077/2861 2914/3079/2914
vt 0.9012079834938049 0.2456550002098083
f 707/3080/707 807/3077/807 93/3078/93
vt 0.9107049703598022 0.2456550002098083
f 1095/3078/1095 1806/3081/1806 1805/3080/1805
vt 0.8915680050849915 0.2456550002098083
f 1786/3082/1786 1095/3079/1095 1785/3077/1785
f 1598/3077/1598 2512/3080/2512 1283/3082/1283
vt 0.9012079834938049 0.2640079855918884
f 1933/3083/1933 1310/3080/1310 2899/3081/2899
vt 0.9107049703598022 0.2640079855918884
f 1844/3081/1844 2961/3084/2961 441/3083/441
vt 0.8915680050849915 0.2640079855918884
f 2597/3085/2597 1141/3082/1141 1602/3080/1602
f 2955/3080/2955 751/3083/751 1818/3085/1818
vt 0.9198200106620789 0.0116769997403026
vt 0.9103469848632812 0.0000000000000000
vt 0.9198200106620789 0.0000000000000000
f 226/3086/226 2359/3087/2359 201/3088/201
vt 0.9198200106620789 0.0233539994806051
vt 0.9198200106620789 0.0350309982895851
f 44/3089/44 22/3090/22 13/3044/13
f 1951/3044/1951 908/3043/908 862/3089/862
vt 0.9198200106620789 0.0467079989612103
f 553/3044/553 576/3090/576 1919/3091/1919
f 435/3043/435 2526/3086/2526 1600/3089/1600
vt 0.9198200106620789 0.0583840012550354
f 2981/3051/2981 2962/3048/2962 1583/3092/1583
vt 0.9198200106620789 0.0700609982013702
f 2503/3092/2503 2440/3093/2440 216/3051/216
f 2756/3091/2756 1815/3048/1815 1042/3044/1042
f 2394/3091/2394 480/3092/480 201/3048/201
f 2875/3043/2875 2396/3087/2396 2996/3086/2996
vt 0.9198200106620789 0.0817380025982857
vt 0.9198200106620789 0.0934149995446205
f 1908/3054/1908 1930/3094/1930 1894/3095/1894
vt 0.9198200106620789 0.1050919964909554
vt 0.9198200106620789 0.1167690008878708
f 1741/3057/1741 1344/3096/1344 1901/3097/1901
vt 0.9198200106620789 0.1284459978342056
f 783/3060/783 1165/3097/1165 1246/3098/1246
f 2387/3095/2387 2835/3096/2835 2414/3057/2414
f 1591/3057/1591 1423/3054/1423 612/3095/612
f 2814/3054/2814 1894/3051/1894 1915/3093/1915
f 1172/3093/1172 2119/3094/2119 1596/3054/1596
f 2222/3057/2222 2185/3097/2185 2688/3060/2688
f 2448/3063/2448 2863/3060/2863 2501/3098/2501
vt 0.9198200106620789 0.1401229947805405
f 2000/3098/2000 1314/3099/1314 1769/3063/1769
vt 0.9008740186691284 0.0000000000000000
f 2198/3100/2198 532/3087/532 1138/3043/1138
f 351/3043/351 1290/3042/1290 1609/3100/1609
vt 0.8819270133972168 0.0329700000584126
f 2770/3046/2770 616/3045/616 2738/3101/2738
vt 0.8819270133972168 0.0164850000292063
f 287/3101/287 2289/3102/2289 2036/3046/2036
vt 0.8913999795913696 0.0000000000000000
f 2255/3042/2255 2073/3046/2073 323/3103/323
f 294/3103/294 2057/3100/2057 885/3042/885
vt 0.8819270133972168 0.0000000000000000
f 84/3102/84 2101/3104/2101 907/3103/907
f 1315/3046/1315 1184/3102/1184 1874/3103/1874
vt 0.8819270133972168 0.0494549982249737
f 1206/3105/1206 923/3101/923 942/3045/942
f 807/3045/807 1096/3049/1096 93/3105/93
vt 0.8819270133972168 0.0659400001168251
f 2278/3049/2278 807/3052/807 911/3106/911
f 1121/3106/1121 1470/3105/1470 1535/3049/1535
vt 0.8819270133972168 0.0989099964499474
f 1657/3055/1657 1942/3058/1942 810/3107/810
vt 0.8819270133972168 0.0824249982833862
f 1694/3107/1694 671/3108/671 1434/3055/1434
vt 0.8819270133972168 0.1318800002336502
f 2535/3058/2535 1281/3061/1281 1116/3109/1116
vt 0.8819270133972168 0.1153950020670891
f 3019/3109/3019 749/3110/749 38/3058/38
f 1959/3052/1959 808/3055/808 2621/3108/2621
f 2092/3108/2092 2274/3106/2274 2067/3052/2067
f 2603/3058/2603 2924/3110/2924 3013/3107/3013
vt 0.8819270133972168 0.1483650058507919
f 2504/3061/2504 225/3064/225 2461/3111/2461
f 1683/3111/1683 868/3109/868 1946/3061/1946
vt 0.9198200106620789 0.1517989933490753
vt 0.9198200106620789 0.1634760051965714
f 2874/3066/2874 949/3112/949 2485/3113/2485
vt 0.9198200106620789 0.1751530021429062
vt 0.9198200106620789 0.1868299990892410
f 977/3069/977 1838/3114/1838 500/3115/500
vt 0.9198200106620789 0.1985069960355759
f 2385/3072/2385 516/3115/516 2957/3116/2957
f 2909/3113/2909 1745/3114/1745 280/3069/280
f 1323/3069/1323 1219/3066/1219 2772/3113/2772
f 1709/3066/1709 812/3063/812 1953/3099/1953
f 125/3099/125 128/3112/128 2936/3066/2936
f 1449/3069/1449 340/3115/340 1369/3072/1369
vt 0.9198200106620789 0.2101839929819107
f 1438/3116/1438 568/3117/568 534/3075/534
f 922/3075/922 972/3072/972 431/3116/431
vt 0.9198200106620789 0.2218610048294067
vt 0.9198200106620789 0.2335380017757416
f 2488/3078/2488 1925/3118/1925 1178/3119/1178
vt 0.9198200106620789 0.2452149987220764
vt 0.9198200106620789 0.2568910121917725
f 1896/3081/1896 1879/3120/1879 1742/3121/1742
vt 0.9198200106620789 0.2685680091381073
f 2295/3084/2295 2052/3121/2052 1784/3122/1784
f 1403/3119/1403 344/3120/344 1268/3081/1268
f 844/3081/844 1707/3078/1707 874/3119/874
f 331/3078/331 849/3075/849 1804/3117/1804
f 2729/3117/2729 2193/3118/2193 2229/3078/2229
f 2099/3081/2099 2293/3121/2293 1062/3084/1062
vt 0.9198200106620789 0.2802450060844421
vt 0.9103469848632812 0.2802450060844421
f 1083/3123/1083 2311/3124/2311 299/3122/299
f 1011/3122/1011 729/3124/729 512/3084/512
vt 0.8819270133972168 0.1648499965667725
f 2644/3064/2644 1938/3067/1938 831/3125/831
f 2609/3125/2609 1194/3111/1194 1650/3064/1650
vt 0.8819270133972168 0.1978199928998947
f 172/3070/172 603/3073/603 577/3126/577
vt 0.8819270133972168 0.1813350021839142
f 745/3126/745 1015/3127/1015 116/3070/116
vt 0.8819270133972168 0.2143049985170364
f 2230/3073/2230 2167/3076/2167 789/3128/789
f 1840/3128/1840 2945/3126/2945 1814/3073/1814
f 815/3067/815 1940/3070/1940 1655/3127/1655
f 593/3127/593 668/3125/668 1848/3067/1848
vt 0.8819270133972168 0.2307900041341782
f 2773/3076/2773 1211/3079/1211 415/3129/415
f 2230/3129/2230 1234/3128/1234 1259/3076/1259
vt 0.8819270133972168 0.2472749948501587
f 522/3079/522 2822/3082/2822 1024/3130/1024
f 1579/3130/1579 744/3129/744 1312/3079/1312
vt 0.9008740186691284 0.2802450060844421
f 754/3124/754 1407/3131/1407 1571/3083/1571
f 2190/3083/2190 2685/3084/2685 2170/3124/2170
f 2016/3085/2016 1309/3083/1309 1915/3131/1915
vt 0.8913999795913696 0.2802450060844421
f 451/3131/451 2363/3132/2363 1829/3085/1829
vt 0.8819270133972168 0.2637600004673004
f 2363/3133/2363 238/3130/238 2882/3082/2882
f 2492/3082/2492 2880/3085/2880 2431/3133/2431
vt 0.8819270133972168 0.2802450060844421
f 711/3133/711 689/3132/689 2108/3134/2108
f 1936/3085/1936 843/3132/843 2662/3133/2662
vt 0.2486480027437210 0.2862640023231506
vt 0.2131270021200180 0.2862640023231506
vt 0.2131270021200180 0.2685039937496185
f 1868/3135/1868 2298/3136/2298 2341/3137/2341
vt 0.2486480027437210 0.2685039937496185
f 1643/3137/1643 2195/3138/2195 1935/3135/1935
vt 0.0710420012474060 0.2862640023231506
vt 0.0355210006237030 0.2862640023231506
vt 0.0355210006237030 0.2685039937496185
f 2724/3139/2724 788/3140/788 2212/3141/2212
vt 0.0710420012474060 0.2685039937496185
f 2977/3141/2977 554/3142/554 1424/3139/1424
vt 0.0710420012474060 0.2507430016994476
vt 0.1065630018711090 0.2507430016994476
f 2977/3142/2977 556/3143/556 1007/3144/1007
vt 0.0710420012474060 0.2329819947481155
f 1438/3144/1438 534/3143/534 535/3145/535
vt 0.1065630018711090 0.2329819947481155
f 2496/3145/2496 1900/3146/1900 2901/3144/2901
vt 0.1420840024948120 0.2507430016994476
f 2147/3147/2147 1374/3144/1374 1364/3146/1364
vt 0.1420840024948120 0.2329819947481155
f 608/3146/608 1410/3148/1410 731/3147/731
f 1592/3143/1592 1569/3142/1569 1422/3141/1422
vt 0.1065630018711090 0.2152220010757446
f 803/3148/803 2585/3146/2585 1122/3149/1122
vt 0.1420840024948120 0.2152220010757446
f 1590/3149/1590 567/3150/567 2968/3148/2968
vt 0.1776060014963150 0.2507430016994476
vt 0.2131270021200180 0.2507430016994476
f 1045/3151/1045 676/3152/676 3016/3137/3016
f 2494/3151/2494 441/3147/441 1021/3148/1021
vt 0.1776060014963150 0.2329819947481155
f 824/3148/824 1950/3153/1950 77/3151/77
f 2951/3152/2951 613/3151/613 1824/3153/1824
vt 0.2131270021200180 0.2329819947481155
f 2132/3153/2132 765/3154/765 2689/3152/2689
f 2275/3153/2275 1088/3148/1088 2272/3150/2272
vt 0.1776060014963150 0.2152220010757446
f 1903/3150/1903 2804/3155/2804 2904/3153/2904
vt 0.0564589984714985 0.2261600047349930
vt 0.0672869980335236 0.2187429964542389
f 1918/3145/1918 388/3156/388 1913/3157/1913
f 554/3145/554 740/3157/740 558/3146/558
vt 0.0463629998266697 0.2345439940690994
f 1687/3158/1687 2666/3156/2666 2276/3145/2276
vt 0.0286989994347095 0.2539210021495819
vt 0.0212820004671812 0.2647480070590973
f 2370/3159/2370 435/3141/435 2424/3160/2424
vt 0.0370829999446869 0.2438240051269531
f 1597/3143/1597 362/3161/362 2536/3158/2536
f 329/3145/329 1680/3143/1680 2051/3158/2051
f 2600/3159/2600 1610/3161/1610 1617/3143/1617
f 2496/3159/2496 2884/3143/2884 2421/3141/2421
vt 0.0787520036101341 0.2123569995164871
f 270/3162/270 2426/3149/2426 384/3157/384
vt 0.1159769967198372 0.1998810023069382
vt 0.1032010018825531 0.2028850018978119
f 1998/3163/1998 1190/3149/1190 1891/3164/1891
f 1594/3150/1594 1530/3149/1530 1126/3163/1126
vt 0.1289750039577484 0.1980669945478439
f 520/3150/520 519/3163/519 1583/3165/1583
f 2415/3157/2415 2829/3149/2829 2414/3146/2414
vt 0.0907580032944679 0.2070560008287430
f 2437/3164/2437 2823/3149/2823 1737/3166/1737
vt 0.1349339932203293 0.2623760104179382
f 2/3167/2 2781/3144/2781 437/3147/437
f 2250/3149/2250 2325/3162/2325 832/3166/832
vt 0.1420840024948120 0.1974609941244125
f 1628/3165/1628 1287/3168/1287 366/3150/366
vt 0.1208750009536743 0.2650040090084076
f 2569/3144/2569 2712/3167/2712 1158/3169/1158
vt 0.0095950001850724 0.2882190048694611
vt 0.0148959998041391 0.2762129902839661
f 790/3140/790 1131/3170/1131 789/3171/789
f 2029/3171/2029 922/3141/922 1739/3140/1739
vt 0.0054239998571575 0.3006620109081268
vt 0.0698169991374016 0.3115490078926086
f 2836/3172/2836 2470/3140/2470 2425/3173/2425
f 2144/3141/2144 1497/3171/1497 2047/3160/2047
f 2704/3172/2704 767/3170/767 845/3140/845
vt 0.0645840018987656 0.3395459949970245
vt 0.0000000000000000 0.3395459949970245
vt 0.0006060000159778 0.3264360129833221
f 634/3174/634 160/3175/160 1051/3176/1051
vt 0.0024190000258386 0.3134379982948303
f 1109/3173/1109 1144/3177/1144 774/3172/774
vt 0.0659030005335808 0.3253050148487091
f 1339/3177/1339 1899/3178/1899 2002/3176/2002
f 1498/3174/1498 2121/3176/2121 2684/3178/2684
vt 0.0953800007700920 0.2776989936828613
f 2250/3139/2250 2319/3142/2319 1071/3179/1071
vt 0.1075389981269836 0.2701700031757355
f 1529/3180/1529 1639/3179/1639 2145/3142/2145
f 602/3144/602 491/3180/491 1021/3142/1021
f 1518/3173/1518 2222/3178/2222 2688/3177/2688
vt 0.0761919990181923 0.2987470030784607
vt 0.0848110020160675 0.2873339951038361
f 2277/3181/2277 1615/3139/1615 2319/3182/2319
f 1615/3179/1615 346/3182/346 1783/3139/1783
f 594/3140/594 596/3181/596 2253/3173/2253
f 2910/3139/2910 419/3181/419 1346/3140/1346
f 2661/3144/2661 1723/3169/1723 79/3180/79
vt 0.1681919991970062 0.1998810023069382
vt 0.1551939994096756 0.1980669945478439
f 875/3183/875 2697/3150/2697 2696/3184/2696
f 383/3168/383 1878/3184/1878 1560/3150/1560
f 690/3155/690 72/3150/72 1717/3183/1717
vt 0.1809680014848709 0.2028850018978119
f 2108/3185/2108 689/3155/689 2068/3183/2068
vt 0.1492349952459335 0.2623760104179382
f 546/3167/546 175/3147/175 562/3186/562
f 211/3151/211 2457/3186/2457 2358/3147/2358
vt 0.2168820053339005 0.2187429964542389
f 1166/3155/1166 1805/3187/1805 2530/3153/2530
vt 0.1632940024137497 0.2650040090084076
f 1760/3151/1760 2018/3188/2018 2188/3186/2188
vt 0.1934109926223755 0.2070560008287430
f 560/3185/560 1547/3189/1547 545/3155/545
vt 0.2054170072078705 0.2123569995164871
f 3014/3155/3014 29/3190/29 532/3187/532
f 2196/3154/2196 2235/3153/2235 773/3187/773
vt 0.2277089953422546 0.2261600047349930
f 343/3191/343 2510/3154/2510 337/3187/337
vt 0.2378060072660446 0.2345439940690994
f 347/3192/347 1271/3152/1271 1605/3154/1605
vt 0.2470860034227371 0.2438240051269531
vt 0.2554700076580048 0.2539210021495819
f 2159/3152/2159 1622/3193/1622 376/3194/376
f 635/3192/635 648/3193/648 1573/3152/1573
f 2606/3192/2606 525/3154/525 3063/3191/3063
f 1968/3190/1968 1706/3155/1706 68/3189/68
f 2905/3194/2905 268/3138/268 2470/3152/2470
vt 0.1766290068626404 0.2701700031757355
f 1037/3195/1037 988/3188/988 2937/3151/2937
vt 0.1887889951467514 0.2776989936828613
f 2625/3136/2625 703/3196/703 1648/3137/1648
f 2747/3195/2747 650/3137/650 1435/3196/1435
f 229/3151/229 400/3137/400 919/3195/919
vt 0.2079769968986511 0.2987470030784607
vt 0.1993580013513565 0.2873339951038361
f 313/3136/313 2073/3197/2073 2255/3198/2255
vt 0.2182649970054626 0.3253050148487091
vt 0.2143519967794418 0.3115490078926086
vt 0.2817499935626984 0.3134379982948303
f 82/3199/82 91/3200/91 897/3201/897
f 2657/3135/2657 1065/3197/1065 866/3136/866
f 670/3200/670 658/3197/658 134/3135/134
f 1674/3136/1674 687/3198/687 2612/3196/2612
vt 0.2787449955940247 0.3006620109081268
f 1054/3202/1054 2733/3200/2733 642/3135/642
vt 0.2692730128765106 0.2762129902839661
f 1204/3203/1204 251/3135/251 2364/3138/2364
vt 0.2745740115642548 0.2882190048694611
f 200/3135/200 401/3203/401 2783/3204/2783
vt 0.2628870010375977 0.2647480070590973
f 2285/3205/2285 730/3203/730 2244/3138/2244
f 2858/3138/2858 2972/3137/2972 2409/3152/2409
f 2559/3202/2559 337/3135/337 2288/3204/2288
vt 0.2835629880428314 0.3264360129833221
f 1227/3201/1227 2006/3206/2006 2355/3199/2355
f 433/3201/433 1223/3200/1223 2773/3202/2773
vt 0.2195850014686584 0.3395459949970245
vt 0.2841689884662628 0.3395459949970245
f 943/3207/943 939/3206/939 408/3208/408
f 1320/3206/1320 408/3207/408 2000/3199/2000
f 1678/3194/1678 1647/3205/1647 1983/3138/1983
vt 0.6736149787902832 0.4294480085372925
vt 0.6662039756774902 0.4294480085372925
vt 0.6662039756774902 0.4195620119571686
f 2957/3209/2957 1026/3210/1026 271/3211/271
vt 0.6736149787902832 0.4195620119571686
f 85/3211/85 1684/3212/1684 836/3209/836
vt 0.6587929725646973 0.4294480085372925
vt 0.6587929725646973 0.4195620119571686
f 2935/3210/2935 1845/3213/1845 118/3214/118
f 309/3214/309 2608/3211/2608 887/3210/887
vt 0.6736149787902832 0.4479599893093109
f 1705/3210/1705 2609/3209/2609 1650/3215/1650
vt 0.6587929725646973 0.4479599893093109
f 2596/3216/2596 339/3213/339 1114/3210/1114
f 1852/3215/1852 1028/3216/1028 149/3210/149
vt 0.6736149787902832 0.4657520055770874
vt 0.6587929725646973 0.4657520055770874
f 2743/3217/2743 179/3218/179 539/3216/539
f 621/3216/621 605/3215/605 564/3217/564
vt 0.6736149787902832 0.4828920066356659
vt 0.6587929725646973 0.4828920066356659
f 1480/3219/1480 2911/3220/2911 2493/3218/2493
f 2481/3218/2481 2868/3217/2868 2500/3219/2500
vt 0.6736149787902832 0.4988139867782593
vt 0.6587929725646973 0.4988139867782593
f 1538/3221/1538 1372/3222/1372 1457/3220/1457
f 136/3220/136 3018/3219/3018 38/3221/38
vt 0.6736149787902832 0.5147370100021362
vt 0.6587929725646973 0.5147370100021362
f 843/3223/843 1534/3224/1534 2663/3222/2663
f 1499/3222/1499 1530/3221/1530 1594/3223/1594
vt 0.6736149787902832 0.5306599736213684
vt 0.6587929725646973 0.5306599736213684
f 1060/3225/1060 2978/3226/2978 1023/3224/1023
f 527/3224/527 2925/3223/2925 531/3225/531
vt 0.6736149787902832 0.5458350181579590
vt 0.6587929725646973 0.5458350181579590
f 3025/3227/3025 3/3228/3 35/3226/35
f 2301/3226/2301 1672/3225/1672 2621/3227/2621
vt 0.6736149787902832 0.5621359944343567
vt 0.6587929725646973 0.5621359944343567
f 270/3229/270 384/3230/384 613/3228/613
f 2494/3228/2494 1021/3227/1021 491/3229/491
vt 0.6736149787902832 0.5766620039939880
vt 0.6587929725646973 0.5766620039939880
f 150/3231/150 1552/3232/1552 1580/3230/1580
f 2463/3230/2463 25/3229/25 3050/3231/3050
vt 0.6736149787902832 0.5909619927406311
vt 0.6587929725646973 0.5909619927406311
f 1540/3233/1540 1449/3234/1449 1370/3232/1370
f 2918/3232/2918 2417/3231/2417 208/3233/208
vt 0.6736149787902832 0.6050850152969360
vt 0.6587929725646973 0.6050850152969360
f 1540/3235/1540 2711/3236/2711 2218/3234/2218
f 2470/3234/2470 219/3233/219 2371/3235/2371
vt 0.6736149787902832 0.6190789937973022
vt 0.6587929725646973 0.6190789937973022
f 1754/3237/1754 1753/3238/1753 2004/3236/2004
f 2487/3236/2487 1880/3235/1880 2908/3237/2908
vt 0.6736149787902832 0.6329879760742188
vt 0.6587929725646973 0.6329879760742188
f 851/3239/851 1936/3240/1936 865/3238/865
f 1320/3238/1320 773/3237/773 943/3239/943
vt 0.6736149787902832 0.6468589901924133
vt 0.6587929725646973 0.6468589901924133
f 1592/3241/1592 596/3242/596 561/3240/561
f 2989/3240/2989 2104/3239/2104 755/3241/755
vt 0.6736149787902832 0.6607329845428467
vt 0.6587929725646973 0.6607329845428467
f 2800/3243/2800 930/3244/930 1208/3242/1208
f 2614/3242/2614 1963/3241/1963 704/3243/704
vt 0.6736149787902832 0.6746550202369690
vt 0.6587929725646973 0.6746550202369690
f 1909/3245/1909 1913/3246/1913 1910/3244/1910
f 1991/3244/1991 1183/3243/1183 234/3245/234
vt 0.6736149787902832 0.6886699795722961
vt 0.6587929725646973 0.6886699795722961
f 2249/3247/2249 1080/3248/1080 2035/3246/2035
f 2163/3246/2163 781/3245/781 2221/3247/2221
vt 0.6736149787902832 0.7028220295906067
vt 0.6587929725646973 0.7028220295906067
f 2086/3249/2086 811/3250/811 816/3248/816
f 477/3248/477 2821/3247/2821 2451/3249/2451
vt 0.6736149787902832 0.7171589732170105
vt 0.6587929725646973 0.7171589732170105
f 1205/3251/1205 164/3252/164 253/3250/253
f 2915/3250/2915 2001/3249/2001 2819/3251/2819
vt 0.6736149787902832 0.7317299842834473
vt 0.6587929725646973 0.7317299842834473
f 1895/3253/1895 402/3254/402 2024/3252/2024
f 2819/3252/2819 2356/3251/2356 393/3253/393
vt 0.6736149787902832 0.7465869784355164
vt 0.6587929725646973 0.7465869784355164
f 2578/3255/2578 1516/3256/1516 1614/3254/1614
f 397/3254/397 2808/3253/2808 960/3255/960
vt 0.6736149787902832 0.7617880105972290
vt 0.6587929725646973 0.7617880105972290
f 960/3257/960 1218/3258/1218 2805/3256/2805
f 1400/3256/1400 1609/3255/1609 1278/3257/1278
vt 0.6736149787902832 0.7773910164833069
vt 0.6587929725646973 0.7773910164833069
f 2227/3259/2227 343/3260/343 337/3258/337
f 2603/3258/2603 2671/3257/2671 3003/3259/3003
vt 0.6736149787902832 0.7934659719467163
vt 0.6587929725646973 0.7934659719467163
f 3034/3261/3034 1517/3262/1517 2475/3260/2475
f 1227/3260/1227 2428/3259/2428 393/3261/393
vt 0.6736149787902832 0.8100829720497131
vt 0.6587929725646973 0.8100829720497131
f 315/3263/315 323/3264/323 2072/3262/2072
f 361/3262/361 1622/3261/1622 1404/3263/1404
vt 0.6736149787902832 0.8273270130157471
vt 0.6587929725646973 0.8273270130157471
f 96/3265/96 2668/3266/2668 848/3264/848
f 2100/3264/2100 848/3263/848 2054/3265/2054
vt 0.6736149787902832 0.8452870249748230
vt 0.6587929725646973 0.8452870249748230
f 2753/3267/2753 1186/3268/1186 680/3266/680
f 2731/3266/2731 1979/3265/1979 2685/3267/2685
vt 0.6736149787902832 0.8645809888839722
vt 0.6587929725646973 0.8645809888839722
f 1260/3269/1260 845/3270/845 2206/3268/2206
f 2370/3268/2370 2476/3267/2476 241/3269/241
vt 0.6736149787902832 0.8838739991188049
vt 0.6587929725646973 0.8838739991188049
f 486/3271/486 2870/3272/2870 1584/3270/1584
f 330/3270/330 855/3269/855 849/3271/849
vt 0.6810190081596375 0.4294480085372925
vt 0.6884220242500305 0.4294480085372925
vt 0.6884220242500305 0.4479599893093109
f 989/3273/989 1816/3274/1816 486/3275/486
f 1475/3215/1475 1494/3209/1494 1634/3273/1634
f 1307/3275/1307 2460/3215/2460 1738/3273/1738
vt 0.6884220242500305 0.4657520055770874
f 2129/3276/2129 1535/3217/1535 2152/3215/2152
f 31/3215/31 528/3275/528 2672/3276/2672
vt 0.6884220242500305 0.4828920066356659
f 2698/3277/2698 2168/3219/2168 1494/3217/1494
f 2399/3217/2399 2845/3276/2845 2458/3277/2458
vt 0.6884220242500305 0.4988139867782593
f 319/3278/319 853/3221/853 2033/3219/2033
f 510/3219/510 513/3277/513 1853/3278/1853
vt 0.6884220242500305 0.5147370100021362
f 117/3279/117 151/3223/151 2798/3221/2798
f 434/3221/434 1181/3278/1181 1773/3279/1773
vt 0.6884220242500305 0.5306599736213684
f 2456/3280/2456 932/3225/932 446/3223/446
f 2852/3223/2852 2832/3279/2832 2919/3280/2919
vt 0.6884220242500305 0.5458350181579590
f 1157/3281/1157 1515/3227/1515 784/3225/784
f 2431/3225/2431 1001/3280/1001 1002/3281/1002
vt 0.6884220242500305 0.5621359944343567
f 1627/3282/1627 1514/3229/1514 2258/3227/2258
f 2753/3227/2753 2797/3281/2797 1186/3282/1186
vt 0.6884220242500305 0.5766620039939880
f 2977/3283/2977 1424/3231/1424 1568/3229/1568
f 1922/3229/1922 955/3282/955 1191/3283/1191
vt 0.6884220242500305 0.5909619927406311
f 1620/3284/1620 2525/3233/2525 2590/3231/2590
f 2885/3231/2885 2350/3283/2350 239/3284/239
vt 0.6884220242500305 0.6050850152969360
f 1710/3285/1710 1954/3235/1954 838/3233/838
f 1902/3233/1902 1988/3284/1988 1352/3285/1352
vt 0.6884220242500305 0.6190789937973022
f 3018/3286/3018 12/3237/12 4/3235/4
f 2723/3235/2723 2187/3285/2187 2715/3286/2715
vt 0.6884220242500305 0.6329879760742188
f 899/3287/899 1659/3239/1659 867/3237/867
f 787/3237/787 2232/3286/2232 2195/3287/2195
vt 0.6884220242500305 0.6468589901924133
f 1677/3288/1677 1681/3241/1681 48/3239/48
f 1480/3239/1480 1392/3287/1392 1505/3288/1505
vt 0.6884220242500305 0.6607329845428467
f 417/3289/417 2769/3243/2769 670/3241/670
f 1919/3241/1919 3001/3288/3001 2841/3289/2841
vt 0.6884220242500305 0.6746550202369690
f 1322/3290/1322 973/3245/973 2793/3243/2793
f 707/3243/707 1646/3289/1646 807/3290/807
vt 0.6884220242500305 0.7171589732170105
f 1654/3291/1654 1691/3251/1691 2038/3249/2038
vt 0.6884220242500305 0.7028220295906067
f 413/3249/413 1765/3292/1765 2359/3291/2359
vt 0.6884220242500305 0.7317299842834473
f 898/3293/898 322/3253/322 723/3251/723
f 1732/3251/1732 723/3291/723 1779/3293/1779
vt 0.6884220242500305 0.7465869784355164
f 2866/3294/2866 2888/3255/2888 2843/3253/2843
f 150/3253/150 614/3293/614 693/3294/693
vt 0.6884220242500305 0.7617880105972290
f 1419/3295/1419 1586/3257/1586 645/3255/645
f 2952/3255/2952 630/3294/630 2764/3295/2764
vt 0.6884220242500305 0.7773910164833069
f 2278/3296/2278 1694/3259/1694 283/3257/283
f 1172/3257/1172 1262/3295/1262 2203/3296/2203
vt 0.6884220242500305 0.7934659719467163
f 1337/3297/1337 2462/3261/2462 2869/3259/2869
f 1529/3259/1529 1368/3296/1368 2242/3297/2242
vt 0.6884220242500305 0.8100829720497131
f 706/3298/706 2608/3263/2608 2313/3261/2313
f 1918/3261/1918 1872/3297/1872 388/3298/388
vt 0.6884220242500305 0.8273270130157471
f 1413/3299/1413 573/3265/573 2997/3263/2997
f 1074/3263/1074 2326/3298/2326 2299/3299/2299
vt 0.6884220242500305 0.8452870249748230
f 1074/3300/1074 2299/3267/2299 2326/3265/2326
f 1278/3265/1278 1296/3299/1296 1637/3300/1637
vt 0.6884220242500305 0.8645809888839722
f 890/3301/890 1720/3269/1720 805/3267/805
f 946/3267/946 406/3300/406 428/3301/428
vt 0.6884220242500305 0.8838739991188049
f 3019/3302/3019 7/3271/7 1/3269/1
f 376/3269/376 1611/3301/1611 1099/3302/1099
vt 0.7032160162925720 0.4479599893093109
f 2994/3303/2994 994/3275/994 581/3274/581
vt 0.7032160162925720 0.4657520055770874
f 2158/3304/2158 1378/3276/1378 1271/3275/1271
f 2286/3275/2286 2338/3303/2338 2034/3304/2034
vt 0.7032160162925720 0.4828920066356659
f 239/3305/239 2809/3277/2809 1316/3276/1316
f 1398/3276/1398 1486/3304/1486 286/3305/286
vt 0.7032160162925720 0.4988139867782593
f 1841/3306/1841 2947/3278/2947 2946/3277/2946
f 2744/3277/2744 2947/3305/2947 1031/3306/1031
vt 0.7032160162925720 0.5147370100021362
f 763/3307/763 501/3279/501 2478/3278/2478
f 997/3278/997 119/3306/119 2349/3307/2349
vt 0.7032160162925720 0.5306599736213684
f 2900/3308/2900 1772/3280/1772 2459/3279/2459
f 1539/3279/1539 797/3307/797 2682/3308/2682
vt 0.7032160162925720 0.5458350181579590
f 912/3309/912 1961/3281/1961 61/3280/61
f 1687/3280/1687 1697/3308/1697 2666/3309/2666
vt 0.7032160162925720 0.5621359944343567
f 463/3310/463 1185/3282/1185 2781/3281/2781
f 984/3281/984 728/3309/728 39/3310/39
vt 0.7032160162925720 0.5766620039939880
f 2806/3311/2806 437/3283/437 1185/3282/1185
f 2722/3282/2722 865/3310/865 1658/3311/1658
vt 0.7032160162925720 0.5909619927406311
f 2477/3312/2477 2480/3284/2480 2830/3283/2830
f 555/3283/555 2733/3311/2733 1054/3312/1054
vt 0.7032160162925720 0.6050850152969360
f 1111/3313/1111 389/3285/389 928/3284/928
f 2269/3284/2269 2622/3312/2622 287/3313/287
vt 0.7032160162925720 0.6190789937973022
f 1357/3314/1357 1195/3286/1195 405/3285/405
f 282/3285/282 2867/3313/2867 2848/3314/2848
vt 0.7032160162925720 0.6329879760742188
f 2764/3315/2764 630/3287/630 165/3286/165
f 2471/3286/2471 380/3314/380 1768/3315/1768
vt 0.7032160162925720 0.6468589901924133
f 2851/3316/2851 1884/3288/1884 1893/3287/1893
f 1640/3287/1640 1265/3315/1265 1233/3316/1233
vt 0.7032160162925720 0.6607329845428467
f 1327/3317/1327 1994/3289/1994 1990/3288/1990
f 2649/3288/2649 815/3316/815 649/3317/649
vt 0.7032160162925720 0.7317299842834473
f 2130/3318/2130 1519/3293/1519 350/3291/350
vt 0.7032160162925720 0.7171589732170105
f 2884/3291/2884 258/3319/258 248/3318/248
vt 0.7032160162925720 0.7465869784355164
f 2721/3320/2721 2722/3294/2722 777/3293/777
f 2668/3293/2668 2275/3318/2275 2054/3320/2054
vt 0.7032160162925720 0.7617880105972290
f 828/3321/828 1667/3295/1667 1662/3294/1662
f 3062/3294/3062 28/3320/28 3057/3321/3057
vt 0.7032160162925720 0.7773910164833069
f 736/3322/736 542/3296/542 1550/3295/1550
f 2234/3295/2234 1138/3321/1138 2592/3322/2592
vt 0.7032160162925720 0.7934659719467163
f 1887/3323/1887 1769/3297/1769 1314/3296/1314
f 983/3296/983 736/3322/736 1550/3323/1550
vt 0.7032160162925720 0.8100829720497131
f 1321/3324/1321 1920/3298/1920 394/3297/394
f 1401/3297/1401 2211/3323/2211 1607/3324/1607
vt 0.7032160162925720 0.8273270130157471
f 2974/3325/2974 1813/3299/1813 618/3298/618
f 1930/3298/1930 1758/3324/1758 1894/3325/1894
vt 0.7032160162925720 0.8452870249748230
f 1686/3326/1686 1969/3300/1969 563/3299/563
f 1420/3299/1420 591/3325/591 587/3326/587
vt 0.7032160162925720 0.8645809888839722
f 1910/3327/1910 968/3301/968 2025/3300/2025
f 783/3300/783 1246/3326/1246 2707/3327/2707
vt 0.7032160162925720 0.8838739991188049
f 1453/3328/1453 2562/3302/2562 2564/3301/2564
f 1668/3301/1668 2059/3327/2059 871/3328/871
vt 0.7180089950561523 0.4479599893093109
vt 0.7106119990348816 0.4479599893093109
vt 0.7106119990348816 0.4387040138244629
f 1456/3329/1456 1526/3330/1526 2141/3331/2141
vt 0.7180089950561523 0.4387040138244629
f 1046/3331/1046 2969/3332/2969 103/3329/103
vt 0.7032160162925720 0.4387040138244629
f 1689/3330/1689 2206/3303/2206 767/3333/767
f 1837/3333/1837 1008/3331/1008 1015/3330/1015
vt 0.7180089950561523 0.4657520055770874
f 1555/3330/1555 2005/3329/2005 2752/3334/2752
f 600/3304/600 1555/3303/1555 174/3330/174
f 1181/3334/1181 2754/3304/2754 1773/3330/1773
vt 0.7180089950561523 0.4828920066356659
f 306/3335/306 1373/3305/1373 1079/3304/1079
f 1059/3304/1059 1097/3334/1097 139/3335/139
vt 0.7180089950561523 0.4988139867782593
f 2918/3336/2918 2398/3306/2398 1395/3305/1395
f 1665/3305/1665 823/3335/823 1240/3336/1240
vt 0.7180089950561523 0.5147370100021362
f 2508/3337/2508 342/3307/342 1441/3306/1441
f 986/3306/986 151/3336/151 117/3337/117
vt 0.7180089950561523 0.5306599736213684
f 1625/3338/1625 1635/3308/1635 2127/3307/2127
f 1155/3307/1155 2695/3337/2695 2513/3338/2513
vt 0.7180089950561523 0.5458350181579590
f 1163/3339/1163 1289/3309/1289 1255/3308/1255
f 1167/3308/1167 2617/3338/2617 2616/3339/2616
vt 0.7180089950561523 0.5621359944343567
f 2651/3340/2651 2244/3310/2244 2325/3309/2325
f 920/3309/920 1219/3339/1219 267/3340/267
vt 0.7180089950561523 0.5766620039939880
f 584/3341/584 1012/3311/1012 517/3310/517
f 2796/3310/2796 2458/3340/2458 2845/3341/2845
vt 0.7180089950561523 0.5909619927406311
f 1429/3342/1429 1565/3312/1565 1564/3311/1564
f 853/3311/853 2709/3341/2709 2033/3342/2033
vt 0.7180089950561523 0.6050850152969360
f 1867/3343/1867 1849/3313/1849 2382/3312/2382
f 1624/3312/1624 352/3342/352 2520/3343/2520
vt 0.7180089950561523 0.6190789937973022
f 14/3344/14 37/3314/37 627/3313/627
f 597/3313/597 1547/3343/1547 560/3344/560
vt 0.7180089950561523 0.6329879760742188
f 2939/3345/2939 113/3315/113 1025/3314/1025
f 1853/3314/1853 729/3344/729 2967/3345/2967
vt 0.7180089950561523 0.6468589901924133
f 181/3346/181 1719/3316/1719 697/3315/697
f 224/3315/224 2446/3345/2446 2399/3346/2399
vt 0.7180089950561523 0.6607329845428467
f 2532/3347/2532 346/3317/346 1404/3316/1404
f 2807/3316/2807 382/3346/382 414/3347/414
vt 0.7180089950561523 0.7317299842834473
f 1986/3348/1986 1654/3318/1654 2038/3319/2038
vt 0.7180089950561523 0.7171589732170105
f 2815/3319/2815 1328/3349/1328 385/3348/385
vt 0.7180089950561523 0.7465869784355164
f 2822/3350/2822 2450/3320/2450 1024/3318/1024
f 89/3318/89 866/3348/866 818/3350/818
vt 0.7180089950561523 0.7617880105972290
f 2906/3351/2906 2992/3321/2992 2903/3320/2903
f 1294/3320/1294 1282/3350/1282 1597/3351/1597
vt 0.7180089950561523 0.7773910164833069
f 1147/3352/1147 772/3322/772 1460/3321/1460
f 1295/3321/1295 1635/3351/1635 1636/3352/1636
vt 0.7180089950561523 0.7934659719467163
f 2217/3353/2217 1295/3323/1295 2580/3322/2580
f 422/3322/422 963/3352/963 2797/3353/2797
vt 0.7180089950561523 0.8100829720497131
f 614/3354/614 1580/3324/1580 1411/3323/1411
f 2762/3323/2762 656/3353/656 146/3354/146
vt 0.7180089950561523 0.8273270130157471
f 2728/3355/2728 2659/3325/2659 1262/3324/1262
f 409/3324/409 110/3354/110 668/3355/668
vt 0.7180089950561523 0.8452870249748230
f 3054/3356/3054 3056/3326/3056 2149/3325/2149
f 1294/3325/1294 1396/3355/1396 1598/3356/1598
vt 0.7180089950561523 0.8645809888839722
f 1910/3357/1910 388/3327/388 968/3326/968
f 889/3326/889 1940/3356/1940 815/3357/815
vt 0.7180089950561523 0.8838739991188049
f 1662/3358/1662 2624/3328/2624 1693/3327/1693
f 2955/3327/2955 1818/3357/1818 2999/3358/2999
vt 0.7328029870986938 0.4479599893093109
vt 0.7254059910774231 0.4479599893093109
vt 0.7254059910774231 0.4387040138244629
f 3037/3359/3037 3036/3360/3036 3031/3361/3031
vt 0.7328029870986938 0.4387040138244629
f 574/3361/574 2760/3362/2760 1435/3359/1435
f 2079/3360/2079 2246/3329/2246 1066/3332/1066
f 586/3332/586 665/3361/665 1544/3360/1544
vt 0.7328029870986938 0.4657520055770874
f 912/3360/912 61/3359/61 2667/3363/2667
f 1688/3334/1688 716/3329/716 2110/3360/2110
f 1681/3363/1681 60/3334/60 2644/3360/2644
vt 0.7328029870986938 0.4828920066356659
f 454/3364/454 2859/3335/2859 2839/3334/2839
f 2502/3334/2502 453/3363/453 243/3364/243
vt 0.7328029870986938 0.4988139867782593
f 156/3365/156 1430/3336/1430 2738/3335/2738
f 975/3335/975 1199/3364/1199 396/3365/396
vt 0.7328029870986938 0.5147370100021362
f 758/3366/758 178/3337/178 1865/3336/1865
f 262/3336/262 2389/3365/2389 1221/3366/1221
vt 0.7328029870986938 0.5306599736213684
f 792/3367/792 2212/3338/2212 2222/3337/2222
f 479/3337/479 2929/3366/2929 749/3367/749
vt 0.7328029870986938 0.5458350181579590
f 3050/3368/3050 3055/3339/3055 3027/3338/3027
f 1934/3338/1934 917/3367/917 2775/3368/2775
vt 0.7328029870986938 0.5621359944343567
f 166/3369/166 932/3340/932 143/3339/143
f 361/3339/361 346/3368/346 1615/3369/1615
vt 0.7328029870986938 0.5766620039939880
f 154/3370/154 1866/3341/1866 1061/3340/1061
f 172/3340/172 577/3369/577 1434/3370/1434
vt 0.7328029870986938 0.5909619927406311
f 1542/3371/1542 2999/3342/2999 495/3341/495
f 2031/3341/2031 2411/3370/2411 2453/3371/2453
vt 0.7328029870986938 0.6050850152969360
f 1006/3372/1006 1688/3343/1688 2085/3342/2085
f 165/3342/165 630/3371/630 1427/3372/1427
vt 0.7328029870986938 0.6190789937973022
f 1122/3373/1122 2585/3344/2585 1153/3343/1153
f 1614/3343/1614 2118/3372/2118 2534/3373/2534
vt 0.7328029870986938 0.6329879760742188
f 191/3374/191 2842/3345/2842 2423/3344/2423
f 2345/3344/2345 1267/3373/1267 1262/3374/1262
vt 0.7328029870986938 0.6468589901924133
f 714/3375/714 1776/3346/1776 2658/3345/2658
f 1942/3345/1942 909/3374/909 294/3375/294
vt 0.7328029870986938 0.6607329845428467
f 421/3376/421 387/3347/387 929/3346/929
f 2982/3346/2982 747/3375/747 1854/3376/1854
vt 0.7328029870986938 0.6746550202369690
vt 0.7180089950561523 0.6746550202369690
f 16/3377/16 3067/3378/3067 41/3347/41
f 2578/3347/2578 783/3376/783 2218/3377/2218
vt 0.7180089950561523 0.6816620230674744
f 2060/3379/2060 1775/3378/1775 2042/3377/2042
vt 0.7328029870986938 0.6886699795722961
vt 0.7180089950561523 0.6886699795722961
f 2015/3380/2015 1305/3381/1305 1557/3379/1557
f 345/3377/345 1477/3380/1477 1393/3379/1393
vt 0.7180089950561523 0.6957460045814514
f 2566/3382/2566 1261/3381/1261 1106/3380/1106
vt 0.7328029870986938 0.7028220295906067
vt 0.7180089950561523 0.7028220295906067
f 1925/3383/1925 1014/3384/1014 562/3382/562
f 1748/3380/1748 1337/3383/1337 2869/3382/2869
vt 0.7328029870986938 0.7171589732170105
f 1608/3385/1608 1607/3349/1607 1265/3384/1265
f 2656/3384/2656 67/3383/67 2628/3385/2628
vt 0.7328029870986938 0.7317299842834473
f 1661/3386/1661 1653/3348/1653 77/3349/77
f 2604/3349/2604 3011/3385/3011 3044/3386/3044
vt 0.7328029870986938 0.7465869784355164
f 1648/3387/1648 79/3350/79 2645/3348/2645
f 2625/3348/2625 1648/3386/1648 694/3387/694
vt 0.7328029870986938 0.7617880105972290
f 2230/3388/2230 2725/3351/2725 855/3350/855
f 331/3350/331 1804/3387/1804 2322/3388/2322
vt 0.7328029870986938 0.7773910164833069
f 21/3389/21 9/3352/9 3027/3351/3027
f 2160/3351/2160 1126/3388/1126 799/3389/799
vt 0.7328029870986938 0.7934659719467163
f 1503/3390/1503 2507/3353/2507 1502/3352/1502
f 758/3352/758 506/3389/506 993/3390/993
vt 0.7328029870986938 0.8100829720497131
f 1453/3391/1453 1390/3354/1390 1452/3353/1452
f 2129/3353/2129 2197/3390/2197 2226/3391/2226
vt 0.7328029870986938 0.8273270130157471
f 2712/3392/2712 2134/3355/2134 1158/3354/1158
f 365/3354/365 1389/3391/1389 1302/3392/1302
vt 0.7328029870986938 0.8452870249748230
f 2917/3393/2917 2862/3356/2862 199/3355/199
f 1669/3355/1669 838/3392/838 2056/3393/2056
vt 0.7328029870986938 0.8645809888839722
f 86/3394/86 2656/3357/2656 1708/3356/1708
f 1841/3356/1841 2946/3393/2946 1044/3394/1044
vt 0.7328029870986938 0.8838739991188049
f 2764/3395/2764 1044/3358/1044 130/3357/130
f 1027/3357/1027 1055/3394/1055 1822/3395/1822
vt 0.7475960254669189 0.4479599893093109
vt 0.7401990294456482 0.4479599893093109
vt 0.7401990294456482 0.4387040138244629
f 86/3396/86 2610/3397/2610 2656/3398/2656
vt 0.7475960254669189 0.4387040138244629
f 2264/3398/2264 1406/3399/1406 1672/3396/1672
f 632/3397/632 570/3359/570 2784/3362/2784
f 2330/3362/2330 2302/3398/2302 1793/3397/1793
vt 0.7475960254669189 0.4657520055770874
f 1011/3397/1011 2732/3396/2732 729/3400/729
f 2651/3363/2651 1666/3359/1666 820/3397/820
f 816/3400/816 2611/3363/2611 50/3397/50
vt 0.7475960254669189 0.4828920066356659
f 140/3401/140 983/3364/983 2991/3363/2991
f 1976/3363/1976 903/3400/903 2116/3401/2116
vt 0.7475960254669189 0.4988139867782593
f 759/3402/759 2423/3365/2423 245/3364/245
f 1321/3364/1321 394/3401/394 2486/3402/2486
vt 0.7475960254669189 0.5147370100021362
f 1444/3403/1444 2519/3366/2519 2513/3365/2513
f 2490/3365/2490 1924/3402/1924 1762/3403/1762
vt 0.7475960254669189 0.5306599736213684
f 1317/3404/1317 2478/3367/2478 1907/3366/1907
f 586/3366/586 1544/3403/1544 1329/3404/1329
vt 0.7475960254669189 0.5458350181579590
f 3009/3405/3009 3061/3368/3061 3045/3367/3045
f 2906/3367/2906 183/3404/183 2930/3405/2930
vt 0.7475960254669189 0.5621359944343567
f 2346/3406/2346 1064/3369/1064 2081/3368/2081
f 1128/3368/1128 1280/3405/1280 2576/3406/2576
vt 0.7475960254669189 0.5766620039939880
f 792/3407/792 775/3370/775 2212/3369/2212
f 3012/3369/3012 2925/3406/2925 2675/3407/2675
vt 0.7475960254669189 0.5909619927406311
f 215/3408/215 280/3371/280 2372/3370/2372
f 171/3370/171 2751/3407/2751 605/3408/605
vt 0.7475960254669189 0.6050850152969360
f 1697/3409/1697 1970/3372/1970 856/3371/856
f 665/3371/665 2996/3408/2996 2396/3409/2396
vt 0.7475960254669189 0.6190789937973022
f 2262/3410/2262 2261/3373/2261 2300/3372/2300
f 690/3372/690 2300/3409/2300 1070/3410/1070
vt 0.7475960254669189 0.6329879760742188
f 298/3411/298 2260/3374/2260 2096/3373/2096
f 515/3373/515 735/3410/735 496/3411/496
vt 0.7475960254669189 0.6468589901924133
f 1205/3412/1205 1329/3375/1329 1995/3374/1995
f 801/3374/801 2236/3411/2236 2166/3412/2166
vt 0.7475960254669189 0.6607329845428467
f 51/3413/51 2308/3376/2308 2639/3375/2639
f 1844/3375/1844 677/3412/677 2961/3413/2961
vt 0.7475960254669189 0.6746550202369690
f 464/3414/464 2481/3377/2481 1844/3376/1844
f 1294/3376/1294 1597/3413/1597 1526/3414/1526
vt 0.7475960254669189 0.6886699795722961
f 307/3415/307 2080/3380/2080 2259/3377/2259
f 165/3377/165 1427/3414/1427 144/3415/144
vt 0.7475960254669189 0.7028220295906067
f 2917/3416/2917 184/3383/184 102/3380/102
f 611/3380/611 2764/3415/2764 165/3416/165
vt 0.7475960254669189 0.7171589732170105
f 1474/3417/1474 28/3385/28 782/3383/782
f 1269/3383/1269 1493/3416/1493 338/3417/338
vt 0.7475960254669189 0.7317299842834473
f 2708/3418/2708 2707/3386/2707 1246/3385/1246
f 2565/3385/2565 1246/3417/1246 1105/3418/1105
vt 0.7475960254669189 0.7465869784355164
f 2517/3419/2517 1467/3387/1467 2150/3386/2150
f 1993/3386/1993 1741/3418/1741 1897/3419/1897
vt 0.7475960254669189 0.7617880105972290
f 2606/3420/2606 3063/3388/3063 2604/3387/2604
f 3034/3387/3034 9/3419/9 3026/3420/3026
vt 0.7475960254669189 0.7773910164833069
f 1643/3421/1643 1935/3389/1935 805/3388/805
f 282/3388/282 2359/3420/2359 260/3421/260
vt 0.7475960254669189 0.7934659719467163
f 2891/3422/2891 2836/3390/2836 2425/3389/2425
f 479/3389/479 222/3421/222 2378/3422/2378
vt 0.7475960254669189 0.8100829720497131
f 1327/3423/1327 1582/3391/1582 1421/3390/1421
f 2499/3390/2499 2959/3422/2959 478/3423/478
vt 0.7475960254669189 0.8273270130157471
f 1390/3424/1390 1104/3392/1104 1235/3391/1235
f 1304/3391/1304 1621/3423/1621 1613/3424/1613
vt 0.7475960254669189 0.8452870249748230
f 1154/3425/1154 1134/3393/1134 1235/3392/1235
f 2327/3392/2327 2342/3424/2342 2313/3425/2313
vt 0.7475960254669189 0.8645809888839722
f 1155/3426/1155 2513/3394/2513 2584/3393/2584
f 2045/3393/2045 284/3425/284 304/3426/304
vt 0.7475960254669189 0.8838739991188049
f 2716/3427/2716 1234/3395/1234 1163/3394/1163
f 1429/3394/1429 1430/3426/1430 1565/3427/1565
vt 0.7549930214881897 0.4479599893093109
f 167/3428/167 505/3396/505 999/3399/999
vt 0.7549930214881897 0.4387040138244629
f 2310/3399/2310 1300/3429/1300 1469/3428/1469
vt 0.6473339796066284 0.3999580144882202
vt 0.6439329981803894 0.4143469929695129
vt 0.6439329981803894 0.3972240090370178
f 555/3430/555 645/3431/645 2733/3432/2733
vt 0.6439329981803894 0.4464609920978546
vt 0.6439329981803894 0.4307320117950439
f 224/3433/224 2399/3434/2399 1820/3213/1820
f 1333/3213/1333 2486/3216/2486 251/3433/251
f 1358/3434/1358 1181/3431/1181 434/3214/434
f 1220/3214/1220 1911/3213/1911 386/3434/386
vt 0.6439329981803894 0.4616050124168396
f 1501/3435/1501 2555/3433/2555 1631/3216/1631
f 1678/3216/1678 850/3218/850 1647/3435/1647
vt 0.6439329981803894 0.4762279987335205
vt 0.6439329981803894 0.4903860092163086
f 270/3436/270 222/3220/222 2426/3437/2426
f 2588/3436/2588 717/3435/717 2643/3218/2643
f 1440/3218/1440 874/3220/874 582/3436/582
vt 0.6507689952850342 0.4025509953498840
f 1524/3430/1524 2698/3438/2698 1494/3431/1494
vt 0.6542350053787231 0.4050090014934540
vt 0.6577290296554565 0.4073379933834076
f 589/3439/589 678/3440/678 178/3431/178
f 490/3440/490 550/3214/550 585/3431/585
vt 0.6612489819526672 0.4095439910888672
f 1247/3441/1247 1153/3214/1153 1118/3440/1118
f 1040/3439/1040 168/3431/168 635/3438/635
vt 0.6439329981803894 0.5041329860687256
f 521/3220/521 1585/3222/1585 539/3442/539
f 1573/3442/1573 648/3437/648 1545/3220/1545
vt 0.6439329981803894 0.5175129771232605
f 203/3443/203 460/3442/460 2358/3222/2358
f 530/3222/530 27/3224/27 528/3443/528
vt 0.6439329981803894 0.5433459877967834
vt 0.6439329981803894 0.5305709838867188
f 51/3444/51 1847/3445/1847 2308/3226/2308
f 1986/3226/1986 906/3228/906 2050/3444/2050
f 3017/3445/3017 46/3443/46 40/3224/40
f 2420/3224/2420 1744/3226/1744 1999/3445/1999
vt 0.6439329981803894 0.5558729767799377
vt 0.6439329981803894 0.5681880116462708
f 2014/3446/2014 1744/3230/1744 1207/3447/1207
vt 0.6439329981803894 0.5923050045967102
vt 0.6439329981803894 0.5803220272064209
f 2115/3448/2115 488/3449/488 1054/3232/1054
f 21/3232/21 20/3234/20 8/3448/8
f 2416/3449/2416 2465/3447/2465 2017/3230/2017
f 1125/3230/1125 1230/3232/1230 1159/3449/1159
f 94/3446/94 2593/3444/2593 1138/3228/1138
f 623/3228/623 622/3230/622 1846/3446/1846
vt 0.6439329981803894 0.6039879918098450
f 1476/3450/1476 1375/3448/1375 2344/3234/2344
f 670/3234/670 761/3236/761 2436/3450/2436
vt 0.6439329981803894 0.6155800223350525
f 1986/3451/1986 2038/3450/2038 1962/3236/1962
f 2058/3236/2058 2102/3238/2102 305/3451/305
vt 0.6439329981803894 0.6271049976348877
f 2960/3451/2960 135/3238/135 761/3452/761
vt 0.6439329981803894 0.6500560045242310
vt 0.6439329981803894 0.6385890245437622
f 975/3453/975 2806/3454/2806 1185/3240/1185
f 2793/3240/2793 398/3242/398 1920/3453/1920
vt 0.6439329981803894 0.6615319848060608
f 1922/3455/1922 1306/3453/1306 1906/3242/1906
f 1445/3242/1445 2209/3244/2209 1490/3455/1490
f 1339/3240/1339 2003/3454/2003 1344/3452/1344
vt 0.6647930145263672 0.4116339981555939
f 636/3214/636 2737/3456/2737 643/3211/643
vt 0.6683599948883057 0.4136100113391876
vt 0.6719490289688110 0.4154799878597260
f 2101/3211/2101 1962/3457/1962 2038/3458/2038
f 1504/3211/1504 359/3456/359 2136/3457/2136
f 2903/3212/2903 2454/3211/2454 234/3458/234
vt 0.6755589842796326 0.4172460138797760
vt 0.6791880130767822 0.4189119935035706
f 2256/3212/2256 2621/3459/2621 808/3460/808
f 2917/3212/2917 459/3458/459 2390/3459/2390
f 2162/3460/2162 2679/3209/2679 779/3212/779
vt 0.6828349828720093 0.4204820096492767
f 827/3461/827 1966/3273/1966 830/3460/830
vt 0.6865000128746033 0.4219599962234497
vt 0.6901810169219971 0.4233480095863342
f 962/3462/962 2745/3463/2745 2791/3274/2791
f 2393/3462/2393 436/3273/436 2482/3461/2482
vt 0.6975899934768677 0.4258649945259094
vt 0.6938779950141907 0.4246490001678467
f 1866/3464/1866 1411/3274/1411 733/3465/733
vt 0.7050570249557495 0.4280540049076080
vt 0.7013170123100281 0.4269999861717224
f 1330/3466/1330 1904/3333/1904 957/3467/957
f 239/3467/239 2439/3333/2439 264/3464/264
f 1748/3465/1748 2403/3274/2403 1745/3463/1745
vt 0.7088109850883484 0.4290310144424438
f 905/3468/905 837/3333/837 1692/3466/1692
f 154/3452/154 1061/3238/1061 1724/3240/1724
f 764/3460/764 1490/3273/1490 1493/3209/1493
f 1206/3333/1206 381/3274/381 935/3464/935
f 778/3274/778 2683/3273/2683 1530/3462/1530
f 1293/3274/1293 2544/3333/2544 1489/3303/1489
vt 0.6439329981803894 0.6730409860610962
f 1358/3469/1358 1879/3455/1879 1181/3244/1181
f 935/3244/935 381/3246/381 1239/3469/1239
f 2917/3290/2917 102/3317/102 2862/3378/2862
f 348/3333/348 2521/3468/2521 357/3331/357
vt 0.7125759720802307 0.4299310147762299
f 2948/3331/2948 121/3468/121 1047/3470/1047
f 1073/3456/1073 1082/3214/1082 1688/3441/1688
f 1324/3378/1324 411/3317/411 2013/3347/2013
vt 0.6439329981803894 0.6846079826354980
f 2391/3471/2391 1198/3469/1198 184/3246/184
f 1948/3246/1948 826/3248/826 859/3471/859
vt 0.6439329981803894 0.7080180048942566
vt 0.6439329981803894 0.6962580084800720
f 95/3250/95 73/3472/73 1718/3473/1718
f 1312/3473/1312 2444/3471/2444 1353/3248/1353
vt 0.6439329981803894 0.7319750189781189
vt 0.6439329981803894 0.7199140191078186
f 141/3474/141 651/3475/651 1548/3252/1548
f 1148/3252/1148 1137/3254/1137 1253/3474/1253
vt 0.6439329981803894 0.7567139863967896
vt 0.6439329981803894 0.7442309856414795
f 364/3476/364 2591/3477/2591 2590/3256/2590
f 2055/3256/2055 1802/3258/1802 2665/3476/2665
f 2235/3477/2235 2679/3474/2679 773/3254/773
f 1437/3254/1437 675/3256/675 158/3477/158
f 1045/3475/1045 674/3472/674 2739/3250/2739
f 676/3250/676 1057/3252/1057 99/3475/99
f 1807/3248/1807 2547/3250/2547 1365/3473/1365
vt 0.6439329981803894 0.7694569826126099
f 1702/3476/1702 2248/3258/2248 323/3478/323
vt 0.6439329981803894 0.7824969887733459
f 1467/3258/1467 363/3260/363 2135/3479/2135
f 1488/3479/1488 285/3478/285 1368/3258/1368
vt 0.6439329981803894 0.7958739995956421
f 365/3480/365 1638/3479/1638 2537/3260/2537
f 1061/3260/1061 2293/3262/2293 1724/3480/1724
vt 0.6439329981803894 0.8238120079040527
vt 0.6439329981803894 0.8096299767494202
f 140/3481/140 2991/3482/2991 730/3264/730
f 1657/3264/1657 862/3266/862 864/3481/864
f 2913/3482/2913 274/3480/274 2453/3262/2453
f 2651/3262/2651 2046/3264/2046 1666/3482/1666
vt 0.6439329981803894 0.8536710143089294
vt 0.6439329981803894 0.8384730219841003
f 959/3268/959 916/3483/916 924/3484/924
vt 0.6439329981803894 0.8859410285949707
vt 0.6439329981803894 0.8694700002670288
f 888/3485/888 2186/3486/2186 1965/3270/1965
f 2556/3270/2556 1119/3272/1119 2640/3485/2640
f 417/3486/417 1996/3483/1996 2769/3270/2769
f 833/3484/833 2583/3481/2583 1658/3266/1658
f 1417/3266/1417 1543/3268/1543 1426/3484/1426
vt 0.6513370275497437 0.9031680226325989
vt 0.6439329981803894 0.9031680226325989
f 1912/3487/1912 406/3488/406 1899/3485/1899
vt 0.6587399840354919 0.9031680226325989
f 331/3489/331 2322/3487/2322 2061/3272/2061
f 1013/3272/1013 2971/3487/2971 518/3485/518
f 656/3483/656 145/3268/145 615/3270/615
vt 0.6900449991226196 0.6850519776344299
vt 0.6893190145492554 0.6900780200958252
f 2813/3290/2813 1901/3490/1901 1344/3491/1344
vt 0.6923720240592957 0.6804850101470947
f 783/3290/783 2718/3492/2718 1165/3490/1165
vt 0.6962699890136719 0.6769080162048340
f 1673/3492/1673 821/3290/821 2048/3493/2048
f 2183/3245/2183 2177/3290/2177 1937/3247/1937
f 621/3292/621 2740/3290/2740 620/3491/620
vt 0.6903380155563354 0.6951010227203369
f 942/3292/942 407/3491/407 381/3494/381
f 2906/3290/2906 2930/3292/2930 1856/3249/1856
f 334/3249/334 1598/3247/1598 1396/3290/1396
vt 0.6933100223541260 0.6993499994277954
f 1152/3494/1152 1397/3495/1397 782/3292/782
f 1991/3317/1991 1315/3290/1315 1874/3289/1874
vt 0.7067400217056274 0.6752120256423950
vt 0.7013189792633057 0.6749929785728455
f 1883/3496/1883 1350/3497/1350 1772/3378/1772
f 2668/3290/2668 1973/3378/1973 845/3497/845
vt 0.7007730007171631 0.7021059989929199
vt 0.6980580091476440 0.7017769813537598
f 2157/3498/2157 2155/3292/2155 1468/3499/1468
f 316/3319/316 1686/3292/1686 984/3384/984
vt 0.7114549875259399 0.6776729822158813
vt 0.7092620134353638 0.6761789917945862
f 1536/3378/1536 1487/3500/1487 2154/3501/2154
vt 0.6955159902572632 0.7008470296859741
f 942/3502/942 923/3292/923 2780/3495/2780
vt 0.6883540153503418 0.9031680226325989
f 2040/3271/2040 2282/3302/2282 2084/3503/2084
vt 0.6809509992599487 0.9031680226325989
f 2190/3503/2190 2689/3504/2689 2205/3271/2205
vt 0.6735470294952393 0.9031680226325989
f 679/3272/679 2756/3271/2756 430/3505/430
vt 0.6661440134048462 0.9031680226325989
f 345/3505/345 1298/3506/1298 3052/3272/3052
f 2346/3504/2346 1777/3505/1777 1793/3271/1793
f 1950/3489/1950 722/3272/722 1982/3506/1982
f 1303/3292/1303 1067/3319/1067 55/3291/55
f 2236/3499/2236 2098/3292/2098 1365/3502/1365
f 1763/3498/1763 1996/3384/1996 1209/3292/1209
vt 0.7034909725189209 0.7018010020256042
vt 0.7083989977836609 0.6996330022811890
f 1684/3384/1684 2639/3507/2639 1795/3508/1795
f 2676/3384/2676 528/3498/528 27/3507/27
vt 0.6957579851150513 0.9031680226325989
f 2349/3503/2349 2397/3302/2397 2887/3509/2887
vt 0.7031610012054443 0.9031680226325989
f 609/3302/609 1202/3328/1202 398/3510/398
f 2021/3510/2021 1924/3509/1924 1349/3302/1349
vt 0.7105649709701538 0.9031680226325989
f 2192/3511/2192 2018/3510/2018 1764/3328/1764
vt 0.7179679870605469 0.9031680226325989
f 1205/3328/1205 1212/3358/1212 1336/3512/1336
f 1159/3512/1159 1160/3511/1160 1121/3328/1121
f 1121/3497/1121 787/3493/787 1470/3290/1470
vt 0.7163540124893188 0.4307569861412048
f 2384/3331/2384 246/3513/246 423/3332/423
vt 0.7201420068740845 0.4315110146999359
vt 0.7239410281181335 0.4321930110454559
f 1895/3332/1895 1203/3514/1203 1311/3515/1311
f 479/3332/479 261/3513/261 2929/3514/2929
f 1157/3361/1157 2231/3332/2231 1107/3515/1107
vt 0.7277489900588989 0.4328050017356873
f 939/3362/939 2776/3361/2776 976/3516/976
f 1843/3361/1843 1069/3515/1069 106/3516/106
vt 0.7315670251846313 0.4333480000495911
f 705/3517/705 2336/3362/2336 1843/3516/1843
vt 0.7353940010070801 0.4338240027427673
vt 0.7392290234565735 0.4342339932918549
f 1329/3398/1329 1544/3518/1544 1995/3519/1995
vt 0.7430719733238220 0.4345780014991760
f 2028/3399/2028 233/3398/233 2827/3520/2827
f 727/3398/727 67/3519/67 2610/3520/2610
f 189/3398/189 228/3362/228 188/3518/188
vt 0.7507789731025696 0.4350740015506744
vt 0.7469220161437988 0.4348579943180084
f 2580/3521/2580 1295/3399/1295 2596/3522/2596
f 1529/3522/1529 2287/3399/2287 1639/3520/1639
vt 0.7546430230140686 0.4352279901504517
f 2343/3523/2343 2602/3429/2602 2083/3521/2083
f 904/3517/904 1955/3518/1955 1710/3362/1710
vt 0.7623900175094604 0.4756239950656891
f 181/3400/181 1592/3524/1592 1422/3401/1422
f 842/3400/842 2083/3396/2083 543/3428/543
vt 0.7623900175094604 0.5064079761505127
f 2677/3402/2677 3027/3525/3027 3055/3403/3055
vt 0.7623900175094604 0.5359960198402405
f 2565/3404/2565 1182/3526/1182 402/3405/402
vt 0.7623900175094604 0.5213469862937927
f 1535/3527/1535 2515/3404/2515 2152/3403/2152
vt 0.7623900175094604 0.4911699891090393
f 3053/3528/3053 3066/3402/3066 3051/3401/3051
vt 0.7623900175094604 0.5714020133018494
f 485/3406/485 624/3529/624 537/3407/537
vt 0.7623900175094604 0.5574430227279663
f 630/3406/630 629/3405/629 587/3530/587
vt 0.7623900175094604 0.4435710012912750
f 1006/3531/1006 755/3428/755 485/3429/485
vt 0.7623900175094604 0.5850989818572998
f 1734/3532/1734 2750/3408/2750 1415/3407/1415
vt 0.7623900175094604 0.5985400080680847
f 565/3408/565 1568/3533/1568 592/3409/592
vt 0.7623900175094604 0.6246870160102844
f 2029/3410/2029 972/3534/972 922/3411/922
vt 0.7623900175094604 0.6374059915542603
f 1883/3411/1883 1343/3535/1343 1350/3412/1350
vt 0.7623900175094604 0.6117349863052368
f 653/3536/653 384/3410/384 1184/3409/1184
vt 0.7623900175094604 0.4597609937191010
f 2973/3400/2973 2491/3428/2491 2861/3537/2861
f 139/3429/139 1068/3399/1068 1782/3521/1782
vt 0.7585129737854004 0.4353190064430237
f 599/3429/599 540/3523/540 600/3538/600
vt 0.7623900175094604 0.4353500008583069
f 422/3531/422 2797/3538/2797 626/3539/626
vt 0.7623900175094604 0.4517079889774323
f 1458/3531/1458 1441/3540/1441 342/3428/342
f 1830/3428/1830 115/3540/115 1014/3537/1014
vt 0.7623900175094604 0.4677329957485199
f 181/3537/181 697/3541/697 1592/3400/1592
vt 0.7623900175094604 0.4834359884262085
f 472/3542/472 2383/3401/2383 273/3524/273
f 1604/3524/1604 1452/3400/1452 2678/3541/2678
f 1839/3401/1839 487/3542/487 633/3528/633
vt 0.7623900175094604 0.4988270103931427
f 2661/3528/2661 79/3543/79 52/3402/52
vt 0.7623900175094604 0.5139139890670776
f 2178/3544/2178 2212/3403/2212 775/3525/775
f 1968/3544/1968 857/3527/857 813/3403/813
vt 0.7623900175094604 0.5287070274353027
f 1177/3545/1177 2774/3526/2774 2019/3404/2019
vt 0.7623900175094604 0.5432140231132507
f 739/3526/739 2979/3546/2979 502/3405/502
f 213/3404/213 2782/3527/2782 1876/3545/1876
f 2118/3543/2118 1599/3525/1599 2559/3402/2559
vt 0.7623900175094604 0.5503619909286499
f 272/3405/272 462/3546/462 2375/3547/2375
vt 0.7623900175094604 0.5644549727439880
f 951/3530/951 933/3548/933 2789/3406/2789
vt 0.7623900175094604 0.5782819986343384
f 2819/3407/2819 2001/3529/2001 1193/3549/1193
f 1162/3530/1162 49/3405/49 681/3547/681
f 1398/3532/1398 2118/3407/2118 1534/3549/1534
vt 0.7623900175094604 0.5918509960174561
f 2724/3533/2724 2212/3408/2212 2178/3550/2178
f 140/3550/140 2285/3408/2285 1097/3532/1097
f 2746/3406/2746 114/3548/114 1033/3529/1033
vt 0.7623900175094604 0.6182410120964050
f 2953/3410/2953 1851/3536/1851 1033/3551/1033
f 770/3534/770 2161/3410/2161 768/3551/768
vt 0.7623900175094604 0.6310759782791138
f 105/3411/105 1650/3534/1650 2938/3552/2938
f 859/3535/859 1651/3411/1651 2628/3552/2628
vt 0.7623900175094604 0.6498960256576538
vt 0.7623900175094604 0.6560570001602173
f 1780/3553/1780 1448/3554/1448 1268/3412/1268
vt 0.7623900175094604 0.6436790227890015
f 2554/3412/2554 2687/3555/2687 2550/3553/2550
f 2943/3535/2943 613/3555/613 2951/3412/2951
vt 0.7623900175094604 0.6051679849624634
f 820/3536/820 1781/3409/1781 2321/3556/2321
f 42/3556/42 3067/3409/3067 16/3533/16
f 1504/3429/1504 2136/3538/2136 1492/3531/1492
f 701/3413/701 844/3412/844 874/3554/874
vt 0.7145090103149414 0.6817849874496460
f 2988/3557/2988 754/3500/754 1571/3378/1571
f 61/3557/61 693/3378/693 2667/3379/2667
vt 0.7153419852256775 0.6866909861564636
f 3037/3558/3037 3054/3557/3054 3036/3379/3036
vt 0.7144550085067749 0.6915469765663147
vt 0.7121210098266602 0.6959859728813171
f 893/3559/893 894/3382/894 895/3560/895
f 1979/3559/1979 893/3558/893 1980/3381/1980
f 1325/3379/1325 1888/3381/1888 1747/3558/1747
f 1227/3381/1227 2816/3382/2816 2006/3559/2006
f 2816/3378/2816 2760/3501/2760 1888/3496/1888
vt 0.7623900175094604 0.6807379722595215
f 819/3561/819 1976/3415/1976 910/3414/910
vt 0.7623900175094604 0.6682800054550171
f 1639/3414/1639 2287/3413/2287 1067/3562/1067
f 1822/3319/1822 1055/3384/1055 622/3349/622
vt 0.7623900175094604 0.7132620215415955
f 34/3563/34 3043/3417/3043 3006/3416/3006
vt 0.7623900175094604 0.6935049891471863
f 272/3416/272 219/3415/219 220/3564/220
f 3033/3560/3033 3060/3382/3060 2156/3384/2156
vt 0.7253720164299011 0.9031680226325989
f 1006/3358/1006 485/3565/485 537/3512/537
vt 0.7475829720497131 0.9031680226325989
f 558/3395/558 618/3427/618 657/3566/657
vt 0.7401790022850037 0.9031680226325989
f 2839/3566/2839 2498/3567/2498 522/3395/522
vt 0.7327759861946106 0.9031680226325989
f 802/3358/802 1133/3395/1133 1507/3568/1507
f 2250/3568/2250 2090/3565/2090 2046/3358/2046
f 1639/3567/1639 1303/3568/1303 371/3395/371
vt 0.7623900175094604 0.7551159858703613
f 583/3569/583 1584/3420/1584 1562/3419/1562
vt 0.7623900175094604 0.7849040031433105
f 2280/3570/2280 325/3422/325 2270/3421/2270
vt 0.7623900175094604 0.7698109745979309
f 1792/3421/1792 1713/3420/1713 1154/3571/1154
vt 0.7623900175094604 0.8163470029830933
f 2122/3572/2122 1512/3424/1512 1368/3423/1368
vt 0.7623900175094604 0.8581960201263428
f 1588/3573/1588 1437/3426/1437 1438/3425/1438
vt 0.7623900175094604 0.8757899999618530
f 1344/3574/1344 1759/3427/1759 2486/3426/2486
vt 0.7623900175094604 0.8327329754829407
f 1570/3425/1570 1418/3424/1418 569/3575/569
vt 0.7623900175094604 0.8004099726676941
f 2199/3423/2199 800/3422/800 1927/3576/1927
vt 0.7623900175094604 0.7408019900321960
f 2098/3419/2098 1807/3418/1807 1365/3577/1365
vt 0.7549859881401062 0.9031680226325989
f 3052/3578/3052 1638/3566/1638 2548/3427/2548
vt 0.7623900175094604 0.7268559932708740
f 1839/3418/1839 633/3417/633 537/3579/537
f 2473/3508/2473 2438/3560/2438 2854/3384/2854
vt 0.7623900175094604 0.6744710206985474
f 1727/3414/1727 2204/3562/2204 825/3580/825
vt 0.7623900175094604 0.6870819926261902
f 711/3561/711 1712/3581/1712 1664/3415/1664
f 1180/3414/1180 971/3580/971 235/3561/235
vt 0.7623900175094604 0.7000089883804321
f 419/3416/419 971/3564/971 420/3582/420
vt 0.7623900175094604 0.7065939903259277
f 353/3582/353 2558/3583/2558 2533/3416/2533
f 2380/3581/2380 457/3564/457 2856/3415/2856
f 1624/3416/1624 1232/3583/1232 2558/3563/2558
vt 0.7623900175094604 0.7200160026550293
f 2815/3417/2815 385/3584/385 1213/3579/1213
vt 0.7623900175094604 0.7337840199470520
f 2920/3418/2920 2821/3585/2821 2447/3577/2447
f 1175/3584/1175 1620/3417/1620 2590/3563/2590
vt 0.7623900175094604 0.7479119896888733
f 2143/3577/2143 1595/3586/1595 2345/3419/2345
vt 0.7623900175094604 0.7624149918556213
f 1835/3420/1835 2324/3587/2324 2927/3571/2927
f 2604/3569/2604 3063/3587/3063 3042/3420/3042
vt 0.7623900175094604 0.7773069739341736
f 2524/3421/2524 1297/3571/1297 1606/3588/1606
f 2026/3585/2026 1318/3418/1318 2775/3579/2775
f 756/3586/756 760/3569/760 518/3419/518
vt 0.7623900175094604 0.7926040291786194
f 589/3570/589 178/3589/178 612/3422/612
f 318/3589/318 2112/3576/2112 319/3422/319
vt 0.7623900175094604 0.8083239793777466
f 420/3423/420 971/3576/971 1180/3590/1180
vt 0.7623900175094604 0.8244829773902893
f 3003/3424/3003 2671/3572/2671 526/3591/526
f 420/3572/420 966/3423/966 414/3590/414
f 2594/3591/2594 2684/3575/2684 1532/3424/1532
vt 0.7623900175094604 0.8410999774932861
f 2222/3425/2222 788/3575/788 2185/3592/2185
f 2183/3570/2183 2216/3421/2216 2177/3588/2177
vt 0.7623900175094604 0.8495870232582092
f 2726/3593/2726 1130/3573/1130 2691/3425/2691
vt 0.7623900175094604 0.8669289946556091
f 2334/3594/2334 719/3574/719 70/3426/70
f 2815/3426/2815 2414/3573/2414 1755/3594/1755
vt 0.7623900175094604 0.8847820162773132
vt 0.7623900175094604 0.8939070105552673
f 1080/3595/1080 1079/3596/1079 1790/3427/1790
vt 0.7623900175094604 0.9031680226325989
f 2912/3578/2912 2429/3596/2429 2499/3597/2499
f 444/3596/444 463/3578/463 2463/3427/2463
f 3015/3427/3015 3023/3574/3023 3004/3595/3004
f 1976/3425/1976 2116/3592/2116 326/3593/326
vt 0.7623900175094604 0.6621639728546143
f 250/3598/250 2433/3562/2433 2842/3413/2842
f 1526/3598/1526 2536/3413/2536 2141/3554/2141
f 203/3513/203 431/3331/431 2785/3470/2785
vt 0.7831349968910217 0.0367439985275269
vt 0.7831349968910217 0.0189629998058081
vt 0.7926319837570190 0.0189629998058081
f 2190/3599/2190 2170/3600/2170 2689/3601/2689
vt 0.7926319837570190 0.0367439985275269
f 510/3601/510 1853/3602/1853 497/3599/497
vt 0.7734950184822083 0.0367439985275269
vt 0.7734950184822083 0.0189629998058081
f 1640/3603/1640 1608/3604/1608 1265/3600/1265
f 2074/3600/2074 326/3599/326 2116/3603/2116
vt 0.7831349968910217 0.0545249991118908
f 3044/3605/3044 3011/3599/3011 3032/3602/3032
vt 0.7926319837570190 0.0545249991118908
f 2022/3602/2022 202/3606/202 2806/3605/2806
vt 0.7734950184822083 0.0545249991118908
f 265/3607/265 196/3603/196 2367/3599/2367
f 2609/3599/2609 927/3605/927 1194/3607/1194
vt 0.7831349968910217 0.0723059996962547
f 1085/3608/1085 2061/3605/2061 1388/3606/1388
vt 0.7926319837570190 0.0723059996962547
f 2910/3606/2910 2893/3609/2893 255/3608/255
vt 0.7734950184822083 0.0723059996962547
f 2494/3610/2494 491/3607/491 2147/3605/2147
f 1846/3605/1846 1055/3608/1055 1056/3610/1056
vt 0.7831349968910217 0.0899989977478981
f 2530/3611/2530 1104/3608/1104 1148/3609/1148
vt 0.7926319837570190 0.0899989977478981
f 82/3609/82 897/3612/897 1973/3611/1973
vt 0.7734950184822083 0.0899989977478981
f 586/3613/586 640/3610/640 665/3608/665
f 1477/3608/1477 1465/3611/1465 1466/3613/1466
vt 0.7831349968910217 0.1072940006852150
f 1620/3614/1620 1149/3611/1149 357/3612/357
vt 0.7926319837570190 0.1072940006852150
f 2020/3612/2020 931/3615/931 1872/3614/1872
vt 0.7734950184822083 0.1072940006852150
f 1794/3616/1794 1780/3613/1780 2084/3611/2084
f 481/3611/481 1927/3614/1927 213/3616/213
vt 0.7831349968910217 0.1245890036225319
f 1038/3617/1038 126/3614/126 1052/3615/1052
vt 0.7926319837570190 0.1245890036225319
f 1357/3615/1357 405/3618/405 1579/3617/1579
vt 0.7734950184822083 0.1245890036225319
f 1673/3619/1673 297/3616/297 903/3614/903
f 317/3614/317 2348/3617/2348 899/3619/899
vt 0.7831349968910217 0.1418839991092682
f 1948/3620/1948 859/3617/859 2628/3618/2628
vt 0.7926319837570190 0.1418839991092682
f 1537/3618/1537 1447/3621/1447 2156/3620/2156
vt 0.7734950184822083 0.1418839991092682
f 2860/3622/2860 2431/3619/2431 2877/3617/2877
f 154/3617/154 1411/3620/1411 1866/3622/1866
vt 0.7831349968910217 0.1591790020465851
f 2294/3623/2294 2666/3620/2666 715/3621/715
vt 0.7926319837570190 0.1591790020465851
f 1922/3621/1922 1191/3624/1191 1992/3623/1992
vt 0.7734950184822083 0.1591790020465851
f 1303/3625/1303 1124/3622/1124 2584/3620/2584
f 2506/3620/2506 1388/3623/1388 2515/3625/2515
vt 0.7831349968910217 0.1764750033617020
f 1895/3626/1895 1882/3623/1882 2010/3624/2010
vt 0.7926319837570190 0.1764750033617020
f 1228/3624/1228 2788/3627/2788 390/3626/390
vt 0.7734950184822083 0.1764750033617020
f 2956/3628/2956 456/3625/456 196/3623/196
f 2040/3623/2040 2084/3626/2084 1780/3628/1780
vt 0.7831349968910217 0.1937700062990189
f 579/3629/579 2748/3626/2748 2618/3627/2618
vt 0.7926319837570190 0.1937700062990189
f 2386/3627/2386 276/3630/276 274/3629/274
vt 0.7734950184822083 0.1937700062990189
f 477/3631/477 2387/3628/2387 2408/3626/2408
f 2864/3626/2864 2880/3629/2880 2416/3631/2416
vt 0.7831349968910217 0.2110649943351746
f 1520/3632/1520 1384/3629/1384 1637/3630/1637
vt 0.7926319837570190 0.2110649943351746
f 1856/3630/1856 2930/3633/2930 100/3632/100
vt 0.7734950184822083 0.2110649943351746
f 1726/3634/1726 1728/3631/1728 66/3629/66
f 917/3629/917 429/3632/429 1222/3634/1222
vt 0.7831349968910217 0.2283599972724915
f 1072/3635/1072 816/3632/816 50/3633/50
vt 0.7926319837570190 0.2283599972724915
f 2505/3633/2505 1934/3636/1934 232/3635/232
vt 0.7734950184822083 0.2283599972724915
f 1920/3637/1920 1212/3634/1212 394/3632/394
f 1688/3632/1688 1082/3635/1082 2085/3637/2085
vt 0.7831349968910217 0.2456550002098083
f 457/3638/457 915/3635/915 1886/3636/1886
vt 0.7926319837570190 0.2456550002098083
f 2919/3636/2919 2832/3639/2832 2831/3638/2831
vt 0.7734950184822083 0.2456550002098083
f 2279/3640/2279 2240/3637/2240 2074/3635/2074
f 1634/3635/1634 1494/3638/1494 1496/3640/1496
vt 0.7831349968910217 0.2640079855918884
f 1572/3641/1572 1541/3638/1541 1405/3639/1405
vt 0.7926319837570190 0.2640079855918884
f 25/3639/25 3055/3642/3055 3050/3641/3050
vt 0.7734950184822083 0.2640079855918884
f 170/3643/170 2928/3640/2928 519/3638/519
f 2192/3638/2192 1188/3641/1188 1239/3643/1239
vt 0.8017470240592957 0.0116769997403026
vt 0.7922739982604980 0.0000000000000000
vt 0.8017470240592957 0.0000000000000000
f 1974/3644/1974 892/3645/892 2650/3646/2650
vt 0.8017470240592957 0.0233539994806051
vt 0.8017470240592957 0.0350309982895851
f 759/3647/759 2964/3648/2964 487/3602/487
f 1640/3602/1640 355/3601/355 1291/3647/1291
vt 0.8017470240592957 0.0467079989612103
f 181/3602/181 666/3648/666 1719/3649/1719
f 2197/3601/2197 2719/3644/2719 2696/3647/2696
vt 0.8017470240592957 0.0583840012550354
f 834/3609/834 1966/3606/1966 827/3650/827
vt 0.8017470240592957 0.0700609982013702
f 1797/3650/1797 2640/3651/2640 2289/3609/2289
f 2909/3649/2909 280/3606/280 273/3602/273
f 1652/3649/1652 881/3650/881 1675/3606/1675
f 3014/3601/3014 525/3645/525 29/3644/29
vt 0.8017470240592957 0.0817380025982857
vt 0.8017470240592957 0.0934149995446205
f 2159/3612/2159 2680/3652/2680 344/3653/344
vt 0.8017470240592957 0.1050919964909554
vt 0.8017470240592957 0.1167690008878708
f 528/3615/528 2674/3654/2674 2672/3655/2672
vt 0.8017470240592957 0.1284459978342056
f 527/3618/527 173/3655/173 2613/3656/2613
f 2866/3653/2866 2457/3654/2457 2888/3615/2888
f 727/3615/727 2610/3612/2610 626/3653/626
f 579/3612/579 536/3609/536 578/3651/578
f 2319/3651/2319 1615/3652/1615 1783/3612/1783
f 300/3615/300 2253/3655/2253 2056/3618/2056
f 595/3621/595 1437/3618/1437 1588/3656/1588
vt 0.8017470240592957 0.1401229947805405
f 1589/3656/1589 644/3657/644 1408/3621/1408
vt 0.7828009724617004 0.0000000000000000
f 1252/3658/1252 2791/3645/2791 60/3601/60
f 203/3601/203 922/3600/922 431/3658/431
vt 0.7638549804687500 0.0329700000584126
f 665/3604/665 2396/3603/2396 227/3659/227
vt 0.7638549804687500 0.0164850000292063
f 343/3659/343 1492/3660/1492 2510/3604/2510
vt 0.7733280062675476 0.0000000000000000
f 2227/3600/2227 2140/3604/2140 343/3661/343
f 30/3661/30 18/3658/18 529/3600/529
vt 0.7638549804687500 0.0000000000000000
f 878/3660/878 1652/3662/1652 1675/3661/1675
f 1048/3604/1048 180/3660/180 1569/3661/1569
vt 0.7638549804687500 0.0494549982249737
f 417/3663/417 2436/3659/2436 2482/3603/2482
f 2596/3603/2596 1114/3607/1114 777/3663/777
vt 0.7638549804687500 0.0659400001168251
f 837/3607/837 1958/3610/1958 1949/3664/1949
f 2442/3664/2442 267/3663/267 2362/3607/2362
vt 0.7638549804687500 0.0989099964499474
f 1249/3613/1249 2194/3616/2194 1120/3665/1120
vt 0.7638549804687500 0.0824249982833862
f 2388/3665/2388 2834/3666/2834 258/3613/258
vt 0.7638549804687500 0.1318800002336502
f 625/3616/625 548/3619/548 1553/3667/1553
vt 0.7638549804687500 0.1153950020670891
f 1705/3667/1705 2573/3668/2573 1263/3616/1263
f 2952/3610/2952 2764/3613/2764 130/3666/130
f 504/3666/504 200/3664/200 1004/3610/1004
f 503/3616/503 979/3668/979 2965/3665/2965
vt 0.7638549804687500 0.1483650058507919
f 1022/3619/1022 2965/3622/2965 647/3669/647
f 559/3669/559 2738/3667/2738 566/3619/566
vt 0.8017470240592957 0.1517989933490753
vt 0.8017470240592957 0.1634760051965714
f 1383/3624/1383 1530/3670/1530 1458/3671/1458
vt 0.8017470240592957 0.1751530021429062
vt 0.8017470240592957 0.1868299990892410
f 1839/3627/1839 759/3672/759 487/3673/487
vt 0.8017470240592957 0.1985069960355759
f 652/3630/652 2745/3673/2745 152/3674/152
f 1870/3671/1870 524/3672/524 1856/3627/1856
f 257/3627/257 926/3624/926 2455/3671/2455
f 1347/3624/1347 1989/3621/1989 1213/3657/1213
f 2179/3657/2179 2132/3670/2132 2689/3624/2689
f 2722/3627/2722 1658/3673/1658 2583/3630/2583
vt 0.8017470240592957 0.2101839929819107
f 2657/3674/2657 2305/3675/2305 1065/3633/1065
f 1682/3633/1682 1716/3630/1716 2641/3674/2641
vt 0.8017470240592957 0.2218610048294067
vt 0.8017470240592957 0.2335380017757416
f 2708/3636/2708 766/3676/766 340/3677/340
vt 0.8017470240592957 0.2452149987220764
vt 0.8017470240592957 0.2568910121917725
f 1628/3639/1628 366/3678/366 2521/3679/2521
vt 0.8017470240592957 0.2685680091381073
f 2200/3642/2200 1896/3679/1896 194/3680/194
f 2315/3677/2315 2664/3678/2664 2665/3639/2665
f 281/3639/281 2872/3636/2872 929/3677/929
f 366/3636/366 1287/3633/1287 2525/3675/2525
f 1098/3675/1098 304/3676/304 284/3636/284
f 422/3639/422 1127/3679/1127 410/3642/410
vt 0.8017470240592957 0.2802450060844421
vt 0.7922739982604980 0.2802450060844421
f 76/3681/76 2630/3682/2630 2333/3680/2333
f 2811/3680/2811 2774/3682/2774 1177/3642/1177
vt 0.7638549804687500 0.1648499965667725
f 1942/3622/1942 885/3625/885 810/3683/810
f 2344/3683/2344 1375/3669/1375 681/3622/681
vt 0.7638549804687500 0.1978199928998947
f 2917/3628/2917 2391/3631/2391 184/3684/184
vt 0.7638549804687500 0.1813350021839142
f 1803/3684/1803 1777/3685/1777 292/3628/292
vt 0.7638549804687500 0.2143049985170364
f 2981/3631/2981 1583/3634/1583 623/3686/623
f 529/3686/529 18/3684/18 526/3631/526
f 1398/3625/1398 2332/3628/2332 2534/3685/2534
f 1048/3685/1048 1838/3683/1838 1036/3625/1036
vt 0.7638549804687500 0.2307900041341782
f 1974/3634/1974 2650/3637/2650 1941/3687/1941
f 24/3687/24 3068/3686/3068 23/3634/23
vt 0.7638549804687500 0.2472749948501587
f 2076/3637/2076 2344/3640/2344 860/3688/860
f 2910/3688/2910 2495/3687/2495 2893/3637/2893
vt 0.7828009724617004 0.2802450060844421
f 24/3682/24 3055/3689/3055 3049/3641/3049
f 961/3641/961 387/3642/387 421/3682/421
f 1094/3643/1094 2107/3641/2107 311/3689/311
vt 0.7733280062675476 0.2802450060844421
f 295/3689/295 1514/3690/1514 1472/3643/1472
vt 0.7638549804687500 0.2637600004673004
f 557/3691/557 1541/3688/1541 1572/3640/1572
f 2288/3640/2288 2282/3643/2282 2663/3691/2663
vt 0.7638549804687500 0.2802450060844421
f 2094/3691/2094 2042/3690/2042 2039/3692/2039
f 2501/3643/2501 1881/3690/1881 2872/3691/2872
vt 0.8128529787063599 0.1072940006852150
vt 0.8128529787063599 0.0899989977478981
vt 0.8224930167198181 0.0899989977478981
f 913/3693/913 852/3694/852 1173/3695/1173
vt 0.8224930167198181 0.1072940006852150
f 975/3695/975 2031/3696/2031 1199/3693/1199
vt 0.8319900035858154 0.1245890036225319
vt 0.8224930167198181 0.1245890036225319
f 2077/3697/2077 2247/3698/2247 2082/3696/2082
vt 0.8128529787063599 0.1245890036225319
f 2527/3699/2527 453/3693/453 1507/3696/1507
f 1130/3696/1130 1254/3698/1254 2586/3699/2586
vt 0.8224930167198181 0.1418839991092682
f 2238/3700/2238 1370/3698/1370 1617/3697/1617
vt 0.8319900035858154 0.1418839991092682
f 336/3697/336 1370/3701/1370 1369/3700/1369
vt 0.8128529787063599 0.1418839991092682
f 2160/3702/2160 799/3699/799 2683/3698/2683
f 2746/3698/2746 1863/3700/1863 623/3702/623
vt 0.8224930167198181 0.1591790020465851
f 2157/3703/2157 1536/3700/1536 2154/3701/2154
vt 0.8319900035858154 0.1591790020465851
f 1442/3701/1442 1389/3704/1389 2154/3703/2154
vt 0.8128529787063599 0.1591790020465851
f 2136/3705/2136 359/3702/359 2335/3700/2335
f 318/3700/318 2039/3703/2039 320/3705/320
vt 0.8224930167198181 0.1764750033617020
f 1073/3706/1073 2110/3703/2110 2281/3704/2281
vt 0.8319900035858154 0.1764750033617020
f 1830/3704/1830 1014/3707/1014 2488/3706/2488
vt 0.8128529787063599 0.1764750033617020
f 2054/3708/2054 2272/3705/2272 2055/3703/2055
f 2069/3703/2069 2248/3706/2248 2292/3708/2292
vt 0.8224930167198181 0.1937700062990189
f 1479/3709/1479 1462/3706/1462 2137/3707/2137
vt 0.8319900035858154 0.1937700062990189
f 1349/3707/1349 1924/3710/1924 1767/3709/1767
vt 0.8128529787063599 0.1937700062990189
f 1086/3711/1086 1088/3708/1088 1778/3706/1778
f 1910/3706/1910 1913/3709/1913 388/3711/388
vt 0.8224930167198181 0.2110649943351746
f 2477/3712/2477 2830/3709/2830 2406/3710/2406
vt 0.8319900035858154 0.2110649943351746
f 2477/3710/2477 2894/3713/2894 2480/3712/2480
vt 0.8128529787063599 0.2110649943351746
f 2477/3714/2477 2846/3711/2846 2891/3709/2891
f 131/3709/131 643/3712/643 752/3714/752
vt 0.8224930167198181 0.2283599972724915
f 73/3715/73 1696/3712/1696 686/3713/686
vt 0.8319900035858154 0.2283599972724915
f 1827/3713/1827 2747/3716/2747 149/3715/149
vt 0.8128529787063599 0.2283599972724915
f 2977/3717/2977 1568/3714/1568 598/3712/598
f 1130/3712/1130 2586/3715/2586 1140/3717/1140
vt 0.8224930167198181 0.2456550002098083
f 1945/3718/1945 688/3715/688 54/3716/54
vt 0.8319900035858154 0.2456550002098083
f 1127/3716/1127 1243/3719/1243 1245/3718/1245
vt 0.8128529787063599 0.2456550002098083
f 70/3720/70 1141/3717/1141 2556/3715/2556
f 2120/3715/2120 1450/3718/1450 1495/3720/1495
vt 0.8224930167198181 0.2640079855918884
f 46/3721/46 43/3718/43 40/3719/40
vt 0.8319900035858154 0.2640079855918884
f 2795/3719/2795 191/3722/191 937/3721/937
vt 0.8128529787063599 0.2640079855918884
f 726/3723/726 2614/3720/2614 83/3718/83
f 1697/3718/1697 808/3721/808 1970/3723/1970
vt 0.8256869912147522 0.0916439965367317
f 2661/3724/2661 52/3696/52 684/3695/684
vt 0.8224380016326904 0.0852369964122772
f 2020/3725/2020 1872/3724/1872 1918/3695/1918
vt 0.8291779756546021 0.0977620035409927
f 2757/3696/2757 1544/3724/1544 1563/3726/1563
vt 0.8167039752006531 0.0715790018439293
vt 0.8032119870185852 0.0824249982833862
vt 0.8142309784889221 0.0643550008535385
f 931/3727/931 953/3728/953 1210/3729/1210
vt 0.8194410204887390 0.0785449966788292
f 906/3694/906 293/3730/293 2050/3725/2050
f 351/3695/351 2156/3694/2156 3035/3725/3035
f 1125/3727/1125 2595/3730/2595 1230/3694/1230
f 2790/3694/2790 1185/3728/1185 463/3727/463
vt 0.8329110145568848 0.1035759970545769
f 643/3696/643 1413/3726/1413 2997/3731/2997
vt 0.8411049842834473 0.1142619997262955
vt 0.8368899822235107 0.1090790033340454
f 2497/3732/2497 266/3697/266 2894/3733/2894
vt 0.8411049842834473 0.1261180043220520
f 1080/3734/1080 1790/3697/1790 2035/3732/2035
vt 0.8411049842834473 0.1379739940166473
f 2029/3734/2029 1739/3735/1739 1353/3701/1353
f 310/3701/310 2510/3697/2510 2136/3734/2136
f 2607/3696/2607 3/3731/3 3023/3697/3023
vt 0.8032119870185852 0.1318800002336502
f 3061/3693/3061 3064/3699/3064 3045/3736/3045
vt 0.8032119870185852 0.1153950020670891
f 1343/3736/1343 2027/3737/2027 1350/3693/1350
vt 0.8411049842834473 0.1498299986124039
f 2436/3701/2436 1362/3735/1362 2482/3738/2482
f 262/3733/262 1221/3697/1221 2366/3731/2366
vt 0.8032119870185852 0.0989099964499474
f 2313/3694/2313 1809/3693/1809 1706/3739/1706
f 2242/3739/2242 1368/3728/1368 285/3694/285
vt 0.8032119870185852 0.0164850000292063
vt 0.8052539825439453 0.0167870000004768
vt 0.8060179948806763 0.0250879991799593
f 833/3740/833 1658/3741/1658 1944/3742/1944
vt 0.8032119870185852 0.0329700000584126
vt 0.8070830106735229 0.0332800000905991
vt 0.8084430098533630 0.0413310006260872
f 1565/3743/1565 2987/3744/2987 507/3745/507
f 2757/3743/2757 1995/3742/1995 1544/3744/1544
vt 0.8047940135002136 0.0084119997918606
vt 0.8032119870185852 0.0000000000000000
vt 0.8046399950981140 0.0000000000000000
f 2723/3746/2723 1169/3747/1169 2191/3748/2191
f 1700/3746/1700 858/3741/858 876/3740/876
f 870/3743/870 869/3740/869 876/3742/876
f 433/3747/433 2773/3746/2773 1889/3740/1889
vt 0.8032119870185852 0.0494549982249737
f 2251/3743/2251 1470/3745/1470 2720/3749/2720
vt 0.8100919723510742 0.0492109991610050
f 1456/3745/1456 3054/3750/3054 2149/3749/2149
vt 0.8120229840278625 0.0568929985165596
f 1769/3751/1769 781/3749/781 2163/3750/2163
vt 0.8032119870185852 0.0659400001168251
f 913/3752/913 685/3751/685 852/3729/852
vt 0.8032119870185852 0.1483650058507919
f 824/3699/824 77/3702/77 872/3753/872
f 1604/3753/1604 1454/3736/1454 1452/3699/1452
f 2251/3749/2251 896/3751/896 59/3752/59
f 912/3728/912 2667/3752/2667 1735/3729/1735
f 1306/3739/1306 1736/3693/1736 1987/3737/1987
vt 0.8032119870185852 0.1648499965667725
f 2994/3702/2994 1406/3705/1406 2264/3754/2264
f 1157/3754/1157 784/3753/784 796/3702/796
vt 0.8411049842834473 0.1616860032081604
f 368/3704/368 1626/3738/1626 1393/3755/1393
vt 0.8411049842834473 0.1735419929027557
vt 0.8411049842834473 0.1853979974985123
f 2797/3707/2797 1191/3756/1191 955/3757/955
f 1726/3755/1726 66/3756/66 2336/3707/2336
f 328/3707/328 2066/3704/2066 2033/3755/2033
vt 0.8411049842834473 0.1972540020942688
f 833/3713/833 2071/3710/2071 791/3758/791
vt 0.8411049842834473 0.2091100066900253
f 2312/3758/2312 2049/3759/2049 2080/3713/2080
f 962/3757/962 1911/3710/1911 1341/3707/1341
f 2180/3757/2180 2710/3758/2710 771/3710/771
vt 0.8411049842834473 0.2209659963846207
vt 0.8411049842834473 0.2328220009803772
f 3006/3716/3006 17/3760/17 2607/3761/2607
vt 0.8411049842834473 0.2446770071983337
vt 0.8411049842834473 0.2565329968929291
f 1833/3719/1833 2933/3762/2933 2939/3763/2939
vt 0.8411049842834473 0.2683889865875244
f 1945/3722/1945 1936/3763/1936 688/3764/688
f 2603/3761/2603 3003/3762/3003 2606/3719/2606
f 97/3719/97 1166/3716/1166 1701/3761/1701
f 1247/3716/1247 1118/3713/1118 1100/3759/1100
f 162/3759/162 145/3760/145 673/3716/673
f 2883/3719/2883 2452/3763/2452 2405/3722/2405
vt 0.8411049842834473 0.2802450060844421
vt 0.8316320180892944 0.2802450060844421
f 580/3765/580 650/3766/650 2747/3764/2747
f 1472/3764/1472 1514/3766/1514 1513/3722/1513
vt 0.8032119870185852 0.1813350021839142
f 2435/3705/2435 395/3708/395 1884/3767/1884
f 1109/3767/1109 1110/3754/1110 1144/3705/1144
vt 0.8032119870185852 0.2143049985170364
f 1356/3711/1356 1739/3714/1739 1928/3768/1928
vt 0.8032119870185852 0.1978199928998947
f 2203/3768/2203 1262/3769/1262 1443/3711/1443
f 934/3708/934 1991/3711/1991 1874/3769/1874
f 2934/3769/2934 1822/3767/1822 2928/3708/2928
vt 0.8032119870185852 0.2307900041341782
f 755/3770/755 2104/3768/2104 2982/3714/2982
f 875/3714/875 1647/3717/1647 2697/3770/2697
vt 0.8221579790115356 0.2802450060844421
f 1867/3723/1867 1047/3721/1047 1849/3771/1849
vt 0.8126850128173828 0.2802450060844421
f 2600/3771/2600 1617/3772/1617 336/3723/336
f 1443/3766/1443 1262/3771/1262 1267/3721/1267
f 1330/3721/1330 1352/3722/1352 1992/3766/1992
vt 0.8032119870185852 0.2637600004673004
f 356/3720/356 2538/3723/2538 2531/3773/2531
vt 0.8032119870185852 0.2472749948501587
f 1077/3773/1077 2576/3774/2576 1280/3720/1280
f 2160/3774/2160 1170/3770/1170 1126/3717/1126
f 3015/3717/3015 3004/3720/3004 39/3774/39
vt 0.8032119870185852 0.2802450060844421
f 1543/3775/1543 2012/3773/2012 1426/3772/1426
f 1999/3723/1999 1224/3772/1224 2811/3773/2811
f 2837/3738/2837 2420/3704/2420 1999/3701/1999
vt 0.2671589851379395 0.4110159873962402
vt 0.2671589851379395 0.4001199901103973
vt 0.2740820050239563 0.4001199901103973
f 527/3776/527 2735/3777/2735 173/3778/173
vt 0.2740820050239563 0.4110159873962402
f 2100/3778/2100 840/3779/840 841/3776/841
vt 0.2533139884471893 0.4328050017356873
vt 0.2533139884471893 0.4110159873962402
f 2731/3780/2731 893/3781/893 1979/3776/1979
vt 0.2671589851379395 0.4328050017356873
f 2657/3776/2657 2304/3782/2304 2305/3780/2305
vt 0.2394690066576004 0.4328050017356873
vt 0.2394690066576004 0.4110159873962402
f 910/3783/910 1976/3784/1976 326/3781/326
f 1953/3781/1953 860/3780/860 53/3783/53
vt 0.2256239950656891 0.4328050017356873
vt 0.2256239950656891 0.4110159873962402
f 700/3785/700 881/3786/881 1652/3784/1652
f 2340/3784/2340 2068/3783/2068 1814/3785/1814
vt 0.2533139884471893 0.4545949995517731
f 3023/3787/3023 3/3780/3 3020/3782/3020
vt 0.2671589851379395 0.4545949995517731
f 3066/3782/3066 19/3788/19 3065/3787/3065
vt 0.2394690066576004 0.4545949995517731
f 1293/3789/1293 1489/3783/1489 2518/3780/2518
f 1049/3780/1049 2995/3787/2995 1001/3789/1001
vt 0.2256239950656891 0.4545949995517731
f 1214/3790/1214 965/3785/965 2794/3783/2794
f 1060/3783/1060 1812/3789/1812 2254/3790/2254
vt 0.2533139884471893 0.4763860106468201
f 1591/3791/1591 758/3787/758 1423/3788/1423
vt 0.2671589851379395 0.4763860106468201
f 3024/3788/3024 3048/3792/3048 34/3791/34
vt 0.2394690066576004 0.4763860106468201
f 2454/3793/2454 492/3789/492 1315/3787/1315
f 2371/3787/2371 476/3791/476 452/3793/452
vt 0.2256239950656891 0.4763860106468201
f 1057/3794/1057 1817/3790/1817 99/3789/99
f 950/3789/950 1327/3793/1327 1878/3794/1878
vt 0.2803190052509308 0.3960349857807159
vt 0.2760350108146667 0.3892250061035156
vt 0.2803190052509308 0.3892250061035156
f 1147/3795/1147 2225/3796/2225 2187/3797/2187
vt 0.2717519998550415 0.3892250061035156
f 950/3778/950 925/3798/925 923/3796/923
vt 0.2631840109825134 0.3892250061035156
vt 0.2674680054187775 0.3892250061035156
f 355/3777/355 1297/3799/1297 2524/3800/2524
vt 0.2588999867439270 0.3892250061035156
vt 0.2546170055866241 0.3892250061035156
f 2669/3801/2669 61/3781/61 818/3802/818
f 1070/3801/1070 2261/3799/2261 1276/3777/1276
f 2048/3800/2048 2245/3798/2245 290/3777/290
vt 0.2803190052509308 0.4028440117835999
f 2864/3803/2864 2483/3778/2483 2902/3795/2902
vt 0.2803190052509308 0.4096539914608002
f 481/3804/481 2805/3779/2805 426/3803/426
f 264/3778/264 2903/3777/2903 234/3798/234
f 2230/3782/2230 770/3776/770 1234/3779/1234
f 1642/3779/1642 373/3778/373 1634/3803/1634
f 2817/3781/2817 1760/3801/1760 1187/3777/1187
vt 0.2803190052509308 0.4164629876613617
f 1469/3779/1469 1300/3804/1300 1519/3805/1519
f 2512/3795/2512 1447/3778/1447 1283/3796/1283
f 2956/3777/2956 196/3776/196 1851/3781/1851
vt 0.2460490018129349 0.3892250061035156
vt 0.2503330111503601 0.3892250061035156
f 2804/3781/2804 920/3806/920 267/3807/267
vt 0.2417650073766708 0.3892250061035156
f 995/3784/995 2970/3808/2970 2985/3806/2985
vt 0.2331980019807816 0.3892250061035156
vt 0.2374819964170456 0.3892250061035156
f 2530/3784/2530 1235/3809/1235 1104/3810/1104
vt 0.2246309965848923 0.3892250061035156
vt 0.2289139926433563 0.3892250061035156
f 2120/3786/2120 1495/3811/1495 1372/3812/1372
f 498/3812/498 2950/3809/2950 135/3786/135
f 905/3810/905 880/3808/880 2638/3784/2638
f 2910/3784/2910 2020/3786/2020 1737/3809/1737
vt 0.2203470021486282 0.3892250061035156
f 163/3811/163 1563/3786/1563 2758/3813/2758
vt 0.2160629928112030 0.3892250061035156
f 1220/3786/1220 413/3814/413 1911/3813/1911
vt 0.2139209955930710 0.3892250061035156
vt 0.2117789983749390 0.4164650142192841
vt 0.2117789983749390 0.3892250061035156
f 754/3815/754 2946/3816/2946 1407/3817/1407
f 2161/3816/2161 1367/3815/1367 768/3814/768
f 852/3786/852 2184/3816/2184 1173/3814/1173
f 1815/3781/1815 520/3784/520 2962/3806/2962
f 2728/3781/2728 1689/3807/1689 1971/3802/1971
vt 0.2803190052509308 0.4437020123004913
f 2691/3788/2691 2585/3782/2585 2699/3818/2699
vt 0.2803190052509308 0.4368920028209686
f 216/3782/216 2440/3819/2440 2383/3818/2383
vt 0.2803190052509308 0.4232729971408844
f 1931/3779/1931 1875/3820/1875 1543/3782/1543
vt 0.2803190052509308 0.4300830066204071
f 2949/3820/2949 667/3821/667 1041/3782/1041
f 89/3819/89 1961/3782/1961 1665/3821/1665
vt 0.2803190052509308 0.4505110085010529
f 1039/3822/1039 2935/3788/2935 2347/3818/2347
vt 0.2803190052509308 0.4913690090179443
vt 0.2803190052509308 0.4845589995384216
f 503/3823/503 1022/3792/1022 2945/3824/2945
vt 0.2803190052509308 0.4777489900588989
f 653/3824/653 1315/3792/1315 492/3825/492
vt 0.2803190052509308 0.4573209881782532
f 427/3826/427 965/3788/965 175/3822/175
vt 0.2803190052509308 0.4641300141811371
vt 0.2803190052509308 0.4709399938583374
f 1503/3792/1503 2550/3827/2550 2507/3828/2507
f 2990/3825/2990 2253/3792/2253 991/3828/991
f 1868/3827/1868 2341/3788/2341 636/3826/636
vt 0.2803190052509308 0.4981780052185059
vt 0.2631840109825134 0.4981780052185059
f 986/3829/986 166/3830/166 641/3823/641
f 2933/3785/2933 107/3816/107 1822/3786/1822
f 432/3827/432 1890/3792/1890 1873/3788/1873
vt 0.2117789983749390 0.4437020123004913
f 2259/3831/2259 2080/3816/2080 2049/3785/2049
vt 0.2117789983749390 0.4709309935569763
f 2312/3832/2312 2080/3831/2080 2268/3790/2268
f 1154/3790/1154 1713/3794/1713 2575/3832/2575
f 593/3831/593 1435/3785/1435 2760/3790/2760
vt 0.2460490018129349 0.4981780052185059
f 2085/3830/2085 2337/3833/2337 2239/3791/2239
f 2031/3791/2031 2790/3792/2790 2411/3830/2411
f 1323/3793/1323 2772/3791/2772 958/3833/958
f 47/3794/47 3046/3793/3046 22/3833/22
vt 0.2289139926433563 0.4981780052185059
f 2731/3833/2731 2685/3834/2685 794/3794/794
vt 0.2117789983749390 0.4981780052185059
f 1513/3794/1513 1514/3834/1514 2533/3835/2533
f 2660/3832/2660 746/3794/746 293/3835/293
f 716/3830/716 537/3792/537 633/3823/633
f 153/3779/153 46/3805/46 12/3820/12
vt 0.0560780018568039 0.0182879995554686
vt 0.0623090006411076 0.0182879995554686
vt 0.0623090006411076 0.0091439997777343
f 860/3836/860 681/3837/681 53/3838/53
vt 0.0560780018568039 0.0091439997777343
f 904/3838/904 1248/3839/1248 2266/3836/2266
vt 0.0498469993472099 0.0182879995554686
f 1391/3840/1391 1361/3836/1361 793/3839/793
vt 0.0498469993472099 0.0091439997777343
f 1224/3839/1224 2774/3841/2774 2811/3840/2811
vt 0.0436160005629063 0.0182879995554686
f 716/3842/716 2581/3840/2581 2110/3841/2110
vt 0.0436160005629063 0.0091439997777343
f 1558/3841/1558 814/3843/814 813/3842/813
vt 0.0373850017786026 0.0182879995554686
f 663/3844/663 160/3842/160 628/3843/628
vt 0.0373850017786026 0.0091439997777343
f 634/3843/634 1050/3845/1050 628/3844/628
vt 0.0311539992690086 0.0182879995554686
f 2489/3846/2489 2479/3844/2479 214/3845/214
vt 0.0311539992690086 0.0091439997777343
f 2273/3845/2273 2085/3847/2085 2239/3846/2239
vt 0.0251880008727312 0.0182879995554686
f 210/3848/210 1178/3846/1178 1925/3847/1925
vt 0.0251880008727312 0.0091439997777343
f 635/3847/635 168/3849/168 648/3848/648
vt 0.0186930000782013 0.0182879995554686
f 2436/3850/2436 1451/3848/1451 1362/3849/1362
vt 0.0186930000782013 0.0091439997777343
f 2597/3849/2597 2706/3851/2706 1119/3850/1119
vt 0.0124620003625751 0.0182879995554686
f 1152/3852/1152 2591/3850/2591 1241/3851/1241
vt 0.0124620003625751 0.0091439997777343
f 2207/3851/2207 1935/3853/1935 2195/3852/2195
vt 0.0062310001812875 0.0182879995554686
f 369/3854/369 349/3852/349 1112/3853/1112
vt 0.0062310001812875 0.0091439997777343
f 2569/3853/2569 1158/3855/1158 2557/3854/2557
vt 0.0560780018568039 0.0274320002645254
vt 0.0623090006411076 0.0274320002645254
f 1005/3856/1005 987/3857/987 1418/3837/1418
f 338/3837/338 2209/3836/2209 2166/3856/2166
vt 0.0498469993472099 0.0274320002645254
f 2504/3858/2504 2867/3856/2867 282/3836/282
f 1945/3836/1945 54/3840/54 1944/3858/1944
vt 0.0436160005629063 0.0274320002645254
f 851/3859/851 843/3858/843 1936/3840/1936
f 1142/3840/1142 1145/3842/1145 1122/3859/1122
vt 0.0373850017786026 0.0274320002645254
f 2193/3860/2193 798/3859/798 1145/3842/1145
f 964/3842/964 1912/3844/1912 1921/3860/1921
vt 0.0311539992690086 0.0274320002645254
f 2173/3861/2173 2679/3860/2679 2235/3844/2235
f 1769/3844/1769 2163/3846/2163 2690/3861/2690
vt 0.0251880008727312 0.0274320002645254
f 2910/3862/2910 1737/3861/1737 2823/3846/2823
f 2839/3846/2839 522/3848/522 982/3862/982
vt 0.0186930000782013 0.0274320002645254
f 993/3863/993 299/3862/299 1938/3848/1938
f 509/3848/509 1000/3850/1000 2987/3863/2987
vt 0.0124620003625751 0.0274320002645254
f 1454/3864/1454 2511/3863/2511 1453/3850/1453
f 1812/3850/1812 1019/3852/1019 1093/3864/1093
vt 0.0062310001812875 0.0274320002645254
f 953/3865/953 414/3864/414 1210/3852/1210
f 2020/3852/2020 1346/3854/1346 953/3865/953
vt 0.0560780018568039 0.0365759991109371
vt 0.0623090006411076 0.0365759991109371
f 2138/3866/2138 1517/3867/1517 3029/3857/3029
f 1350/3857/1350 1928/3856/1928 967/3866/967
vt 0.0498469993472099 0.0365759991109371
f 1041/3868/1041 2959/3866/2959 2766/3856/2766
f 275/3856/275 223/3858/223 1864/3868/1864
vt 0.0436160005629063 0.0365759991109371
f 2981/3869/2981 623/3868/623 1863/3858/1863
f 721/3858/721 1102/3859/1102 715/3869/715
vt 0.0373850017786026 0.0365759991109371
f 2545/3870/2545 2576/3869/2576 1240/3859/1240
f 958/3859/958 2772/3860/2772 1176/3870/1176
vt 0.0311539992690086 0.0365759991109371
f 950/3871/950 923/3870/923 1206/3860/1206
f 2932/3860/2932 2862/3861/2862 102/3871/102
vt 0.0251880008727312 0.0365759991109371
f 866/3872/866 2079/3871/2079 64/3861/64
f 140/3861/140 730/3862/730 2285/3872/2285
vt 0.0186930000782013 0.0365759991109371
f 2901/3873/2901 1900/3872/1900 2009/3862/2009
f 1243/3862/1243 2221/3863/2221 1245/3873/1245
vt 0.0124620003625751 0.0365759991109371
f 755/3874/755 624/3873/624 485/3863/485
f 1957/3863/1957 902/3864/902 1677/3874/1677
vt 0.0062310001812875 0.0365759991109371
f 675/3875/675 564/3874/564 605/3864/605
f 2814/3864/2814 401/3865/401 1894/3875/1894
vt 0.0560780018568039 0.0457209981977940
vt 0.0623090006411076 0.0457209981977940
f 522/3876/522 2895/3877/2895 2822/3867/2822
f 745/3867/745 1837/3866/1837 1015/3876/1015
vt 0.0498469993472099 0.0457209981977940
f 2538/3878/2538 1462/3876/1462 1606/3866/1606
f 1572/3866/1572 1405/3868/1405 514/3878/514
vt 0.0436160005629063 0.0457209981977940
f 486/3879/486 1816/3878/1816 102/3868/102
f 2000/3868/2000 1769/3869/1769 2690/3879/2690
vt 0.0373850017786026 0.0457209981977940
f 495/3880/495 2450/3879/2450 1882/3869/1882
f 1266/3869/1266 2533/3870/2533 2558/3880/2558
vt 0.0311539992690086 0.0457209981977940
f 1932/3881/1932 1310/3880/1310 1933/3870/1933
f 2395/3870/2395 2420/3871/2420 278/3881/278
vt 0.0251880008727312 0.0457209981977940
f 2421/3882/2421 2354/3881/2354 1761/3871/1761
f 2317/3871/2317 2097/3872/2097 2314/3882/2314
vt 0.0186930000782013 0.0457209981977940
f 473/3883/473 471/3882/471 2377/3872/2377
f 2183/3872/2183 1259/3873/1259 2716/3883/2716
vt 0.0124620003625751 0.0457209981977940
f 261/3884/261 734/3883/734 230/3873/230
f 1583/3873/1583 519/3874/519 1556/3884/1556
vt 0.0062310001812875 0.0457209981977940
f 2230/3885/2230 855/3884/855 2167/3874/2167
f 582/3874/582 874/3875/874 543/3885/543
vt 0.0560780018568039 0.0548649989068508
vt 0.0623090006411076 0.0548649989068508
f 3037/3886/3037 10/3887/10 3054/3877/3054
f 1853/3877/1853 2967/3876/2967 497/3886/497
vt 0.0498469993472099 0.0548649989068508
f 696/3888/696 1076/3886/1076 2635/3876/2635
f 771/3876/771 1171/3878/1171 2681/3888/2681
vt 0.0436160005629063 0.0548649989068508
f 2746/3889/2746 199/3888/199 1863/3878/1863
f 2496/3878/2496 1331/3879/1331 1900/3889/1900
vt 0.0373850017786026 0.0548649989068508
f 2223/3890/2223 2208/3889/2208 764/3879/764
f 1170/3879/1170 1171/3880/1171 1126/3890/1126
vt 0.0311539992690086 0.0548649989068508
f 2291/3891/2291 1268/3890/1268 341/3880/341
f 1592/3880/1592 561/3881/561 1569/3891/1569
vt 0.0251880008727312 0.0548649989068508
f 2388/3892/2388 112/3891/112 1018/3881/1018
f 1832/3881/1832 1046/3882/1046 103/3892/103
vt 0.0186930000782013 0.0548649989068508
f 2143/3893/2143 2345/3892/2345 905/3882/905
f 239/3882/239 2350/3883/2350 2439/3893/2439
vt 0.0124620003625751 0.0548649989068508
f 2758/3894/2758 999/3893/999 1000/3883/1000
f 553/3883/553 619/3884/619 576/3894/576
vt 0.0062310001812875 0.0548649989068508
f 163/3895/163 2758/3894/2758 121/3884/121
f 1050/3884/1050 748/3885/748 762/3895/762
vt 0.0560780018568039 0.0640090033411980
vt 0.0623090006411076 0.0640090033411980
f 434/3896/434 1221/3897/1221 1345/3887/1345
f 1869/3887/1869 518/3886/518 2971/3896/2971
vt 0.0498469993472099 0.0640090033411980
f 1194/3898/1194 2938/3896/2938 1650/3886/1650
f 900/3886/900 895/3888/895 1696/3898/1696
vt 0.0436160005629063 0.0640090033411980
f 2983/3899/2983 2464/3898/2464 2834/3888/2834
f 2000/3888/2000 1926/3889/1926 1314/3899/1314
vt 0.0373850017786026 0.0640090033411980
f 2368/3900/2368 112/3899/112 2388/3889/2388
f 2560/3889/2560 2615/3890/2615 894/3900/894
vt 0.0311539992690086 0.0640090033411980
f 2565/3901/2565 402/3900/402 403/3890/403
f 156/3890/156 1559/3891/1559 1432/3901/1432
vt 0.0251880008727312 0.0640090033411980
f 2649/3902/2649 889/3901/889 815/3891/815
f 2220/3891/2220 2217/3892/2217 1249/3902/1249
vt 0.0186930000782013 0.0640090033411980
f 153/3903/153 619/3902/619 46/3892/46
f 63/3892/63 314/3893/314 1790/3903/1790
vt 0.0124620003625751 0.0640090033411980
f 2810/3904/2810 431/3903/431 1353/3893/1353
f 2053/3893/2053 1677/3894/1677 1788/3904/1788
vt 0.0062310001812875 0.0640090033411980
f 2584/3905/2584 1161/3904/1161 1261/3894/1261
f 1868/3894/1868 1858/3895/1858 133/3905/133
vt 0.0560780018568039 0.0731529965996742
vt 0.0623090006411076 0.0731529965996742
f 807/3906/807 2078/3907/2078 1096/3897/1096
f 1321/3897/1321 1759/3896/1759 1751/3906/1751
vt 0.0498469993472099 0.0731529965996742
f 2921/3908/2921 3019/3906/3019 1/3896/1
f 369/3896/369 1112/3898/1112 1524/3908/1524
vt 0.0436160005629063 0.0731529965996742
f 2400/3909/2400 2828/3908/2828 1754/3898/1754
f 210/3898/210 460/3899/460 1178/3909/1178
vt 0.0373850017786026 0.0731529965996742
f 2980/3910/2980 2896/3909/2896 201/3899/201
f 891/3899/891 831/3900/831 299/3910/299
vt 0.0311539992690086 0.0731529965996742
f 1909/3911/1909 415/3910/415 1340/3900/1340
f 1244/3900/1244 850/3901/850 2560/3911/2560
vt 0.0251880008727312 0.0731529965996742
f 1459/3912/1459 1501/3911/1501 1463/3901/1463
f 794/3901/794 2685/3902/2685 2190/3912/2190
vt 0.0186930000782013 0.0731529965996742
f 1391/3913/1391 1518/3912/1518 1361/3902/1361
f 2840/3902/2840 2466/3903/2466 2362/3913/2362
vt 0.0124620003625751 0.0731529965996742
f 2721/3914/2721 865/3913/865 2722/3903/2722
f 2881/3903/2881 2360/3904/2360 208/3914/208
vt 0.0062310001812875 0.0731529965996742
f 1306/3915/1306 1987/3914/1987 1754/3904/1754
f 778/3904/778 2165/3905/2165 2683/3915/2683
vt 0.0560780018568039 0.0822969973087311
vt 0.0623090006411076 0.0822969973087311
f 575/3916/575 599/3917/599 174/3907/174
f 757/3907/757 733/3906/733 517/3916/517
vt 0.0498469993472099 0.0822969973087311
f 1726/3918/1726 705/3916/705 1728/3906/1728
f 3038/3906/3038 2677/3908/2677 2674/3918/2674
vt 0.0436160005629063 0.0822969973087311
f 936/3919/936 1752/3918/1752 1319/3908/1319
f 898/3908/898 723/3909/723 87/3919/87
vt 0.0373850017786026 0.0822969973087311
f 465/3920/465 2861/3919/2861 182/3909/182
f 1948/3909/1948 1947/3910/1947 826/3920/826
vt 0.0311539992690086 0.0822969973087311
f 419/3921/419 185/3920/185 971/3910/971
f 183/3910/183 2350/3911/2350 2351/3921/2351
vt 0.0251880008727312 0.0822969973087311
f 1091/3922/1091 2340/3921/2340 1019/3911/1019
f 1888/3911/1888 2760/3912/2760 574/3922/574
vt 0.0186930000782013 0.0822969973087311
f 376/3923/376 1099/3922/1099 2208/3912/2208
f 2181/3912/2181 2189/3913/2189 2717/3923/2717
vt 0.0124620003625751 0.0822969973087311
f 642/3924/642 2733/3923/2733 645/3913/645
f 3017/3913/3017 3046/3914/3046 12/3924/12
vt 0.0062310001812875 0.0822969973087311
f 2442/3925/2442 2410/3924/2410 2904/3914/2904
f 282/3914/282 260/3915/260 225/3925/225
vt 0.0560780018568039 0.0914409980177879
vt 0.0623090006411076 0.0914409980177879
f 634/3926/634 628/3927/628 160/3917/160
f 2643/3917/2643 1733/3916/1733 74/3926/74
vt 0.0498469993472099 0.0914409980177879
f 1164/3928/1164 2165/3926/2165 1101/3916/1101
f 71/3916/71 842/3918/842 874/3928/874
vt 0.0436160005629063 0.0914409980177879
f 149/3929/149 1435/3928/1435 593/3918/593
f 1921/3918/1921 1308/3919/1308 1993/3929/1993
vt 0.0373850017786026 0.0914409980177879
f 113/3930/113 1821/3929/1821 1025/3919/1025
f 113/3919/113 1025/3920/1025 1821/3930/1821
vt 0.0311539992690086 0.0914409980177879
f 819/3931/819 903/3930/903 1976/3920/1976
f 166/3920/166 143/3921/143 641/3931/641
vt 0.0251880008727312 0.0914409980177879
f 2453/3932/2453 467/3931/467 458/3921/458
f 669/3921/669 2967/3922/2967 2732/3932/2732
vt 0.0186930000782013 0.0914409980177879
f 1266/3933/1266 1513/3932/1513 2533/3922/2533
f 1974/3922/1974 1941/3923/1941 1984/3933/1984
vt 0.0124620003625751 0.0914409980177879
f 2920/3934/2920 216/3933/216 256/3923/256
f 318/3923/318 2066/3924/2066 2039/3934/2039
vt 0.0062310001812875 0.0914409980177879
f 743/3935/743 500/3934/500 1838/3924/1838
f 2990/3924/2990 991/3925/991 1838/3935/1838
vt 0.0560780018568039 0.1005849987268448
vt 0.0623090006411076 0.1005849987268448
f 425/3936/425 2805/3937/2805 1218/3927/1218
f 2979/3927/2979 2892/3926/2892 502/3936/502
vt 0.0498469993472099 0.1005849987268448
f 202/3938/202 2484/3936/2484 437/3926/437
f 717/3926/717 2627/3928/2627 718/3938/718
vt 0.0436160005629063 0.1005849987268448
f 84/3939/84 1801/3938/1801 1714/3928/1714
f 1247/3928/1247 1100/3929/1100 1142/3939/1142
vt 0.0373850017786026 0.1005849987268448
f 1520/3940/1520 1296/3939/1296 1521/3929/1521
f 24/3929/24 2677/3930/2677 3055/3940/3055
vt 0.0311539992690086 0.1005849987268448
f 1275/3941/1275 1376/3940/1376 2125/3930/2125
f 2767/3930/2767 642/3931/642 645/3941/645
vt 0.0251880008727312 0.1005849987268448
f 3028/3942/3028 8/3941/8 3031/3931/3031
f 859/3931/859 1956/3932/1956 1651/3942/1651
vt 0.0186930000782013 0.1005849987268448
f 1339/3943/1339 1308/3942/1308 1912/3932/1912
f 565/3932/565 592/3933/592 631/3943/631
vt 0.0124620003625751 0.1005849987268448
f 418/3944/418 2749/3943/2749 1197/3933/1197
f 3059/3933/3059 3037/3934/3037 3031/3944/3031
vt 0.0062310001812875 0.1005849987268448
f 638/3945/638 1586/3944/1586 1969/3934/1969
f 846/3934/846 2647/3935/2647 1734/3945/1734
vt 0.0560780018568039 0.1097289994359016
vt 0.0623090006411076 0.1097289994359016
f 1029/3946/1029 147/3947/147 1026/3937/1026
f 97/3937/97 1095/3936/1095 1805/3946/1805
vt 0.0498469993472099 0.1097289994359016
f 3058/3948/3058 3031/3946/3031 3032/3936/3032
f 1520/3936/1520 1284/3938/1284 1633/3948/1633
vt 0.0436160005629063 0.1097289994359016
f 1986/3949/1986 2050/3948/2050 2260/3938/2260
f 1683/3938/1683 2624/3939/2624 868/3949/868
vt 0.0373850017786026 0.1097289994359016
f 2053/3950/2053 2079/3949/2079 1066/3939/1066
f 2315/3939/2315 1086/3940/1086 122/3950/122
vt 0.0311539992690086 0.1097289994359016
f 2813/3951/2813 948/3950/948 1901/3940/1901
f 3014/3940/3014 3007/3941/3007 3042/3951/3042
vt 0.0251880008727312 0.1097289994359016
f 904/3952/904 708/3951/708 2718/3941/2718
f 1870/3941/1870 1862/3942/1862 524/3952/524
vt 0.0186930000782013 0.1097289994359016
f 1381/3953/1381 1280/3952/1280 1128/3942/1128
f 1250/3942/1250 2680/3943/2680 2223/3953/2223
vt 0.0124620003625751 0.1097289994359016
f 1661/3954/1661 1690/3953/1690 817/3943/817
f 2020/3943/2020 1313/3944/1313 2437/3954/2437
vt 0.0062310001812875 0.1097289994359016
f 265/3955/265 2367/3954/2367 204/3944/204
f 486/3944/486 102/3945/102 2870/3955/2870
vt 0.0560780018568039 0.1188730001449585
vt 0.0623090006411076 0.1188730001449585
f 2721/3956/2721 2261/3957/2261 2037/3947/2037
f 666/3947/666 570/3946/570 632/3956/632
vt 0.0498469993472099 0.1188730001449585
f 3048/3958/3048 1860/3956/1860 1045/3946/1045
f 397/3946/397 960/3948/960 213/3958/213
vt 0.0436160005629063 0.1188730001449585
f 2097/3959/2097 2263/3958/2263 1078/3948/1078
f 3034/3948/3034 3029/3949/3029 1517/3959/1517
vt 0.0373850017786026 0.1188730001449585
f 2159/3960/2159 1404/3959/1404 1622/3949/1622
f 2955/3949/2955 593/3950/593 751/3960/751
vt 0.0311539992690086 0.1188730001449585
f 1215/3961/1215 1176/3960/1176 920/3950/920
f 1123/3950/1123 1253/3951/1253 1137/3961/1137
vt 0.0251880008727312 0.1188730001449585
f 214/3962/214 2876/3961/2876 236/3951/236
f 1678/3951/1678 1649/3952/1649 2615/3962/2615
vt 0.0186930000782013 0.1188730001449585
f 2193/3963/2193 1145/3962/1145 2569/3952/2569
f 261/3952/261 230/3953/230 2929/3963/2929
vt 0.0124620003625751 0.1188730001449585
f 1074/3964/1074 2299/3963/2299 1706/3953/1706
f 524/3953/524 489/3954/489 2992/3964/2992
vt 0.0062310001812875 0.1188730001449585
f 282/3965/282 2848/3964/2848 413/3954/413
f 34/3954/34 37/3955/37 3043/3965/3043
vt 0.0560780018568039 0.1280180066823959
vt 0.0623090006411076 0.1280180066823959
f 2493/3966/2493 441/3967/441 2494/3957/2494
f 679/3957/679 2471/3956/2471 738/3966/738
vt 0.0498469993472099 0.1280180066823959
f 1840/3968/1840 1087/3966/1087 124/3956/124
f 1144/3956/1144 2174/3958/2174 774/3968/774
vt 0.0436160005629063 0.1280180066823959
f 1748/3969/1748 2869/3968/2869 2403/3958/2403
f 2730/3958/2730 1101/3959/1101 2561/3969/2561
vt 0.0373850017786026 0.1280180066823959
f 2605/3970/2605 3066/3969/3066 3065/3959/3065
f 1996/3959/1996 2005/3960/2005 1916/3970/1916
vt 0.0311539992690086 0.1280180066823959
f 674/3971/674 1546/3970/1546 541/3960/541
f 1269/3960/1269 1484/3961/1484 1446/3971/1446
vt 0.0251880008727312 0.1280180066823959
f 1898/3972/1898 800/3971/800 856/3961/856
f 2200/3961/2200 785/3962/785 1896/3972/1896
vt 0.0186930000782013 0.1280180066823959
f 1797/3973/1797 2289/3972/2289 2334/3962/2334
f 1007/3962/1007 1545/3963/1545 1003/3973/1003
vt 0.0124620003625751 0.1280180066823959
f 427/3974/427 2787/3973/2787 2794/3963/2794
f 2669/3963/2669 818/3964/818 64/3974/64
vt 0.0062310001812875 0.1280180066823959
f 1786/3975/1786 2331/3974/2331 1095/3964/1095
f 31/3964/31 15/3965/15 26/3975/26
vt 0.0560780018568039 0.1371619999408722
vt 0.0623090006411076 0.1371619999408722
f 1804/3976/1804 1799/3977/1799 2322/3967/2322
f 2257/3967/2257 1977/3966/1977 291/3976/291
vt 0.0498469993472099 0.1371619999408722
f 361/3978/361 1615/3976/1615 1386/3966/1386
f 1398/3966/1398 286/3968/286 2332/3978/2332
vt 0.0436160005629063 0.1371619999408722
f 2125/3979/2125 2139/3978/2139 1395/3968/1395
f 2042/3968/2042 2338/3969/2338 2062/3979/2062
vt 0.0373850017786026 0.1371619999408722
f 2998/3980/2998 509/3979/509 120/3969/120
f 1775/3969/1775 2034/3970/2034 2338/3980/2338
vt 0.0311539992690086 0.1371619999408722
f 867/3981/867 1660/3980/1660 810/3970/810
f 1869/3970/1869 101/3971/101 756/3981/756
vt 0.0251880008727312 0.1371619999408722
f 2806/3982/2806 202/3981/202 437/3971/437
f 1125/3971/1125 1121/3972/1121 1535/3982/1535
vt 0.0186930000782013 0.1371619999408722
f 836/3983/836 840/3982/840 321/3972/321
f 581/3972/581 663/3973/663 1433/3983/1433
vt 0.0124620003625751 0.1371619999408722
f 2504/3984/2504 2461/3983/2461 197/3973/197
f 1109/3973/1109 2214/3974/2214 1239/3984/1239
vt 0.0062310001812875 0.1371619999408722
f 2814/3985/2814 2783/3984/2783 401/3974/401
f 2504/3974/2504 2878/3975/2878 2867/3985/2867
vt 0.0031149999704212 0.1417340040206909
vt 0.0062310001812875 0.1417340040206909
f 2839/3986/2839 982/3987/982 110/3985/110
vt 0.0031149999704212 0.1371619999408722
f 1625/3985/1625 1364/3988/1364 1635/3986/1635
# 5979 faces, 3988 coords texture

# End of File
